1761955200000000,0.00965000,0.00967000,0.00962000,0.00967000,767445.80000000,1761958799999999,7399.66635400,67,269749.00000000,2600.90608500,0
1761958800000000,0.00969000,0.00972000,0.00968000,0.00969000,1300264.10000000,1761962399999999,12601.53795100,116,242540.40000000,2351.42049400,0
1761962400000000,0.00968000,0.00972000,0.00963000,0.00972000,930072.90000000,1761965999999999,8987.13644600,70,408190.50000000,3939.09534200,0
1761966000000000,0.00972000,0.00974000,0.00970000,0.00973000,561880.60000000,1761969599999999,5455.44231700,85,383181.60000000,3720.44823300,0
1761969600000000,0.00972000,0.00972000,0.00968000,0.00969000,154265.90000000,1761973199999999,1495.90685400,29,30462.40000000,295.40451200,0
1761973200000000,0.00970000,0.00970000,0.00966000,0.00966000,305478.50000000,1761976799999999,2955.49030600,52,122276.50000000,1182.94156400,0
1761976800000000,0.00966000,0.00970000,0.00965000,0.00970000,206449.50000000,1761980399999999,1996.18835500,50,108158.60000000,1045.48399000,0
1761980400000000,0.00970000,0.00979000,0.00969000,0.00978000,1691567.10000000,1761983999999999,16484.45328900,112,971452.30000000,9466.28571300,0
1761984000000000,0.00978000,0.00988000,0.00978000,0.00987000,3066729.60000000,1761987599999999,30132.09036400,204,2021012.80000000,19856.69227300,0
1761987600000000,0.00988000,0.00990000,0.00983000,0.00984000,551485.50000000,1761991199999999,5434.93262800,63,87348.30000000,861.56664800,0
1761991200000000,0.00985000,0.00991000,0.00982000,0.00990000,1712026.50000000,1761994799999999,16897.40556200,124,618932.30000000,6110.29307000,0
1761994800000000,0.00992000,0.00994000,0.00987000,0.00991000,1051201.90000000,1761998399999999,10414.07166300,151,360826.20000000,3574.86054500,0
1761998400000000,0.00990000,0.00995000,0.00990000,0.00994000,1070005.70000000,1762001999999999,10619.41140600,109,621633.70000000,6170.69169000,0
1762002000000000,0.00994000,0.00995000,0.00985000,0.00991000,1461137.10000000,1762005599999999,14500.36431700,151,750574.00000000,7446.78057800,0
1762005600000000,0.00991000,0.00993000,0.00981000,0.00990000,2419065.20000000,1762009199999999,23879.28183600,231,1283295.80000000,12670.97600900,0
1762009200000000,0.00990000,0.00999000,0.00990000,0.00998000,3713604.30000000,1762012799999999,36945.31033600,243,1565048.60000000,15574.88840800,0
1762012800000000,0.00997000,0.01002000,0.00995000,0.01000000,1133818.00000000,1762016399999999,11323.17760300,179,470583.90000000,4695.17330400,0
1762016400000000,0.01000000,0.01006000,0.00999000,0.01006000,1930824.50000000,1762019999999999,19366.63397200,131,1049177.00000000,10533.67939800,0
1762020000000000,0.01006000,0.01008000,0.01004000,0.01006000,1524314.00000000,1762023599999999,15327.78172200,123,1141582.40000000,11479.58814700,0
1762023600000000,0.01005000,0.01005000,0.00999000,0.01004000,1447327.90000000,1762027199999999,14499.20340100,120,438309.60000000,4392.60555700,0
1762027200000000,0.01005000,0.01017000,0.01003000,0.01009000,4095188.20000000,1762030799999999,41415.06377500,253,2753718.30000000,27865.84293300,0
1762030800000000,0.01010000,0.01013000,0.01001000,0.01001000,819613.10000000,1762034399999999,8256.87265500,93,138300.10000000,1394.96129100,0
1762034400000000,0.01002000,0.01006000,0.01000000,0.01002000,2042097.30000000,1762037999999999,20464.77288200,242,1246459.30000000,12492.43740500,0
1762038000000000,0.01003000,0.01005000,0.01002000,0.01004000,454296.70000000,1762041599999999,4557.86974300,74,398752.30000000,4000.80088200,0
1762041600000000,0.01002000,0.01002000,0.00997000,0.00997000,703918.40000000,1762045199999999,7033.83875500,94,245913.80000000,2458.51195800,0
1762045200000000,0.00998000,0.01001000,0.00993000,0.00993000,861258.10000000,1762048799999999,8585.21748200,86,347624.20000000,3469.32570700,0
1762048800000000,0.00992000,0.00998000,0.00991000,0.00996000,415439.40000000,1762052399999999,4128.22153900,46,228761.70000000,2273.97938700,0
1762052400000000,0.00994000,0.00995000,0.00991000,0.00994000,616525.20000000,1762055999999999,6122.11714500,71,317182.90000000,3151.50645700,0
1762056000000000,0.00995000,0.01004000,0.00992000,0.01003000,643244.50000000,1762059599999999,6420.75909200,99,441883.50000000,4412.21505600,0
1762059600000000,0.01003000,0.01004000,0.00997000,0.01003000,414201.00000000,1762063199999999,4144.21083500,102,225023.50000000,2251.78521800,0
1762063200000000,0.01003000,0.01010000,0.01002000,0.01010000,1494021.60000000,1762066799999999,15049.24360600,140,566152.20000000,5705.95351200,0
1762066800000000,0.01012000,0.01012000,0.01008000,0.01011000,635869.00000000,1762070399999999,6424.23017100,116,269904.40000000,2728.49578000,0
1762070400000000,0.01010000,0.01010000,0.01000000,0.01002000,630170.30000000,1762073999999999,6334.32557900,77,343445.90000000,3454.02173600,0
1762074000000000,0.01003000,0.01006000,0.00996000,0.00998000,862604.90000000,1762077599999999,8632.39528000,68,271108.80000000,2720.58279900,0
1762077600000000,0.00998000,0.00998000,0.00986000,0.00991000,1515554.80000000,1762081199999999,15038.38165300,153,488859.10000000,4856.60895200,0
1762081200000000,0.00991000,0.01006000,0.00991000,0.01006000,2053762.40000000,1762084799999999,20556.60516000,185,1601485.90000000,16038.34767700,0
1762084800000000,0.01004000,0.01005000,0.00998000,0.00998000,333944.80000000,1762088399999999,3341.96961000,53,68844.80000000,688.73883400,0
1762088400000000,0.00998000,0.00998000,0.00989000,0.00994000,694659.40000000,1762091999999999,6897.73571800,105,187443.30000000,1862.18067700,0
1762092000000000,0.00994000,0.00995000,0.00976000,0.00982000,2852672.50000000,1762095599999999,28057.57393400,242,1307248.70000000,12884.94748500,0
1762095600000000,0.00980000,0.00985000,0.00970000,0.00978000,3691690.80000000,1762099199999999,36046.39462500,193,1090774.80000000,10672.48141900,0
1762099200000000,0.00976000,0.00976000,0.00966000,0.00975000,1258891.70000000,1762102799999999,12237.23812300,101,647197.00000000,6298.03757000,0
1762102800000000,0.00976000,0.00976000,0.00971000,0.00973000,1137154.30000000,1762106399999999,11065.07077900,80,289760.20000000,2824.64186500,0
1762106400000000,0.00974000,0.00974000,0.00969000,0.00969000,1056928.00000000,1762109999999999,10277.21329800,132,582510.10000000,5668.73383600,0
1762110000000000,0.00971000,0.00971000,0.00960000,0.00969000,1768070.60000000,1762113599999999,17050.57040300,196,789892.10000000,7620.45033900,0
1762113600000000,0.00968000,0.00972000,0.00965000,0.00971000,1176701.80000000,1762117199999999,11395.66059200,57,626205.40000000,6062.54445800,0
1762117200000000,0.00972000,0.00975000,0.00971000,0.00971000,2281091.20000000,1762120799999999,22183.08192900,174,531444.50000000,5168.22315100,0
1762120800000000,0.00970000,0.00974000,0.00966000,0.00971000,2116833.70000000,1762124399999999,20525.73924400,110,1104890.10000000,10715.11650900,0
1762124400000000,0.00972000,0.00993000,0.00972000,0.00987000,2944862.80000000,1762127999999999,29003.02730100,204,1301297.50000000,12801.90032000,0
1762128000000000,0.00988000,0.00993000,0.00978000,0.00979000,2700511.40000000,1762131599999999,26688.83691500,228,614444.40000000,6073.30278200,0
1762131600000000,0.00978000,0.00980000,0.00969000,0.00971000,956631.10000000,1762135199999999,9314.49354200,75,521480.70000000,5079.42014100,0
1762135200000000,0.00971000,0.00972000,0.00961000,0.00966000,2810001.10000000,1762138799999999,27138.86912400,170,1135355.10000000,10961.18832300,0
1762138800000000,0.00965000,0.00967000,0.00934000,0.00935000,4788207.90000000,1762142399999999,45215.22321400,327,1951323.50000000,18403.90620100,0
1762142400000000,0.00934000,0.00944000,0.00929000,0.00941000,3428366.20000000,1762145999999999,32037.53100700,219,1455936.60000000,13619.11386100,0
1762146000000000,0.00943000,0.00952000,0.00937000,0.00940000,2210399.50000000,1762149599999999,20904.17188500,191,1138791.90000000,10777.80671600,0
1762149600000000,0.00940000,0.00943000,0.00930000,0.00938000,3350437.30000000,1762153199999999,31373.05208100,236,1715725.70000000,16071.00778600,0
1762153200000000,0.00938000,0.00947000,0.00936000,0.00939000,3915067.10000000,1762156799999999,36863.82405200,236,1472539.50000000,13859.08788500,0
1762156800000000,0.00938000,0.00942000,0.00931000,0.00940000,2367735.50000000,1762160399999999,22166.73212100,152,1481973.30000000,13875.48287100,0
1762160400000000,0.00938000,0.00948000,0.00929000,0.00930000,4796352.00000000,1762163999999999,45108.22331600,349,2935195.30000000,27645.88497900,0
1762164000000000,0.00931000,0.00936000,0.00927000,0.00929000,3181177.90000000,1762167599999999,29575.72020700,294,1602139.50000000,14887.66907700,0
1762167600000000,0.00931000,0.00942000,0.00931000,0.00937000,2408438.10000000,1762171199999999,22568.82960100,211,1126678.60000000,10553.37585400,0
1762171200000000,0.00936000,0.00941000,0.00932000,0.00932000,2954143.50000000,1762174799999999,27683.80178600,200,1473989.00000000,13825.21957800,0
1762174800000000,0.00931000,0.00940000,0.00928000,0.00936000,3433584.30000000,1762178399999999,32066.30290000,207,2409986.00000000,22522.88612600,0
1762178400000000,0.00934000,0.00942000,0.00932000,0.00938000,1601708.20000000,1762181999999999,14974.81111900,154,593436.50000000,5555.30358900,0
1762182000000000,0.00937000,0.00937000,0.00859000,0.00887000,31317326.60000000,1762185599999999,280296.68908300,2200,15334359.00000000,137007.25110700,0
1762185600000000,0.00887000,0.00910000,0.00883000,0.00908000,5852944.60000000,1762189199999999,52473.15143800,434,2600074.20000000,23291.89348400,0
1762189200000000,0.00907000,0.00918000,0.00905000,0.00914000,5317242.00000000,1762192799999999,48334.16797100,328,2011740.40000000,18295.89901200,0
1762192800000000,0.00913000,0.00913000,0.00896000,0.00897000,1819111.50000000,1762196399999999,16469.89927700,134,617603.10000000,5588.90956300,0
1762196400000000,0.00898000,0.00898000,0.00886000,0.00886000,1630903.50000000,1762199999999999,14531.65533000,199,706171.20000000,6299.51005700,0
1762200000000000,0.00886000,0.00887000,0.00877000,0.00881000,3479958.40000000,1762203599999999,30705.57403300,258,1381460.80000000,12190.56286600,0
1762203600000000,0.00881000,0.00889000,0.00870000,0.00886000,4075530.40000000,1762207199999999,35935.78012500,268,1494975.00000000,13188.58748300,0
1762207200000000,0.00886000,0.00886000,0.00874000,0.00877000,2783676.00000000,1762210799999999,24513.37303900,184,934981.00000000,8241.20432900,0
1762210800000000,0.00877000,0.00886000,0.00872000,0.00884000,2129534.30000000,1762214399999999,18743.50745400,184,1105208.70000000,9719.89575500,0
1762214400000000,0.00884000,0.00899000,0.00878000,0.00895000,4521972.90000000,1762217999999999,40133.56265200,309,2431935.30000000,21577.82205700,0
1762218000000000,0.00894000,0.00900000,0.00891000,0.00894000,3038585.00000000,1762221599999999,27225.90201800,224,1723934.80000000,15455.95039000,0
1762221600000000,0.00893000,0.00900000,0.00892000,0.00894000,797229.90000000,1762225199999999,7139.16906300,55,342227.50000000,3065.51315000,0
1762225200000000,0.00895000,0.00905000,0.00889000,0.00903000,7884115.90000000,1762228799999999,70900.25318600,328,4164753.20000000,37465.32420300,0
1762228800000000,0.00903000,0.00908000,0.00902000,0.00904000,1596620.80000000,1762232399999999,14447.22335800,108,615886.60000000,5574.63247800,0
1762232400000000,0.00903000,0.00906000,0.00867000,0.00869000,4855226.60000000,1762235999999999,42759.75047500,351,2197794.00000000,19310.01507100,0
1762236000000000,0.00868000,0.00894000,0.00868000,0.00883000,3531759.50000000,1762239599999999,31227.78732500,209,1910814.80000000,16886.04108600,0
1762239600000000,0.00882000,0.00883000,0.00863000,0.00868000,4510214.60000000,1762243199999999,39380.61530400,297,2430205.80000000,21238.31106900,0
1762243200000000,0.00867000,0.00879000,0.00863000,0.00867000,6039891.00000000,1762246799999999,52628.46149400,350,1855310.70000000,16163.59714900,0
1762246800000000,0.00867000,0.00871000,0.00862000,0.00870000,5162541.30000000,1762250399999999,44787.38677500,301,2583745.00000000,22427.58310000,0
1762250400000000,0.00871000,0.00878000,0.00870000,0.00874000,2093042.70000000,1762253999999999,18281.76142700,168,1198835.90000000,10472.03815200,0
1762254000000000,0.00874000,0.00882000,0.00870000,0.00873000,1497018.80000000,1762257599999999,13120.24292700,211,747869.90000000,6550.45566900,0
1762257600000000,0.00872000,0.00873000,0.00865000,0.00867000,1796830.80000000,1762261199999999,15609.23389600,202,655706.30000000,5694.14912800,0
1762261200000000,0.00866000,0.00870000,0.00860000,0.00869000,2645599.30000000,1762264799999999,22854.19263100,171,1296334.70000000,11207.33923900,0
1762264800000000,0.00869000,0.00893000,0.00862000,0.00890000,2890974.70000000,1762268399999999,25348.94471600,235,1574729.20000000,13788.74726500,0
1762268400000000,0.00888000,0.00896000,0.00876000,0.00876000,3928177.00000000,1762271999999999,34873.08094300,299,1470487.20000000,13046.31978900,0
1762272000000000,0.00877000,0.00885000,0.00858000,0.00862000,4065308.90000000,1762275599999999,35430.35371500,535,2353263.50000000,20494.55125300,0
1762275600000000,0.00860000,0.00863000,0.00837000,0.00853000,7265441.80000000,1762279199999999,61819.57368100,791,3299407.60000000,28051.64016200,0
1762279200000000,0.00852000,0.00855000,0.00821000,0.00846000,11546857.60000000,1762282799999999,96720.83714400,1130,5831406.70000000,48948.86003200,0
1762282800000000,0.00845000,0.00852000,0.00832000,0.00833000,5095464.90000000,1762286399999999,42905.90730400,677,2339331.50000000,19688.63195800,0
1762286400000000,0.00833000,0.00840000,0.00800000,0.00833000,13877090.90000000,1762289999999999,113196.73240200,1032,6510278.90000000,53105.67165400,0
1762290000000000,0.00833000,0.00839000,0.00801000,0.00837000,10214094.30000000,1762293599999999,83723.44098700,592,5900761.90000000,48300.63298500,0
1762293600000000,0.00837000,0.00859000,0.00835000,0.00852000,5513420.00000000,1762297199999999,46735.53266500,358,2403842.00000000,20416.04240900,0
1762297200000000,0.00854000,0.00859000,0.00849000,0.00852000,2695028.60000000,1762300799999999,22999.88322700,164,1032864.10000000,8823.33486000,0
1762300800000000,0.00852000,0.00855000,0.00839000,0.00843000,1340383.30000000,1762304399999999,11356.55301100,108,842140.70000000,7134.91098900,0
1762304400000000,0.00841000,0.00842000,0.00807000,0.00837000,5730549.20000000,1762307999999999,47133.37416900,521,3312113.00000000,27211.80808200,0
1762308000000000,0.00841000,0.00860000,0.00840000,0.00859000,4410053.50000000,1762311599999999,37441.44475900,276,2396936.60000000,20375.31446500,0
1762311600000000,0.00860000,0.00861000,0.00851000,0.00856000,7086167.40000000,1762315199999999,60653.72782500,332,3090037.80000000,26447.27524800,0
1762315200000000,0.00855000,0.00859000,0.00851000,0.00856000,2334109.50000000,1762318799999999,19946.90279600,188,974464.30000000,8325.20666100,0
1762318800000000,0.00857000,0.00862000,0.00856000,0.00856000,2104768.60000000,1762322399999999,18054.49630600,149,960985.90000000,8242.90515600,0
1762322400000000,0.00854000,0.00859000,0.00853000,0.00858000,1429785.70000000,1762325999999999,12229.39566200,149,878614.20000000,7519.76580300,0
1762326000000000,0.00858000,0.00860000,0.00855000,0.00859000,1516264.40000000,1762329599999999,13014.46612800,166,802838.00000000,6892.04964000,0
1762329600000000,0.00858000,0.00858000,0.00847000,0.00850000,1670315.50000000,1762333199999999,14232.69491300,151,767447.50000000,6532.30168900,0
1762333200000000,0.00850000,0.00858000,0.00849000,0.00855000,1342373.20000000,1762336799999999,11484.97434000,147,676126.60000000,5783.30791900,0
1762336800000000,0.00856000,0.00859000,0.00846000,0.00847000,2673873.80000000,1762340399999999,22873.81434700,222,1921823.90000000,16444.08709500,0
1762340400000000,0.00847000,0.00864000,0.00847000,0.00864000,1904965.60000000,1762343999999999,16362.29988900,291,749294.60000000,6429.27690800,0
1762344000000000,0.00864000,0.00868000,0.00859000,0.00862000,2082317.00000000,1762347599999999,17975.26135200,141,766258.80000000,6618.61931600,0
1762347600000000,0.00863000,0.00870000,0.00860000,0.00868000,1195481.30000000,1762351199999999,10320.50102100,118,548830.70000000,4740.07124500,0
1762351200000000,0.00868000,0.00872000,0.00861000,0.00868000,2319084.80000000,1762354799999999,20098.92996900,202,1257971.10000000,10906.74342700,0
1762354800000000,0.00868000,0.00878000,0.00864000,0.00878000,2804207.40000000,1762358399999999,24466.96244300,223,1667973.00000000,14560.09027000,0
1762358400000000,0.00877000,0.00882000,0.00869000,0.00881000,1948576.70000000,1762361999999999,17068.66744200,178,1162630.70000000,10179.69969000,0
1762362000000000,0.00881000,0.00884000,0.00877000,0.00883000,1251222.70000000,1762365599999999,11022.07418900,126,616601.30000000,5430.76995300,0
1762365600000000,0.00884000,0.00887000,0.00881000,0.00885000,2042933.40000000,1762369199999999,18047.00816000,169,1226407.50000000,10830.20899000,0
1762369200000000,0.00886000,0.00888000,0.00880000,0.00884000,2077263.10000000,1762372799999999,18357.25645800,213,656410.50000000,5802.17261700,0
1762372800000000,0.00884000,0.00890000,0.00881000,0.00882000,1319480.00000000,1762376399999999,11669.58951300,105,737257.20000000,6519.29670400,0
1762376400000000,0.00881000,0.00888000,0.00878000,0.00886000,899557.00000000,1762379999999999,7951.34239500,90,516196.10000000,4564.11323500,0
1762380000000000,0.00886000,0.00890000,0.00883000,0.00889000,720872.80000000,1762383599999999,6390.99137800,61,398342.40000000,3530.75388500,0
1762383600000000,0.00890000,0.00891000,0.00886000,0.00886000,1165424.20000000,1762387199999999,10366.76019300,96,723772.10000000,6438.11687700,0
1762387200000000,0.00886000,0.00886000,0.00880000,0.00884000,1903866.40000000,1762390799999999,16824.78519500,152,886175.50000000,7834.17469500,0
1762390800000000,0.00882000,0.00883000,0.00874000,0.00882000,938403.00000000,1762394399999999,8251.70655800,90,488183.20000000,4289.18437400,0
1762394400000000,0.00882000,0.00893000,0.00878000,0.00890000,1757105.00000000,1762397999999999,15539.38969500,137,1006736.90000000,8900.04268100,0
1762398000000000,0.00892000,0.00900000,0.00891000,0.00892000,1854741.80000000,1762401599999999,16616.42549000,143,1157485.60000000,10364.26424600,0
1762401600000000,0.00891000,0.00897000,0.00890000,0.00895000,1624955.10000000,1762405199999999,14515.11381600,234,1082585.80000000,9672.25868300,0
1762405200000000,0.00894000,0.00895000,0.00878000,0.00879000,1221149.40000000,1762408799999999,10814.70538400,131,426483.80000000,3779.72496000,0
1762408800000000,0.00878000,0.00879000,0.00871000,0.00872000,7201471.70000000,1762412399999999,62959.46888000,345,1867885.80000000,16351.24175700,0
1762412400000000,0.00872000,0.00873000,0.00865000,0.00871000,1952819.20000000,1762415999999999,16982.36859000,155,680881.40000000,5925.02737900,0
1762416000000000,0.00871000,0.00871000,0.00868000,0.00870000,1757223.70000000,1762419599999999,15267.36221900,164,544102.90000000,4728.82638800,0
1762419600000000,0.00870000,0.00872000,0.00866000,0.00870000,1509741.50000000,1762423199999999,13129.94755900,153,713491.80000000,6210.21704300,0
1762423200000000,0.00869000,0.00872000,0.00864000,0.00871000,2176386.10000000,1762426799999999,18896.05495900,229,1120215.40000000,9733.18927600,0
1762426800000000,0.00871000,0.00873000,0.00865000,0.00873000,977385.80000000,1762430399999999,8505.33359000,98,512722.00000000,4461.63727600,0
1762430400000000,0.00873000,0.00873000,0.00863000,0.00865000,1386273.90000000,1762433999999999,12019.04621400,129,760972.50000000,6595.81633100,0
1762434000000000,0.00866000,0.00884000,0.00864000,0.00880000,2074084.60000000,1762437599999999,18195.54411700,203,1009258.80000000,8852.27640300,0
1762437600000000,0.00880000,0.00882000,0.00867000,0.00869000,5040470.90000000,1762441199999999,44018.44045600,298,2617484.00000000,22862.12088500,0
1762441200000000,0.00869000,0.00877000,0.00852000,0.00857000,7123867.70000000,1762444799999999,61749.85496600,426,2904818.60000000,25178.98920900,0
1762444800000000,0.00858000,0.00861000,0.00846000,0.00857000,2918389.90000000,1762448399999999,24944.79782600,295,1253328.90000000,10713.77163300,0
1762448400000000,0.00859000,0.00871000,0.00854000,0.00871000,4971042.50000000,1762451999999999,42820.05626100,451,2108952.60000000,18178.14072600,0
1762452000000000,0.00870000,0.00880000,0.00860000,0.00877000,2897454.00000000,1762455599999999,25229.85882500,254,945966.00000000,8252.22887500,0
1762455600000000,0.00876000,0.00910000,0.00875000,0.00904000,29398091.90000000,1762459199999999,262851.80329300,1160,18864514.50000000,168951.61639600,0
1762459200000000,0.00904000,0.00913000,0.00879000,0.00884000,22842046.20000000,1762462799999999,204787.16081700,961,8835854.20000000,79232.35609900,0
1762462800000000,0.00884000,0.00891000,0.00879000,0.00888000,3895222.70000000,1762466399999999,34469.39952000,258,2288298.70000000,20250.87228800,0
1762466400000000,0.00888000,0.00892000,0.00885000,0.00892000,1801518.60000000,1762469999999999,16012.94948900,147,675374.10000000,6010.45558300,0
1762470000000000,0.00892000,0.00893000,0.00883000,0.00893000,1198888.20000000,1762473599999999,10637.78334400,107,579035.20000000,5136.20419900,0
1762473600000000,0.00894000,0.00921000,0.00894000,0.00914000,27917560.00000000,1762477199999999,253855.99025200,1413,16047649.90000000,145876.77254000,0
1762477200000000,0.00913000,0.00920000,0.00900000,0.00907000,11067703.10000000,1762480799999999,100637.74849300,549,5012945.40000000,45636.83226600,0
1762480800000000,0.00908000,0.00909000,0.00899000,0.00908000,2419353.90000000,1762484399999999,21908.62753200,178,1099601.30000000,9963.37671500,0
1762484400000000,0.00910000,0.00916000,0.00909000,0.00912000,2864329.70000000,1762487999999999,26154.80605200,208,1123133.50000000,10257.62805100,0
1762488000000000,0.00913000,0.00913000,0.00905000,0.00909000,1617300.30000000,1762491599999999,14694.91740300,182,614031.90000000,5583.03031700,0
1762491600000000,0.00911000,0.00922000,0.00910000,0.00921000,2819874.70000000,1762495199999999,25852.39761700,179,1119741.90000000,10279.31242000,0
1762495200000000,0.00921000,0.00925000,0.00918000,0.00919000,1795201.80000000,1762498799999999,16552.65388200,163,681647.40000000,6292.04660100,0
1762498800000000,0.00919000,0.00928000,0.00917000,0.00928000,1864911.40000000,1762502399999999,17195.45300600,214,905308.80000000,8351.97600100,0
1762502400000000,0.00929000,0.00930000,0.00924000,0.00927000,1731726.00000000,1762505999999999,16053.79259800,139,997554.80000000,9247.80745100,0
1762506000000000,0.00926000,0.00928000,0.00909000,0.00918000,2755873.60000000,1762509599999999,25301.06683900,270,1099499.20000000,10077.33687200,0
1762509600000000,0.00919000,0.00925000,0.00911000,0.00916000,1595791.40000000,1762513199999999,14660.71885900,117,480628.90000000,4420.81394800,0
1762513200000000,0.00917000,0.00917000,0.00902000,0.00913000,4892255.90000000,1762516799999999,44442.08702100,286,2309733.70000000,20995.86326300,0
1762516800000000,0.00913000,0.00915000,0.00890000,0.00895000,5345261.40000000,1762520399999999,48161.06629400,239,2287792.50000000,20614.12828200,0
1762520400000000,0.00895000,0.00912000,0.00891000,0.00911000,2171485.10000000,1762523999999999,19594.92907100,176,1130072.40000000,10198.45250800,0
1762524000000000,0.00910000,0.00933000,0.00899000,0.00930000,6620499.40000000,1762527599999999,60653.69931200,425,3278759.50000000,30007.11088800,0
1762527600000000,0.00931000,0.00946000,0.00924000,0.00938000,11814512.10000000,1762531199999999,110907.92474000,547,3334159.30000000,31275.55679000,0
1762531200000000,0.00938000,0.01017000,0.00937000,0.01013000,23560286.60000000,1762534799999999,231335.24468800,1334,13692301.90000000,134877.35554500,0
1762534800000000,0.01013000,0.01018000,0.00980000,0.01017000,48049474.80000000,1762538399999999,480324.33089300,2219,20502029.60000000,205217.37377800,0
1762538400000000,0.01017000,0.01025000,0.00996000,0.00999000,20821994.10000000,1762541999999999,210481.93399900,996,8912290.40000000,90018.20550700,0
1762542000000000,0.00997000,0.01010000,0.00997000,0.01010000,2020801.90000000,1762545599999999,20281.19666600,173,910516.20000000,9146.66229500,0
1762545600000000,0.01009000,0.01009000,0.00998000,0.01001000,1972293.30000000,1762549199999999,19781.59763500,190,1096394.90000000,10999.65322600,0
1762549200000000,0.01001000,0.01022000,0.01001000,0.01014000,6343485.80000000,1762552799999999,64293.53984600,383,3437065.70000000,34840.30638900,0
1762552800000000,0.01013000,0.01016000,0.01005000,0.01012000,1294163.80000000,1762556399999999,13073.78618600,155,521123.90000000,5266.10369500,0
1762556400000000,0.01011000,0.01011000,0.00997000,0.00999000,4658277.70000000,1762559999999999,46599.44151600,315,2793515.90000000,27929.27754500,0
1762560000000000,0.00999000,0.01016000,0.00987000,0.00988000,4661595.80000000,1762563599999999,46717.37599200,325,2288449.50000000,22927.08692600,0
1762563600000000,0.00986000,0.01008000,0.00986000,0.01003000,4605932.70000000,1762567199999999,46120.59070500,358,1749627.40000000,17503.23416400,0
1762567200000000,0.01003000,0.01015000,0.01001000,0.01003000,4825364.80000000,1762570799999999,48630.11585900,297,2244436.70000000,22652.90615600,0
1762570800000000,0.01001000,0.01010000,0.00993000,0.00997000,5507433.80000000,1762574399999999,54991.02580900,310,3686672.10000000,36777.37817900,0
1762574400000000,0.00997000,0.01010000,0.00997000,0.01000000,2317631.50000000,1762577999999999,23226.42817600,203,1290956.80000000,12939.78465500,0
1762578000000000,0.01000000,0.01006000,0.00996000,0.00996000,7329450.60000000,1762581599999999,73308.35054600,428,3032167.90000000,30336.33419300,0
1762581600000000,0.00996000,0.00996000,0.00982000,0.00989000,5028248.60000000,1762585199999999,49689.98649900,428,2473740.50000000,24452.20051300,0
1762585200000000,0.00989000,0.00997000,0.00983000,0.00995000,3953280.90000000,1762588799999999,39129.87323400,222,1871032.60000000,18523.12333400,0
1762588800000000,0.00993000,0.01004000,0.00987000,0.01001000,3110666.80000000,1762592399999999,30945.23397200,213,1589073.90000000,15816.73308500,0
1762592400000000,0.01000000,0.01008000,0.00996000,0.00999000,3421379.70000000,1762595999999999,34275.93234900,418,1362011.20000000,13658.97578700,0
1762596000000000,0.00999000,0.01036000,0.00997000,0.01026000,21664393.00000000,1762599599999999,221157.72940200,1184,10921677.40000000,111399.41905100,0
1762599600000000,0.01026000,0.01026000,0.01003000,0.01009000,12345273.00000000,1762603199999999,125246.41129800,633,5937697.20000000,60236.56083000,0
1762603200000000,0.01008000,0.01009000,0.01000000,0.01004000,2397594.20000000,1762606799999999,24132.31425300,225,1098018.40000000,11044.73183600,0
1762606800000000,0.01005000,0.01005000,0.00982000,0.00982000,3861807.90000000,1762610399999999,38327.47039000,329,1782198.70000000,17681.38924400,0
1762610400000000,0.00984000,0.00986000,0.00970000,0.00981000,3434711.20000000,1762613999999999,33573.23066900,253,1223223.90000000,11966.73537700,0
1762614000000000,0.00982000,0.00984000,0.00962000,0.00971000,5216794.10000000,1762617599999999,50617.75583500,294,2610803.20000000,25335.99500500,0
1762617600000000,0.00970000,0.00984000,0.00966000,0.00980000,8160677.80000000,1762621199999999,79859.72696200,376,4536428.00000000,44387.76188100,0
1762621200000000,0.00980000,0.00984000,0.00969000,0.00981000,4693030.20000000,1762624799999999,45920.97939600,276,2150556.20000000,21074.45648700,0
1762624800000000,0.00981000,0.00987000,0.00977000,0.00986000,7195594.30000000,1762628399999999,70659.81355900,464,3617855.10000000,35542.72244800,0
1762628400000000,0.00986000,0.00989000,0.00974000,0.00986000,4849882.50000000,1762631999999999,47573.77833600,262,2425452.00000000,23829.99980200,0
1762632000000000,0.00986000,0.00993000,0.00984000,0.00990000,4498200.40000000,1762635599999999,44452.01105400,318,2680393.50000000,26506.13454200,0
1762635600000000,0.00990000,0.00995000,0.00985000,0.00990000,6679855.20000000,1762639199999999,66145.73417000,444,3704793.00000000,36696.01633700,0
1762639200000000,0.00991000,0.00997000,0.00991000,0.00996000,2473132.90000000,1762642799999999,24575.06852400,197,1804645.90000000,17935.43847000,0
1762642800000000,0.00995000,0.01004000,0.00995000,0.01003000,389531.00000000,1762646399999999,3898.02788100,87,215324.70000000,2156.57141800,0
1762646400000000,0.01003000,0.01005000,0.00994000,0.00996000,1388454.50000000,1762649999999999,13880.98844300,166,628452.70000000,6278.96838300,0
1762650000000000,0.00997000,0.01008000,0.00997000,0.01005000,1511027.80000000,1762653599999999,15169.14894500,215,843729.30000000,8472.82299500,0
1762653600000000,0.01004000,0.01007000,0.00977000,0.00980000,7931685.20000000,1762657199999999,79369.18675500,404,3209600.30000000,32081.43701200,0
1762657200000000,0.00981000,0.00983000,0.00965000,0.00967000,4096128.90000000,1762660799999999,39778.62007000,616,1919532.00000000,18679.38200400,0
1762660800000000,0.00967000,0.00977000,0.00965000,0.00974000,2161559.20000000,1762664399999999,20999.65931200,426,897672.90000000,8729.80153100,0
1762664400000000,0.00974000,0.00977000,0.00971000,0.00975000,715782.50000000,1762667999999999,6967.25750500,206,264766.70000000,2579.41072600,0
1762668000000000,0.00976000,0.00985000,0.00971000,0.00979000,1006643.90000000,1762671599999999,9868.61292300,272,612104.40000000,6005.63579600,0
1762671600000000,0.00979000,0.00993000,0.00979000,0.00992000,651650.30000000,1762675199999999,6417.36979700,252,256689.70000000,2531.75177300,0
1762675200000000,0.00992000,0.00998000,0.00988000,0.00995000,3236551.30000000,1762678799999999,32163.54633300,436,1184561.70000000,11763.16722600,0
1762678800000000,0.00996000,0.01003000,0.00983000,0.00985000,2124455.00000000,1762682399999999,21145.33029200,321,742761.20000000,7405.70724300,0
1762682400000000,0.00984000,0.00994000,0.00978000,0.00993000,3230664.90000000,1762685999999999,32005.57914900,278,1762097.40000000,17459.65669300,0
1762686000000000,0.00994000,0.00995000,0.00990000,0.00992000,7707958.50000000,1762689599999999,76555.29715300,383,3153491.60000000,31344.63218900,0
1762689600000000,0.00993000,0.00997000,0.00989000,0.00989000,4570241.20000000,1762693199999999,45409.43375900,312,1201490.30000000,11950.62998500,0
1762693200000000,0.00989000,0.00992000,0.00981000,0.00985000,7784668.50000000,1762696799999999,76599.67997700,264,4838887.80000000,47566.55818600,0
1762696800000000,0.00982000,0.01000000,0.00976000,0.00989000,4813731.60000000,1762700399999999,47496.69130700,423,1935059.00000000,19083.50236300,0
1762700400000000,0.00990000,0.01003000,0.00989000,0.00995000,2789536.10000000,1762703999999999,27780.78928000,342,937222.20000000,9346.54273600,0
1762704000000000,0.00995000,0.01000000,0.00990000,0.01000000,2680074.80000000,1762707599999999,26668.07927600,223,1410411.00000000,14049.25107200,0
1762707600000000,0.00999000,0.01000000,0.00991000,0.00993000,4027310.70000000,1762711199999999,40086.93170800,394,2217369.80000000,22082.75130200,0
1762711200000000,0.00993000,0.00999000,0.00984000,0.00998000,2375661.10000000,1762714799999999,23504.75779200,322,693113.00000000,6849.01466000,0
1762714800000000,0.00998000,0.01005000,0.00995000,0.01004000,1832056.60000000,1762718399999999,18320.65706300,241,1057627.70000000,10588.96833400,0
1762718400000000,0.01004000,0.01005000,0.00997000,0.00998000,3048657.10000000,1762721999999999,30494.19025700,409,1678223.20000000,16785.41096400,0
1762722000000000,0.00997000,0.01002000,0.00987000,0.00991000,3671544.00000000,1762725599999999,36405.04022500,360,1949769.00000000,19322.88698100,0
1762725600000000,0.00991000,0.00991000,0.00980000,0.00987000,1558347.30000000,1762729199999999,15341.25603900,165,259742.90000000,2561.94707800,0
1762729200000000,0.00987000,0.00994000,0.00983000,0.00987000,1422743.00000000,1762732799999999,14038.53353700,209,601965.00000000,5944.38822100,0
1762732800000000,0.00987000,0.01010000,0.00981000,0.01006000,3561955.10000000,1762736399999999,35562.37085400,352,1764229.60000000,17580.33434600,0
1762736400000000,0.01008000,0.01010000,0.00998000,0.00999000,4107605.40000000,1762739999999999,41176.48784700,304,1819402.00000000,18243.18059600,0
1762740000000000,0.00998000,0.01004000,0.00995000,0.01002000,3651914.00000000,1762743599999999,36548.35266400,257,1383263.10000000,13842.54920700,0
1762743600000000,0.01003000,0.01009000,0.01003000,0.01005000,955810.00000000,1762747199999999,9602.20903300,144,411038.10000000,4129.08694700,0
1762747200000000,0.01004000,0.01007000,0.00999000,0.01005000,1341970.10000000,1762750799999999,13463.67893400,147,850783.90000000,8538.78173700,0
1762750800000000,0.01005000,0.01008000,0.00998000,0.01002000,1642371.10000000,1762754399999999,16464.74271300,194,771878.50000000,7748.07176100,0
1762754400000000,0.01002000,0.01004000,0.00992000,0.01001000,2269260.90000000,1762757999999999,22597.82595100,197,632449.00000000,6311.04948600,0
1762758000000000,0.01000000,0.01006000,0.00995000,0.00996000,3799717.90000000,1762761599999999,38077.76552800,381,2808280.30000000,28155.37742400,0
1762761600000000,0.00996000,0.00997000,0.00986000,0.00987000,1195590.00000000,1762765199999999,11861.63462700,225,707009.80000000,7011.01126300,0
1762765200000000,0.00986000,0.01011000,0.00986000,0.01009000,3013473.40000000,1762768799999999,30056.23206700,272,1989925.20000000,19848.91288300,0
1762768800000000,0.01009000,0.01011000,0.00995000,0.00997000,2437958.50000000,1762772399999999,24417.98867300,278,1195298.10000000,11970.96328700,0
1762772400000000,0.00996000,0.01005000,0.00996000,0.01000000,2004146.70000000,1762775999999999,20049.95676900,211,873770.80000000,8747.96410300,0
1762776000000000,0.01000000,0.01000000,0.00991000,0.00992000,2321767.10000000,1762779599999999,23078.99812300,206,944453.90000000,9391.85928700,0
1762779600000000,0.00992000,0.01003000,0.00992000,0.01001000,1090691.50000000,1762783199999999,10896.53510400,164,408333.00000000,4081.29064700,0
1762783200000000,0.01000000,0.01000000,0.00972000,0.00978000,6816264.60000000,1762786799999999,67121.60158100,666,3868966.90000000,38130.98021800,0
1762786800000000,0.00978000,0.00995000,0.00974000,0.00985000,8825765.40000000,1762790399999999,86786.24737300,613,5195406.80000000,51134.45197900,0
1762790400000000,0.00985000,0.00992000,0.00973000,0.00976000,2136147.40000000,1762793999999999,20986.66153600,271,1067063.50000000,10498.89491500,0
1762794000000000,0.00976000,0.00990000,0.00974000,0.00985000,2007373.20000000,1762797599999999,19732.06034700,249,1328328.60000000,13059.86266300,0
1762797600000000,0.00985000,0.00987000,0.00977000,0.00978000,2264345.90000000,1762801199999999,22238.17065600,225,1010284.10000000,9943.62140100,0
1762801200000000,0.00978000,0.00994000,0.00978000,0.00986000,4704075.80000000,1762804799999999,46235.97458700,431,2159053.20000000,21221.05088300,0
1762804800000000,0.00987000,0.00998000,0.00987000,0.00996000,2739125.30000000,1762808399999999,27162.82043600,259,1601815.70000000,15885.26569000,0
1762808400000000,0.00997000,0.00997000,0.00985000,0.00993000,6163450.60000000,1762811999999999,61001.58460700,423,3331228.90000000,32994.21346900,0
1762812000000000,0.00992000,0.01013000,0.00987000,0.01012000,3519086.00000000,1762815599999999,35145.21607800,267,1732824.00000000,17323.28758600,0
1762815600000000,0.01011000,0.01012000,0.01001000,0.01003000,554272.00000000,1762819199999999,5583.42300600,57,283993.50000000,2860.49768400,0
1762819200000000,0.01008000,0.01008000,0.00990000,0.00999000,494965.00000000,1762822799999999,4940.47638300,68,263049.00000000,2621.95973200,0
1762822800000000,0.00998000,0.01018000,0.00998000,0.01001000,1764600.80000000,1762826399999999,17759.50905400,145,666481.10000000,6721.68824300,0
1762826400000000,0.01002000,0.01019000,0.00999000,0.01015000,1304979.70000000,1762829999999999,13156.67049500,126,693602.20000000,7007.40064200,0
1762830000000000,0.01016000,0.01020000,0.01011000,0.01014000,739208.70000000,1762833599999999,7508.04343800,105,353994.10000000,3600.51694800,0
1762833600000000,0.01016000,0.01016000,0.01005000,0.01009000,1487506.50000000,1762837199999999,15003.06754200,141,936610.00000000,9449.34853900,0
1762837200000000,0.01009000,0.01011000,0.00992000,0.00992000,3351355.10000000,1762840799999999,33547.78151300,368,1645966.50000000,16477.04476500,0
1762840800000000,0.00994000,0.01004000,0.00990000,0.01004000,2580528.30000000,1762844399999999,25731.12944600,281,1684495.20000000,16804.43955200,0
1762844400000000,0.01003000,0.01003000,0.00991000,0.00994000,2357107.50000000,1762847999999999,23437.29476500,200,933572.90000000,9291.16222800,0
1762848000000000,0.00993000,0.01138000,0.00993000,0.01085000,173216703.60000000,1762851599999999,1886473.53885900,22178,79519267.90000000,863341.87312400,0
1762851600000000,0.01082000,0.01268000,0.01065000,0.01171000,389164358.80000000,1762855199999999,4610493.72833700,39766,183526976.30000000,2171413.82412500,0
1762855200000000,0.01170000,0.01247000,0.01102000,0.01106000,137817187.70000000,1762858799999999,1599826.65747100,10669,69647976.20000000,808276.18886000,0
1762858800000000,0.01108000,0.01122000,0.01042000,0.01045000,93473051.30000000,1762862399999999,1005372.33345600,7103,44956322.80000000,483891.56591100,0
1762862400000000,0.01045000,0.01058000,0.01026000,0.01050000,55383279.60000000,1762865999999999,575479.67267600,5015,29918356.40000000,311060.37244600,0
1762866000000000,0.01051000,0.01069000,0.01026000,0.01026000,36866589.70000000,1762869599999999,387783.01342400,3307,18347341.00000000,193384.56681000,0
1762869600000000,0.01026000,0.01038000,0.01011000,0.01038000,29797681.70000000,1762873199999999,304450.93290300,2239,14719308.90000000,150535.06736000,0
1762873200000000,0.01038000,0.01046000,0.01020000,0.01022000,27899882.30000000,1762876799999999,287254.35715600,2809,11401905.40000000,117769.45091000,0
1762876800000000,0.01022000,0.01053000,0.01020000,0.01039000,25016900.50000000,1762880399999999,259761.32918200,1167,15415455.50000000,159959.21255000,0
1762880400000000,0.01039000,0.01048000,0.01024000,0.01025000,11387525.00000000,1762883999999999,117648.93180400,866,6027545.00000000,62265.24093600,0
1762884000000000,0.01026000,0.01031000,0.01016000,0.01017000,13459877.00000000,1762887599999999,137574.67015100,980,8364101.80000000,85504.16724500,0
1762887600000000,0.01018000,0.01020000,0.01001000,0.01004000,12006422.50000000,1762891199999999,121279.14838400,936,6489447.10000000,65599.00958400,0
1762891200000000,0.01005000,0.01006000,0.00983000,0.00987000,12920236.90000000,1762894799999999,128178.89482700,1123,6747548.70000000,66940.47318700,0
1762894800000000,0.00986000,0.00993000,0.00982000,0.00986000,6253858.10000000,1762898399999999,61728.14858500,439,2812960.70000000,27769.18653500,0
1762898400000000,0.00985000,0.01006000,0.00980000,0.01005000,7377100.00000000,1762901999999999,73284.23390500,448,4029575.10000000,40081.44630400,0
1762902000000000,0.01003000,0.01009000,0.00995000,0.00998000,14210877.40000000,1762905599999999,142329.71957800,876,10265040.00000000,102843.21261100,0
1762905600000000,0.00997000,0.01074000,0.00994000,0.01034000,137018399.80000000,1762909199999999,1418973.13492500,7470,66342641.80000000,686785.55499700,0
1762909200000000,0.01036000,0.01039000,0.00971000,0.00988000,59685062.70000000,1762912799999999,600116.65128900,2810,29121606.80000000,292567.24137100,0
1762912800000000,0.00988000,0.00995000,0.00983000,0.00992000,7487023.90000000,1762916399999999,74024.37878800,527,3830074.60000000,37878.90378800,0
1762916400000000,0.00991000,0.01007000,0.00988000,0.01003000,10588260.60000000,1762919999999999,105737.53940500,643,6973949.80000000,69701.41060200,0
1762920000000000,0.01003000,0.01012000,0.00998000,0.01008000,9673234.50000000,1762923599999999,97148.06476000,616,4912546.50000000,49373.87670600,0
1762923600000000,0.01009000,0.01050000,0.01005000,0.01049000,20191356.20000000,1762927199999999,207558.96856000,1204,11547354.90000000,118929.62566000,0
1762927200000000,0.01049000,0.01056000,0.01023000,0.01024000,28225490.00000000,1762930799999999,292784.97990300,1633,14866863.00000000,154164.18080600,0
1762930800000000,0.01024000,0.01035000,0.01018000,0.01020000,9542395.80000000,1762934399999999,97920.06106400,666,4687223.10000000,48144.75421300,0
1762934400000000,0.01019000,0.01025000,0.01012000,0.01013000,16038195.50000000,1762937999999999,163219.24350000,952,9297920.10000000,94665.94360400,0
1762938000000000,0.01014000,0.01035000,0.01012000,0.01033000,17100080.10000000,1762941599999999,174699.22743900,994,9789756.60000000,99970.15267900,0
1762941600000000,0.01030000,0.01041000,0.01028000,0.01032000,9022435.70000000,1762945199999999,93411.56224000,645,4593279.00000000,47559.87361300,0
1762945200000000,0.01032000,0.01035000,0.01015000,0.01016000,7474130.10000000,1762948799999999,76533.97952000,527,2652094.70000000,27155.44776300,0
1762948800000000,0.01016000,0.01023000,0.01015000,0.01020000,8088629.60000000,1762952399999999,82391.14038800,652,4395651.00000000,44798.90587600,0
1762952400000000,0.01020000,0.01029000,0.01012000,0.01027000,8856269.80000000,1762955999999999,90418.79714200,547,3785973.60000000,38701.16478200,0
1762956000000000,0.01026000,0.01029000,0.00990000,0.01005000,9711654.10000000,1762959599999999,97795.58772200,666,4471154.70000000,45072.57130600,0
1762959600000000,0.01004000,0.01011000,0.00985000,0.00987000,9560372.10000000,1762963199999999,95559.45033600,640,3644771.10000000,36468.75501200,0
1762963200000000,0.00987000,0.00991000,0.00961000,0.00965000,14635017.50000000,1762966799999999,141884.01663600,908,7271469.70000000,70518.10204300,0
1762966800000000,0.00965000,0.00972000,0.00952000,0.00969000,5362487.80000000,1762970399999999,51524.10799700,478,2756897.80000000,26489.45785300,0
1762970400000000,0.00969000,0.00974000,0.00955000,0.00958000,2523810.60000000,1762973999999999,24398.11813700,234,1290300.00000000,12486.40048800,0
1762974000000000,0.00957000,0.00958000,0.00943000,0.00953000,8024752.80000000,1762977599999999,76174.07043600,528,3410174.80000000,32383.54131200,0
1762977600000000,0.00953000,0.00974000,0.00951000,0.00966000,3733177.80000000,1762981199999999,36009.84087400,342,2101348.50000000,20273.45610700,0
1762981200000000,0.00966000,0.00970000,0.00964000,0.00970000,6337381.60000000,1762984799999999,61244.20506800,365,2634660.00000000,25461.77069100,0
1762984800000000,0.00969000,0.00972000,0.00964000,0.00969000,7021108.40000000,1762988399999999,68023.95164000,515,4054014.80000000,39287.90618600,0
1762988400000000,0.00969000,0.00969000,0.00958000,0.00963000,6895692.00000000,1762991999999999,66458.57172500,445,3449193.30000000,33230.84269500,0
1762992000000000,0.00962000,0.00967000,0.00946000,0.00950000,6135096.10000000,1762995599999999,58528.95054200,468,2910741.30000000,27777.90235600,0
1762995600000000,0.00949000,0.00962000,0.00946000,0.00947000,6451656.70000000,1762999199999999,61610.30606100,429,2901427.40000000,27738.54098900,0
1762999200000000,0.00947000,0.00958000,0.00945000,0.00955000,3829475.90000000,1763002799999999,36439.73902300,241,2243895.30000000,21352.19432100,0
1763002800000000,0.00955000,0.00965000,0.00934000,0.00955000,19317862.60000000,1763006399999999,183804.84840000,1083,9379392.60000000,89539.41087700,0
1763006400000000,0.00954000,0.00959000,0.00947000,0.00954000,4745912.10000000,1763009999999999,45228.90894300,442,2547478.80000000,24277.69466300,0
1763010000000000,0.00953000,0.00966000,0.00947000,0.00965000,6472920.40000000,1763013599999999,62019.84226800,720,5159960.00000000,49468.38306000,0
1763013600000000,0.00965000,0.00968000,0.00961000,0.00963000,4818398.40000000,1763017199999999,46458.25722700,493,2715335.10000000,26193.35724100,0
1763017200000000,0.00962000,0.00966000,0.00957000,0.00957000,1263814.90000000,1763020799999999,12160.31178600,222,748756.90000000,7206.12383300,0
1763020800000000,0.00958000,0.00964000,0.00956000,0.00957000,2030069.10000000,1763024399999999,19468.17881600,165,978657.50000000,9386.08128700,0
1763024400000000,0.00958000,0.00959000,0.00947000,0.00955000,1869159.50000000,1763027999999999,17829.72471000,256,1121536.80000000,10712.48131300,0
1763028000000000,0.00955000,0.00962000,0.00950000,0.00951000,2955042.20000000,1763031599999999,28237.31033700,290,929875.30000000,8885.26915500,0
1763031600000000,0.00952000,0.00953000,0.00948000,0.00950000,2443628.70000000,1763035199999999,23207.36975600,121,947609.80000000,9006.97732500,0
1763035200000000,0.00951000,0.00953000,0.00947000,0.00950000,1750859.90000000,1763038799999999,16644.16247100,243,861256.70000000,8192.26089900,0
1763038800000000,0.00951000,0.00954000,0.00943000,0.00950000,3640401.60000000,1763042399999999,34532.70865500,289,2317469.20000000,21984.64720100,0
1763042400000000,0.00950000,0.00966000,0.00940000,0.00964000,8439547.50000000,1763045999999999,80057.00123700,693,6228352.20000000,59094.11494900,0
1763046000000000,0.00962000,0.00966000,0.00948000,0.00954000,6211629.80000000,1763049599999999,59385.19408800,604,3285953.50000000,31439.64901300,0
1763049600000000,0.00954000,0.00955000,0.00922000,0.00925000,17761582.60000000,1763053199999999,166797.95549500,1258,8496097.60000000,79994.72254400,0
1763053200000000,0.00926000,0.00934000,0.00909000,0.00912000,9460532.30000000,1763056799999999,87227.58611700,741,4713299.70000000,43486.77357000,0
1763056800000000,0.00913000,0.00914000,0.00895000,0.00905000,14285969.40000000,1763060399999999,129082.22955700,987,7018196.20000000,63513.44724800,0
1763060400000000,0.00905000,0.00908000,0.00890000,0.00895000,5516247.60000000,1763063999999999,49573.85404300,426,2761438.90000000,24820.27834900,0
1763064000000000,0.00896000,0.00901000,0.00888000,0.00893000,6310361.20000000,1763067599999999,56376.79883900,464,2687565.00000000,24017.77652400,0
1763067600000000,0.00893000,0.00899000,0.00887000,0.00897000,3542244.00000000,1763071199999999,31634.39788700,256,1799016.30000000,16071.16258400,0
1763071200000000,0.00896000,0.00915000,0.00896000,0.00909000,6400937.90000000,1763074799999999,58049.64551400,438,4609069.50000000,41822.28914700,0
1763074800000000,0.00909000,0.00914000,0.00904000,0.00906000,5186630.40000000,1763078399999999,47130.90741700,467,2462417.50000000,22374.39316300,0
1763078400000000,0.00905000,0.00909000,0.00891000,0.00894000,7725233.50000000,1763081999999999,69570.87006800,617,4265735.20000000,38434.92916000,0
1763082000000000,0.00894000,0.00900000,0.00892000,0.00892000,6910230.20000000,1763085599999999,61863.76368000,590,3002289.80000000,26883.42469600,0
1763085600000000,0.00893000,0.00899000,0.00893000,0.00894000,5043389.60000000,1763089199999999,45152.02627400,321,2218997.30000000,19866.04482900,0
1763089200000000,0.00895000,0.00899000,0.00888000,0.00892000,3624579.90000000,1763092799999999,32400.46905100,344,1972287.80000000,17624.96201300,0
1763092800000000,0.00893000,0.00893000,0.00861000,0.00879000,11690202.20000000,1763096399999999,102196.79517200,1011,5737558.20000000,50177.35249800,0
1763096400000000,0.00879000,0.00893000,0.00879000,0.00888000,7401098.00000000,1763099999999999,65617.02224800,606,2907984.40000000,25792.16559200,0
1763100000000000,0.00887000,0.00893000,0.00871000,0.00893000,7388091.50000000,1763103599999999,65027.40388700,696,3791845.80000000,33383.61800000,0
1763103600000000,0.00893000,0.00896000,0.00885000,0.00891000,5836012.90000000,1763107199999999,51952.57003400,618,2985679.00000000,26590.57850200,0
1763107200000000,0.00891000,0.00892000,0.00887000,0.00890000,5938949.80000000,1763110799999999,52814.59845600,463,3162330.90000000,28124.26001500,0
1763110800000000,0.00889000,0.00893000,0.00877000,0.00882000,8226162.20000000,1763114399999999,72721.39368800,645,4210537.40000000,37189.91052200,0
1763114400000000,0.00883000,0.00892000,0.00883000,0.00886000,2447698.90000000,1763117999999999,21714.51656300,239,1248559.30000000,11076.29632800,0
1763118000000000,0.00885000,0.00888000,0.00882000,0.00887000,4886865.10000000,1763121599999999,43206.45007300,377,2474205.50000000,21868.63331700,0
1763121600000000,0.00887000,0.00888000,0.00872000,0.00886000,6378252.40000000,1763125199999999,56079.17566100,742,3500256.40000000,30767.04600300,0
1763125200000000,0.00887000,0.00891000,0.00874000,0.00881000,5532693.50000000,1763128799999999,48803.13996000,620,2594246.70000000,22898.40341900,0
1763128800000000,0.00881000,0.00899000,0.00875000,0.00896000,7319350.50000000,1763132399999999,65063.46971900,780,3980144.10000000,35374.46165600,0
1763132400000000,0.00895000,0.00909000,0.00888000,0.00901000,5408346.00000000,1763135999999999,48595.22488800,634,2824403.00000000,25375.33751800,0
1763136000000000,0.00902000,0.00910000,0.00899000,0.00908000,3927259.70000000,1763139599999999,35555.56215100,444,2335902.20000000,21152.48121100,0
1763139600000000,0.00907000,0.00910000,0.00889000,0.00891000,4199118.70000000,1763143199999999,37706.57457300,330,2019316.30000000,18136.82635200,0
1763143200000000,0.00891000,0.00900000,0.00890000,0.00895000,6540928.20000000,1763146799999999,58537.10404100,596,3621595.20000000,32421.11905700,0
1763146800000000,0.00896000,0.00909000,0.00894000,0.00908000,4160943.20000000,1763150399999999,37583.85088600,297,2092196.70000000,18902.02128500,0
1763150400000000,0.00908000,0.00913000,0.00889000,0.00898000,7620912.90000000,1763153999999999,68646.91405300,536,3280604.50000000,29425.57272000,0
1763154000000000,0.00898000,0.00904000,0.00894000,0.00900000,2577644.80000000,1763157599999999,23213.77911300,287,1228609.00000000,11063.43646300,0
1763157600000000,0.00901000,0.00904000,0.00894000,0.00895000,1992979.10000000,1763161199999999,17913.43711500,181,795867.60000000,7151.77703400,0
1763161200000000,0.00894000,0.00895000,0.00876000,0.00888000,3989755.30000000,1763164799999999,35288.04191100,448,2047474.40000000,18116.73307900,0
1763164800000000,0.00889000,0.00897000,0.00886000,0.00895000,4023175.20000000,1763168399999999,35873.14347200,488,1210943.30000000,10813.04719100,0
1763168400000000,0.00896000,0.00904000,0.00892000,0.00903000,939176.30000000,1763171999999999,8446.66854600,229,418801.10000000,3770.31440700,0
1763172000000000,0.00903000,0.00907000,0.00899000,0.00906000,1598979.70000000,1763175599999999,14434.54583400,291,441327.80000000,3983.70633900,0
1763175600000000,0.00906000,0.00910000,0.00905000,0.00906000,770715.40000000,1763179199999999,6994.45334900,177,401606.80000000,3645.60449800,0
1763179200000000,0.00906000,0.00912000,0.00906000,0.00906000,819082.60000000,1763182799999999,7439.16816700,201,299139.40000000,2719.93043400,0
1763182800000000,0.00907000,0.00911000,0.00905000,0.00909000,1923775.70000000,1763186399999999,17448.62755300,681,449494.60000000,4081.32343400,0
1763186400000000,0.00909000,0.00915000,0.00909000,0.00909000,1363886.50000000,1763189999999999,12432.49769000,242,479544.60000000,4373.32757600,0
1763190000000000,0.00909000,0.00911000,0.00902000,0.00906000,1665947.90000000,1763193599999999,15109.29188000,256,942748.90000000,8551.06641600,0
1763193600000000,0.00904000,0.00904000,0.00889000,0.00892000,1493120.80000000,1763197199999999,13391.85397600,161,485986.70000000,4359.05015200,0
1763197200000000,0.00891000,0.00903000,0.00891000,0.00898000,3912534.00000000,1763200799999999,35128.09468000,261,395387.90000000,3553.80856100,0
1763200800000000,0.00898000,0.00900000,0.00892000,0.00897000,1464334.90000000,1763204399999999,13120.46917800,178,695568.80000000,6233.47626900,0
1763204400000000,0.00897000,0.00899000,0.00890000,0.00892000,1408762.50000000,1763207999999999,12591.61799400,156,365599.30000000,3269.64429800,0
1763208000000000,0.00893000,0.00902000,0.00891000,0.00900000,1741836.70000000,1763211599999999,15647.67408600,155,1241218.40000000,11156.97440100,0
1763211600000000,0.00900000,0.00907000,0.00897000,0.00904000,1193514.30000000,1763215199999999,10765.12194300,136,872364.70000000,7868.10031000,0
1763215200000000,0.00903000,0.00904000,0.00898000,0.00902000,262493.60000000,1763218799999999,2363.62026700,61,139890.10000000,1259.89145100,0
1763218800000000,0.00900000,0.00901000,0.00895000,0.00897000,432942.50000000,1763222399999999,3887.77794100,86,233203.60000000,2093.92165300,0
1763222400000000,0.00896000,0.00898000,0.00890000,0.00898000,662201.70000000,1763225999999999,5918.22028600,119,404818.50000000,3619.58827100,0
1763226000000000,0.00896000,0.00905000,0.00896000,0.00902000,730604.90000000,1763229599999999,6579.25323700,160,413150.90000000,3725.75338800,0
1763229600000000,0.00902000,0.00905000,0.00895000,0.00896000,2964649.00000000,1763233199999999,26625.19041900,239,1592204.80000000,14302.31664000,0
1763233200000000,0.00896000,0.00898000,0.00893000,0.00893000,804116.10000000,1763236799999999,7194.90723200,97,405009.40000000,3624.79835800,0
1763236800000000,0.00894000,0.00894000,0.00887000,0.00888000,973489.00000000,1763240399999999,8660.75654100,194,411777.50000000,3663.75799900,0
1763240400000000,0.00889000,0.00892000,0.00883000,0.00883000,711368.40000000,1763243999999999,6319.57998600,70,493028.40000000,4385.92676500,0
1763244000000000,0.00885000,0.00889000,0.00883000,0.00886000,1300936.40000000,1763247599999999,11526.69382600,218,358434.40000000,3173.90764800,0
1763247600000000,0.00886000,0.00894000,0.00886000,0.00892000,1121219.00000000,1763251199999999,9979.15092400,268,395966.50000000,3526.65267600,0
1763251200000000,0.00892000,0.00892000,0.00879000,0.00882000,2282115.00000000,1763254799999999,20166.51401600,403,544740.10000000,4812.89746600,0
1763254800000000,0.00882000,0.00884000,0.00871000,0.00880000,3914641.80000000,1763258399999999,34340.65388600,545,1207763.60000000,10596.85196100,0
1763258400000000,0.00881000,0.00891000,0.00878000,0.00890000,710395.20000000,1763261999999999,6298.70817000,104,358429.10000000,3175.10363200,0
1763262000000000,0.00891000,0.00895000,0.00887000,0.00892000,882516.10000000,1763265599999999,7859.77362800,122,446276.90000000,3979.11101800,0
1763265600000000,0.00891000,0.00891000,0.00884000,0.00887000,431880.50000000,1763269199999999,3827.60606600,78,217741.00000000,1928.85724800,0
1763269200000000,0.00888000,0.00895000,0.00888000,0.00893000,923315.10000000,1763272799999999,8237.99091300,126,427753.90000000,3815.03690900,0
1763272800000000,0.00891000,0.00897000,0.00891000,0.00894000,587938.30000000,1763276399999999,5264.05966900,63,430518.90000000,3856.62765500,0
1763276400000000,0.00893000,0.00894000,0.00891000,0.00894000,1978997.50000000,1763279999999999,17673.59514500,69,196903.00000000,1759.81733800,0
1763280000000000,0.00894000,0.00894000,0.00887000,0.00889000,502822.10000000,1763283599999999,4474.50332700,90,116604.00000000,1037.55721700,0
1763283600000000,0.00889000,0.00898000,0.00889000,0.00896000,1201675.20000000,1763287199999999,10762.24240400,108,699038.80000000,6262.30064700,0
1763287200000000,0.00897000,0.00898000,0.00891000,0.00892000,934099.10000000,1763290799999999,8352.07505600,124,253151.00000000,2267.26984900,0
1763290800000000,0.00893000,0.00893000,0.00873000,0.00875000,1092411.30000000,1763294399999999,9599.54588800,178,406245.50000000,3572.04260300,0
1763294400000000,0.00876000,0.00882000,0.00873000,0.00879000,1517446.30000000,1763297999999999,13340.03939100,177,1060513.40000000,9323.77151800,0
1763298000000000,0.00878000,0.00880000,0.00870000,0.00872000,1759319.60000000,1763301599999999,15389.43518900,176,1116231.50000000,9768.17352000,0
1763301600000000,0.00871000,0.00880000,0.00870000,0.00878000,1158472.60000000,1763305199999999,10122.37749900,111,394021.00000000,3442.25398500,0
1763305200000000,0.00877000,0.00878000,0.00856000,0.00858000,3395919.10000000,1763308799999999,29374.59401300,374,1840572.80000000,15916.37028900,0
1763308800000000,0.00859000,0.00866000,0.00852000,0.00854000,3713159.20000000,1763312399999999,31826.23560200,353,2199483.60000000,18858.79552900,0
1763312400000000,0.00856000,0.00862000,0.00847000,0.00858000,3245771.00000000,1763315999999999,27736.73074400,304,2137720.20000000,18260.98498900,0
1763316000000000,0.00857000,0.00871000,0.00851000,0.00853000,2333916.30000000,1763319599999999,20129.41070700,297,1342358.80000000,11576.49156400,0
1763319600000000,0.00853000,0.00865000,0.00853000,0.00858000,1402036.70000000,1763323199999999,12059.77939900,218,562201.40000000,4836.10223700,0
1763323200000000,0.00857000,0.00865000,0.00856000,0.00858000,7029611.70000000,1763326799999999,60510.70399500,550,2767730.10000000,23825.37957000,0
1763326800000000,0.00857000,0.00859000,0.00852000,0.00858000,658769.50000000,1763330399999999,5630.24272400,110,311857.80000000,2664.99659000,0
1763330400000000,0.00857000,0.00875000,0.00855000,0.00873000,1986859.90000000,1763333999999999,17186.20435200,131,1126225.70000000,9750.81487000,0
1763334000000000,0.00871000,0.00881000,0.00856000,0.00876000,2182025.40000000,1763337599999999,18964.32676500,172,1220469.20000000,10612.91095900,0
1763337600000000,0.00877000,0.00885000,0.00868000,0.00880000,1761027.30000000,1763341199999999,15496.19720600,145,746478.30000000,6564.26918400,0
1763341200000000,0.00880000,0.00882000,0.00875000,0.00875000,963626.10000000,1763344799999999,8460.01964900,80,448922.60000000,3942.51271600,0
1763344800000000,0.00875000,0.00881000,0.00874000,0.00876000,1490637.10000000,1763348399999999,13074.39851300,175,696141.90000000,6104.95932800,0
1763348400000000,0.00877000,0.00885000,0.00876000,0.00884000,2217473.70000000,1763351999999999,19528.92236600,228,684879.80000000,6036.19614100,0
1763352000000000,0.00884000,0.00889000,0.00881000,0.00882000,2189401.10000000,1763355599999999,19402.72848500,310,1058865.00000000,9384.30167500,0
1763355600000000,0.00882000,0.00885000,0.00880000,0.00884000,1335255.10000000,1763359199999999,11781.05638000,71,879687.00000000,7760.87137500,0
1763359200000000,0.00883000,0.00883000,0.00878000,0.00881000,1271369.90000000,1763362799999999,11193.05586700,100,639249.60000000,5628.71859600,0
1763362800000000,0.00881000,0.00888000,0.00881000,0.00886000,1254851.80000000,1763366399999999,11100.95445900,191,554908.00000000,4911.04263700,0
1763366400000000,0.00887000,0.00887000,0.00881000,0.00881000,1839420.50000000,1763369999999999,16266.68748600,201,1044283.40000000,9237.30666700,0
1763370000000000,0.00881000,0.00887000,0.00881000,0.00884000,1947889.70000000,1763373599999999,17220.93161900,134,734344.20000000,6491.10060100,0
1763373600000000,0.00883000,0.00887000,0.00883000,0.00883000,1514555.50000000,1763377199999999,13401.50302400,128,709022.70000000,6272.92461500,0
1763377200000000,0.00884000,0.00889000,0.00883000,0.00885000,3336583.80000000,1763380799999999,29529.89900700,196,1916579.10000000,16958.92153800,0
1763380800000000,0.00885000,0.00888000,0.00882000,0.00883000,3257896.40000000,1763384399999999,28835.38246400,200,1293973.30000000,11468.16800300,0
1763384400000000,0.00884000,0.00884000,0.00859000,0.00865000,5382840.40000000,1763387999999999,47174.60575800,423,2200030.40000000,19241.79984900,0
1763388000000000,0.00864000,0.00899000,0.00862000,0.00883000,10190756.70000000,1763391599999999,89353.76618900,637,5264627.40000000,46121.72451200,0
1763391600000000,0.00883000,0.00886000,0.00868000,0.00878000,5410037.00000000,1763395199999999,47524.61456500,478,3683327.60000000,32368.16172200,0
1763395200000000,0.00877000,0.00882000,0.00864000,0.00882000,5029191.30000000,1763398799999999,43917.69961200,357,2245970.80000000,19626.80646700,0
1763398800000000,0.00882000,0.00882000,0.00856000,0.00856000,2257064.20000000,1763402399999999,19618.73421000,197,1015661.10000000,8815.45053100,0
1763402400000000,0.00858000,0.00861000,0.00842000,0.00846000,8587129.80000000,1763405999999999,72907.26351900,624,3867754.20000000,32844.90173000,0
1763406000000000,0.00847000,0.00852000,0.00839000,0.00843000,10255973.00000000,1763409599999999,86626.21144100,782,6089011.90000000,51442.40249200,0
1763409600000000,0.00843000,0.00852000,0.00839000,0.00848000,3661695.90000000,1763413199999999,30932.49416800,345,2001705.60000000,16910.00592100,0
1763413200000000,0.00849000,0.00851000,0.00839000,0.00845000,6046044.80000000,1763416799999999,51088.46747500,476,2851161.30000000,24092.40157600,0
1763416800000000,0.00845000,0.00851000,0.00844000,0.00849000,1554762.70000000,1763420399999999,13182.67754300,262,758454.10000000,6432.48442200,0
1763420400000000,0.00848000,0.00855000,0.00845000,0.00855000,2329179.90000000,1763423999999999,19758.40118500,235,951464.90000000,8084.53195100,0
1763424000000000,0.00854000,0.00857000,0.00839000,0.00854000,2758244.30000000,1763427599999999,23460.45821800,204,1258545.10000000,10693.15855400,0
1763427600000000,0.00854000,0.00860000,0.00852000,0.00854000,1921707.00000000,1763431199999999,16447.96105300,144,1189391.20000000,10180.92546200,0
1763431200000000,0.00853000,0.00864000,0.00844000,0.00848000,4229050.00000000,1763434799999999,36133.96101600,348,1525703.60000000,13033.72072800,0
1763434800000000,0.00848000,0.00863000,0.00839000,0.00861000,3842446.70000000,1763438399999999,32707.81139900,331,2004816.80000000,17085.92928300,0
1763438400000000,0.00861000,0.00863000,0.00849000,0.00863000,3066695.60000000,1763441999999999,26236.05037700,204,1569083.20000000,13423.55312300,0
1763442000000000,0.00861000,0.00870000,0.00858000,0.00860000,3182064.40000000,1763445599999999,27487.84555500,283,1538835.80000000,13314.48512800,0
1763445600000000,0.00859000,0.00862000,0.00850000,0.00850000,1418818.50000000,1763449199999999,12164.71668700,250,688845.70000000,5905.69750100,0
1763449200000000,0.00850000,0.00859000,0.00848000,0.00857000,2392163.80000000,1763452799999999,20407.90368300,220,912602.90000000,7792.51382800,0
1763452800000000,0.00857000,0.00867000,0.00856000,0.00862000,2975765.90000000,1763456399999999,25612.55000100,255,1671727.20000000,14390.77545800,0
1763456400000000,0.00863000,0.00863000,0.00855000,0.00862000,2156948.70000000,1763459999999999,18511.96524700,243,1072077.50000000,9202.48024300,0
1763460000000000,0.00862000,0.00864000,0.00858000,0.00862000,1738256.90000000,1763463599999999,14975.12925800,203,958975.40000000,8262.41675800,0
1763463600000000,0.00862000,0.00862000,0.00857000,0.00858000,2639705.10000000,1763467199999999,22697.08602900,158,1691285.40000000,14544.45302700,0
1763467200000000,0.00858000,0.00864000,0.00855000,0.00863000,2511636.90000000,1763470799999999,21574.11218200,177,1382618.80000000,11871.52008200,0
1763470800000000,0.00864000,0.00865000,0.00859000,0.00862000,4458604.90000000,1763474399999999,38467.84872200,251,3166409.40000000,27319.15670400,0
1763474400000000,0.00863000,0.00873000,0.00858000,0.00860000,6151522.60000000,1763477999999999,53246.59752900,471,2169537.00000000,18807.32482000,0
1763478000000000,0.00858000,0.00871000,0.00856000,0.00864000,13405581.80000000,1763481599999999,115840.11714200,766,3324892.70000000,28688.77031800,0
1763481600000000,0.00865000,0.00880000,0.00863000,0.00879000,11649837.60000000,1763485199999999,101656.16671600,571,5508972.10000000,47999.53008200,0
1763485200000000,0.00878000,0.00885000,0.00876000,0.00881000,5864983.30000000,1763488799999999,51696.71497100,419,3843464.20000000,33882.35577100,0
1763488800000000,0.00882000,0.00885000,0.00880000,0.00881000,5337359.40000000,1763492399999999,47085.86457900,357,3541744.20000000,31247.83236000,0
1763492400000000,0.00881000,0.00885000,0.00877000,0.00880000,3682017.40000000,1763495999999999,32425.76598900,373,1740843.60000000,15331.90475500,0
1763496000000000,0.00880000,0.00881000,0.00876000,0.00878000,6159026.50000000,1763499599999999,54094.02598000,567,2782343.60000000,24440.57550400,0
1763499600000000,0.00877000,0.00877000,0.00864000,0.00864000,2245066.90000000,1763503199999999,19576.30125200,305,886082.30000000,7728.19876000,0
1763503200000000,0.00864000,0.00877000,0.00864000,0.00874000,1258169.10000000,1763506799999999,10951.71800000,119,656467.80000000,5717.04083300,0
1763506800000000,0.00873000,0.00873000,0.00867000,0.00869000,2174616.10000000,1763510399999999,18901.54362600,230,985473.40000000,8572.22315800,0
1763510400000000,0.00870000,0.00872000,0.00861000,0.00871000,3887321.10000000,1763513999999999,33708.02996300,318,2137035.10000000,18539.37185400,0
1763514000000000,0.00871000,0.00876000,0.00867000,0.00867000,1014693.00000000,1763517599999999,8828.38938900,240,558615.50000000,4863.93458000,0
1763517600000000,0.00868000,0.00872000,0.00866000,0.00869000,1534158.90000000,1763521199999999,13327.03265500,127,734100.90000000,6376.49655700,0
1763521200000000,0.00866000,0.00868000,0.00858000,0.00859000,1860959.80000000,1763524799999999,16026.85990400,163,985858.50000000,8489.56598800,0
1763524800000000,0.00860000,0.00862000,0.00855000,0.00856000,4348228.30000000,1763528399999999,37358.03148700,263,1575121.80000000,13541.95270700,0
1763528400000000,0.00856000,0.00858000,0.00841000,0.00844000,2936368.30000000,1763531999999999,24922.98616100,186,1395805.20000000,11839.24425500,0
1763532000000000,0.00843000,0.00853000,0.00842000,0.00852000,3166009.50000000,1763535599999999,26782.56323700,196,2099330.90000000,17766.53880300,0
1763535600000000,0.00853000,0.00863000,0.00853000,0.00861000,1660815.30000000,1763539199999999,14243.13320900,152,934695.90000000,8017.54062500,0
1763539200000000,0.00861000,0.00864000,0.00857000,0.00859000,1087815.00000000,1763542799999999,9366.08171000,107,473057.80000000,4074.35056100,0
1763542800000000,0.00859000,0.00860000,0.00852000,0.00859000,3439051.30000000,1763546399999999,29404.12222700,202,1234970.10000000,10571.20640400,0
1763546400000000,0.00858000,0.00863000,0.00855000,0.00856000,5539337.00000000,1763549999999999,47473.47014500,272,3770599.60000000,32296.99098000,0
1763550000000000,0.00855000,0.00858000,0.00855000,0.00856000,8763483.30000000,1763553599999999,74994.34973500,277,6376745.80000000,54569.65571600,0
1763553600000000,0.00856000,0.00860000,0.00856000,0.00860000,1773977.30000000,1763557199999999,15222.90672700,126,1030063.00000000,8841.18348100,0
1763557200000000,0.00859000,0.00861000,0.00853000,0.00854000,5507104.50000000,1763560799999999,47226.17232900,312,3525715.90000000,30232.91087800,0
1763560800000000,0.00853000,0.00855000,0.00845000,0.00854000,4533642.80000000,1763564399999999,38550.79531500,285,2125924.80000000,18082.49081100,0
1763564400000000,0.00854000,0.00864000,0.00836000,0.00836000,4188135.30000000,1763567999999999,35582.84502800,277,1807831.30000000,15375.37959800,0
1763568000000000,0.00835000,0.00841000,0.00822000,0.00825000,5431918.20000000,1763571599999999,45151.97162600,333,3176777.00000000,26405.33433900,0
1763571600000000,0.00826000,0.00830000,0.00812000,0.00822000,7304322.50000000,1763575199999999,59944.50295600,485,4137701.50000000,33957.88578600,0
1763575200000000,0.00821000,0.00827000,0.00810000,0.00814000,4866843.20000000,1763578799999999,39785.93711300,383,2932802.40000000,23965.50902300,0
1763578800000000,0.00815000,0.00820000,0.00813000,0.00817000,4446979.00000000,1763582399999999,36267.83381300,282,2517088.40000000,20534.08844000,0
1763582400000000,0.00818000,0.00830000,0.00817000,0.00830000,3854956.80000000,1763585999999999,31695.49703700,233,1475858.30000000,12139.92805900,0
1763586000000000,0.00830000,0.00847000,0.00828000,0.00844000,6865716.60000000,1763589599999999,57497.10904000,353,3296727.70000000,27606.87171200,0
1763589600000000,0.00844000,0.00844000,0.00838000,0.00843000,1812114.90000000,1763593199999999,15241.18883400,131,439896.40000000,3699.73877100,0
1763593200000000,0.00842000,0.00849000,0.00841000,0.00846000,1954480.30000000,1763596799999999,16540.09305100,159,1015843.50000000,8599.99314600,0
1763596800000000,0.00845000,0.00851000,0.00845000,0.00848000,1670977.50000000,1763600399999999,14177.69635900,201,655311.90000000,5560.71436900,0
1763600400000000,0.00847000,0.00854000,0.00847000,0.00851000,2822479.50000000,1763603999999999,24033.82527700,407,1877372.30000000,15992.68365500,0
1763604000000000,0.00851000,0.00855000,0.00851000,0.00852000,1900097.90000000,1763607599999999,16202.73838700,238,723231.00000000,6170.02602500,0
1763607600000000,0.00852000,0.00854000,0.00851000,0.00853000,746143.10000000,1763611199999999,6360.85034000,164,265166.40000000,2262.13743300,0
1763611200000000,0.00853000,0.00854000,0.00850000,0.00854000,2335105.60000000,1763614799999999,19892.76641200,293,1092744.90000000,9311.52959600,0
1763614800000000,0.00855000,0.00856000,0.00853000,0.00856000,1793596.60000000,1763618399999999,15318.33575100,133,824127.90000000,7041.75539800,0
1763618400000000,0.00856000,0.00859000,0.00851000,0.00853000,2992412.20000000,1763621999999999,25615.32461200,162,1410777.50000000,12077.39083400,0
1763622000000000,0.00854000,0.00858000,0.00852000,0.00858000,1681756.50000000,1763625599999999,14370.96911000,109,968286.60000000,8274.03798500,0
1763625600000000,0.00858000,0.00858000,0.00855000,0.00856000,1131001.10000000,1763629199999999,9686.40487700,100,520515.80000000,4458.13154800,0
1763629200000000,0.00856000,0.00857000,0.00853000,0.00853000,1085849.70000000,1763632799999999,9282.74439600,106,582935.20000000,4982.61901000,0
1763632800000000,0.00853000,0.00853000,0.00848000,0.00851000,1721396.30000000,1763636399999999,14636.91181500,191,474334.20000000,4034.71884900,0
1763636400000000,0.00851000,0.00856000,0.00845000,0.00854000,5953469.30000000,1763639999999999,50565.16941800,299,1820259.60000000,15511.77308100,0
1763640000000000,0.00854000,0.00874000,0.00854000,0.00872000,4069449.30000000,1763643599999999,35264.54486500,236,2206868.40000000,19127.49386100,0
1763643600000000,0.00874000,0.00876000,0.00863000,0.00866000,7797711.70000000,1763647199999999,67795.20413700,466,2948479.10000000,25657.39616200,0
1763647200000000,0.00865000,0.00873000,0.00856000,0.00870000,5086538.30000000,1763650799999999,44070.88772100,290,2757040.70000000,23891.23495200,0
1763650800000000,0.00868000,0.00868000,0.00857000,0.00857000,5038404.90000000,1763654399999999,43438.59612100,276,2810592.40000000,24241.95256800,0
1763654400000000,0.00858000,0.00858000,0.00822000,0.00825000,9832883.10000000,1763657999999999,82286.09572900,512,4605988.50000000,38550.33292300,0
1763658000000000,0.00825000,0.00830000,0.00810000,0.00810000,7587054.10000000,1763661599999999,61904.42606900,399,3862812.20000000,31501.16817000,0
1763661600000000,0.00810000,0.00813000,0.00802000,0.00802000,10135289.30000000,1763665199999999,82061.80308800,581,5405909.60000000,43789.07899000,0
1763665200000000,0.00802000,0.00814000,0.00797000,0.00813000,6552653.70000000,1763668799999999,52801.11848800,382,3956717.10000000,31896.45226000,0
1763668800000000,0.00812000,0.00812000,0.00800000,0.00805000,4438611.50000000,1763672399999999,35840.31901400,321,2047304.20000000,16530.11191400,0
1763672400000000,0.00806000,0.00818000,0.00806000,0.00813000,1636390.20000000,1763675999999999,13285.57299300,181,805440.90000000,6533.35131900,0
1763676000000000,0.00814000,0.00826000,0.00814000,0.00821000,3168521.40000000,1763679599999999,26026.49160400,312,1507575.40000000,12380.18247700,0
1763679600000000,0.00821000,0.00821000,0.00804000,0.00804000,3264255.30000000,1763683199999999,26440.80490500,312,1694886.50000000,13721.44714700,0
1763683200000000,0.00805000,0.00821000,0.00804000,0.00820000,4015326.20000000,1763686799999999,32655.22058500,211,2217245.40000000,18018.55808000,0
1763686800000000,0.00820000,0.00827000,0.00820000,0.00823000,2706781.00000000,1763690399999999,22294.05975300,185,1790096.00000000,14742.57837300,0
1763690400000000,0.00823000,0.00823000,0.00801000,0.00803000,5707665.60000000,1763693999999999,46380.78511500,290,2845808.20000000,23117.94113900,0
1763694000000000,0.00803000,0.00817000,0.00803000,0.00813000,3212498.40000000,1763697599999999,26058.58601500,203,1707857.50000000,13846.13249800,0
1763697600000000,0.00812000,0.00812000,0.00798000,0.00810000,3446348.40000000,1763701199999999,27747.18190300,279,1816588.10000000,14625.48671400,0
1763701200000000,0.00810000,0.00813000,0.00801000,0.00801000,2508593.60000000,1763704799999999,20281.05809400,164,1174373.60000000,9493.18526200,0
1763704800000000,0.00803000,0.00810000,0.00801000,0.00807000,2783225.60000000,1763708399999999,22411.05040300,232,959493.70000000,7727.51092900,0
1763708400000000,0.00807000,0.00809000,0.00736000,0.00776000,27327341.80000000,1763711999999999,211601.20292600,1650,13484559.50000000,104055.91615600,0
1763712000000000,0.00777000,0.00787000,0.00773000,0.00776000,6232655.10000000,1763715599999999,48527.22316700,451,3268024.20000000,25441.17525300,0
1763715600000000,0.00777000,0.00781000,0.00762000,0.00763000,4967920.40000000,1763719199999999,38202.16815400,326,1877504.40000000,14427.60361200,0
1763719200000000,0.00763000,0.00771000,0.00759000,0.00763000,6211075.20000000,1763722799999999,47500.53634700,440,3394133.00000000,25964.07748800,0
1763722800000000,0.00762000,0.00769000,0.00756000,0.00756000,5234275.40000000,1763726399999999,39947.33745600,368,2420028.70000000,18492.26835800,0
1763726400000000,0.00757000,0.00774000,0.00741000,0.00770000,15260145.60000000,1763729999999999,115245.58902200,747,8775376.40000000,66193.47365800,0
1763730000000000,0.00770000,0.00781000,0.00767000,0.00776000,5336960.00000000,1763733599999999,41276.27715400,342,2825529.10000000,21829.34738200,0
1763733600000000,0.00776000,0.00790000,0.00771000,0.00786000,7508572.50000000,1763737199999999,58698.37830500,387,4070793.10000000,31785.70463300,0
1763737200000000,0.00787000,0.00787000,0.00770000,0.00772000,9168227.80000000,1763740799999999,71094.69066500,393,4661754.00000000,36136.12181900,0
1763740800000000,0.00773000,0.00796000,0.00764000,0.00795000,8559743.90000000,1763744399999999,66237.81634400,415,4833703.70000000,37375.08554900,0
1763744400000000,0.00795000,0.00807000,0.00792000,0.00799000,7009313.00000000,1763747999999999,56261.99546000,369,4413822.30000000,35455.03513000,0
1763748000000000,0.00800000,0.00804000,0.00782000,0.00798000,5223541.70000000,1763751599999999,41330.83934000,269,2105329.50000000,16654.71273300,0
1763751600000000,0.00799000,0.00815000,0.00791000,0.00793000,36028416.30000000,1763755199999999,290429.80611000,1279,20106801.10000000,162408.70185400,0
1763755200000000,0.00794000,0.00794000,0.00776000,0.00780000,6331067.20000000,1763758799999999,49642.44852400,391,2854289.90000000,22391.90133700,0
1763758800000000,0.00781000,0.00795000,0.00776000,0.00790000,5559030.90000000,1763762399999999,43786.23612100,258,2785082.30000000,21947.62167000,0
1763762400000000,0.00790000,0.00792000,0.00768000,0.00770000,2609259.60000000,1763765999999999,20386.76993600,176,1422242.20000000,11089.74192300,0
1763766000000000,0.00768000,0.00795000,0.00764000,0.00792000,4260501.90000000,1763769599999999,33323.71691000,306,2185942.10000000,17060.54193000,0
1763769600000000,0.00793000,0.00797000,0.00787000,0.00793000,3801297.90000000,1763773199999999,30142.05299600,250,1925385.20000000,15259.32150100,0
1763773200000000,0.00794000,0.00801000,0.00792000,0.00797000,1820428.80000000,1763776799999999,14514.01066600,158,565489.40000000,4503.69611200,0
1763776800000000,0.00797000,0.00798000,0.00788000,0.00793000,1554736.50000000,1763780399999999,12337.53783100,188,910827.70000000,7233.22899600,0
1763780400000000,0.00793000,0.00797000,0.00789000,0.00791000,1200034.30000000,1763783999999999,9517.68454200,105,650599.00000000,5160.10115800,0
1763784000000000,0.00790000,0.00790000,0.00775000,0.00787000,4119629.90000000,1763787599999999,32174.42619300,250,2216943.40000000,17326.64473300,0
1763787600000000,0.00787000,0.00789000,0.00777000,0.00784000,2592225.50000000,1763791199999999,20302.79681000,270,1546473.80000000,12104.58024700,0
1763791200000000,0.00785000,0.00794000,0.00779000,0.00791000,2982393.40000000,1763794799999999,23490.51860200,202,1304278.40000000,10261.40376800,0
1763794800000000,0.00791000,0.00793000,0.00786000,0.00791000,2191996.60000000,1763798399999999,17329.32554300,231,917059.10000000,7257.44260900,0
1763798400000000,0.00791000,0.00791000,0.00773000,0.00775000,4790993.10000000,1763801999999999,37313.07182000,338,2694970.70000000,20981.90850300,0
1763802000000000,0.00776000,0.00784000,0.00773000,0.00774000,5347033.50000000,1763805599999999,41632.63980600,285,2026554.00000000,15786.47813200,0
1763805600000000,0.00775000,0.00778000,0.00764000,0.00768000,4231403.20000000,1763809199999999,32553.83575700,212,1907573.40000000,14657.58409100,0
1763809200000000,0.00768000,0.00779000,0.00768000,0.00776000,2182009.20000000,1763812799999999,16885.52395000,331,1101488.30000000,8521.65085900,0
1763812800000000,0.00776000,0.00776000,0.00764000,0.00768000,1503687.00000000,1763816399999999,11567.91130500,144,668236.40000000,5140.64356400,0
1763816400000000,0.00768000,0.00772000,0.00764000,0.00770000,2457172.20000000,1763819999999999,18862.72205900,401,856653.00000000,6575.31657200,0
1763820000000000,0.00772000,0.00785000,0.00771000,0.00781000,2232921.90000000,1763823599999999,17385.21395600,199,950516.60000000,7406.61644200,0
1763823600000000,0.00782000,0.00782000,0.00772000,0.00777000,662654.60000000,1763827199999999,5155.22509500,109,286871.10000000,2229.22801400,0
1763827200000000,0.00776000,0.00787000,0.00776000,0.00785000,3226298.10000000,1763830799999999,25290.50340300,224,2388375.50000000,18725.11297300,0
1763830800000000,0.00785000,0.00785000,0.00779000,0.00780000,1563490.20000000,1763834399999999,12218.63967600,142,516011.40000000,4034.51204900,0
1763834400000000,0.00779000,0.00783000,0.00777000,0.00779000,1544459.90000000,1763837999999999,12033.99974200,171,764376.50000000,5957.25712900,0
1763838000000000,0.00780000,0.00783000,0.00778000,0.00780000,1225364.20000000,1763841599999999,9560.98685300,188,502006.40000000,3918.18739200,0
1763841600000000,0.00780000,0.00784000,0.00775000,0.00776000,1063889.10000000,1763845199999999,8290.22670400,103,353764.10000000,2757.75942400,0
1763845200000000,0.00776000,0.00782000,0.00776000,0.00782000,1879432.90000000,1763848799999999,14667.41493200,125,702632.80000000,5483.74754000,0
1763848800000000,0.00782000,0.00796000,0.00779000,0.00792000,2737216.40000000,1763852399999999,21494.08033300,195,1828416.60000000,14362.35557900,0
1763852400000000,0.00791000,0.00792000,0.00783000,0.00784000,536909.00000000,1763855999999999,4218.61872000,92,193225.40000000,1518.42285700,0
1763856000000000,0.00784000,0.00786000,0.00782000,0.00783000,2605108.70000000,1763859599999999,20425.01272600,243,1369334.90000000,10737.93468500,0
1763859600000000,0.00784000,0.00796000,0.00783000,0.00791000,2825653.70000000,1763863199999999,22325.37622900,346,1058238.00000000,8350.09032700,0
1763863200000000,0.00792000,0.00795000,0.00789000,0.00793000,2140942.40000000,1763866799999999,16978.22009900,194,1038331.00000000,8235.48544300,0
1763866800000000,0.00792000,0.00793000,0.00786000,0.00791000,1331393.80000000,1763870399999999,10502.45006300,138,736070.00000000,5805.32038300,0
1763870400000000,0.00791000,0.00797000,0.00791000,0.00795000,2369409.40000000,1763873999999999,18809.81703300,158,1555474.70000000,12353.65009900,0
1763874000000000,0.00794000,0.00800000,0.00794000,0.00800000,2046190.90000000,1763877599999999,16283.65527300,121,940723.10000000,7489.22097600,0
1763877600000000,0.00799000,0.00800000,0.00790000,0.00791000,1850973.10000000,1763881199999999,14675.87513300,167,589720.70000000,4676.76288200,0
1763881200000000,0.00791000,0.00794000,0.00784000,0.00794000,3463346.80000000,1763884799999999,27332.91325900,209,1966888.40000000,15531.59301600,0
1763884800000000,0.00794000,0.00797000,0.00793000,0.00796000,1421627.30000000,1763888399999999,11290.04325600,128,981513.30000000,7794.35325700,0
1763888400000000,0.00795000,0.00799000,0.00794000,0.00797000,1869189.90000000,1763891999999999,14886.49572300,143,1148902.90000000,9150.51322000,0
1763892000000000,0.00797000,0.00801000,0.00796000,0.00797000,4574205.40000000,1763895599999999,36528.45456100,356,2865376.10000000,22883.67179100,0
1763895600000000,0.00796000,0.00798000,0.00792000,0.00797000,3121780.40000000,1763899199999999,24832.16054800,236,1430577.70000000,11383.58207500,0
1763899200000000,0.00797000,0.00806000,0.00797000,0.00801000,2902802.70000000,1763902799999999,23277.71200000,201,859091.50000000,6889.40591600,0
1763902800000000,0.00801000,0.00803000,0.00799000,0.00801000,1918510.40000000,1763906399999999,15361.74041800,137,639496.50000000,5122.52134700,0
1763906400000000,0.00801000,0.00805000,0.00794000,0.00794000,1958520.20000000,1763909999999999,15669.26309600,156,869789.40000000,6959.85606500,0
1763910000000000,0.00794000,0.00801000,0.00792000,0.00799000,2102677.60000000,1763913599999999,16757.53305600,293,720486.20000000,5743.59363100,0
1763913600000000,0.00799000,0.00802000,0.00793000,0.00793000,2664643.70000000,1763917199999999,21291.95844500,267,852788.40000000,6815.23396200,0
1763917200000000,0.00794000,0.00794000,0.00789000,0.00790000,3440334.60000000,1763920799999999,27244.35123500,296,1533791.00000000,12150.38893600,0
1763920800000000,0.00793000,0.00796000,0.00793000,0.00793000,1396739.70000000,1763924399999999,11100.48496400,224,689572.20000000,5480.97429900,0
1763924400000000,0.00793000,0.00802000,0.00793000,0.00797000,3110532.60000000,1763927999999999,24872.57668400,234,741328.80000000,5926.51265400,0
1763928000000000,0.00797000,0.00798000,0.00793000,0.00793000,2543030.00000000,1763931599999999,20245.65607300,212,1545745.40000000,12312.20482100,0
1763931600000000,0.00793000,0.00796000,0.00790000,0.00795000,1819058.10000000,1763935199999999,14433.21142500,350,595122.80000000,4724.79957400,0
1763935200000000,0.00795000,0.00796000,0.00789000,0.00793000,1029867.70000000,1763938799999999,8155.67568300,183,521249.70000000,4129.88583500,0
1763938800000000,0.00792000,0.00792000,0.00782000,0.00784000,1575082.20000000,1763942399999999,12378.72260400,123,515122.50000000,4045.61453000,0
1763942400000000,0.00784000,0.00788000,0.00777000,0.00783000,3189328.60000000,1763945999999999,24933.86548600,181,2054211.30000000,16062.67314900,0
1763946000000000,0.00782000,0.00789000,0.00780000,0.00789000,7390165.80000000,1763949599999999,57956.16034300,327,3870844.40000000,30376.98791800,0
1763949600000000,0.00788000,0.00799000,0.00788000,0.00793000,3256651.60000000,1763953199999999,25884.65419600,226,1798657.50000000,14297.83863100,0
1763953200000000,0.00795000,0.00802000,0.00793000,0.00796000,3724134.60000000,1763956799999999,29652.42570600,208,1406499.10000000,11205.43764700,0
1763956800000000,0.00798000,0.00799000,0.00782000,0.00787000,4432117.90000000,1763960399999999,34988.55763600,207,2141096.90000000,16894.41786200,0
1763960400000000,0.00787000,0.00801000,0.00787000,0.00797000,2391660.60000000,1763963999999999,19027.99228200,159,1146977.10000000,9116.94471000,0
1763964000000000,0.00797000,0.00797000,0.00789000,0.00792000,2985387.80000000,1763967599999999,23625.86746300,223,1324041.80000000,10474.70658800,0
1763967600000000,0.00792000,0.00792000,0.00786000,0.00787000,3484308.00000000,1763971199999999,27519.07440500,364,1099221.70000000,8677.40411500,0
1763971200000000,0.00786000,0.00789000,0.00784000,0.00788000,2992532.20000000,1763974799999999,23529.98454500,358,1307214.50000000,10277.53017200,0
1763974800000000,0.00787000,0.00788000,0.00774000,0.00775000,1960505.60000000,1763978399999999,15255.72853000,147,904670.30000000,7035.31098300,0
1763978400000000,0.00775000,0.00781000,0.00775000,0.00781000,2992338.00000000,1763981999999999,23276.30024000,163,1822302.30000000,14168.89176100,0
1763982000000000,0.00781000,0.00786000,0.00778000,0.00785000,1435478.80000000,1763985599999999,11237.45453700,116,763330.50000000,5977.86732400,0
1763985600000000,0.00785000,0.00786000,0.00780000,0.00781000,1333246.70000000,1763989199999999,10441.34355600,104,468974.40000000,3673.28848600,0
1763989200000000,0.00781000,0.00790000,0.00781000,0.00787000,2931822.70000000,1763992799999999,23090.85775700,187,1949949.90000000,15360.63035300,0
1763992800000000,0.00786000,0.00796000,0.00778000,0.00790000,7134129.10000000,1763996399999999,56070.87142100,403,2507326.00000000,19721.41081300,0
1763996400000000,0.00793000,0.00801000,0.00789000,0.00800000,5009934.10000000,1763999999999999,39743.89193900,491,2421560.80000000,19214.44881700,0
1764000000000000,0.00800000,0.00809000,0.00799000,0.00805000,3337592.20000000,1764003599999999,26821.73374900,193,1642392.70000000,13199.77547600,0
1764003600000000,0.00807000,0.00824000,0.00807000,0.00824000,5787807.80000000,1764007199999999,47237.25178100,371,2928251.90000000,23896.12781300,0
1764007200000000,0.00824000,0.00827000,0.00819000,0.00822000,2619629.40000000,1764010799999999,21543.50714400,161,1007892.80000000,8297.09401900,0
1764010800000000,0.00823000,0.00826000,0.00820000,0.00820000,2025078.70000000,1764014399999999,16672.33788400,257,780658.00000000,6427.16582700,0
1764014400000000,0.00821000,0.00827000,0.00821000,0.00824000,3181488.60000000,1764017999999999,26212.66219500,394,1365750.80000000,11252.23665000,0
1764018000000000,0.00823000,0.00826000,0.00821000,0.00821000,1209967.30000000,1764021599999999,9961.75169600,146,536635.80000000,4418.68160100,0
1764021600000000,0.00822000,0.00825000,0.00818000,0.00818000,1261121.70000000,1764025199999999,10358.78993400,237,490888.70000000,4035.32362700,0
1764025200000000,0.00818000,0.00820000,0.00816000,0.00818000,1237266.20000000,1764028799999999,10118.51575600,289,453501.00000000,3709.17166000,0
1764028800000000,0.00818000,0.00840000,0.00818000,0.00823000,18514989.60000000,1764032399999999,153858.11588000,1006,11548467.50000000,96010.25563000,0
1764032400000000,0.00824000,0.00827000,0.00820000,0.00820000,2124537.00000000,1764035999999999,17489.38493500,175,630332.20000000,5195.82367300,0
1764036000000000,0.00819000,0.00821000,0.00815000,0.00821000,2555634.60000000,1764039599999999,20890.52222200,182,1260167.10000000,10305.75160700,0
1764039600000000,0.00820000,0.00821000,0.00810000,0.00812000,8027888.70000000,1764043199999999,65425.71219600,225,876751.70000000,7163.91441600,0
1764043200000000,0.00812000,0.00818000,0.00812000,0.00817000,2476635.40000000,1764046799999999,20161.15694500,194,734972.30000000,5981.32588100,0
1764046800000000,0.00816000,0.00817000,0.00815000,0.00816000,679399.50000000,1764050399999999,5544.03526600,87,197170.90000000,1608.45251000,0
1764050400000000,0.00815000,0.00815000,0.00807000,0.00810000,1942011.80000000,1764053999999999,15731.11438800,241,758523.60000000,6134.86626100,0
1764054000000000,0.00810000,0.00815000,0.00806000,0.00809000,3168330.40000000,1764057599999999,25687.18969200,205,1668284.90000000,13534.35901400,0
1764057600000000,0.00810000,0.00812000,0.00803000,0.00805000,2688679.10000000,1764061199999999,21747.05699400,144,974603.60000000,7881.45728400,0
1764061200000000,0.00804000,0.00811000,0.00797000,0.00808000,6258339.50000000,1764064799999999,50383.86251800,337,4019480.10000000,32365.08219800,0
1764064800000000,0.00810000,0.00816000,0.00807000,0.00813000,8249421.10000000,1764068399999999,66995.78943600,399,5477689.80000000,44498.11676000,0
1764068400000000,0.00812000,0.00812000,0.00806000,0.00806000,986267.60000000,1764071999999999,7975.22045900,118,590834.70000000,4779.40708200,0
1764072000000000,0.00807000,0.00818000,0.00806000,0.00814000,3445307.70000000,1764075599999999,27957.22813700,205,1974902.20000000,16016.29327400,0
1764075600000000,0.00814000,0.00818000,0.00808000,0.00810000,2146504.80000000,1764079199999999,17467.36772500,232,961734.70000000,7830.92881500,0
1764079200000000,0.00810000,0.00812000,0.00796000,0.00804000,2855388.70000000,1764082799999999,22972.30604100,151,1491417.60000000,12013.98458000,0
1764082800000000,0.00803000,0.00813000,0.00800000,0.00809000,2332075.00000000,1764086399999999,18805.00678100,176,1026029.00000000,8270.90623100,0
1764086400000000,0.00808000,0.00818000,0.00807000,0.00816000,1864498.80000000,1764089999999999,15173.20513100,255,1001426.50000000,8150.23362400,0
1764090000000000,0.00816000,0.00823000,0.00812000,0.00820000,1856901.10000000,1764093599999999,15202.49042300,266,701349.30000000,5737.28891600,0
1764093600000000,0.00819000,0.00824000,0.00817000,0.00817000,1762386.90000000,1764097199999999,14472.75186400,132,823158.70000000,6760.15174100,0
1764097200000000,0.00818000,0.00820000,0.00806000,0.00818000,2532754.80000000,1764100799999999,20578.68064600,258,803718.90000000,6529.65693400,0
1764100800000000,0.00818000,0.00826000,0.00817000,0.00825000,1912487.40000000,1764104399999999,15713.76747700,157,754757.60000000,6203.85707600,0
1764104400000000,0.00826000,0.00828000,0.00825000,0.00826000,929752.70000000,1764107999999999,7682.73253400,93,319897.80000000,2643.55031800,0
1764108000000000,0.00825000,0.00834000,0.00818000,0.00834000,2161623.70000000,1764111599999999,17863.85933100,185,1120434.70000000,9255.06814700,0
1764111600000000,0.00834000,0.00836000,0.00829000,0.00831000,674793.80000000,1764115199999999,5614.24194900,213,331610.30000000,2761.48095600,0
1764115200000000,0.00831000,0.00832000,0.00828000,0.00832000,1554975.40000000,1764118799999999,12915.96629400,237,1101814.50000000,9153.01279300,0
1764118800000000,0.00832000,0.00833000,0.00826000,0.00829000,2254151.20000000,1764122399999999,18688.71291400,290,980619.20000000,8124.82866000,0
1764122400000000,0.00829000,0.00831000,0.00827000,0.00829000,1266754.80000000,1764125999999999,10497.19422800,235,662047.00000000,5487.96646700,0
1764126000000000,0.00829000,0.00829000,0.00822000,0.00822000,885173.60000000,1764129599999999,7310.97170300,186,329130.20000000,2715.68510900,0
1764129600000000,0.00822000,0.00824000,0.00810000,0.00815000,18765037.90000000,1764133199999999,152942.86212000,669,3318368.00000000,27115.79180700,0
1764133200000000,0.00815000,0.00822000,0.00815000,0.00822000,3142846.60000000,1764136799999999,25721.96238600,211,1706017.90000000,13975.03223700,0
1764136800000000,0.00820000,0.00820000,0.00815000,0.00817000,1446818.20000000,1764140399999999,11818.60330400,184,859673.50000000,7022.64118400,0
1764140400000000,0.00816000,0.00818000,0.00815000,0.00818000,875045.00000000,1764143999999999,7147.58064400,125,503260.50000000,4111.23760900,0
1764144000000000,0.00817000,0.00818000,0.00812000,0.00813000,2882028.30000000,1764147599999999,23466.32576700,210,1143334.90000000,9313.42133700,0
1764147600000000,0.00813000,0.00815000,0.00809000,0.00810000,2744731.00000000,1764151199999999,22289.25406600,214,1789381.50000000,14534.61349700,0
1764151200000000,0.00809000,0.00813000,0.00809000,0.00812000,2011796.50000000,1764154799999999,16313.40701700,185,691000.50000000,5606.44411700,0
1764154800000000,0.00812000,0.00812000,0.00807000,0.00808000,1575711.80000000,1764158399999999,12762.67923300,212,823880.30000000,6673.01177400,0
1764158400000000,0.00808000,0.00810000,0.00800000,0.00806000,3151758.90000000,1764161999999999,25387.83761200,283,906351.40000000,7304.97006300,0
1764162000000000,0.00805000,0.00812000,0.00805000,0.00812000,2209170.90000000,1764165599999999,17868.05481400,271,1047896.80000000,8487.98512000,0
1764165600000000,0.00812000,0.00812000,0.00803000,0.00803000,1917879.30000000,1764169199999999,15502.86691600,168,655501.30000000,5302.71918100,0
1764169200000000,0.00803000,0.00808000,0.00799000,0.00804000,2969852.00000000,1764172799999999,23868.93927100,299,972814.70000000,7827.32892100,0
1764172800000000,0.00804000,0.00809000,0.00803000,0.00806000,3955229.50000000,1764176399999999,31869.87742200,552,1562619.00000000,12603.81698900,0
1764176400000000,0.00806000,0.00824000,0.00804000,0.00822000,4937898.50000000,1764179999999999,40296.51531300,440,1914560.60000000,15618.19166400,0
1764180000000000,0.00824000,0.00826000,0.00818000,0.00822000,8235011.10000000,1764183599999999,67665.52956000,611,1694593.80000000,13927.87767500,0
1764183600000000,0.00822000,0.00823000,0.00814000,0.00815000,1718368.30000000,1764187199999999,14054.48380900,316,674070.00000000,5519.98664700,0
1764187200000000,0.00815000,0.00816000,0.00811000,0.00813000,1485493.50000000,1764190799999999,12083.28912800,309,772297.90000000,6284.44971000,0
1764190800000000,0.00813000,0.00819000,0.00811000,0.00815000,4505877.90000000,1764194399999999,36745.42723800,472,2547892.80000000,20788.33882000,0
1764194400000000,0.00815000,0.00816000,0.00812000,0.00812000,1570759.50000000,1764197999999999,12782.85463800,315,621414.90000000,5060.60467000,0
1764198000000000,0.00812000,0.00816000,0.00811000,0.00813000,3637555.80000000,1764201599999999,29602.99956900,309,2401840.90000000,19544.23005400,0
1764201600000000,0.00814000,0.00815000,0.00808000,0.00811000,3287155.00000000,1764205199999999,26651.55525700,358,1720832.10000000,13962.04525500,0
1764205200000000,0.00811000,0.00815000,0.00810000,0.00814000,2584755.60000000,1764208799999999,20984.75948400,265,1546423.80000000,12556.25168400,0
1764208800000000,0.00814000,0.00817000,0.00811000,0.00812000,2099298.80000000,1764212399999999,17100.07754700,258,1022345.50000000,8330.92782500,0
1764212400000000,0.00812000,0.00815000,0.00809000,0.00812000,3574499.10000000,1764215999999999,29019.29906400,353,1957735.40000000,15894.82862800,0
1764216000000000,0.00812000,0.00817000,0.00811000,0.00816000,2894549.20000000,1764219599999999,23587.09775800,326,1525700.10000000,12440.50782500,0
1764219600000000,0.00815000,0.00816000,0.00810000,0.00810000,2272858.80000000,1764223199999999,18476.28446200,284,934614.30000000,7606.72619600,0
1764223200000000,0.00810000,0.00815000,0.00810000,0.00813000,1648053.40000000,1764226799999999,13398.22033400,259,861030.10000000,7001.06191400,0
1764226800000000,0.00813000,0.00818000,0.00812000,0.00816000,3518759.00000000,1764230399999999,28678.23124000,357,1797294.10000000,14650.26814900,0
1764230400000000,0.00816000,0.00823000,0.00812000,0.00818000,2977162.10000000,1764233999999999,24373.40344400,354,1285390.10000000,10531.18985200,0
1764234000000000,0.00818000,0.00824000,0.00816000,0.00824000,2225780.70000000,1764237599999999,18249.84876300,274,1090428.60000000,8933.32008900,0
1764237600000000,0.00824000,0.00825000,0.00819000,0.00824000,2264750.70000000,1764241199999999,18650.98646800,274,701555.30000000,5774.76438300,0
1764241200000000,0.00824000,0.00826000,0.00818000,0.00821000,2235513.10000000,1764244799999999,18351.73778900,266,608395.10000000,4992.73019000,0
1764244800000000,0.00821000,0.00821000,0.00812000,0.00813000,1812133.50000000,1764248399999999,14804.55106400,255,621064.70000000,5078.21970300,0
1764248400000000,0.00813000,0.00818000,0.00812000,0.00817000,1799647.40000000,1764251999999999,14663.31925700,234,907859.60000000,7397.49181000,0
1764252000000000,0.00817000,0.00821000,0.00814000,0.00819000,1710183.20000000,1764255599999999,13994.01329900,338,538804.00000000,4407.25249200,0
1764255600000000,0.00819000,0.00826000,0.00818000,0.00825000,1531512.50000000,1764259199999999,12580.89460200,240,699735.00000000,5753.92858000,0
1764259200000000,0.00825000,0.00832000,0.00824000,0.00831000,2280756.70000000,1764262799999999,18889.63740100,314,573174.30000000,4747.42832500,0
1764262800000000,0.00831000,0.00833000,0.00828000,0.00829000,2607943.40000000,1764266399999999,21665.82566000,254,454797.20000000,3779.44563800,0
1764266400000000,0.00829000,0.00834000,0.00829000,0.00833000,3464204.30000000,1764269999999999,28797.98332600,332,1577816.60000000,13121.58244300,0
1764270000000000,0.00833000,0.00834000,0.00827000,0.00829000,1169972.50000000,1764273599999999,9714.16876700,245,282788.80000000,2344.58355000,0
1764273600000000,0.00829000,0.00830000,0.00828000,0.00829000,1531852.10000000,1764277199999999,12706.53270300,392,531352.50000000,4408.49139600,0
1764277200000000,0.00829000,0.00831000,0.00826000,0.00827000,1232499.00000000,1764280799999999,10210.92576100,345,528816.80000000,4378.02770000,0
1764280800000000,0.00827000,0.00827000,0.00819000,0.00823000,1800013.70000000,1764284399999999,14823.40523000,389,738173.40000000,6079.10424400,0
1764284400000000,0.00823000,0.00827000,0.00820000,0.00825000,2914705.10000000,1764287999999999,24006.63361400,233,1726409.30000000,14228.39368500,0
1764288000000000,0.00824000,0.00825000,0.00820000,0.00822000,1946373.10000000,1764291599999999,16017.80291000,168,873971.20000000,7192.31337600,0
1764291600000000,0.00822000,0.00826000,0.00818000,0.00820000,2920469.80000000,1764295199999999,23987.76477400,239,1660913.30000000,13638.54500300,0
1764295200000000,0.00820000,0.00834000,0.00819000,0.00834000,5018081.30000000,1764298799999999,41413.66177700,363,3284574.30000000,27127.60308400,0
1764298800000000,0.00833000,0.00835000,0.00822000,0.00833000,11956586.40000000,1764302399999999,99110.50075500,678,6603784.70000000,54744.95030600,0
1764302400000000,0.00832000,0.00832000,0.00820000,0.00821000,5644261.70000000,1764305999999999,46683.14643200,413,2079867.40000000,17220.02829000,0
1764306000000000,0.00821000,0.00826000,0.00821000,0.00826000,2152001.80000000,1764309599999999,17728.66795600,171,1342704.10000000,11064.27014200,0
1764309600000000,0.00825000,0.00825000,0.00817000,0.00819000,2673900.10000000,1764313199999999,21989.38035300,176,451544.00000000,3705.79272700,0
1764313200000000,0.00819000,0.00838000,0.00819000,0.00824000,12107281.20000000,1764316799999999,100521.66210400,1126,6369392.30000000,52953.37818200,0
1764316800000000,0.00824000,0.00837000,0.00824000,0.00833000,14524077.40000000,1764320399999999,120742.28715500,939,6510329.90000000,54148.53980400,0
1764320400000000,0.00834000,0.00834000,0.00828000,0.00828000,4459332.10000000,1764323999999999,37020.91236000,358,2332475.90000000,19369.64368100,0
1764324000000000,0.00829000,0.00829000,0.00825000,0.00826000,2652224.20000000,1764327599999999,21940.73012700,180,781683.80000000,6469.21426000,0
1764327600000000,0.00825000,0.00825000,0.00816000,0.00825000,2359560.60000000,1764331199999999,19356.39394200,276,1101068.50000000,9036.85175900,0
1764331200000000,0.00825000,0.00826000,0.00824000,0.00824000,989553.60000000,1764334799999999,8167.68257400,109,642733.40000000,5305.26817000,0
1764334800000000,0.00823000,0.00829000,0.00820000,0.00828000,2784576.30000000,1764338399999999,22972.93268600,279,1305722.90000000,10774.27878100,0
1764338400000000,0.00828000,0.00829000,0.00820000,0.00822000,2477830.70000000,1764341999999999,20464.81126100,249,1146204.50000000,9471.39563700,0
1764342000000000,0.00823000,0.00827000,0.00820000,0.00820000,2536316.70000000,1764345599999999,20875.47862200,189,1715810.20000000,14123.35269700,0
1764345600000000,0.00822000,0.00822000,0.00812000,0.00815000,2007370.20000000,1764349199999999,16388.42436100,182,1136475.90000000,9277.06158200,0
1764349200000000,0.00815000,0.00818000,0.00805000,0.00806000,2618428.10000000,1764352799999999,21224.65420900,215,1604540.80000000,13004.30509000,0
1764352800000000,0.00807000,0.00811000,0.00801000,0.00810000,2898927.60000000,1764356399999999,23372.95815300,231,1801139.00000000,14529.73593900,0
1764356400000000,0.00810000,0.00818000,0.00809000,0.00816000,2384846.90000000,1764359999999999,19415.64717900,202,1587763.30000000,12929.98016300,0
1764360000000000,0.00816000,0.00818000,0.00812000,0.00815000,906776.30000000,1764363599999999,7385.99615300,141,616523.80000000,5021.77776900,0
1764363600000000,0.00814000,0.00815000,0.00810000,0.00810000,1359938.40000000,1764367199999999,11046.70087000,97,738421.10000000,5999.90380200,0
1764367200000000,0.00810000,0.00811000,0.00806000,0.00811000,2991816.50000000,1764370799999999,24185.49199900,151,1109390.10000000,8964.69540700,0
1764370800000000,0.00811000,0.00811000,0.00809000,0.00809000,484904.70000000,1764374399999999,3930.79625700,33,115990.50000000,939.83944800,0
1764374400000000,0.00809000,0.00811000,0.00807000,0.00810000,2138598.80000000,1764377999999999,17292.18418400,176,1026653.70000000,8304.38682100,0
1764378000000000,0.00811000,0.00821000,0.00811000,0.00821000,2611268.80000000,1764381599999999,21321.48043000,156,1620941.60000000,13213.57575500,0
1764381600000000,0.00821000,0.00823000,0.00817000,0.00823000,1771496.30000000,1764385199999999,14529.63811100,94,865969.70000000,7103.27972500,0
1764385200000000,0.00823000,0.00825000,0.00818000,0.00824000,3641727.30000000,1764388799999999,29967.42824300,235,2198591.50000000,18095.00202400,0
1764388800000000,0.00824000,0.00829000,0.00821000,0.00828000,5282611.60000000,1764392399999999,43620.47519400,445,3288208.50000000,27147.80014400,0
1764392400000000,0.00828000,0.00839000,0.00827000,0.00832000,6286322.90000000,1764395999999999,52425.98306900,409,2217982.60000000,18484.69762800,0
1764396000000000,0.00831000,0.00838000,0.00816000,0.00822000,6043363.80000000,1764399599999999,50074.32916500,423,2456257.40000000,20369.50481800,0
1764399600000000,0.00820000,0.00827000,0.00816000,0.00818000,2603626.90000000,1764403199999999,21378.13553800,230,1555357.00000000,12772.37795000,0
1764403200000000,0.00819000,0.00822000,0.00817000,0.00820000,847419.90000000,1764406799999999,6949.90563000,138,327794.40000000,2687.71639300,0
1764406800000000,0.00821000,0.00825000,0.00820000,0.00822000,1893158.20000000,1764410399999999,15575.73064100,198,1222282.90000000,10056.40670000,0
1764410400000000,0.00822000,0.00824000,0.00819000,0.00822000,2586419.70000000,1764413999999999,21251.65400700,187,817066.60000000,6715.19944100,0
1764414000000000,0.00821000,0.00832000,0.00820000,0.00831000,4455730.10000000,1764417599999999,36851.06177200,266,1575934.50000000,13032.88484500,0
1764417600000000,0.00831000,0.00833000,0.00822000,0.00822000,3707432.80000000,1764421199999999,30695.88979800,322,1599259.00000000,13232.83782300,0
1764421200000000,0.00822000,0.00829000,0.00821000,0.00823000,5921357.40000000,1764424799999999,48822.21054700,321,3613499.60000000,29797.72309000,0
1764424800000000,0.00822000,0.00826000,0.00820000,0.00822000,3505422.00000000,1764428399999999,28852.53915800,263,1949094.40000000,16040.05813200,0
1764428400000000,0.00821000,0.00826000,0.00819000,0.00819000,1638105.20000000,1764431999999999,13474.82045000,107,1112667.40000000,9153.01998700,0
1764432000000000,0.00819000,0.00821000,0.00816000,0.00818000,2564535.40000000,1764435599999999,20988.21234000,131,958196.60000000,7841.10030200,0
1764435600000000,0.00817000,0.00817000,0.00808000,0.00809000,2890613.10000000,1764439199999999,23496.11481100,209,844086.70000000,6859.80251900,0
1764439200000000,0.00809000,0.00812000,0.00806000,0.00810000,5305035.80000000,1764442799999999,42932.04280200,319,2658029.60000000,21506.25030200,0
1764442800000000,0.00810000,0.00813000,0.00806000,0.00808000,890031.30000000,1764446399999999,7209.42953800,97,462979.20000000,3751.95617200,0
1764446400000000,0.00807000,0.00809000,0.00803000,0.00808000,1552468.20000000,1764449999999999,12510.88530800,124,999273.50000000,8056.08143300,0
1764450000000000,0.00807000,0.00810000,0.00806000,0.00809000,1409189.70000000,1764453599999999,11373.02746500,116,1144529.60000000,9237.68789900,0
1764453600000000,0.00808000,0.00808000,0.00802000,0.00802000,1645443.20000000,1764457199999999,13252.77917500,132,872723.20000000,7032.63852600,0
1764457200000000,0.00801000,0.00806000,0.00801000,0.00802000,1444233.00000000,1764460799999999,11604.74128500,152,883085.20000000,7093.45024700,0
1764460800000000,0.00802000,0.00808000,0.00801000,0.00804000,4304357.40000000,1764464399999999,34669.72800300,245,2424083.10000000,19522.72280600,0
1764464400000000,0.00803000,0.00810000,0.00802000,0.00809000,3815933.40000000,1764467999999999,30837.62361100,295,1453704.60000000,11750.78381500,0
1764468000000000,0.00809000,0.00810000,0.00804000,0.00806000,882932.40000000,1764471599999999,7120.82586800,137,516748.80000000,4168.09543900,0
1764471600000000,0.00806000,0.00806000,0.00800000,0.00805000,1257202.50000000,1764475199999999,10100.62314800,173,511816.90000000,4113.71087900,0
1764475200000000,0.00804000,0.00809000,0.00802000,0.00803000,3470776.70000000,1764478799999999,27965.80439600,310,1932755.90000000,15572.76719900,0
1764478800000000,0.00803000,0.00803000,0.00794000,0.00796000,2930013.80000000,1764482399999999,23376.24570200,214,1715707.30000000,13692.79051600,0
1764482400000000,0.00796000,0.00806000,0.00795000,0.00804000,2647440.20000000,1764485999999999,21249.64171500,181,1533224.30000000,12295.69131600,0
1764486000000000,0.00803000,0.00808000,0.00800000,0.00806000,2318658.50000000,1764489599999999,18639.25233200,177,1374535.10000000,11052.98559400,0
1764489600000000,0.00806000,0.00815000,0.00803000,0.00807000,4894767.90000000,1764493199999999,39661.37406500,350,1962174.30000000,15899.90966000,0
1764493200000000,0.00808000,0.00808000,0.00802000,0.00804000,5282276.00000000,1764496799999999,42500.80601900,365,2645401.70000000,21286.13879200,0
1764496800000000,0.00804000,0.00810000,0.00803000,0.00806000,3113008.20000000,1764500399999999,25120.18674500,260,1891298.20000000,15258.55785300,0
1764500400000000,0.00806000,0.00806000,0.00800000,0.00800000,1105538.20000000,1764503999999999,8879.20052200,123,674283.00000000,5415.01429500,0
1764504000000000,0.00800000,0.00804000,0.00797000,0.00803000,1770787.80000000,1764507599999999,14193.11864300,188,564749.00000000,4528.62253700,0
1764507600000000,0.00802000,0.00807000,0.00801000,0.00805000,1505247.50000000,1764511199999999,12110.09110900,147,857659.00000000,6902.17056800,0
1764511200000000,0.00806000,0.00806000,0.00798000,0.00800000,1706486.30000000,1764514799999999,13711.59593200,127,277104.70000000,2225.13421000,0
1764514800000000,0.00800000,0.00801000,0.00795000,0.00800000,1889965.20000000,1764518399999999,15089.73634200,178,737450.40000000,5890.95790600,0
1764518400000000,0.00800000,0.00804000,0.00800000,0.00803000,365675.60000000,1764521999999999,2933.48100700,92,242026.00000000,1942.16345900,0
1764522000000000,0.00802000,0.00803000,0.00796000,0.00800000,2353480.30000000,1764525599999999,18780.03870900,261,1012052.30000000,8084.99588700,0
1764525600000000,0.00799000,0.00800000,0.00796000,0.00797000,1080932.30000000,1764529199999999,8617.87672500,156,184642.60000000,1473.37071700,0
1764529200000000,0.00797000,0.00797000,0.00792000,0.00793000,519530.70000000,1764532799999999,4127.25265500,143,205718.90000000,1633.68881100,0
1764532800000000,0.00793000,0.00794000,0.00785000,0.00787000,4721769.50000000,1764536399999999,37292.23701600,300,1583214.70000000,12509.68543000,0
1764536400000000,0.00786000,0.00791000,0.00784000,0.00786000,2899528.60000000,1764539999999999,22819.01842700,186,1209647.20000000,9518.92661700,0
1764540000000000,0.00786000,0.00790000,0.00785000,0.00790000,382222.00000000,1764543599999999,3011.81095600,68,259765.60000000,2047.18374100,0
1764543600000000,0.00788000,0.00788000,0.00774000,0.00774000,3061597.80000000,1764547199999999,23934.92281700,211,1405672.20000000,10992.18149900,0
