1756684800000000,0.01517000,0.01517000,0.01495000,0.01502000,11308435.40000000,1756688399999999,170444.34163400,660,4722175.90000000,71158.61040200,0
1756688400000000,0.01502000,0.01508000,0.01498000,0.01502000,7699478.00000000,1756691999999999,115557.65450600,328,5832947.70000000,87527.86457100,0
1756692000000000,0.01504000,0.01511000,0.01491000,0.01493000,12879170.30000000,1756695599999999,193284.13936400,688,7409335.10000000,111344.69372000,0
1756695600000000,0.01492000,0.01501000,0.01490000,0.01500000,2090507.80000000,1756699199999999,31220.57145700,147,1083088.50000000,16176.00970500,0
1756699200000000,0.01498000,0.01501000,0.01484000,0.01491000,2200911.00000000,1756702799999999,32804.11252800,178,1257330.60000000,18758.49077800,0
1756702800000000,0.01491000,0.01497000,0.01484000,0.01497000,1410216.20000000,1756706399999999,21029.73490400,143,695578.60000000,10381.89075500,0
1756706400000000,0.01495000,0.01501000,0.01489000,0.01499000,2181567.00000000,1756709999999999,32649.53176600,162,797430.60000000,11941.57857200,0
1756710000000000,0.01499000,0.01530000,0.01493000,0.01530000,10029546.00000000,1756713599999999,151057.84395200,530,4392616.70000000,66186.67740000,0
1756713600000000,0.01531000,0.01541000,0.01527000,0.01540000,4813471.90000000,1756717199999999,73828.29091600,309,1878808.70000000,28807.96820000,0
1756717200000000,0.01542000,0.01545000,0.01532000,0.01532000,4006890.70000000,1756720799999999,61766.80159800,285,1923890.10000000,29667.42348400,0
1756720800000000,0.01532000,0.01533000,0.01509000,0.01516000,3188595.80000000,1756724399999999,48425.12319000,327,1159034.20000000,17614.95675400,0
1756724400000000,0.01516000,0.01516000,0.01505000,0.01508000,2088940.20000000,1756727999999999,31517.44005200,274,1556306.10000000,23487.57480700,0
1756728000000000,0.01506000,0.01516000,0.01503000,0.01507000,2833007.40000000,1756731599999999,42801.82675400,300,1691842.90000000,25571.75800200,0
1756731600000000,0.01508000,0.01508000,0.01489000,0.01492000,3685534.50000000,1756735199999999,55252.51162300,279,1152677.80000000,17285.15477000,0
1756735200000000,0.01491000,0.01499000,0.01486000,0.01493000,1166199.30000000,1756738799999999,17397.10158100,155,668150.10000000,9964.35554900,0
1756738800000000,0.01492000,0.01496000,0.01486000,0.01487000,3024268.30000000,1756742399999999,45089.24628900,313,1550875.60000000,23139.06633100,0
1756742400000000,0.01488000,0.01488000,0.01480000,0.01481000,1892115.20000000,1756745999999999,28084.29271900,294,930779.10000000,13818.70968200,0
1756746000000000,0.01480000,0.01483000,0.01469000,0.01473000,2099915.20000000,1756749599999999,30981.86379700,266,966577.60000000,14267.22486500,0
1756749600000000,0.01473000,0.01485000,0.01473000,0.01482000,668553.70000000,1756753199999999,9895.38566000,130,254785.50000000,3765.40919500,0
1756753200000000,0.01482000,0.01494000,0.01480000,0.01494000,798026.00000000,1756756799999999,11863.47916500,107,434145.30000000,6461.52382500,0
1756756800000000,0.01492000,0.01494000,0.01454000,0.01469000,9176166.50000000,1756760399999999,134570.21937700,867,3857742.40000000,56564.63571400,0
1756760400000000,0.01469000,0.01470000,0.01447000,0.01457000,5352294.50000000,1756763999999999,78099.59321800,620,2373440.80000000,34638.44210300,0
1756764000000000,0.01458000,0.01463000,0.01450000,0.01461000,2360199.30000000,1756767599999999,34382.79903800,275,1190156.20000000,17336.89738900,0
1756767600000000,0.01461000,0.01482000,0.01461000,0.01478000,1639530.80000000,1756771199999999,24122.39754600,173,998824.50000000,14686.25782200,0
1756771200000000,0.01479000,0.01483000,0.01475000,0.01476000,2482387.40000000,1756774799999999,36698.76868800,185,1055649.40000000,15612.82909500,0
1756774800000000,0.01476000,0.01498000,0.01474000,0.01489000,1670006.90000000,1756778399999999,24781.87080100,321,1009099.90000000,14961.61853700,0
1756778400000000,0.01488000,0.01502000,0.01486000,0.01502000,1331431.70000000,1756781999999999,19887.59657000,224,700651.50000000,10467.89951100,0
1756782000000000,0.01502000,0.01511000,0.01498000,0.01511000,3632673.90000000,1756785599999999,54663.48762000,232,2204524.30000000,33154.10909200,0
1756785600000000,0.01509000,0.01511000,0.01503000,0.01506000,1817895.20000000,1756789199999999,27388.32059500,186,642805.10000000,9686.08703800,0
1756789200000000,0.01507000,0.01509000,0.01503000,0.01505000,1078728.30000000,1756792799999999,16243.08562200,158,361316.90000000,5439.54382100,0
1756792800000000,0.01505000,0.01509000,0.01503000,0.01508000,1033653.50000000,1756796399999999,15561.89518600,112,539574.80000000,8127.18930200,0
1756796400000000,0.01507000,0.01507000,0.01493000,0.01494000,1761926.00000000,1756799999999999,26448.89214000,190,467172.30000000,7013.93452700,0
1756800000000000,0.01495000,0.01506000,0.01494000,0.01501000,1910218.30000000,1756803599999999,28649.98949700,168,1244748.40000000,18659.05902400,0
1756803600000000,0.01501000,0.01509000,0.01500000,0.01508000,727798.90000000,1756807199999999,10958.20020300,109,405730.50000000,6111.57165400,0
1756807200000000,0.01507000,0.01507000,0.01502000,0.01505000,1058622.50000000,1756810799999999,15925.86468400,236,559883.40000000,8426.61966400,0
1756810800000000,0.01506000,0.01507000,0.01493000,0.01494000,414707.70000000,1756814399999999,6218.95667600,103,84263.00000000,1260.78961600,0
1756814400000000,0.01495000,0.01496000,0.01463000,0.01465000,4055410.30000000,1756817999999999,59948.48267900,492,1937937.10000000,28635.21571600,0
1756818000000000,0.01467000,0.01511000,0.01467000,0.01503000,8214463.70000000,1756821599999999,122351.70233600,972,4141417.90000000,61636.28297700,0
1756821600000000,0.01505000,0.01511000,0.01493000,0.01498000,3715328.70000000,1756825199999999,55822.28849500,622,2158458.30000000,32452.24472800,0
1756825200000000,0.01497000,0.01497000,0.01472000,0.01475000,3960546.40000000,1756828799999999,58754.99493400,391,2127454.00000000,31561.87717500,0
1756828800000000,0.01476000,0.01485000,0.01475000,0.01482000,1562039.60000000,1756832399999999,23132.68734400,242,810354.70000000,11999.48840600,0
1756832400000000,0.01482000,0.01493000,0.01480000,0.01488000,731640.40000000,1756835999999999,10877.65526900,173,650790.40000000,9675.17036200,0
1756836000000000,0.01488000,0.01490000,0.01474000,0.01486000,1556436.80000000,1756839599999999,23058.58061200,210,1115577.90000000,16532.99367500,0
1756839600000000,0.01486000,0.01492000,0.01482000,0.01484000,1181838.50000000,1756843199999999,17563.80101700,166,441077.20000000,6555.20197800,0
1756843200000000,0.01483000,0.01504000,0.01482000,0.01500000,3194739.30000000,1756846799999999,47852.66148100,276,1417536.70000000,21228.44131700,0
1756846800000000,0.01500000,0.01506000,0.01497000,0.01505000,692302.80000000,1756850399999999,10397.13006200,85,315064.70000000,4727.07341200,0
1756850400000000,0.01505000,0.01509000,0.01501000,0.01507000,3229861.00000000,1756853999999999,48604.59748500,422,2058243.60000000,30976.60416900,0
1756854000000000,0.01507000,0.01511000,0.01503000,0.01511000,1212162.90000000,1756857599999999,18267.74366100,214,654368.30000000,9868.23537000,0
1756857600000000,0.01511000,0.01511000,0.01503000,0.01503000,1027332.10000000,1756861199999999,15477.99770900,147,270661.40000000,4078.20633700,0
1756861200000000,0.01502000,0.01509000,0.01496000,0.01509000,1019764.00000000,1756864799999999,15319.22580100,122,552151.90000000,8307.11294400,0
1756864800000000,0.01510000,0.01513000,0.01503000,0.01508000,467209.10000000,1756868399999999,7045.70046300,96,135854.60000000,2048.34627100,0
1756868400000000,0.01508000,0.01510000,0.01496000,0.01502000,7453410.40000000,1756871999999999,111897.16310000,340,2499481.20000000,37505.28394700,0
1756872000000000,0.01503000,0.01503000,0.01494000,0.01496000,1145260.50000000,1756875599999999,17144.84411400,119,233621.00000000,3499.03056300,0
1756875600000000,0.01497000,0.01497000,0.01487000,0.01487000,1076157.10000000,1756879199999999,16047.83342100,97,438144.10000000,6534.44740700,0
1756879200000000,0.01488000,0.01494000,0.01483000,0.01489000,1326974.10000000,1756882799999999,19755.18444100,115,560136.10000000,8342.48388600,0
1756882800000000,0.01489000,0.01494000,0.01484000,0.01494000,666783.60000000,1756886399999999,9918.32814400,81,295771.50000000,4402.16780700,0
1756886400000000,0.01495000,0.01503000,0.01494000,0.01494000,1040834.40000000,1756889999999999,15602.80610100,148,463707.90000000,6953.63720900,0
1756890000000000,0.01496000,0.01506000,0.01491000,0.01506000,1665990.60000000,1756893599999999,24950.24776900,162,984965.10000000,14757.66524700,0
1756893600000000,0.01505000,0.01510000,0.01502000,0.01505000,1410660.70000000,1756897199999999,21260.50429900,184,712849.00000000,10739.48907900,0
1756897200000000,0.01505000,0.01512000,0.01504000,0.01510000,1153126.70000000,1756900799999999,17403.16888500,167,422883.60000000,6387.56911900,0
1756900800000000,0.01510000,0.01515000,0.01503000,0.01503000,2364150.00000000,1756904399999999,35637.47330700,272,1178728.70000000,17773.06270500,0
1756904400000000,0.01505000,0.01517000,0.01504000,0.01511000,3414537.50000000,1756907999999999,51606.91542400,353,1511771.90000000,22828.16169000,0
1756908000000000,0.01514000,0.01524000,0.01511000,0.01521000,4114604.60000000,1756911599999999,62498.80626800,359,2311657.30000000,35108.34768500,0
1756911600000000,0.01520000,0.01526000,0.01519000,0.01521000,2262153.30000000,1756915199999999,34456.12972400,284,935916.90000000,14262.87398600,0
1756915200000000,0.01521000,0.01525000,0.01513000,0.01516000,2422985.30000000,1756918799999999,36772.42668200,318,1596906.90000000,24239.73964600,0
1756918800000000,0.01516000,0.01526000,0.01516000,0.01522000,2742555.00000000,1756922399999999,41770.14979800,395,1224715.20000000,18653.61471000,0
1756922400000000,0.01522000,0.01522000,0.01517000,0.01518000,1426092.10000000,1756925999999999,21678.25028500,157,731868.60000000,11124.05192700,0
1756926000000000,0.01517000,0.01524000,0.01514000,0.01524000,559245.90000000,1756929599999999,8503.17600000,91,311455.30000000,4739.10358600,0
1756929600000000,0.01524000,0.01524000,0.01518000,0.01519000,844091.30000000,1756933199999999,12835.21192300,194,96978.40000000,1474.71832400,0
1756933200000000,0.01520000,0.01521000,0.01513000,0.01518000,1020329.30000000,1756936799999999,15484.62245500,226,370174.40000000,5625.91243400,0
1756936800000000,0.01520000,0.01524000,0.01515000,0.01518000,1402825.20000000,1756940399999999,21320.80426200,117,773448.10000000,11760.29922400,0
1756940400000000,0.01518000,0.01519000,0.01513000,0.01515000,1382130.60000000,1756943999999999,20954.88933000,167,781097.20000000,11844.34405200,0
1756944000000000,0.01515000,0.01519000,0.01513000,0.01514000,1781872.40000000,1756947599999999,27019.18659900,170,1210885.30000000,18362.49394300,0
1756947600000000,0.01514000,0.01514000,0.01507000,0.01511000,1556793.40000000,1756951199999999,23508.43207600,85,749768.50000000,11327.68832100,0
1756951200000000,0.01512000,0.01512000,0.01502000,0.01503000,864237.90000000,1756954799999999,13014.12435900,104,207399.40000000,3124.36632900,0
1756954800000000,0.01502000,0.01503000,0.01494000,0.01494000,1789369.60000000,1756958399999999,26820.40147200,126,763240.60000000,11442.01897200,0
1756958400000000,0.01495000,0.01495000,0.01485000,0.01486000,3154323.00000000,1756961999999999,47026.96701900,311,935286.90000000,13948.62493000,0
1756962000000000,0.01485000,0.01487000,0.01467000,0.01471000,5614691.30000000,1756965599999999,82797.83860500,534,1934654.50000000,28515.22316300,0
1756965600000000,0.01471000,0.01474000,0.01469000,0.01473000,1470743.40000000,1756969199999999,21633.66895200,129,919117.00000000,13522.70803200,0
1756969200000000,0.01471000,0.01476000,0.01471000,0.01476000,1650783.40000000,1756972799999999,24333.71051200,182,763924.60000000,11262.64828900,0
1756972800000000,0.01475000,0.01481000,0.01470000,0.01472000,1457626.90000000,1756976399999999,21526.73326500,161,471575.40000000,6963.11278000,0
1756976400000000,0.01472000,0.01477000,0.01472000,0.01477000,1140923.50000000,1756979999999999,16826.54770200,111,604501.40000000,8915.87035600,0
1756980000000000,0.01476000,0.01482000,0.01475000,0.01478000,1362280.90000000,1756983599999999,20152.30699300,194,705044.60000000,10435.46611000,0
1756983600000000,0.01478000,0.01484000,0.01476000,0.01480000,1339053.20000000,1756987199999999,19828.45323200,237,796586.10000000,11790.01964500,0
1756987200000000,0.01480000,0.01487000,0.01472000,0.01479000,2892897.40000000,1756990799999999,42751.48319300,300,1334270.20000000,19722.81761600,0
1756990800000000,0.01480000,0.01482000,0.01472000,0.01478000,1338053.00000000,1756994399999999,19784.65104300,109,901777.50000000,13334.79520900,0
1756994400000000,0.01474000,0.01475000,0.01462000,0.01468000,2039236.00000000,1756997999999999,29935.92834000,206,923068.60000000,13549.19175900,0
1756998000000000,0.01467000,0.01467000,0.01459000,0.01462000,1660909.50000000,1757001599999999,24277.15323400,124,898080.60000000,13128.95445900,0
1757001600000000,0.01459000,0.01464000,0.01457000,0.01463000,854458.40000000,1757005199999999,12474.75137000,85,490344.30000000,7159.25334900,0
1757005200000000,0.01465000,0.01467000,0.01458000,0.01458000,876382.60000000,1757008799999999,12821.99154200,105,541837.10000000,7929.58755100,0
1757008800000000,0.01458000,0.01462000,0.01450000,0.01454000,1883972.80000000,1757012399999999,27404.59408800,132,768532.50000000,11169.86050200,0
1757012400000000,0.01452000,0.01457000,0.01449000,0.01452000,1164474.50000000,1757015999999999,16906.46688100,100,618458.00000000,8980.35402900,0
1757016000000000,0.01452000,0.01461000,0.01451000,0.01456000,1015137.90000000,1757019599999999,14777.11432800,97,592102.40000000,8620.18474200,0
1757019600000000,0.01456000,0.01461000,0.01455000,0.01460000,998417.00000000,1757023199999999,14558.04973800,90,427008.40000000,6225.54016600,0
1757023200000000,0.01459000,0.01472000,0.01459000,0.01470000,1614468.70000000,1757026799999999,23614.19031400,118,1229329.00000000,17984.17827800,0
1757026800000000,0.01470000,0.01471000,0.01458000,0.01459000,2097168.00000000,1757030399999999,30727.79035300,162,1145391.30000000,16784.94333500,0
1757030400000000,0.01459000,0.01472000,0.01459000,0.01469000,3881181.90000000,1757033999999999,56946.56745700,226,1986903.50000000,29150.00937300,0
1757034000000000,0.01469000,0.01476000,0.01469000,0.01474000,1730013.00000000,1757037599999999,25495.15278100,181,940835.50000000,13870.15850500,0
1757037600000000,0.01475000,0.01479000,0.01471000,0.01475000,2718069.10000000,1757041199999999,40082.95968600,227,1413742.20000000,20843.04623500,0
1757041200000000,0.01475000,0.01476000,0.01470000,0.01474000,668055.50000000,1757044799999999,9836.06722500,50,216274.80000000,3183.14402800,0
1757044800000000,0.01475000,0.01475000,0.01469000,0.01471000,519920.30000000,1757048399999999,7651.82250300,38,299002.90000000,4399.82157200,0
1757048400000000,0.01471000,0.01474000,0.01470000,0.01474000,535915.10000000,1757051999999999,7890.85124800,38,319880.50000000,4709.07598000,0
1757052000000000,0.01473000,0.01473000,0.01463000,0.01468000,2241796.60000000,1757055599999999,32881.94743000,171,642498.30000000,9426.96408400,0
1757055600000000,0.01469000,0.01486000,0.01469000,0.01486000,2541498.10000000,1757059199999999,37563.63250100,209,1277176.30000000,18885.18918200,0
1757059200000000,0.01485000,0.01487000,0.01479000,0.01479000,1301739.80000000,1757062799999999,19314.03914600,92,483529.70000000,7169.78608200,0
1757062800000000,0.01480000,0.01481000,0.01473000,0.01479000,1526540.00000000,1757066399999999,22534.04270600,108,901312.00000000,13309.49583300,0
1757066400000000,0.01478000,0.01483000,0.01478000,0.01478000,2101548.30000000,1757069999999999,31119.32155000,132,1624223.80000000,24052.01451400,0
1757070000000000,0.01479000,0.01480000,0.01476000,0.01478000,812063.80000000,1757073599999999,11998.67989100,80,404983.30000000,5985.03533600,0
1757073600000000,0.01478000,0.01494000,0.01475000,0.01493000,10068208.40000000,1757077199999999,149400.06854300,856,5419138.40000000,80382.59052700,0
1757077200000000,0.01494000,0.01495000,0.01488000,0.01492000,3899903.70000000,1757080799999999,58189.11600300,345,2234742.40000000,33339.57302800,0
1757080800000000,0.01492000,0.01492000,0.01452000,0.01458000,9222129.60000000,1757084399999999,135364.39482600,654,3955442.50000000,58075.30363500,0
1757084400000000,0.01458000,0.01470000,0.01455000,0.01465000,2673949.90000000,1757087999999999,39171.86180400,163,1439732.60000000,21081.75863400,0
1757088000000000,0.01465000,0.01467000,0.01461000,0.01465000,891929.80000000,1757091599999999,13063.19077300,65,332456.60000000,4865.79436800,0
1757091600000000,0.01465000,0.01465000,0.01460000,0.01462000,390756.70000000,1757095199999999,5717.54488200,46,149120.70000000,2181.81450000,0
1757095200000000,0.01462000,0.01473000,0.01458000,0.01472000,903990.50000000,1757098799999999,13238.87946400,74,372144.70000000,5446.80426600,0
1757098800000000,0.01472000,0.01474000,0.01469000,0.01473000,1488831.20000000,1757102399999999,21912.69613300,112,780596.60000000,11491.13598900,0
1757102400000000,0.01475000,0.01479000,0.01470000,0.01477000,1584250.00000000,1757105999999999,23338.11326800,159,599174.10000000,8828.49158400,0
1757106000000000,0.01477000,0.01478000,0.01464000,0.01468000,4116675.20000000,1757109599999999,60531.28908400,476,1780534.60000000,26160.99306800,0
1757109600000000,0.01468000,0.01478000,0.01465000,0.01476000,2053431.60000000,1757113199999999,30243.04180400,114,1078212.20000000,15869.05180700,0
1757113200000000,0.01475000,0.01476000,0.01473000,0.01473000,317453.30000000,1757116799999999,4680.50624600,55,230754.40000000,3402.69913100,0
1757116800000000,0.01473000,0.01475000,0.01471000,0.01472000,1201709.10000000,1757120399999999,17702.08619000,149,1090917.80000000,16070.38709500,0
1757120400000000,0.01471000,0.01473000,0.01469000,0.01473000,865980.20000000,1757123999999999,12734.96266300,169,618117.80000000,9090.28776800,0
1757124000000000,0.01472000,0.01472000,0.01467000,0.01470000,583390.80000000,1757127599999999,8573.09436200,68,329859.80000000,4846.35079500,0
1757127600000000,0.01472000,0.01473000,0.01471000,0.01473000,525806.50000000,1757131199999999,7741.34493000,61,284944.90000000,4193.74953500,0
1757131200000000,0.01472000,0.01472000,0.01464000,0.01468000,1253097.90000000,1757134799999999,18405.49454900,125,369690.50000000,5426.91663100,0
1757134800000000,0.01467000,0.01467000,0.01462000,0.01462000,1017456.00000000,1757138399999999,14899.44693400,133,608868.50000000,8915.45695200,0
1757138400000000,0.01462000,0.01464000,0.01461000,0.01464000,771083.10000000,1757141999999999,11278.51539000,138,471753.40000000,6900.18772600,0
1757142000000000,0.01463000,0.01466000,0.01461000,0.01463000,553497.40000000,1757145599999999,8098.27323700,92,243910.40000000,3569.27322600,0
1757145600000000,0.01463000,0.01465000,0.01460000,0.01461000,441044.60000000,1757149199999999,6445.67886200,61,213487.50000000,3120.11522000,0
1757149200000000,0.01461000,0.01461000,0.01455000,0.01458000,1263779.30000000,1757152799999999,18436.18084100,85,421260.10000000,6143.06574900,0
1757152800000000,0.01458000,0.01460000,0.01454000,0.01460000,964093.60000000,1757156399999999,14046.52222300,91,594438.50000000,8664.65764300,0
1757156400000000,0.01461000,0.01461000,0.01456000,0.01460000,356816.00000000,1757159999999999,5207.68488700,49,229491.30000000,3349.51070500,0
1757160000000000,0.01460000,0.01462000,0.01454000,0.01454000,1719638.10000000,1757163599999999,25050.16409600,187,835637.70000000,12165.89109500,0
1757163600000000,0.01454000,0.01456000,0.01453000,0.01456000,997309.30000000,1757167199999999,14507.34979300,91,384200.10000000,5588.93357500,0
1757167200000000,0.01455000,0.01466000,0.01455000,0.01463000,1792064.90000000,1757170799999999,26207.53856400,178,1031448.90000000,15079.32053000,0
1757170800000000,0.01464000,0.01464000,0.01453000,0.01455000,1807663.00000000,1757174399999999,26365.70380600,132,438343.80000000,6390.07929400,0
1757174400000000,0.01453000,0.01461000,0.01451000,0.01457000,2260514.80000000,1757177999999999,32913.43818700,341,1246926.30000000,18167.53270000,0
1757178000000000,0.01458000,0.01459000,0.01452000,0.01452000,678466.20000000,1757181599999999,9876.50533400,74,152634.90000000,2221.76856800,0
1757181600000000,0.01452000,0.01455000,0.01452000,0.01453000,688681.30000000,1757185199999999,10007.46098800,107,365917.60000000,5318.12047500,0
1757185200000000,0.01452000,0.01454000,0.01446000,0.01447000,3432283.60000000,1757188799999999,49803.71494900,305,1691983.20000000,24558.80245800,0
1757188800000000,0.01448000,0.01458000,0.01448000,0.01457000,927507.20000000,1757192399999999,13487.37249000,111,759464.50000000,11045.10965600,0
1757192400000000,0.01458000,0.01458000,0.01456000,0.01456000,1090841.00000000,1757195999999999,15896.66896400,82,232783.00000000,3391.66224300,0
1757196000000000,0.01456000,0.01459000,0.01454000,0.01456000,607642.20000000,1757199599999999,8850.89762300,77,499314.80000000,7275.04689600,0
1757199600000000,0.01455000,0.01460000,0.01455000,0.01456000,548994.30000000,1757203199999999,8004.72123500,90,348716.60000000,5084.80502200,0
1757203200000000,0.01457000,0.01466000,0.01457000,0.01466000,1837078.50000000,1757206799999999,26840.56398400,236,1403246.80000000,20505.86529000,0
1757206800000000,0.01467000,0.01472000,0.01466000,0.01472000,748063.70000000,1757210399999999,10984.76248400,107,275625.40000000,4048.92494200,0
1757210400000000,0.01471000,0.01477000,0.01470000,0.01476000,2208342.60000000,1757213999999999,32574.17698000,99,1107814.50000000,16344.54418100,0
1757214000000000,0.01476000,0.01477000,0.01475000,0.01477000,812448.80000000,1757217599999999,11993.62833700,84,464282.60000000,6855.09625700,0
1757217600000000,0.01477000,0.01479000,0.01475000,0.01477000,394448.90000000,1757221199999999,5827.70048600,95,271299.40000000,4008.39731900,0
1757221200000000,0.01478000,0.01479000,0.01473000,0.01478000,1248610.80000000,1757224799999999,18430.92575100,186,649275.90000000,9582.58991000,0
1757224800000000,0.01479000,0.01480000,0.01472000,0.01473000,576957.90000000,1757228399999999,8517.51804200,64,157807.40000000,2330.57859000,0
1757228400000000,0.01472000,0.01474000,0.01468000,0.01470000,706165.70000000,1757231999999999,10387.27042000,77,282916.60000000,4161.22833200,0
1757232000000000,0.01470000,0.01476000,0.01470000,0.01473000,2100064.70000000,1757235599999999,30942.93082300,107,672142.70000000,9902.78927300,0
1757235600000000,0.01474000,0.01475000,0.01469000,0.01472000,391763.80000000,1757239199999999,5762.08721500,58,127511.60000000,1874.98117400,0
1757239200000000,0.01472000,0.01475000,0.01471000,0.01472000,629323.10000000,1757242799999999,9270.48974100,54,354791.50000000,5225.56095800,0
1757242800000000,0.01473000,0.01476000,0.01471000,0.01476000,847138.80000000,1757246399999999,12483.06782300,59,472052.20000000,6954.21093100,0
1757246400000000,0.01476000,0.01476000,0.01472000,0.01475000,1593598.30000000,1757249999999999,23498.08788400,88,788660.60000000,11629.16829000,0
1757250000000000,0.01475000,0.01475000,0.01470000,0.01472000,1073903.30000000,1757253599999999,15810.15875200,151,338812.10000000,4991.11810600,0
1757253600000000,0.01472000,0.01476000,0.01469000,0.01471000,700704.80000000,1757257199999999,10311.99497700,87,404044.50000000,5948.56074800,0
1757257200000000,0.01470000,0.01472000,0.01468000,0.01470000,903621.70000000,1757260799999999,13286.67503700,81,401184.40000000,5901.96949800,0
1757260800000000,0.01469000,0.01471000,0.01465000,0.01467000,1206715.20000000,1757264399999999,17720.96754800,122,744124.00000000,10927.70403100,0
1757264400000000,0.01465000,0.01467000,0.01461000,0.01461000,1363039.30000000,1757267999999999,19945.62227900,204,648151.90000000,9488.11286600,0
1757268000000000,0.01460000,0.01462000,0.01454000,0.01459000,668134.40000000,1757271599999999,9735.75242800,150,339137.00000000,4943.13795100,0
1757271600000000,0.01459000,0.01466000,0.01458000,0.01461000,1351255.70000000,1757275199999999,19759.06918800,163,701086.60000000,10251.12101500,0
1757275200000000,0.01461000,0.01463000,0.01458000,0.01463000,499783.50000000,1757278799999999,7298.54371100,193,239309.40000000,3495.83159000,0
1757278800000000,0.01462000,0.01465000,0.01460000,0.01465000,719391.10000000,1757282399999999,10520.52080300,102,568975.30000000,8321.97288300,0
1757282400000000,0.01464000,0.01470000,0.01464000,0.01470000,1902031.60000000,1757285999999999,27894.82803600,139,422447.90000000,6197.24579900,0
1757286000000000,0.01470000,0.01474000,0.01467000,0.01467000,749806.00000000,1757289599999999,11027.78716100,89,252703.40000000,3716.13577600,0
1757289600000000,0.01468000,0.01470000,0.01462000,0.01467000,1527579.60000000,1757293199999999,22393.67744800,168,769903.60000000,11287.20034500,0
1757293200000000,0.01467000,0.01469000,0.01464000,0.01466000,625828.10000000,1757296799999999,9176.26769800,65,271741.60000000,3984.82964300,0
1757296800000000,0.01467000,0.01477000,0.01464000,0.01477000,1609481.00000000,1757300399999999,23635.39370400,136,722951.00000000,10627.55591800,0
1757300400000000,0.01477000,0.01485000,0.01477000,0.01481000,1121441.70000000,1757303999999999,16608.47517100,219,762272.30000000,11291.88674600,0
1757304000000000,0.01479000,0.01480000,0.01470000,0.01473000,1514808.00000000,1757307599999999,22352.28677100,277,572059.50000000,8440.43793200,0
1757307600000000,0.01472000,0.01477000,0.01472000,0.01474000,1499679.20000000,1757311199999999,22117.93412500,366,645760.60000000,9524.31448200,0
1757311200000000,0.01477000,0.01477000,0.01470000,0.01474000,980476.40000000,1757314799999999,14460.27962800,135,578261.80000000,8529.56434600,0
1757314800000000,0.01473000,0.01478000,0.01470000,0.01472000,1038555.10000000,1757318399999999,15293.29139200,103,283672.30000000,4180.75300800,0
1757318400000000,0.01473000,0.01482000,0.01473000,0.01480000,1795353.40000000,1757321999999999,26550.77402700,200,800032.90000000,11828.55983100,0
1757322000000000,0.01480000,0.01488000,0.01478000,0.01488000,1397726.80000000,1757325599999999,20754.01487900,147,758575.50000000,11261.68659100,0
1757325600000000,0.01488000,0.01496000,0.01486000,0.01491000,1211096.80000000,1757329199999999,18042.50401600,206,595716.40000000,8877.02084400,0
1757329200000000,0.01490000,0.01490000,0.01478000,0.01482000,1947142.10000000,1757332799999999,28851.49084400,341,872745.50000000,12935.62896800,0
1757332800000000,0.01483000,0.01491000,0.01482000,0.01489000,1557928.20000000,1757336399999999,23161.07881600,337,851787.10000000,12665.39770100,0
1757336400000000,0.01489000,0.01495000,0.01485000,0.01485000,2614522.60000000,1757339999999999,38958.22439300,517,918766.30000000,13701.56820600,0
1757340000000000,0.01485000,0.01499000,0.01485000,0.01499000,2699539.70000000,1757343599999999,40360.30348300,225,1689904.60000000,25271.51209900,0
1757343600000000,0.01499000,0.01507000,0.01499000,0.01506000,2070750.40000000,1757347199999999,31131.75250200,347,834749.60000000,12550.38362900,0
1757347200000000,0.01506000,0.01510000,0.01503000,0.01504000,2914067.80000000,1757350799999999,43895.10925100,687,889781.00000000,13409.20364700,0
1757350800000000,0.01504000,0.01511000,0.01500000,0.01505000,4065451.10000000,1757354399999999,61259.80906000,578,1662985.40000000,25066.30801200,0
1757354400000000,0.01505000,0.01511000,0.01503000,0.01508000,1926981.60000000,1757357999999999,29026.29474900,399,545342.80000000,8214.50110500,0
1757358000000000,0.01509000,0.01512000,0.01499000,0.01506000,3256314.30000000,1757361599999999,49057.85760700,360,2522137.80000000,37999.91802600,0
1757361600000000,0.01506000,0.01509000,0.01491000,0.01495000,4897378.40000000,1757365199999999,73439.05022800,405,1877274.20000000,28222.83720300,0
1757365200000000,0.01495000,0.01509000,0.01493000,0.01508000,769096.50000000,1757368799999999,11550.50947600,173,425706.60000000,6398.12927900,0
1757368800000000,0.01509000,0.01512000,0.01507000,0.01509000,906364.00000000,1757372399999999,13680.14612900,248,531409.30000000,8022.07003300,0
1757372400000000,0.01509000,0.01510000,0.01505000,0.01508000,1017307.50000000,1757375999999999,15329.24228600,112,502530.60000000,7575.25422700,0
1757376000000000,0.01508000,0.01512000,0.01501000,0.01510000,2097631.00000000,1757379599999999,31638.02627400,307,1108206.30000000,16718.36307700,0
1757379600000000,0.01511000,0.01518000,0.01507000,0.01516000,5565120.90000000,1757383199999999,84196.11148500,665,2728741.10000000,41287.48106900,0
1757383200000000,0.01517000,0.01517000,0.01501000,0.01504000,2653805.80000000,1757386799999999,40111.17109100,454,1563574.00000000,23621.45233500,0
1757386800000000,0.01501000,0.01526000,0.01501000,0.01526000,6254665.10000000,1757390399999999,94781.46194400,532,3588336.90000000,54356.18774300,0
1757390400000000,0.01525000,0.01548000,0.01525000,0.01536000,6231346.80000000,1757393999999999,95610.68269700,660,3925760.30000000,60276.79941300,0
1757394000000000,0.01537000,0.01537000,0.01523000,0.01531000,5959943.30000000,1757397599999999,91094.72782200,491,1586376.20000000,24232.45834200,0
1757397600000000,0.01532000,0.01556000,0.01532000,0.01550000,5840008.80000000,1757401199999999,90272.29376200,510,3855591.10000000,59626.46427200,0
1757401200000000,0.01552000,0.01563000,0.01548000,0.01552000,3900195.90000000,1757404799999999,60689.22560900,363,1969689.60000000,30644.99623200,0
1757404800000000,0.01554000,0.01558000,0.01549000,0.01553000,1986037.40000000,1757408399999999,30862.65311100,329,780150.10000000,12126.09454300,0
1757408400000000,0.01553000,0.01556000,0.01551000,0.01552000,1693027.80000000,1757411999999999,26297.94428800,273,875651.50000000,13606.41776900,0
1757412000000000,0.01551000,0.01556000,0.01541000,0.01546000,3486951.40000000,1757415599999999,53984.40271600,341,2123547.30000000,32864.84191400,0
1757415600000000,0.01546000,0.01552000,0.01541000,0.01542000,2453780.10000000,1757419199999999,37979.42278000,512,1066026.70000000,16503.23460300,0
1757419200000000,0.01543000,0.01551000,0.01525000,0.01530000,4456328.90000000,1757422799999999,68493.68848100,703,1617023.60000000,24895.59411400,0
1757422800000000,0.01531000,0.01538000,0.01522000,0.01536000,5105562.90000000,1757426399999999,78069.50527200,810,1561737.70000000,23910.51905300,0
1757426400000000,0.01537000,0.01539000,0.01509000,0.01520000,7546614.30000000,1757429999999999,115215.71750200,1148,3635649.40000000,55495.99771400,0
1757430000000000,0.01522000,0.01522000,0.01504000,0.01511000,4860068.50000000,1757433599999999,73535.03596500,552,2440776.60000000,36959.55221100,0
1757433600000000,0.01511000,0.01512000,0.01506000,0.01509000,1615909.20000000,1757437199999999,24380.83806400,112,865524.00000000,13057.82275200,0
1757437200000000,0.01509000,0.01518000,0.01509000,0.01511000,1101017.70000000,1757440799999999,16650.59664900,207,750277.30000000,11343.33546200,0
1757440800000000,0.01511000,0.01516000,0.01509000,0.01515000,683655.40000000,1757444399999999,10340.77763400,103,228670.70000000,3456.99007100,0
1757444400000000,0.01515000,0.01521000,0.01514000,0.01520000,869585.30000000,1757447999999999,13194.22150400,99,611778.70000000,9284.95429100,0
1757448000000000,0.01520000,0.01523000,0.01514000,0.01520000,1285036.20000000,1757451599999999,19503.40253700,233,561852.60000000,8527.95697600,0
1757451600000000,0.01520000,0.01525000,0.01518000,0.01520000,2235273.70000000,1757455199999999,34012.00494600,239,1335026.90000000,20321.52834900,0
1757455200000000,0.01520000,0.01531000,0.01517000,0.01530000,1481566.60000000,1757458799999999,22586.56493900,208,649089.20000000,9888.04112600,0
1757458800000000,0.01531000,0.01537000,0.01530000,0.01533000,1504697.20000000,1757462399999999,23077.65570300,650,1145791.60000000,17572.40844600,0
1757462400000000,0.01533000,0.01541000,0.01527000,0.01529000,2304408.80000000,1757465999999999,35359.41050500,812,1366095.60000000,20952.94978700,0
1757466000000000,0.01529000,0.01544000,0.01529000,0.01540000,2185509.80000000,1757469599999999,33611.84633600,331,1146840.80000000,17642.18927200,0
1757469600000000,0.01541000,0.01558000,0.01541000,0.01556000,2606808.30000000,1757473199999999,40452.63069400,324,1536937.60000000,23852.61331600,0
1757473200000000,0.01557000,0.01560000,0.01552000,0.01558000,862354.90000000,1757476799999999,13421.33682300,126,288046.50000000,4484.40816700,0
1757476800000000,0.01558000,0.01558000,0.01546000,0.01550000,788741.80000000,1757480399999999,12250.94351700,123,344699.60000000,5354.52076800,0
1757480400000000,0.01550000,0.01554000,0.01542000,0.01549000,2200591.50000000,1757483999999999,34087.96912100,259,1151244.70000000,17836.69225900,0
1757484000000000,0.01550000,0.01556000,0.01546000,0.01552000,1495900.80000000,1757487599999999,23208.47533300,242,972828.10000000,15098.58026800,0
1757487600000000,0.01553000,0.01558000,0.01549000,0.01550000,1569531.30000000,1757491199999999,24369.09165900,367,626448.40000000,9728.45022700,0
1757491200000000,0.01552000,0.01554000,0.01548000,0.01552000,1828121.90000000,1757494799999999,28361.60005100,273,853455.40000000,13249.67463800,0
1757494800000000,0.01553000,0.01553000,0.01546000,0.01553000,1205097.40000000,1757498399999999,18668.59046300,130,525042.20000000,8132.98133900,0
1757498400000000,0.01553000,0.01556000,0.01549000,0.01549000,1433248.30000000,1757501999999999,22246.14248100,172,880332.90000000,13671.81189000,0
1757502000000000,0.01548000,0.01553000,0.01547000,0.01549000,794178.70000000,1757505599999999,12301.05036400,110,387884.70000000,6007.84527900,0
1757505600000000,0.01550000,0.01567000,0.01549000,0.01564000,6369146.80000000,1757509199999999,99467.12281400,953,2995718.30000000,46777.72013100,0
1757509200000000,0.01566000,0.01570000,0.01550000,0.01564000,8034010.10000000,1757512799999999,125476.55406000,869,2471237.80000000,38662.65737200,0
1757512800000000,0.01565000,0.01572000,0.01562000,0.01564000,2506203.10000000,1757516399999999,39279.46676400,319,1319675.90000000,20700.33472000,0
1757516400000000,0.01565000,0.01567000,0.01558000,0.01560000,2180173.70000000,1757519999999999,34079.28407300,304,1011682.40000000,15819.43311400,0
1757520000000000,0.01560000,0.01563000,0.01549000,0.01561000,4850930.40000000,1757523599999999,75390.85133900,407,2904905.10000000,45144.41687100,0
1757523600000000,0.01561000,0.01564000,0.01550000,0.01554000,2332121.90000000,1757527199999999,36265.01063100,333,1190722.90000000,18516.02912700,0
1757527200000000,0.01553000,0.01555000,0.01547000,0.01553000,834387.40000000,1757530799999999,12938.39022100,134,349614.60000000,5424.09790100,0
1757530800000000,0.01552000,0.01552000,0.01533000,0.01537000,1109257.50000000,1757534399999999,17069.76829500,208,700382.00000000,10775.42862800,0
1757534400000000,0.01537000,0.01549000,0.01537000,0.01547000,1336692.20000000,1757537999999999,20634.14658900,221,705065.50000000,10878.11836700,0
1757538000000000,0.01547000,0.01551000,0.01542000,0.01550000,4632904.30000000,1757541599999999,71565.02786900,391,1877886.80000000,28986.50541300,0
1757541600000000,0.01551000,0.01556000,0.01549000,0.01553000,1110422.20000000,1757545199999999,17243.38854500,190,865777.20000000,13445.47167500,0
1757545200000000,0.01553000,0.01554000,0.01550000,0.01552000,704305.90000000,1757548799999999,10929.31621800,120,445118.00000000,6907.70826300,0
1757548800000000,0.01553000,0.01553000,0.01547000,0.01551000,732814.60000000,1757552399999999,11359.91448400,116,417713.30000000,6473.66827100,0
1757552400000000,0.01551000,0.01555000,0.01551000,0.01555000,478499.90000000,1757555999999999,7433.55526800,75,392193.50000000,6092.70825300,0
1757556000000000,0.01555000,0.01555000,0.01553000,0.01553000,1143674.20000000,1757559599999999,17767.78913000,155,519993.20000000,8078.52978500,0
1757559600000000,0.01552000,0.01556000,0.01550000,0.01555000,2528224.30000000,1757563199999999,39273.13580700,346,921403.60000000,14311.42114800,0
1757563200000000,0.01555000,0.01561000,0.01555000,0.01558000,1988582.80000000,1757566799999999,30990.38443000,374,1270277.50000000,19798.95182700,0
1757566800000000,0.01558000,0.01558000,0.01544000,0.01550000,1555588.90000000,1757570399999999,24105.66404200,367,746602.80000000,11570.49816400,0
1757570400000000,0.01550000,0.01555000,0.01548000,0.01555000,474882.90000000,1757573999999999,7366.81435400,95,287234.10000000,4458.69969700,0
1757574000000000,0.01555000,0.01562000,0.01555000,0.01562000,864110.60000000,1757577599999999,13475.05723900,142,415677.90000000,6481.73416500,0
1757577600000000,0.01561000,0.01563000,0.01557000,0.01557000,918890.80000000,1757581199999999,14327.07152000,114,274999.20000000,4290.38529500,0
1757581200000000,0.01557000,0.01557000,0.01549000,0.01553000,3325752.00000000,1757584799999999,51556.97913300,306,1058637.50000000,16409.61671800,0
1757584800000000,0.01553000,0.01557000,0.01551000,0.01554000,1027257.90000000,1757588399999999,15960.55893800,208,548271.90000000,8520.69310500,0
1757588400000000,0.01553000,0.01556000,0.01542000,0.01543000,1369155.20000000,1757591999999999,21220.18948200,194,383064.60000000,5938.14848900,0
1757592000000000,0.01544000,0.01556000,0.01523000,0.01540000,8610689.70000000,1757595599999999,132529.59858300,1879,4114725.20000000,63297.81018900,0
1757595600000000,0.01541000,0.01545000,0.01528000,0.01544000,5950856.30000000,1757599199999999,91382.37821000,969,2759549.30000000,42377.12061100,0
1757599200000000,0.01545000,0.01545000,0.01528000,0.01539000,1532251.10000000,1757602799999999,23518.49127900,207,776763.30000000,11921.98069100,0
1757602800000000,0.01538000,0.01538000,0.01531000,0.01532000,941584.20000000,1757606399999999,14447.67431000,155,378518.80000000,5807.46575700,0
1757606400000000,0.01530000,0.01537000,0.01529000,0.01531000,983124.50000000,1757609999999999,15070.94578400,157,669970.50000000,10269.24292500,0
1757610000000000,0.01531000,0.01536000,0.01530000,0.01536000,685417.30000000,1757613599999999,10513.36922800,161,321711.50000000,4934.16193600,0
1757613600000000,0.01537000,0.01537000,0.01530000,0.01532000,1050165.00000000,1757617199999999,16108.25358100,173,251871.90000000,3866.51054600,0
1757617200000000,0.01531000,0.01539000,0.01531000,0.01537000,1115549.40000000,1757620799999999,17124.74054900,176,546674.30000000,8392.75031100,0
1757620800000000,0.01537000,0.01539000,0.01533000,0.01535000,1091970.20000000,1757624399999999,16782.39401300,137,570941.00000000,8777.86067800,0
1757624400000000,0.01536000,0.01536000,0.01533000,0.01534000,636969.50000000,1757627999999999,9777.12696900,122,241221.70000000,3703.66712400,0
1757628000000000,0.01534000,0.01546000,0.01533000,0.01544000,1861749.70000000,1757631599999999,28681.12280300,364,1116309.00000000,17196.01988300,0
1757631600000000,0.01543000,0.01547000,0.01540000,0.01541000,1463729.10000000,1757635199999999,22585.31870700,212,910588.40000000,14050.36747500,0
1757635200000000,0.01542000,0.01560000,0.01541000,0.01556000,2267027.90000000,1757638799999999,35187.19535700,297,1029159.00000000,15970.39143800,0
1757638800000000,0.01556000,0.01558000,0.01547000,0.01549000,1684599.60000000,1757642399999999,26150.53267500,297,619549.60000000,9611.27231100,0
1757642400000000,0.01550000,0.01559000,0.01550000,0.01554000,827013.20000000,1757645999999999,12854.93426000,193,608238.80000000,9454.65825500,0
1757646000000000,0.01554000,0.01555000,0.01547000,0.01550000,1965243.00000000,1757649599999999,30472.77217600,228,1281781.70000000,19881.13671200,0
1757649600000000,0.01551000,0.01554000,0.01546000,0.01553000,1266680.60000000,1757653199999999,19624.91663300,110,854842.80000000,13248.55462700,0
1757653200000000,0.01553000,0.01560000,0.01551000,0.01559000,993016.10000000,1757656799999999,15441.09508900,132,554853.30000000,8631.03127200,0
1757656800000000,0.01559000,0.01560000,0.01554000,0.01554000,614100.30000000,1757660399999999,9561.13674000,79,350776.60000000,5464.39946900,0
1757660400000000,0.01555000,0.01561000,0.01555000,0.01555000,1190173.80000000,1757663999999999,18536.73493900,232,418755.80000000,6524.02868000,0
1757664000000000,0.01555000,0.01556000,0.01544000,0.01548000,1848368.00000000,1757667599999999,28635.09252100,201,779938.80000000,12080.76615500,0
1757667600000000,0.01548000,0.01548000,0.01541000,0.01543000,1033138.60000000,1757671199999999,15949.14141800,148,477861.00000000,7375.51138800,0
1757671200000000,0.01543000,0.01543000,0.01538000,0.01540000,1996229.90000000,1757674799999999,30736.72508900,350,1044936.40000000,16089.72622000,0
1757674800000000,0.01540000,0.01545000,0.01536000,0.01537000,1063821.30000000,1757678399999999,16390.37933400,240,560460.00000000,8631.95237700,0
1757678400000000,0.01537000,0.01542000,0.01531000,0.01541000,1230432.90000000,1757681999999999,18899.48320300,216,495936.80000000,7619.74719000,0
1757682000000000,0.01542000,0.01546000,0.01541000,0.01546000,764293.20000000,1757685599999999,11791.07896700,178,442377.00000000,6824.93367200,0
1757685600000000,0.01545000,0.01554000,0.01543000,0.01554000,2145634.30000000,1757689199999999,33251.64155600,507,1344711.80000000,20847.47690000,0
1757689200000000,0.01554000,0.01555000,0.01539000,0.01545000,1733735.00000000,1757692799999999,26822.32867100,450,1262209.60000000,19522.61301900,0
1757692800000000,0.01545000,0.01559000,0.01544000,0.01559000,4267271.30000000,1757696399999999,66300.67005100,334,1938035.10000000,30115.31216700,0
1757696400000000,0.01559000,0.01568000,0.01556000,0.01563000,4021561.00000000,1757699999999999,62785.26259000,517,1337744.70000000,20891.53739200,0
1757700000000000,0.01564000,0.01575000,0.01563000,0.01573000,2169471.40000000,1757703599999999,34061.88869200,460,685951.40000000,10784.01854500,0
1757703600000000,0.01573000,0.01578000,0.01567000,0.01576000,1465783.10000000,1757707199999999,23043.65451100,263,751112.40000000,11805.71430000,0
1757707200000000,0.01575000,0.01576000,0.01566000,0.01570000,965127.40000000,1757710799999999,15162.68222500,170,354509.00000000,5570.50046300,0
1757710800000000,0.01569000,0.01570000,0.01562000,0.01568000,1831138.00000000,1757714399999999,28676.09833900,214,996281.30000000,15610.48105100,0
1757714400000000,0.01567000,0.01582000,0.01567000,0.01576000,4053844.00000000,1757717999999999,63922.53867600,411,3062145.90000000,48285.79626800,0
1757718000000000,0.01577000,0.01584000,0.01573000,0.01583000,4468428.40000000,1757721599999999,70472.40039900,519,1925290.50000000,30379.70032600,0
1757721600000000,0.01583000,0.01583000,0.01576000,0.01580000,3348371.90000000,1757725199999999,52878.09780300,427,1000128.80000000,15796.92602600,0
1757725200000000,0.01580000,0.01586000,0.01575000,0.01576000,1053069.40000000,1757728799999999,16653.61129500,223,357278.60000000,5653.71612400,0
1757728800000000,0.01576000,0.01582000,0.01573000,0.01582000,787086.50000000,1757732399999999,12416.82462500,166,372459.90000000,5876.92462500,0
1757732400000000,0.01581000,0.01591000,0.01580000,0.01589000,1770919.20000000,1757735999999999,28095.72735500,189,1073178.10000000,17025.80663000,0
1757736000000000,0.01587000,0.01587000,0.01582000,0.01582000,1477122.90000000,1757739599999999,23393.68563900,119,319971.30000000,5068.87320200,0
1757739600000000,0.01581000,0.01585000,0.01577000,0.01583000,2611400.80000000,1757743199999999,41315.76866500,268,1034973.70000000,16374.52884800,0
1757743200000000,0.01583000,0.01592000,0.01583000,0.01585000,3032507.00000000,1757746799999999,48126.08508000,335,1361838.20000000,21607.31653800,0
1757746800000000,0.01585000,0.01587000,0.01580000,0.01581000,852778.50000000,1757750399999999,13508.94902700,194,556641.50000000,8820.47935800,0
1757750400000000,0.01581000,0.01589000,0.01581000,0.01587000,844978.70000000,1757753999999999,13409.92618100,263,568638.10000000,9024.13697900,0
1757754000000000,0.01588000,0.01595000,0.01586000,0.01592000,3030757.60000000,1757757599999999,48207.30709000,351,1958623.80000000,31152.33141600,0
1757757600000000,0.01592000,0.01599000,0.01590000,0.01595000,1862354.20000000,1757761199999999,29707.17406500,329,620382.00000000,9902.14357200,0
1757761200000000,0.01595000,0.01600000,0.01584000,0.01599000,2451256.90000000,1757764799999999,39012.32906700,278,1215173.30000000,19352.34814600,0
1757764800000000,0.01600000,0.01603000,0.01594000,0.01596000,2220596.00000000,1757768399999999,35488.16977800,310,1110978.90000000,17774.25336100,0
1757768400000000,0.01596000,0.01603000,0.01569000,0.01588000,5087257.80000000,1757771999999999,80711.02878400,720,2441142.00000000,38697.74356600,0
1757772000000000,0.01587000,0.01595000,0.01576000,0.01593000,2420570.10000000,1757775599999999,38411.32283400,305,878023.50000000,13922.35611100,0
1757775600000000,0.01593000,0.01599000,0.01583000,0.01589000,8950938.00000000,1757779199999999,142432.71189800,1025,3399124.40000000,54164.90908800,0
1757779200000000,0.01589000,0.01594000,0.01576000,0.01582000,3463201.70000000,1757782799999999,54965.82491800,527,1571048.30000000,24917.83694000,0
1757782800000000,0.01582000,0.01593000,0.01570000,0.01592000,2884514.00000000,1757786399999999,45545.96260000,477,1645210.20000000,25962.79241600,0
1757786400000000,0.01593000,0.01597000,0.01587000,0.01593000,2684950.70000000,1757789999999999,42762.89921400,295,1062132.20000000,16919.76657300,0
1757790000000000,0.01593000,0.01594000,0.01589000,0.01591000,671879.80000000,1757793599999999,10698.81039700,108,135074.30000000,2150.69625500,0
1757793600000000,0.01593000,0.01599000,0.01591000,0.01596000,3587312.90000000,1757797199999999,57191.56757800,319,1701175.70000000,27126.85227900,0
1757797200000000,0.01595000,0.01597000,0.01591000,0.01593000,1157134.50000000,1757800799999999,18453.73928400,212,608539.40000000,9706.73413400,0
1757800800000000,0.01594000,0.01609000,0.01593000,0.01607000,9793785.10000000,1757804399999999,156863.85765000,633,4328675.50000000,69280.23459500,0
1757804400000000,0.01608000,0.01611000,0.01606000,0.01609000,1513789.90000000,1757807999999999,24351.79470200,230,798412.70000000,12844.05408700,0
1757808000000000,0.01609000,0.01615000,0.01593000,0.01600000,4725121.50000000,1757811599999999,75896.43766500,284,2671033.20000000,42925.73788400,0
1757811600000000,0.01599000,0.01600000,0.01589000,0.01600000,3309771.50000000,1757815199999999,52730.68226500,368,1664974.00000000,26529.11475800,0
1757815200000000,0.01600000,0.01604000,0.01597000,0.01600000,2648163.90000000,1757818799999999,42407.86899400,235,1665073.10000000,26677.43265300,0
1757818800000000,0.01601000,0.01602000,0.01592000,0.01593000,1506080.30000000,1757822399999999,24039.67545700,207,972479.00000000,15517.09959100,0
1757822400000000,0.01592000,0.01600000,0.01575000,0.01598000,4372888.40000000,1757825999999999,69328.73871700,754,1731632.70000000,27422.67072300,0
1757826000000000,0.01600000,0.01606000,0.01596000,0.01604000,2465767.60000000,1757829599999999,39438.07818900,187,496339.40000000,7943.96586700,0
1757829600000000,0.01602000,0.01602000,0.01589000,0.01596000,3444273.40000000,1757833199999999,54894.43055000,284,2147508.00000000,34212.36674300,0
1757833200000000,0.01592000,0.01594000,0.01586000,0.01588000,1094101.00000000,1757836799999999,17406.20393600,261,660245.70000000,10504.89268800,0
1757836800000000,0.01588000,0.01601000,0.01585000,0.01590000,3970778.20000000,1757840399999999,63324.27462600,235,1420354.10000000,22631.57980000,0
1757840400000000,0.01590000,0.01596000,0.01586000,0.01591000,3233492.60000000,1757843999999999,51457.09738000,269,1673821.90000000,26617.32168100,0
1757844000000000,0.01592000,0.01593000,0.01583000,0.01585000,1763421.00000000,1757847599999999,27995.94509100,318,849495.10000000,13486.79694200,0
1757847600000000,0.01585000,0.01587000,0.01559000,0.01560000,2129969.10000000,1757851199999999,33451.77558700,369,818557.40000000,12864.54879200,0
1757851200000000,0.01561000,0.01567000,0.01548000,0.01553000,3503421.30000000,1757854799999999,54509.80046400,334,1307252.10000000,20352.41424700,0
1757854800000000,0.01551000,0.01556000,0.01534000,0.01542000,3091252.40000000,1757858399999999,47741.92618800,397,1086540.10000000,16778.65989800,0
1757858400000000,0.01542000,0.01556000,0.01540000,0.01545000,3440376.90000000,1757861999999999,53204.35333600,552,2054400.00000000,31764.98525300,0
1757862000000000,0.01544000,0.01550000,0.01532000,0.01541000,1714026.70000000,1757865599999999,26396.48728600,388,830706.30000000,12794.85551500,0
1757865600000000,0.01542000,0.01550000,0.01541000,0.01547000,2137046.00000000,1757869199999999,33030.88321600,334,787434.70000000,12173.03320500,0
1757869200000000,0.01548000,0.01557000,0.01545000,0.01554000,1881651.60000000,1757872799999999,29217.34782800,272,1128611.30000000,17532.48916800,0
1757872800000000,0.01554000,0.01554000,0.01546000,0.01548000,1070796.00000000,1757876399999999,16582.12728800,166,548037.90000000,8487.61119900,0
1757876400000000,0.01548000,0.01553000,0.01543000,0.01548000,981905.00000000,1757879999999999,15202.97005500,241,415607.60000000,6433.45889900,0
1757880000000000,0.01548000,0.01553000,0.01548000,0.01550000,773469.60000000,1757883599999999,11997.54470400,114,533801.40000000,8280.54819800,0
1757883600000000,0.01550000,0.01556000,0.01541000,0.01553000,1022345.80000000,1757887199999999,15844.29978700,216,529040.10000000,8202.93764100,0
1757887200000000,0.01554000,0.01559000,0.01549000,0.01556000,998035.50000000,1757890799999999,15517.06741600,202,630349.60000000,9802.66946100,0
1757890800000000,0.01556000,0.01556000,0.01536000,0.01540000,800572.60000000,1757894399999999,12351.51880400,227,252137.80000000,3890.21572900,0
1757894400000000,0.01540000,0.01550000,0.01539000,0.01545000,2236462.20000000,1757897999999999,34571.88893600,535,928653.50000000,14359.07067700,0
1757898000000000,0.01545000,0.01547000,0.01530000,0.01545000,1485277.10000000,1757901599999999,22855.83804900,337,739224.70000000,11381.13084700,0
1757901600000000,0.01545000,0.01552000,0.01543000,0.01546000,573348.80000000,1757905199999999,8867.97424500,148,298572.60000000,4614.55766800,0
1757905200000000,0.01542000,0.01551000,0.01541000,0.01549000,748645.70000000,1757908799999999,11577.70666600,192,138600.10000000,2141.79484700,0
1757908800000000,0.01549000,0.01553000,0.01547000,0.01548000,1169417.80000000,1757912399999999,18138.45779800,165,375506.00000000,5821.44409800,0
1757912400000000,0.01547000,0.01558000,0.01547000,0.01557000,640756.50000000,1757915999999999,9951.21617100,137,364101.10000000,5653.83536900,0
1757916000000000,0.01556000,0.01556000,0.01531000,0.01536000,1131740.70000000,1757919599999999,17422.60537500,188,385383.90000000,5938.07453900,0
1757919600000000,0.01535000,0.01543000,0.01517000,0.01521000,4005951.40000000,1757923199999999,61237.46825200,632,1543988.10000000,23560.05826600,0
1757923200000000,0.01520000,0.01520000,0.01490000,0.01491000,13672979.10000000,1757926799999999,205403.19680400,1463,6272777.60000000,94309.78662800,0
1757926800000000,0.01490000,0.01511000,0.01489000,0.01506000,1380996.50000000,1757930399999999,20709.73701800,270,861158.10000000,12906.06951400,0
1757930400000000,0.01505000,0.01506000,0.01497000,0.01503000,1399900.70000000,1757933999999999,21000.61652500,188,665202.60000000,9979.66094200,0
1757934000000000,0.01503000,0.01505000,0.01496000,0.01503000,1626842.50000000,1757937599999999,24419.34444400,189,750870.30000000,11271.18322700,0
1757937600000000,0.01502000,0.01503000,0.01491000,0.01491000,1622105.20000000,1757941199999999,24297.86594900,255,767139.80000000,11488.84806100,0
1757941200000000,0.01492000,0.01502000,0.01489000,0.01495000,1723723.60000000,1757944799999999,25747.97952000,346,903488.20000000,13497.06115100,0
1757944800000000,0.01495000,0.01502000,0.01485000,0.01491000,3754660.60000000,1757948399999999,56046.61036500,690,1838786.10000000,27438.03917800,0
1757948400000000,0.01492000,0.01496000,0.01481000,0.01488000,2876656.30000000,1757951999999999,42838.56226300,512,1125585.40000000,16758.31499300,0
1757952000000000,0.01486000,0.01488000,0.01475000,0.01479000,1469318.60000000,1757955599999999,21772.68268300,248,511860.00000000,7587.63549300,0
1757955600000000,0.01478000,0.01486000,0.01474000,0.01486000,3084208.10000000,1757959199999999,45614.64330100,343,725386.70000000,10749.37318100,0
1757959200000000,0.01486000,0.01487000,0.01482000,0.01486000,674195.10000000,1757962799999999,10005.73945500,168,207014.40000000,3073.76321900,0
1757962800000000,0.01486000,0.01489000,0.01482000,0.01485000,976259.00000000,1757966399999999,14505.35843000,236,592500.30000000,8802.33975400,0
1757966400000000,0.01484000,0.01493000,0.01483000,0.01493000,1050392.80000000,1757969999999999,15624.32748800,258,737569.20000000,10970.57197500,0
1757970000000000,0.01492000,0.01497000,0.01489000,0.01497000,515942.00000000,1757973599999999,7701.30951400,132,194221.60000000,2902.92270400,0
1757973600000000,0.01497000,0.01500000,0.01493000,0.01495000,709048.00000000,1757977199999999,10616.38017100,119,314458.70000000,4711.18040200,0
1757977200000000,0.01495000,0.01497000,0.01491000,0.01493000,628605.40000000,1757980799999999,9391.02410000,132,228857.40000000,3419.80522500,0
1757980800000000,0.01492000,0.01492000,0.01484000,0.01487000,1721597.40000000,1757984399999999,25607.29777200,356,1001709.70000000,14897.30939200,0
1757984400000000,0.01487000,0.01492000,0.01486000,0.01486000,1410736.80000000,1757987999999999,21008.39768500,302,613109.20000000,9130.51389600,0
1757988000000000,0.01486000,0.01494000,0.01486000,0.01489000,1012665.50000000,1757991599999999,15090.00373000,229,768036.90000000,11441.90778800,0
1757991600000000,0.01488000,0.01500000,0.01488000,0.01493000,1878345.40000000,1757995199999999,28097.78099800,406,822248.70000000,12298.15176400,0
1757995200000000,0.01494000,0.01495000,0.01481000,0.01491000,3001053.20000000,1757998799999999,44604.59579000,528,631131.30000000,9382.37395700,0
1757998800000000,0.01492000,0.01502000,0.01491000,0.01502000,1160614.20000000,1758002399999999,17379.16829300,211,742586.20000000,11127.56933700,0
1758002400000000,0.01502000,0.01512000,0.01499000,0.01503000,4763763.70000000,1758005999999999,71769.41574000,618,2980347.60000000,44888.32748600,0
1758006000000000,0.01504000,0.01519000,0.01504000,0.01513000,1634817.80000000,1758009599999999,24711.50536300,313,1102574.00000000,16654.43051900,0
1758009600000000,0.01513000,0.01525000,0.01509000,0.01513000,6776792.00000000,1758013199999999,102740.48149600,650,2951834.30000000,44782.20038000,0
1758013200000000,0.01513000,0.01513000,0.01504000,0.01510000,2001813.40000000,1758016799999999,30224.90188700,440,1209250.00000000,18257.60218400,0
1758016800000000,0.01510000,0.01512000,0.01500000,0.01501000,1540616.90000000,1758020399999999,23201.78349000,310,267041.90000000,4023.16217000,0
1758020400000000,0.01500000,0.01506000,0.01498000,0.01502000,891249.70000000,1758023999999999,13394.72218500,174,346201.20000000,5202.61070800,0
1758024000000000,0.01502000,0.01506000,0.01500000,0.01505000,742140.30000000,1758027599999999,11158.18601800,110,284117.80000000,4273.32655700,0
1758027600000000,0.01504000,0.01513000,0.01496000,0.01506000,1980425.50000000,1758031199999999,29783.85928800,359,769075.60000000,11555.94658300,0
1758031200000000,0.01505000,0.01507000,0.01493000,0.01507000,1465819.30000000,1758034799999999,21992.15618700,231,676645.80000000,10154.16378100,0
1758034800000000,0.01507000,0.01517000,0.01502000,0.01516000,1372268.00000000,1758038399999999,20717.78461000,195,741861.50000000,11208.59084400,0
1758038400000000,0.01516000,0.01516000,0.01509000,0.01511000,693228.90000000,1758041999999999,10488.55382300,219,343329.00000000,5195.76827000,0
1758042000000000,0.01512000,0.01525000,0.01511000,0.01516000,1388150.60000000,1758045599999999,21084.29478400,314,469081.10000000,7121.97452100,0
1758045600000000,0.01517000,0.01521000,0.01511000,0.01516000,1047589.30000000,1758049199999999,15897.10475500,175,505040.00000000,7664.76186800,0
1758049200000000,0.01514000,0.01520000,0.01512000,0.01520000,962626.80000000,1758052799999999,14589.10086700,266,699938.10000000,10607.00277100,0
1758052800000000,0.01519000,0.01528000,0.01517000,0.01523000,3613948.80000000,1758056399999999,55064.89763200,432,2356164.10000000,35898.35187900,0
1758056400000000,0.01524000,0.01527000,0.01522000,0.01524000,562568.20000000,1758059999999999,8574.73720200,88,267529.50000000,4078.79911700,0
1758060000000000,0.01527000,0.01530000,0.01524000,0.01527000,1166964.40000000,1758063599999999,17830.16995900,121,591302.00000000,9037.09510900,0
1758063600000000,0.01525000,0.01527000,0.01520000,0.01521000,1254752.90000000,1758067199999999,19117.05341800,135,363364.40000000,5540.77503100,0
1758067200000000,0.01521000,0.01522000,0.01514000,0.01516000,1153476.50000000,1758070799999999,17515.61333500,236,506751.30000000,7697.17569200,0
1758070800000000,0.01517000,0.01518000,0.01513000,0.01515000,950246.30000000,1758074399999999,14405.48923700,98,330616.90000000,5010.87499800,0
1758074400000000,0.01515000,0.01528000,0.01513000,0.01523000,893021.70000000,1758077999999999,13586.55696400,148,591100.00000000,8994.74228200,0
1758078000000000,0.01522000,0.01525000,0.01508000,0.01508000,1237442.20000000,1758081599999999,18797.61821200,193,314737.00000000,4786.40298600,0
1758081600000000,0.01508000,0.01512000,0.01501000,0.01502000,1861517.70000000,1758085199999999,28018.56572500,212,875861.90000000,13181.34333900,0
1758085200000000,0.01503000,0.01515000,0.01503000,0.01514000,1189416.70000000,1758088799999999,17923.90037100,214,607962.70000000,9167.28221300,0
1758088800000000,0.01514000,0.01521000,0.01511000,0.01521000,891898.10000000,1758092399999999,13521.05997200,161,527187.40000000,7996.24399500,0
1758092400000000,0.01520000,0.01526000,0.01519000,0.01522000,940476.60000000,1758095999999999,14310.82914600,310,456248.90000000,6944.22288500,0
1758096000000000,0.01522000,0.01522000,0.01509000,0.01510000,1684547.50000000,1758099599999999,25469.40201700,192,769809.60000000,11636.67329500,0
1758099600000000,0.01510000,0.01511000,0.01503000,0.01505000,967758.70000000,1758103199999999,14594.08293200,136,338733.10000000,5107.76271000,0
1758103200000000,0.01504000,0.01506000,0.01500000,0.01504000,1495458.50000000,1758106799999999,22476.42247100,218,659173.70000000,9913.21804300,0
1758106800000000,0.01505000,0.01510000,0.01504000,0.01507000,842628.20000000,1758110399999999,12706.39501700,98,329165.70000000,4963.48952900,0
1758110400000000,0.01507000,0.01512000,0.01504000,0.01506000,908243.30000000,1758113999999999,13692.58199900,86,473417.90000000,7138.38393300,0
1758114000000000,0.01506000,0.01510000,0.01502000,0.01508000,1389870.40000000,1758117599999999,20954.81961400,121,641703.90000000,9668.88527700,0
1758117600000000,0.01506000,0.01507000,0.01499000,0.01501000,1506647.40000000,1758121199999999,22628.85910100,202,719668.30000000,10811.53336200,0
1758121200000000,0.01501000,0.01506000,0.01499000,0.01502000,1173027.20000000,1758124799999999,17616.45372600,157,135993.60000000,2043.59431000,0
1758124800000000,0.01501000,0.01512000,0.01497000,0.01510000,7917499.50000000,1758128399999999,118952.93320500,428,1854154.70000000,27877.83258600,0
1758128400000000,0.01509000,0.01523000,0.01502000,0.01505000,2701562.70000000,1758131999999999,40886.18332500,420,1103248.40000000,16715.82361000,0
1758132000000000,0.01505000,0.01528000,0.01503000,0.01514000,7266872.00000000,1758135599999999,110062.76022100,1071,4190155.90000000,63426.59767500,0
1758135600000000,0.01515000,0.01545000,0.01515000,0.01545000,2407080.40000000,1758139199999999,36893.09550100,351,1164317.70000000,17851.65563800,0
1758139200000000,0.01546000,0.01552000,0.01531000,0.01531000,2257335.70000000,1758142799999999,34862.61295300,355,814617.40000000,12592.31579900,0
1758142800000000,0.01532000,0.01552000,0.01526000,0.01551000,1360088.20000000,1758146399999999,20945.00418800,159,815542.10000000,12583.57947600,0
1758146400000000,0.01552000,0.01567000,0.01550000,0.01565000,3752852.00000000,1758149999999999,58421.44008100,511,1523600.00000000,23755.56677700,0
1758150000000000,0.01567000,0.01570000,0.01558000,0.01563000,1759076.70000000,1758153599999999,27528.01170100,311,828222.30000000,12961.27152000,0
1758153600000000,0.01564000,0.01571000,0.01559000,0.01563000,1160962.60000000,1758157199999999,18160.20175700,184,430375.20000000,6742.11838600,0
1758157200000000,0.01563000,0.01569000,0.01562000,0.01568000,547519.70000000,1758160799999999,8574.90513400,106,223943.30000000,3507.81379000,0
1758160800000000,0.01568000,0.01571000,0.01563000,0.01571000,492168.50000000,1758164399999999,7710.30706500,116,252367.30000000,3955.47431500,0
1758164400000000,0.01571000,0.01577000,0.01570000,0.01574000,1431035.40000000,1758167999999999,22526.61924200,245,557731.60000000,8778.16480500,0
1758168000000000,0.01575000,0.01577000,0.01566000,0.01573000,2178388.80000000,1758171599999999,34256.22717200,267,1689669.20000000,26580.12750700,0
1758171600000000,0.01574000,0.01575000,0.01565000,0.01569000,1832659.90000000,1758175199999999,28771.60500800,260,1120977.00000000,17591.63361600,0
1758175200000000,0.01569000,0.01570000,0.01554000,0.01563000,794096.40000000,1758178799999999,12393.51346800,210,269699.40000000,4208.60854700,0
1758178800000000,0.01563000,0.01565000,0.01557000,0.01562000,1518939.10000000,1758182399999999,23717.43864100,256,905887.20000000,14145.25423300,0
1758182400000000,0.01563000,0.01575000,0.01562000,0.01574000,1800226.60000000,1758185999999999,28273.35748100,283,1135816.20000000,17846.04249100,0
1758186000000000,0.01574000,0.01576000,0.01570000,0.01573000,2020449.00000000,1758189599999999,31758.24083500,234,382823.30000000,6018.78058400,0
1758189600000000,0.01573000,0.01575000,0.01561000,0.01565000,1588458.60000000,1758193199999999,24896.91428500,305,623697.60000000,9773.70875000,0
1758193200000000,0.01567000,0.01568000,0.01560000,0.01563000,1815050.50000000,1758196799999999,28403.50600900,363,1190564.20000000,18639.35935200,0
1758196800000000,0.01564000,0.01568000,0.01558000,0.01564000,2717462.60000000,1758200399999999,42480.77734100,271,1734896.30000000,27132.51832800,0
1758200400000000,0.01564000,0.01571000,0.01559000,0.01567000,1824072.80000000,1758203999999999,28559.52945300,374,1316990.40000000,20622.74551900,0
1758204000000000,0.01569000,0.01577000,0.01569000,0.01570000,2371690.10000000,1758207599999999,37296.99609400,337,1654220.30000000,26012.46255700,0
1758207600000000,0.01570000,0.01575000,0.01567000,0.01573000,2470837.40000000,1758211199999999,38830.93381600,347,1133441.00000000,17818.64403600,0
1758211200000000,0.01573000,0.01578000,0.01571000,0.01575000,2019046.00000000,1758214799999999,31781.03798000,401,722465.30000000,11374.31365100,0
1758214800000000,0.01575000,0.01583000,0.01575000,0.01580000,2204749.00000000,1758218399999999,34804.72869900,319,1020133.50000000,16109.14756600,0
1758218400000000,0.01580000,0.01584000,0.01577000,0.01582000,6224740.20000000,1758221999999999,98351.53261500,350,5276334.90000000,83369.73531000,0
1758222000000000,0.01583000,0.01583000,0.01569000,0.01574000,1770713.20000000,1758225599999999,27909.88421300,475,424624.30000000,6696.03807000,0
1758225600000000,0.01574000,0.01577000,0.01571000,0.01573000,1460558.60000000,1758229199999999,22988.58117400,435,440647.70000000,6938.56757700,0
1758229200000000,0.01574000,0.01574000,0.01567000,0.01572000,1685013.80000000,1758232799999999,26471.19711600,328,630229.70000000,9902.77105800,0
1758232800000000,0.01572000,0.01572000,0.01561000,0.01565000,2516278.80000000,1758236399999999,39411.04081100,553,990945.90000000,15524.36072800,0
1758236400000000,0.01564000,0.01566000,0.01556000,0.01562000,4103148.40000000,1758239999999999,64042.87640200,658,2170578.10000000,33875.78606700,0
1758240000000000,0.01562000,0.01572000,0.01561000,0.01570000,864907.20000000,1758243599999999,13553.42997100,145,640249.40000000,10031.25127000,0
1758243600000000,0.01570000,0.01575000,0.01564000,0.01567000,1373655.40000000,1758247199999999,21573.30736900,477,368515.20000000,5788.54825100,0
1758247200000000,0.01567000,0.01570000,0.01556000,0.01557000,2479758.90000000,1758250799999999,38690.53933300,325,1579526.80000000,24644.12619100,0
1758250800000000,0.01557000,0.01559000,0.01536000,0.01539000,9870439.00000000,1758254399999999,153321.82877700,1530,4984287.80000000,77475.68087300,0
1758254400000000,0.01538000,0.01543000,0.01525000,0.01543000,3373564.80000000,1758257999999999,51634.46557500,708,2209480.40000000,33810.29549200,0
1758258000000000,0.01543000,0.01543000,0.01532000,0.01540000,731147.80000000,1758261599999999,11250.53453500,363,212111.00000000,3261.06881000,0
1758261600000000,0.01539000,0.01539000,0.01528000,0.01531000,1129374.80000000,1758265199999999,17330.11558700,238,602856.50000000,9255.56033900,0
1758265200000000,0.01530000,0.01537000,0.01527000,0.01533000,1263363.50000000,1758268799999999,19373.86626300,186,578139.10000000,8873.24813900,0
1758268800000000,0.01533000,0.01539000,0.01529000,0.01530000,1444449.30000000,1758272399999999,22153.78346200,220,584304.70000000,8961.66340500,0
1758272400000000,0.01530000,0.01539000,0.01522000,0.01523000,2158321.90000000,1758275999999999,33033.95552800,353,1305695.20000000,19967.45625500,0
1758276000000000,0.01524000,0.01526000,0.01510000,0.01521000,11163322.00000000,1758279599999999,169367.13673800,827,6041248.40000000,91600.54868100,0
1758279600000000,0.01521000,0.01521000,0.01504000,0.01507000,2905060.60000000,1758283199999999,43905.60688700,278,1304386.70000000,19710.31715100,0
1758283200000000,0.01507000,0.01516000,0.01507000,0.01510000,2728915.20000000,1758286799999999,41254.36738100,295,1483792.80000000,22429.46790800,0
1758286800000000,0.01510000,0.01521000,0.01508000,0.01519000,2824041.00000000,1758290399999999,42764.13282700,456,1796085.20000000,27210.70986400,0
1758290400000000,0.01518000,0.01525000,0.01508000,0.01511000,2157593.50000000,1758293999999999,32705.21679200,443,1316854.90000000,19978.39329300,0
1758294000000000,0.01512000,0.01512000,0.01496000,0.01506000,4093247.20000000,1758297599999999,61519.13618600,826,2207356.10000000,33180.70908700,0
1758297600000000,0.01506000,0.01512000,0.01505000,0.01510000,647318.00000000,1758301199999999,9767.12310600,144,406070.10000000,6126.51750100,0
1758301200000000,0.01510000,0.01510000,0.01500000,0.01500000,1278928.20000000,1758304799999999,19254.56436400,235,728190.90000000,10966.18609200,0
1758304800000000,0.01499000,0.01502000,0.01488000,0.01496000,3522855.60000000,1758308399999999,52650.91012700,667,1311875.50000000,19612.01544800,0
1758308400000000,0.01496000,0.01499000,0.01489000,0.01489000,565658.60000000,1758311999999999,8464.89191300,205,338824.30000000,5072.17561200,0
1758312000000000,0.01491000,0.01497000,0.01485000,0.01487000,3967721.50000000,1758315599999999,59142.25455100,273,652080.90000000,9730.97106800,0
1758315600000000,0.01487000,0.01492000,0.01485000,0.01490000,603696.90000000,1758319199999999,8983.63032800,130,177610.20000000,2645.59648800,0
1758319200000000,0.01491000,0.01493000,0.01490000,0.01491000,683327.50000000,1758322799999999,10194.25652600,108,461961.00000000,6892.35733400,0
1758322800000000,0.01491000,0.01492000,0.01476000,0.01488000,2224045.00000000,1758326399999999,32994.09555900,257,1095517.20000000,16255.99858100,0
1758326400000000,0.01487000,0.01494000,0.01483000,0.01494000,915195.00000000,1758329999999999,13615.87313000,122,447675.60000000,6663.74531100,0
1758330000000000,0.01494000,0.01494000,0.01487000,0.01493000,686804.00000000,1758333599999999,10244.49961900,150,425296.70000000,6345.00249900,0
1758333600000000,0.01492000,0.01493000,0.01482000,0.01492000,2224738.90000000,1758337199999999,33095.69159600,319,1113659.00000000,16551.49606800,0
1758337200000000,0.01492000,0.01495000,0.01487000,0.01492000,1029980.20000000,1758340799999999,15344.84298700,213,550043.90000000,8193.54667700,0
1758340800000000,0.01492000,0.01500000,0.01491000,0.01498000,1274806.60000000,1758344399999999,19083.44572900,173,613584.20000000,9187.09637300,0
1758344400000000,0.01498000,0.01502000,0.01495000,0.01502000,1286008.40000000,1758347999999999,19262.64618800,280,587283.70000000,8798.31960600,0
1758348000000000,0.01502000,0.01502000,0.01495000,0.01497000,512415.20000000,1758351599999999,7670.99373400,120,226039.20000000,3382.99810000,0
1758351600000000,0.01496000,0.01505000,0.01496000,0.01505000,1691519.40000000,1758355199999999,25379.17582700,336,1167528.70000000,17513.12397500,0
1758355200000000,0.01505000,0.01505000,0.01493000,0.01493000,1615956.00000000,1758358799999999,24231.31547500,294,361252.60000000,5423.67003000,0
1758358800000000,0.01494000,0.01496000,0.01485000,0.01488000,1089639.60000000,1758362399999999,16236.96793700,226,317004.40000000,4726.36839500,0
1758362400000000,0.01489000,0.01492000,0.01485000,0.01487000,1570995.40000000,1758365999999999,23391.93219500,235,609944.10000000,9091.13163700,0
1758366000000000,0.01488000,0.01492000,0.01485000,0.01492000,1076077.80000000,1758369599999999,16037.70339000,178,643781.00000000,9597.19762600,0
1758369600000000,0.01492000,0.01496000,0.01489000,0.01496000,1718625.50000000,1758373199999999,25647.49029200,306,1013245.60000000,15123.27812200,0
1758373200000000,0.01495000,0.01500000,0.01492000,0.01498000,2164066.30000000,1758376799999999,32397.87581000,319,1176106.60000000,17617.20033000,0
1758376800000000,0.01497000,0.01508000,0.01490000,0.01507000,2057406.70000000,1758380399999999,30841.51403000,299,1134285.10000000,17024.94246100,0
1758380400000000,0.01508000,0.01511000,0.01502000,0.01505000,2756654.00000000,1758383999999999,41589.10582300,299,1403313.70000000,21172.21937300,0
1758384000000000,0.01505000,0.01509000,0.01500000,0.01506000,1553406.10000000,1758387599999999,23386.76146400,364,1116935.10000000,16817.21688400,0
1758387600000000,0.01506000,0.01506000,0.01496000,0.01498000,1580603.80000000,1758391199999999,23695.04551700,356,441053.00000000,6617.42615100,0
1758391200000000,0.01497000,0.01497000,0.01491000,0.01493000,1284460.00000000,1758394799999999,19205.88864800,183,856014.80000000,12804.33351400,0
1758394800000000,0.01493000,0.01497000,0.01491000,0.01494000,672925.90000000,1758398399999999,10047.22062800,110,124002.90000000,1852.67442300,0
1758398400000000,0.01492000,0.01500000,0.01492000,0.01500000,223689.80000000,1758401999999999,3348.32165100,55,135359.90000000,2026.34770700,0
1758402000000000,0.01499000,0.01506000,0.01499000,0.01501000,667467.30000000,1758405599999999,10031.61743600,109,529933.60000000,7965.73335400,0
1758405600000000,0.01500000,0.01503000,0.01498000,0.01502000,402077.10000000,1758409199999999,6031.69198900,44,70722.10000000,1061.73468600,0
1758409200000000,0.01499000,0.01501000,0.01496000,0.01497000,793088.90000000,1758412799999999,11879.27276700,93,346642.00000000,5192.56209600,0
1758412800000000,0.01496000,0.01502000,0.01495000,0.01500000,799214.40000000,1758416399999999,11967.11816500,121,568990.10000000,8518.47369400,0
1758416400000000,0.01499000,0.01502000,0.01494000,0.01496000,342581.00000000,1758419999999999,5131.64007200,131,159531.70000000,2389.79045700,0
1758420000000000,0.01496000,0.01501000,0.01492000,0.01500000,2983298.80000000,1758423599999999,44693.83375600,260,2083920.50000000,31217.02802700,0
1758423600000000,0.01500000,0.01504000,0.01498000,0.01503000,727083.30000000,1758427199999999,10921.58335100,111,427420.30000000,6419.96005700,0
1758427200000000,0.01504000,0.01504000,0.01498000,0.01503000,715683.40000000,1758430799999999,10742.55085200,100,410442.10000000,6159.49867900,0
1758430800000000,0.01503000,0.01509000,0.01502000,0.01509000,317937.40000000,1758434399999999,4786.51614400,116,213288.70000000,3212.57049800,0
1758434400000000,0.01510000,0.01513000,0.01504000,0.01504000,3278926.10000000,1758437999999999,49396.98685800,254,1895015.30000000,28553.56886200,0
1758438000000000,0.01504000,0.01511000,0.01503000,0.01510000,5420767.30000000,1758441599999999,81844.24123400,287,1676232.10000000,25306.37545300,0
1758441600000000,0.01510000,0.01510000,0.01501000,0.01504000,2843297.90000000,1758445199999999,42821.65559900,285,642424.30000000,9671.52043500,0
1758445200000000,0.01504000,0.01505000,0.01483000,0.01494000,4891025.40000000,1758448799999999,72966.90188000,926,2633017.00000000,39283.31718500,0
1758448800000000,0.01494000,0.01497000,0.01489000,0.01490000,980488.30000000,1758452399999999,14649.89161000,95,543278.40000000,8115.45811300,0
1758452400000000,0.01488000,0.01495000,0.01488000,0.01489000,1774926.10000000,1758455999999999,26494.97059600,142,442844.50000000,6609.62029100,0
1758456000000000,0.01489000,0.01497000,0.01489000,0.01495000,1140934.60000000,1758459599999999,17057.57074000,178,674966.30000000,10089.56701100,0
1758459600000000,0.01494000,0.01500000,0.01494000,0.01497000,529773.70000000,1758463199999999,7927.15978800,100,233477.00000000,3494.32488300,0
1758463200000000,0.01498000,0.01500000,0.01493000,0.01494000,1685413.50000000,1758466799999999,25228.76010600,246,762034.50000000,11403.53086000,0
1758466800000000,0.01493000,0.01497000,0.01490000,0.01492000,1556088.50000000,1758470399999999,23231.93127100,444,809880.50000000,12093.08726400,0
1758470400000000,0.01492000,0.01494000,0.01481000,0.01483000,1058166.00000000,1758473999999999,15750.89103100,324,476163.10000000,7095.01491700,0
1758474000000000,0.01483000,0.01489000,0.01478000,0.01489000,1691535.10000000,1758477599999999,25045.89748600,239,950464.70000000,14069.96706100,0
1758477600000000,0.01490000,0.01491000,0.01487000,0.01491000,477533.80000000,1758481199999999,7111.89469900,72,146725.70000000,2184.31063800,0
1758481200000000,0.01492000,0.01493000,0.01487000,0.01491000,947323.40000000,1758484799999999,14113.44721700,161,338010.30000000,5037.67560500,0
1758484800000000,0.01491000,0.01492000,0.01486000,0.01487000,1220955.00000000,1758488399999999,18164.29487700,176,246814.50000000,3675.09724500,0
1758488400000000,0.01487000,0.01488000,0.01485000,0.01486000,812683.70000000,1758491999999999,12084.53760300,242,568908.60000000,8460.31078900,0
1758492000000000,0.01486000,0.01488000,0.01481000,0.01487000,2868224.60000000,1758495599999999,42606.08319500,473,1814484.40000000,26954.38323100,0
1758495600000000,0.01489000,0.01489000,0.01480000,0.01482000,751255.20000000,1758499199999999,11154.85974400,182,513787.00000000,7629.51098000,0
1758499200000000,0.01481000,0.01483000,0.01446000,0.01450000,8904820.70000000,1758502799999999,129922.87844000,1789,4666089.90000000,68050.96477600,0
1758502800000000,0.01450000,0.01459000,0.01445000,0.01452000,2142692.70000000,1758506399999999,31116.95539300,296,887770.60000000,12894.01844400,0
1758506400000000,0.01452000,0.01453000,0.01430000,0.01436000,5628394.70000000,1758509999999999,81012.79469300,1240,2791118.40000000,40169.67666100,0
1758510000000000,0.01435000,0.01445000,0.01435000,0.01442000,1952589.10000000,1758513599999999,28119.31031500,432,1172638.60000000,16884.37153100,0
1758513600000000,0.01441000,0.01445000,0.01437000,0.01439000,2088332.80000000,1758517199999999,30099.31170200,289,1108747.80000000,15983.79555200,0
1758517200000000,0.01439000,0.01441000,0.01413000,0.01413000,4432985.00000000,1758520799999999,63264.75570900,504,1389650.70000000,19830.68975200,0
1758520800000000,0.01413000,0.01416000,0.01337000,0.01393000,32037134.10000000,1758524399999999,441235.12929100,3073,16869146.80000000,232180.54690200,0
1758524400000000,0.01392000,0.01395000,0.01384000,0.01387000,5462137.20000000,1758527999999999,75860.66068200,451,1434845.80000000,19948.01539500,0
1758528000000000,0.01388000,0.01393000,0.01379000,0.01388000,8286286.80000000,1758531599999999,114795.70967600,771,5058133.40000000,70083.76216900,0
1758531600000000,0.01389000,0.01389000,0.01376000,0.01377000,1926324.60000000,1758535199999999,26654.19669300,416,586074.30000000,8118.09813500,0
1758535200000000,0.01378000,0.01392000,0.01376000,0.01389000,1813982.30000000,1758538799999999,25088.62476900,325,918407.30000000,12710.76725300,0
1758538800000000,0.01391000,0.01392000,0.01381000,0.01385000,3617662.60000000,1758542399999999,50176.65599400,368,1330207.00000000,18459.72466000,0
1758542400000000,0.01384000,0.01391000,0.01382000,0.01389000,2644094.10000000,1758545999999999,36695.25940800,362,1634171.90000000,22685.74513700,0
1758546000000000,0.01388000,0.01394000,0.01384000,0.01394000,2249307.90000000,1758549599999999,31241.94060400,320,1392328.90000000,19341.50861000,0
1758549600000000,0.01395000,0.01398000,0.01384000,0.01386000,1272428.70000000,1758553199999999,17725.96645600,177,604280.30000000,8410.99824200,0
1758553200000000,0.01386000,0.01388000,0.01372000,0.01378000,3927695.00000000,1758556799999999,54167.22965900,369,929460.40000000,12839.81146400,0
1758556800000000,0.01378000,0.01383000,0.01372000,0.01375000,3968746.20000000,1758560399999999,54676.38373900,305,1146653.00000000,15796.38892000,0
1758560400000000,0.01375000,0.01380000,0.01369000,0.01377000,2129979.10000000,1758563999999999,29282.65505200,329,1112392.40000000,15293.13531300,0
1758564000000000,0.01376000,0.01378000,0.01369000,0.01375000,3238768.80000000,1758567599999999,44504.97920300,305,1000863.00000000,13763.91471500,0
1758567600000000,0.01373000,0.01376000,0.01364000,0.01366000,2366388.20000000,1758571199999999,32404.33515500,304,1276498.30000000,17483.67714100,0
1758571200000000,0.01367000,0.01377000,0.01365000,0.01376000,3881236.30000000,1758574799999999,53254.00077500,277,2500158.80000000,34309.07183600,0
1758574800000000,0.01375000,0.01381000,0.01374000,0.01381000,1588669.00000000,1758578399999999,21887.75719200,139,1198374.70000000,16513.54519000,0
1758578400000000,0.01381000,0.01381000,0.01374000,0.01378000,1076730.80000000,1758581999999999,14819.42622200,104,290369.40000000,3998.36390700,0
1758582000000000,0.01377000,0.01381000,0.01377000,0.01379000,1093154.70000000,1758585599999999,15076.23172100,173,413050.70000000,5698.10013600,0
1758585600000000,0.01379000,0.01383000,0.01371000,0.01371000,1376649.30000000,1758589199999999,18980.65557600,171,341643.90000000,4708.68730800,0
1758589200000000,0.01372000,0.01374000,0.01364000,0.01364000,1420658.00000000,1758592799999999,19417.40649300,131,435683.10000000,5956.67008300,0
1758592800000000,0.01363000,0.01369000,0.01356000,0.01356000,2481248.40000000,1758596399999999,33800.58879100,249,1326758.80000000,18082.68799500,0
1758596400000000,0.01355000,0.01376000,0.01350000,0.01371000,4959746.50000000,1758599999999999,67455.87917100,381,2401154.50000000,32716.02069300,0
1758600000000000,0.01371000,0.01374000,0.01364000,0.01369000,1151464.30000000,1758603599999999,15760.17777300,154,453766.60000000,6212.37873100,0
1758603600000000,0.01368000,0.01374000,0.01365000,0.01369000,1487073.90000000,1758607199999999,20359.08663600,149,716506.00000000,9810.44212000,0
1758607200000000,0.01368000,0.01382000,0.01368000,0.01380000,2228915.60000000,1758610799999999,30644.59247900,209,1384518.30000000,19019.31071800,0
1758610800000000,0.01380000,0.01384000,0.01377000,0.01379000,2159247.70000000,1758614399999999,29811.00928900,213,1011751.30000000,13976.58009500,0
1758614400000000,0.01379000,0.01384000,0.01377000,0.01383000,1298746.00000000,1758617999999999,17931.66220800,152,421643.30000000,5825.00296600,0
1758618000000000,0.01383000,0.01386000,0.01375000,0.01376000,1160426.30000000,1758621599999999,16028.93491100,158,394438.30000000,5448.76762700,0
1758621600000000,0.01378000,0.01385000,0.01377000,0.01385000,784655.50000000,1758625199999999,10834.76750600,105,468605.30000000,6470.00260900,0
1758625200000000,0.01385000,0.01390000,0.01379000,0.01384000,4090587.30000000,1758628799999999,56679.62854800,322,3124923.50000000,43315.10964800,0
1758628800000000,0.01384000,0.01389000,0.01382000,0.01386000,2219683.30000000,1758632399999999,30761.08807700,211,1224060.70000000,16963.02424300,0
1758632400000000,0.01386000,0.01388000,0.01381000,0.01382000,1318104.60000000,1758635999999999,18239.45104100,179,586085.40000000,8113.49731500,0
1758636000000000,0.01384000,0.01391000,0.01378000,0.01381000,1771277.80000000,1758639599999999,24510.15809800,183,910081.70000000,12595.04166700,0
1758639600000000,0.01380000,0.01388000,0.01375000,0.01384000,4698830.00000000,1758643199999999,64995.29926300,225,1987320.10000000,27494.26768100,0
1758643200000000,0.01384000,0.01396000,0.01380000,0.01392000,2417335.70000000,1758646799999999,33526.27641500,235,1044241.90000000,14479.49306400,0
1758646800000000,0.01392000,0.01392000,0.01370000,0.01371000,2927865.50000000,1758650399999999,40307.07946100,283,732589.30000000,10100.83092900,0
1758650400000000,0.01371000,0.01374000,0.01359000,0.01362000,3188406.90000000,1758653999999999,43567.87349100,422,1062438.10000000,14525.75470300,0
1758654000000000,0.01362000,0.01372000,0.01362000,0.01364000,1586991.50000000,1758657599999999,21677.18907200,216,663606.00000000,9065.37113600,0
1758657600000000,0.01365000,0.01373000,0.01362000,0.01373000,819546.00000000,1758661199999999,11206.30562700,128,473629.00000000,6477.15387800,0
1758661200000000,0.01373000,0.01379000,0.01367000,0.01379000,587100.40000000,1758664799999999,8059.03742300,83,311095.50000000,4268.73956600,0
1758664800000000,0.01378000,0.01380000,0.01374000,0.01374000,1113292.10000000,1758668399999999,15311.91663800,122,375514.10000000,5163.86958100,0
1758668400000000,0.01374000,0.01376000,0.01367000,0.01370000,1123152.90000000,1758671999999999,15411.39179500,132,401739.90000000,5513.15199700,0
1758672000000000,0.01372000,0.01381000,0.01368000,0.01376000,2093983.70000000,1758675599999999,28797.32015300,169,997580.30000000,13722.00214800,0
1758675600000000,0.01375000,0.01384000,0.01373000,0.01383000,2648532.10000000,1758679199999999,36493.19292900,205,937615.10000000,12920.59606500,0
1758679200000000,0.01383000,0.01383000,0.01373000,0.01376000,2690199.60000000,1758682799999999,37068.15657500,329,1405219.10000000,19363.62199500,0
1758682800000000,0.01376000,0.01378000,0.01355000,0.01358000,4405485.20000000,1758686399999999,60189.42978100,603,2240464.80000000,30606.83191200,0
1758686400000000,0.01358000,0.01371000,0.01342000,0.01365000,5338267.30000000,1758689999999999,72355.18254500,582,2917741.00000000,39534.73974600,0
1758690000000000,0.01364000,0.01379000,0.01364000,0.01379000,1641160.90000000,1758693599999999,22503.47053900,183,1106231.20000000,15175.95909700,0
1758693600000000,0.01378000,0.01380000,0.01373000,0.01379000,949533.20000000,1758697199999999,13077.80248800,93,354044.30000000,4876.51272700,0
1758697200000000,0.01378000,0.01381000,0.01373000,0.01378000,3986714.20000000,1758700799999999,54890.32799800,306,1972688.10000000,27166.58306400,0
1758700800000000,0.01379000,0.01382000,0.01377000,0.01380000,1163660.30000000,1758704399999999,16061.75228200,98,433738.10000000,5986.78862600,0
1758704400000000,0.01380000,0.01383000,0.01377000,0.01382000,829575.50000000,1758707999999999,11460.21982000,98,464693.20000000,6418.05285500,0
1758708000000000,0.01381000,0.01383000,0.01375000,0.01383000,1746751.90000000,1758711599999999,24105.03138100,164,1141103.10000000,15749.34481700,0
1758711600000000,0.01382000,0.01389000,0.01381000,0.01385000,1895190.70000000,1758715199999999,26241.71026900,175,916316.80000000,12686.82537500,0
1758715200000000,0.01385000,0.01390000,0.01385000,0.01387000,1506237.00000000,1758718799999999,20890.66320200,131,839560.50000000,11646.52738800,0
1758718800000000,0.01386000,0.01393000,0.01384000,0.01384000,8813006.30000000,1758722399999999,122383.02507300,349,1660370.80000000,23076.64058600,0
1758722400000000,0.01384000,0.01401000,0.01384000,0.01399000,6347791.30000000,1758725999999999,88357.28225600,347,3016202.50000000,41984.08245600,0
1758726000000000,0.01398000,0.01402000,0.01394000,0.01398000,10837725.10000000,1758729599999999,151620.38236900,523,2317816.10000000,32425.78751900,0
1758729600000000,0.01398000,0.01403000,0.01396000,0.01402000,1795521.00000000,1758733199999999,25138.89288800,223,1048473.80000000,14676.43221700,0
1758733200000000,0.01403000,0.01405000,0.01400000,0.01401000,2810584.20000000,1758736799999999,39425.64601500,272,1303404.20000000,18285.77466200,0
1758736800000000,0.01400000,0.01401000,0.01394000,0.01397000,1433551.10000000,1758740399999999,20021.94941400,140,556086.60000000,7770.43954500,0
1758740400000000,0.01396000,0.01397000,0.01390000,0.01394000,9324499.70000000,1758743999999999,129981.11741800,482,737622.70000000,10282.10969000,0
1758744000000000,0.01393000,0.01394000,0.01385000,0.01392000,1922339.30000000,1758747599999999,26714.48139500,179,826948.00000000,11499.75795700,0
1758747600000000,0.01389000,0.01390000,0.01376000,0.01377000,923506.10000000,1758751199999999,12800.32851600,85,150258.30000000,2082.93827500,0
1758751200000000,0.01377000,0.01380000,0.01376000,0.01378000,1426814.90000000,1758754799999999,19660.70520800,107,743680.60000000,10249.22222000,0
1758754800000000,0.01378000,0.01379000,0.01373000,0.01378000,2637388.90000000,1758758399999999,36293.13739200,202,1482544.50000000,20404.97142500,0
1758758400000000,0.01378000,0.01379000,0.01370000,0.01372000,2395162.50000000,1758761999999999,32904.64510300,160,1337817.10000000,18379.62776200,0
1758762000000000,0.01371000,0.01374000,0.01364000,0.01365000,3915644.70000000,1758765599999999,53632.64949100,264,1856328.50000000,25421.48857600,0
1758765600000000,0.01365000,0.01378000,0.01360000,0.01372000,3640256.20000000,1758769199999999,49899.86960200,288,2153057.20000000,29503.73462600,0
1758769200000000,0.01373000,0.01373000,0.01353000,0.01361000,2682558.60000000,1758772799999999,36473.47556000,255,1468890.70000000,19967.79973100,0
1758772800000000,0.01362000,0.01364000,0.01343000,0.01348000,4144501.40000000,1758776399999999,56086.82212100,373,1826325.70000000,24716.38655300,0
1758776400000000,0.01348000,0.01361000,0.01345000,0.01359000,1472915.60000000,1758779999999999,19938.20361900,146,719055.20000000,9736.22348200,0
1758780000000000,0.01357000,0.01357000,0.01347000,0.01347000,1473771.60000000,1758783599999999,19894.53806100,136,627794.10000000,8467.98468700,0
1758783600000000,0.01347000,0.01356000,0.01347000,0.01348000,2940895.50000000,1758787199999999,39738.67221300,282,1438832.90000000,19445.74457700,0
1758787200000000,0.01348000,0.01353000,0.01345000,0.01347000,1972460.40000000,1758790799999999,26630.01155700,184,831858.00000000,11230.95409500,0
1758790800000000,0.01347000,0.01357000,0.01345000,0.01345000,4219606.90000000,1758794399999999,56993.80274900,302,1787437.90000000,24159.49113400,0
1758794400000000,0.01346000,0.01355000,0.01346000,0.01348000,1460606.90000000,1758797999999999,19719.10487000,106,984973.50000000,13290.41597000,0
1758798000000000,0.01348000,0.01349000,0.01342000,0.01344000,2186104.30000000,1758801599999999,29419.81403300,232,463828.00000000,6241.82651200,0
1758801600000000,0.01344000,0.01350000,0.01325000,0.01345000,7587877.00000000,1758805199999999,101629.17709100,701,4081205.10000000,54695.66782200,0
1758805200000000,0.01345000,0.01352000,0.01335000,0.01342000,3082057.40000000,1758808799999999,41417.18380500,272,1298430.30000000,17448.60170900,0
1758808800000000,0.01342000,0.01358000,0.01342000,0.01350000,3634724.60000000,1758812399999999,49161.38879900,296,1521075.70000000,20561.98052400,0
1758812400000000,0.01350000,0.01350000,0.01340000,0.01347000,2179495.60000000,1758815999999999,29324.93823900,202,979703.40000000,13186.53498300,0
1758816000000000,0.01348000,0.01349000,0.01328000,0.01330000,3331093.00000000,1758819599999999,44459.34708500,327,1002331.10000000,13380.53862500,0
1758819600000000,0.01330000,0.01331000,0.01296000,0.01299000,9683014.10000000,1758823199999999,127164.18903200,807,4274100.90000000,56153.28507500,0
1758823200000000,0.01301000,0.01336000,0.01299000,0.01335000,8008895.70000000,1758826799999999,105019.01227200,613,4793223.70000000,62870.21395500,0
1758826800000000,0.01335000,0.01336000,0.01321000,0.01322000,3416950.50000000,1758830399999999,45497.09330200,385,1349697.20000000,17980.74815300,0
1758830400000000,0.01322000,0.01325000,0.01309000,0.01310000,1482169.10000000,1758833999999999,19515.11677800,260,751167.90000000,9895.75882700,0
1758834000000000,0.01312000,0.01322000,0.01306000,0.01318000,1290504.10000000,1758837599999999,16949.60939300,206,696092.10000000,9138.88400700,0
1758837600000000,0.01318000,0.01322000,0.01306000,0.01311000,3078501.90000000,1758841199999999,40436.94656200,362,1244292.70000000,16336.63673200,0
1758841200000000,0.01311000,0.01319000,0.01297000,0.01305000,2387177.00000000,1758844799999999,31202.76375500,372,1034300.60000000,13506.08954200,0
1758844800000000,0.01306000,0.01324000,0.01304000,0.01322000,1710252.80000000,1758848399999999,22446.67497500,211,814231.40000000,10691.14134900,0
1758848400000000,0.01323000,0.01329000,0.01319000,0.01325000,3658081.60000000,1758851999999999,48484.91382000,251,2016612.40000000,26735.69572100,0
1758852000000000,0.01324000,0.01329000,0.01318000,0.01321000,1167295.40000000,1758855599999999,15436.30313600,149,512907.00000000,6782.81988100,0
1758855600000000,0.01321000,0.01326000,0.01318000,0.01323000,1230447.90000000,1758859199999999,16271.74042800,104,729807.10000000,9654.10198800,0
1758859200000000,0.01324000,0.01328000,0.01317000,0.01318000,1710471.10000000,1758862799999999,22606.73845800,166,709216.70000000,9373.16179500,0
1758862800000000,0.01318000,0.01328000,0.01315000,0.01319000,1628123.20000000,1758866399999999,21516.48818500,160,893884.50000000,11819.84983400,0
1758866400000000,0.01318000,0.01328000,0.01315000,0.01320000,1377100.60000000,1758869999999999,18208.79407100,150,630476.60000000,8334.88676400,0
1758870000000000,0.01322000,0.01328000,0.01316000,0.01323000,1072972.00000000,1758873599999999,14171.55571400,263,596531.20000000,7881.81294500,0
1758873600000000,0.01326000,0.01329000,0.01324000,0.01326000,1545172.20000000,1758877199999999,20503.69147600,157,876471.70000000,11629.31730800,0
1758877200000000,0.01325000,0.01330000,0.01318000,0.01327000,3409484.50000000,1758880799999999,45209.82711700,297,2652704.80000000,35185.25220400,0
1758880800000000,0.01327000,0.01328000,0.01316000,0.01321000,9495136.80000000,1758884399999999,125498.99094400,670,6825582.70000000,90240.64892100,0
1758884400000000,0.01321000,0.01331000,0.01314000,0.01328000,4963306.70000000,1758887999999999,65695.86876300,416,2639321.70000000,34944.26651900,0
1758888000000000,0.01326000,0.01342000,0.01316000,0.01337000,5276906.40000000,1758891599999999,70048.28204000,570,2604643.70000000,34594.38669700,0
1758891600000000,0.01337000,0.01345000,0.01330000,0.01342000,3258293.10000000,1758895199999999,43588.80181000,357,1832387.00000000,24509.03053700,0
1758895200000000,0.01343000,0.01343000,0.01331000,0.01336000,4019820.80000000,1758898799999999,53781.37655500,432,1546797.70000000,20683.04242600,0
1758898800000000,0.01337000,0.01349000,0.01336000,0.01345000,2884048.80000000,1758902399999999,38758.35515000,313,1160757.20000000,15601.69078900,0
1758902400000000,0.01345000,0.01366000,0.01345000,0.01363000,10778833.30000000,1758905999999999,146135.23673100,499,5417010.60000000,73416.97549300,0
1758906000000000,0.01363000,0.01383000,0.01363000,0.01382000,4328810.50000000,1758909599999999,59447.51116900,404,1334441.60000000,18330.38573800,0
1758909600000000,0.01382000,0.01387000,0.01379000,0.01382000,4157564.60000000,1758913199999999,57469.89091200,281,1481992.20000000,20490.25388100,0
1758913200000000,0.01381000,0.01384000,0.01372000,0.01377000,3059603.40000000,1758916799999999,42185.82364000,399,1329542.40000000,18332.68932600,0
1758916800000000,0.01376000,0.01380000,0.01373000,0.01378000,2421613.60000000,1758920399999999,33320.12644700,269,964708.90000000,13275.61869500,0
1758920400000000,0.01377000,0.01388000,0.01377000,0.01383000,4952981.20000000,1758923999999999,68485.66820700,432,2240071.00000000,30967.86603900,0
1758924000000000,0.01384000,0.01386000,0.01381000,0.01382000,1722921.30000000,1758927599999999,23834.43062000,272,411972.30000000,5700.89668800,0
1758927600000000,0.01382000,0.01384000,0.01380000,0.01382000,964879.70000000,1758931199999999,13330.45585500,91,205726.60000000,2843.60560500,0
1758931200000000,0.01381000,0.01382000,0.01377000,0.01381000,1014350.30000000,1758934799999999,13985.72730500,125,458175.40000000,6320.84438200,0
1758934800000000,0.01381000,0.01381000,0.01374000,0.01378000,931038.70000000,1758938399999999,12827.24370500,179,350812.50000000,4828.00134600,0
1758938400000000,0.01378000,0.01381000,0.01377000,0.01378000,396293.40000000,1758941999999999,5464.91170000,119,293858.90000000,4052.52582400,0
1758942000000000,0.01378000,0.01382000,0.01377000,0.01378000,1250441.20000000,1758945599999999,17246.00893300,265,933961.80000000,12882.01615900,0
1758945600000000,0.01378000,0.01380000,0.01376000,0.01379000,1645674.50000000,1758949199999999,22673.85618700,255,984279.20000000,13564.45084300,0
1758949200000000,0.01379000,0.01379000,0.01371000,0.01377000,1647617.30000000,1758952799999999,22635.18007200,268,553957.90000000,7615.47055200,0
1758952800000000,0.01376000,0.01376000,0.01360000,0.01373000,9707722.20000000,1758956399999999,132511.11330300,464,5407912.10000000,73711.57237000,0
1758956400000000,0.01375000,0.01377000,0.01369000,0.01370000,1123886.00000000,1758959999999999,15428.14820600,115,394395.70000000,5416.84713100,0
1758960000000000,0.01368000,0.01368000,0.01361000,0.01363000,1205313.00000000,1758963599999999,16466.97768600,146,496271.90000000,6780.52051000,0
1758963600000000,0.01363000,0.01367000,0.01357000,0.01366000,688990.80000000,1758967199999999,9386.87841400,155,425907.70000000,5802.46019900,0
1758967200000000,0.01366000,0.01371000,0.01363000,0.01369000,922246.10000000,1758970799999999,12599.67518000,290,443077.50000000,6055.34122500,0
1758970800000000,0.01369000,0.01370000,0.01366000,0.01367000,486261.00000000,1758974399999999,6650.71709200,182,279067.40000000,3817.31819500,0
1758974400000000,0.01367000,0.01373000,0.01364000,0.01372000,1036810.70000000,1758977999999999,14181.85992400,290,736236.10000000,10072.72433200,0
1758978000000000,0.01371000,0.01371000,0.01366000,0.01369000,806926.40000000,1758981599999999,11048.39440300,201,242382.40000000,3318.41179900,0
1758981600000000,0.01369000,0.01371000,0.01367000,0.01367000,521964.90000000,1758985199999999,7146.31192600,104,357116.30000000,4890.97624800,0
1758985200000000,0.01367000,0.01369000,0.01363000,0.01369000,980103.20000000,1758988799999999,13392.45809700,234,623800.10000000,8523.37840400,0
1758988800000000,0.01370000,0.01370000,0.01360000,0.01360000,1441077.30000000,1758992399999999,19633.68686500,179,523321.80000000,7131.21307100,0
1758992400000000,0.01359000,0.01360000,0.01351000,0.01355000,1324428.60000000,1758995999999999,17958.19780400,269,550666.00000000,7471.16761200,0
1758996000000000,0.01355000,0.01356000,0.01350000,0.01354000,595029.60000000,1758999599999999,8052.89976800,195,243893.90000000,3301.64271400,0
1758999600000000,0.01354000,0.01357000,0.01351000,0.01356000,300371.80000000,1759003199999999,4066.05259700,115,115922.00000000,1569.43585900,0
1759003200000000,0.01356000,0.01357000,0.01352000,0.01353000,692995.50000000,1759006799999999,9388.78755300,205,297597.60000000,4032.99965600,0
1759006800000000,0.01353000,0.01359000,0.01351000,0.01358000,1462694.80000000,1759010399999999,19811.63032800,378,621415.40000000,8428.94493600,0
1759010400000000,0.01357000,0.01364000,0.01357000,0.01360000,2298937.10000000,1759013999999999,31285.12902500,317,873864.40000000,11891.89062300,0
1759014000000000,0.01360000,0.01363000,0.01355000,0.01355000,763160.30000000,1759017599999999,10367.24266400,241,164692.50000000,2239.73511000,0
1759017600000000,0.01355000,0.01356000,0.01348000,0.01349000,832228.30000000,1759021199999999,11251.87581300,379,292184.30000000,3949.49313200,0
1759021200000000,0.01349000,0.01349000,0.01340000,0.01340000,1590574.00000000,1759024799999999,21378.52504000,544,491967.20000000,6623.84283700,0
1759024800000000,0.01340000,0.01344000,0.01339000,0.01342000,613833.40000000,1759028399999999,8236.85777600,289,194167.70000000,2604.99517600,0
1759028400000000,0.01342000,0.01345000,0.01341000,0.01344000,677041.60000000,1759031999999999,9091.80345500,147,323993.50000000,4352.74936800,0
1759032000000000,0.01343000,0.01345000,0.01341000,0.01343000,657478.40000000,1759035599999999,8828.51540800,123,223521.30000000,3002.88170200,0
1759035600000000,0.01344000,0.01346000,0.01339000,0.01339000,1061618.50000000,1759039199999999,14260.84106300,107,777396.90000000,10447.33152200,0
1759039200000000,0.01339000,0.01340000,0.01332000,0.01334000,306992.60000000,1759042799999999,4098.48955700,74,139252.00000000,1858.81513100,0
1759042800000000,0.01334000,0.01337000,0.01331000,0.01333000,539360.30000000,1759046399999999,7192.86042500,104,285411.10000000,3806.88157400,0
1759046400000000,0.01333000,0.01334000,0.01326000,0.01328000,5744416.10000000,1759049999999999,76394.83241800,976,2552012.80000000,33939.40861500,0
1759050000000000,0.01328000,0.01330000,0.01324000,0.01326000,2077582.30000000,1759053599999999,27578.53222200,270,934714.40000000,12407.05214300,0
1759053600000000,0.01325000,0.01330000,0.01321000,0.01329000,856996.10000000,1759057199999999,11352.76598100,172,525293.60000000,6963.71746000,0
1759057200000000,0.01330000,0.01330000,0.01325000,0.01328000,522587.10000000,1759060799999999,6937.06645100,108,321584.30000000,4268.77544100,0
1759060800000000,0.01327000,0.01327000,0.01319000,0.01323000,669119.40000000,1759064399999999,8854.02489200,115,265133.30000000,3510.29388000,0
1759064400000000,0.01322000,0.01342000,0.01322000,0.01340000,2645644.50000000,1759067999999999,35272.47945600,392,1086934.30000000,14492.71187900,0
1759068000000000,0.01341000,0.01342000,0.01338000,0.01341000,998573.10000000,1759071599999999,13380.96902100,135,152471.40000000,2043.07667800,0
1759071600000000,0.01340000,0.01345000,0.01340000,0.01344000,1232663.30000000,1759075199999999,16550.05682600,188,496754.30000000,6668.59974200,0
1759075200000000,0.01345000,0.01354000,0.01344000,0.01346000,1497853.10000000,1759078799999999,20178.05696200,260,561804.90000000,7577.05132400,0
1759078800000000,0.01346000,0.01353000,0.01345000,0.01349000,898488.50000000,1759082399999999,12123.09564800,232,543062.70000000,7329.40090000,0
1759082400000000,0.01349000,0.01349000,0.01344000,0.01347000,996080.00000000,1759085999999999,13409.60604400,240,483152.10000000,6507.84162300,0
1759086000000000,0.01347000,0.01348000,0.01343000,0.01346000,546673.80000000,1759089599999999,7356.54859100,181,400588.60000000,5391.35544500,0
1759089600000000,0.01346000,0.01357000,0.01345000,0.01353000,6163561.70000000,1759093199999999,83359.95803900,443,4193842.90000000,56715.16758700,0
1759093200000000,0.01352000,0.01357000,0.01351000,0.01353000,3699851.60000000,1759096799999999,50049.77566900,230,1952725.30000000,26420.12595200,0
1759096800000000,0.01353000,0.01379000,0.01353000,0.01377000,2725573.50000000,1759100399999999,37403.10120800,346,1214223.30000000,16643.13905100,0
1759100400000000,0.01378000,0.01381000,0.01377000,0.01379000,1165628.00000000,1759103999999999,16071.41261000,190,545787.90000000,7526.47252700,0
1759104000000000,0.01379000,0.01382000,0.01375000,0.01380000,535097.90000000,1759107599999999,7376.97556600,108,345812.20000000,4769.38387800,0
1759107600000000,0.01379000,0.01380000,0.01371000,0.01372000,901867.00000000,1759111199999999,12418.45381600,121,353713.20000000,4873.01526700,0
1759111200000000,0.01372000,0.01377000,0.01369000,0.01371000,518268.20000000,1759114799999999,7116.42074300,62,126208.40000000,1731.84186600,0
1759114800000000,0.01373000,0.01373000,0.01368000,0.01372000,1285918.40000000,1759118399999999,17635.36584800,213,364056.20000000,4991.57367600,0
1759118400000000,0.01373000,0.01373000,0.01368000,0.01370000,538331.10000000,1759121999999999,7375.39273400,208,162327.10000000,2225.39982100,0
1759122000000000,0.01370000,0.01372000,0.01364000,0.01371000,715706.90000000,1759125599999999,9790.49637500,102,374834.30000000,5126.06716600,0
1759125600000000,0.01371000,0.01372000,0.01366000,0.01366000,899739.20000000,1759129199999999,12323.14654000,110,656844.60000000,8998.13367300,0
1759129200000000,0.01366000,0.01369000,0.01362000,0.01367000,1269583.50000000,1759132799999999,17346.62490300,253,697250.60000000,9527.68208600,0
1759132800000000,0.01367000,0.01373000,0.01366000,0.01371000,854365.90000000,1759136399999999,11698.38002200,224,577989.00000000,7914.63063600,0
1759136400000000,0.01372000,0.01376000,0.01369000,0.01369000,930773.00000000,1759139999999999,12769.41483000,176,489166.30000000,6712.42703000,0
1759140000000000,0.01370000,0.01371000,0.01359000,0.01359000,599740.50000000,1759143599999999,8196.43465100,117,214011.20000000,2924.16133400,0
1759143600000000,0.01359000,0.01360000,0.01349000,0.01355000,1118256.20000000,1759147199999999,15151.90550800,209,649375.40000000,8797.28182000,0
1759147200000000,0.01355000,0.01357000,0.01342000,0.01343000,1530396.40000000,1759150799999999,20687.63270400,278,441691.00000000,5967.86719200,0
1759150800000000,0.01342000,0.01367000,0.01338000,0.01362000,5180513.30000000,1759154399999999,70069.75940900,341,2587555.20000000,35012.99955700,0
1759154400000000,0.01362000,0.01380000,0.01361000,0.01377000,1705720.40000000,1759157999999999,23396.45562000,249,852684.80000000,11702.39337200,0
1759158000000000,0.01375000,0.01379000,0.01363000,0.01364000,2703847.30000000,1759161599999999,36951.61050100,309,952470.50000000,13010.69354100,0
1759161600000000,0.01364000,0.01370000,0.01355000,0.01356000,3194290.00000000,1759165199999999,43597.41267800,252,1698231.50000000,23161.88271600,0
1759165200000000,0.01356000,0.01364000,0.01352000,0.01363000,1473478.80000000,1759168799999999,20001.47120100,154,927707.10000000,12592.32780400,0
1759168800000000,0.01362000,0.01362000,0.01357000,0.01358000,557934.00000000,1759172399999999,7580.42980400,130,92697.50000000,1260.12510200,0
1759172400000000,0.01359000,0.01370000,0.01359000,0.01370000,613907.90000000,1759175999999999,8366.58754900,111,355308.70000000,4844.43112800,0
1759176000000000,0.01372000,0.01381000,0.01369000,0.01379000,1831868.70000000,1759179599999999,25209.50055200,383,1246888.30000000,17165.51895600,0
1759179600000000,0.01381000,0.01381000,0.01375000,0.01375000,1203987.70000000,1759183199999999,16593.94373400,234,167212.30000000,2306.07159800,0
1759183200000000,0.01375000,0.01377000,0.01369000,0.01371000,690829.70000000,1759186799999999,9475.14950000,208,298647.20000000,4096.89897400,0
1759186800000000,0.01371000,0.01372000,0.01367000,0.01369000,1136529.40000000,1759190399999999,15553.03018900,223,394840.50000000,5406.26694000,0
1759190400000000,0.01368000,0.01372000,0.01357000,0.01360000,1679614.50000000,1759193999999999,22924.37290900,268,760895.50000000,10389.99594400,0
1759194000000000,0.01356000,0.01365000,0.01350000,0.01353000,2386975.10000000,1759197599999999,32325.44580700,199,992884.00000000,13466.57168100,0
1759197600000000,0.01353000,0.01355000,0.01350000,0.01350000,1549158.90000000,1759201199999999,20957.01105600,165,549794.00000000,7437.22296100,0
1759201200000000,0.01349000,0.01359000,0.01348000,0.01353000,1242412.30000000,1759204799999999,16832.13381200,197,881080.80000000,11936.99453100,0
1759204800000000,0.01353000,0.01359000,0.01353000,0.01353000,682124.30000000,1759208399999999,9244.72914600,128,351031.90000000,4755.15495800,0
1759208400000000,0.01353000,0.01357000,0.01352000,0.01357000,1510704.90000000,1759211999999999,20462.12260000,298,992626.70000000,13445.47370100,0
1759212000000000,0.01354000,0.01358000,0.01352000,0.01352000,2389057.50000000,1759215599999999,32365.40747300,160,972163.50000000,13175.68315300,0
1759215600000000,0.01354000,0.01357000,0.01346000,0.01349000,2634487.10000000,1759219199999999,35655.56934700,205,881562.00000000,11926.06869000,0
1759219200000000,0.01349000,0.01350000,0.01339000,0.01340000,1593344.70000000,1759222799999999,21429.73687300,190,506164.70000000,6824.73146300,0
1759222800000000,0.01341000,0.01343000,0.01330000,0.01332000,3036846.80000000,1759226399999999,40639.20036900,321,1652662.80000000,22118.48866200,0
1759226400000000,0.01332000,0.01337000,0.01330000,0.01334000,1724616.00000000,1759229999999999,22983.22600300,176,1053248.30000000,14041.23459500,0
1759230000000000,0.01333000,0.01338000,0.01325000,0.01338000,1998010.20000000,1759233599999999,26633.60287700,230,1419693.80000000,18933.96896900,0
1759233600000000,0.01337000,0.01337000,0.01330000,0.01330000,1247409.40000000,1759237199999999,16653.61257100,168,817496.50000000,10915.09334200,0
1759237200000000,0.01330000,0.01337000,0.01325000,0.01328000,2647045.80000000,1759240799999999,35251.22892400,289,1130729.50000000,15058.73971300,0
1759240800000000,0.01329000,0.01332000,0.01324000,0.01331000,2211755.20000000,1759244399999999,29374.41641300,262,1557093.20000000,20684.38264600,0
1759244400000000,0.01330000,0.01331000,0.01314000,0.01321000,2597907.70000000,1759247999999999,34285.16283000,262,1402687.10000000,18506.08794200,0
1759248000000000,0.01319000,0.01325000,0.01315000,0.01319000,3507411.30000000,1759251599999999,46344.00328200,262,1366817.20000000,18066.58825900,0
1759251600000000,0.01319000,0.01324000,0.01316000,0.01319000,6325926.80000000,1759255199999999,83472.61129400,641,2218487.80000000,29276.44975500,0
1759255200000000,0.01319000,0.01324000,0.01317000,0.01318000,3602059.40000000,1759258799999999,47573.34568300,284,2048396.80000000,27057.31483400,0
1759258800000000,0.01317000,0.01327000,0.01317000,0.01327000,8923530.60000000,1759262399999999,118015.03206500,732,5668108.10000000,74966.70953400,0
1759262400000000,0.01326000,0.01337000,0.01326000,0.01336000,3160583.30000000,1759265999999999,42044.71936900,256,2073760.80000000,27588.82207000,0
1759266000000000,0.01337000,0.01338000,0.01328000,0.01329000,2876002.70000000,1759269599999999,38349.72893500,304,1969611.70000000,26273.27879100,0
1759269600000000,0.01329000,0.01335000,0.01323000,0.01324000,1240473.00000000,1759273199999999,16480.14006000,131,497766.40000000,6618.43884500,0
1759273200000000,0.01324000,0.01326000,0.01319000,0.01325000,1337091.30000000,1759276799999999,17692.23675000,153,638804.30000000,8451.56991500,0
