1748736000000000,0.01604000,0.01604000,0.01589000,0.01598000,1499964.10000000,1748739599999999,23947.67276200,371,662116.50000000,10570.58000400,0
1748739600000000,0.01597000,0.01602000,0.01583000,0.01584000,1170542.40000000,1748743199999999,18641.10551900,237,391412.40000000,6235.97261100,0
1748743200000000,0.01584000,0.01591000,0.01574000,0.01588000,1678695.10000000,1748746799999999,26543.10827200,340,757467.00000000,11987.21349700,0
1748746800000000,0.01588000,0.01596000,0.01582000,0.01594000,997547.30000000,1748750399999999,15836.51567300,128,542882.40000000,8622.94329200,0
1748750400000000,0.01594000,0.01611000,0.01591000,0.01607000,1100378.30000000,1748753999999999,17641.70953600,203,513986.30000000,8233.50803400,0
1748754000000000,0.01606000,0.01613000,0.01602000,0.01610000,2003127.10000000,1748757599999999,32181.89543200,273,710254.70000000,11418.16363100,0
1748757600000000,0.01610000,0.01611000,0.01601000,0.01606000,846996.40000000,1748761199999999,13613.31515400,167,425886.30000000,6845.30489300,0
1748761200000000,0.01604000,0.01605000,0.01595000,0.01595000,1376885.80000000,1748764799999999,22036.64916900,186,351799.90000000,5628.64385500,0
1748764800000000,0.01597000,0.01599000,0.01584000,0.01584000,964719.00000000,1748768399999999,15335.83537500,246,343637.40000000,5456.89839700,0
1748768400000000,0.01588000,0.01591000,0.01563000,0.01570000,2328479.70000000,1748771999999999,36627.77727200,457,882262.00000000,13879.89584800,0
1748772000000000,0.01571000,0.01579000,0.01569000,0.01579000,1613972.30000000,1748775599999999,25412.19992000,347,673103.70000000,10597.45021700,0
1748775600000000,0.01579000,0.01588000,0.01573000,0.01583000,909811.10000000,1748779199999999,14399.09083900,172,385488.00000000,6096.49703500,0
1748779200000000,0.01582000,0.01590000,0.01571000,0.01577000,2141752.40000000,1748782799999999,33913.75549600,251,1454908.20000000,23052.02736200,0
1748782800000000,0.01577000,0.01588000,0.01574000,0.01581000,1306511.70000000,1748786399999999,20676.92130200,235,492889.40000000,7802.19886600,0
1748786400000000,0.01581000,0.01600000,0.01581000,0.01589000,4062714.80000000,1748789999999999,64750.55884200,570,1635342.20000000,26056.90193100,0
1748790000000000,0.01591000,0.01597000,0.01588000,0.01594000,3482810.30000000,1748793599999999,55443.70756700,526,1735200.30000000,27625.31727400,0
1748793600000000,0.01594000,0.01610000,0.01593000,0.01602000,3530386.80000000,1748797199999999,56602.87292800,754,2068802.60000000,33168.76347700,0
1748797200000000,0.01602000,0.01606000,0.01597000,0.01597000,2333340.10000000,1748800799999999,37358.16576300,625,1142093.80000000,18286.46995100,0
1748800800000000,0.01597000,0.01597000,0.01574000,0.01583000,3656235.30000000,1748804399999999,57956.02935800,794,1639269.90000000,25986.60233500,0
1748804400000000,0.01584000,0.01594000,0.01584000,0.01592000,1447872.30000000,1748807999999999,23009.11954800,333,661381.30000000,10510.06548400,0
1748808000000000,0.01593000,0.01602000,0.01589000,0.01598000,2272353.70000000,1748811599999999,36254.31409200,537,1339540.40000000,21383.13378200,0
1748811600000000,0.01598000,0.01613000,0.01597000,0.01613000,1096964.20000000,1748815199999999,17615.76400900,299,655860.00000000,10522.00654100,0
1748815200000000,0.01614000,0.01618000,0.01611000,0.01613000,2379091.10000000,1748818799999999,38414.68527100,612,501885.00000000,8106.51524300,0
1748818800000000,0.01612000,0.01625000,0.01612000,0.01619000,1334738.30000000,1748822399999999,21647.88769700,299,522968.00000000,8483.61121800,0
1748822400000000,0.01619000,0.01637000,0.01618000,0.01634000,4865625.80000000,1748825999999999,79137.52839700,1004,3002216.00000000,48817.84552100,0
1748826000000000,0.01634000,0.01638000,0.01621000,0.01621000,2419822.40000000,1748829599999999,39491.34017300,452,721065.30000000,11773.92538500,0
1748829600000000,0.01621000,0.01622000,0.01605000,0.01608000,1152552.30000000,1748833199999999,18606.81897400,237,587218.10000000,9484.64992500,0
1748833200000000,0.01607000,0.01610000,0.01599000,0.01603000,714725.00000000,1748836799999999,11462.44529600,195,382111.40000000,6129.70119900,0
1748836800000000,0.01605000,0.01609000,0.01602000,0.01604000,1594468.70000000,1748840399999999,25597.20036000,225,822435.00000000,13206.42727400,0
1748840400000000,0.01604000,0.01609000,0.01595000,0.01602000,881428.50000000,1748843999999999,14121.64700900,154,263625.90000000,4226.25774300,0
1748844000000000,0.01603000,0.01619000,0.01598000,0.01613000,1576451.40000000,1748847599999999,25333.78985900,232,904699.30000000,14540.94348700,0
1748847600000000,0.01616000,0.01625000,0.01616000,0.01621000,1407576.30000000,1748851199999999,22806.03908800,167,856954.00000000,13884.33522200,0
1748851200000000,0.01621000,0.01638000,0.01620000,0.01627000,1878540.60000000,1748854799999999,30597.67907200,264,894697.70000000,14575.58618300,0
1748854800000000,0.01627000,0.01629000,0.01615000,0.01629000,873920.10000000,1748858399999999,14172.39984900,157,407377.00000000,6604.89295700,0
1748858400000000,0.01631000,0.01640000,0.01620000,0.01627000,3350923.40000000,1748861999999999,54621.54056200,518,1718217.50000000,27995.40210600,0
1748862000000000,0.01627000,0.01632000,0.01620000,0.01630000,3251891.20000000,1748865599999999,52917.70019500,455,1837656.80000000,29917.99711100,0
1748865600000000,0.01628000,0.01641000,0.01620000,0.01631000,1550007.20000000,1748869199999999,25258.15898200,198,887016.60000000,14451.21711100,0
1748869200000000,0.01632000,0.01633000,0.01616000,0.01619000,1255910.90000000,1748872799999999,20411.26501300,158,287384.10000000,4662.40583400,0
1748872800000000,0.01618000,0.01632000,0.01612000,0.01621000,1887013.80000000,1748876399999999,30597.19247300,325,651682.80000000,10572.28298800,0
1748876400000000,0.01621000,0.01629000,0.01613000,0.01624000,792591.30000000,1748879999999999,12873.63858300,233,398050.80000000,6469.46350000,0
1748880000000000,0.01624000,0.01630000,0.01618000,0.01629000,2112037.10000000,1748883599999999,34307.18426600,387,808704.30000000,13144.98194100,0
1748883600000000,0.01629000,0.01637000,0.01621000,0.01637000,396834.00000000,1748887199999999,6461.46999500,75,197893.20000000,3221.68410100,0
1748887200000000,0.01639000,0.01647000,0.01632000,0.01636000,1879524.40000000,1748890799999999,30884.05956500,194,1301804.90000000,21403.92842700,0
1748890800000000,0.01635000,0.01638000,0.01618000,0.01626000,989921.50000000,1748894399999999,16113.38055800,138,459946.80000000,7483.62031900,0
1748894400000000,0.01628000,0.01648000,0.01628000,0.01648000,1186000.80000000,1748897999999999,19457.55209200,168,664717.00000000,10904.11985800,0
1748898000000000,0.01647000,0.01664000,0.01645000,0.01663000,1428456.90000000,1748901599999999,23620.89252700,243,516523.20000000,8543.07748000,0
1748901600000000,0.01666000,0.01674000,0.01666000,0.01668000,2420802.60000000,1748905199999999,40447.33376000,368,927368.40000000,15497.49402200,0
1748905200000000,0.01668000,0.01669000,0.01662000,0.01664000,1351134.60000000,1748908799999999,22503.63594400,212,497097.10000000,8281.05910900,0
1748908800000000,0.01664000,0.01677000,0.01663000,0.01673000,3899441.10000000,1748912399999999,65167.61316200,418,2713047.10000000,45336.26589300,0
1748912400000000,0.01674000,0.01683000,0.01672000,0.01682000,1905940.90000000,1748915999999999,31906.96194100,319,1089570.10000000,18235.90403700,0
1748916000000000,0.01683000,0.01685000,0.01671000,0.01674000,724757.50000000,1748919599999999,12162.91788400,137,487324.30000000,8176.50187600,0
1748919600000000,0.01672000,0.01675000,0.01660000,0.01665000,691191.20000000,1748923199999999,11509.20902300,100,344259.80000000,5732.36907600,0
1748923200000000,0.01665000,0.01665000,0.01654000,0.01655000,657498.10000000,1748926799999999,10894.55806400,115,215675.50000000,3574.91073000,0
1748926800000000,0.01658000,0.01673000,0.01657000,0.01670000,438152.10000000,1748930399999999,7297.42390700,76,211391.40000000,3520.36894800,0
1748930400000000,0.01671000,0.01673000,0.01664000,0.01672000,803613.60000000,1748933999999999,13403.37330300,89,532814.40000000,8885.78974200,0
1748934000000000,0.01672000,0.01672000,0.01666000,0.01669000,523014.30000000,1748937599999999,8727.23831400,61,210551.70000000,3513.00701100,0
1748937600000000,0.01668000,0.01668000,0.01651000,0.01661000,1082240.40000000,1748941199999999,17949.76607800,153,400501.00000000,6641.41855500,0
1748941200000000,0.01660000,0.01669000,0.01659000,0.01669000,315349.80000000,1748944799999999,5242.85037500,60,118039.00000000,1960.87927100,0
1748944800000000,0.01669000,0.01673000,0.01668000,0.01671000,391515.20000000,1748948399999999,6542.09422100,65,228771.50000000,3823.74271100,0
1748948400000000,0.01671000,0.01687000,0.01670000,0.01681000,3152343.80000000,1748951999999999,52967.39999900,321,1744381.60000000,29299.13570400,0
1748952000000000,0.01681000,0.01691000,0.01677000,0.01689000,1305063.90000000,1748955599999999,21979.45739900,188,684380.00000000,11529.55968800,0
1748955600000000,0.01688000,0.01698000,0.01683000,0.01689000,2826534.40000000,1748959199999999,47802.43483200,333,1447473.20000000,24484.87533000,0
1748959200000000,0.01689000,0.01704000,0.01679000,0.01704000,2303388.00000000,1748962799999999,38973.71979300,222,1144347.30000000,19371.53072000,0
1748962800000000,0.01704000,0.01708000,0.01697000,0.01699000,1379127.30000000,1748966399999999,23470.13587700,167,591776.70000000,10075.89751200,0
1748966400000000,0.01700000,0.01708000,0.01694000,0.01694000,3406905.20000000,1748969999999999,57880.96950300,350,1380293.60000000,23461.10902200,0
1748970000000000,0.01696000,0.01715000,0.01695000,0.01715000,2325599.90000000,1748973599999999,39667.07408500,273,908393.90000000,15522.08516300,0
1748973600000000,0.01715000,0.01715000,0.01702000,0.01703000,1356202.00000000,1748977199999999,23146.40513800,158,702065.90000000,11979.51148200,0
1748977200000000,0.01705000,0.01712000,0.01702000,0.01705000,2217634.10000000,1748980799999999,37873.72244200,194,1640185.60000000,28011.60159100,0
1748980800000000,0.01706000,0.01709000,0.01684000,0.01696000,972591.00000000,1748984399999999,16526.66982500,172,563332.60000000,9576.09601600,0
1748984400000000,0.01696000,0.01696000,0.01678000,0.01682000,570513.30000000,1748987999999999,9625.69326600,121,203282.40000000,3432.00538200,0
1748988000000000,0.01680000,0.01695000,0.01680000,0.01692000,1327238.50000000,1748991599999999,22416.99328700,188,774165.50000000,13087.61869400,0
1748991600000000,0.01692000,0.01696000,0.01685000,0.01686000,1615322.50000000,1748995199999999,27271.84695700,180,778682.80000000,13142.45089400,0
1748995200000000,0.01687000,0.01695000,0.01681000,0.01694000,727611.20000000,1748998799999999,12285.76821200,153,393671.60000000,6651.69889900,0
1748998800000000,0.01695000,0.01711000,0.01695000,0.01703000,928398.80000000,1749002399999999,15815.78682700,168,443436.50000000,7560.56147200,0
1749002400000000,0.01702000,0.01710000,0.01696000,0.01697000,1446689.10000000,1749005999999999,24611.97501200,140,738210.20000000,12553.52234100,0
1749006000000000,0.01698000,0.01717000,0.01697000,0.01710000,1514876.90000000,1749009599999999,25919.98245200,190,968813.80000000,16586.77655700,0
1749009600000000,0.01710000,0.01714000,0.01705000,0.01709000,1202238.90000000,1749013199999999,20562.58538000,157,577790.30000000,9883.90358600,0
1749013200000000,0.01709000,0.01721000,0.01709000,0.01709000,971012.80000000,1749016799999999,16654.81283000,141,680682.30000000,11672.61215900,0
1749016800000000,0.01710000,0.01714000,0.01704000,0.01707000,615036.50000000,1749020399999999,10501.73913900,136,339860.40000000,5806.99978800,0
1749020400000000,0.01708000,0.01718000,0.01704000,0.01715000,1891350.70000000,1749023999999999,32371.71934400,377,1070065.60000000,18314.63940900,0
1749024000000000,0.01714000,0.01719000,0.01714000,0.01715000,1190296.70000000,1749027599999999,20427.16837500,263,526460.80000000,9034.25163900,0
1749027600000000,0.01714000,0.01718000,0.01705000,0.01716000,1620082.80000000,1749031199999999,27742.83525800,442,870278.30000000,14901.70379900,0
1749031200000000,0.01715000,0.01728000,0.01712000,0.01717000,3114839.30000000,1749034799999999,53585.01131800,510,1827373.40000000,31439.30167000,0
1749034800000000,0.01717000,0.01718000,0.01699000,0.01699000,2881166.40000000,1749038399999999,49252.66536800,304,596674.90000000,10190.94883300,0
1749038400000000,0.01699000,0.01707000,0.01685000,0.01687000,2229227.10000000,1749041999999999,37759.72373500,354,1084743.40000000,18381.98421900,0
1749042000000000,0.01686000,0.01698000,0.01680000,0.01687000,2301060.10000000,1749045599999999,38861.12907900,319,1085111.00000000,18322.71108000,0
1749045600000000,0.01686000,0.01694000,0.01677000,0.01694000,2258283.00000000,1749049199999999,38013.61756500,317,1241865.70000000,20925.84493200,0
1749049200000000,0.01695000,0.01709000,0.01690000,0.01706000,2587706.10000000,1749052799999999,44001.47705100,322,927046.40000000,15757.19954600,0
1749052800000000,0.01707000,0.01707000,0.01696000,0.01700000,777520.90000000,1749056399999999,13213.34125900,120,454552.70000000,7724.01162200,0
1749056400000000,0.01700000,0.01701000,0.01682000,0.01692000,1769332.20000000,1749059999999999,29931.40282200,310,414528.30000000,7021.18146000,0
1749060000000000,0.01693000,0.01694000,0.01681000,0.01681000,1163030.30000000,1749063599999999,19635.66028500,160,239946.40000000,4052.34382400,0
1749063600000000,0.01682000,0.01682000,0.01673000,0.01675000,733425.30000000,1749067199999999,12306.77180100,119,249053.30000000,4183.80990100,0
1749067200000000,0.01673000,0.01673000,0.01654000,0.01662000,1423022.00000000,1749070799999999,23658.59547700,347,442679.50000000,7361.69324000,0
1749070800000000,0.01661000,0.01674000,0.01655000,0.01673000,751439.80000000,1749074399999999,12504.15154000,164,421939.50000000,7020.06974000,0
1749074400000000,0.01673000,0.01673000,0.01660000,0.01660000,778992.40000000,1749077999999999,12969.83843100,106,375864.30000000,6259.18145400,0
1749078000000000,0.01662000,0.01667000,0.01657000,0.01660000,720391.20000000,1749081599999999,11975.27563200,139,451713.00000000,7510.64699700,0
1749081600000000,0.01659000,0.01660000,0.01646000,0.01658000,919550.30000000,1749085199999999,15197.14365700,177,387422.00000000,6399.94253200,0
1749085200000000,0.01657000,0.01665000,0.01653000,0.01663000,1333546.10000000,1749088799999999,22125.36710100,196,893653.30000000,14822.73536100,0
1749088800000000,0.01664000,0.01673000,0.01662000,0.01664000,1555327.60000000,1749092399999999,25938.75609900,167,803008.60000000,13396.65968500,0
1749092400000000,0.01663000,0.01674000,0.01661000,0.01671000,739547.90000000,1749095999999999,12337.09927700,115,413468.50000000,6903.70145500,0
1749096000000000,0.01671000,0.01676000,0.01669000,0.01671000,538343.30000000,1749099599999999,9007.91307000,70,269587.70000000,4509.92383300,0
1749099600000000,0.01672000,0.01672000,0.01652000,0.01656000,1163993.10000000,1749103199999999,19303.08364100,195,269285.10000000,4467.15880000,0
1749103200000000,0.01656000,0.01661000,0.01652000,0.01652000,1117745.20000000,1749106799999999,18526.97727200,159,374776.10000000,6212.47222600,0
1749106800000000,0.01652000,0.01722000,0.01651000,0.01671000,24244072.40000000,1749110399999999,409808.50326800,2197,11415882.20000000,192966.38047900,0
1749110400000000,0.01672000,0.01678000,0.01663000,0.01665000,2542703.00000000,1749113999999999,42443.29212100,242,849623.90000000,14194.44386000,0
1749114000000000,0.01665000,0.01673000,0.01665000,0.01666000,1520531.00000000,1749117599999999,25366.89059900,199,738319.90000000,12318.58117300,0
1749117600000000,0.01665000,0.01670000,0.01656000,0.01662000,1394625.50000000,1749121199999999,23198.11853700,174,704807.80000000,11727.29201500,0
1749121200000000,0.01661000,0.01670000,0.01661000,0.01670000,554908.50000000,1749124799999999,9233.67924900,80,330310.00000000,5495.11346500,0
1749124800000000,0.01669000,0.01693000,0.01666000,0.01688000,1969285.30000000,1749128399999999,33124.77119400,271,989011.50000000,16638.80968400,0
1749128400000000,0.01688000,0.01689000,0.01655000,0.01656000,996996.20000000,1749131999999999,16690.94158600,166,340345.90000000,5695.00617900,0
1749132000000000,0.01655000,0.01673000,0.01646000,0.01662000,1641288.10000000,1749135599999999,27213.87262800,184,826057.90000000,13694.37895600,0
1749135600000000,0.01667000,0.01671000,0.01662000,0.01664000,642300.70000000,1749139199999999,10706.07397000,95,348798.30000000,5812.28374700,0
1749139200000000,0.01664000,0.01664000,0.01637000,0.01639000,2274366.90000000,1749142799999999,37378.69997700,283,849932.30000000,13979.59636500,0
1749142800000000,0.01640000,0.01650000,0.01635000,0.01637000,2138946.80000000,1749146399999999,35127.39408000,332,999481.80000000,16421.17099300,0
1749146400000000,0.01637000,0.01639000,0.01615000,0.01627000,4783839.10000000,1749149999999999,77742.94170000,457,1435498.60000000,23318.35014700,0
1749150000000000,0.01627000,0.01629000,0.01581000,0.01599000,7662237.70000000,1749153599999999,122302.06199400,954,4014973.20000000,64058.66528700,0
1749153600000000,0.01600000,0.01603000,0.01555000,0.01557000,10570241.60000000,1749157199999999,166022.70030900,993,6219226.10000000,97669.60609800,0
1749157200000000,0.01557000,0.01586000,0.01554000,0.01585000,4200257.10000000,1749160799999999,66048.00717100,365,2086090.30000000,32775.61330400,0
1749160800000000,0.01584000,0.01587000,0.01570000,0.01580000,2075435.50000000,1749164399999999,32732.01805600,227,632470.90000000,9970.15090300,0
1749164400000000,0.01581000,0.01587000,0.01579000,0.01584000,1007053.90000000,1749167999999999,15933.70966200,147,420150.40000000,6648.09284800,0
1749168000000000,0.01583000,0.01589000,0.01576000,0.01588000,1632176.40000000,1749171599999999,25822.73215200,201,994891.20000000,15744.44151900,0
1749171600000000,0.01589000,0.01589000,0.01577000,0.01581000,1752896.20000000,1749175199999999,27744.90291000,246,713769.60000000,11295.68586700,0
1749175200000000,0.01581000,0.01591000,0.01570000,0.01590000,773697.50000000,1749178799999999,12204.49644900,289,305851.10000000,4824.71821900,0
1749178800000000,0.01590000,0.01598000,0.01585000,0.01597000,1996371.70000000,1749182399999999,31809.47322900,352,819879.60000000,13055.17678200,0
1749182400000000,0.01598000,0.01604000,0.01590000,0.01599000,1644361.40000000,1749185999999999,26274.70851900,362,612071.00000000,9778.20722400,0
1749186000000000,0.01599000,0.01603000,0.01595000,0.01598000,730763.10000000,1749189599999999,11682.82792700,300,239313.10000000,3826.18166000,0
1749189600000000,0.01598000,0.01601000,0.01595000,0.01599000,365078.30000000,1749193199999999,5837.24440700,228,94015.70000000,1503.75060600,0
1749193200000000,0.01599000,0.01602000,0.01592000,0.01595000,822804.40000000,1749196799999999,13148.05614100,246,229516.20000000,3668.20724600,0
1749196800000000,0.01595000,0.01604000,0.01595000,0.01600000,793619.90000000,1749200399999999,12696.49462900,276,464601.10000000,7434.31300300,0
1749200400000000,0.01600000,0.01607000,0.01598000,0.01603000,1059156.50000000,1749203999999999,16983.25644700,303,581301.70000000,9325.33132800,0
1749204000000000,0.01604000,0.01608000,0.01600000,0.01601000,563547.20000000,1749207599999999,9043.81838200,262,275986.40000000,4429.78361400,0
1749207600000000,0.01601000,0.01608000,0.01597000,0.01603000,668950.60000000,1749211199999999,10734.21829700,246,120025.80000000,1926.19867500,0
1749211200000000,0.01605000,0.01626000,0.01602000,0.01609000,5255134.10000000,1749214799999999,84808.23012100,737,2100883.80000000,33875.22258100,0
1749214800000000,0.01609000,0.01640000,0.01609000,0.01631000,2754764.40000000,1749218399999999,44858.08270700,469,1066317.60000000,17366.45668200,0
1749218400000000,0.01632000,0.01638000,0.01630000,0.01637000,2138118.70000000,1749221999999999,34920.22431800,420,875677.40000000,14304.83823000,0
1749222000000000,0.01637000,0.01649000,0.01628000,0.01632000,2286137.10000000,1749225599999999,37436.71494000,415,862151.90000000,14145.85138200,0
1749225600000000,0.01632000,0.01635000,0.01618000,0.01620000,1176038.90000000,1749229199999999,19118.93299400,306,441159.60000000,7171.76861000,0
1749229200000000,0.01620000,0.01623000,0.01597000,0.01605000,7606044.50000000,1749232799999999,121942.47960500,705,1448691.30000000,23279.11318500,0
1749232800000000,0.01605000,0.01606000,0.01586000,0.01587000,2808724.30000000,1749236399999999,44731.61406900,507,1082619.10000000,17255.81933900,0
1749236400000000,0.01588000,0.01590000,0.01581000,0.01585000,1740752.40000000,1749239999999999,27607.95777000,477,873458.20000000,13856.23175800,0
1749240000000000,0.01585000,0.01598000,0.01584000,0.01592000,3027262.90000000,1749243599999999,48187.41672100,819,1841241.70000000,29301.74636700,0
1749243600000000,0.01592000,0.01594000,0.01586000,0.01588000,1026979.10000000,1749247199999999,16331.06159000,485,579896.60000000,9224.28882500,0
1749247200000000,0.01588000,0.01589000,0.01578000,0.01584000,1461494.20000000,1749250799999999,23126.27350000,465,868320.00000000,13742.37714400,0
1749250800000000,0.01584000,0.01585000,0.01577000,0.01579000,3369522.50000000,1749254399999999,53232.26082500,640,1822300.20000000,28786.39031100,0
1749254400000000,0.01580000,0.01597000,0.01575000,0.01597000,1523841.60000000,1749257999999999,24124.17102000,477,786375.10000000,12432.42994600,0
1749258000000000,0.01599000,0.01603000,0.01587000,0.01594000,822259.40000000,1749261599999999,13111.78310100,291,297727.50000000,4748.24111400,0
1749261600000000,0.01594000,0.01603000,0.01590000,0.01600000,816317.80000000,1749265199999999,13028.04890400,280,424310.40000000,6772.19769000,0
1749265200000000,0.01600000,0.01608000,0.01597000,0.01604000,1951228.00000000,1749268799999999,31299.39960700,329,1102339.50000000,17686.92741400,0
1749268800000000,0.01604000,0.01604000,0.01598000,0.01602000,667538.50000000,1749272399999999,10684.75366600,263,217967.90000000,3488.52164300,0
1749272400000000,0.01603000,0.01613000,0.01599000,0.01610000,1396489.70000000,1749275999999999,22424.76837100,352,707884.00000000,11379.43651400,0
1749276000000000,0.01610000,0.01616000,0.01604000,0.01616000,624293.70000000,1749279599999999,10052.16135300,250,192277.30000000,3096.90785900,0
1749279600000000,0.01616000,0.01619000,0.01610000,0.01616000,428386.50000000,1749283199999999,6918.07378200,236,139630.10000000,2254.20083800,0
1749283200000000,0.01617000,0.01620000,0.01608000,0.01608000,3204094.80000000,1749286799999999,51704.38866800,408,1874380.50000000,30257.52232900,0
1749286800000000,0.01608000,0.01610000,0.01603000,0.01605000,1059078.90000000,1749290399999999,17012.98337800,347,372107.20000000,5977.49582400,0
1749290400000000,0.01604000,0.01614000,0.01603000,0.01609000,2259204.30000000,1749293999999999,36364.10243900,430,752912.80000000,12109.27156100,0
1749294000000000,0.01610000,0.01611000,0.01605000,0.01607000,2254599.40000000,1749297599999999,36257.12108200,510,1234734.40000000,19855.66976900,0
1749297600000000,0.01608000,0.01614000,0.01604000,0.01604000,1328006.80000000,1749301199999999,21361.04504200,357,569043.60000000,9159.71170900,0
1749301200000000,0.01604000,0.01610000,0.01602000,0.01602000,1799474.30000000,1749304799999999,28903.63394200,387,445028.40000000,7151.09746200,0
1749304800000000,0.01601000,0.01603000,0.01592000,0.01593000,1944829.60000000,1749308399999999,31086.43386100,460,1172869.20000000,18750.91014200,0
1749308400000000,0.01593000,0.01596000,0.01589000,0.01595000,1904862.70000000,1749311999999999,30332.27260800,400,1007429.30000000,16042.22573800,0
1749312000000000,0.01596000,0.01600000,0.01589000,0.01591000,951439.10000000,1749315599999999,15172.91366400,303,563165.90000000,8980.92423700,0
1749315600000000,0.01592000,0.01596000,0.01591000,0.01592000,692551.00000000,1749319199999999,11041.05433800,272,391282.40000000,6239.11343500,0
1749319200000000,0.01592000,0.01605000,0.01592000,0.01604000,488776.30000000,1749322799999999,7817.86996700,242,318603.60000000,5094.63166300,0
1749322800000000,0.01605000,0.01614000,0.01605000,0.01611000,454230.90000000,1749326399999999,7318.00271000,226,201226.60000000,3241.62624400,0
1749326400000000,0.01611000,0.01618000,0.01611000,0.01615000,1801419.30000000,1749329999999999,29090.52731400,357,732207.20000000,11826.61207000,0
1749330000000000,0.01615000,0.01620000,0.01614000,0.01614000,1253344.50000000,1749333599999999,20273.68173700,312,387921.80000000,6278.19131000,0
1749333600000000,0.01614000,0.01625000,0.01613000,0.01617000,829474.50000000,1749337199999999,13439.10733500,280,359374.00000000,5823.40499100,0
1749337200000000,0.01617000,0.01619000,0.01614000,0.01618000,388347.50000000,1749340799999999,6274.03872200,210,171704.20000000,2773.61793900,0
1749340800000000,0.01619000,0.01623000,0.01614000,0.01616000,613358.00000000,1749344399999999,9934.84473600,212,419629.10000000,6799.32063800,0
1749344400000000,0.01616000,0.01622000,0.01613000,0.01621000,660879.50000000,1749347999999999,10685.32065400,210,403338.70000000,6523.08050600,0
1749348000000000,0.01621000,0.01622000,0.01616000,0.01616000,376541.60000000,1749351599999999,6095.53002300,211,70496.80000000,1141.09608200,0
1749351600000000,0.01616000,0.01616000,0.01610000,0.01611000,443571.00000000,1749355199999999,7153.39476300,187,185101.60000000,2985.16839000,0
1749355200000000,0.01611000,0.01617000,0.01610000,0.01615000,447815.10000000,1749358799999999,7220.73223100,193,250380.30000000,4035.95229300,0
1749358800000000,0.01616000,0.01616000,0.01602000,0.01603000,642066.80000000,1749362399999999,10329.28228800,246,250558.30000000,4032.68157600,0
1749362400000000,0.01603000,0.01605000,0.01597000,0.01597000,396325.20000000,1749365999999999,6350.54664500,207,144687.40000000,2318.42748500,0
1749366000000000,0.01597000,0.01601000,0.01592000,0.01594000,1134184.90000000,1749369599999999,18105.53187500,312,519731.70000000,8298.00470000,0
1749369600000000,0.01594000,0.01615000,0.01594000,0.01601000,10820957.00000000,1749373199999999,173596.03064000,1343,7096501.10000000,113946.99435100,0
1749373200000000,0.01601000,0.01603000,0.01592000,0.01595000,2192230.20000000,1749376799999999,34991.71816000,524,508786.80000000,8115.01497800,0
1749376800000000,0.01594000,0.01601000,0.01591000,0.01600000,1086862.20000000,1749380399999999,17335.15538700,349,420772.90000000,6716.08348800,0
1749380400000000,0.01599000,0.01612000,0.01599000,0.01610000,1262635.50000000,1749383999999999,20290.66788400,399,666942.10000000,10720.06846300,0
1749384000000000,0.01610000,0.01615000,0.01609000,0.01613000,1381571.70000000,1749387599999999,22267.98004500,465,419442.60000000,6763.45833700,0
1749387600000000,0.01613000,0.01626000,0.01610000,0.01614000,1105742.00000000,1749391199999999,17882.96366000,473,437611.20000000,7085.93673500,0
1749391200000000,0.01614000,0.01622000,0.01613000,0.01620000,1035449.50000000,1749394799999999,16754.70743100,432,320943.90000000,5196.26984600,0
1749394800000000,0.01619000,0.01631000,0.01619000,0.01623000,2994087.60000000,1749398399999999,48634.51802000,759,1365676.40000000,22195.82292600,0
1749398400000000,0.01623000,0.01632000,0.01623000,0.01629000,2777302.00000000,1749401999999999,45217.17330700,549,1536410.50000000,25020.98669200,0
1749402000000000,0.01629000,0.01632000,0.01616000,0.01620000,2718743.00000000,1749405599999999,44177.77231300,555,1317773.20000000,21412.80305100,0
1749405600000000,0.01621000,0.01625000,0.01618000,0.01625000,1500293.10000000,1749409199999999,24333.98117900,381,328881.70000000,5336.94569900,0
1749409200000000,0.01626000,0.01629000,0.01620000,0.01623000,1767353.60000000,1749412799999999,28727.78276300,419,358808.90000000,5832.87309400,0
1749412800000000,0.01623000,0.01630000,0.01620000,0.01623000,767591.50000000,1749416399999999,12486.56438400,333,363696.50000000,5917.18336700,0
1749416400000000,0.01624000,0.01629000,0.01623000,0.01626000,1726059.00000000,1749419999999999,28072.60384100,301,1106350.60000000,17999.12560000,0
1749420000000000,0.01626000,0.01627000,0.01608000,0.01610000,1646104.60000000,1749423599999999,26582.44969800,372,643171.30000000,10383.23889700,0
1749423600000000,0.01609000,0.01610000,0.01604000,0.01608000,686977.80000000,1749427199999999,11043.16147100,298,217859.20000000,3502.09515800,0
1749427200000000,0.01608000,0.01611000,0.01602000,0.01607000,2290924.50000000,1749430799999999,36800.72540300,432,319683.50000000,5135.70460000,0
1749430800000000,0.01606000,0.01609000,0.01600000,0.01601000,443090.80000000,1749434399999999,7108.23803500,252,163166.40000000,2618.49732400,0
1749434400000000,0.01601000,0.01609000,0.01600000,0.01602000,348995.30000000,1749437999999999,5596.01902700,231,151437.30000000,2427.73589400,0
1749438000000000,0.01601000,0.01604000,0.01598000,0.01602000,926145.70000000,1749441599999999,14829.90834400,429,218057.70000000,3490.32684800,0
1749441600000000,0.01601000,0.01603000,0.01594000,0.01596000,954286.20000000,1749445199999999,15267.74674400,431,309199.40000000,4952.28064400,0
1749445200000000,0.01596000,0.01597000,0.01591000,0.01594000,2070722.90000000,1749448799999999,33026.36147900,516,975792.50000000,15569.32447100,0
1749448800000000,0.01594000,0.01607000,0.01592000,0.01606000,2084683.90000000,1749452399999999,33285.78299700,482,275167.70000000,4402.81204100,0
1749452400000000,0.01606000,0.01606000,0.01595000,0.01603000,869553.80000000,1749455999999999,13920.66862200,421,261426.40000000,4184.44372300,0
1749456000000000,0.01602000,0.01608000,0.01594000,0.01607000,877605.70000000,1749459599999999,14036.77354100,419,303447.60000000,4853.84487900,0
1749459600000000,0.01607000,0.01615000,0.01601000,0.01607000,2441650.80000000,1749463199999999,39309.23892200,571,1025238.20000000,16510.82239100,0
1749463200000000,0.01607000,0.01620000,0.01605000,0.01615000,1615055.50000000,1749466799999999,26055.63748900,490,846044.50000000,13654.61432600,0
1749466800000000,0.01616000,0.01622000,0.01614000,0.01617000,1954733.40000000,1749470399999999,31655.29161800,457,1164109.30000000,18858.52127500,0
1749470400000000,0.01618000,0.01620000,0.01614000,0.01619000,1593769.70000000,1749473999999999,25783.85373300,467,743316.40000000,12030.61161900,0
1749474000000000,0.01619000,0.01622000,0.01603000,0.01607000,3147698.60000000,1749477599999999,50855.81197500,562,941401.50000000,15210.44378600,0
1749477600000000,0.01607000,0.01613000,0.01602000,0.01610000,2908797.70000000,1749481199999999,46786.93687600,638,1472583.60000000,23695.12105500,0
1749481200000000,0.01609000,0.01616000,0.01609000,0.01611000,1279469.60000000,1749484799999999,20631.28357100,444,487763.20000000,7867.33048600,0
1749484800000000,0.01612000,0.01621000,0.01610000,0.01615000,4432768.30000000,1749488399999999,71705.15001300,643,2804269.80000000,45372.35337600,0
1749488400000000,0.01615000,0.01624000,0.01615000,0.01623000,1832172.90000000,1749491999999999,29713.62208000,454,622590.30000000,10096.90697000,0
1749492000000000,0.01623000,0.01625000,0.01618000,0.01623000,1598703.50000000,1749495599999999,25931.90403300,455,391001.80000000,6342.92014800,0
1749495600000000,0.01624000,0.01625000,0.01615000,0.01618000,2569457.80000000,1749499199999999,41636.99100500,540,623508.30000000,10112.09278200,0
1749499200000000,0.01618000,0.01627000,0.01618000,0.01626000,2458230.40000000,1749502799999999,39884.79130800,544,1365117.80000000,22155.13731100,0
1749502800000000,0.01625000,0.01652000,0.01625000,0.01646000,4111331.90000000,1749506399999999,67468.53293900,774,1652542.70000000,27101.34904400,0
1749506400000000,0.01647000,0.01666000,0.01647000,0.01665000,3420623.80000000,1749509999999999,56691.01996800,715,1203248.10000000,19950.17735000,0
1749510000000000,0.01665000,0.01666000,0.01658000,0.01665000,3414354.00000000,1749513599999999,56759.96638000,561,877813.20000000,14601.39601600,0
1749513600000000,0.01665000,0.01673000,0.01661000,0.01664000,4359368.70000000,1749517199999999,72666.98807900,686,1348081.10000000,22473.72001400,0
1749517200000000,0.01664000,0.01671000,0.01662000,0.01666000,1569380.80000000,1749520799999999,26152.70818800,539,483961.30000000,8066.96885500,0
1749520800000000,0.01666000,0.01667000,0.01660000,0.01667000,1872914.90000000,1749524399999999,31178.58942100,485,774725.20000000,12899.61304000,0
1749524400000000,0.01667000,0.01670000,0.01663000,0.01663000,851037.20000000,1749527999999999,14180.94028800,284,438120.40000000,7302.05679000,0
1749528000000000,0.01663000,0.01664000,0.01655000,0.01662000,1138288.10000000,1749531599999999,18890.95042100,303,408974.30000000,6790.35826800,0
1749531600000000,0.01662000,0.01671000,0.01651000,0.01653000,2570070.10000000,1749535199999999,42713.47275600,440,1504199.40000000,25017.78727500,0
1749535200000000,0.01653000,0.01661000,0.01645000,0.01653000,3662068.20000000,1749538799999999,60611.04804700,458,2518391.10000000,41717.67325500,0
1749538800000000,0.01654000,0.01655000,0.01643000,0.01654000,5600650.50000000,1749542399999999,92388.47036100,579,1921440.70000000,31719.38786100,0
1749542400000000,0.01654000,0.01657000,0.01647000,0.01648000,2097515.80000000,1749545999999999,34678.64774700,379,977061.20000000,16161.47544600,0
1749546000000000,0.01648000,0.01665000,0.01647000,0.01664000,1376389.50000000,1749549599999999,22806.91537400,348,617804.10000000,10233.03767300,0
1749549600000000,0.01664000,0.01669000,0.01660000,0.01667000,1718337.60000000,1749553199999999,28609.10415800,380,842128.40000000,14024.08202600,0
1749553200000000,0.01667000,0.01692000,0.01658000,0.01691000,6270581.70000000,1749556799999999,105317.20020700,709,2832922.60000000,47609.61899600,0
1749556800000000,0.01691000,0.01719000,0.01690000,0.01716000,4997713.00000000,1749560399999999,85084.72216300,653,2615089.40000000,44558.52047900,0
1749560400000000,0.01716000,0.01724000,0.01687000,0.01695000,8352521.30000000,1749563999999999,142624.79835500,1148,3633471.40000000,62066.90246000,0
1749564000000000,0.01695000,0.01701000,0.01682000,0.01683000,3473768.10000000,1749567599999999,58712.13471700,457,1699283.80000000,28711.89978500,0
1749567600000000,0.01683000,0.01698000,0.01673000,0.01689000,3399100.40000000,1749571199999999,57295.60192100,516,1182395.20000000,19916.28847600,0
1749571200000000,0.01689000,0.01699000,0.01688000,0.01688000,1871716.70000000,1749574799999999,31717.86111200,398,770378.20000000,13059.61894200,0
1749574800000000,0.01688000,0.01698000,0.01686000,0.01686000,1755155.40000000,1749578399999999,29685.14143400,375,463493.10000000,7841.76277600,0
1749578400000000,0.01685000,0.01708000,0.01684000,0.01705000,1764732.90000000,1749581999999999,29881.44372300,438,944551.50000000,15994.21015700,0
1749582000000000,0.01706000,0.01721000,0.01700000,0.01708000,1356058.80000000,1749585599999999,23210.86664400,398,591492.90000000,10132.21061900,0
1749585600000000,0.01707000,0.01713000,0.01698000,0.01713000,1110395.40000000,1749589199999999,18930.81049700,390,461837.00000000,7874.17598900,0
1749589200000000,0.01713000,0.01716000,0.01701000,0.01711000,2027195.70000000,1749592799999999,34662.24369600,530,834672.70000000,14276.78340600,0
1749592800000000,0.01712000,0.01722000,0.01709000,0.01714000,2114006.60000000,1749596399999999,36276.03070200,531,962091.50000000,16509.55662500,0
1749596400000000,0.01714000,0.01719000,0.01708000,0.01718000,1399183.00000000,1749599999999999,23960.12395800,417,476202.50000000,8159.91119100,0
1749600000000000,0.01718000,0.01723000,0.01706000,0.01707000,1578134.00000000,1749603599999999,27022.89317800,433,579270.50000000,9920.10269000,0
1749603600000000,0.01707000,0.01710000,0.01696000,0.01698000,1378625.70000000,1749607199999999,23465.93172200,396,420067.50000000,7150.56627800,0
1749607200000000,0.01698000,0.01707000,0.01695000,0.01698000,1332444.70000000,1749610799999999,22649.05991900,412,654548.10000000,11128.01663100,0
1749610800000000,0.01698000,0.01712000,0.01698000,0.01708000,968482.50000000,1749614399999999,16530.30267300,332,550345.00000000,9397.38737800,0
1749614400000000,0.01708000,0.01713000,0.01705000,0.01708000,918557.80000000,1749617999999999,15691.10552600,333,467448.80000000,7983.62596700,0
1749618000000000,0.01708000,0.01710000,0.01704000,0.01705000,1057840.80000000,1749621599999999,18049.97168400,345,495029.40000000,8447.86371100,0
1749621600000000,0.01705000,0.01716000,0.01703000,0.01707000,1257029.30000000,1749625199999999,21488.34044400,376,650913.30000000,11133.78539900,0
1749625200000000,0.01707000,0.01714000,0.01703000,0.01706000,1718552.20000000,1749628799999999,29363.93862100,423,594294.40000000,10163.40072800,0
1749628800000000,0.01706000,0.01710000,0.01694000,0.01695000,2018758.60000000,1749632399999999,34369.56960200,460,830049.00000000,14139.39335200,0
1749632400000000,0.01695000,0.01696000,0.01675000,0.01676000,2767138.00000000,1749635999999999,46683.02244100,484,1157161.60000000,19530.37997200,0
1749636000000000,0.01677000,0.01678000,0.01670000,0.01676000,1633224.70000000,1749639599999999,27339.12886500,389,674395.20000000,11293.09886200,0
1749639600000000,0.01676000,0.01676000,0.01665000,0.01673000,2341214.00000000,1749643199999999,39077.88390600,421,585143.10000000,9769.39963000,0
1749643200000000,0.01674000,0.01703000,0.01667000,0.01692000,6224892.60000000,1749646799999999,104939.61966400,870,2830434.20000000,47687.89626500,0
1749646800000000,0.01693000,0.01702000,0.01688000,0.01694000,2094336.50000000,1749650399999999,35492.90525700,474,841654.90000000,14268.44382000,0
1749650400000000,0.01695000,0.01713000,0.01693000,0.01707000,4580792.30000000,1749653999999999,78107.47486200,567,2450560.60000000,41796.66098300,0
1749654000000000,0.01708000,0.01717000,0.01703000,0.01715000,1509017.90000000,1749657599999999,25841.87677400,213,825008.80000000,14122.36403800,0
1749657600000000,0.01715000,0.01720000,0.01703000,0.01715000,1536771.70000000,1749661199999999,26291.63620200,194,758007.40000000,12978.94217800,0
1749661200000000,0.01715000,0.01717000,0.01695000,0.01695000,3251307.20000000,1749664799999999,55535.18504500,346,1452329.40000000,24826.93830200,0
1749664800000000,0.01696000,0.01696000,0.01683000,0.01688000,1611552.20000000,1749668399999999,27234.67372100,213,701367.20000000,11853.57108500,0
1749668400000000,0.01686000,0.01686000,0.01675000,0.01678000,1684207.00000000,1749671999999999,28302.19331500,273,922455.10000000,15494.97001800,0
1749672000000000,0.01680000,0.01686000,0.01670000,0.01682000,1077848.20000000,1749675599999999,18113.28132400,186,661465.80000000,11113.51432200,0
1749675600000000,0.01683000,0.01689000,0.01648000,0.01655000,1379677.50000000,1749679199999999,22987.05179500,222,604605.10000000,10058.53752700,0
1749679200000000,0.01654000,0.01662000,0.01645000,0.01653000,2301800.40000000,1749682799999999,38045.12747100,275,964384.40000000,15939.34162400,0
1749682800000000,0.01654000,0.01666000,0.01653000,0.01665000,892917.40000000,1749686399999999,14835.49493100,123,378523.80000000,6289.29664800,0
1749686400000000,0.01666000,0.01667000,0.01651000,0.01664000,831516.80000000,1749689999999999,13812.79542900,163,408607.60000000,6787.17489400,0
1749690000000000,0.01663000,0.01668000,0.01656000,0.01664000,865632.90000000,1749693599999999,14375.38107500,169,508814.80000000,8449.61584100,0
1749693600000000,0.01664000,0.01666000,0.01654000,0.01657000,664207.60000000,1749697199999999,11016.61424200,145,335389.70000000,5560.59428200,0
1749697200000000,0.01657000,0.01657000,0.01640000,0.01644000,1560393.60000000,1749700799999999,25730.08876100,245,595554.60000000,9816.15153100,0
1749700800000000,0.01642000,0.01646000,0.01638000,0.01644000,783829.90000000,1749704399999999,12870.03211700,142,329558.40000000,5412.54517300,0
1749704400000000,0.01644000,0.01650000,0.01637000,0.01647000,469304.80000000,1749707999999999,7713.30382100,106,279288.50000000,4593.07461900,0
1749708000000000,0.01644000,0.01648000,0.01638000,0.01641000,825046.20000000,1749711599999999,13559.74823900,204,467605.30000000,7686.14053500,0
1749711600000000,0.01640000,0.01645000,0.01633000,0.01635000,1223954.60000000,1749715199999999,20057.16444000,277,675975.50000000,11083.72395100,0
1749715200000000,0.01635000,0.01638000,0.01621000,0.01638000,3257495.20000000,1749718799999999,53106.98372200,390,1853798.60000000,30247.40916800,0
1749718800000000,0.01637000,0.01643000,0.01633000,0.01638000,1628034.80000000,1749722399999999,26645.16224700,208,1219514.80000000,19958.24656200,0
1749722400000000,0.01637000,0.01638000,0.01628000,0.01633000,1753458.50000000,1749725999999999,28631.60488900,269,989984.70000000,16174.30233300,0
1749726000000000,0.01632000,0.01634000,0.01620000,0.01620000,1462263.70000000,1749729599999999,23790.78510200,243,391904.30000000,6380.75459500,0
1749729600000000,0.01621000,0.01641000,0.01616000,0.01635000,1750728.90000000,1749733199999999,28485.51920300,343,904045.10000000,14707.21101100,0
1749733200000000,0.01635000,0.01645000,0.01633000,0.01638000,1516871.80000000,1749736799999999,24843.63499700,309,771455.10000000,12634.34150900,0
1749736800000000,0.01638000,0.01648000,0.01637000,0.01644000,923881.00000000,1749740399999999,15181.16752800,196,303514.20000000,4989.67423000,0
1749740400000000,0.01645000,0.01650000,0.01620000,0.01622000,2987536.10000000,1749743999999999,48900.61771600,621,1620440.10000000,26516.72302700,0
1749744000000000,0.01622000,0.01640000,0.01621000,0.01637000,2194227.60000000,1749747599999999,35824.55153800,316,926696.40000000,15133.39123000,0
1749747600000000,0.01638000,0.01650000,0.01638000,0.01643000,594113.30000000,1749751199999999,9776.92907500,102,302051.50000000,4969.92474100,0
1749751200000000,0.01643000,0.01643000,0.01620000,0.01626000,1362071.60000000,1749754799999999,22177.48518200,214,568736.00000000,9259.85024200,0
1749754800000000,0.01626000,0.01628000,0.01598000,0.01605000,2256539.60000000,1749758399999999,36343.59986900,384,733425.90000000,11827.15728600,0
1749758400000000,0.01603000,0.01610000,0.01580000,0.01587000,3238655.50000000,1749761999999999,51650.28735000,477,1084283.70000000,17282.49111000,0
1749762000000000,0.01585000,0.01600000,0.01583000,0.01590000,1365429.40000000,1749765599999999,21702.68454900,259,642791.40000000,10219.81899400,0
1749765600000000,0.01590000,0.01599000,0.01584000,0.01587000,1782128.70000000,1749769199999999,28339.30715500,300,676463.30000000,10753.92312500,0
1749769200000000,0.01587000,0.01595000,0.01584000,0.01590000,1703347.30000000,1749772799999999,27089.11457500,235,721149.70000000,11476.00414500,0
1749772800000000,0.01588000,0.01588000,0.01493000,0.01515000,17886504.00000000,1749776399999999,274385.34899400,2262,8012135.70000000,123023.59413500,0
1749776400000000,0.01514000,0.01514000,0.01473000,0.01489000,11813364.60000000,1749779999999999,176117.20919900,1217,4719046.80000000,70442.65758800,0
1749780000000000,0.01490000,0.01493000,0.01476000,0.01487000,6529240.10000000,1749783599999999,96990.44396600,931,2611747.80000000,38816.64217100,0
1749783600000000,0.01488000,0.01523000,0.01488000,0.01517000,5518325.00000000,1749787199999999,83196.31897300,1022,3132895.60000000,47221.78327800,0
1749787200000000,0.01516000,0.01516000,0.01500000,0.01507000,4057172.10000000,1749790799999999,61104.77864000,430,2248258.40000000,33861.88672200,0
1749790800000000,0.01507000,0.01510000,0.01504000,0.01504000,2982728.80000000,1749794399999999,44955.16717500,411,1760737.90000000,26538.73829400,0
1749794400000000,0.01504000,0.01506000,0.01488000,0.01506000,4480655.20000000,1749797999999999,66985.54303300,558,2484777.00000000,37126.80723600,0
1749798000000000,0.01507000,0.01509000,0.01499000,0.01503000,2855931.30000000,1749801599999999,42939.57313500,395,1218458.60000000,18322.98526900,0
1749801600000000,0.01503000,0.01516000,0.01498000,0.01503000,3597872.10000000,1749805199999999,54230.10195800,381,1463039.30000000,22056.23204500,0
1749805200000000,0.01503000,0.01511000,0.01497000,0.01506000,4325802.40000000,1749808799999999,65082.82876800,509,2618511.80000000,39414.80375600,0
1749808800000000,0.01506000,0.01508000,0.01497000,0.01506000,3146812.20000000,1749812399999999,47254.26114800,324,1847475.40000000,27744.24618800,0
1749812400000000,0.01507000,0.01517000,0.01500000,0.01515000,1707286.40000000,1749815999999999,25721.68225500,237,480215.30000000,7237.39242300,0
1749816000000000,0.01515000,0.01522000,0.01505000,0.01507000,2890067.20000000,1749819599999999,43777.39831300,281,819217.60000000,12419.40721000,0
1749819600000000,0.01508000,0.01518000,0.01501000,0.01506000,3701924.00000000,1749823199999999,55908.34964600,362,1038083.00000000,15669.58070600,0
1749823200000000,0.01507000,0.01517000,0.01497000,0.01516000,3944969.00000000,1749826799999999,59408.64887800,523,1881804.70000000,28342.40941900,0
1749826800000000,0.01514000,0.01529000,0.01513000,0.01522000,3206013.40000000,1749830399999999,48810.77463200,473,1279920.70000000,19488.21177600,0
1749830400000000,0.01522000,0.01535000,0.01516000,0.01531000,2035908.80000000,1749833999999999,31065.39475500,299,956202.80000000,14604.37890400,0
1749834000000000,0.01530000,0.01530000,0.01513000,0.01523000,3834592.60000000,1749837599999999,58290.10012200,372,1104785.30000000,16792.75043000,0
1749837600000000,0.01523000,0.01526000,0.01504000,0.01512000,4458819.30000000,1749841199999999,67459.77650000,420,1722718.70000000,26061.18473700,0
1749841200000000,0.01511000,0.01515000,0.01503000,0.01513000,1661612.60000000,1749844799999999,25101.30150600,223,789671.80000000,11930.81994800,0
1749844800000000,0.01514000,0.01529000,0.01511000,0.01528000,1741663.60000000,1749848399999999,26459.36471300,229,896617.30000000,13631.45365600,0
1749848400000000,0.01527000,0.01531000,0.01521000,0.01528000,978355.50000000,1749851999999999,14938.21340000,169,265451.60000000,4051.45664800,0
1749852000000000,0.01529000,0.01533000,0.01525000,0.01532000,985780.90000000,1749855599999999,15088.32331300,149,323200.20000000,4946.47257200,0
1749855600000000,0.01532000,0.01544000,0.01529000,0.01543000,1128907.30000000,1749859199999999,17351.34492800,198,545647.80000000,8389.08294000,0
1749859200000000,0.01543000,0.01545000,0.01530000,0.01531000,2156790.50000000,1749862799999999,33193.62442400,235,1245105.10000000,19168.39584200,0
1749862800000000,0.01532000,0.01533000,0.01525000,0.01527000,565887.20000000,1749866399999999,8659.30691800,112,197457.00000000,3022.16771700,0
1749866400000000,0.01527000,0.01535000,0.01527000,0.01535000,291890.50000000,1749869999999999,4471.44620100,51,139724.60000000,2139.82209900,0
1749870000000000,0.01535000,0.01541000,0.01535000,0.01538000,406994.10000000,1749873599999999,6258.64806300,59,341000.40000000,5244.25455800,0
1749873600000000,0.01538000,0.01540000,0.01536000,0.01540000,618234.90000000,1749877199999999,9505.42349100,71,277997.30000000,4273.14325000,0
1749877200000000,0.01540000,0.01544000,0.01536000,0.01541000,403246.60000000,1749880799999999,6207.67382500,85,137307.90000000,2114.51669000,0
1749880800000000,0.01541000,0.01544000,0.01536000,0.01537000,730436.90000000,1749884399999999,11248.92756800,113,313728.80000000,4833.28327700,0
1749884400000000,0.01537000,0.01537000,0.01527000,0.01535000,918947.80000000,1749887999999999,14089.90442900,148,377958.90000000,5799.40465700,0
1749888000000000,0.01534000,0.01536000,0.01529000,0.01535000,509046.40000000,1749891599999999,7801.50659900,69,433911.30000000,6649.90726200,0
1749891600000000,0.01534000,0.01537000,0.01529000,0.01530000,932351.00000000,1749895199999999,14289.20729500,104,263522.10000000,4043.83705400,0
1749895200000000,0.01530000,0.01536000,0.01528000,0.01534000,530980.20000000,1749898799999999,8129.65754000,91,297674.80000000,4558.62680600,0
1749898800000000,0.01534000,0.01539000,0.01534000,0.01538000,404797.30000000,1749902399999999,6217.76126000,84,181461.40000000,2786.96357200,0
1749902400000000,0.01538000,0.01538000,0.01531000,0.01538000,528925.70000000,1749905999999999,8109.78139400,92,266521.50000000,4086.65242700,0
1749906000000000,0.01537000,0.01548000,0.01535000,0.01541000,1805930.50000000,1749909599999999,27865.21456600,176,801770.80000000,12386.60900400,0
1749909600000000,0.01540000,0.01542000,0.01535000,0.01536000,559525.20000000,1749913199999999,8608.33260700,78,280576.90000000,4316.09705000,0
1749913200000000,0.01537000,0.01539000,0.01520000,0.01525000,1402523.10000000,1749916799999999,21415.51365300,186,478097.00000000,7302.77201100,0
1749916800000000,0.01525000,0.01529000,0.01502000,0.01503000,4202053.10000000,1749920399999999,63722.06011700,296,2126986.00000000,32265.85953900,0
1749920400000000,0.01504000,0.01517000,0.01503000,0.01516000,545848.30000000,1749923999999999,8250.23725000,93,340926.80000000,5153.97151700,0
1749924000000000,0.01517000,0.01523000,0.01500000,0.01510000,1118739.30000000,1749927599999999,16895.34343700,197,442723.80000000,6691.90569300,0
1749927600000000,0.01508000,0.01520000,0.01508000,0.01512000,684246.30000000,1749931199999999,10367.06536400,180,177282.70000000,2686.79481700,0
1749931200000000,0.01512000,0.01515000,0.01502000,0.01513000,1370659.00000000,1749934799999999,20697.84014000,260,701890.00000000,10602.49300900,0
1749934800000000,0.01513000,0.01533000,0.01513000,0.01532000,803164.00000000,1749938399999999,12195.67659300,94,398571.60000000,6047.47906400,0
1749938400000000,0.01531000,0.01539000,0.01530000,0.01539000,1104757.10000000,1749941999999999,16967.40442800,207,622231.50000000,9562.04988500,0
1749942000000000,0.01538000,0.01541000,0.01535000,0.01538000,552658.70000000,1749945599999999,8500.30995900,155,177516.00000000,2730.48678400,0
1749945600000000,0.01538000,0.01540000,0.01532000,0.01539000,1069167.70000000,1749949199999999,16412.79388500,204,310016.70000000,4760.32815400,0
1749949200000000,0.01538000,0.01539000,0.01530000,0.01531000,316876.30000000,1749952799999999,4861.80769100,53,139076.30000000,2133.36989500,0
1749952800000000,0.01533000,0.01538000,0.01533000,0.01534000,474042.90000000,1749956399999999,7277.58015200,69,173427.30000000,2662.41875600,0
1749956400000000,0.01534000,0.01535000,0.01530000,0.01530000,394021.00000000,1749959999999999,6039.28362900,50,225769.70000000,3461.13805700,0
1749960000000000,0.01531000,0.01538000,0.01531000,0.01533000,473373.50000000,1749963599999999,7263.42168400,64,384853.50000000,5904.56649600,0
1749963600000000,0.01533000,0.01541000,0.01527000,0.01540000,2012116.80000000,1749967199999999,30880.73049100,129,1401274.40000000,21505.93991200,0
1749967200000000,0.01540000,0.01542000,0.01529000,0.01531000,1177489.10000000,1749970799999999,18055.44124600,151,661980.40000000,10146.09458300,0
1749970800000000,0.01530000,0.01539000,0.01523000,0.01538000,2731936.60000000,1749974399999999,41798.96410800,277,1367387.10000000,20944.75518500,0
1749974400000000,0.01536000,0.01553000,0.01530000,0.01539000,13704156.40000000,1749977999999999,211423.60903600,971,7914651.80000000,122012.92396000,0
1749978000000000,0.01539000,0.01575000,0.01538000,0.01541000,21473550.50000000,1749981599999999,333447.58767300,1621,10003872.60000000,155357.91490500,0
1749981600000000,0.01541000,0.01551000,0.01535000,0.01548000,6646829.30000000,1749985199999999,102651.22669700,512,3222864.40000000,49746.20731300,0
1749985200000000,0.01549000,0.01560000,0.01549000,0.01560000,4656679.30000000,1749988799999999,72351.04925800,317,2688837.50000000,41776.36711300,0
1749988800000000,0.01560000,0.01582000,0.01559000,0.01582000,7293826.20000000,1749992399999999,114470.79870400,807,4185096.10000000,65720.01212800,0
1749992400000000,0.01582000,0.01597000,0.01552000,0.01561000,26006761.90000000,1749995999999999,411008.32740500,2452,11777438.70000000,186536.34260800,0
1749996000000000,0.01562000,0.01595000,0.01557000,0.01571000,9206896.80000000,1749999599999999,144687.27745800,813,5948110.70000000,93578.99329400,0
1749999600000000,0.01573000,0.01574000,0.01544000,0.01546000,6118894.10000000,1750003199999999,95295.40373900,542,1428130.10000000,22236.28648000,0
1750003200000000,0.01545000,0.01549000,0.01536000,0.01538000,2431009.50000000,1750006799999999,37479.62504400,371,953161.30000000,14694.33090100,0
1750006800000000,0.01539000,0.01541000,0.01530000,0.01538000,861874.60000000,1750010399999999,13233.34257800,139,466812.40000000,7163.66852800,0
1750010400000000,0.01537000,0.01538000,0.01529000,0.01535000,647090.20000000,1750013999999999,9920.88868800,118,281769.80000000,4321.58865200,0
1750014000000000,0.01535000,0.01542000,0.01527000,0.01530000,607815.10000000,1750017599999999,9320.57960000,108,288814.60000000,4431.98769200,0
1750017600000000,0.01531000,0.01532000,0.01513000,0.01520000,5803425.90000000,1750021199999999,88174.25533800,424,2501077.90000000,38080.82908300,0
1750021200000000,0.01519000,0.01520000,0.01507000,0.01510000,5661481.00000000,1750024799999999,85455.05020200,319,1384771.10000000,20909.05423100,0
1750024800000000,0.01509000,0.01533000,0.01507000,0.01525000,7078552.30000000,1750028399999999,107644.74615300,681,4112620.50000000,62570.10283000,0
1750028400000000,0.01526000,0.01534000,0.01523000,0.01532000,1846716.30000000,1750031999999999,28227.70775700,192,704612.10000000,10773.81250800,0
1750032000000000,0.01532000,0.01532000,0.01521000,0.01524000,1671682.80000000,1750035599999999,25503.07718400,229,890280.10000000,13582.88558400,0
1750035600000000,0.01525000,0.01543000,0.01517000,0.01542000,3752974.40000000,1750039199999999,57356.75918400,295,2389801.00000000,36550.51816700,0
1750039200000000,0.01543000,0.01552000,0.01541000,0.01541000,1192959.30000000,1750042799999999,18441.78031800,154,463584.90000000,7172.83071000,0
1750042800000000,0.01541000,0.01543000,0.01535000,0.01536000,878051.30000000,1750046399999999,13510.83530200,140,265304.60000000,4081.31083200,0
1750046400000000,0.01535000,0.01545000,0.01531000,0.01539000,1441780.10000000,1750049999999999,22177.83922700,282,492528.50000000,7576.82280000,0
1750050000000000,0.01539000,0.01553000,0.01535000,0.01546000,1887698.20000000,1750053599999999,29167.21532200,210,754916.40000000,11668.51875000,0
1750053600000000,0.01547000,0.01551000,0.01542000,0.01545000,3432283.30000000,1750057199999999,53109.08036200,316,936035.20000000,14492.88491300,0
1750057200000000,0.01545000,0.01556000,0.01545000,0.01552000,1556082.90000000,1750060799999999,24141.21589400,218,622853.50000000,9661.50897900,0
1750060800000000,0.01552000,0.01562000,0.01551000,0.01559000,2454152.00000000,1750064399999999,38165.20088300,402,1414496.10000000,22003.68690600,0
1750064400000000,0.01559000,0.01568000,0.01558000,0.01565000,2723245.80000000,1750067999999999,42556.86358800,409,1265847.90000000,19787.99808100,0
1750068000000000,0.01564000,0.01565000,0.01545000,0.01551000,3816460.60000000,1750071599999999,59336.24298300,519,2092013.90000000,32522.43262400,0
1750071600000000,0.01550000,0.01555000,0.01545000,0.01550000,3058829.70000000,1750075199999999,47399.60435600,361,1383678.90000000,21439.18961200,0
1750075200000000,0.01550000,0.01558000,0.01540000,0.01555000,4009602.70000000,1750078799999999,62055.66147100,496,1986611.80000000,30781.83236400,0
1750078800000000,0.01554000,0.01561000,0.01548000,0.01561000,1688465.60000000,1750082399999999,26229.95368200,256,815085.30000000,12663.45452700,0
1750082400000000,0.01561000,0.01570000,0.01556000,0.01565000,3234253.40000000,1750085999999999,50638.68942800,342,1211542.10000000,18974.49637100,0
1750086000000000,0.01565000,0.01568000,0.01559000,0.01561000,1994690.40000000,1750089599999999,31196.92876000,279,872331.80000000,13646.88672100,0
1750089600000000,0.01560000,0.01569000,0.01558000,0.01563000,2228353.60000000,1750093199999999,34839.64698000,240,1130509.70000000,17684.06562800,0
1750093200000000,0.01564000,0.01566000,0.01558000,0.01560000,1196303.20000000,1750096799999999,18685.10900100,154,649600.10000000,10141.13619500,0
1750096800000000,0.01561000,0.01567000,0.01559000,0.01567000,812212.50000000,1750100399999999,12693.87896900,120,404905.80000000,6326.73172800,0
1750100400000000,0.01566000,0.01568000,0.01560000,0.01564000,1529080.90000000,1750103999999999,23904.26924600,190,802149.80000000,12538.60140900,0
1750104000000000,0.01564000,0.01568000,0.01558000,0.01566000,1855939.60000000,1750107599999999,29024.53569200,182,1262855.00000000,19761.24325700,0
1750107600000000,0.01566000,0.01567000,0.01559000,0.01562000,1175145.20000000,1750111199999999,18360.06182700,166,420707.80000000,6572.86195800,0
1750111200000000,0.01563000,0.01565000,0.01520000,0.01529000,5484946.90000000,1750114799999999,84446.24646300,731,2990890.70000000,46019.65737600,0
1750114800000000,0.01530000,0.01535000,0.01503000,0.01508000,6209679.50000000,1750118399999999,94113.04918000,640,2149584.90000000,32577.01461900,0
1750118400000000,0.01509000,0.01523000,0.01487000,0.01523000,8263861.80000000,1750121999999999,124021.60084200,815,4211449.30000000,63262.82409500,0
1750122000000000,0.01522000,0.01524000,0.01512000,0.01512000,914752.70000000,1750125599999999,13891.51338400,275,238144.40000000,3614.96018700,0
1750125600000000,0.01513000,0.01523000,0.01505000,0.01522000,1447021.10000000,1750129199999999,21865.47395700,307,754795.20000000,11413.00088300,0
1750129200000000,0.01523000,0.01529000,0.01519000,0.01523000,1420097.60000000,1750132799999999,21643.00384100,409,603068.90000000,9198.02433400,0
1750132800000000,0.01522000,0.01525000,0.01514000,0.01518000,948578.90000000,1750136399999999,14411.37732600,211,568138.00000000,8627.49292500,0
1750136400000000,0.01517000,0.01518000,0.01510000,0.01513000,1410949.40000000,1750139999999999,21350.30245200,170,783994.10000000,11867.35740000,0
1750140000000000,0.01512000,0.01515000,0.01504000,0.01507000,1213100.90000000,1750143599999999,18299.42221900,203,568822.00000000,8580.40612800,0
1750143600000000,0.01508000,0.01511000,0.01504000,0.01508000,1063151.30000000,1750147199999999,16016.85800800,180,381029.10000000,5746.98946700,0
1750147200000000,0.01507000,0.01508000,0.01492000,0.01495000,2741404.40000000,1750150799999999,41092.04731400,401,1261987.20000000,18913.87539400,0
1750150800000000,0.01494000,0.01499000,0.01488000,0.01495000,1995294.30000000,1750154399999999,29795.30152400,410,1083879.20000000,16183.78730900,0
1750154400000000,0.01495000,0.01495000,0.01482000,0.01495000,4738732.10000000,1750157999999999,70441.95351100,399,1325980.80000000,19736.26382700,0
1750158000000000,0.01495000,0.01495000,0.01483000,0.01490000,2355896.70000000,1750161599999999,35049.79409000,256,1506641.80000000,22414.50580300,0
1750161600000000,0.01489000,0.01495000,0.01487000,0.01489000,1452255.70000000,1750165199999999,21656.20255500,201,815567.10000000,12166.66342900,0
1750165200000000,0.01490000,0.01497000,0.01487000,0.01489000,2605340.60000000,1750168799999999,38882.71953200,242,1134113.90000000,16955.20839700,0
1750168800000000,0.01490000,0.01497000,0.01478000,0.01479000,973887.50000000,1750172399999999,14495.67607300,171,351589.80000000,5236.47590400,0
1750172400000000,0.01478000,0.01478000,0.01452000,0.01463000,6584289.80000000,1750175999999999,96454.36950800,755,3054306.50000000,44704.99388600,0
1750176000000000,0.01463000,0.01467000,0.01442000,0.01442000,3111557.60000000,1750179599999999,45308.95243600,490,1402815.20000000,20411.89255200,0
1750179600000000,0.01441000,0.01458000,0.01438000,0.01450000,2584980.30000000,1750183199999999,37477.80736100,297,1460245.70000000,21185.26373000,0
1750183200000000,0.01449000,0.01460000,0.01442000,0.01460000,1346122.70000000,1750186799999999,19509.91582800,349,343941.10000000,4984.05547500,0
1750186800000000,0.01461000,0.01481000,0.01459000,0.01469000,3552773.70000000,1750190399999999,52310.79375400,577,1085687.70000000,15958.65611200,0
1750190400000000,0.01469000,0.01473000,0.01458000,0.01459000,4669578.60000000,1750193999999999,68431.28264800,658,2028608.90000000,29757.33034200,0
1750194000000000,0.01459000,0.01461000,0.01446000,0.01449000,1950034.50000000,1750197599999999,28342.16234200,367,728854.10000000,10594.39528300,0
1750197600000000,0.01450000,0.01451000,0.01436000,0.01436000,1857224.00000000,1750201199999999,26802.86310100,346,751929.60000000,10845.11803100,0
1750201200000000,0.01436000,0.01452000,0.01436000,0.01445000,1576336.30000000,1750204799999999,22767.68290200,231,965716.60000000,13938.99159000,0
1750204800000000,0.01446000,0.01455000,0.01440000,0.01455000,1176673.90000000,1750208399999999,17035.49519000,211,545635.10000000,7900.21390900,0
1750208400000000,0.01454000,0.01464000,0.01449000,0.01449000,721360.80000000,1750211999999999,10500.06917300,159,516311.70000000,7517.96063600,0
1750212000000000,0.01450000,0.01458000,0.01446000,0.01449000,1554773.10000000,1750215599999999,22568.71667600,200,924975.30000000,13428.64068100,0
1750215600000000,0.01450000,0.01457000,0.01450000,0.01453000,904830.20000000,1750219199999999,13143.85290200,127,282649.30000000,4107.42755000,0
1750219200000000,0.01455000,0.01470000,0.01454000,0.01466000,1016779.70000000,1750222799999999,14881.82234500,127,859446.40000000,12581.04890100,0
1750222800000000,0.01467000,0.01471000,0.01464000,0.01466000,319277.80000000,1750226399999999,4687.59039500,66,139782.40000000,2052.43382500,0
1750226400000000,0.01464000,0.01468000,0.01456000,0.01458000,513460.00000000,1750229999999999,7505.00264500,68,329487.30000000,4813.84402100,0
1750230000000000,0.01458000,0.01460000,0.01453000,0.01460000,653570.20000000,1750233599999999,9520.01718500,114,333692.10000000,4860.08402700,0
1750233600000000,0.01461000,0.01465000,0.01448000,0.01454000,646610.70000000,1750237199999999,9426.42960000,128,291533.90000000,4252.95006300,0
1750237200000000,0.01456000,0.01460000,0.01447000,0.01449000,4938286.80000000,1750240799999999,71815.92619000,394,1070042.20000000,15561.48488100,0
1750240800000000,0.01450000,0.01452000,0.01431000,0.01434000,1752982.80000000,1750244399999999,25267.05131100,253,684909.00000000,9878.42400200,0
1750244400000000,0.01433000,0.01445000,0.01429000,0.01444000,1233498.90000000,1750247999999999,17709.60000000,186,589135.80000000,8457.65867700,0
1750248000000000,0.01446000,0.01446000,0.01430000,0.01430000,1855556.40000000,1750251599999999,26754.98511500,175,1166239.80000000,16849.70513800,0
1750251600000000,0.01431000,0.01431000,0.01405000,0.01428000,3958788.00000000,1750255199999999,56025.86701300,434,1959059.50000000,27743.02165900,0
1750255200000000,0.01426000,0.01451000,0.01425000,0.01437000,2263332.80000000,1750258799999999,32633.07829300,367,983889.80000000,14191.17228900,0
1750258800000000,0.01436000,0.01447000,0.01433000,0.01443000,1036566.30000000,1750262399999999,14939.03073300,168,505372.40000000,7283.02275200,0
1750262400000000,0.01442000,0.01446000,0.01435000,0.01440000,1372643.30000000,1750265999999999,19755.27824900,186,779749.60000000,11223.34818600,0
1750266000000000,0.01439000,0.01450000,0.01432000,0.01447000,1636465.80000000,1750269599999999,23558.32796500,201,694488.00000000,10003.07714200,0
1750269600000000,0.01449000,0.01458000,0.01428000,0.01428000,3531859.50000000,1750273199999999,51034.54272100,271,1226424.20000000,17743.37076600,0
1750273200000000,0.01427000,0.01448000,0.01425000,0.01434000,1981798.50000000,1750276799999999,28522.33937000,259,978000.80000000,14068.49958000,0
1750276800000000,0.01434000,0.01464000,0.01428000,0.01462000,1483469.60000000,1750280399999999,21378.30643500,167,624605.40000000,9019.48868500,0
1750280400000000,0.01462000,0.01467000,0.01455000,0.01464000,972504.70000000,1750283999999999,14193.41852900,203,337374.00000000,4925.11839700,0
1750284000000000,0.01465000,0.01467000,0.01458000,0.01460000,421717.00000000,1750287599999999,6163.37632700,99,223816.60000000,3269.90160000,0
1750287600000000,0.01460000,0.01467000,0.01457000,0.01461000,371121.90000000,1750291199999999,5419.02428700,82,208118.70000000,3038.92782200,0
1750291200000000,0.01461000,0.01473000,0.01455000,0.01464000,863498.80000000,1750294799999999,12658.43570700,175,379149.00000000,5558.21699300,0
1750294800000000,0.01463000,0.01465000,0.01452000,0.01454000,999998.20000000,1750298399999999,14560.69461200,159,544437.20000000,7927.30378600,0
1750298400000000,0.01455000,0.01457000,0.01448000,0.01450000,532074.10000000,1750301999999999,7725.34719800,112,240305.90000000,3491.73500000,0
1750302000000000,0.01450000,0.01459000,0.01450000,0.01459000,302394.10000000,1750305599999999,4396.83360500,85,156319.80000000,2272.92511200,0
1750305600000000,0.01458000,0.01460000,0.01451000,0.01458000,2062986.00000000,1750309199999999,30015.52249400,178,621305.60000000,9049.55576400,0
1750309200000000,0.01458000,0.01463000,0.01450000,0.01452000,859655.60000000,1750312799999999,12526.87636700,159,372211.10000000,5433.09799700,0
1750312800000000,0.01451000,0.01455000,0.01443000,0.01445000,407615.40000000,1750316399999999,5891.63866900,108,159025.50000000,2301.64442600,0
1750316400000000,0.01445000,0.01449000,0.01444000,0.01445000,576068.70000000,1750319999999999,8336.29918400,137,279084.80000000,4039.22402900,0
1750320000000000,0.01445000,0.01451000,0.01444000,0.01445000,642386.90000000,1750323599999999,9299.74530000,161,298800.80000000,4327.97391800,0
1750323600000000,0.01445000,0.01458000,0.01444000,0.01455000,507092.50000000,1750327199999999,7352.48468200,131,332300.40000000,4819.49126700,0
1750327200000000,0.01455000,0.01457000,0.01446000,0.01453000,7372147.60000000,1750330799999999,107039.92763100,403,2382365.90000000,34600.24494600,0
1750330800000000,0.01453000,0.01453000,0.01444000,0.01444000,984485.80000000,1750334399999999,14254.90063900,102,254702.50000000,3687.26071300,0
1750334400000000,0.01446000,0.01451000,0.01443000,0.01446000,963376.20000000,1750337999999999,13932.28247100,125,655132.20000000,9474.10155800,0
1750338000000000,0.01447000,0.01450000,0.01438000,0.01439000,1515102.60000000,1750341599999999,21895.18990400,195,570543.50000000,8247.54138400,0
1750341600000000,0.01438000,0.01445000,0.01433000,0.01436000,1785996.90000000,1750345199999999,25709.89957400,199,1007557.70000000,14512.65314600,0
1750345200000000,0.01437000,0.01445000,0.01434000,0.01441000,1870119.80000000,1750348799999999,26924.04711600,195,753024.50000000,10848.95345400,0
1750348800000000,0.01441000,0.01450000,0.01439000,0.01450000,5646874.70000000,1750352399999999,81717.82327600,510,3697981.50000000,53522.75180000,0
1750352400000000,0.01451000,0.01484000,0.01448000,0.01478000,10245843.50000000,1750355999999999,149804.01624600,891,6003877.40000000,87927.28270500,0
1750356000000000,0.01477000,0.01489000,0.01473000,0.01477000,3169727.20000000,1750359599999999,46946.29735600,293,2022476.20000000,29989.76738500,0
1750359600000000,0.01477000,0.01486000,0.01477000,0.01484000,1032267.90000000,1750363199999999,15293.13959600,124,593779.10000000,8797.63548800,0
1750363200000000,0.01484000,0.01505000,0.01483000,0.01500000,6928078.10000000,1750366799999999,103681.11230000,845,3241934.30000000,48547.24291300,0
1750366800000000,0.01499000,0.01516000,0.01486000,0.01514000,18749190.90000000,1750370399999999,280751.43831100,1308,10499211.90000000,157350.55536200,0
1750370400000000,0.01516000,0.01522000,0.01499000,0.01503000,9153180.00000000,1750373999999999,138347.05900500,743,4121602.40000000,62349.26960800,0
1750374000000000,0.01503000,0.01512000,0.01494000,0.01511000,3140208.80000000,1750377599999999,47222.02752500,324,1415614.40000000,21312.80721800,0
1750377600000000,0.01511000,0.01540000,0.01504000,0.01531000,10906578.30000000,1750381199999999,166224.96357200,930,6432414.30000000,98116.94186700,0
1750381200000000,0.01530000,0.01546000,0.01518000,0.01545000,4291249.80000000,1750384799999999,65883.09775800,394,2375078.20000000,36481.39798200,0
1750384800000000,0.01545000,0.01564000,0.01534000,0.01553000,14283893.00000000,1750388399999999,221551.94290900,1565,8577168.90000000,133108.57162600,0
1750388400000000,0.01552000,0.01567000,0.01537000,0.01552000,12541771.90000000,1750391999999999,194699.02702400,1197,5659546.20000000,87909.76172300,0
1750392000000000,0.01552000,0.01563000,0.01520000,0.01522000,15509517.30000000,1750395599999999,238941.01840500,1183,5446004.00000000,83961.92875900,0
1750395600000000,0.01522000,0.01530000,0.01514000,0.01523000,6932939.80000000,1750399199999999,105387.20194800,647,2933252.70000000,44594.71425600,0
1750399200000000,0.01524000,0.01529000,0.01499000,0.01504000,9941603.70000000,1750402799999999,150176.60967500,824,4076982.10000000,61566.25152100,0
1750402800000000,0.01505000,0.01524000,0.01500000,0.01520000,6695194.20000000,1750406399999999,101336.71296900,655,3873470.50000000,58661.23526700,0
1750406400000000,0.01519000,0.01523000,0.01510000,0.01513000,3815444.00000000,1750409999999999,57884.53758500,351,1856204.20000000,28166.60302100,0
1750410000000000,0.01513000,0.01521000,0.01512000,0.01515000,2520698.60000000,1750413599999999,38204.17284200,195,890244.20000000,13485.45481000,0
1750413600000000,0.01514000,0.01526000,0.01512000,0.01516000,4943308.00000000,1750417199999999,75087.23273600,457,2734246.30000000,41541.16424200,0
1750417200000000,0.01516000,0.01525000,0.01516000,0.01523000,1759340.70000000,1750420799999999,26753.57907000,232,1188707.80000000,18078.08294300,0
1750420800000000,0.01524000,0.01527000,0.01516000,0.01516000,951859.80000000,1750424399999999,14482.09950700,164,348000.80000000,5296.78047200,0
1750424400000000,0.01517000,0.01521000,0.01505000,0.01510000,3995745.20000000,1750427999999999,60489.09282200,433,1523627.90000000,23075.58354600,0
1750428000000000,0.01510000,0.01513000,0.01481000,0.01481000,5638697.90000000,1750431599999999,84429.56453800,516,2048757.90000000,30677.21109100,0
1750431600000000,0.01481000,0.01488000,0.01470000,0.01472000,4079452.80000000,1750435199999999,60352.14759400,437,2234581.80000000,33058.19278700,0
1750435200000000,0.01471000,0.01473000,0.01452000,0.01454000,4899397.60000000,1750438799999999,71550.62504400,560,2487843.40000000,36369.72473300,0
1750438800000000,0.01455000,0.01457000,0.01417000,0.01449000,10843857.90000000,1750442399999999,155398.05394500,1183,4926353.70000000,70613.61989900,0
1750442400000000,0.01447000,0.01459000,0.01446000,0.01454000,2063001.60000000,1750445999999999,29971.26742300,225,828283.10000000,12037.80838100,0
1750446000000000,0.01454000,0.01456000,0.01448000,0.01454000,1250128.80000000,1750449599999999,18151.98621500,149,637734.40000000,9264.27677200,0
1750449600000000,0.01453000,0.01463000,0.01452000,0.01455000,715999.00000000,1750453199999999,10438.32454700,160,249654.40000000,3637.37280500,0
1750453200000000,0.01455000,0.01455000,0.01444000,0.01445000,915477.90000000,1750456799999999,13286.05962500,143,448248.60000000,6506.90366800,0
1750456800000000,0.01443000,0.01443000,0.01430000,0.01433000,1463242.00000000,1750460399999999,21002.36905800,214,778632.70000000,11175.63880000,0
1750460400000000,0.01432000,0.01438000,0.01428000,0.01438000,816661.60000000,1750463999999999,11703.78923200,124,256495.00000000,3676.36526200,0
1750464000000000,0.01438000,0.01446000,0.01434000,0.01440000,1257743.90000000,1750467599999999,18114.31636500,199,601487.00000000,8663.94434100,0
1750467600000000,0.01439000,0.01457000,0.01439000,0.01453000,621130.10000000,1750471199999999,8995.88881600,112,422213.10000000,6113.80752600,0
1750471200000000,0.01453000,0.01456000,0.01451000,0.01453000,534378.10000000,1750474799999999,7769.18451700,93,352098.10000000,5119.19698600,0
1750474800000000,0.01455000,0.01467000,0.01455000,0.01464000,617074.40000000,1750478399999999,9017.47224100,105,388058.50000000,5669.14200700,0
1750478400000000,0.01463000,0.01466000,0.01458000,0.01460000,961136.50000000,1750481999999999,14049.14371100,139,613419.10000000,8967.04760900,0
1750482000000000,0.01461000,0.01466000,0.01459000,0.01466000,175919.20000000,1750485599999999,2574.14152400,36,104048.70000000,1522.44416200,0
1750485600000000,0.01466000,0.01468000,0.01459000,0.01459000,743970.50000000,1750489199999999,10872.55843600,107,284705.30000000,4160.98975900,0
1750489200000000,0.01458000,0.01458000,0.01452000,0.01454000,509837.00000000,1750492799999999,7418.24799400,79,247481.00000000,3602.62475500,0
1750492800000000,0.01455000,0.01462000,0.01453000,0.01461000,500518.30000000,1750496399999999,7289.02908700,64,202194.70000000,2946.52436100,0
1750496400000000,0.01461000,0.01461000,0.01451000,0.01455000,721120.70000000,1750499999999999,10486.59419200,76,309846.40000000,4504.60114400,0
1750500000000000,0.01456000,0.01460000,0.01447000,0.01447000,1460327.20000000,1750503599999999,21232.77172600,144,559299.20000000,8136.97914200,0
1750503600000000,0.01447000,0.01456000,0.01446000,0.01449000,491874.70000000,1750507199999999,7142.86518200,83,278594.80000000,4046.90391700,0
1750507200000000,0.01450000,0.01455000,0.01444000,0.01445000,855788.40000000,1750510799999999,12391.85533200,108,372953.70000000,5403.65505800,0
1750510800000000,0.01444000,0.01449000,0.01427000,0.01430000,1930439.10000000,1750514399999999,27771.76712100,216,996664.20000000,14336.31928800,0
1750514400000000,0.01430000,0.01438000,0.01423000,0.01430000,2345925.30000000,1750517999999999,33526.55940600,318,1325008.10000000,18935.98520700,0
1750518000000000,0.01431000,0.01433000,0.01412000,0.01422000,2196843.90000000,1750521599999999,31206.99712400,303,916494.10000000,13029.55045600,0
1750521600000000,0.01422000,0.01431000,0.01419000,0.01423000,1535046.20000000,1750525199999999,21871.54727700,214,792620.00000000,11298.62559800,0
1750525200000000,0.01423000,0.01429000,0.01403000,0.01406000,3664263.20000000,1750528799999999,51686.22438900,343,1544864.30000000,21794.31487600,0
1750528800000000,0.01406000,0.01413000,0.01397000,0.01400000,1957973.10000000,1750532399999999,27471.41290600,300,817250.80000000,11471.67554900,0
1750532400000000,0.01399000,0.01403000,0.01370000,0.01371000,14804450.80000000,1750535999999999,205162.95061800,1098,4471778.80000000,62190.23224200,0
1750536000000000,0.01371000,0.01374000,0.01361000,0.01369000,6706818.00000000,1750539599999999,91752.85900100,777,3364805.10000000,46045.72374100,0
1750539600000000,0.01369000,0.01371000,0.01308000,0.01336000,20253620.40000000,1750543199999999,270190.35899500,1743,6676843.80000000,88856.25074200,0
1750543200000000,0.01336000,0.01344000,0.01332000,0.01343000,6318861.70000000,1750546799999999,84595.71519100,762,3394553.10000000,45482.52809200,0
1750546800000000,0.01343000,0.01353000,0.01322000,0.01353000,10531891.00000000,1750550399999999,140651.72721100,1168,6204820.20000000,82873.96453200,0
1750550400000000,0.01352000,0.01368000,0.01336000,0.01365000,5493832.80000000,1750553999999999,74434.87238200,631,3122505.00000000,42331.32201200,0
1750554000000000,0.01365000,0.01370000,0.01353000,0.01353000,2887985.00000000,1750557599999999,39289.69208300,267,1440313.00000000,19594.58521100,0
1750557600000000,0.01353000,0.01361000,0.01336000,0.01342000,3612558.80000000,1750561199999999,48687.62642700,355,1863402.20000000,25137.76982900,0
1750561200000000,0.01341000,0.01347000,0.01333000,0.01342000,2076533.00000000,1750564799999999,27827.67220000,245,772875.60000000,10359.01084100,0
1750564800000000,0.01342000,0.01354000,0.01340000,0.01350000,2110246.50000000,1750568399999999,28444.53049600,275,1224571.40000000,16494.18404700,0
1750568400000000,0.01349000,0.01358000,0.01349000,0.01358000,1076024.60000000,1750571999999999,14555.99733300,166,670118.60000000,9063.81387900,0
1750572000000000,0.01357000,0.01366000,0.01355000,0.01364000,847961.30000000,1750575599999999,11541.31826300,131,499861.30000000,6800.70882600,0
1750575600000000,0.01362000,0.01365000,0.01348000,0.01353000,1227695.30000000,1750579199999999,16649.00979700,159,523618.00000000,7101.84170600,0
1750579200000000,0.01352000,0.01353000,0.01335000,0.01340000,4010067.40000000,1750582799999999,53900.98339800,451,1129041.90000000,15175.90022300,0
1750582800000000,0.01341000,0.01345000,0.01326000,0.01329000,3911529.60000000,1750586399999999,52127.37109100,587,2325730.60000000,30995.08347700,0
1750586400000000,0.01329000,0.01343000,0.01329000,0.01338000,1545808.10000000,1750589999999999,20650.55684300,290,760631.60000000,10168.59845900,0
1750590000000000,0.01338000,0.01347000,0.01335000,0.01343000,1821358.10000000,1750593599999999,24406.59201300,268,913369.30000000,12241.40865900,0
1750593600000000,0.01342000,0.01352000,0.01334000,0.01350000,3645136.60000000,1750597199999999,48974.39624100,508,1926922.20000000,25917.10265800,0
1750597200000000,0.01351000,0.01353000,0.01294000,0.01307000,15294105.10000000,1750600799999999,200498.22150900,1960,6510563.80000000,85296.52461800,0
1750600800000000,0.01307000,0.01313000,0.01279000,0.01302000,10682388.70000000,1750604399999999,138275.15100200,1664,4970609.30000000,64404.19533000,0
1750604400000000,0.01303000,0.01303000,0.01282000,0.01284000,6423784.60000000,1750607999999999,83192.27976300,786,3371160.20000000,43710.21972800,0
1750608000000000,0.01285000,0.01286000,0.01269000,0.01278000,8982875.80000000,1750611599999999,114667.18530600,822,2849214.30000000,36384.65157200,0
1750611600000000,0.01278000,0.01295000,0.01274000,0.01282000,10752830.20000000,1750615199999999,137956.14147600,674,2929452.00000000,37644.45875000,0
1750615200000000,0.01284000,0.01290000,0.01276000,0.01281000,2596649.10000000,1750618799999999,33340.53656000,306,1473079.70000000,18919.66707500,0
1750618800000000,0.01282000,0.01289000,0.01275000,0.01279000,2787627.70000000,1750622399999999,35682.36668200,353,1526938.30000000,19549.70741400,0
1750622400000000,0.01280000,0.01280000,0.01243000,0.01274000,10089954.00000000,1750625999999999,127241.98018300,1092,4659873.10000000,58722.23202300,0
1750626000000000,0.01274000,0.01283000,0.01266000,0.01268000,3036163.10000000,1750629599999999,38719.94589500,324,1610401.70000000,20537.76482600,0
1750629600000000,0.01268000,0.01297000,0.01268000,0.01296000,3860257.00000000,1750633199999999,49580.71093500,342,1945432.20000000,24986.49107400,0
1750633200000000,0.01297000,0.01298000,0.01290000,0.01295000,1478179.50000000,1750636799999999,19130.57651600,183,709667.50000000,9185.28804400,0
1750636800000000,0.01296000,0.01304000,0.01288000,0.01289000,3026882.20000000,1750640399999999,39301.64572000,347,1322748.60000000,17184.39848000,0
1750640400000000,0.01289000,0.01292000,0.01279000,0.01291000,2471161.60000000,1750643999999999,31731.80715600,277,1316453.50000000,16909.33070400,0
1750644000000000,0.01290000,0.01294000,0.01286000,0.01291000,1417436.20000000,1750647599999999,18288.45226200,241,716946.70000000,9247.70695000,0
1750647600000000,0.01290000,0.01294000,0.01286000,0.01287000,2514346.20000000,1750651199999999,32423.26703600,386,1031782.80000000,13307.82696000,0
1750651200000000,0.01289000,0.01296000,0.01289000,0.01291000,1627397.70000000,1750654799999999,21029.42506000,203,622844.30000000,8053.56292200,0
1750654800000000,0.01292000,0.01296000,0.01289000,0.01292000,2505291.40000000,1750658399999999,32373.13983900,238,1502591.90000000,19422.13907700,0
1750658400000000,0.01292000,0.01294000,0.01290000,0.01293000,3082272.70000000,1750661999999999,39836.90658900,298,1570559.40000000,20302.96547600,0
1750662000000000,0.01293000,0.01304000,0.01293000,0.01303000,4040123.70000000,1750665599999999,52576.59611500,348,1530383.10000000,19914.40201300,0
1750665600000000,0.01303000,0.01309000,0.01295000,0.01298000,2911204.30000000,1750669199999999,37864.09047100,355,1897914.20000000,24685.16666800,0
1750669200000000,0.01299000,0.01300000,0.01294000,0.01299000,1978243.00000000,1750672799999999,25662.18051800,204,1260633.90000000,16359.23875500,0
1750672800000000,0.01300000,0.01300000,0.01291000,0.01294000,1027681.90000000,1750676399999999,13323.03213700,153,708817.90000000,9193.65605300,0
1750676400000000,0.01294000,0.01307000,0.01292000,0.01303000,3449093.80000000,1750679999999999,44790.67161700,295,2331917.20000000,30281.52736000,0
1750680000000000,0.01304000,0.01314000,0.01298000,0.01314000,2018087.20000000,1750683599999999,26339.38322200,233,1059637.70000000,13835.32567300,0
1750683600000000,0.01314000,0.01331000,0.01294000,0.01331000,6328661.50000000,1750687199999999,83314.49566400,518,3857408.10000000,50768.02093200,0
1750687200000000,0.01332000,0.01338000,0.01317000,0.01320000,4076279.50000000,1750690799999999,54102.44052800,340,1828261.10000000,24270.39940200,0
1750690800000000,0.01320000,0.01326000,0.01306000,0.01309000,1942850.40000000,1750694399999999,25582.76954600,179,1083410.80000000,14257.79961500,0
1750694400000000,0.01309000,0.01312000,0.01287000,0.01294000,7782437.50000000,1750697999999999,101108.39303400,481,4808315.20000000,62476.96972600,0
1750698000000000,0.01294000,0.01334000,0.01292000,0.01331000,7466859.70000000,1750701599999999,98702.23288900,457,3861062.50000000,51015.19517600,0
1750701600000000,0.01332000,0.01349000,0.01332000,0.01348000,5015512.40000000,1750705199999999,67210.44074800,444,2304566.50000000,30868.99836400,0
1750705200000000,0.01347000,0.01359000,0.01344000,0.01356000,3662397.90000000,1750708799999999,49497.87865800,313,2187986.60000000,29586.71118900,0
1750708800000000,0.01359000,0.01379000,0.01357000,0.01373000,7724112.70000000,1750712399999999,106008.84154300,526,3793173.20000000,52140.78552900,0
1750712400000000,0.01375000,0.01380000,0.01369000,0.01372000,3300967.40000000,1750715999999999,45330.66044500,242,1419993.00000000,19512.88989100,0
1750716000000000,0.01373000,0.01414000,0.01373000,0.01403000,15800594.10000000,1750719599999999,221360.15002600,1122,7885103.70000000,110515.81864800,0
1750719600000000,0.01404000,0.01425000,0.01401000,0.01418000,13478101.10000000,1750723199999999,190690.93917100,850,9133232.10000000,129253.94528600,0
1750723200000000,0.01419000,0.01432000,0.01416000,0.01424000,3375552.20000000,1750726799999999,48080.25917400,299,1649719.90000000,23489.99607700,0
1750726800000000,0.01425000,0.01431000,0.01422000,0.01428000,2274449.80000000,1750730399999999,32456.14273400,182,1203709.80000000,17177.57933700,0
1750730400000000,0.01426000,0.01427000,0.01417000,0.01419000,1316431.30000000,1750733999999999,18704.40711300,160,788204.20000000,11201.37227500,0
1750734000000000,0.01418000,0.01424000,0.01418000,0.01423000,1353733.60000000,1750737599999999,19226.66998900,136,603482.20000000,8571.38934500,0
1750737600000000,0.01423000,0.01429000,0.01420000,0.01428000,2824628.60000000,1750741199999999,40265.52962400,303,1358093.60000000,19368.90040400,0
1750741200000000,0.01429000,0.01446000,0.01427000,0.01445000,3138101.00000000,1750744799999999,45075.11077800,265,1566079.10000000,22500.47112800,0
1750744800000000,0.01445000,0.01452000,0.01441000,0.01448000,2802086.90000000,1750748399999999,40537.46251200,325,1560866.30000000,22594.43451000,0
1750748400000000,0.01447000,0.01449000,0.01432000,0.01433000,2981969.80000000,1750751999999999,42959.39901000,418,1290225.00000000,18573.03654000,0
1750752000000000,0.01433000,0.01434000,0.01423000,0.01429000,5564202.80000000,1750755599999999,79429.72557600,488,1875106.90000000,26799.59641100,0
1750755600000000,0.01430000,0.01440000,0.01425000,0.01431000,1746623.10000000,1750759199999999,24984.95915300,195,945510.70000000,13524.72412600,0
1750759200000000,0.01432000,0.01432000,0.01424000,0.01429000,1358888.50000000,1750762799999999,19398.93690100,165,854596.00000000,12200.10344200,0
1750762800000000,0.01429000,0.01431000,0.01421000,0.01429000,1420273.50000000,1750766399999999,20269.27289200,200,595934.10000000,8505.55399400,0
1750766400000000,0.01429000,0.01433000,0.01425000,0.01428000,2306273.60000000,1750769999999999,32934.69201900,237,813372.40000000,11613.70932300,0
1750770000000000,0.01428000,0.01434000,0.01422000,0.01430000,2944148.80000000,1750773599999999,42040.21594300,285,1444776.00000000,20635.37811700,0
1750773600000000,0.01430000,0.01438000,0.01428000,0.01428000,3606941.80000000,1750777199999999,51629.44854100,331,2004786.40000000,28695.60520800,0
1750777200000000,0.01431000,0.01432000,0.01419000,0.01423000,1817910.80000000,1750780799999999,25922.31863500,213,725536.60000000,10342.26935600,0
1750780800000000,0.01425000,0.01446000,0.01419000,0.01445000,3535828.30000000,1750784399999999,50763.78850900,319,2256247.00000000,32417.36625700,0
1750784400000000,0.01446000,0.01447000,0.01428000,0.01437000,2613405.70000000,1750787999999999,37537.22575500,479,1051228.10000000,15107.28264700,0
1750788000000000,0.01437000,0.01439000,0.01425000,0.01432000,3959046.90000000,1750791599999999,56716.61917500,581,2439134.30000000,34940.45658200,0
1750791600000000,0.01432000,0.01435000,0.01424000,0.01432000,1578661.40000000,1750795199999999,22584.88547500,270,921014.90000000,13178.29453400,0
1750795200000000,0.01432000,0.01435000,0.01424000,0.01434000,1855301.40000000,1750798799999999,26515.70959100,195,594341.10000000,8493.29346200,0
1750798800000000,0.01434000,0.01441000,0.01430000,0.01441000,1044872.90000000,1750802399999999,14996.88569600,196,610162.50000000,8757.75909200,0
1750802400000000,0.01442000,0.01444000,0.01434000,0.01439000,3792261.20000000,1750805999999999,54614.88214100,219,1632463.30000000,23493.15547200,0
1750806000000000,0.01438000,0.01443000,0.01429000,0.01443000,1336516.80000000,1750809599999999,19157.76839500,248,833496.30000000,11952.28798300,0
1750809600000000,0.01443000,0.01453000,0.01430000,0.01436000,9247244.90000000,1750813199999999,133188.85273100,632,3105782.50000000,44720.51446300,0
1750813200000000,0.01436000,0.01439000,0.01427000,0.01431000,2397176.60000000,1750816799999999,34337.33261900,308,842873.40000000,12067.85133800,0
1750816800000000,0.01430000,0.01435000,0.01428000,0.01429000,1527702.40000000,1750820399999999,21861.43824100,262,691597.00000000,9897.89889000,0
1750820400000000,0.01429000,0.01433000,0.01425000,0.01425000,1726093.60000000,1750823999999999,24684.94577800,214,390859.90000000,5589.68098800,0
1750824000000000,0.01425000,0.01427000,0.01419000,0.01422000,988954.60000000,1750827599999999,14075.66684900,151,636550.90000000,9058.06561600,0
1750827600000000,0.01421000,0.01425000,0.01417000,0.01421000,1073511.40000000,1750831199999999,15261.13684700,159,668458.60000000,9502.51899400,0
1750831200000000,0.01421000,0.01430000,0.01419000,0.01428000,404894.30000000,1750834799999999,5762.80325600,101,212806.40000000,3025.48718200,0
1750834800000000,0.01429000,0.01435000,0.01425000,0.01432000,2510822.20000000,1750838399999999,35886.93122100,259,1101508.60000000,15754.18674000,0
1750838400000000,0.01432000,0.01433000,0.01415000,0.01422000,1390450.80000000,1750841999999999,19787.41824300,158,302209.80000000,4299.89062600,0
1750842000000000,0.01421000,0.01426000,0.01409000,0.01414000,2874319.50000000,1750845599999999,40697.38028400,379,1338897.80000000,18944.06910700,0
1750845600000000,0.01413000,0.01422000,0.01408000,0.01420000,2887343.40000000,1750849199999999,40881.78748300,345,1395098.60000000,19750.40890700,0
1750849200000000,0.01420000,0.01426000,0.01415000,0.01425000,1561668.40000000,1750852799999999,22190.51875900,237,836732.90000000,11888.90478000,0
1750852800000000,0.01426000,0.01426000,0.01414000,0.01422000,1630959.00000000,1750856399999999,23182.65741800,192,567163.30000000,8059.49631900,0
1750856400000000,0.01421000,0.01438000,0.01418000,0.01433000,4165367.70000000,1750859999999999,59571.65938000,559,1944923.60000000,27827.78277400,0
1750860000000000,0.01434000,0.01436000,0.01405000,0.01422000,3204469.90000000,1750863599999999,45594.04848700,409,1432425.00000000,20384.16237900,0
1750863600000000,0.01421000,0.01421000,0.01399000,0.01401000,3197090.20000000,1750867199999999,44985.71348300,409,1112488.00000000,15670.89465900,0
1750867200000000,0.01402000,0.01407000,0.01391000,0.01393000,6228780.60000000,1750870799999999,87228.08370100,430,3152846.60000000,44159.37417700,0
1750870800000000,0.01393000,0.01411000,0.01393000,0.01407000,2948847.00000000,1750874399999999,41373.74314900,401,1358901.20000000,19067.35494800,0
1750874400000000,0.01406000,0.01408000,0.01399000,0.01403000,477696.50000000,1750877999999999,6703.72893800,70,187037.00000000,2625.15149200,0
1750878000000000,0.01403000,0.01409000,0.01403000,0.01406000,1295041.40000000,1750881599999999,18217.14916800,147,747817.00000000,10519.04821200,0
1750881600000000,0.01407000,0.01411000,0.01405000,0.01411000,1652395.10000000,1750885199999999,23271.10775600,146,838480.10000000,11817.11384500,0
1750885200000000,0.01412000,0.01416000,0.01400000,0.01402000,2823507.90000000,1750888799999999,39654.79596500,170,1381974.80000000,19415.44106500,0
1750888800000000,0.01399000,0.01403000,0.01394000,0.01396000,1674856.00000000,1750892399999999,23429.74650000,195,809493.80000000,11324.39275300,0
1750892400000000,0.01394000,0.01402000,0.01392000,0.01400000,718816.90000000,1750895999999999,10042.76001800,87,364131.50000000,5089.02520200,0
1750896000000000,0.01400000,0.01404000,0.01395000,0.01397000,2641179.50000000,1750899599999999,36952.32019400,277,1272843.70000000,17812.23178400,0
1750899600000000,0.01399000,0.01417000,0.01394000,0.01411000,2455634.20000000,1750903199999999,34558.50469200,330,1291352.10000000,18132.44437200,0
1750903200000000,0.01411000,0.01424000,0.01409000,0.01424000,2053029.80000000,1750906799999999,29095.46831400,291,1502708.60000000,21288.16586900,0
1750906800000000,0.01426000,0.01435000,0.01415000,0.01417000,4106065.90000000,1750910399999999,58468.76829000,367,1670497.90000000,23763.42830800,0
1750910400000000,0.01418000,0.01420000,0.01405000,0.01409000,961525.60000000,1750913999999999,13587.06543300,112,488844.80000000,6905.80658200,0
1750914000000000,0.01410000,0.01410000,0.01400000,0.01402000,933162.60000000,1750917599999999,13105.42689500,125,351077.20000000,4929.16468300,0
1750917600000000,0.01402000,0.01417000,0.01402000,0.01416000,2049084.40000000,1750921199999999,28884.37903100,233,1086015.10000000,15315.30772900,0
1750921200000000,0.01414000,0.01426000,0.01413000,0.01419000,2036175.50000000,1750924799999999,28934.99238900,243,811992.80000000,11540.66719300,0
1750924800000000,0.01420000,0.01424000,0.01413000,0.01414000,1179366.60000000,1750928399999999,16737.95182200,186,683284.90000000,9699.01893200,0
1750928400000000,0.01413000,0.01414000,0.01396000,0.01399000,1835619.00000000,1750931999999999,25777.43550600,172,600601.50000000,8413.14309600,0
1750932000000000,0.01399000,0.01405000,0.01397000,0.01399000,2257669.80000000,1750935599999999,31623.33570600,229,1077834.90000000,15105.24211000,0
1750935600000000,0.01399000,0.01399000,0.01392000,0.01393000,1732073.90000000,1750939199999999,24173.31116300,199,821992.80000000,11472.93459500,0
1750939200000000,0.01392000,0.01392000,0.01364000,0.01367000,4015578.40000000,1750942799999999,55334.84754600,421,1693920.10000000,23353.35060600,0
1750942800000000,0.01367000,0.01367000,0.01347000,0.01350000,5532964.50000000,1750946399999999,75070.50104400,486,1669482.50000000,22671.25250600,0
1750946400000000,0.01351000,0.01374000,0.01347000,0.01365000,2657834.50000000,1750949999999999,36131.96564700,343,1368321.30000000,18617.07136900,0
1750950000000000,0.01364000,0.01370000,0.01354000,0.01365000,2144707.10000000,1750953599999999,29235.62372600,232,1040891.60000000,14187.28002900,0
1750953600000000,0.01364000,0.01367000,0.01356000,0.01360000,1589762.20000000,1750957199999999,21648.15067900,284,723757.00000000,9857.19515000,0
1750957200000000,0.01359000,0.01369000,0.01358000,0.01358000,979200.70000000,1750960799999999,13345.14961900,171,451108.60000000,6147.78262000,0
1750960800000000,0.01359000,0.01370000,0.01358000,0.01369000,1955482.10000000,1750964399999999,26685.35664900,311,1224437.40000000,16717.52415900,0
1750964400000000,0.01369000,0.01409000,0.01368000,0.01383000,5438349.80000000,1750967999999999,75527.15557400,566,3614069.50000000,50214.93380900,0
1750968000000000,0.01381000,0.01402000,0.01381000,0.01395000,3888534.90000000,1750971599999999,54153.97360600,395,2722882.90000000,37907.78637300,0
1750971600000000,0.01395000,0.01395000,0.01376000,0.01386000,2244196.60000000,1750975199999999,31096.49287900,293,497388.50000000,6888.72535700,0
1750975200000000,0.01385000,0.01391000,0.01377000,0.01379000,1243085.90000000,1750978799999999,17202.66062000,126,642844.90000000,8907.43386200,0
1750978800000000,0.01378000,0.01378000,0.01372000,0.01377000,860928.10000000,1750982399999999,11833.12285200,116,224557.90000000,3087.40507200,0
1750982400000000,0.01376000,0.01379000,0.01362000,0.01362000,1139272.60000000,1750985999999999,15608.58946500,114,436372.20000000,5979.28302600,0
1750986000000000,0.01362000,0.01380000,0.01356000,0.01379000,1763483.20000000,1750989599999999,24093.86790000,225,838143.40000000,11448.35590300,0
1750989600000000,0.01376000,0.01389000,0.01376000,0.01389000,1389333.90000000,1750993199999999,19227.91935200,160,951425.40000000,13171.40655100,0
1750993200000000,0.01389000,0.01391000,0.01385000,0.01387000,740352.70000000,1750996799999999,10280.64153500,72,448422.60000000,6228.03901600,0
1750996800000000,0.01387000,0.01387000,0.01383000,0.01386000,581945.90000000,1751000399999999,8056.76789200,125,239018.20000000,3309.50266700,0
1751000400000000,0.01384000,0.01394000,0.01381000,0.01382000,1185118.00000000,1751003999999999,16432.18545900,130,684930.00000000,9501.59054700,0
1751004000000000,0.01381000,0.01390000,0.01380000,0.01386000,557566.30000000,1751007599999999,7731.19575200,104,321459.60000000,4460.61684700,0
1751007600000000,0.01385000,0.01392000,0.01373000,0.01374000,941846.00000000,1751011199999999,13007.47131800,167,293597.20000000,4067.70422600,0
1751011200000000,0.01374000,0.01387000,0.01371000,0.01383000,1551266.50000000,1751014799999999,21357.84260800,170,507803.70000000,7001.76161600,0
1751014800000000,0.01383000,0.01385000,0.01377000,0.01379000,733371.90000000,1751018399999999,10124.01341000,104,360416.00000000,4974.75231500,0
1751018400000000,0.01381000,0.01381000,0.01372000,0.01372000,653769.40000000,1751021999999999,8986.89760300,96,272314.20000000,3745.10210500,0
1751022000000000,0.01372000,0.01376000,0.01370000,0.01373000,588286.60000000,1751025599999999,8075.55869500,127,301043.90000000,4132.06740900,0
1751025600000000,0.01374000,0.01383000,0.01366000,0.01367000,1939913.10000000,1751029199999999,26657.18806400,252,593653.70000000,8162.24562600,0
1751029200000000,0.01369000,0.01388000,0.01366000,0.01388000,16423267.50000000,1751032799999999,226479.41379800,1022,5381645.10000000,74206.10996100,0
1751032800000000,0.01389000,0.01397000,0.01381000,0.01381000,6130248.50000000,1751036399999999,85214.95337800,487,4030383.00000000,56075.20802300,0
1751036400000000,0.01381000,0.01396000,0.01379000,0.01392000,1231405.80000000,1751039999999999,17081.61151900,194,668653.70000000,9269.00125600,0
1751040000000000,0.01393000,0.01408000,0.01389000,0.01400000,2530604.00000000,1751043599999999,35470.51262300,243,1802304.10000000,25282.01033900,0
1751043600000000,0.01399000,0.01399000,0.01378000,0.01385000,1756472.60000000,1751047199999999,24341.16892900,207,792402.10000000,10983.86146700,0
1751047200000000,0.01384000,0.01385000,0.01370000,0.01373000,1740602.00000000,1751050799999999,23912.56005400,166,525064.70000000,7215.05917100,0
1751050800000000,0.01373000,0.01380000,0.01373000,0.01379000,624581.20000000,1751054399999999,8602.92043000,80,336489.30000000,4636.19149200,0
1751054400000000,0.01378000,0.01386000,0.01376000,0.01385000,706007.20000000,1751057999999999,9755.24280600,84,357160.00000000,4937.19490100,0
1751058000000000,0.01385000,0.01390000,0.01383000,0.01385000,580732.10000000,1751061599999999,8050.25654700,64,318756.50000000,4422.17456900,0
1751061600000000,0.01386000,0.01387000,0.01382000,0.01383000,399258.40000000,1751065199999999,5526.48214100,87,208531.60000000,2886.70762600,0
1751065200000000,0.01384000,0.01384000,0.01378000,0.01381000,1117462.90000000,1751068799999999,15428.68018000,205,698702.90000000,9647.67583400,0
1751068800000000,0.01382000,0.01385000,0.01380000,0.01382000,920573.70000000,1751072399999999,12720.91720000,128,226023.90000000,3124.45894400,0
1751072400000000,0.01381000,0.01382000,0.01374000,0.01382000,764111.60000000,1751075999999999,10531.29591800,124,522005.50000000,7196.97127100,0
1751076000000000,0.01381000,0.01382000,0.01379000,0.01379000,394220.00000000,1751079599999999,5441.76199800,77,231835.60000000,3200.98896700,0
1751079600000000,0.01379000,0.01380000,0.01375000,0.01378000,771807.30000000,1751083199999999,10638.03825600,180,373123.80000000,5143.47526100,0
1751083200000000,0.01378000,0.01380000,0.01376000,0.01376000,527265.50000000,1751086799999999,7264.00863300,140,195759.60000000,2697.54271600,0
1751086800000000,0.01377000,0.01381000,0.01376000,0.01379000,1472745.00000000,1751090399999999,20309.80795500,124,706002.90000000,9740.33854700,0
1751090400000000,0.01377000,0.01381000,0.01377000,0.01379000,587007.50000000,1751093999999999,8092.92622300,108,389876.50000000,5375.75176800,0
1751094000000000,0.01379000,0.01379000,0.01371000,0.01375000,1085788.10000000,1751097599999999,14920.36125100,156,343787.80000000,4726.24005500,0
1751097600000000,0.01375000,0.01377000,0.01369000,0.01370000,1132071.60000000,1751101199999999,15538.42439900,182,529392.50000000,7267.27268900,0
1751101200000000,0.01369000,0.01374000,0.01366000,0.01374000,703397.90000000,1751104799999999,9636.33622600,173,608141.80000000,8332.48024000,0
1751104800000000,0.01373000,0.01375000,0.01372000,0.01374000,626690.00000000,1751108399999999,8607.67701200,81,217308.10000000,2986.22022300,0
1751108400000000,0.01374000,0.01381000,0.01374000,0.01379000,992433.90000000,1751111999999999,13664.14612200,195,662878.20000000,9131.14482600,0
1751112000000000,0.01379000,0.01395000,0.01378000,0.01393000,3893686.90000000,1751115599999999,53954.44586300,477,2787691.80000000,38641.17282200,0
1751115600000000,0.01394000,0.01403000,0.01387000,0.01391000,3361593.50000000,1751119199999999,46895.34170500,558,2241084.20000000,31272.45857000,0
1751119200000000,0.01392000,0.01393000,0.01390000,0.01391000,522060.60000000,1751122799999999,7266.36537200,104,309104.00000000,4302.27749900,0
1751122800000000,0.01391000,0.01398000,0.01386000,0.01396000,1472359.60000000,1751126399999999,20469.51597800,233,812665.70000000,11303.66139800,0
1751126400000000,0.01398000,0.01403000,0.01392000,0.01392000,688835.80000000,1751129999999999,9627.80171700,94,284233.30000000,3974.12448800,0
1751130000000000,0.01392000,0.01405000,0.01390000,0.01402000,1238496.60000000,1751133599999999,17279.36041900,153,914103.40000000,12759.60053800,0
1751133600000000,0.01403000,0.01404000,0.01398000,0.01403000,1559346.00000000,1751137199999999,21856.66102600,139,879890.50000000,12332.37859600,0
1751137200000000,0.01403000,0.01403000,0.01395000,0.01395000,540721.30000000,1751140799999999,7565.51447700,76,316495.70000000,4428.86481500,0
1751140800000000,0.01396000,0.01399000,0.01392000,0.01396000,578476.00000000,1751144399999999,8073.45232900,92,114000.70000000,1592.40926300,0
1751144400000000,0.01395000,0.01403000,0.01395000,0.01400000,4904444.00000000,1751147999999999,68602.32572500,308,893668.50000000,12511.74572100,0
1751148000000000,0.01401000,0.01410000,0.01400000,0.01409000,989395.30000000,1751151599999999,13918.27693200,157,499229.90000000,7024.99407300,0
1751151600000000,0.01410000,0.01412000,0.01406000,0.01406000,1208349.30000000,1751155199999999,17022.77498100,151,363355.30000000,5123.56501800,0
1751155200000000,0.01408000,0.01411000,0.01406000,0.01408000,724150.50000000,1751158799999999,10199.30572400,171,339147.20000000,4777.43724700,0
1751158800000000,0.01408000,0.01410000,0.01401000,0.01401000,801612.30000000,1751162399999999,11276.17341100,100,231253.10000000,3254.96189600,0
1751162400000000,0.01401000,0.01401000,0.01397000,0.01400000,321491.10000000,1751165999999999,4497.41000200,53,40286.20000000,563.75052500,0
1751166000000000,0.01400000,0.01403000,0.01396000,0.01396000,1618487.40000000,1751169599999999,22631.26990800,109,518799.90000000,7263.12300200,0
1751169600000000,0.01395000,0.01403000,0.01395000,0.01400000,1022313.30000000,1751173199999999,14306.82323400,110,389680.40000000,5455.50547700,0
1751173200000000,0.01401000,0.01402000,0.01398000,0.01402000,263091.20000000,1751176799999999,3682.24456400,30,110938.80000000,1552.82456000,0
1751176800000000,0.01400000,0.01402000,0.01397000,0.01400000,371076.90000000,1751180399999999,5195.78052100,46,191515.30000000,2681.80496200,0
1751180400000000,0.01399000,0.01410000,0.01396000,0.01406000,4860575.40000000,1751183999999999,68250.31554100,218,3203984.40000000,44956.42503900,0
1751184000000000,0.01408000,0.01411000,0.01406000,0.01410000,1058285.30000000,1751187599999999,14907.74111100,124,254596.30000000,3585.67381900,0
1751187600000000,0.01411000,0.01415000,0.01408000,0.01410000,556486.30000000,1751191199999999,7854.49257900,100,228268.60000000,3224.08696100,0
1751191200000000,0.01409000,0.01410000,0.01403000,0.01406000,695675.90000000,1751194799999999,9778.88423500,92,297223.90000000,4182.07868600,0
1751194800000000,0.01405000,0.01407000,0.01400000,0.01402000,2462333.50000000,1751198399999999,34518.25380600,153,453568.90000000,6364.67404600,0
1751198400000000,0.01402000,0.01405000,0.01400000,0.01404000,838060.90000000,1751201999999999,11754.07185300,140,404072.40000000,5667.72650800,0
1751202000000000,0.01405000,0.01413000,0.01405000,0.01410000,1834010.80000000,1751205599999999,25842.65806400,176,1221623.10000000,17214.38774900,0
1751205600000000,0.01410000,0.01410000,0.01395000,0.01398000,1220210.10000000,1751209199999999,17118.72411800,138,361190.00000000,5067.49464000,0
1751209200000000,0.01396000,0.01396000,0.01387000,0.01390000,753340.60000000,1751212799999999,10475.95985500,159,466163.10000000,6482.30108200,0
1751212800000000,0.01390000,0.01396000,0.01388000,0.01394000,1587678.60000000,1751216399999999,22089.55980700,195,741630.50000000,10330.69555300,0
1751216400000000,0.01393000,0.01397000,0.01390000,0.01397000,1489852.60000000,1751219999999999,20747.34504800,176,482643.20000000,6722.11225700,0
1751220000000000,0.01396000,0.01403000,0.01393000,0.01403000,417024.40000000,1751223599999999,5824.06335300,103,204490.80000000,2855.81815800,0
1751223600000000,0.01404000,0.01406000,0.01402000,0.01405000,535036.00000000,1751227199999999,7513.35461900,56,350120.00000000,4917.69113700,0
1751227200000000,0.01406000,0.01408000,0.01403000,0.01403000,314220.30000000,1751230799999999,4417.35553500,60,120067.50000000,1688.34080500,0
1751230800000000,0.01404000,0.01411000,0.01398000,0.01410000,1330929.80000000,1751234399999999,18690.92922300,109,579516.40000000,8161.29507300,0
1751234400000000,0.01410000,0.01444000,0.01410000,0.01438000,5616968.60000000,1751237999999999,80476.90848900,762,2573351.40000000,36801.11009800,0
1751238000000000,0.01438000,0.01444000,0.01437000,0.01442000,3310720.50000000,1751241599999999,47665.38087000,368,1852823.20000000,26678.82299200,0
1751241600000000,0.01441000,0.01452000,0.01440000,0.01441000,2472836.00000000,1751245199999999,35714.10895000,368,1360125.60000000,19652.65472300,0
1751245200000000,0.01440000,0.01440000,0.01425000,0.01429000,786859.20000000,1751248799999999,11259.17708000,172,240704.00000000,3440.12682100,0
1751248800000000,0.01428000,0.01433000,0.01426000,0.01426000,318462.80000000,1751252399999999,4555.14971800,65,195668.50000000,2798.62097500,0
1751252400000000,0.01423000,0.01430000,0.01421000,0.01427000,392710.10000000,1751255999999999,5596.24719200,71,253833.50000000,3618.78437800,0
1751256000000000,0.01428000,0.01428000,0.01422000,0.01423000,462796.70000000,1751259599999999,6592.04960000,81,105793.10000000,1507.60538100,0
1751259600000000,0.01423000,0.01426000,0.01420000,0.01425000,596202.50000000,1751263199999999,8485.18562200,80,167651.00000000,2387.86712600,0
1751263200000000,0.01425000,0.01425000,0.01400000,0.01408000,1300463.50000000,1751266799999999,18404.20170100,169,527096.10000000,7444.53908000,0
1751266800000000,0.01407000,0.01417000,0.01407000,0.01416000,455916.80000000,1751270399999999,6450.02116500,78,246269.90000000,3484.50334200,0
1751270400000000,0.01415000,0.01417000,0.01405000,0.01405000,898652.30000000,1751273999999999,12691.90174800,85,192379.40000000,2714.07025100,0
1751274000000000,0.01405000,0.01409000,0.01379000,0.01385000,15023166.70000000,1751277599999999,209744.24466000,899,7613160.60000000,106292.38786900,0
1751277600000000,0.01384000,0.01391000,0.01383000,0.01388000,1660232.50000000,1751281199999999,23040.19122000,272,675184.00000000,9374.74024700,0
1751281200000000,0.01387000,0.01394000,0.01387000,0.01387000,914014.70000000,1751284799999999,12715.10962500,223,512830.50000000,7135.41166300,0
1751284800000000,0.01388000,0.01395000,0.01385000,0.01389000,2320777.40000000,1751288399999999,32271.44153200,283,1611759.00000000,22411.48350400,0
1751288400000000,0.01388000,0.01397000,0.01384000,0.01386000,2543595.00000000,1751291999999999,35334.16434300,302,1450934.80000000,20159.56226600,0
1751292000000000,0.01387000,0.01390000,0.01375000,0.01380000,2776056.70000000,1751295599999999,38389.82151200,293,1179996.90000000,16331.65689200,0
1751295600000000,0.01382000,0.01405000,0.01374000,0.01391000,4285809.20000000,1751299199999999,59443.11225500,562,1980892.90000000,27430.66381400,0
1751299200000000,0.01392000,0.01400000,0.01387000,0.01400000,1657688.40000000,1751302799999999,23111.11200400,165,852542.80000000,11891.24147500,0
1751302800000000,0.01399000,0.01404000,0.01389000,0.01394000,1611620.50000000,1751306399999999,22510.54917800,175,768098.90000000,10737.49046700,0
1751306400000000,0.01393000,0.01396000,0.01386000,0.01389000,493223.50000000,1751309999999999,6869.86970500,60,209784.90000000,2921.82320300,0
1751310000000000,0.01391000,0.01404000,0.01389000,0.01402000,1956679.80000000,1751313599999999,27310.94868000,208,869049.40000000,12153.85544700,0
1751313600000000,0.01401000,0.01403000,0.01390000,0.01392000,1886410.00000000,1751317199999999,26343.55576200,136,835622.30000000,11677.70714100,0
1751317200000000,0.01392000,0.01394000,0.01373000,0.01381000,4407159.10000000,1751320799999999,60980.25986100,367,1057848.60000000,14634.43446200,0
1751320800000000,0.01383000,0.01401000,0.01380000,0.01390000,7388853.60000000,1751324399999999,102742.07394600,447,3980540.20000000,55324.99760700,0
1751324400000000,0.01390000,0.01392000,0.01386000,0.01388000,1111613.90000000,1751327999999999,15443.02647700,116,404787.20000000,5623.07733800,0
