1751328000000000,0.01388000,0.01394000,0.01382000,0.01385000,2429849.90000000,1751331599999999,33750.97569700,238,777878.10000000,10799.87787200,0
1751331600000000,0.01385000,0.01391000,0.01379000,0.01380000,759042.70000000,1751335199999999,10515.04505500,107,462631.50000000,6410.68252600,0
1751335200000000,0.01378000,0.01383000,0.01369000,0.01371000,1514197.90000000,1751338799999999,20821.55056000,169,500001.60000000,6888.17565900,0
1751338800000000,0.01371000,0.01376000,0.01369000,0.01372000,348921.00000000,1751342399999999,4787.00945400,109,219502.60000000,3011.41631700,0
1751342400000000,0.01373000,0.01375000,0.01358000,0.01361000,1640099.20000000,1751345999999999,22390.35977000,181,485499.40000000,6640.35115900,0
1751346000000000,0.01362000,0.01368000,0.01358000,0.01366000,1687011.20000000,1751349599999999,22990.38102700,258,692319.00000000,9434.37535000,0
1751349600000000,0.01366000,0.01371000,0.01361000,0.01369000,1151863.60000000,1751353199999999,15733.57159800,245,410605.90000000,5610.26006100,0
1751353200000000,0.01370000,0.01376000,0.01358000,0.01374000,6053404.10000000,1751356799999999,82560.53121600,444,3368604.20000000,45944.35471900,0
1751356800000000,0.01373000,0.01373000,0.01365000,0.01372000,723241.60000000,1751360399999999,9900.18492500,162,271936.10000000,3720.55531400,0
1751360400000000,0.01372000,0.01383000,0.01372000,0.01379000,1297140.80000000,1751363999999999,17873.53305800,167,925136.60000000,12747.91377100,0
1751364000000000,0.01378000,0.01382000,0.01374000,0.01381000,790413.40000000,1751367599999999,10901.59147400,81,393039.60000000,5424.34317300,0
1751367600000000,0.01379000,0.01379000,0.01365000,0.01370000,1857744.20000000,1751371199999999,25450.46683300,213,608555.50000000,8338.78308300,0
1751371200000000,0.01370000,0.01375000,0.01367000,0.01374000,606799.40000000,1751374799999999,8320.17152600,115,328690.20000000,4506.71682400,0
1751374800000000,0.01374000,0.01379000,0.01365000,0.01378000,1250582.70000000,1751378399999999,17146.57315000,181,415926.80000000,5705.84779600,0
1751378400000000,0.01378000,0.01386000,0.01364000,0.01372000,2088162.20000000,1751381999999999,28660.62120100,384,933887.50000000,12821.41208700,0
1751382000000000,0.01371000,0.01373000,0.01364000,0.01370000,972521.10000000,1751385599999999,13304.80605100,168,383550.80000000,5249.74780600,0
1751385600000000,0.01368000,0.01373000,0.01365000,0.01372000,3406408.70000000,1751389199999999,46664.59480800,286,2557713.60000000,35039.57330700,0
1751389200000000,0.01372000,0.01410000,0.01358000,0.01358000,52290135.60000000,1751392799999999,725299.73363600,4359,32830140.30000000,455988.35282900,0
1751392800000000,0.01358000,0.01365000,0.01332000,0.01343000,12004002.40000000,1751396399999999,161876.09396300,1092,4228739.70000000,57084.95941800,0
1751396400000000,0.01342000,0.01352000,0.01339000,0.01346000,2528309.80000000,1751399999999999,34029.64519900,265,1574013.70000000,21195.96725200,0
1751400000000000,0.01345000,0.01354000,0.01341000,0.01350000,3877926.40000000,1751403599999999,52308.86076400,448,2960918.20000000,39942.98387700,0
1751403600000000,0.01351000,0.01360000,0.01349000,0.01358000,1751438.50000000,1751407199999999,23718.32424300,203,1227488.80000000,16625.32267100,0
1751407200000000,0.01358000,0.01361000,0.01353000,0.01354000,1006320.20000000,1751410799999999,13647.38398900,142,732356.30000000,9932.48839400,0
1751410800000000,0.01353000,0.01358000,0.01348000,0.01357000,822553.00000000,1751414399999999,11139.13621900,180,490075.20000000,6632.55341400,0
1751414400000000,0.01356000,0.01363000,0.01356000,0.01359000,496468.00000000,1751417999999999,6744.50380700,103,233474.60000000,3171.68226700,0
1751418000000000,0.01358000,0.01369000,0.01348000,0.01363000,2054383.80000000,1751421599999999,27945.36011300,287,1428843.50000000,19440.62352700,0
1751421600000000,0.01362000,0.01365000,0.01357000,0.01361000,1789197.40000000,1751425199999999,24322.50356300,148,504707.70000000,6862.44358400,0
1751425200000000,0.01362000,0.01371000,0.01362000,0.01364000,1286614.20000000,1751428799999999,17565.12390800,158,804172.40000000,10978.61679700,0
1751428800000000,0.01363000,0.01388000,0.01362000,0.01387000,3206319.30000000,1751432399999999,43875.90182500,377,2258797.10000000,30887.76861500,0
1751432400000000,0.01387000,0.01397000,0.01376000,0.01381000,8567321.80000000,1751435999999999,118821.49371900,774,4388190.20000000,60960.51477600,0
1751436000000000,0.01381000,0.01392000,0.01374000,0.01392000,2101509.20000000,1751439599999999,29053.27576500,238,1291108.80000000,17843.42841800,0
1751439600000000,0.01392000,0.01392000,0.01378000,0.01380000,1706465.20000000,1751443199999999,23647.07096900,190,557091.10000000,7719.68931500,0
1751443200000000,0.01380000,0.01384000,0.01374000,0.01383000,2356469.10000000,1751446799999999,32495.60668100,215,1147399.80000000,15821.43221200,0
1751446800000000,0.01384000,0.01388000,0.01382000,0.01385000,1067706.30000000,1751450399999999,14790.56609800,121,588632.40000000,8154.85064300,0
1751450400000000,0.01384000,0.01395000,0.01382000,0.01395000,2189506.70000000,1751453999999999,30360.52839700,231,1439953.90000000,19964.24392200,0
1751454000000000,0.01395000,0.01401000,0.01384000,0.01391000,1758523.70000000,1751457599999999,24464.34978100,211,912528.00000000,12694.20844800,0
1751457600000000,0.01388000,0.01404000,0.01386000,0.01403000,2925738.10000000,1751461199999999,40776.61751900,277,1626276.20000000,22691.10682700,0
1751461200000000,0.01404000,0.01418000,0.01402000,0.01416000,2940470.40000000,1751464799999999,41468.53681400,268,1736630.00000000,24474.35221100,0
1751464800000000,0.01417000,0.01418000,0.01412000,0.01415000,2298110.20000000,1751468399999999,32520.89479300,217,1325934.20000000,18762.71446200,0
1751468400000000,0.01415000,0.01425000,0.01414000,0.01420000,3564180.30000000,1751471999999999,50614.23635000,403,1277412.90000000,18148.64499700,0
1751472000000000,0.01420000,0.01464000,0.01420000,0.01459000,10139643.90000000,1751475599999999,146586.39336200,1115,5848393.90000000,84569.88727600,0
1751475600000000,0.01464000,0.01471000,0.01446000,0.01453000,9542077.70000000,1751479199999999,139119.70938400,933,3691338.70000000,53863.81638400,0
1751479200000000,0.01453000,0.01467000,0.01452000,0.01455000,7514022.20000000,1751482799999999,109705.77309600,651,2584062.90000000,37723.34300300,0
1751482800000000,0.01455000,0.01462000,0.01452000,0.01461000,2196452.00000000,1751486399999999,32010.10365400,311,1128066.60000000,16437.67787000,0
1751486400000000,0.01461000,0.01469000,0.01458000,0.01461000,2819209.70000000,1751489999999999,41289.44936600,299,1097455.30000000,16089.29432500,0
1751490000000000,0.01461000,0.01467000,0.01456000,0.01460000,3646301.00000000,1751493599999999,53308.25153400,326,1763153.60000000,25793.26588200,0
1751493600000000,0.01464000,0.01471000,0.01460000,0.01460000,1073708.20000000,1751497199999999,15741.56172100,157,630953.50000000,9258.54727300,0
1751497200000000,0.01461000,0.01462000,0.01445000,0.01446000,1289602.10000000,1751500799999999,18686.13946400,156,609712.30000000,8830.41067400,0
1751500800000000,0.01447000,0.01462000,0.01447000,0.01458000,3278499.20000000,1751504399999999,47742.50196400,308,1984114.80000000,28899.26227800,0
1751504400000000,0.01457000,0.01466000,0.01456000,0.01466000,1044725.90000000,1751507999999999,15280.04102100,138,374592.30000000,5477.98963100,0
1751508000000000,0.01467000,0.01474000,0.01457000,0.01474000,3218514.90000000,1751511599999999,47179.61776300,341,2505895.50000000,36752.67615300,0
1751511600000000,0.01473000,0.01505000,0.01462000,0.01477000,54915610.50000000,1751515199999999,814929.05042900,4219,35062571.30000000,520365.04888700,0
1751515200000000,0.01477000,0.01542000,0.01470000,0.01541000,20947485.90000000,1751518799999999,314785.95164600,1808,11896384.40000000,179004.22589900,0
1751518800000000,0.01542000,0.01543000,0.01491000,0.01492000,14226925.70000000,1751522399999999,215654.95991800,1373,5055134.30000000,76895.31492900,0
1751522400000000,0.01492000,0.01499000,0.01480000,0.01494000,7947127.30000000,1751525999999999,118565.49438400,581,2572808.30000000,38375.13559300,0
1751526000000000,0.01494000,0.01496000,0.01486000,0.01489000,3387685.20000000,1751529599999999,50460.68093000,278,803217.50000000,11969.20713700,0
1751529600000000,0.01489000,0.01492000,0.01467000,0.01476000,8749081.80000000,1751533199999999,129295.94951500,692,3784157.80000000,55874.97671700,0
1751533200000000,0.01476000,0.01482000,0.01471000,0.01479000,2558561.30000000,1751536799999999,37765.20674800,326,885661.30000000,13081.57286900,0
1751536800000000,0.01479000,0.01480000,0.01462000,0.01467000,2876793.60000000,1751540399999999,42308.83498400,377,1078494.50000000,15859.56918200,0
1751540400000000,0.01467000,0.01468000,0.01457000,0.01467000,2602864.00000000,1751543999999999,38084.89592100,300,1102631.00000000,16147.10514200,0
1751544000000000,0.01468000,0.01482000,0.01450000,0.01469000,6006047.30000000,1751547599999999,88065.53132300,684,2940445.80000000,43107.96552900,0
1751547600000000,0.01469000,0.01486000,0.01465000,0.01483000,4980085.50000000,1751551199999999,73524.35213600,576,2022187.40000000,29871.13755600,0
1751551200000000,0.01482000,0.01487000,0.01460000,0.01469000,5962821.20000000,1751554799999999,87864.45849400,553,3036591.10000000,44829.55457500,0
1751554800000000,0.01469000,0.01471000,0.01440000,0.01445000,4904239.40000000,1751558399999999,71218.45036400,481,1993746.50000000,28940.29981100,0
1751558400000000,0.01445000,0.01457000,0.01445000,0.01455000,2480485.20000000,1751561999999999,35988.07948500,340,1698348.60000000,24646.04067600,0
1751562000000000,0.01456000,0.01464000,0.01456000,0.01463000,417091.30000000,1751565599999999,6093.22301400,81,197973.80000000,2892.16707700,0
1751565600000000,0.01463000,0.01470000,0.01460000,0.01466000,2356978.80000000,1751569199999999,34565.73190300,204,1572040.90000000,23063.10361500,0
1751569200000000,0.01466000,0.01472000,0.01463000,0.01467000,903415.30000000,1751572799999999,13255.93400700,118,264575.80000000,3884.18404600,0
1751572800000000,0.01467000,0.01472000,0.01463000,0.01464000,996143.40000000,1751576399999999,14617.20761600,92,264578.90000000,3885.33700000,0
1751576400000000,0.01465000,0.01468000,0.01462000,0.01467000,608488.40000000,1751579999999999,8910.75182600,80,175549.90000000,2571.45264200,0
1751580000000000,0.01468000,0.01472000,0.01467000,0.01469000,459108.30000000,1751583599999999,6746.56462000,72,312692.70000000,4595.48828400,0
1751583600000000,0.01468000,0.01472000,0.01465000,0.01472000,779513.40000000,1751587199999999,11440.97629200,86,395040.80000000,5799.86054100,0
1751587200000000,0.01472000,0.01472000,0.01464000,0.01466000,1918399.80000000,1751590799999999,28139.88692500,173,894309.20000000,13127.75486900,0
1751590800000000,0.01466000,0.01487000,0.01466000,0.01467000,1790776.70000000,1751594399999999,26461.96333300,214,1220418.90000000,18037.24022700,0
1751594400000000,0.01467000,0.01467000,0.01449000,0.01454000,1938038.70000000,1751597999999999,28261.00327600,193,937781.50000000,13673.09144300,0
1751598000000000,0.01453000,0.01461000,0.01451000,0.01458000,1989519.00000000,1751601599999999,29013.46267800,113,920452.90000000,13414.29559900,0
1751601600000000,0.01459000,0.01463000,0.01453000,0.01453000,833574.60000000,1751605199999999,12161.45721600,85,413570.20000000,6031.29016900,0
1751605200000000,0.01454000,0.01466000,0.01453000,0.01459000,1251811.20000000,1751608799999999,18279.60727700,133,709853.50000000,10363.78382600,0
1751608800000000,0.01458000,0.01459000,0.01439000,0.01442000,2515509.10000000,1751612399999999,36377.46629200,231,1037114.30000000,14999.20954500,0
1751612400000000,0.01443000,0.01445000,0.01423000,0.01423000,1848363.80000000,1751615999999999,26478.50191300,191,1115803.40000000,15983.39371900,0
1751616000000000,0.01422000,0.01437000,0.01418000,0.01436000,2177515.90000000,1751619599999999,31062.11269000,203,1531384.70000000,21854.32068200,0
1751619600000000,0.01437000,0.01441000,0.01435000,0.01436000,919381.90000000,1751623199999999,13217.50956600,127,521847.70000000,7502.47586800,0
1751623200000000,0.01435000,0.01436000,0.01427000,0.01428000,939993.00000000,1751626799999999,13444.51205100,116,564286.80000000,8069.60214900,0
1751626800000000,0.01428000,0.01437000,0.01425000,0.01434000,1003769.40000000,1751630399999999,14372.17367100,83,371748.20000000,5320.64283900,0
1751630400000000,0.01432000,0.01441000,0.01430000,0.01433000,1007268.30000000,1751633999999999,14457.37905800,108,548477.70000000,7878.00849800,0
1751634000000000,0.01432000,0.01435000,0.01424000,0.01426000,1466259.40000000,1751637599999999,20975.72306400,144,736061.10000000,10530.03281400,0
1751637600000000,0.01425000,0.01427000,0.01410000,0.01417000,4066106.80000000,1751641199999999,57610.92926200,329,1017499.30000000,14423.26704300,0
1751641200000000,0.01416000,0.01419000,0.01407000,0.01408000,2331789.80000000,1751644799999999,32920.73434700,224,1187222.00000000,16767.59544900,0
1751644800000000,0.01409000,0.01410000,0.01396000,0.01402000,1681456.20000000,1751648399999999,23563.52342000,216,961680.40000000,13477.59044100,0
1751648400000000,0.01403000,0.01406000,0.01396000,0.01403000,1027690.60000000,1751651999999999,14391.62714000,148,436585.20000000,6117.44979500,0
1751652000000000,0.01403000,0.01407000,0.01398000,0.01404000,530420.80000000,1751655599999999,7438.18575600,78,166604.20000000,2336.34739000,0
1751655600000000,0.01403000,0.01410000,0.01401000,0.01404000,578794.10000000,1751659199999999,8128.13541600,96,328769.80000000,4615.77004000,0
1751659200000000,0.01402000,0.01407000,0.01399000,0.01406000,534414.10000000,1751662799999999,7500.46596000,80,183314.40000000,2573.97110200,0
1751662800000000,0.01406000,0.01415000,0.01405000,0.01415000,426144.60000000,1751666399999999,6012.18743500,78,225482.60000000,3182.82293500,0
1751666400000000,0.01414000,0.01420000,0.01411000,0.01420000,871640.40000000,1751669999999999,12342.52509200,122,467315.40000000,6619.01918200,0
1751670000000000,0.01420000,0.01423000,0.01415000,0.01420000,490041.80000000,1751673599999999,6956.14520300,78,279362.80000000,3965.84752900,0
1751673600000000,0.01419000,0.01459000,0.01419000,0.01441000,9716911.50000000,1751677199999999,140206.61076700,1195,5534371.90000000,79808.33155600,0
1751677200000000,0.01440000,0.01442000,0.01419000,0.01425000,1425065.80000000,1751680799999999,20317.76848400,325,624415.90000000,8904.62170500,0
1751680800000000,0.01425000,0.01425000,0.01415000,0.01421000,942627.50000000,1751684399999999,13390.08011900,138,480728.10000000,6828.07018800,0
1751684400000000,0.01422000,0.01427000,0.01421000,0.01421000,629967.10000000,1751687999999999,8972.22623000,78,317083.90000000,4516.48395700,0
1751688000000000,0.01423000,0.01424000,0.01410000,0.01414000,4430906.50000000,1751691599999999,62744.72580000,292,1749976.00000000,24795.60869300,0
1751691600000000,0.01413000,0.01422000,0.01412000,0.01422000,416947.50000000,1751695199999999,5906.33810300,76,231908.40000000,3286.29412000,0
1751695200000000,0.01423000,0.01432000,0.01420000,0.01430000,657486.90000000,1751698799999999,9381.12635800,92,403187.20000000,5749.46368400,0
1751698800000000,0.01428000,0.01430000,0.01424000,0.01425000,448385.10000000,1751702399999999,6402.38841500,87,225804.30000000,3225.59161400,0
1751702400000000,0.01425000,0.01429000,0.01419000,0.01426000,994962.20000000,1751705999999999,14178.92499400,148,507647.50000000,7236.21983400,0
1751706000000000,0.01425000,0.01426000,0.01416000,0.01426000,633054.50000000,1751709599999999,9000.07495800,113,264715.70000000,3761.30391600,0
1751709600000000,0.01426000,0.01429000,0.01423000,0.01423000,604757.00000000,1751713199999999,8618.52401100,85,211035.70000000,3006.34809500,0
1751713200000000,0.01421000,0.01434000,0.01421000,0.01425000,725639.50000000,1751716799999999,10370.95617600,131,421389.20000000,6017.57164700,0
1751716800000000,0.01425000,0.01425000,0.01413000,0.01415000,641734.00000000,1751720399999999,9106.07499800,98,284604.40000000,4037.18325900,0
1751720400000000,0.01417000,0.01418000,0.01408000,0.01408000,750077.10000000,1751723999999999,10602.07217200,109,264015.70000000,3734.54812400,0
1751724000000000,0.01408000,0.01412000,0.01407000,0.01411000,1070396.70000000,1751727599999999,15082.78176400,155,442434.90000000,6234.42882700,0
1751727600000000,0.01410000,0.01411000,0.01402000,0.01404000,602788.90000000,1751731199999999,8478.37862600,99,241116.10000000,3391.03939600,0
1751731200000000,0.01405000,0.01411000,0.01401000,0.01408000,702520.30000000,1751734799999999,9864.34887700,110,270066.40000000,3793.41414800,0
1751734800000000,0.01407000,0.01411000,0.01395000,0.01405000,1070461.80000000,1751738399999999,15003.08729800,170,535871.50000000,7512.20753900,0
1751738400000000,0.01403000,0.01404000,0.01391000,0.01393000,1614528.20000000,1751741999999999,22558.50378400,185,1053408.90000000,14717.23892000,0
1751742000000000,0.01393000,0.01402000,0.01392000,0.01400000,541117.80000000,1751745599999999,7552.32193300,88,257579.00000000,3594.60282200,0
1751745600000000,0.01400000,0.01405000,0.01397000,0.01405000,643125.10000000,1751749199999999,9006.76519300,97,473732.70000000,6635.59036300,0
1751749200000000,0.01403000,0.01413000,0.01403000,0.01413000,595931.60000000,1751752799999999,8381.74062800,113,229522.10000000,3227.36851100,0
1751752800000000,0.01412000,0.01415000,0.01407000,0.01414000,639414.00000000,1751756399999999,9022.39355500,106,228762.60000000,3228.16295100,0
1751756400000000,0.01415000,0.01418000,0.01409000,0.01413000,1408225.40000000,1751759999999999,19907.11877900,134,549503.00000000,7775.59173800,0
1751760000000000,0.01413000,0.01413000,0.01402000,0.01407000,1448249.80000000,1751763599999999,20369.08384500,161,620248.10000000,8724.81079400,0
1751763600000000,0.01406000,0.01406000,0.01394000,0.01399000,833318.90000000,1751767199999999,11658.62593300,119,356583.50000000,4989.50930200,0
1751767200000000,0.01399000,0.01402000,0.01393000,0.01396000,755081.50000000,1751770799999999,10554.65028500,109,383907.20000000,5366.82108500,0
1751770800000000,0.01397000,0.01399000,0.01391000,0.01392000,1633004.40000000,1751774399999999,22758.52339200,149,555477.70000000,7746.72953800,0
1751774400000000,0.01393000,0.01398000,0.01391000,0.01393000,1244093.90000000,1751777999999999,17341.09384300,178,509270.70000000,7100.82656800,0
1751778000000000,0.01392000,0.01392000,0.01387000,0.01388000,1128060.10000000,1751781599999999,15678.74180200,72,267415.80000000,3716.68034700,0
1751781600000000,0.01387000,0.01399000,0.01385000,0.01397000,1142260.60000000,1751785199999999,15900.89633800,203,654589.50000000,9114.38654600,0
1751785200000000,0.01397000,0.01402000,0.01395000,0.01395000,749761.70000000,1751788799999999,10489.85577300,109,456017.20000000,6380.42664600,0
1751788800000000,0.01395000,0.01399000,0.01389000,0.01397000,1109106.10000000,1751792399999999,15466.82569500,117,585544.10000000,8162.26551100,0
1751792400000000,0.01396000,0.01400000,0.01392000,0.01392000,1043265.20000000,1751795999999999,14565.42724400,124,539059.80000000,7530.06806600,0
1751796000000000,0.01392000,0.01397000,0.01387000,0.01390000,2162799.60000000,1751799599999999,30108.26247700,182,1554993.90000000,21655.23807600,0
1751799600000000,0.01389000,0.01400000,0.01387000,0.01400000,533311.70000000,1751803199999999,7410.14324200,61,227572.90000000,3164.43181600,0
1751803200000000,0.01399000,0.01403000,0.01397000,0.01403000,982762.30000000,1751806799999999,13754.38271900,74,717571.70000000,10042.90047900,0
1751806800000000,0.01403000,0.01420000,0.01402000,0.01417000,1714604.80000000,1751810399999999,24243.40112600,211,835509.60000000,11810.91782000,0
1751810400000000,0.01418000,0.01422000,0.01411000,0.01422000,2881036.30000000,1751813999999999,40830.89151400,330,1339793.60000000,18984.82446400,0
1751814000000000,0.01421000,0.01425000,0.01415000,0.01422000,1813956.50000000,1751817599999999,25790.87920400,282,1006719.00000000,14321.09990400,0
1751817600000000,0.01423000,0.01423000,0.01415000,0.01421000,3525886.30000000,1751821199999999,50034.90222500,322,1285044.60000000,18241.23068200,0
1751821200000000,0.01420000,0.01421000,0.01413000,0.01417000,822157.90000000,1751824799999999,11648.06215500,146,372849.40000000,5281.37541800,0
1751824800000000,0.01417000,0.01420000,0.01407000,0.01412000,837395.30000000,1751828399999999,11818.80573500,125,342391.00000000,4834.19888300,0
1751828400000000,0.01413000,0.01417000,0.01411000,0.01415000,497969.70000000,1751831999999999,7039.70281100,87,249214.20000000,3523.37714500,0
1751832000000000,0.01417000,0.01421000,0.01416000,0.01418000,591611.20000000,1751835599999999,8394.73067600,88,217483.00000000,3086.76016000,0
1751835600000000,0.01417000,0.01432000,0.01417000,0.01422000,1461723.90000000,1751839199999999,20820.33787600,238,1069612.90000000,15239.00646700,0
1751839200000000,0.01424000,0.01437000,0.01424000,0.01426000,1351683.90000000,1751842799999999,19327.13363800,166,710259.60000000,10156.54473200,0
1751842800000000,0.01426000,0.01426000,0.01414000,0.01417000,1312666.50000000,1751846399999999,18640.53208000,131,713056.40000000,10128.95062000,0
1751846400000000,0.01418000,0.01419000,0.01411000,0.01413000,891812.50000000,1751849999999999,12618.61916100,110,363168.20000000,5139.37970800,0
1751850000000000,0.01414000,0.01417000,0.01409000,0.01414000,655528.00000000,1751853599999999,9263.35309300,83,436349.90000000,6168.43930400,0
1751853600000000,0.01415000,0.01429000,0.01415000,0.01425000,951537.00000000,1751857199999999,13532.13568100,117,688802.70000000,9798.29966400,0
1751857200000000,0.01426000,0.01433000,0.01419000,0.01421000,697672.20000000,1751860799999999,9947.67016800,116,253388.80000000,3612.98450900,0
1751860800000000,0.01421000,0.01430000,0.01419000,0.01421000,2603494.90000000,1751864399999999,37076.98675600,300,1309049.10000000,18661.29280600,0
1751864400000000,0.01422000,0.01423000,0.01412000,0.01414000,3250315.10000000,1751867999999999,46065.72462600,266,2066358.50000000,29279.55157600,0
1751868000000000,0.01413000,0.01415000,0.01405000,0.01406000,838625.90000000,1751871599999999,11821.23131300,108,208048.10000000,2933.42223300,0
1751871600000000,0.01406000,0.01423000,0.01404000,0.01421000,1841093.80000000,1751875199999999,26042.52673100,209,1270780.70000000,17980.41722000,0
1751875200000000,0.01422000,0.01425000,0.01421000,0.01423000,907913.30000000,1751878799999999,12925.02134000,97,267269.80000000,3804.68373400,0
1751878800000000,0.01421000,0.01422000,0.01417000,0.01420000,416318.00000000,1751882399999999,5910.09130600,69,224324.70000000,3184.57900200,0
1751882400000000,0.01419000,0.01422000,0.01415000,0.01416000,1361594.90000000,1751885999999999,19320.00359100,140,846648.90000000,12016.87666300,0
1751886000000000,0.01415000,0.01418000,0.01411000,0.01418000,1010853.10000000,1751889599999999,14304.68278000,192,674686.60000000,9547.74355800,0
1751889600000000,0.01419000,0.01421000,0.01412000,0.01418000,1329791.20000000,1751893199999999,18844.78550400,143,507511.00000000,7193.23978300,0
1751893200000000,0.01419000,0.01426000,0.01413000,0.01426000,2356562.40000000,1751896799999999,33455.01302800,371,1306297.40000000,18549.93222400,0
1751896800000000,0.01425000,0.01426000,0.01407000,0.01410000,1745393.80000000,1751900399999999,24694.18724900,239,711732.50000000,10070.07052100,0
1751900400000000,0.01411000,0.01418000,0.01411000,0.01413000,1673838.80000000,1751903999999999,23670.05266500,206,737748.70000000,10440.45548500,0
1751904000000000,0.01413000,0.01416000,0.01401000,0.01408000,1637379.80000000,1751907599999999,23060.16113900,242,730955.50000000,10294.96396500,0
1751907600000000,0.01406000,0.01416000,0.01402000,0.01411000,1315618.50000000,1751911199999999,18534.01112500,258,592469.40000000,8343.09428500,0
1751911200000000,0.01412000,0.01414000,0.01402000,0.01413000,2150084.60000000,1751914799999999,30284.87427600,307,788359.10000000,11101.67927500,0
1751914800000000,0.01413000,0.01420000,0.01407000,0.01409000,1487982.50000000,1751918399999999,21038.74330600,187,698642.60000000,9880.60953700,0
1751918400000000,0.01408000,0.01409000,0.01393000,0.01394000,1138439.30000000,1751921999999999,15920.49009000,151,606544.10000000,8477.42031500,0
1751922000000000,0.01395000,0.01407000,0.01391000,0.01401000,2032857.90000000,1751925599999999,28393.19819700,324,713285.90000000,9958.32267200,0
1751925600000000,0.01401000,0.01404000,0.01393000,0.01400000,697202.10000000,1751929199999999,9751.26224400,138,426730.80000000,5967.72107800,0
1751929200000000,0.01401000,0.01412000,0.01398000,0.01411000,1442318.20000000,1751932799999999,20260.87330400,205,685463.80000000,9636.68666100,0
1751932800000000,0.01410000,0.01416000,0.01398000,0.01402000,7890158.80000000,1751936399999999,110960.25284600,561,3891097.80000000,54709.65288900,0
1751936400000000,0.01401000,0.01401000,0.01390000,0.01392000,925705.70000000,1751939999999999,12907.67316800,121,475490.00000000,6626.11795600,0
1751940000000000,0.01393000,0.01396000,0.01388000,0.01392000,1501979.40000000,1751943599999999,20898.75369000,163,859548.40000000,11961.44997000,0
1751943600000000,0.01392000,0.01397000,0.01392000,0.01392000,372401.80000000,1751947199999999,5191.97926500,58,115082.10000000,1604.37749300,0
1751947200000000,0.01393000,0.01398000,0.01389000,0.01397000,979258.20000000,1751950799999999,13632.99515000,121,721309.90000000,10044.38598200,0
1751950800000000,0.01397000,0.01399000,0.01393000,0.01399000,416536.00000000,1751954399999999,5813.61813300,77,198242.90000000,2766.94141300,0
1751954400000000,0.01398000,0.01403000,0.01396000,0.01399000,1135474.30000000,1751957999999999,15879.52703200,143,382507.80000000,5352.86547700,0
1751958000000000,0.01399000,0.01404000,0.01397000,0.01403000,525580.40000000,1751961599999999,7360.81097400,78,191307.70000000,2680.26777100,0
1751961600000000,0.01403000,0.01407000,0.01397000,0.01397000,3781138.40000000,1751965199999999,53017.63678600,187,1099895.30000000,15440.77558400,0
1751965200000000,0.01397000,0.01401000,0.01396000,0.01400000,709006.40000000,1751968799999999,9918.53637900,82,399570.10000000,5588.40992300,0
1751968800000000,0.01400000,0.01413000,0.01400000,0.01413000,628164.10000000,1751972399999999,8832.13705300,80,455859.80000000,6411.53852600,0
1751972400000000,0.01414000,0.01418000,0.01412000,0.01413000,714305.40000000,1751975999999999,10103.34083700,128,392758.00000000,5556.68138900,0
1751976000000000,0.01413000,0.01421000,0.01413000,0.01419000,1429857.70000000,1751979599999999,20262.29202600,153,990642.10000000,14041.41314600,0
1751979600000000,0.01419000,0.01423000,0.01413000,0.01420000,1580073.40000000,1751983199999999,22396.00957100,216,936242.40000000,13267.50008700,0
1751983200000000,0.01419000,0.01420000,0.01407000,0.01407000,1605807.40000000,1751986799999999,22678.66570800,219,909870.00000000,12846.49357600,0
1751986800000000,0.01408000,0.01409000,0.01405000,0.01409000,1349674.60000000,1751990399999999,18990.83118400,189,652324.80000000,9179.06544200,0
1751990400000000,0.01410000,0.01423000,0.01405000,0.01422000,754282.20000000,1751993999999999,10673.64483900,111,361031.00000000,5108.21940300,0
1751994000000000,0.01421000,0.01437000,0.01421000,0.01437000,2692386.40000000,1751997599999999,38521.34433400,338,1501457.20000000,21484.76680100,0
1751997600000000,0.01437000,0.01439000,0.01433000,0.01438000,1223601.70000000,1752001199999999,17574.05059400,176,667513.90000000,9588.45541200,0
1752001200000000,0.01439000,0.01439000,0.01430000,0.01434000,863667.40000000,1752004799999999,12385.84916600,124,369695.60000000,5301.78183500,0
1752004800000000,0.01434000,0.01437000,0.01426000,0.01426000,1140137.50000000,1752008399999999,16329.75215400,162,305576.70000000,4377.47080500,0
1752008400000000,0.01426000,0.01433000,0.01426000,0.01430000,471488.40000000,1752011999999999,6744.15437300,77,283031.00000000,4049.98014400,0
1752012000000000,0.01431000,0.01435000,0.01428000,0.01433000,972889.50000000,1752015599999999,13926.03091600,120,645502.30000000,9244.49639900,0
1752015600000000,0.01433000,0.01434000,0.01428000,0.01433000,574428.00000000,1752019199999999,8224.36913200,76,271606.40000000,3887.39819000,0
1752019200000000,0.01434000,0.01437000,0.01427000,0.01433000,1464200.70000000,1752022799999999,20967.41260900,152,543627.80000000,7784.45804300,0
1752022800000000,0.01433000,0.01437000,0.01421000,0.01424000,847596.00000000,1752026399999999,12084.79007800,89,310757.60000000,4432.25198700,0
1752026400000000,0.01423000,0.01430000,0.01422000,0.01430000,944603.30000000,1752029999999999,13459.84483400,97,411392.80000000,5863.79417600,0
1752030000000000,0.01431000,0.01433000,0.01426000,0.01429000,459089.50000000,1752033599999999,6558.52590900,73,246101.50000000,3514.56978700,0
1752033600000000,0.01429000,0.01436000,0.01427000,0.01435000,493931.10000000,1752037199999999,7074.99788000,65,237535.70000000,3402.28736400,0
1752037200000000,0.01436000,0.01447000,0.01431000,0.01442000,2037902.40000000,1752040799999999,29342.59392600,181,1034231.10000000,14882.28633100,0
1752040800000000,0.01444000,0.01449000,0.01440000,0.01448000,970351.90000000,1752044399999999,14024.82268400,95,744578.30000000,10763.77228500,0
1752044400000000,0.01448000,0.01452000,0.01444000,0.01450000,990354.30000000,1752047999999999,14343.15776200,169,500818.80000000,7255.38212600,0
1752048000000000,0.01451000,0.01454000,0.01448000,0.01450000,1807454.40000000,1752051599999999,26244.91506800,274,767612.10000000,11147.55095100,0
1752051600000000,0.01452000,0.01454000,0.01444000,0.01447000,1729295.70000000,1752055199999999,25020.87357800,240,721117.70000000,10437.15049100,0
1752055200000000,0.01447000,0.01449000,0.01444000,0.01449000,1263156.70000000,1752058799999999,18268.54107900,229,676040.40000000,9779.75109300,0
1752058800000000,0.01449000,0.01454000,0.01448000,0.01452000,1039170.20000000,1752062399999999,15078.67752700,208,473755.40000000,6877.26403000,0
1752062400000000,0.01454000,0.01470000,0.01454000,0.01459000,3654994.00000000,1752065999999999,53386.20853600,445,2324812.00000000,33955.30736300,0
1752066000000000,0.01460000,0.01467000,0.01458000,0.01458000,1437908.80000000,1752069599999999,21027.65773500,276,531763.20000000,7780.78122600,0
1752069600000000,0.01458000,0.01464000,0.01449000,0.01454000,2182585.80000000,1752073199999999,31775.39757500,323,1355666.40000000,19736.01419400,0
1752073200000000,0.01454000,0.01459000,0.01453000,0.01458000,910296.70000000,1752076799999999,13252.25043500,198,365122.60000000,5317.50229100,0
1752076800000000,0.01458000,0.01464000,0.01458000,0.01462000,1014892.20000000,1752080399999999,14825.20164700,192,550152.80000000,8036.25971100,0
1752080400000000,0.01463000,0.01464000,0.01453000,0.01456000,924106.00000000,1752083999999999,13464.14948500,213,374583.70000000,5456.65064000,0
1752084000000000,0.01456000,0.01474000,0.01455000,0.01466000,7171999.30000000,1752087599999999,105292.16099000,559,2493611.90000000,36638.16125600,0
1752087600000000,0.01467000,0.01482000,0.01462000,0.01480000,7630872.60000000,1752091199999999,112460.38142800,749,2896980.80000000,42750.64163800,0
1752091200000000,0.01480000,0.01485000,0.01473000,0.01482000,3915583.40000000,1752094799999999,57972.85774000,481,1483769.00000000,21972.09792300,0
1752094800000000,0.01482000,0.01494000,0.01482000,0.01490000,2617417.40000000,1752098399999999,38985.04256600,398,1248672.80000000,18601.12061600,0
1752098400000000,0.01491000,0.01495000,0.01485000,0.01493000,5039204.40000000,1752101999999999,75188.34568600,389,2043149.60000000,30470.31899100,0
1752102000000000,0.01493000,0.01495000,0.01486000,0.01487000,1147663.10000000,1752105599999999,17100.99812200,180,387956.90000000,5782.77074900,0
1752105600000000,0.01487000,0.01491000,0.01477000,0.01477000,1194396.40000000,1752109199999999,17717.67253600,211,520902.20000000,7737.26111600,0
1752109200000000,0.01478000,0.01487000,0.01478000,0.01483000,1212046.50000000,1752112799999999,17972.69453200,186,540517.40000000,8013.78506300,0
1752112800000000,0.01484000,0.01492000,0.01484000,0.01492000,2231556.30000000,1752116399999999,33253.20487800,186,1328950.50000000,19800.49308800,0
1752116400000000,0.01491000,0.01494000,0.01486000,0.01487000,1420301.90000000,1752119999999999,21166.14317700,260,543716.70000000,8101.36477000,0
1752120000000000,0.01487000,0.01493000,0.01486000,0.01492000,900514.00000000,1752123599999999,13410.11424200,189,343373.20000000,5112.45206500,0
1752123600000000,0.01493000,0.01493000,0.01484000,0.01484000,581042.40000000,1752127199999999,8652.62467300,189,270462.30000000,4029.35923100,0
1752127200000000,0.01484000,0.01493000,0.01480000,0.01492000,1122141.80000000,1752130799999999,16678.96217000,152,615205.00000000,9149.63832900,0
1752130800000000,0.01492000,0.01497000,0.01487000,0.01489000,1374789.40000000,1752134399999999,20510.48689700,185,647307.30000000,9656.15785500,0
1752134400000000,0.01489000,0.01494000,0.01487000,0.01493000,1499278.10000000,1752137999999999,22337.52902400,232,619800.20000000,9236.25816300,0
1752138000000000,0.01494000,0.01497000,0.01486000,0.01488000,1764816.10000000,1752141599999999,26359.20282400,226,840291.40000000,12552.24910500,0
1752141600000000,0.01488000,0.01492000,0.01480000,0.01486000,1807508.00000000,1752145199999999,26855.88645900,295,917266.30000000,13631.59928700,0
1752145200000000,0.01485000,0.01487000,0.01479000,0.01484000,1213302.30000000,1752148799999999,17994.45842900,348,661286.30000000,9809.61169800,0
1752148800000000,0.01483000,0.01487000,0.01477000,0.01483000,1743152.10000000,1752152399999999,25823.57708900,352,860415.70000000,12744.46837600,0
1752152400000000,0.01484000,0.01489000,0.01478000,0.01481000,3777334.80000000,1752155999999999,56053.50936600,479,1436713.20000000,21314.10972100,0
1752156000000000,0.01481000,0.01485000,0.01473000,0.01482000,2299177.10000000,1752159599999999,33981.03860200,373,1031285.80000000,15245.51922300,0
1752159600000000,0.01481000,0.01483000,0.01473000,0.01474000,1399008.20000000,1752163199999999,20683.17988900,325,365017.50000000,5397.88418800,0
1752163200000000,0.01475000,0.01504000,0.01475000,0.01502000,4018770.90000000,1752166799999999,60149.59140700,504,2068469.90000000,30977.51428600,0
1752166800000000,0.01502000,0.01518000,0.01501000,0.01518000,5045406.50000000,1752170399999999,76185.37542600,590,2987498.10000000,45113.40762000,0
1752170400000000,0.01517000,0.01520000,0.01505000,0.01513000,3368368.20000000,1752173999999999,50960.47483000,527,1305126.60000000,19747.82904200,0
1752174000000000,0.01513000,0.01519000,0.01507000,0.01511000,2731393.00000000,1752177599999999,41319.78819800,625,1095457.10000000,16583.55530500,0
1752177600000000,0.01511000,0.01528000,0.01511000,0.01523000,4183364.90000000,1752181199999999,63561.04523300,713,1861615.70000000,28291.54305200,0
1752181200000000,0.01523000,0.01563000,0.01522000,0.01556000,13035622.90000000,1752184799999999,202004.90716900,1660,8060570.00000000,124939.85398100,0
1752184800000000,0.01558000,0.01577000,0.01554000,0.01574000,5906172.10000000,1752188399999999,92690.28414000,997,3116116.40000000,48927.70429100,0
1752188400000000,0.01575000,0.01580000,0.01560000,0.01572000,3956121.20000000,1752191999999999,62201.51779600,593,1355292.40000000,21296.80396300,0
1752192000000000,0.01572000,0.01576000,0.01546000,0.01562000,7312226.40000000,1752195599999999,113917.01694200,1170,2946085.30000000,45873.91033000,0
1752195600000000,0.01563000,0.01581000,0.01562000,0.01580000,4202429.80000000,1752199199999999,66044.02983700,895,1824018.90000000,28671.95926000,0
1752199200000000,0.01580000,0.01588000,0.01578000,0.01583000,4496553.80000000,1752202799999999,71212.82663100,719,2210219.10000000,35015.66253300,0
1752202800000000,0.01583000,0.01590000,0.01582000,0.01587000,2988460.80000000,1752206399999999,47395.86356900,377,1801971.70000000,28580.99868600,0
1752206400000000,0.01587000,0.01602000,0.01579000,0.01600000,6099350.00000000,1752209999999999,97065.93157600,893,3526547.30000000,56141.54178100,0
1752210000000000,0.01601000,0.01623000,0.01601000,0.01614000,6690692.90000000,1752213599999999,107960.05820300,1104,3437910.10000000,55483.32793300,0
1752213600000000,0.01615000,0.01628000,0.01587000,0.01589000,5553313.40000000,1752217199999999,89454.11083500,936,2481876.90000000,40030.02853100,0
1752217200000000,0.01590000,0.01601000,0.01581000,0.01585000,5531006.30000000,1752220799999999,87980.53433900,1064,2537841.80000000,40389.82925200,0
1752220800000000,0.01586000,0.01609000,0.01586000,0.01608000,2868961.00000000,1752224399999999,45820.78044200,504,1658608.00000000,26478.56513700,0
1752224400000000,0.01608000,0.01622000,0.01603000,0.01619000,2624441.40000000,1752227999999999,42352.29362600,403,1216419.10000000,19631.08805500,0
1752228000000000,0.01619000,0.01626000,0.01617000,0.01620000,3823192.20000000,1752231599999999,61969.88955100,597,2473623.40000000,40105.60809000,0
1752231600000000,0.01620000,0.01620000,0.01604000,0.01611000,2708078.60000000,1752235199999999,43664.01288800,400,1443111.70000000,23271.57294400,0
1752235200000000,0.01612000,0.01633000,0.01610000,0.01632000,2869344.70000000,1752238799999999,46464.33021600,487,1483716.00000000,24011.71018900,0
1752238800000000,0.01632000,0.01642000,0.01616000,0.01635000,7268350.30000000,1752242399999999,118416.85870700,1203,3867113.90000000,63013.50780100,0
1752242400000000,0.01636000,0.01646000,0.01619000,0.01626000,5538774.60000000,1752245999999999,90473.93038200,993,2291135.30000000,37426.59428800,0
1752246000000000,0.01626000,0.01640000,0.01594000,0.01603000,8383011.00000000,1752249599999999,135787.77871800,1894,3523409.70000000,57093.68593200,0
1752249600000000,0.01605000,0.01619000,0.01596000,0.01611000,5997672.80000000,1752253199999999,96515.08559700,1370,2412717.10000000,38845.23233000,0
1752253200000000,0.01612000,0.01629000,0.01610000,0.01628000,5770016.40000000,1752256799999999,93408.84532400,1368,1830723.10000000,29656.58516400,0
1752256800000000,0.01629000,0.01636000,0.01620000,0.01625000,5488832.50000000,1752260399999999,89385.86326900,1047,1900405.30000000,30976.60462600,0
1752260400000000,0.01627000,0.01636000,0.01621000,0.01634000,3242905.10000000,1752263999999999,52890.84387500,852,1641852.80000000,26787.49528000,0
1752264000000000,0.01634000,0.01636000,0.01612000,0.01612000,3841030.60000000,1752267599999999,62424.50344400,590,1308822.00000000,21258.81925300,0
1752267600000000,0.01614000,0.01617000,0.01590000,0.01599000,3125950.00000000,1752271199999999,50167.98910100,474,1710837.20000000,27427.79693900,0
1752271200000000,0.01600000,0.01603000,0.01563000,0.01580000,7990450.50000000,1752274799999999,126016.91774600,1220,4376885.00000000,69036.33236200,0
1752274800000000,0.01580000,0.01592000,0.01576000,0.01585000,2506576.00000000,1752278399999999,39724.26677600,463,1188256.80000000,18834.57076300,0
1752278400000000,0.01584000,0.01598000,0.01570000,0.01592000,6193632.20000000,1752281999999999,98118.05203300,830,3641143.70000000,57725.50755000,0
1752282000000000,0.01591000,0.01611000,0.01591000,0.01610000,2049663.60000000,1752285599999999,32875.35627800,483,867516.00000000,13914.23591600,0
1752285600000000,0.01608000,0.01637000,0.01606000,0.01632000,4140590.70000000,1752289199999999,67291.28037100,737,2253386.30000000,36629.60484900,0
1752289200000000,0.01631000,0.01638000,0.01619000,0.01623000,3770105.50000000,1752292799999999,61343.47301700,719,1858535.20000000,30251.19167800,0
1752292800000000,0.01623000,0.01625000,0.01601000,0.01606000,2977956.40000000,1752296399999999,47935.24343700,495,1729688.40000000,27842.97885100,0
1752296400000000,0.01611000,0.01683000,0.01608000,0.01660000,49208538.10000000,1752299999999999,812915.42217700,8122,31849004.50000000,526483.19613400,0
1752300000000000,0.01658000,0.01722000,0.01655000,0.01709000,41987376.90000000,1752303599999999,711416.99047100,4980,24939666.40000000,423198.66228700,0
1752303600000000,0.01707000,0.01735000,0.01667000,0.01715000,49482760.40000000,1752307199999999,842986.68652700,4818,28500234.20000000,486574.69318900,0
1752307200000000,0.01715000,0.01732000,0.01677000,0.01688000,44405236.90000000,1752310799999999,758621.16074800,4873,22879139.20000000,391533.97777000,0
1752310800000000,0.01687000,0.01691000,0.01668000,0.01682000,9905649.80000000,1752314399999999,166290.74493900,1461,3940637.10000000,66205.49981700,0
1752314400000000,0.01681000,0.01708000,0.01660000,0.01700000,13282762.50000000,1752317999999999,223324.56583300,1196,6178205.40000000,104030.96211400,0
1752318000000000,0.01700000,0.01700000,0.01667000,0.01687000,5302907.70000000,1752321599999999,89166.54714400,719,2232798.40000000,37586.46330200,0
1752321600000000,0.01687000,0.01687000,0.01646000,0.01660000,11920791.80000000,1752325199999999,198429.15789300,1496,6387877.90000000,106217.60300000,0
1752325200000000,0.01657000,0.01660000,0.01621000,0.01643000,7571772.70000000,1752328799999999,124302.71436400,1016,3119187.00000000,51203.82560800,0
1752328800000000,0.01643000,0.01663000,0.01638000,0.01644000,10566260.90000000,1752332399999999,174349.21302100,920,5475945.10000000,90361.22453300,0
1752332400000000,0.01645000,0.01646000,0.01608000,0.01615000,11782955.40000000,1752335999999999,192288.03819600,971,3242586.80000000,52656.66502000,0
1752336000000000,0.01614000,0.01634000,0.01609000,0.01622000,2324206.80000000,1752339599999999,37747.23981200,407,1598921.90000000,25975.68229600,0
1752339600000000,0.01623000,0.01652000,0.01621000,0.01649000,2112778.90000000,1752343199999999,34684.22528500,317,1301037.70000000,21374.96859400,0
1752343200000000,0.01648000,0.01659000,0.01636000,0.01651000,3155846.60000000,1752346799999999,52055.55400600,475,1908140.80000000,31489.79359000,0
1752346800000000,0.01652000,0.01665000,0.01650000,0.01658000,4200421.00000000,1752350399999999,69667.12333400,503,2798746.00000000,46439.45562800,0
1752350400000000,0.01659000,0.01659000,0.01625000,0.01630000,2027919.00000000,1752353999999999,33343.92389700,374,688779.60000000,11334.15724300,0
1752354000000000,0.01630000,0.01657000,0.01628000,0.01657000,1474419.80000000,1752357599999999,24209.88029200,345,1002678.40000000,16463.62659400,0
1752357600000000,0.01657000,0.01700000,0.01647000,0.01656000,21580198.40000000,1752361199999999,360293.24454400,2497,11262231.70000000,188301.71386800,0
1752361200000000,0.01656000,0.01671000,0.01649000,0.01669000,2080773.90000000,1752364799999999,34543.70589100,412,1232597.50000000,20469.08730300,0
1752364800000000,0.01668000,0.01669000,0.01645000,0.01650000,4343302.50000000,1752368399999999,72000.54326900,618,1725140.60000000,28613.06621000,0
1752368400000000,0.01651000,0.01655000,0.01642000,0.01653000,2686537.10000000,1752371999999999,44289.07625100,607,893054.20000000,14724.05731100,0
1752372000000000,0.01653000,0.01655000,0.01636000,0.01652000,1882107.60000000,1752375599999999,31016.44396300,455,863986.50000000,14244.41350700,0
1752375600000000,0.01653000,0.01657000,0.01647000,0.01649000,1982874.20000000,1752379199999999,32762.06754800,423,831965.40000000,13756.16548200,0
1752379200000000,0.01650000,0.01663000,0.01643000,0.01663000,1925242.00000000,1752382799999999,31764.51147100,556,940059.00000000,15528.26903100,0
1752382800000000,0.01663000,0.01685000,0.01661000,0.01661000,6108881.80000000,1752386399999999,102218.64823200,1097,2948679.90000000,49416.62340100,0
1752386400000000,0.01661000,0.01679000,0.01655000,0.01655000,9571993.80000000,1752389999999999,159081.10936000,1880,1405612.80000000,23416.44710800,0
1752390000000000,0.01655000,0.01680000,0.01648000,0.01676000,5481246.90000000,1752393599999999,91238.10099900,1136,2833571.70000000,47313.28918400,0
1752393600000000,0.01676000,0.01676000,0.01654000,0.01659000,6086736.90000000,1752397199999999,101325.56224000,1039,1105365.00000000,18409.32144400,0
1752397200000000,0.01661000,0.01663000,0.01640000,0.01643000,2486655.80000000,1752400799999999,41000.92192200,534,624372.60000000,10302.64699100,0
1752400800000000,0.01646000,0.01652000,0.01643000,0.01649000,2113974.10000000,1752404399999999,34827.41544400,509,814869.40000000,13433.43858800,0
1752404400000000,0.01650000,0.01666000,0.01649000,0.01665000,1538290.10000000,1752407999999999,25545.71830700,561,699641.90000000,11618.88583700,0
1752408000000000,0.01666000,0.01683000,0.01659000,0.01681000,1985784.60000000,1752411599999999,33088.98271200,942,613369.00000000,10222.06435200,0
1752411600000000,0.01683000,0.01691000,0.01670000,0.01690000,2344362.30000000,1752415199999999,39398.19923300,578,844720.60000000,14216.27295900,0
1752415200000000,0.01691000,0.01711000,0.01687000,0.01696000,10268291.90000000,1752418799999999,174551.29299100,1909,6124485.20000000,104183.85796500,0
1752418800000000,0.01697000,0.01710000,0.01691000,0.01702000,6187264.90000000,1752422399999999,105330.16023400,1447,3633494.00000000,61870.27086000,0
1752422400000000,0.01701000,0.01712000,0.01685000,0.01685000,2804181.70000000,1752425999999999,47576.75087800,657,1108407.70000000,18816.06127700,0
1752426000000000,0.01685000,0.01701000,0.01679000,0.01697000,1783347.90000000,1752429599999999,30110.36398500,484,847092.40000000,14289.93083500,0
1752429600000000,0.01697000,0.01711000,0.01693000,0.01706000,3158470.60000000,1752433199999999,53757.80705800,616,1082314.00000000,18422.54721300,0
1752433200000000,0.01705000,0.01715000,0.01698000,0.01699000,2441870.00000000,1752436799999999,41622.35849200,450,1121733.20000000,19122.59665000,0
1752436800000000,0.01701000,0.01701000,0.01690000,0.01693000,8026399.40000000,1752440399999999,135997.88279500,1898,2498844.00000000,42361.14947200,0
1752440400000000,0.01693000,0.01699000,0.01662000,0.01671000,4779484.90000000,1752443999999999,80532.31832000,1121,1986940.00000000,33524.25626800,0
1752444000000000,0.01671000,0.01685000,0.01659000,0.01673000,3397913.20000000,1752447599999999,56724.27085700,767,1264615.00000000,21145.46366500,0
1752447600000000,0.01673000,0.01685000,0.01668000,0.01683000,2184234.30000000,1752451199999999,36619.67790600,643,1134916.20000000,19047.59305600,0
1752451200000000,0.01682000,0.01697000,0.01667000,0.01690000,3474402.10000000,1752454799999999,58579.38655700,1338,1245708.90000000,21002.18073800,0
1752454800000000,0.01691000,0.01703000,0.01685000,0.01703000,1831441.90000000,1752458399999999,31001.22042300,399,987161.70000000,16712.06449900,0
1752458400000000,0.01702000,0.01715000,0.01699000,0.01706000,2866218.40000000,1752461999999999,48983.39890000,760,1092689.90000000,18669.49032300,0
1752462000000000,0.01706000,0.01728000,0.01704000,0.01724000,3542799.00000000,1752465599999999,60933.55681600,1190,1644913.40000000,28304.97000500,0
1752465600000000,0.01725000,0.01743000,0.01717000,0.01740000,2957548.00000000,1752469199999999,51168.05579900,1015,973991.00000000,16854.94083800,0
1752469200000000,0.01740000,0.01746000,0.01696000,0.01712000,10453096.70000000,1752472799999999,180259.71114400,2070,4065402.20000000,70031.05935600,0
1752472800000000,0.01712000,0.01716000,0.01700000,0.01711000,6194971.50000000,1752476399999999,105883.05589800,1361,3554417.60000000,60767.83500200,0
1752476400000000,0.01710000,0.01734000,0.01710000,0.01731000,4170835.00000000,1752479999999999,71762.06984900,983,1160768.00000000,19983.56076300,0
1752480000000000,0.01730000,0.01730000,0.01702000,0.01723000,5041232.80000000,1752483599999999,86458.41973600,809,2454396.40000000,42074.16375000,0
1752483600000000,0.01723000,0.01727000,0.01715000,0.01720000,2646046.70000000,1752487199999999,45557.50479100,508,1189811.00000000,20486.76615900,0
1752487200000000,0.01720000,0.01724000,0.01706000,0.01718000,3052272.70000000,1752490799999999,52353.04134000,614,1433320.50000000,24596.62557000,0
1752490800000000,0.01719000,0.01720000,0.01697000,0.01705000,2220405.60000000,1752494399999999,37935.29332100,544,939912.40000000,16054.72589100,0
1752494400000000,0.01705000,0.01714000,0.01695000,0.01708000,2672567.90000000,1752497999999999,45578.71845800,731,1264652.30000000,21568.93608400,0
1752498000000000,0.01708000,0.01717000,0.01693000,0.01708000,2969176.50000000,1752501599999999,50663.34888000,952,1890867.90000000,32281.75407100,0
1752501600000000,0.01709000,0.01712000,0.01672000,0.01689000,5457237.90000000,1752505199999999,92045.64153400,1419,1927961.90000000,32493.06505200,0
1752505200000000,0.01688000,0.01688000,0.01660000,0.01670000,3890816.10000000,1752508799999999,65190.68498100,1202,1588283.70000000,26593.03215600,0
1752508800000000,0.01670000,0.01686000,0.01659000,0.01683000,3240769.00000000,1752512399999999,54145.05989000,1011,1349775.30000000,22549.95038200,0
1752512400000000,0.01682000,0.01682000,0.01666000,0.01672000,1311312.10000000,1752515999999999,21938.53751100,576,623508.20000000,10430.70603900,0
1752516000000000,0.01671000,0.01672000,0.01653000,0.01656000,2030931.00000000,1752519599999999,33817.54240300,789,818077.00000000,13618.94076500,0
1752519600000000,0.01655000,0.01665000,0.01646000,0.01660000,2599386.80000000,1752523199999999,43038.16237100,589,1403702.90000000,23242.50848200,0
1752523200000000,0.01659000,0.01676000,0.01642000,0.01668000,2597573.20000000,1752526799999999,43016.28149500,719,1681646.10000000,27848.48311800,0
1752526800000000,0.01668000,0.01673000,0.01662000,0.01672000,1436724.10000000,1752530399999999,23978.59617000,298,619593.40000000,10347.26057800,0
1752530400000000,0.01672000,0.01675000,0.01661000,0.01669000,1865310.60000000,1752533999999999,31084.93403700,257,767224.10000000,12793.01848100,0
1752534000000000,0.01669000,0.01675000,0.01662000,0.01674000,3504369.10000000,1752537599999999,58497.83798800,917,2500114.80000000,41739.25845600,0
1752537600000000,0.01672000,0.01683000,0.01650000,0.01651000,5606366.10000000,1752541199999999,93259.57686200,1361,3401132.70000000,56578.52176100,0
1752541200000000,0.01652000,0.01663000,0.01635000,0.01643000,5128959.70000000,1752544799999999,84532.40068800,1416,3213087.50000000,52953.05240600,0
1752544800000000,0.01646000,0.01651000,0.01626000,0.01639000,6549295.30000000,1752548399999999,107356.45154800,1930,3773607.70000000,61868.68593100,0
1752548400000000,0.01638000,0.01639000,0.01613000,0.01629000,10345128.70000000,1752551999999999,168283.19777100,2380,6993154.00000000,113778.27873200,0
1752552000000000,0.01629000,0.01652000,0.01613000,0.01649000,3785871.60000000,1752555599999999,61901.68382300,1067,2197455.40000000,35949.39473900,0
1752555600000000,0.01646000,0.01652000,0.01640000,0.01643000,2884997.60000000,1752559199999999,47497.27715100,848,1747331.20000000,28770.30961800,0
1752559200000000,0.01644000,0.01653000,0.01640000,0.01646000,2631697.50000000,1752562799999999,43310.58469700,605,1770850.10000000,29144.93902800,0
1752562800000000,0.01647000,0.01653000,0.01639000,0.01643000,1473068.30000000,1752566399999999,24257.79316800,392,725520.00000000,11946.57558600,0
1752566400000000,0.01642000,0.01645000,0.01627000,0.01638000,3896706.30000000,1752569999999999,63752.81959300,1008,2217238.00000000,36281.61571700,0
1752570000000000,0.01638000,0.01652000,0.01635000,0.01643000,2778890.70000000,1752573599999999,45722.37161600,584,1554257.50000000,25601.80099100,0
1752573600000000,0.01643000,0.01646000,0.01636000,0.01641000,1450924.70000000,1752577199999999,23832.50373900,268,640260.30000000,10518.94349000,0
1752577200000000,0.01640000,0.01647000,0.01624000,0.01646000,1863864.00000000,1752580799999999,30460.85818500,474,987799.40000000,16148.44084100,0
1752580800000000,0.01644000,0.01661000,0.01625000,0.01650000,5271567.00000000,1752584399999999,86623.47437300,996,2257814.20000000,37091.51961900,0
1752584400000000,0.01650000,0.01673000,0.01647000,0.01666000,3452726.40000000,1752587999999999,57407.43544400,998,1756144.90000000,29196.97978000,0
1752588000000000,0.01665000,0.01675000,0.01629000,0.01633000,3956771.20000000,1752591599999999,65407.04857400,1036,2041892.80000000,33754.17766500,0
1752591600000000,0.01632000,0.01668000,0.01630000,0.01664000,3546515.60000000,1752595199999999,58347.40960600,1065,1896397.90000000,31170.38740200,0
1752595200000000,0.01665000,0.01685000,0.01663000,0.01678000,1657782.10000000,1752598799999999,27780.67572300,451,849689.10000000,14241.56945200,0
1752598800000000,0.01679000,0.01701000,0.01679000,0.01701000,2712553.50000000,1752602399999999,45803.15818000,730,1618310.30000000,27328.16458000,0
1752602400000000,0.01701000,0.01717000,0.01686000,0.01709000,15914897.60000000,1752605999999999,271686.03393000,2205,8146930.30000000,139028.31677000,0
1752606000000000,0.01706000,0.01727000,0.01690000,0.01692000,19371634.80000000,1752609599999999,331877.34990800,3583,9797613.30000000,167816.20864700,0
1752609600000000,0.01692000,0.01711000,0.01690000,0.01707000,2964710.80000000,1752613199999999,50451.57806100,620,1853853.80000000,31539.83182300,0
1752613200000000,0.01705000,0.01721000,0.01705000,0.01720000,1560384.50000000,1752616799999999,26702.38401500,323,909799.00000000,15573.01388000,0
1752616800000000,0.01718000,0.01730000,0.01712000,0.01726000,3394361.70000000,1752620399999999,58498.85910700,534,1892190.00000000,32613.49258700,0
1752620400000000,0.01727000,0.01754000,0.01727000,0.01751000,5224953.90000000,1752623999999999,91129.35150600,756,2366040.50000000,41278.45250100,0
1752624000000000,0.01751000,0.01756000,0.01734000,0.01752000,2944759.80000000,1752627599999999,51440.12910400,639,1423623.70000000,24883.06770900,0
1752627600000000,0.01753000,0.01754000,0.01738000,0.01743000,3034247.20000000,1752631199999999,52995.96908000,471,1532950.90000000,26779.33824800,0
1752631200000000,0.01741000,0.01742000,0.01707000,0.01715000,5368135.70000000,1752634799999999,92527.07485500,486,1519118.40000000,26150.34730200,0
1752634800000000,0.01716000,0.01727000,0.01716000,0.01723000,1468909.20000000,1752638399999999,25295.90509600,497,435643.20000000,7504.29191800,0
1752638400000000,0.01723000,0.01729000,0.01711000,0.01729000,1314561.80000000,1752641999999999,22623.81968400,378,569073.20000000,9797.13225900,0
1752642000000000,0.01730000,0.01737000,0.01729000,0.01731000,840024.30000000,1752645599999999,14559.13090700,228,341645.00000000,5921.41935400,0
1752645600000000,0.01731000,0.01736000,0.01722000,0.01736000,1648545.60000000,1752649199999999,28484.42151900,418,527252.70000000,9124.63293300,0
1752649200000000,0.01736000,0.01745000,0.01728000,0.01740000,1561595.90000000,1752652799999999,27108.06003700,361,819708.20000000,14229.45290800,0
1752652800000000,0.01739000,0.01740000,0.01734000,0.01738000,1616634.60000000,1752656399999999,28081.71554800,259,681723.50000000,11845.14819900,0
1752656400000000,0.01738000,0.01746000,0.01728000,0.01734000,2323932.20000000,1752659999999999,40413.06242100,407,1174602.30000000,20426.44016700,0
1752660000000000,0.01735000,0.01740000,0.01731000,0.01732000,1633426.60000000,1752663599999999,28359.73586100,292,985442.60000000,17109.94922700,0
1752663600000000,0.01732000,0.01740000,0.01730000,0.01734000,1200765.80000000,1752667199999999,20822.68324500,243,577358.40000000,10015.37046900,0
1752667200000000,0.01733000,0.01741000,0.01728000,0.01733000,2637221.90000000,1752670799999999,45750.90491300,459,1483722.90000000,25746.97624700,0
1752670800000000,0.01733000,0.01737000,0.01715000,0.01729000,8498385.00000000,1752674399999999,147026.79181300,2390,2019948.20000000,34929.01478600,0
1752674400000000,0.01729000,0.01749000,0.01716000,0.01743000,4306265.00000000,1752677999999999,74582.89046800,1025,1526759.60000000,26447.50967000,0
1752678000000000,0.01744000,0.01750000,0.01722000,0.01734000,7663363.80000000,1752681599999999,133344.89860300,1195,3667280.40000000,63804.18777100,0
1752681600000000,0.01735000,0.01756000,0.01734000,0.01753000,4431624.50000000,1752685199999999,77392.19345800,782,1870213.60000000,32665.73730500,0
1752685200000000,0.01754000,0.01755000,0.01746000,0.01752000,2432809.00000000,1752688799999999,42601.00676300,532,939913.10000000,16461.05256800,0
1752688800000000,0.01753000,0.01768000,0.01751000,0.01752000,6988891.30000000,1752692399999999,122946.99481600,840,4780418.50000000,84143.66887300,0
1752692400000000,0.01754000,0.01757000,0.01742000,0.01750000,2492491.30000000,1752695999999999,43603.25519200,397,1078936.70000000,18886.47573700,0
1752696000000000,0.01751000,0.01774000,0.01751000,0.01769000,3432717.80000000,1752699599999999,60583.30000600,505,1954176.40000000,34487.53541200,0
1752699600000000,0.01770000,0.01781000,0.01763000,0.01771000,2017741.70000000,1752703199999999,35734.55753500,351,1131825.60000000,20060.69101700,0
1752703200000000,0.01772000,0.01780000,0.01747000,0.01753000,4244224.30000000,1752706799999999,74815.43852400,455,1908018.50000000,33643.72802900,0
1752706800000000,0.01754000,0.01754000,0.01738000,0.01750000,4029821.20000000,1752710399999999,70425.60051600,449,1716207.90000000,29990.16596200,0
1752710400000000,0.01749000,0.01770000,0.01745000,0.01753000,2985289.30000000,1752713999999999,52502.64652100,466,1506148.70000000,26502.18995800,0
1752714000000000,0.01752000,0.01760000,0.01709000,0.01729000,5944223.00000000,1752717599999999,102988.05088700,817,2850138.30000000,49324.90707800,0
1752717600000000,0.01728000,0.01743000,0.01725000,0.01739000,2879028.80000000,1752721199999999,49976.79449200,466,1260764.40000000,21882.51131400,0
1752721200000000,0.01740000,0.01740000,0.01709000,0.01719000,4706799.00000000,1752724799999999,80990.02704100,669,2149445.90000000,37002.92014000,0
1752724800000000,0.01718000,0.01730000,0.01716000,0.01729000,1749183.50000000,1752728399999999,30151.02587800,279,855991.60000000,14753.66629200,0
1752728400000000,0.01730000,0.01745000,0.01723000,0.01743000,1489940.70000000,1752731999999999,25826.67540100,263,856056.80000000,14847.90278000,0
1752732000000000,0.01743000,0.01758000,0.01733000,0.01748000,3048130.20000000,1752735599999999,53244.99784000,663,1729504.80000000,30197.79040200,0
1752735600000000,0.01749000,0.01751000,0.01733000,0.01743000,4304418.70000000,1752739199999999,74959.48487400,827,1740332.80000000,30309.83519800,0
1752739200000000,0.01743000,0.01754000,0.01741000,0.01754000,2602873.30000000,1752742799999999,45464.26229900,662,1095193.10000000,19135.00897700,0
1752742800000000,0.01754000,0.01775000,0.01750000,0.01768000,6664782.00000000,1752746399999999,117727.99938000,903,4006389.40000000,70852.34329900,0
1752746400000000,0.01769000,0.01770000,0.01753000,0.01761000,5125965.30000000,1752749999999999,90262.99353200,683,2782672.10000000,48996.14016700,0
1752750000000000,0.01760000,0.01762000,0.01747000,0.01752000,2969661.50000000,1752753599999999,52128.13099200,680,1623189.70000000,28493.67659600,0
1752753600000000,0.01753000,0.01762000,0.01737000,0.01756000,3861066.10000000,1752757199999999,67507.21320700,616,1828920.40000000,31980.94221900,0
1752757200000000,0.01754000,0.01760000,0.01723000,0.01744000,4241250.20000000,1752760799999999,73958.91172800,777,1987445.30000000,34672.50422800,0
1752760800000000,0.01744000,0.01760000,0.01740000,0.01754000,3794575.80000000,1752764399999999,66439.13853000,659,1957787.40000000,34289.54197400,0
1752764400000000,0.01756000,0.01758000,0.01735000,0.01746000,2793754.10000000,1752767999999999,48831.40266800,551,1420344.80000000,24824.90917200,0
1752768000000000,0.01746000,0.01750000,0.01695000,0.01709000,17448721.60000000,1752771599999999,298587.74655300,2978,7555902.20000000,129394.01621600,0
1752771600000000,0.01709000,0.01732000,0.01703000,0.01730000,7981291.60000000,1752775199999999,137369.74020800,1756,3448633.70000000,59464.36366500,0
1752775200000000,0.01730000,0.01742000,0.01728000,0.01740000,4849509.10000000,1752778799999999,84149.88856800,918,3213517.10000000,55792.77258200,0
1752778800000000,0.01740000,0.01743000,0.01707000,0.01708000,2975636.00000000,1752782399999999,51536.77742600,697,1104137.10000000,19143.11583200,0
1752782400000000,0.01710000,0.01720000,0.01687000,0.01718000,5074638.20000000,1752785999999999,86353.96082000,1187,1920973.60000000,32738.64536200,0
1752786000000000,0.01718000,0.01746000,0.01717000,0.01735000,4312916.70000000,1752789599999999,74922.56524200,1009,1514050.60000000,26297.39568200,0
1752789600000000,0.01735000,0.01758000,0.01733000,0.01749000,3149407.50000000,1752793199999999,55039.79029100,656,1611298.20000000,28167.57975300,0
1752793200000000,0.01748000,0.01766000,0.01743000,0.01744000,5193192.40000000,1752796799999999,91167.23327600,925,2569412.20000000,45111.26892200,0
1752796800000000,0.01745000,0.01772000,0.01743000,0.01770000,5011946.10000000,1752800399999999,88028.89938400,705,2292028.40000000,40243.53032900,0
1752800400000000,0.01769000,0.01793000,0.01766000,0.01788000,11140853.70000000,1752803999999999,197892.56429200,1250,5983437.20000000,106260.43337600,0
1752804000000000,0.01789000,0.01820000,0.01781000,0.01797000,18099612.30000000,1752807599999999,326361.91669000,1408,9892624.80000000,178364.67396500,0
1752807600000000,0.01801000,0.01806000,0.01794000,0.01799000,6253125.10000000,1752811199999999,112512.60073800,471,3596219.60000000,64706.52659300,0
1752811200000000,0.01800000,0.01826000,0.01798000,0.01822000,6109736.60000000,1752814799999999,110595.32450400,677,3237461.50000000,58586.94969100,0
1752814800000000,0.01823000,0.01840000,0.01820000,0.01837000,10644634.80000000,1752818399999999,194625.64009600,999,5258608.40000000,96159.00733100,0
1752818400000000,0.01836000,0.01838000,0.01816000,0.01830000,3127672.40000000,1752821999999999,57126.50635700,514,1122365.60000000,20500.73638200,0
1752822000000000,0.01831000,0.01839000,0.01803000,0.01805000,8935267.50000000,1752825599999999,162793.47063200,978,4143541.50000000,75339.17883400,0
1752825600000000,0.01807000,0.01821000,0.01785000,0.01800000,7734261.80000000,1752829199999999,139589.09106400,884,3628635.70000000,65508.62579000,0
1752829200000000,0.01799000,0.01820000,0.01793000,0.01820000,3303465.10000000,1752832799999999,59728.89898000,492,1418161.80000000,25626.80543200,0
1752832800000000,0.01819000,0.01824000,0.01795000,0.01824000,2586575.80000000,1752836399999999,46816.23148100,417,1695782.60000000,30712.13291400,0
1752836400000000,0.01823000,0.01827000,0.01798000,0.01814000,3155036.60000000,1752839999999999,57066.63081000,419,1431937.40000000,25892.24336600,0
1752840000000000,0.01815000,0.01837000,0.01808000,0.01836000,6796760.00000000,1752843599999999,123958.47727200,681,3786375.70000000,69045.58070400,0
1752843600000000,0.01835000,0.01837000,0.01814000,0.01821000,5480579.50000000,1752847199999999,100042.50496400,668,2217935.70000000,40450.76761300,0
1752847200000000,0.01821000,0.01837000,0.01775000,0.01798000,6451274.50000000,1752850799999999,116183.27347200,1248,3334440.50000000,60148.87348700,0
1752850800000000,0.01798000,0.01808000,0.01763000,0.01778000,4576327.20000000,1752854399999999,81476.10272700,1196,2378137.20000000,42365.10840300,0
1752854400000000,0.01780000,0.01809000,0.01776000,0.01798000,3460789.00000000,1752857999999999,62029.17976100,862,2086528.70000000,37404.29414300,0
1752858000000000,0.01798000,0.01812000,0.01790000,0.01804000,1659243.20000000,1752861599999999,29856.16068200,563,1005026.20000000,18083.74885100,0
1752861600000000,0.01804000,0.01804000,0.01784000,0.01784000,989153.20000000,1752865199999999,17750.18261300,364,544094.30000000,9768.62064800,0
1752865200000000,0.01786000,0.01798000,0.01770000,0.01790000,3136808.80000000,1752868799999999,55982.85095900,547,1473855.10000000,26289.35413800,0
1752868800000000,0.01790000,0.01790000,0.01744000,0.01773000,7038390.30000000,1752872399999999,124121.16041500,1274,3930647.30000000,69342.68062100,0
1752872400000000,0.01771000,0.01789000,0.01771000,0.01778000,2391486.40000000,1752875999999999,42570.92208800,287,641684.80000000,11429.99265200,0
1752876000000000,0.01778000,0.01790000,0.01768000,0.01771000,3508537.90000000,1752879599999999,62425.42824100,636,1454972.40000000,25904.47116100,0
1752879600000000,0.01772000,0.01789000,0.01760000,0.01785000,2563403.70000000,1752883199999999,45533.74474300,392,1278290.30000000,22694.81769700,0
1752883200000000,0.01786000,0.01786000,0.01746000,0.01746000,2688384.70000000,1752886799999999,47545.08860900,578,1123252.60000000,19877.12766300,0
1752886800000000,0.01747000,0.01764000,0.01735000,0.01754000,2783984.10000000,1752890399999999,48666.04037600,486,1142683.00000000,19978.53516600,0
1752890400000000,0.01755000,0.01766000,0.01749000,0.01762000,1702093.50000000,1752893999999999,29919.28337400,324,738982.30000000,12990.76305800,0
1752894000000000,0.01763000,0.01780000,0.01762000,0.01780000,1512396.00000000,1752897599999999,26785.15792600,349,587608.00000000,10407.07984500,0
1752897600000000,0.01781000,0.01793000,0.01779000,0.01787000,2128039.80000000,1752901199999999,37995.27990900,423,820844.40000000,14657.11646600,0
1752901200000000,0.01790000,0.01793000,0.01775000,0.01778000,1752034.10000000,1752904799999999,31206.91938300,357,686417.20000000,12227.48311300,0
1752904800000000,0.01779000,0.01780000,0.01765000,0.01772000,2166968.60000000,1752908399999999,38419.00333300,419,1195682.30000000,21196.45654600,0
1752908400000000,0.01772000,0.01780000,0.01765000,0.01769000,1179652.20000000,1752911999999999,20913.50354300,280,427159.70000000,7570.75156200,0
1752912000000000,0.01769000,0.01776000,0.01758000,0.01761000,1826004.90000000,1752915599999999,32242.61662400,313,842877.70000000,14884.43350200,0
1752915600000000,0.01761000,0.01770000,0.01756000,0.01757000,1397249.60000000,1752919199999999,24632.51789800,246,750666.50000000,13242.83141900,0
1752919200000000,0.01758000,0.01766000,0.01754000,0.01756000,1437424.30000000,1752922799999999,25276.96716400,269,495849.50000000,8726.98144200,0
1752922800000000,0.01758000,0.01764000,0.01746000,0.01749000,1984078.90000000,1752926399999999,34797.41084500,303,816299.50000000,14339.88733600,0
1752926400000000,0.01750000,0.01752000,0.01742000,0.01752000,1936913.80000000,1752929999999999,33849.88614600,422,966066.30000000,16881.65670600,0
1752930000000000,0.01752000,0.01752000,0.01735000,0.01742000,2241269.90000000,1752933599999999,39069.28822900,409,614854.90000000,10725.10742500,0
1752933600000000,0.01743000,0.01745000,0.01709000,0.01719000,5289347.20000000,1752937199999999,91222.57516500,759,1861727.60000000,32135.74148000,0
1752937200000000,0.01719000,0.01747000,0.01719000,0.01739000,3618639.40000000,1752940799999999,62875.44116200,574,1488156.60000000,25854.13196800,0
1752940800000000,0.01739000,0.01746000,0.01728000,0.01740000,3337037.80000000,1752944399999999,57919.14612300,773,1172610.00000000,20371.80761000,0
1752944400000000,0.01740000,0.01745000,0.01734000,0.01743000,1093775.00000000,1752947999999999,19008.10329000,409,302429.60000000,5254.24812600,0
1752948000000000,0.01743000,0.01760000,0.01742000,0.01754000,1153568.30000000,1752951599999999,20248.45890800,181,346615.40000000,6080.12536100,0
1752951600000000,0.01756000,0.01780000,0.01754000,0.01777000,1454500.40000000,1752955199999999,25724.74139700,334,535563.50000000,9479.52534700,0
1752955200000000,0.01778000,0.01796000,0.01773000,0.01788000,2559558.40000000,1752958799999999,45686.07925200,416,1462645.70000000,26117.24325000,0
1752958800000000,0.01788000,0.01791000,0.01764000,0.01773000,1341763.60000000,1752962399999999,23766.75386300,297,692644.60000000,12282.89577300,0
1752962400000000,0.01773000,0.01785000,0.01768000,0.01779000,2498323.10000000,1752965999999999,44389.98726900,263,1798501.50000000,31957.31754300,0
1752966000000000,0.01778000,0.01800000,0.01776000,0.01793000,6784895.40000000,1752969599999999,121351.50173900,527,5423252.70000000,96970.25347100,0
1752969600000000,0.01796000,0.01803000,0.01787000,0.01794000,2706537.30000000,1752973199999999,48617.60365600,388,1313338.40000000,23594.15276400,0
1752973200000000,0.01794000,0.01806000,0.01791000,0.01795000,2792483.10000000,1752976799999999,50247.04682200,342,1004953.50000000,18084.39639800,0
1752976800000000,0.01793000,0.01813000,0.01790000,0.01805000,3013552.10000000,1752980399999999,54335.01948100,327,1370349.50000000,24704.48361800,0
1752980400000000,0.01805000,0.01822000,0.01802000,0.01808000,2444790.70000000,1752983999999999,44293.64957900,361,1100535.90000000,19936.66857600,0
1752984000000000,0.01811000,0.01824000,0.01808000,0.01813000,3327248.70000000,1752987599999999,60421.48256900,502,1931960.70000000,35090.86694400,0
1752987600000000,0.01814000,0.01818000,0.01805000,0.01817000,2385718.20000000,1752991199999999,43185.75913600,278,1114519.00000000,20174.67516600,0
1752991200000000,0.01816000,0.01830000,0.01816000,0.01826000,2583426.40000000,1752994799999999,47135.91545300,481,912931.90000000,16654.03354400,0
1752994800000000,0.01827000,0.01842000,0.01824000,0.01833000,3768371.50000000,1752998399999999,69112.07360500,625,2041101.80000000,37433.63709900,0
1752998400000000,0.01832000,0.01849000,0.01832000,0.01845000,2852790.10000000,1753001999999999,52565.92410500,493,1490697.10000000,27479.36037400,0
1753002000000000,0.01846000,0.01883000,0.01830000,0.01877000,14680115.00000000,1753005599999999,273090.35175400,1794,8146488.60000000,151418.30576900,0
1753005600000000,0.01876000,0.01879000,0.01856000,0.01870000,12306208.90000000,1753009199999999,229765.89191100,1461,5906562.80000000,110238.81321200,0
1753009200000000,0.01870000,0.01876000,0.01860000,0.01873000,3370719.60000000,1753012799999999,62966.64607700,514,1780495.20000000,33266.90969500,0
1753012800000000,0.01872000,0.01876000,0.01866000,0.01873000,3807604.80000000,1753016399999999,71206.61389900,488,1621158.40000000,30327.06024400,0
1753016400000000,0.01873000,0.01880000,0.01866000,0.01877000,3881767.20000000,1753019999999999,72731.63360200,488,2256955.50000000,42308.65368600,0
1753020000000000,0.01877000,0.01880000,0.01852000,0.01874000,6162591.20000000,1753023599999999,115166.01438000,907,2595819.20000000,48519.29351600,0
1753023600000000,0.01874000,0.01888000,0.01868000,0.01888000,6055432.10000000,1753027199999999,113637.41366700,648,3291372.80000000,61826.37996200,0
1753027200000000,0.01888000,0.01905000,0.01876000,0.01903000,14125463.30000000,1753030799999999,267525.82354500,1328,5463034.50000000,103498.04585500,0
1753030800000000,0.01903000,0.01905000,0.01880000,0.01884000,9387733.10000000,1753034399999999,177795.91176800,1042,4811520.80000000,91174.63236500,0
1753034400000000,0.01885000,0.01903000,0.01880000,0.01902000,2356931.00000000,1753037999999999,44564.25961300,347,1353050.20000000,25598.63682900,0
1753038000000000,0.01901000,0.01906000,0.01893000,0.01893000,2381103.00000000,1753041599999999,45244.02065300,306,1322618.90000000,25139.67564300,0
1753041600000000,0.01890000,0.01901000,0.01878000,0.01896000,4696615.20000000,1753045199999999,88728.68333400,552,2200641.00000000,41545.32248600,0
1753045200000000,0.01894000,0.01899000,0.01874000,0.01898000,2568656.90000000,1753048799999999,48496.29000200,436,1256906.00000000,23732.89204900,0
1753048800000000,0.01898000,0.01899000,0.01831000,0.01878000,6526658.30000000,1753052399999999,121575.67167800,1077,3105871.60000000,57850.50539600,0
1753052400000000,0.01874000,0.01882000,0.01862000,0.01879000,4001529.20000000,1753055999999999,74985.47785400,478,1502775.40000000,28164.54957700,0
1753056000000000,0.01878000,0.01878000,0.01845000,0.01875000,3993700.00000000,1753059599999999,74434.33133500,517,2114411.10000000,39394.31053000,0
1753059600000000,0.01874000,0.01884000,0.01845000,0.01866000,3049316.50000000,1753063199999999,56816.58094900,467,1145460.10000000,21388.04269500,0
1753063200000000,0.01867000,0.01886000,0.01866000,0.01886000,1381268.80000000,1753066799999999,25924.42433100,208,574841.10000000,10796.58548300,0
1753066800000000,0.01887000,0.01904000,0.01886000,0.01900000,3806718.30000000,1753070399999999,72140.72129100,379,1718080.70000000,32544.45247000,0
1753070400000000,0.01902000,0.01909000,0.01898000,0.01902000,1998438.40000000,1753073999999999,38047.01867400,341,930532.20000000,17717.60091700,0
1753074000000000,0.01901000,0.01906000,0.01891000,0.01901000,2558297.50000000,1753077599999999,48633.15510100,253,1286336.20000000,24449.89479900,0
1753077600000000,0.01903000,0.01918000,0.01895000,0.01910000,4303740.70000000,1753081199999999,82143.19952500,468,2314083.40000000,44162.06318100,0
1753081200000000,0.01910000,0.01919000,0.01901000,0.01907000,2873929.40000000,1753084799999999,54890.17460600,371,951038.00000000,18182.86804300,0
1753084800000000,0.01907000,0.01929000,0.01906000,0.01913000,4421446.30000000,1753088399999999,84805.67179900,554,2277104.00000000,43707.26985300,0
1753088400000000,0.01913000,0.01918000,0.01899000,0.01913000,3724627.60000000,1753091999999999,71073.94514900,427,1596712.30000000,30474.69596700,0
1753092000000000,0.01912000,0.01920000,0.01899000,0.01917000,4178836.70000000,1753095599999999,79748.11409700,418,1363993.10000000,26037.77678700,0
1753095600000000,0.01918000,0.01928000,0.01916000,0.01918000,3122164.20000000,1753099199999999,60004.21946900,345,1385653.70000000,26641.35956200,0
1753099200000000,0.01919000,0.01919000,0.01903000,0.01915000,4439301.70000000,1753102799999999,84832.07603600,468,1877762.80000000,35890.18614000,0
1753102800000000,0.01916000,0.01920000,0.01897000,0.01915000,3126361.50000000,1753106399999999,59622.07399000,457,1443085.30000000,27493.12792100,0
1753106400000000,0.01917000,0.01929000,0.01902000,0.01921000,5387981.40000000,1753109999999999,103473.91463200,641,1775499.00000000,34090.49837600,0
1753110000000000,0.01922000,0.01939000,0.01903000,0.01905000,5768010.70000000,1753113599999999,110676.27772400,776,2255870.90000000,43320.37043300,0
1753113600000000,0.01905000,0.01915000,0.01866000,0.01893000,11999837.40000000,1753117199999999,226630.36984200,1480,5621463.90000000,106242.55454000,0
1753117200000000,0.01893000,0.01908000,0.01884000,0.01900000,4607772.80000000,1753120799999999,87277.93837700,564,1594958.00000000,30206.77571100,0
1753120800000000,0.01902000,0.01922000,0.01888000,0.01893000,3111749.70000000,1753124399999999,59275.98068200,571,1618002.80000000,30813.83668800,0
1753124400000000,0.01892000,0.01904000,0.01869000,0.01873000,3079316.90000000,1753127999999999,57960.30053100,530,1163246.20000000,21934.06147300,0
1753128000000000,0.01875000,0.01899000,0.01872000,0.01882000,2065511.60000000,1753131599999999,38953.46190500,361,930890.40000000,17548.25598400,0
1753131600000000,0.01881000,0.01899000,0.01875000,0.01892000,1641509.10000000,1753135199999999,31009.10783800,376,1241424.80000000,23456.50620900,0
1753135200000000,0.01891000,0.01910000,0.01887000,0.01907000,2138091.80000000,1753138799999999,40633.37532200,374,1333064.60000000,25356.11789700,0
1753138800000000,0.01906000,0.01917000,0.01898000,0.01910000,1472611.70000000,1753142399999999,28088.47056800,315,1035768.90000000,19749.09875100,0
1753142400000000,0.01909000,0.01909000,0.01878000,0.01882000,2940410.70000000,1753145999999999,55753.65224100,375,1354297.70000000,25680.12880100,0
1753146000000000,0.01882000,0.01903000,0.01840000,0.01900000,6447439.00000000,1753149599999999,120593.93852800,1061,3184781.10000000,59597.65601800,0
1753149600000000,0.01900000,0.01908000,0.01872000,0.01876000,2932037.50000000,1753153199999999,55431.37786600,489,1065005.30000000,20111.48979000,0
1753153200000000,0.01877000,0.01882000,0.01853000,0.01866000,3711954.00000000,1753156799999999,69424.94598300,616,1780772.20000000,33311.30892900,0
1753156800000000,0.01867000,0.01877000,0.01822000,0.01825000,4531550.50000000,1753160399999999,83819.76965800,807,1996094.70000000,36933.37053900,0
1753160400000000,0.01824000,0.01855000,0.01824000,0.01838000,4095359.90000000,1753163999999999,75401.43029100,724,2240984.00000000,41273.60094100,0
1753164000000000,0.01841000,0.01863000,0.01835000,0.01855000,1735588.80000000,1753167599999999,32130.61996200,418,652102.20000000,12076.92849900,0
1753167600000000,0.01856000,0.01871000,0.01848000,0.01853000,2406213.20000000,1753171199999999,44794.18092900,460,1110373.20000000,20674.84972100,0
1753171200000000,0.01852000,0.01852000,0.01809000,0.01837000,5109949.30000000,1753174799999999,93431.41481200,962,2470549.30000000,45145.40393600,0
1753174800000000,0.01838000,0.01863000,0.01810000,0.01846000,3433320.70000000,1753178399999999,63052.78582400,671,1617641.10000000,29749.30628200,0
1753178400000000,0.01846000,0.01874000,0.01846000,0.01873000,2626780.40000000,1753181999999999,48878.23291700,446,1355485.10000000,25221.41139900,0
1753182000000000,0.01872000,0.01881000,0.01862000,0.01874000,4084582.00000000,1753185599999999,76474.69880300,499,2052523.20000000,38438.89805300,0
1753185600000000,0.01874000,0.01881000,0.01867000,0.01872000,2088511.80000000,1753189199999999,39148.62001400,456,1031247.30000000,19327.87955800,0
1753189200000000,0.01873000,0.01879000,0.01841000,0.01851000,4622836.60000000,1753192799999999,86120.50455100,999,2369351.20000000,44112.11338700,0
1753192800000000,0.01850000,0.01862000,0.01827000,0.01862000,4955867.30000000,1753196399999999,91160.49542600,572,2304791.10000000,42401.99265400,0
1753196400000000,0.01862000,0.01879000,0.01857000,0.01863000,2786267.50000000,1753199999999999,52052.74557000,381,1377106.10000000,25744.21390000,0
1753200000000000,0.01860000,0.01887000,0.01858000,0.01870000,2349926.10000000,1753203599999999,44062.13578300,356,1288434.30000000,24167.45827600,0
1753203600000000,0.01869000,0.01869000,0.01845000,0.01864000,3365509.10000000,1753207199999999,62591.17387000,509,1400868.80000000,26041.51422200,0
1753207200000000,0.01864000,0.01889000,0.01850000,0.01881000,2862828.80000000,1753210799999999,53551.23476800,526,1573056.30000000,29417.18575600,0
1753210800000000,0.01882000,0.01885000,0.01848000,0.01855000,1922327.70000000,1753214399999999,35952.52890800,343,623796.20000000,11659.90722700,0
1753214400000000,0.01854000,0.01879000,0.01851000,0.01878000,2015012.70000000,1753217999999999,37567.55106100,387,1150548.50000000,21420.14809000,0
1753218000000000,0.01878000,0.01884000,0.01870000,0.01883000,888210.30000000,1753221599999999,16666.06372500,167,299768.80000000,5626.15791000,0
1753221600000000,0.01886000,0.01890000,0.01882000,0.01887000,774999.50000000,1753225199999999,14617.33263400,148,467665.80000000,8823.40906600,0
1753225200000000,0.01886000,0.01900000,0.01884000,0.01894000,1518801.80000000,1753228799999999,28741.29881000,280,707097.60000000,13396.22524100,0
1753228800000000,0.01892000,0.01892000,0.01866000,0.01866000,2913275.80000000,1753232399999999,54833.00138200,375,913496.00000000,17203.58930600,0
1753232400000000,0.01866000,0.01873000,0.01858000,0.01863000,3170877.60000000,1753235999999999,59105.83457600,518,980671.30000000,18284.11877600,0
1753236000000000,0.01864000,0.01869000,0.01857000,0.01869000,2004549.50000000,1753239599999999,37330.35516900,369,897806.10000000,16721.92650100,0
1753239600000000,0.01869000,0.01885000,0.01864000,0.01871000,1396301.20000000,1753243199999999,26140.95249600,216,527512.30000000,9874.25512300,0
1753243200000000,0.01871000,0.01888000,0.01865000,0.01888000,1867808.60000000,1753246799999999,35064.21390300,303,770612.20000000,14470.16879800,0
1753246800000000,0.01887000,0.01891000,0.01881000,0.01888000,1968383.20000000,1753250399999999,37129.01677700,300,836080.40000000,15775.83803500,0
1753250400000000,0.01887000,0.01889000,0.01861000,0.01867000,2606315.90000000,1753253999999999,48916.38884300,330,835919.70000000,15658.87391900,0
1753254000000000,0.01866000,0.01874000,0.01855000,0.01863000,1984829.40000000,1753257599999999,36972.36962200,520,1151080.70000000,21439.57660500,0
1753257600000000,0.01862000,0.01875000,0.01860000,0.01875000,2315413.80000000,1753261199999999,43246.21452300,462,1315864.90000000,24575.36286200,0
1753261200000000,0.01875000,0.01875000,0.01844000,0.01844000,3123949.90000000,1753264799999999,57838.20554100,616,1328004.10000000,24582.35653100,0
1753264800000000,0.01843000,0.01857000,0.01831000,0.01855000,7185496.90000000,1753268399999999,132477.55564700,1042,5555437.70000000,102419.70959100,0
1753268400000000,0.01854000,0.01854000,0.01842000,0.01852000,2318676.30000000,1753271999999999,42850.03705800,330,784299.30000000,14498.77130200,0
1753272000000000,0.01851000,0.01854000,0.01801000,0.01806000,8268720.50000000,1753275599999999,151175.36618000,1143,2478331.40000000,45350.68278200,0
1753275600000000,0.01805000,0.01814000,0.01756000,0.01778000,21203127.20000000,1753279199999999,378463.97982800,5006,10093920.40000000,180164.36087700,0
1753279200000000,0.01774000,0.01804000,0.01768000,0.01795000,9906549.20000000,1753282799999999,177335.42473400,1828,5351973.40000000,95822.07220400,0
1753282800000000,0.01795000,0.01804000,0.01778000,0.01800000,3275759.50000000,1753286399999999,58642.00795700,876,1610387.00000000,28829.01110100,0
1753286400000000,0.01801000,0.01801000,0.01758000,0.01758000,4616660.50000000,1753289999999999,81791.50781700,1179,1909973.80000000,33855.83983800,0
1753290000000000,0.01758000,0.01769000,0.01736000,0.01756000,9825209.50000000,1753293599999999,172184.20344600,1922,4470621.40000000,78365.45002800,0
1753293600000000,0.01757000,0.01769000,0.01754000,0.01767000,1833568.40000000,1753297199999999,32321.39633600,461,945031.10000000,16662.78153800,0
1753297200000000,0.01767000,0.01772000,0.01756000,0.01756000,4078772.10000000,1753300799999999,71859.38499400,601,1625049.70000000,28636.36046500,0
1753300800000000,0.01756000,0.01767000,0.01706000,0.01738000,12200919.90000000,1753304399999999,210167.69389800,2712,6467346.90000000,111360.57214700,0
1753304400000000,0.01737000,0.01743000,0.01695000,0.01732000,5982922.90000000,1753307999999999,102768.03732800,1145,2901271.00000000,49679.52414600,0
1753308000000000,0.01733000,0.01761000,0.01726000,0.01754000,4033193.60000000,1753311599999999,70433.48647600,774,2886268.90000000,50386.50308800,0
1753311600000000,0.01753000,0.01760000,0.01742000,0.01743000,2872286.30000000,1753315199999999,50309.01961200,674,1631927.60000000,28586.36636600,0
1753315200000000,0.01743000,0.01761000,0.01730000,0.01755000,3797396.00000000,1753318799999999,66297.22865900,611,1896601.70000000,33138.51335600,0
1753318800000000,0.01754000,0.01756000,0.01737000,0.01755000,1298060.20000000,1753322399999999,22701.64623200,234,401910.70000000,7026.29673900,0
1753322400000000,0.01755000,0.01757000,0.01742000,0.01749000,978560.30000000,1753325999999999,17114.49958200,147,384150.40000000,6717.39877400,0
1753326000000000,0.01749000,0.01768000,0.01741000,0.01742000,1255570.80000000,1753329599999999,22010.93576000,297,623099.00000000,10933.59701300,0
1753329600000000,0.01741000,0.01746000,0.01707000,0.01708000,2477711.10000000,1753333199999999,42700.97299500,454,1170511.60000000,20214.48086300,0
1753333200000000,0.01706000,0.01708000,0.01653000,0.01660000,7268582.70000000,1753336799999999,122170.29252000,1036,3224795.30000000,54146.52306300,0
1753336800000000,0.01661000,0.01685000,0.01624000,0.01644000,9751468.40000000,1753340399999999,161328.38407200,2094,4807700.70000000,79686.79232600,0
1753340400000000,0.01643000,0.01671000,0.01628000,0.01653000,31255706.70000000,1753343999999999,514886.37801200,2670,18613358.30000000,306362.03511300,0
1753344000000000,0.01652000,0.01674000,0.01647000,0.01669000,8572824.90000000,1753347599999999,142760.65445500,918,2122078.60000000,35333.30710000,0
1753347600000000,0.01671000,0.01683000,0.01669000,0.01679000,4568471.10000000,1753351199999999,76601.62113600,639,3126137.90000000,52417.30097400,0
1753351200000000,0.01680000,0.01685000,0.01652000,0.01669000,4525349.70000000,1753354799999999,75501.41265800,851,2751507.70000000,45948.16343800,0
1753354800000000,0.01668000,0.01710000,0.01667000,0.01697000,6707489.10000000,1753358399999999,113719.32072500,720,4783807.30000000,81109.32646300,0
1753358400000000,0.01697000,0.01703000,0.01681000,0.01690000,4372468.10000000,1753361999999999,73984.48869400,644,2316015.40000000,39161.94885500,0
1753362000000000,0.01687000,0.01695000,0.01672000,0.01672000,4721930.30000000,1753365599999999,79659.25545800,905,2765755.20000000,46674.22233200,0
1753365600000000,0.01673000,0.01720000,0.01659000,0.01720000,6815846.60000000,1753369199999999,114299.64705800,1472,2696524.00000000,45123.78170100,0
1753369200000000,0.01720000,0.01727000,0.01700000,0.01707000,4743324.20000000,1753372799999999,81438.27342400,882,2458079.80000000,42202.99398300,0
1753372800000000,0.01707000,0.01709000,0.01675000,0.01680000,2237206.40000000,1753376399999999,37845.20728000,528,1213704.00000000,20523.52509500,0
1753376400000000,0.01681000,0.01722000,0.01679000,0.01714000,1904265.80000000,1753379999999999,32441.39372400,364,1078406.10000000,18359.54095100,0
1753380000000000,0.01714000,0.01726000,0.01706000,0.01716000,2219560.40000000,1753383599999999,38158.41342700,403,1405506.30000000,24185.62734300,0
1753383600000000,0.01716000,0.01722000,0.01703000,0.01703000,1032659.30000000,1753387199999999,17682.50787800,310,464850.80000000,7960.46110300,0
1753387200000000,0.01705000,0.01727000,0.01702000,0.01722000,1002101.30000000,1753390799999999,17163.55263000,249,510810.40000000,8742.25572100,0
1753390800000000,0.01722000,0.01724000,0.01704000,0.01709000,828474.40000000,1753394399999999,14192.48911800,275,403799.00000000,6916.26838500,0
1753394400000000,0.01708000,0.01713000,0.01695000,0.01710000,1266946.50000000,1753397999999999,21580.82927900,416,905181.40000000,15422.61003900,0
1753398000000000,0.01704000,0.01704000,0.01685000,0.01690000,2712423.00000000,1753401599999999,45907.58072600,568,1194480.80000000,20219.22920200,0
1753401600000000,0.01691000,0.01691000,0.01662000,0.01669000,2883842.70000000,1753405199999999,48283.23768600,546,1504741.70000000,25199.03217300,0
1753405200000000,0.01668000,0.01692000,0.01662000,0.01689000,1415116.90000000,1753408799999999,23695.28434900,231,663714.70000000,11123.92987100,0
1753408800000000,0.01690000,0.01696000,0.01655000,0.01659000,1821354.50000000,1753412399999999,30450.91785300,496,925077.10000000,15462.08486400,0
1753412400000000,0.01656000,0.01668000,0.01636000,0.01651000,3922774.90000000,1753415999999999,64721.79638300,726,1990409.30000000,32845.49671500,0
1753416000000000,0.01650000,0.01674000,0.01634000,0.01672000,6517569.60000000,1753419599999999,107693.75187700,2076,4782437.90000000,79005.29381100,0
1753419600000000,0.01672000,0.01672000,0.01646000,0.01648000,1552658.30000000,1753423199999999,25750.11455600,293,745963.40000000,12373.93808100,0
1753423200000000,0.01649000,0.01661000,0.01636000,0.01652000,3402830.70000000,1753426799999999,56052.42997700,508,1632658.30000000,26928.70963000,0
1753426800000000,0.01652000,0.01667000,0.01634000,0.01651000,3079678.20000000,1753430399999999,50845.46582400,633,1905438.80000000,31460.74388000,0
1753430400000000,0.01651000,0.01672000,0.01651000,0.01656000,2553623.70000000,1753433999999999,42339.00404800,562,1306064.60000000,21650.41762700,0
1753434000000000,0.01657000,0.01693000,0.01652000,0.01692000,4127614.90000000,1753437599999999,69330.60386000,712,2478372.20000000,41688.72277700,0
1753437600000000,0.01692000,0.01703000,0.01685000,0.01694000,3585801.70000000,1753441199999999,60718.71664700,528,1571462.30000000,26638.74670400,0
1753441200000000,0.01693000,0.01697000,0.01685000,0.01690000,1205697.80000000,1753444799999999,20397.61413400,411,489983.90000000,8290.92310200,0
1753444800000000,0.01692000,0.01703000,0.01686000,0.01693000,2172182.20000000,1753448399999999,36871.17812600,404,843352.40000000,14312.85891100,0
1753448400000000,0.01693000,0.01698000,0.01680000,0.01695000,2077560.10000000,1753451999999999,35115.80666000,391,1083674.10000000,18322.26570600,0
1753452000000000,0.01694000,0.01698000,0.01652000,0.01655000,4461435.80000000,1753455599999999,74349.66599500,741,2161862.70000000,36037.06072900,0
1753455600000000,0.01653000,0.01670000,0.01646000,0.01664000,2936907.20000000,1753459199999999,48733.29035100,356,1846741.10000000,30678.32280900,0
1753459200000000,0.01664000,0.01680000,0.01657000,0.01678000,3770017.20000000,1753462799999999,62797.29318900,452,1739333.20000000,28972.38415200,0
1753462800000000,0.01677000,0.01681000,0.01654000,0.01665000,9989072.90000000,1753466399999999,166506.95768200,807,5092635.10000000,84895.21568700,0
1753466400000000,0.01666000,0.01676000,0.01666000,0.01671000,1193041.50000000,1753469999999999,19947.39405300,203,745388.00000000,12469.81436700,0
1753470000000000,0.01669000,0.01684000,0.01669000,0.01674000,1311653.50000000,1753473599999999,21977.20439900,230,846079.70000000,14177.26192100,0
1753473600000000,0.01674000,0.01700000,0.01674000,0.01695000,2195614.70000000,1753477199999999,37150.59927400,302,703822.00000000,11887.90574000,0
1753477200000000,0.01698000,0.01709000,0.01698000,0.01709000,1473276.10000000,1753480799999999,25088.79881100,261,505238.20000000,8610.53088000,0
1753480800000000,0.01708000,0.01712000,0.01705000,0.01710000,477588.50000000,1753484399999999,8161.21579000,162,132344.30000000,2261.72554000,0
1753484400000000,0.01709000,0.01717000,0.01708000,0.01716000,1761983.20000000,1753487999999999,30199.41713700,245,960819.10000000,16459.70414800,0
1753488000000000,0.01716000,0.01722000,0.01711000,0.01715000,1604723.30000000,1753491599999999,27555.85174100,311,844192.80000000,14505.46567800,0
1753491600000000,0.01718000,0.01718000,0.01708000,0.01708000,1480449.10000000,1753495199999999,25386.91823300,191,462648.60000000,7933.53380500,0
1753495200000000,0.01709000,0.01729000,0.01708000,0.01718000,1080746.50000000,1753498799999999,18592.12220600,240,656454.70000000,11292.76776400,0
1753498800000000,0.01718000,0.01724000,0.01715000,0.01721000,1695145.60000000,1753502399999999,29161.75006900,187,683107.10000000,11753.03754800,0
1753502400000000,0.01720000,0.01721000,0.01709000,0.01711000,609172.40000000,1753505999999999,10444.32247200,146,355592.80000000,6096.41830100,0
1753506000000000,0.01711000,0.01714000,0.01704000,0.01706000,2110621.10000000,1753509599999999,36037.87075500,413,603034.50000000,10302.75041200,0
1753509600000000,0.01705000,0.01711000,0.01703000,0.01707000,2293497.70000000,1753513199999999,39127.16629300,424,1785222.40000000,30460.27561800,0
1753513200000000,0.01706000,0.01710000,0.01703000,0.01706000,704942.70000000,1753516799999999,12034.77817400,192,498680.00000000,8513.66051600,0
1753516800000000,0.01708000,0.01719000,0.01707000,0.01715000,1182855.70000000,1753520399999999,20263.93351300,345,717521.30000000,12291.37555100,0
1753520400000000,0.01715000,0.01726000,0.01709000,0.01725000,1568213.10000000,1753523999999999,26946.20410800,326,1171582.10000000,20137.76595800,0
1753524000000000,0.01726000,0.01731000,0.01722000,0.01726000,3671986.90000000,1753527599999999,63393.30507800,637,1301085.10000000,22478.78959700,0
1753527600000000,0.01726000,0.01728000,0.01716000,0.01718000,4094761.10000000,1753531199999999,70589.44625400,378,748214.90000000,12888.63414700,0
1753531200000000,0.01718000,0.01719000,0.01708000,0.01718000,1207452.30000000,1753534799999999,20730.82244200,309,496142.60000000,8516.68504300,0
1753534800000000,0.01717000,0.01722000,0.01714000,0.01717000,2377295.00000000,1753538399999999,40826.38742000,357,964767.60000000,16566.95087900,0
1753538400000000,0.01717000,0.01719000,0.01709000,0.01710000,1756810.30000000,1753541999999999,30098.10769800,270,654429.20000000,11210.60197100,0
1753542000000000,0.01710000,0.01714000,0.01703000,0.01713000,916141.00000000,1753545599999999,15659.15863300,166,434193.10000000,7423.66536600,0
1753545600000000,0.01715000,0.01718000,0.01708000,0.01714000,1097693.70000000,1753549199999999,18789.04479100,251,607006.90000000,10388.49638800,0
1753549200000000,0.01712000,0.01719000,0.01709000,0.01715000,1844443.60000000,1753552799999999,31583.18612400,259,375790.60000000,6441.12421800,0
1753552800000000,0.01714000,0.01719000,0.01705000,0.01716000,1915220.90000000,1753556399999999,32828.52851100,319,372011.80000000,6375.57195200,0
1753556400000000,0.01717000,0.01731000,0.01716000,0.01723000,3723987.40000000,1753559999999999,64097.10472200,456,1974882.70000000,33991.76577700,0
1753560000000000,0.01723000,0.01723000,0.01712000,0.01714000,754575.70000000,1753563599999999,12951.18557300,179,267013.40000000,4585.04729100,0
1753563600000000,0.01712000,0.01715000,0.01708000,0.01712000,1160675.70000000,1753567199999999,19865.17208700,193,757159.60000000,12962.55541400,0
1753567200000000,0.01715000,0.01725000,0.01711000,0.01714000,1895036.10000000,1753570799999999,32540.88161100,337,1058211.30000000,18173.86757300,0
1753570800000000,0.01713000,0.01718000,0.01710000,0.01711000,1283693.60000000,1753574399999999,21989.90047100,292,404199.30000000,6930.57002300,0
1753574400000000,0.01712000,0.01722000,0.01710000,0.01720000,2487706.50000000,1753577999999999,42678.60025200,513,666914.20000000,11447.12883800,0
1753578000000000,0.01721000,0.01725000,0.01714000,0.01715000,2630775.50000000,1753581599999999,45257.11166900,380,835291.40000000,14366.87149800,0
1753581600000000,0.01715000,0.01732000,0.01712000,0.01728000,3589616.70000000,1753585199999999,61920.65363600,606,1787683.10000000,30857.83087100,0
1753585200000000,0.01730000,0.01731000,0.01722000,0.01724000,800100.20000000,1753588799999999,13810.72338200,280,245667.60000000,4240.19112400,0
1753588800000000,0.01723000,0.01729000,0.01721000,0.01729000,331752.40000000,1753592399999999,5724.93771100,122,170677.90000000,2946.70023100,0
1753592400000000,0.01730000,0.01731000,0.01725000,0.01727000,2015804.60000000,1753595999999999,34845.68341100,473,584834.30000000,10108.61937900,0
1753596000000000,0.01728000,0.01739000,0.01725000,0.01738000,2871406.30000000,1753599599999999,49665.55823900,504,1085841.40000000,18786.11733100,0
1753599600000000,0.01739000,0.01777000,0.01739000,0.01775000,20371334.00000000,1753603199999999,359290.25136800,5218,14313590.60000000,252502.79969600,0
1753603200000000,0.01773000,0.01843000,0.01771000,0.01835000,133795910.10000000,1753606799999999,2420747.66420900,25883,82382194.30000000,1490843.90189800,0
1753606800000000,0.01836000,0.01871000,0.01779000,0.01783000,134586597.60000000,1753610399999999,2456833.80406700,15768,68735495.10000000,1255889.62597800,0
1753610400000000,0.01784000,0.01795000,0.01759000,0.01761000,36380458.70000000,1753613999999999,646380.36361800,2967,18051172.50000000,321140.53076100,0
1753614000000000,0.01761000,0.01769000,0.01744000,0.01751000,23818740.50000000,1753617599999999,418198.54247200,3596,10452305.20000000,183495.88343500,0
1753617600000000,0.01752000,0.01761000,0.01739000,0.01752000,9560820.00000000,1753621199999999,167360.21189000,2147,3069670.60000000,53725.93627800,0
1753621200000000,0.01753000,0.01762000,0.01749000,0.01761000,5194741.40000000,1753624799999999,91284.72092800,1049,2643647.30000000,46443.11191500,0
1753624800000000,0.01760000,0.01765000,0.01748000,0.01754000,3981743.90000000,1753628399999999,70004.76770600,711,1838541.00000000,32333.63046100,0
1753628400000000,0.01753000,0.01755000,0.01740000,0.01753000,6778391.40000000,1753631999999999,118433.96351300,1936,2299006.90000000,40175.58662300,0
1753632000000000,0.01752000,0.01773000,0.01752000,0.01765000,8070439.20000000,1753635599999999,142495.73800500,1767,2905788.00000000,51271.17779600,0
1753635600000000,0.01765000,0.01769000,0.01757000,0.01768000,1920521.50000000,1753639199999999,33855.92219000,395,1133366.70000000,19980.47159800,0
1753639200000000,0.01768000,0.01775000,0.01765000,0.01771000,2230207.00000000,1753642799999999,39462.95429900,639,1017054.60000000,18001.73003900,0
1753642800000000,0.01770000,0.01774000,0.01755000,0.01758000,5809153.00000000,1753646399999999,102262.96075500,870,1781311.00000000,31392.24702200,0
1753646400000000,0.01758000,0.01772000,0.01757000,0.01765000,5922892.40000000,1753649999999999,104544.17089300,922,1997239.80000000,35284.00264900,0
1753650000000000,0.01766000,0.01767000,0.01756000,0.01767000,2497134.00000000,1753653599999999,43955.79410200,470,827780.20000000,14567.04628900,0
1753653600000000,0.01767000,0.01778000,0.01766000,0.01770000,4333286.90000000,1753657199999999,76716.37463400,758,1295232.90000000,22935.54639100,0
1753657200000000,0.01769000,0.01780000,0.01760000,0.01779000,6476170.80000000,1753660799999999,114524.35176700,719,4050576.80000000,71623.71401100,0
1753660800000000,0.01779000,0.01790000,0.01770000,0.01774000,15276484.40000000,1753664399999999,271948.79274800,1679,6796563.70000000,120855.37196700,0
1753664400000000,0.01773000,0.01773000,0.01756000,0.01759000,5859670.00000000,1753667999999999,103254.53365100,943,2695469.10000000,47558.77919300,0
1753668000000000,0.01759000,0.01785000,0.01758000,0.01780000,2773105.60000000,1753671599999999,49232.11317200,430,1316080.80000000,23355.67473700,0
1753671600000000,0.01781000,0.01786000,0.01773000,0.01781000,1915720.10000000,1753675199999999,34078.90535900,476,510227.50000000,9072.44050400,0
1753675200000000,0.01780000,0.01792000,0.01777000,0.01789000,7243151.70000000,1753678799999999,129390.28294900,824,3742106.70000000,66817.28427300,0
1753678800000000,0.01791000,0.01811000,0.01790000,0.01807000,4451154.90000000,1753682399999999,80120.47755300,658,2715782.10000000,48847.27237600,0
1753682400000000,0.01809000,0.01810000,0.01799000,0.01807000,7946074.70000000,1753685999999999,143418.41333100,1095,4702277.20000000,84888.35289600,0
1753686000000000,0.01806000,0.01808000,0.01788000,0.01802000,8277117.10000000,1753689599999999,148555.64691700,616,3898595.60000000,69983.36929000,0
1753689600000000,0.01802000,0.01806000,0.01784000,0.01790000,4783844.00000000,1753693199999999,85842.92680100,590,2144605.10000000,38479.64727300,0
1753693200000000,0.01790000,0.01797000,0.01782000,0.01795000,8829675.70000000,1753696799999999,157698.84173500,918,3338921.40000000,59700.60932000,0
1753696800000000,0.01795000,0.01797000,0.01784000,0.01787000,5240384.80000000,1753700399999999,93788.25961500,455,3882935.60000000,69491.96774500,0
1753700400000000,0.01787000,0.01787000,0.01773000,0.01776000,4780698.60000000,1753703999999999,85049.58083800,286,2822185.10000000,50198.37992500,0
1753704000000000,0.01776000,0.01779000,0.01765000,0.01766000,6084243.00000000,1753707599999999,107824.56113000,483,2875232.90000000,50996.58523200,0
1753707600000000,0.01768000,0.01769000,0.01737000,0.01747000,6678248.90000000,1753711199999999,116866.43149200,740,3175115.60000000,55598.92390100,0
1753711200000000,0.01746000,0.01750000,0.01714000,0.01716000,7195424.00000000,1753714799999999,124271.09260200,802,3059278.60000000,52916.80940300,0
1753714800000000,0.01717000,0.01727000,0.01701000,0.01714000,8131481.10000000,1753718399999999,139456.75016800,867,4244259.40000000,72862.20235800,0
1753718400000000,0.01712000,0.01727000,0.01706000,0.01718000,5538872.90000000,1753721999999999,94930.88880900,635,3686587.40000000,63171.08556400,0
1753722000000000,0.01718000,0.01718000,0.01705000,0.01706000,1944311.20000000,1753725599999999,33305.36765600,228,984286.00000000,16862.51734200,0
1753725600000000,0.01707000,0.01709000,0.01688000,0.01695000,2162132.50000000,1753729199999999,36673.49466900,254,1252892.20000000,21229.65886300,0
1753729200000000,0.01695000,0.01706000,0.01680000,0.01692000,4615041.40000000,1753732799999999,78167.10024600,576,1658408.50000000,28104.96709100,0
1753732800000000,0.01692000,0.01694000,0.01672000,0.01683000,5295786.80000000,1753736399999999,88904.65904900,406,1863451.20000000,31305.82995200,0
1753736400000000,0.01681000,0.01690000,0.01666000,0.01677000,6425527.70000000,1753739999999999,108051.95056800,770,3814040.40000000,64094.70870700,0
1753740000000000,0.01677000,0.01680000,0.01662000,0.01671000,2854310.20000000,1753743599999999,47727.52909500,655,1378025.90000000,23029.27046200,0
1753743600000000,0.01672000,0.01676000,0.01663000,0.01670000,2766008.50000000,1753747199999999,46207.41022100,478,1744114.60000000,29141.12694600,0
1753747200000000,0.01671000,0.01675000,0.01633000,0.01653000,10138628.80000000,1753750799999999,167694.58432200,1437,3430487.60000000,56698.12553700,0
1753750800000000,0.01653000,0.01666000,0.01650000,0.01650000,2943219.30000000,1753754399999999,48838.62450500,606,857842.70000000,14234.73869000,0
1753754400000000,0.01649000,0.01651000,0.01632000,0.01636000,3675050.30000000,1753757999999999,60288.50351900,767,1625450.60000000,26687.86463100,0
1753758000000000,0.01637000,0.01664000,0.01636000,0.01661000,2696733.80000000,1753761599999999,44510.68006400,383,1180175.60000000,19486.26383600,0
1753761600000000,0.01662000,0.01665000,0.01648000,0.01650000,968692.40000000,1753765199999999,16032.58572700,188,487661.30000000,8071.73811400,0
1753765200000000,0.01650000,0.01675000,0.01650000,0.01675000,1097362.20000000,1753768799999999,18243.38467800,253,580571.90000000,9650.22879900,0
1753768800000000,0.01673000,0.01696000,0.01671000,0.01693000,1929650.40000000,1753772399999999,32529.61076100,429,1166721.90000000,19670.23488200,0
1753772400000000,0.01695000,0.01709000,0.01692000,0.01707000,2492972.70000000,1753775999999999,42377.50728800,441,1192110.80000000,20261.94849900,0
1753776000000000,0.01705000,0.01714000,0.01701000,0.01713000,3777499.90000000,1753779599999999,64561.72283900,531,2358979.20000000,40320.43541100,0
1753779600000000,0.01715000,0.01715000,0.01689000,0.01696000,11642027.50000000,1753783199999999,197403.97358200,1215,3589225.50000000,60834.89305900,0
1753783200000000,0.01697000,0.01697000,0.01663000,0.01666000,13686977.80000000,1753786799999999,229673.79748400,2070,3759184.60000000,63028.51744100,0
1753786800000000,0.01666000,0.01682000,0.01666000,0.01679000,2916175.20000000,1753790399999999,48887.80370000,1013,1271035.80000000,21295.10079900,0
1753790400000000,0.01680000,0.01695000,0.01676000,0.01687000,3338876.10000000,1753793999999999,56238.21773300,959,1372206.70000000,23100.60635100,0
1753794000000000,0.01686000,0.01697000,0.01672000,0.01675000,4852667.50000000,1753797599999999,81931.09704900,868,3228212.90000000,54513.95463400,0
1753797600000000,0.01676000,0.01676000,0.01643000,0.01655000,4619052.00000000,1753801199999999,76652.73739300,1059,2209291.90000000,36647.85168000,0
1753801200000000,0.01654000,0.01665000,0.01645000,0.01654000,2801163.20000000,1753804799999999,46354.52599900,845,1556018.30000000,25764.07758100,0
1753804800000000,0.01654000,0.01655000,0.01629000,0.01648000,3458033.00000000,1753808399999999,56834.73742900,715,1285904.40000000,21110.15014100,0
1753808400000000,0.01648000,0.01659000,0.01646000,0.01649000,1277593.80000000,1753811999999999,21097.90328800,271,608225.00000000,10047.34157100,0
1753812000000000,0.01649000,0.01657000,0.01646000,0.01653000,1088580.70000000,1753815599999999,17976.65830900,283,468199.40000000,7729.29446200,0
1753815600000000,0.01650000,0.01660000,0.01637000,0.01643000,3776178.20000000,1753819199999999,62357.80030600,610,1867758.30000000,30846.63378800,0
1753819200000000,0.01641000,0.01650000,0.01623000,0.01637000,5627547.90000000,1753822799999999,92193.72768300,721,2315127.50000000,37830.01517000,0
1753822800000000,0.01638000,0.01669000,0.01634000,0.01660000,2053129.70000000,1753826399999999,33781.25861500,436,1386474.10000000,22790.06870800,0
1753826400000000,0.01658000,0.01658000,0.01647000,0.01651000,1562747.60000000,1753829999999999,25830.91625600,214,487908.30000000,8062.88075500,0
1753830000000000,0.01651000,0.01661000,0.01649000,0.01661000,1510425.10000000,1753833599999999,24983.09929900,494,902080.10000000,14924.37237700,0
1753833600000000,0.01661000,0.01661000,0.01619000,0.01630000,3556506.10000000,1753837199999999,58175.45528200,482,1529897.90000000,24992.82887200,0
1753837200000000,0.01630000,0.01651000,0.01620000,0.01644000,927154.30000000,1753840799999999,15134.00756400,192,501457.20000000,8187.76791800,0
1753840800000000,0.01645000,0.01654000,0.01638000,0.01645000,816890.40000000,1753844399999999,13451.70514700,229,496743.60000000,8182.07238000,0
1753844400000000,0.01643000,0.01650000,0.01638000,0.01640000,1702794.70000000,1753847999999999,28003.08956400,304,805034.30000000,13246.63973800,0
1753848000000000,0.01640000,0.01647000,0.01631000,0.01632000,4015568.90000000,1753851599999999,65673.50003400,414,2315005.50000000,37880.69684800,0
1753851600000000,0.01634000,0.01642000,0.01627000,0.01635000,1226765.40000000,1753855199999999,20050.34875000,377,361887.60000000,5916.67187600,0
1753855200000000,0.01634000,0.01642000,0.01634000,0.01639000,809317.00000000,1753858799999999,13258.11377900,286,441869.60000000,7238.61867300,0
1753858800000000,0.01639000,0.01643000,0.01619000,0.01624000,1378182.10000000,1753862399999999,22474.53065300,328,652236.20000000,10636.24235000,0
1753862400000000,0.01623000,0.01635000,0.01616000,0.01628000,1915973.60000000,1753865999999999,31090.15364600,372,812472.50000000,13192.79827600,0
1753866000000000,0.01628000,0.01633000,0.01609000,0.01615000,6283195.30000000,1753869599999999,101607.19430600,876,2501455.20000000,40476.72633500,0
1753869600000000,0.01616000,0.01625000,0.01603000,0.01604000,5335524.20000000,1753873199999999,86319.92043000,957,2008495.80000000,32477.30319300,0
1753873200000000,0.01605000,0.01607000,0.01581000,0.01597000,16086870.80000000,1753876799999999,256736.07699100,3764,9935277.10000000,158589.45471800,0
1753876800000000,0.01597000,0.01607000,0.01585000,0.01601000,8895708.60000000,1753880399999999,142149.58267700,2101,5087679.80000000,81309.60742100,0
1753880400000000,0.01601000,0.01605000,0.01591000,0.01598000,5163846.00000000,1753883999999999,82553.78069900,1208,2921367.50000000,46711.91002600,0
1753884000000000,0.01599000,0.01636000,0.01598000,0.01633000,10999830.70000000,1753887599999999,177392.48398900,3157,7801418.30000000,125695.86371600,0
1753887600000000,0.01634000,0.01635000,0.01618000,0.01625000,2812687.10000000,1753891199999999,45706.54225500,1218,1576420.30000000,25623.09127300,0
1753891200000000,0.01625000,0.01636000,0.01620000,0.01626000,2206186.40000000,1753894799999999,35884.61039700,642,877828.40000000,14284.61361600,0
1753894800000000,0.01628000,0.01634000,0.01623000,0.01633000,2602827.10000000,1753898399999999,42347.70786000,629,1106915.60000000,18020.67002300,0
1753898400000000,0.01633000,0.01639000,0.01599000,0.01600000,5887996.70000000,1753901999999999,95483.64169900,1286,2719443.40000000,44137.11604500,0
1753902000000000,0.01599000,0.01627000,0.01557000,0.01623000,12549146.80000000,1753905599999999,198610.55807000,2602,6304387.50000000,99816.99987500,0
1753905600000000,0.01622000,0.01634000,0.01619000,0.01622000,1799670.10000000,1753909199999999,29291.99139200,386,736797.10000000,11994.67261800,0
1753909200000000,0.01622000,0.01628000,0.01605000,0.01613000,1381869.80000000,1753912799999999,22346.28053400,244,585773.80000000,9473.14664800,0
1753912800000000,0.01616000,0.01621000,0.01609000,0.01616000,2041340.50000000,1753916399999999,32954.10553300,461,1193750.50000000,19285.78505600,0
1753916400000000,0.01616000,0.01638000,0.01616000,0.01636000,1213099.10000000,1753919999999999,19787.48650200,344,460658.50000000,7499.22946900,0
1753920000000000,0.01636000,0.01655000,0.01632000,0.01653000,2691949.60000000,1753923599999999,44269.64959700,693,1521350.30000000,25032.24014900,0
1753923600000000,0.01652000,0.01664000,0.01649000,0.01657000,5244810.50000000,1753927199999999,86845.94632800,717,3340639.20000000,55326.49955700,0
1753927200000000,0.01658000,0.01682000,0.01657000,0.01680000,2707780.50000000,1753930799999999,45263.91473800,319,1708934.30000000,28564.15173500,0
1753930800000000,0.01679000,0.01698000,0.01678000,0.01686000,9990721.60000000,1753934399999999,168785.61451900,2693,6561705.20000000,110877.99302800,0
1753934400000000,0.01687000,0.01699000,0.01677000,0.01689000,6515703.70000000,1753937999999999,109871.72564400,1834,4529122.00000000,76375.82072100,0
1753938000000000,0.01690000,0.01690000,0.01674000,0.01678000,2706458.70000000,1753941599999999,45455.84579700,642,1037041.80000000,17425.30326200,0
1753941600000000,0.01676000,0.01690000,0.01668000,0.01690000,3593787.50000000,1753945199999999,60362.91153500,842,2587912.20000000,43478.85988000,0
1753945200000000,0.01689000,0.01696000,0.01681000,0.01692000,6131166.00000000,1753948799999999,103551.04300600,1128,3528462.30000000,59627.35654200,0
1753948800000000,0.01692000,0.01698000,0.01688000,0.01689000,3309871.20000000,1753952399999999,56031.41052800,782,1864950.50000000,31581.21313200,0
1753952400000000,0.01689000,0.01695000,0.01680000,0.01683000,4860990.80000000,1753955999999999,81986.95025800,706,1416256.50000000,23917.91626800,0
1753956000000000,0.01683000,0.01691000,0.01678000,0.01688000,1699168.80000000,1753959599999999,28633.21300300,297,626767.50000000,10566.45841300,0
1753959600000000,0.01688000,0.01690000,0.01675000,0.01680000,2713472.50000000,1753963199999999,45707.66699400,411,1339811.90000000,22578.22743400,0
1753963200000000,0.01680000,0.01682000,0.01665000,0.01671000,2987420.70000000,1753966799999999,50025.37221500,478,1661419.00000000,27836.97075600,0
1753966800000000,0.01672000,0.01672000,0.01630000,0.01639000,8713233.30000000,1753970399999999,143193.83512800,1144,3984424.20000000,65500.89645300,0
1753970400000000,0.01637000,0.01642000,0.01610000,0.01619000,8132583.70000000,1753973999999999,131794.85716400,1167,4055189.70000000,65729.46255000,0
1753974000000000,0.01619000,0.01644000,0.01616000,0.01639000,7773778.40000000,1753977599999999,126764.12907600,1066,4957184.60000000,80850.22685000,0
1753977600000000,0.01637000,0.01673000,0.01637000,0.01665000,4018133.70000000,1753981199999999,66481.80993200,615,2208272.90000000,36567.17850900,0
1753981200000000,0.01664000,0.01665000,0.01644000,0.01648000,4466780.60000000,1753984799999999,73871.40131700,971,2591562.80000000,42864.30563800,0
1753984800000000,0.01648000,0.01654000,0.01632000,0.01644000,3351457.10000000,1753988399999999,54975.62466200,706,1088881.10000000,17890.31669500,0
1753988400000000,0.01644000,0.01646000,0.01631000,0.01636000,3047249.80000000,1753991999999999,49914.01471400,460,1973864.10000000,32338.90570200,0
1753992000000000,0.01634000,0.01637000,0.01622000,0.01624000,2702296.70000000,1753995599999999,43981.93810700,455,1320731.10000000,21499.20509100,0
1753995600000000,0.01624000,0.01651000,0.01611000,0.01623000,7600452.10000000,1753999199999999,123552.13235700,648,4718404.40000000,76783.33778300,0
1753999200000000,0.01621000,0.01624000,0.01605000,0.01609000,4309776.30000000,1754002799999999,69539.86881300,510,2550919.50000000,41157.43965200,0
1754002800000000,0.01609000,0.01619000,0.01598000,0.01609000,9930539.90000000,1754006399999999,159578.49355100,942,4666840.70000000,75005.68393000,0
