1775001600000000,0.00497000,0.00497000,0.00486000,0.00491000,22297785.70000000,1775005199999999,109306.01610100,396,8996745.90000000,44155.81350200,0
1775005200000000,0.00491000,0.00492000,0.00487000,0.00488000,20754479.00000000,1775008799999999,101548.86262400,343,10821671.30000000,52956.09389400,0
1775008800000000,0.00488000,0.00489000,0.00486000,0.00487000,14204991.40000000,1775012399999999,69238.74196200,254,6788994.60000000,33097.97219700,0
1775012400000000,0.00487000,0.00490000,0.00486000,0.00489000,9380766.50000000,1775015999999999,45801.36772800,198,4582752.10000000,22382.58993800,0
1775016000000000,0.00489000,0.00492000,0.00489000,0.00491000,12651422.80000000,1775019599999999,61984.59033000,249,6082233.90000000,29801.69953700,0
1775019600000000,0.00491000,0.00502000,0.00489000,0.00500000,14784625.10000000,1775023199999999,73181.55530000,296,10163337.60000000,50372.24657000,0
1775023200000000,0.00500000,0.00507000,0.00498000,0.00502000,18671406.60000000,1775026799999999,93898.59060800,449,7209283.30000000,36300.70783000,0
1775026800000000,0.00502000,0.00511000,0.00500000,0.00505000,16087166.90000000,1775030399999999,81339.36397500,375,8392393.40000000,42418.69358300,0
1775030400000000,0.00505000,0.00510000,0.00504000,0.00504000,16905456.60000000,1775033999999999,85657.35673300,407,6827756.10000000,34600.31528700,0
1775034000000000,0.00504000,0.00508000,0.00502000,0.00507000,16432438.90000000,1775037599999999,82871.47552100,379,7954411.10000000,40125.29013300,0
1775037600000000,0.00507000,0.00511000,0.00504000,0.00504000,12715447.00000000,1775041199999999,64552.65267200,391,5303809.30000000,26929.12353700,0
1775041200000000,0.00504000,0.00509000,0.00501000,0.00509000,8705545.50000000,1775044799999999,43889.84970100,214,4524397.80000000,22824.41538000,0
1775044800000000,0.00509000,0.00510000,0.00503000,0.00506000,17914762.60000000,1775048399999999,90800.28568800,397,8661740.50000000,43910.16154400,0
1775048400000000,0.00506000,0.00510000,0.00505000,0.00507000,17873350.30000000,1775051999999999,90645.16287500,496,9160604.40000000,46468.99756000,0
1775052000000000,0.00507000,0.00507000,0.00502000,0.00503000,11895314.90000000,1775055599999999,59988.75652300,339,4949218.60000000,24960.38217600,0
1775055600000000,0.00503000,0.00506000,0.00501000,0.00505000,10834052.90000000,1775059199999999,54429.43485300,441,5529111.50000000,27783.79170400,0
1775059200000000,0.00505000,0.00511000,0.00505000,0.00508000,17376832.90000000,1775062799999999,88256.91517000,460,8114214.50000000,41207.21259200,0
1775062800000000,0.00508000,0.00511000,0.00504000,0.00505000,12952693.00000000,1775066399999999,65561.45994500,347,6149111.80000000,31124.24186100,0
1775066400000000,0.00506000,0.00510000,0.00505000,0.00508000,14342769.40000000,1775069999999999,72816.30695400,334,8502229.70000000,43176.64797700,0
1775070000000000,0.00508000,0.00508000,0.00503000,0.00505000,11845665.30000000,1775073599999999,59804.85698700,371,4687257.10000000,23676.32811500,0
1775073600000000,0.00505000,0.00505000,0.00500000,0.00501000,7119060.10000000,1775077199999999,35693.28085600,190,3146791.10000000,15782.02465900,0
1775077200000000,0.00501000,0.00503000,0.00500000,0.00502000,5858087.10000000,1775080799999999,29402.77607500,149,3600104.80000000,18071.11999200,0
1775080800000000,0.00502000,0.00505000,0.00501000,0.00502000,10946978.10000000,1775084399999999,54994.15186100,197,5596028.00000000,28140.81318100,0
1775084400000000,0.00501000,0.00503000,0.00497000,0.00499000,8980556.80000000,1775087999999999,44913.35172300,219,4757971.80000000,23798.91398300,0
1775088000000000,0.00499000,0.00517000,0.00498000,0.00508000,54362448.80000000,1775091599999999,276460.38231200,1411,35331507.50000000,179868.96740600,0
1775091600000000,0.00508000,0.00509000,0.00497000,0.00504000,42533910.10000000,1775095199999999,214468.75665500,749,21399839.10000000,107929.15692800,0
1775095200000000,0.00504000,0.00519000,0.00503000,0.00512000,71719446.80000000,1775098799999999,367201.59065400,2001,38857350.70000000,198958.32316100,0
1775098800000000,0.00512000,0.00523000,0.00508000,0.00523000,39353237.20000000,1775102399999999,202592.24225200,803,24713250.30000000,127443.30629800,0
1775102400000000,0.00522000,0.00532000,0.00509000,0.00516000,97564534.90000000,1775105999999999,509693.54598400,2671,46285733.90000000,241990.67550100,0
1775106000000000,0.00515000,0.00516000,0.00503000,0.00506000,30064088.30000000,1775109599999999,152976.41003100,759,13095705.90000000,66619.26153100,0
1775109600000000,0.00506000,0.00514000,0.00506000,0.00511000,21745868.40000000,1775113199999999,110941.02727000,553,12325852.80000000,62897.38887500,0
1775113200000000,0.00511000,0.00514000,0.00507000,0.00512000,22854849.20000000,1775116799999999,116744.04102200,670,12196289.30000000,62329.32804600,0
1775116800000000,0.00512000,0.00520000,0.00512000,0.00517000,35210990.50000000,1775120399999999,181669.98640500,723,21198759.20000000,109411.29360100,0
1775120400000000,0.00517000,0.00522000,0.00514000,0.00518000,19878363.90000000,1775123999999999,102866.00629800,515,10167181.50000000,52627.76232400,0
1775124000000000,0.00518000,0.00519000,0.00506000,0.00513000,19442276.70000000,1775127599999999,99335.67636200,462,10954293.20000000,55971.44905600,0
1775127600000000,0.00513000,0.00516000,0.00512000,0.00512000,8992408.90000000,1775131199999999,46187.51577200,224,4356359.20000000,22380.18218300,0
1775131200000000,0.00512000,0.00512000,0.00507000,0.00510000,13801852.00000000,1775134799999999,70323.97497800,332,6665006.00000000,33961.73601400,0
1775134800000000,0.00509000,0.00509000,0.00503000,0.00506000,18096541.50000000,1775138399999999,91553.82462400,572,8071452.70000000,40835.04322700,0
1775138400000000,0.00505000,0.00510000,0.00504000,0.00506000,15230797.90000000,1775141999999999,77194.98556500,361,7485868.80000000,37957.96103500,0
1775142000000000,0.00505000,0.00506000,0.00498000,0.00501000,17276881.20000000,1775145599999999,86701.01170000,415,7512038.10000000,37708.38128000,0
1775145600000000,0.00501000,0.00507000,0.00499000,0.00503000,20569260.40000000,1775149199999999,103505.64020100,609,12832694.80000000,64630.96147000,0
1775149200000000,0.00503000,0.00503000,0.00496000,0.00496000,10644568.30000000,1775152799999999,53311.85030100,271,4433095.90000000,22192.59297700,0
1775152800000000,0.00496000,0.00503000,0.00496000,0.00501000,8993705.10000000,1775156399999999,44868.63214300,234,5022384.10000000,25070.34249900,0
1775156400000000,0.00501000,0.00502000,0.00498000,0.00500000,10372241.80000000,1775159999999999,51865.04814700,252,5129616.20000000,25653.23098600,0
1775160000000000,0.00500000,0.00500000,0.00497000,0.00497000,9958266.70000000,1775163599999999,49634.13804200,201,4874129.50000000,24298.83857200,0
1775163600000000,0.00497000,0.00498000,0.00493000,0.00495000,11767459.90000000,1775167199999999,58268.50559000,275,5572764.40000000,27602.00807100,0
1775167200000000,0.00495000,0.00498000,0.00494000,0.00497000,6910766.90000000,1775170799999999,34270.97324900,203,3866689.30000000,19180.37356400,0
1775170800000000,0.00497000,0.00501000,0.00496000,0.00500000,9878944.70000000,1775174399999999,49203.06555300,223,5112309.00000000,25457.94619600,0
1775174400000000,0.00500000,0.00501000,0.00484000,0.00487000,19792430.40000000,1775177999999999,97172.16915800,446,8693906.30000000,42766.66943600,0
1775178000000000,0.00487000,0.00494000,0.00487000,0.00490000,10070340.20000000,1775181599999999,49429.10425600,274,4548463.20000000,22339.42533300,0
1775181600000000,0.00489000,0.00492000,0.00485000,0.00491000,10574377.20000000,1775185199999999,51591.20938000,301,6041555.30000000,29487.06288900,0
1775185200000000,0.00491000,0.00493000,0.00489000,0.00490000,9193770.00000000,1775188799999999,45081.65050000,224,4202893.50000000,20619.56225500,0
1775188800000000,0.00490000,0.00501000,0.00489000,0.00496000,14816766.20000000,1775192399999999,73387.92389000,351,7028317.70000000,34811.85845600,0
1775192400000000,0.00496000,0.00506000,0.00493000,0.00501000,13463050.60000000,1775195999999999,67271.68745200,279,6774991.70000000,33813.20990900,0
1775196000000000,0.00501000,0.00503000,0.00498000,0.00503000,12215041.30000000,1775199599999999,61044.74423900,335,5576453.50000000,27889.33580900,0
1775199600000000,0.00503000,0.00506000,0.00495000,0.00496000,13253716.20000000,1775203199999999,66381.40071800,285,6275475.00000000,31433.45144600,0
1775203200000000,0.00496000,0.00502000,0.00495000,0.00500000,15817011.30000000,1775206799999999,78903.35473800,387,8107455.50000000,40428.12365400,0
1775206800000000,0.00500000,0.00501000,0.00498000,0.00498000,6081470.30000000,1775210399999999,30400.70319700,215,3114245.80000000,15572.96811700,0
1775210400000000,0.00498000,0.00504000,0.00498000,0.00504000,12877027.70000000,1775213999999999,64583.95539000,329,7347324.10000000,36852.64862500,0
1775214000000000,0.00503000,0.00510000,0.00502000,0.00506000,12897451.10000000,1775217599999999,65191.40297300,309,7236440.60000000,36598.34242800,0
1775217600000000,0.00505000,0.00506000,0.00499000,0.00501000,9602023.30000000,1775221199999999,48191.06126700,283,3934763.90000000,19757.18538500,0
1775221200000000,0.00501000,0.00502000,0.00496000,0.00498000,12048937.30000000,1775224799999999,59974.96056300,265,5272188.40000000,26240.49896100,0
1775224800000000,0.00498000,0.00503000,0.00496000,0.00502000,8385326.60000000,1775228399999999,41887.16062700,208,5047984.30000000,25239.62310200,0
1775228400000000,0.00501000,0.00504000,0.00499000,0.00500000,9845884.30000000,1775231999999999,49385.26387100,289,5158113.80000000,25872.34327000,0
1775232000000000,0.00499000,0.00503000,0.00499000,0.00501000,9247428.20000000,1775235599999999,46281.75847800,229,4946954.00000000,24756.75001200,0
1775235600000000,0.00501000,0.00504000,0.00501000,0.00504000,7561111.00000000,1775239199999999,37981.47856600,205,4575526.50000000,22981.69981200,0
1775239200000000,0.00504000,0.00509000,0.00504000,0.00505000,8466864.10000000,1775242799999999,42914.42190000,245,4254145.50000000,21559.92663400,0
1775242800000000,0.00505000,0.00505000,0.00500000,0.00501000,6073232.10000000,1775246399999999,30486.30552900,214,2680111.80000000,13454.66253000,0
1775246400000000,0.00500000,0.00504000,0.00498000,0.00502000,5890711.80000000,1775249999999999,29532.95301300,197,2224583.40000000,11153.13406000,0
1775250000000000,0.00502000,0.00505000,0.00502000,0.00505000,6749732.20000000,1775253599999999,33977.01903400,277,3041513.40000000,15312.58532400,0
1775253600000000,0.00505000,0.00505000,0.00502000,0.00502000,4747753.50000000,1775257199999999,23924.19742700,121,2882307.30000000,14526.56521300,0
1775257200000000,0.00502000,0.00502000,0.00499000,0.00500000,6150743.90000000,1775260799999999,30801.01003300,355,3574179.70000000,17900.92757000,0
1775260800000000,0.00500000,0.00535000,0.00499000,0.00515000,168952870.40000000,1775264399999999,873977.84644900,4454,96152606.80000000,497717.10407400,0
1775264400000000,0.00515000,0.00519000,0.00510000,0.00513000,33318307.90000000,1775267999999999,171537.22843600,764,16053550.70000000,82679.98861300,0
1775268000000000,0.00514000,0.00522000,0.00514000,0.00515000,24395155.50000000,1775271599999999,126356.83067700,596,11463735.10000000,59392.56344300,0
1775271600000000,0.00515000,0.00525000,0.00515000,0.00522000,29955232.60000000,1775275199999999,156397.17909700,693,16534963.60000000,86315.32001600,0
1775275200000000,0.00522000,0.00527000,0.00517000,0.00527000,19471052.70000000,1775278799999999,101473.87601400,422,10051684.90000000,52380.59085000,0
1775278800000000,0.00527000,0.00530000,0.00520000,0.00527000,33584515.60000000,1775282399999999,176287.95229100,681,17825661.20000000,93492.34378600,0
1775282400000000,0.00527000,0.00529000,0.00516000,0.00519000,18454301.70000000,1775285999999999,96323.10718900,442,9211296.40000000,48116.05025900,0
1775286000000000,0.00519000,0.00526000,0.00518000,0.00523000,15684466.60000000,1775289599999999,81887.84584000,432,7187157.40000000,37554.39146300,0
1775289600000000,0.00523000,0.00523000,0.00517000,0.00518000,13776180.30000000,1775293199999999,71579.43243400,449,6138442.30000000,31888.74517000,0
1775293200000000,0.00518000,0.00519000,0.00511000,0.00513000,19302703.10000000,1775296799999999,99330.34216600,420,8560654.90000000,44053.75032900,0
1775296800000000,0.00513000,0.00517000,0.00512000,0.00517000,12850010.30000000,1775300399999999,66005.85435100,327,6513626.60000000,33461.66102300,0
1775300400000000,0.00517000,0.00520000,0.00516000,0.00517000,5785062.90000000,1775303999999999,29925.59219900,142,2559893.30000000,13243.93042200,0
1775304000000000,0.00517000,0.00522000,0.00514000,0.00520000,10396584.80000000,1775307599999999,53832.87510700,303,5302801.50000000,27438.09686800,0
1775307600000000,0.00520000,0.00520000,0.00513000,0.00514000,14163691.20000000,1775311199999999,73083.22521500,315,6539735.70000000,33749.83103200,0
1775311200000000,0.00514000,0.00518000,0.00511000,0.00518000,9002723.50000000,1775314799999999,46289.76433100,228,4482797.90000000,23050.51679400,0
1775314800000000,0.00518000,0.00522000,0.00516000,0.00517000,11721822.60000000,1775318399999999,60951.83348600,342,5276819.00000000,27430.58687900,0
1775318400000000,0.00517000,0.00520000,0.00516000,0.00520000,9452947.30000000,1775321999999999,48959.17508600,384,6374126.40000000,33016.36042300,0
1775322000000000,0.00519000,0.00523000,0.00517000,0.00518000,6461971.40000000,1775325599999999,33561.27786500,195,3887326.40000000,20199.55629600,0
1775325600000000,0.00518000,0.00520000,0.00516000,0.00518000,7205411.30000000,1775329199999999,37314.46991400,217,3438132.90000000,17810.17473200,0
1775329200000000,0.00518000,0.00520000,0.00516000,0.00517000,5370860.20000000,1775332799999999,27841.78787500,142,2312290.40000000,11983.28117900,0
1775332800000000,0.00518000,0.00519000,0.00517000,0.00518000,2142272.30000000,1775336399999999,11095.42117100,79,1090185.90000000,5645.54930300,0
1775336400000000,0.00518000,0.00528000,0.00518000,0.00519000,24003768.30000000,1775339999999999,125562.43587500,548,14517994.00000000,75958.69664100,0
1775340000000000,0.00519000,0.00520000,0.00516000,0.00517000,3853073.70000000,1775343599999999,19955.15367100,124,2265499.00000000,11735.25169700,0
1775343600000000,0.00517000,0.00522000,0.00514000,0.00522000,12415101.00000000,1775347199999999,64308.89690800,310,6529744.00000000,33830.73873100,0
1775347200000000,0.00521000,0.00521000,0.00509000,0.00516000,17485731.60000000,1775350799999999,90187.66878900,397,7702930.40000000,39716.17258400,0
1775350800000000,0.00516000,0.00516000,0.00508000,0.00508000,9029882.00000000,1775354399999999,46194.97386900,198,3881262.70000000,19859.58648800,0
1775354400000000,0.00508000,0.00512000,0.00506000,0.00512000,9872808.20000000,1775357999999999,50353.10250200,284,4684097.00000000,23909.58082100,0
1775358000000000,0.00512000,0.00512000,0.00510000,0.00511000,3693302.50000000,1775361599999999,18872.97758900,115,1581906.10000000,8085.25409200,0
1775361600000000,0.00511000,0.00516000,0.00511000,0.00513000,8649375.30000000,1775365199999999,44454.25968100,222,4191779.70000000,21550.82171700,0
1775365200000000,0.00513000,0.00521000,0.00513000,0.00519000,7446639.70000000,1775368799999999,38629.01446100,200,4177485.40000000,21665.39977100,0
1775368800000000,0.00519000,0.00519000,0.00509000,0.00513000,10832497.70000000,1775372399999999,55573.87670500,255,5061845.20000000,25975.88280100,0
1775372400000000,0.00512000,0.00514000,0.00510000,0.00511000,2875315.20000000,1775375999999999,14727.29525300,112,1574505.20000000,8066.91544200,0
1775376000000000,0.00511000,0.00514000,0.00511000,0.00512000,3674999.70000000,1775379599999999,18835.45183400,161,1722664.60000000,8831.05461900,0
1775379600000000,0.00512000,0.00524000,0.00512000,0.00521000,16227375.50000000,1775383199999999,84256.62299100,516,9020271.70000000,46785.44990500,0
1775383200000000,0.00522000,0.00522000,0.00515000,0.00516000,7575097.20000000,1775386799999999,39216.84648700,179,2897531.30000000,15021.75396600,0
1775386800000000,0.00517000,0.00526000,0.00515000,0.00522000,13262439.10000000,1775390399999999,69214.83930300,380,6964719.60000000,36350.28210300,0
1775390400000000,0.00522000,0.00523000,0.00510000,0.00512000,11482359.90000000,1775393999999999,59060.70623500,327,4091485.40000000,21032.31519600,0
1775394000000000,0.00513000,0.00522000,0.00513000,0.00519000,13007232.40000000,1775397599999999,67214.27276600,384,6890136.80000000,35648.75599700,0
1775397600000000,0.00518000,0.00527000,0.00517000,0.00526000,10206816.00000000,1775401199999999,53319.51823700,320,4925969.60000000,25743.57157100,0
1775401200000000,0.00526000,0.00534000,0.00524000,0.00527000,15670335.90000000,1775404799999999,82938.20423200,526,7912886.50000000,41917.18876900,0
1775404800000000,0.00528000,0.00530000,0.00524000,0.00526000,11754566.60000000,1775408399999999,61994.22040500,411,5508954.50000000,29066.82842700,0
1775408400000000,0.00526000,0.00530000,0.00522000,0.00527000,6964634.30000000,1775411999999999,36634.56413700,254,3663006.00000000,19274.11811000,0
1775412000000000,0.00527000,0.00527000,0.00519000,0.00522000,3964581.90000000,1775415599999999,20736.13753600,155,2005162.10000000,10490.27748900,0
1775415600000000,0.00523000,0.00525000,0.00518000,0.00522000,8142303.40000000,1775419199999999,42476.66170500,320,3449649.20000000,17991.03489900,0
1775419200000000,0.00522000,0.00522000,0.00520000,0.00522000,5714026.50000000,1775422799999999,29780.67671800,176,2501314.00000000,13038.87433400,0
1775422800000000,0.00522000,0.00524000,0.00520000,0.00520000,3852540.10000000,1775426399999999,20089.24128700,173,1462546.40000000,7631.40057600,0
1775426400000000,0.00519000,0.00526000,0.00518000,0.00524000,9548653.20000000,1775429999999999,49778.83014000,325,5094010.50000000,26560.22067800,0
1775430000000000,0.00523000,0.00530000,0.00523000,0.00527000,11724225.70000000,1775433599999999,61825.26647200,351,6338093.10000000,33422.38329600,0
1775433600000000,0.00527000,0.00528000,0.00520000,0.00524000,16969654.00000000,1775437199999999,88745.51308000,521,6217088.80000000,32510.30503300,0
1775437200000000,0.00524000,0.00530000,0.00523000,0.00528000,9008353.60000000,1775440799999999,47442.67445600,241,5733932.70000000,30180.27108800,0
1775440800000000,0.00529000,0.00537000,0.00529000,0.00532000,12766236.50000000,1775444399999999,67910.52223900,424,6466816.00000000,34412.99971800,0
1775444400000000,0.00530000,0.00533000,0.00527000,0.00528000,13318317.70000000,1775447999999999,70648.03481900,392,7324713.40000000,38874.81070000,0
1775448000000000,0.00527000,0.00527000,0.00523000,0.00524000,13100095.80000000,1775451599999999,68797.88139300,420,6622456.70000000,34790.88999700,0
1775451600000000,0.00523000,0.00534000,0.00523000,0.00532000,12778402.00000000,1775455199999999,67522.26295100,378,7961029.90000000,42060.26014700,0
1775455200000000,0.00532000,0.00533000,0.00525000,0.00527000,11334702.30000000,1775458799999999,59863.19065100,392,6182265.40000000,32662.77408200,0
1775458800000000,0.00527000,0.00530000,0.00525000,0.00529000,14836970.40000000,1775462399999999,78282.10003700,376,7312826.40000000,38601.37481700,0
1775462400000000,0.00529000,0.00532000,0.00528000,0.00530000,7596165.40000000,1775465999999999,40277.98399900,265,4200042.70000000,22276.74609900,0
1775466000000000,0.00529000,0.00530000,0.00526000,0.00528000,9958986.60000000,1775469599999999,52596.64328200,350,4626717.60000000,24441.37795200,0
1775469600000000,0.00528000,0.00534000,0.00527000,0.00532000,11753254.40000000,1775473199999999,62327.61354400,403,6237195.00000000,33085.70837800,0
1775473200000000,0.00532000,0.00536000,0.00529000,0.00530000,11053156.50000000,1775476799999999,58923.11719600,671,5242168.80000000,27952.65621800,0
1775476800000000,0.00530000,0.00534000,0.00528000,0.00530000,16960509.40000000,1775480399999999,90089.63675000,486,7956498.00000000,42273.99321900,0
1775480400000000,0.00530000,0.00530000,0.00527000,0.00530000,6455364.90000000,1775483999999999,34124.26162500,208,3293746.80000000,17415.45756200,0
1775484000000000,0.00529000,0.00536000,0.00528000,0.00531000,20818963.00000000,1775487599999999,110655.77883700,655,8420368.30000000,44723.22859800,0
1775487600000000,0.00531000,0.00537000,0.00529000,0.00534000,15397764.90000000,1775491199999999,82243.47230600,454,6372045.20000000,34013.48721100,0
1775491200000000,0.00533000,0.00536000,0.00532000,0.00533000,8516843.50000000,1775494799999999,45475.26912000,289,5374214.50000000,28693.42169700,0
1775494800000000,0.00533000,0.00540000,0.00530000,0.00538000,11532956.60000000,1775498399999999,61814.91478600,503,5848267.20000000,31335.98195400,0
1775498400000000,0.00538000,0.00541000,0.00535000,0.00536000,9224251.20000000,1775501999999999,49657.60616700,321,3573730.90000000,19245.63205300,0
1775502000000000,0.00536000,0.00536000,0.00533000,0.00535000,2662031.20000000,1775505599999999,14243.52751800,113,1366382.40000000,7309.61476900,0
1775505600000000,0.00535000,0.00542000,0.00535000,0.00539000,14249162.50000000,1775509199999999,76804.62729700,423,6593247.30000000,35563.14446900,0
1775509200000000,0.00540000,0.00551000,0.00538000,0.00544000,48575613.40000000,1775512799999999,264054.69737500,1872,22804496.10000000,124019.68768500,0
1775512800000000,0.00544000,0.00545000,0.00534000,0.00534000,8430925.20000000,1775516399999999,45572.34591500,229,4586936.20000000,24790.23422100,0
1775516400000000,0.00534000,0.00539000,0.00531000,0.00535000,16925793.00000000,1775519999999999,90645.35998600,428,7983971.80000000,42749.94813800,0
1775520000000000,0.00535000,0.00535000,0.00525000,0.00532000,19981626.70000000,1775523599999999,105960.67869200,532,8743077.90000000,46360.28660200,0
1775523600000000,0.00533000,0.00535000,0.00522000,0.00522000,21335009.10000000,1775527199999999,112645.98155300,825,9002028.40000000,47559.25044000,0
1775527200000000,0.00523000,0.00527000,0.00521000,0.00524000,10996939.70000000,1775530799999999,57570.76050600,632,5562242.30000000,29132.39885800,0
1775530800000000,0.00524000,0.00527000,0.00522000,0.00524000,18206092.80000000,1775534399999999,95430.36674300,513,8097243.20000000,42456.86065700,0
1775534400000000,0.00524000,0.00530000,0.00522000,0.00527000,6702522.40000000,1775537999999999,35207.41589400,198,2791704.40000000,14662.98230500,0
1775538000000000,0.00527000,0.00527000,0.00522000,0.00524000,6958597.00000000,1775541599999999,36481.69665500,246,3069796.30000000,16095.95257600,0
1775541600000000,0.00523000,0.00524000,0.00520000,0.00520000,6932319.40000000,1775545199999999,36155.04844900,377,3077530.60000000,16046.72476600,0
1775545200000000,0.00520000,0.00522000,0.00518000,0.00522000,5909031.50000000,1775548799999999,30698.83293200,211,2492244.20000000,12951.25773100,0
1775548800000000,0.00522000,0.00524000,0.00512000,0.00518000,21962559.30000000,1775552399999999,113556.43111500,680,10918084.90000000,56457.04991400,0
1775552400000000,0.00519000,0.00523000,0.00515000,0.00518000,8508561.10000000,1775555999999999,44087.50663800,232,4183030.40000000,21677.20757800,0
1775556000000000,0.00518000,0.00518000,0.00507000,0.00509000,14359394.90000000,1775559599999999,73520.76716000,466,6787509.20000000,34745.18699900,0
1775559600000000,0.00509000,0.00512000,0.00507000,0.00509000,14871552.90000000,1775563199999999,75712.97443600,454,6866138.60000000,34967.56524000,0
1775563200000000,0.00509000,0.00511000,0.00503000,0.00510000,16682719.00000000,1775566799999999,84505.35356700,507,9249741.00000000,46840.33340100,0
1775566800000000,0.00509000,0.00512000,0.00508000,0.00511000,7392228.20000000,1775570399999999,37719.71783700,296,3991249.20000000,20373.62165100,0
1775570400000000,0.00511000,0.00514000,0.00509000,0.00509000,8116675.80000000,1775573999999999,41538.76652100,347,4083043.40000000,20896.18869200,0
1775574000000000,0.00508000,0.00512000,0.00508000,0.00511000,7035314.80000000,1775577599999999,35891.12435300,190,3900436.00000000,19899.58745300,0
1775577600000000,0.00511000,0.00512000,0.00508000,0.00511000,6176566.20000000,1775581199999999,31509.26345300,198,4164999.20000000,21250.35174300,0
1775581200000000,0.00512000,0.00516000,0.00510000,0.00512000,7265962.10000000,1775584799999999,37274.19595800,357,3074228.60000000,15780.21727700,0
1775584800000000,0.00512000,0.00512000,0.00508000,0.00510000,5682921.50000000,1775588399999999,29007.35909500,199,2372109.30000000,12113.03875600,0
1775588400000000,0.00509000,0.00513000,0.00507000,0.00513000,9385991.10000000,1775591999999999,47801.17878800,335,5154867.40000000,26265.67136000,0
1775592000000000,0.00513000,0.00516000,0.00511000,0.00512000,7252658.90000000,1775595599999999,37237.02747100,310,3586715.30000000,18421.24493000,0
1775595600000000,0.00512000,0.00521000,0.00512000,0.00520000,9511713.30000000,1775599199999999,49233.89795400,336,5175617.80000000,26799.74675800,0
1775599200000000,0.00521000,0.00536000,0.00521000,0.00531000,37731432.80000000,1775602799999999,199945.56435700,1663,22874845.60000000,121241.78580300,0
1775602800000000,0.00532000,0.00536000,0.00526000,0.00534000,27729893.70000000,1775606399999999,146859.87307200,699,10045847.20000000,53251.13985600,0
1775606400000000,0.00534000,0.00537000,0.00529000,0.00529000,12266897.90000000,1775609999999999,65494.83779600,420,5687372.50000000,30389.74075300,0
1775610000000000,0.00530000,0.00533000,0.00527000,0.00531000,5917412.30000000,1775613599999999,31331.29801600,175,3564989.40000000,18880.30849000,0
1775613600000000,0.00531000,0.00531000,0.00527000,0.00528000,5466956.40000000,1775617199999999,28921.03532900,181,2666553.80000000,14104.55279900,0
1775617200000000,0.00529000,0.00534000,0.00529000,0.00532000,7856111.30000000,1775620799999999,41725.64759300,224,5291306.50000000,28112.13610000,0
1775620800000000,0.00533000,0.00535000,0.00530000,0.00531000,6374445.70000000,1775624399999999,33988.36824700,178,2607630.30000000,13908.36168700,0
1775624400000000,0.00531000,0.00535000,0.00530000,0.00532000,4003939.90000000,1775627999999999,21342.18779800,141,1473536.00000000,7853.94300500,0
1775628000000000,0.00532000,0.00534000,0.00531000,0.00533000,2104087.60000000,1775631599999999,11206.30813100,89,1096971.00000000,5842.90323000,0
1775631600000000,0.00532000,0.00535000,0.00531000,0.00534000,5384034.90000000,1775635199999999,28694.27498500,218,3320398.70000000,17700.88140600,0
1775635200000000,0.00534000,0.00541000,0.00534000,0.00537000,8681397.20000000,1775638799999999,46682.43507700,427,5406290.50000000,29068.02438800,0
1775638800000000,0.00536000,0.00537000,0.00533000,0.00535000,2940580.30000000,1775642399999999,15734.47416800,147,1489861.00000000,7976.49023300,0
1775642400000000,0.00535000,0.00538000,0.00534000,0.00534000,2640585.10000000,1775645999999999,14139.27412900,237,742955.70000000,3983.38024000,0
1775646000000000,0.00533000,0.00537000,0.00530000,0.00536000,6750480.70000000,1775649599999999,36025.96742400,288,3871925.10000000,20662.43325300,0
1775649600000000,0.00536000,0.00537000,0.00533000,0.00533000,1660257.70000000,1775653199999999,8863.05601600,77,788377.30000000,4207.41624600,0
1775653200000000,0.00533000,0.00538000,0.00532000,0.00536000,8148958.10000000,1775656799999999,43643.23537900,326,3386982.60000000,18129.10208600,0
1775656800000000,0.00537000,0.00542000,0.00530000,0.00532000,11078477.90000000,1775660399999999,59445.40640800,515,6760220.70000000,36286.46983200,0
1775660400000000,0.00532000,0.00533000,0.00528000,0.00532000,7722264.50000000,1775663999999999,40976.12117500,245,3591985.90000000,19055.57655700,0
1775664000000000,0.00533000,0.00537000,0.00533000,0.00533000,5513891.80000000,1775667599999999,29447.62883700,249,2146176.70000000,11461.36838300,0
1775667600000000,0.00534000,0.00535000,0.00532000,0.00533000,3464011.80000000,1775671199999999,18474.90418600,163,1680894.50000000,8968.77755400,0
1775671200000000,0.00533000,0.00534000,0.00532000,0.00533000,2967377.10000000,1775674799999999,15828.54026400,155,1799582.00000000,9601.37201500,0
1775674800000000,0.00533000,0.00540000,0.00533000,0.00538000,14481719.20000000,1775678399999999,77790.58192100,493,7894530.70000000,42421.18433400,0
1775678400000000,0.00538000,0.00540000,0.00534000,0.00537000,8881759.10000000,1775681999999999,47724.53956300,285,3352760.90000000,18007.25284300,0
1775682000000000,0.00538000,0.00538000,0.00534000,0.00536000,4894311.80000000,1775685599999999,26238.18875900,184,2673723.10000000,14334.84091700,0
1775685600000000,0.00536000,0.00536000,0.00530000,0.00531000,7191499.70000000,1775689199999999,38370.37197700,314,3944391.80000000,21056.14657600,0
1775689200000000,0.00531000,0.00531000,0.00525000,0.00526000,9918505.10000000,1775692799999999,52355.62059500,294,2807553.80000000,14790.27226900,0
1775692800000000,0.00525000,0.00526000,0.00521000,0.00523000,4373486.50000000,1775696399999999,22889.37968900,181,1724004.60000000,9026.96154900,0
1775696400000000,0.00524000,0.00525000,0.00518000,0.00521000,6859096.80000000,1775699999999999,35728.06131500,323,2977209.10000000,15515.03428500,0
1775700000000000,0.00521000,0.00528000,0.00521000,0.00526000,4221236.90000000,1775703599999999,22135.98357800,245,2332713.50000000,12231.25699300,0
1775703600000000,0.00527000,0.00529000,0.00525000,0.00526000,2280288.60000000,1775707199999999,12002.63136800,283,1209645.00000000,6364.80985100,0
1775707200000000,0.00526000,0.00528000,0.00525000,0.00526000,1564433.00000000,1775710799999999,8232.04782700,71,852791.90000000,4487.78970300,0
1775710800000000,0.00525000,0.00528000,0.00523000,0.00527000,2418619.40000000,1775714399999999,12744.57671900,102,994659.80000000,5238.37451600,0
1775714400000000,0.00526000,0.00528000,0.00524000,0.00528000,2448860.10000000,1775717999999999,12878.40395600,176,1059988.30000000,5575.26184200,0
1775718000000000,0.00528000,0.00530000,0.00526000,0.00528000,3583848.70000000,1775721599999999,18941.80853600,616,2773710.70000000,14663.33221900,0
1775721600000000,0.00527000,0.00544000,0.00527000,0.00535000,23532091.70000000,1775725199999999,126145.51316500,1074,14616731.90000000,78327.61426800,0
1775725200000000,0.00533000,0.00534000,0.00528000,0.00528000,7694631.00000000,1775728799999999,40813.02340300,249,3669623.20000000,19483.89815900,0
1775728800000000,0.00528000,0.00530000,0.00526000,0.00529000,6000941.60000000,1775732399999999,31717.72690700,271,2603892.70000000,13770.50701600,0
1775732400000000,0.00528000,0.00531000,0.00527000,0.00530000,6199927.00000000,1775735999999999,32724.67817500,201,2921489.30000000,15426.10250900,0
1775736000000000,0.00530000,0.00530000,0.00526000,0.00530000,3632619.20000000,1775739599999999,19174.80214100,157,2044688.10000000,10798.21884400,0
1775739600000000,0.00530000,0.00531000,0.00528000,0.00530000,5065893.30000000,1775743199999999,26847.29271200,206,2602486.80000000,13792.71552300,0
1775743200000000,0.00530000,0.00530000,0.00524000,0.00530000,5845901.10000000,1775746799999999,30828.94209500,243,2688886.10000000,14192.59262900,0
1775746800000000,0.00530000,0.00532000,0.00525000,0.00531000,8168941.20000000,1775750399999999,43210.22792400,633,4165216.00000000,22038.11304600,0
1775750400000000,0.00532000,0.00534000,0.00530000,0.00533000,4176130.50000000,1775753999999999,22241.16577100,188,2180191.70000000,11609.70305200,0
1775754000000000,0.00533000,0.00536000,0.00532000,0.00536000,5161784.70000000,1775757599999999,27558.17044100,149,2728972.30000000,14575.96992500,0
1775757600000000,0.00535000,0.00535000,0.00533000,0.00535000,2194176.00000000,1775761199999999,11724.92765700,85,1081846.80000000,5781.12731200,0
1775761200000000,0.00536000,0.00539000,0.00534000,0.00537000,4296951.30000000,1775764799999999,23073.63679700,234,1924713.40000000,10335.84831100,0
1775764800000000,0.00537000,0.00539000,0.00535000,0.00535000,4282462.80000000,1775768399999999,23010.17010700,281,2271167.80000000,12207.21021000,0
1775768400000000,0.00535000,0.00537000,0.00534000,0.00534000,3156019.10000000,1775771999999999,16888.00663100,167,1558933.40000000,8345.66234700,0
1775772000000000,0.00534000,0.00539000,0.00534000,0.00538000,5377325.60000000,1775775599999999,28911.34488200,183,1596185.40000000,8579.12301100,0
1775775600000000,0.00537000,0.00538000,0.00535000,0.00537000,5424513.10000000,1775779199999999,29125.66729700,173,2853656.10000000,15321.17742300,0
1775779200000000,0.00537000,0.00538000,0.00531000,0.00536000,19089842.30000000,1775782799999999,102212.51663000,612,11984246.50000000,64158.92179000,0
1775782800000000,0.00535000,0.00536000,0.00530000,0.00534000,9351840.50000000,1775786399999999,49791.95937900,245,5861545.40000000,31180.48032500,0
1775786400000000,0.00534000,0.00535000,0.00533000,0.00533000,2189616.80000000,1775789999999999,11698.30320400,75,1313195.40000000,7016.14229300,0
1775790000000000,0.00533000,0.00535000,0.00532000,0.00532000,3445607.10000000,1775793599999999,18365.79010600,154,2191961.00000000,11684.46399600,0
1775793600000000,0.00532000,0.00535000,0.00531000,0.00534000,1754334.90000000,1775797199999999,9351.83797400,67,990692.40000000,5279.73570600,0
1775797200000000,0.00535000,0.00536000,0.00532000,0.00536000,3594372.20000000,1775800799999999,19183.87644400,169,1993623.50000000,10644.91404100,0
1775800800000000,0.00536000,0.00536000,0.00531000,0.00531000,2487944.20000000,1775804399999999,13273.47099900,165,1202100.00000000,6416.22897900,0
1775804400000000,0.00532000,0.00533000,0.00528000,0.00529000,6832053.00000000,1775807999999999,36235.99228800,200,3244144.10000000,17207.58293200,0
1775808000000000,0.00529000,0.00530000,0.00527000,0.00527000,2399357.20000000,1775811599999999,12686.43748700,97,1176902.10000000,6225.30202800,0
1775811600000000,0.00527000,0.00531000,0.00527000,0.00529000,4282126.40000000,1775815199999999,22636.32488000,254,2356810.30000000,12462.81053700,0
1775815200000000,0.00529000,0.00531000,0.00527000,0.00529000,3862083.90000000,1775818799999999,20434.12894000,348,2412545.50000000,12766.03892500,0
1775818800000000,0.00528000,0.00530000,0.00527000,0.00528000,3353872.20000000,1775822399999999,17701.68622400,277,1310370.10000000,6919.93813100,0
1775822400000000,0.00528000,0.00533000,0.00527000,0.00532000,6269505.80000000,1775825999999999,33211.32555600,640,3344969.10000000,17711.35760300,0
1775826000000000,0.00531000,0.00532000,0.00530000,0.00531000,3359931.30000000,1775829599999999,17842.21748700,340,1548991.80000000,8230.27383500,0
1775829600000000,0.00530000,0.00534000,0.00529000,0.00532000,6629187.10000000,1775833199999999,35268.48556600,587,2867101.60000000,15264.96631100,0
1775833200000000,0.00533000,0.00534000,0.00528000,0.00529000,6172283.10000000,1775836799999999,32723.01085700,448,4018882.50000000,21308.30329800,0
1775836800000000,0.00529000,0.00531000,0.00528000,0.00529000,3540897.10000000,1775840399999999,18744.61864300,143,1051322.10000000,5570.82765200,0
1775840400000000,0.00529000,0.00529000,0.00525000,0.00525000,2713237.80000000,1775843999999999,14314.84531400,116,432385.40000000,2276.63138400,0
1775844000000000,0.00525000,0.00533000,0.00525000,0.00532000,3610000.30000000,1775847599999999,19095.86742500,183,2455838.70000000,12997.71258700,0
1775847600000000,0.00531000,0.00533000,0.00529000,0.00531000,8454660.10000000,1775851199999999,44864.78140400,525,4367308.80000000,23190.30452200,0
1775851200000000,0.00531000,0.00532000,0.00529000,0.00531000,3103297.20000000,1775854799999999,16457.28404800,390,1992257.80000000,10569.53326100,0
1775854800000000,0.00531000,0.00531000,0.00528000,0.00530000,2473991.30000000,1775858399999999,13096.34937200,316,1506883.80000000,7978.91514700,0
1775858400000000,0.00530000,0.00531000,0.00528000,0.00529000,1270322.40000000,1775861999999999,6715.72958400,189,708937.20000000,3747.66590000,0
1775862000000000,0.00529000,0.00529000,0.00526000,0.00528000,1664085.10000000,1775865599999999,8774.41198500,163,671956.30000000,3544.68557700,0
1775865600000000,0.00528000,0.00528000,0.00519000,0.00521000,6463016.60000000,1775869199999999,33812.42842600,273,2808688.50000000,14704.47146100,0
1775869200000000,0.00520000,0.00522000,0.00519000,0.00521000,5651282.40000000,1775872799999999,29402.73573600,339,3233301.70000000,16819.93062700,0
1775872800000000,0.00520000,0.00524000,0.00520000,0.00522000,4536677.70000000,1775876399999999,23668.03669400,235,2754778.90000000,14367.38821300,0
1775876400000000,0.00522000,0.00522000,0.00516000,0.00517000,5272781.50000000,1775879999999999,27376.00476500,249,2239740.10000000,11633.03331000,0
1775880000000000,0.00517000,0.00520000,0.00515000,0.00518000,4567269.50000000,1775883599999999,23652.43322700,287,2607593.80000000,13508.98059800,0
1775883600000000,0.00518000,0.00520000,0.00516000,0.00517000,3589630.90000000,1775887199999999,18586.33488600,232,1502774.30000000,7775.57932100,0
1775887200000000,0.00517000,0.00517000,0.00513000,0.00516000,3809353.70000000,1775890799999999,19641.02370500,278,1444785.50000000,7453.59251500,0
1775890800000000,0.00516000,0.00517000,0.00515000,0.00517000,2754780.10000000,1775894399999999,14217.78316300,145,1557708.70000000,8041.10865300,0
1775894400000000,0.00516000,0.00517000,0.00515000,0.00517000,2386008.40000000,1775897999999999,12311.08153400,101,987603.10000000,5096.78563200,0
1775898000000000,0.00517000,0.00520000,0.00514000,0.00515000,3191446.40000000,1775901599999999,16512.37057700,159,1368280.80000000,7077.79160700,0
1775901600000000,0.00515000,0.00516000,0.00511000,0.00513000,4311466.10000000,1775905199999999,22142.63541800,187,1919461.50000000,9864.63117800,0
1775905200000000,0.00513000,0.00513000,0.00509000,0.00511000,8614439.70000000,1775908799999999,43998.03238000,477,5036390.30000000,25739.20803300,0
1775908800000000,0.00511000,0.00512000,0.00509000,0.00511000,2293287.20000000,1775912399999999,11709.00388900,87,1439381.50000000,7350.17575700,0
1775912400000000,0.00510000,0.00510000,0.00504000,0.00505000,10334735.60000000,1775915999999999,52421.47143600,274,5783256.90000000,29361.29003300,0
1775916000000000,0.00505000,0.00505000,0.00501000,0.00504000,8543373.70000000,1775919599999999,42971.12673500,231,4656748.20000000,23430.14679500,0
1775919600000000,0.00504000,0.00507000,0.00504000,0.00506000,3980750.70000000,1775923199999999,20138.46574200,221,2740228.60000000,13861.44243600,0
1775923200000000,0.00506000,0.00509000,0.00503000,0.00508000,11371019.20000000,1775926799999999,57552.99847700,408,6117663.90000000,30960.08981900,0
1775926800000000,0.00507000,0.00508000,0.00506000,0.00506000,4797997.80000000,1775930399999999,24321.85708000,155,1946376.20000000,9869.74916200,0
1775930400000000,0.00507000,0.00515000,0.00506000,0.00514000,5069296.80000000,1775933999999999,25955.64954000,185,3046727.70000000,15597.81693800,0
1775934000000000,0.00515000,0.00516000,0.00514000,0.00515000,7011446.10000000,1775937599999999,36157.08843900,217,3090626.20000000,15936.85111200,0
1775937600000000,0.00515000,0.00516000,0.00512000,0.00515000,3573694.40000000,1775941199999999,18390.60691400,205,2132373.10000000,10972.90989700,0
1775941200000000,0.00514000,0.00516000,0.00513000,0.00514000,2782440.00000000,1775944799999999,14313.92259800,160,1213628.00000000,6244.91763500,0
1775944800000000,0.00514000,0.00516000,0.00511000,0.00512000,4501801.30000000,1775948399999999,23114.64174200,225,1476316.20000000,7591.15504400,0
1775948400000000,0.00512000,0.00515000,0.00511000,0.00512000,3478008.90000000,1775951999999999,17820.68810600,142,2193934.20000000,11243.78928000,0
1775952000000000,0.00513000,0.00566000,0.00513000,0.00527000,264407608.20000000,1775955599999999,1433251.32932500,12141,148163930.20000000,802035.50395200,0
1775955600000000,0.00528000,0.00531000,0.00518000,0.00523000,25716435.20000000,1775959199999999,134984.02227800,847,12742206.70000000,66950.38806900,0
1775959200000000,0.00522000,0.00524000,0.00519000,0.00523000,17580310.70000000,1775962799999999,91859.71415600,519,11055513.20000000,57774.34818400,0
1775962800000000,0.00522000,0.00528000,0.00522000,0.00526000,16556185.20000000,1775966399999999,86960.45956600,413,10346448.60000000,54357.92288100,0
1775966400000000,0.00525000,0.00529000,0.00522000,0.00526000,13994748.60000000,1775969999999999,73581.14406900,498,7010390.70000000,36889.80437800,0
1775970000000000,0.00526000,0.00527000,0.00521000,0.00525000,12708409.80000000,1775973599999999,66587.72285600,399,6375763.20000000,33424.72324700,0
1775973600000000,0.00526000,0.00528000,0.00525000,0.00526000,6076340.70000000,1775977199999999,32006.45193100,204,3281959.10000000,17293.15154000,0
1775977200000000,0.00526000,0.00534000,0.00524000,0.00528000,13691949.60000000,1775980799999999,72371.94090300,507,6574293.20000000,34761.08804700,0
1775980800000000,0.00528000,0.00532000,0.00524000,0.00525000,26148818.60000000,1775984399999999,138155.49891200,775,13604256.40000000,71908.97483200,0
1775984400000000,0.00524000,0.00527000,0.00523000,0.00525000,9308650.60000000,1775987999999999,48882.35632400,256,3977170.60000000,20900.85209300,0
1775988000000000,0.00526000,0.00530000,0.00520000,0.00522000,29259352.20000000,1775991599999999,153910.79018000,735,13247683.10000000,69784.57142500,0
1775991600000000,0.00521000,0.00522000,0.00518000,0.00520000,6706472.00000000,1775995199999999,34894.69525300,241,3281321.50000000,17075.40561700,0
1775995200000000,0.00519000,0.00522000,0.00515000,0.00520000,9972371.70000000,1775998799999999,51705.36161700,358,4885965.30000000,25370.21392100,0
1775998800000000,0.00520000,0.00524000,0.00517000,0.00517000,7241293.70000000,1776002399999999,37636.11404800,286,3102038.50000000,16118.72487100,0
1776002400000000,0.00517000,0.00519000,0.00515000,0.00517000,5327208.00000000,1776005999999999,27541.30562600,191,2172045.30000000,11237.32675200,0
1776006000000000,0.00517000,0.00526000,0.00513000,0.00523000,27913481.10000000,1776009599999999,145707.14782400,920,14020178.60000000,73129.46437800,0
1776009600000000,0.00523000,0.00524000,0.00515000,0.00519000,28548596.30000000,1776013199999999,148280.67708600,971,15604680.40000000,81066.62664700,0
1776013200000000,0.00518000,0.00520000,0.00518000,0.00520000,8458134.40000000,1776016799999999,43896.78251700,237,3336536.80000000,17328.01109500,0
1776016800000000,0.00520000,0.00520000,0.00517000,0.00518000,2319881.70000000,1776020399999999,12023.18888700,86,691402.10000000,3587.76813300,0
1776020400000000,0.00518000,0.00519000,0.00514000,0.00514000,4356889.50000000,1776023999999999,22453.11872300,178,1956013.00000000,10082.84449500,0
1776024000000000,0.00514000,0.00518000,0.00514000,0.00518000,6422680.10000000,1776027599999999,33121.43493800,211,4813504.60000000,24825.55089600,0
1776027600000000,0.00517000,0.00517000,0.00513000,0.00516000,2429341.70000000,1776031199999999,12512.48066000,87,1294016.90000000,6663.62298700,0
1776031200000000,0.00515000,0.00515000,0.00508000,0.00512000,8986537.90000000,1776034799999999,45929.18075400,258,3773705.50000000,19295.68962700,0
1776034800000000,0.00511000,0.00519000,0.00511000,0.00519000,13959654.70000000,1776038399999999,71894.05896200,348,8996351.60000000,46387.48639800,0
1776038400000000,0.00517000,0.00535000,0.00501000,0.00510000,228822058.10000000,1776041999999999,1193737.58677000,6586,108328036.70000000,565936.96765500,0
1776042000000000,0.00510000,0.00512000,0.00506000,0.00511000,15617077.90000000,1776045599999999,79524.62355400,402,9931897.20000000,50603.45952800,0
1776045600000000,0.00512000,0.00513000,0.00506000,0.00507000,8233795.90000000,1776049199999999,41923.91021800,207,4010174.80000000,20426.89942800,0
1776049200000000,0.00508000,0.00512000,0.00506000,0.00510000,16544550.20000000,1776052799999999,84219.86662800,412,8705532.00000000,44331.79947300,0
1776052800000000,0.00510000,0.00513000,0.00510000,0.00511000,11289157.40000000,1776056399999999,57714.55645800,306,5443474.40000000,27846.55607700,0
1776056400000000,0.00511000,0.00516000,0.00510000,0.00512000,22596665.60000000,1776059999999999,115863.34407200,703,12491353.70000000,64062.46149800,0
1776060000000000,0.00513000,0.00516000,0.00512000,0.00513000,16922133.00000000,1776063599999999,87073.52274600,562,7873072.90000000,40532.54682200,0
1776063600000000,0.00512000,0.00513000,0.00509000,0.00510000,2333158.40000000,1776067199999999,11918.77401300,77,562067.90000000,2876.05310300,0
1776067200000000,0.00509000,0.00511000,0.00507000,0.00507000,16217888.50000000,1776070799999999,82512.95625200,628,7668650.80000000,39036.24270100,0
1776070800000000,0.00507000,0.00511000,0.00507000,0.00510000,11596927.90000000,1776074399999999,59042.89686400,496,6316265.50000000,32178.61081400,0
1776074400000000,0.00510000,0.00512000,0.00508000,0.00509000,4663728.80000000,1776077999999999,23778.22273600,131,1687484.80000000,8608.72019600,0
1776078000000000,0.00509000,0.00510000,0.00507000,0.00507000,10571887.70000000,1776081599999999,53686.91194000,337,5065800.70000000,25734.02797300,0
1776081600000000,0.00506000,0.00508000,0.00504000,0.00506000,9560016.20000000,1776085199999999,48414.52019000,229,2810455.50000000,14237.63926000,0
1776085200000000,0.00506000,0.00509000,0.00504000,0.00508000,6947519.50000000,1776088799999999,35234.97493500,190,3950555.80000000,20040.74749600,0
1776088800000000,0.00507000,0.00511000,0.00507000,0.00511000,6304258.50000000,1776092399999999,32062.62194500,157,3657272.90000000,18603.69730900,0
1776092400000000,0.00512000,0.00512000,0.00508000,0.00511000,6153980.50000000,1776095999999999,31322.62168000,207,3252862.90000000,16563.84440300,0
1776096000000000,0.00510000,0.00512000,0.00508000,0.00511000,3182854.40000000,1776099599999999,16228.68338000,134,1860869.70000000,9492.06872600,0
1776099600000000,0.00510000,0.00513000,0.00510000,0.00510000,2807857.90000000,1776103199999999,14343.56740400,137,1615674.30000000,8254.30336500,0
1776103200000000,0.00509000,0.00510000,0.00508000,0.00509000,3289019.10000000,1776106799999999,16741.69426400,70,912547.70000000,4645.52190300,0
1776106800000000,0.00508000,0.00512000,0.00508000,0.00512000,6135015.00000000,1776110399999999,31290.65092500,165,2876845.00000000,14677.66047800,0
1776110400000000,0.00512000,0.00513000,0.00510000,0.00513000,3682605.60000000,1776113999999999,18817.21846100,109,1449299.20000000,7417.36071700,0
1776114000000000,0.00514000,0.00520000,0.00513000,0.00518000,6202704.80000000,1776117599999999,32017.40854900,202,3151431.50000000,16262.08263400,0
1776117600000000,0.00518000,0.00527000,0.00518000,0.00526000,9938418.30000000,1776121199999999,51962.81919400,288,5055883.50000000,26445.90479800,0
1776121200000000,0.00526000,0.00528000,0.00522000,0.00528000,12841425.70000000,1776124799999999,67456.26086500,686,7244161.30000000,38055.83040100,0
1776124800000000,0.00528000,0.00529000,0.00518000,0.00522000,22040438.10000000,1776128399999999,115247.73001400,607,8862108.50000000,46339.80149800,0
1776128400000000,0.00521000,0.00523000,0.00519000,0.00520000,7147618.00000000,1776131999999999,37228.21986000,195,2743221.10000000,14305.00835100,0
1776132000000000,0.00520000,0.00523000,0.00519000,0.00523000,10160241.70000000,1776135599999999,53020.42528900,200,4139324.40000000,21611.31977600,0
1776135600000000,0.00523000,0.00524000,0.00521000,0.00522000,7973900.70000000,1776139199999999,41682.35235100,159,4469860.90000000,23368.09657500,0
1776139200000000,0.00522000,0.00522000,0.00519000,0.00519000,3706517.00000000,1776142799999999,19301.23914900,112,812550.40000000,4231.00863400,0
1776142800000000,0.00519000,0.00519000,0.00515000,0.00516000,2973673.00000000,1776146399999999,15392.62460600,85,1573699.60000000,8155.81539700,0
1776146400000000,0.00517000,0.00519000,0.00515000,0.00519000,6207025.20000000,1776149999999999,32071.84298100,159,1897486.70000000,9819.37891100,0
1776150000000000,0.00519000,0.00520000,0.00517000,0.00519000,2326182.30000000,1776153599999999,12055.97632200,75,1000746.80000000,5187.29072600,0
1776153600000000,0.00518000,0.00520000,0.00516000,0.00519000,3619017.60000000,1776157199999999,18745.12468200,140,1683966.40000000,8722.43004400,0
1776157200000000,0.00518000,0.00519000,0.00517000,0.00517000,6423847.20000000,1776160799999999,33240.97265800,82,1178069.30000000,6103.01058600,0
1776160800000000,0.00517000,0.00517000,0.00513000,0.00514000,9438357.50000000,1776164399999999,48553.43940800,207,2946734.70000000,15168.69880400,0
1776164400000000,0.00514000,0.00515000,0.00510000,0.00512000,9931268.20000000,1776167999999999,50863.62326600,208,2991856.00000000,15341.71265600,0
1776168000000000,0.00511000,0.00513000,0.00511000,0.00512000,5166074.90000000,1776171599999999,26403.73396400,137,2677889.00000000,13688.15727000,0
1776171600000000,0.00511000,0.00514000,0.00511000,0.00514000,7734718.90000000,1776175199999999,39673.53410100,156,5011992.90000000,25708.81838600,0
1776175200000000,0.00514000,0.00518000,0.00511000,0.00514000,6721653.00000000,1776178799999999,34578.42248000,217,3551403.40000000,18269.08224600,0
1776178800000000,0.00514000,0.00516000,0.00511000,0.00513000,14555369.30000000,1776182399999999,74709.21188300,310,7083382.40000000,36370.50476800,0
1776182400000000,0.00513000,0.00514000,0.00510000,0.00511000,3894238.50000000,1776185999999999,19946.37642000,145,2152397.70000000,11026.51309100,0
1776186000000000,0.00511000,0.00513000,0.00509000,0.00511000,8100233.50000000,1776189599999999,41344.25149500,157,2634460.40000000,13452.68090100,0
1776189600000000,0.00511000,0.00511000,0.00505000,0.00505000,7333149.10000000,1776193199999999,37143.13620800,185,4364579.90000000,22109.22347000,0
1776193200000000,0.00505000,0.00507000,0.00504000,0.00507000,8450311.50000000,1776196799999999,42667.79118000,191,2935150.20000000,14830.90708800,0
1776196800000000,0.00507000,0.00507000,0.00503000,0.00504000,4422618.40000000,1776200399999999,22348.68751800,125,1909427.10000000,9650.82885400,0
1776200400000000,0.00504000,0.00506000,0.00503000,0.00506000,5187825.70000000,1776203999999999,26184.88727300,118,2341753.80000000,11830.18924200,0
1776204000000000,0.00507000,0.00507000,0.00502000,0.00505000,5628108.20000000,1776207599999999,28371.69035200,136,2529590.90000000,12766.38083100,0
1776207600000000,0.00505000,0.00506000,0.00505000,0.00506000,1706522.90000000,1776211199999999,8627.02752500,40,1051590.20000000,5316.39893900,0
1776211200000000,0.00505000,0.00508000,0.00505000,0.00507000,1825578.70000000,1776214799999999,9254.73293800,49,965541.60000000,4894.44870000,0
1776214800000000,0.00507000,0.00510000,0.00506000,0.00509000,3935243.70000000,1776218399999999,19981.60795400,90,1417931.60000000,7200.21747300,0
1776218400000000,0.00509000,0.00511000,0.00506000,0.00506000,2753941.30000000,1776221999999999,14009.11819200,66,1378229.70000000,7007.01773600,0
1776222000000000,0.00508000,0.00510000,0.00507000,0.00509000,2181876.90000000,1776225599999999,11087.54255600,153,875854.80000000,4450.41792100,0
1776225600000000,0.00509000,0.00512000,0.00509000,0.00511000,3931303.30000000,1776229199999999,20067.21557500,259,1349009.50000000,6888.05363200,0
1776229200000000,0.00512000,0.00512000,0.00507000,0.00507000,3927049.80000000,1776232799999999,19991.72326800,235,1508532.60000000,7685.44698100,0
1776232800000000,0.00507000,0.00508000,0.00505000,0.00507000,4461254.20000000,1776236399999999,22579.20380900,201,2192352.20000000,11098.49996400,0
1776236400000000,0.00508000,0.00509000,0.00505000,0.00507000,2527577.10000000,1776239999999999,12805.43474400,77,1013476.80000000,5133.49704200,0
1776240000000000,0.00507000,0.00509000,0.00506000,0.00507000,3846199.50000000,1776243599999999,19506.69952700,118,1212442.30000000,6150.21555700,0
1776243600000000,0.00508000,0.00509000,0.00504000,0.00506000,5805043.20000000,1776247199999999,29394.19207900,224,2758336.80000000,13976.79153100,0
1776247200000000,0.00506000,0.00509000,0.00505000,0.00507000,6074449.10000000,1776250799999999,30758.44397300,103,1374720.80000000,6961.70693400,0
1776250800000000,0.00506000,0.00510000,0.00505000,0.00508000,5834776.40000000,1776254399999999,29569.39474600,565,3271026.30000000,16576.68340000,0
1776254400000000,0.00507000,0.00508000,0.00506000,0.00508000,2069953.80000000,1776257999999999,10488.81177900,101,772727.00000000,3919.87112000,0
1776258000000000,0.00507000,0.00508000,0.00506000,0.00508000,5055262.40000000,1776261599999999,25618.79619600,213,2753678.20000000,13960.87838900,0
1776261600000000,0.00507000,0.00509000,0.00506000,0.00509000,4447498.80000000,1776265199999999,22573.17008200,127,2122772.80000000,10774.31477200,0
1776265200000000,0.00509000,0.00510000,0.00505000,0.00508000,6113812.60000000,1776268799999999,30994.91828200,151,2967565.00000000,15049.67631600,0
1776268800000000,0.00508000,0.00510000,0.00506000,0.00509000,8977744.20000000,1776272399999999,45598.00191700,370,7286766.40000000,37009.19705700,0
1776272400000000,0.00510000,0.00514000,0.00509000,0.00512000,5353749.90000000,1776275999999999,27395.03481500,164,2332363.20000000,11941.23074400,0
1776276000000000,0.00512000,0.00515000,0.00508000,0.00509000,7639649.40000000,1776279599999999,39172.98694700,272,1547769.70000000,7930.19524000,0
1776279600000000,0.00509000,0.00511000,0.00507000,0.00511000,4208337.20000000,1776283199999999,21430.63228600,161,2449637.60000000,12474.24192200,0
1776283200000000,0.00511000,0.00511000,0.00509000,0.00511000,3793372.20000000,1776286799999999,19349.61179600,106,1912988.20000000,9759.70514600,0
1776286800000000,0.00510000,0.00510000,0.00509000,0.00510000,2470960.00000000,1776290399999999,12591.80202500,57,1592660.70000000,8117.46409600,0
1776290400000000,0.00512000,0.00514000,0.00511000,0.00514000,4152551.90000000,1776293999999999,21309.06715800,83,1968609.20000000,10100.17654700,0
1776294000000000,0.00513000,0.00515000,0.00513000,0.00514000,3836549.40000000,1776297599999999,19716.70255200,90,2006910.40000000,10313.52516400,0
1776297600000000,0.00515000,0.00516000,0.00511000,0.00512000,4758271.80000000,1776301199999999,24413.55978600,113,1297829.10000000,6657.85218000,0
1776301200000000,0.00511000,0.00511000,0.00507000,0.00511000,7498039.90000000,1776304799999999,38165.38879900,425,3640885.60000000,18540.47244900,0
1776304800000000,0.00512000,0.00514000,0.00511000,0.00512000,4306976.60000000,1776308399999999,22047.67249300,180,2017070.80000000,10324.50502700,0
1776308400000000,0.00513000,0.00514000,0.00512000,0.00513000,3284173.70000000,1776311999999999,16852.87405700,88,1376491.90000000,7064.06899200,0
1776312000000000,0.00514000,0.00517000,0.00513000,0.00515000,6467305.90000000,1776315599999999,33341.21719900,532,3520259.90000000,18153.36695200,0
1776315600000000,0.00516000,0.00516000,0.00514000,0.00515000,2037615.50000000,1776319199999999,10493.86573900,70,859474.40000000,4426.58520300,0
1776319200000000,0.00515000,0.00516000,0.00513000,0.00514000,1976427.50000000,1776322799999999,10171.28998500,74,1205123.70000000,6204.37059100,0
1776322800000000,0.00514000,0.00515000,0.00514000,0.00514000,2011083.30000000,1776326399999999,10348.26151800,59,998413.90000000,5138.92226300,0
1776326400000000,0.00515000,0.00515000,0.00513000,0.00513000,2589534.60000000,1776329999999999,13313.82613800,73,670675.40000000,3446.53726400,0
1776330000000000,0.00514000,0.00515000,0.00513000,0.00515000,7089809.60000000,1776333599999999,36481.08505500,231,3187713.60000000,16403.94313200,0
1776333600000000,0.00515000,0.00517000,0.00512000,0.00514000,8852344.40000000,1776337199999999,45532.72438800,560,2748160.50000000,14146.27997800,0
1776337200000000,0.00514000,0.00515000,0.00512000,0.00513000,3739772.00000000,1776340799999999,19208.20138800,166,1796939.00000000,9230.75601300,0
1776340800000000,0.00514000,0.00515000,0.00514000,0.00514000,1589320.00000000,1776344399999999,8174.93649200,58,720751.80000000,3708.27838000,0
1776344400000000,0.00515000,0.00520000,0.00510000,0.00515000,15583898.60000000,1776347999999999,80290.86898800,648,8195668.80000000,42222.63163100,0
1776348000000000,0.00516000,0.00516000,0.00510000,0.00513000,8905105.80000000,1776351599999999,45702.55814600,335,3511309.00000000,18017.54484300,0
1776351600000000,0.00513000,0.00518000,0.00513000,0.00518000,5356813.50000000,1776355199999999,27639.18401100,169,2380778.80000000,12278.47807200,0
1776355200000000,0.00518000,0.00519000,0.00515000,0.00518000,7876073.90000000,1776358799999999,40749.32089900,283,3287684.00000000,17006.25325200,0
1776358800000000,0.00517000,0.00522000,0.00517000,0.00522000,28432594.50000000,1776362399999999,147722.43471300,1130,18275171.00000000,94993.56431000,0
1776362400000000,0.00521000,0.00523000,0.00516000,0.00522000,25193611.00000000,1776365999999999,130696.38656800,925,8092047.20000000,42044.33116200,0
1776366000000000,0.00523000,0.00527000,0.00522000,0.00527000,5396634.10000000,1776369599999999,28306.90816400,545,3180571.00000000,16686.34841700,0
1776369600000000,0.00526000,0.00527000,0.00520000,0.00521000,7966285.40000000,1776373199999999,41675.96142700,232,2833154.90000000,14835.23145000,0
1776373200000000,0.00522000,0.00522000,0.00519000,0.00522000,3594564.80000000,1776376799999999,18730.37635200,143,1987570.40000000,10355.31335900,0
1776376800000000,0.00522000,0.00525000,0.00521000,0.00523000,3851642.70000000,1776380399999999,20146.72333900,121,1886469.20000000,9875.99923300,0
1776380400000000,0.00524000,0.00528000,0.00524000,0.00527000,3738552.60000000,1776383999999999,19662.97225800,126,2412378.30000000,12686.63936600,0
1776384000000000,0.00527000,0.00528000,0.00522000,0.00525000,5707024.60000000,1776387599999999,29925.48531700,241,2648095.00000000,13878.90648600,0
1776387600000000,0.00525000,0.00525000,0.00521000,0.00522000,8101164.80000000,1776391199999999,42388.46593100,174,4104998.00000000,21488.47313000,0
1776391200000000,0.00523000,0.00523000,0.00520000,0.00523000,4980610.20000000,1776394799999999,25995.88516700,133,2504542.10000000,13073.90581200,0
1776394800000000,0.00523000,0.00523000,0.00521000,0.00522000,1885760.90000000,1776398399999999,9849.17132900,50,828596.70000000,4327.41556100,0
1776398400000000,0.00522000,0.00523000,0.00521000,0.00522000,4371123.20000000,1776401999999999,22840.29296200,127,1750205.50000000,9149.15222200,0
1776402000000000,0.00523000,0.00523000,0.00514000,0.00514000,7504702.20000000,1776405599999999,38844.51995000,177,4033961.60000000,20888.84309900,0
1776405600000000,0.00514000,0.00522000,0.00512000,0.00521000,6684002.50000000,1776409199999999,34524.71796100,172,3966080.60000000,20511.06842900,0
1776409200000000,0.00521000,0.00525000,0.00520000,0.00524000,4110764.10000000,1776412799999999,21466.12536500,128,2153049.10000000,11251.83423700,0
1776412800000000,0.00524000,0.00525000,0.00523000,0.00523000,3566377.10000000,1776416399999999,18680.38656800,88,1696193.50000000,8885.91655900,0
1776416400000000,0.00523000,0.00524000,0.00520000,0.00523000,3889233.90000000,1776419999999999,20298.07525000,197,2625478.50000000,13708.01090800,0
1776420000000000,0.00524000,0.00524000,0.00521000,0.00522000,6105040.10000000,1776423599999999,31862.89464500,252,2269939.50000000,11850.72080600,0
1776423600000000,0.00523000,0.00527000,0.00523000,0.00524000,5630900.90000000,1776427199999999,29551.46462800,282,2769400.70000000,14538.19523700,0
1776427200000000,0.00524000,0.00527000,0.00523000,0.00527000,10634184.10000000,1776430799999999,55867.87543900,592,5374027.90000000,28240.61746900,0
1776430800000000,0.00526000,0.00533000,0.00525000,0.00532000,18059644.10000000,1776434399999999,95581.86540800,1271,10956388.20000000,57948.75064800,0
1776434400000000,0.00532000,0.00534000,0.00530000,0.00532000,8476279.00000000,1776437999999999,45055.58198400,479,4845400.80000000,25763.10134300,0
1776438000000000,0.00532000,0.00536000,0.00530000,0.00534000,12154494.90000000,1776441599999999,64748.05675200,560,8645396.10000000,46074.35374900,0
1776441600000000,0.00533000,0.00545000,0.00533000,0.00542000,74158861.10000000,1776445199999999,401233.10739100,2845,40755782.00000000,220477.76768300,0
1776445200000000,0.00542000,0.00543000,0.00535000,0.00535000,8084053.70000000,1776448799999999,43483.46491600,244,3098511.20000000,16677.43200800,0
1776448800000000,0.00536000,0.00536000,0.00529000,0.00532000,11361636.90000000,1776452399999999,60471.87968900,351,2709502.70000000,14412.48990800,0
1776452400000000,0.00532000,0.00534000,0.00531000,0.00531000,8782252.50000000,1776455999999999,46734.27388100,213,4145141.30000000,22070.21231300,0
1776456000000000,0.00531000,0.00535000,0.00529000,0.00534000,5142889.00000000,1776459599999999,27339.08816000,168,3761939.80000000,20010.00880200,0
1776459600000000,0.00534000,0.00539000,0.00533000,0.00536000,8523929.90000000,1776463199999999,45739.46967100,170,3783119.90000000,20313.34851100,0
1776463200000000,0.00536000,0.00543000,0.00536000,0.00541000,17714433.80000000,1776466799999999,95853.86915000,453,10227078.60000000,55337.95386300,0
1776466800000000,0.00541000,0.00544000,0.00536000,0.00541000,11451119.30000000,1776470399999999,61968.01163100,403,6736497.20000000,36487.06332300,0
1776470400000000,0.00540000,0.00540000,0.00530000,0.00533000,17873263.30000000,1776473999999999,95445.83237900,339,6197746.50000000,33032.89996800,0
1776474000000000,0.00532000,0.00537000,0.00530000,0.00531000,8031461.00000000,1776477599999999,42856.14885200,164,4535286.90000000,24199.19290700,0
1776477600000000,0.00531000,0.00537000,0.00530000,0.00536000,8302978.00000000,1776481199999999,44295.40943400,190,4249758.50000000,22692.77537300,0
1776481200000000,0.00536000,0.00537000,0.00530000,0.00530000,10651926.60000000,1776484799999999,56858.64805000,214,5184473.80000000,27672.36818600,0
1776484800000000,0.00530000,0.00533000,0.00530000,0.00532000,10000293.30000000,1776488399999999,53143.03652300,296,4747069.20000000,25241.66499200,0
1776488400000000,0.00532000,0.00536000,0.00532000,0.00536000,10889933.10000000,1776491999999999,58243.51287400,402,8108006.70000000,43381.97365500,0
1776492000000000,0.00536000,0.00536000,0.00532000,0.00534000,7952664.00000000,1776495599999999,42445.23201200,242,3407126.00000000,18186.92769500,0
1776495600000000,0.00534000,0.00539000,0.00534000,0.00536000,12588707.80000000,1776499199999999,67487.26994400,351,8485702.40000000,45509.56096300,0
1776499200000000,0.00536000,0.00536000,0.00527000,0.00531000,10898902.10000000,1776502799999999,57886.83626000,309,5384967.70000000,28607.09146500,0
1776502800000000,0.00531000,0.00531000,0.00525000,0.00526000,8905135.60000000,1776506399999999,46962.07869900,197,3126132.60000000,16482.20794800,0
1776506400000000,0.00526000,0.00526000,0.00518000,0.00519000,11969176.70000000,1776509999999999,62365.49684000,242,5138726.90000000,26794.50874300,0
1776510000000000,0.00519000,0.00520000,0.00514000,0.00520000,8072544.20000000,1776513599999999,41772.81970100,193,4463867.30000000,23099.54726400,0
1776513600000000,0.00519000,0.00521000,0.00516000,0.00520000,9001696.50000000,1776517199999999,46727.31406000,216,3905198.60000000,20272.89088900,0
1776517200000000,0.00520000,0.00522000,0.00517000,0.00520000,6558082.50000000,1776520799999999,34026.65454400,136,3552073.80000000,18426.05214100,0
1776520800000000,0.00520000,0.00524000,0.00520000,0.00523000,4861023.40000000,1776524399999999,25356.08297000,134,2611777.00000000,13627.49225400,0
1776524400000000,0.00524000,0.00524000,0.00521000,0.00521000,4542143.40000000,1776527999999999,23714.84934700,140,2457686.10000000,12833.31519600,0
1776528000000000,0.00521000,0.00522000,0.00518000,0.00520000,5328193.20000000,1776531599999999,27710.36726200,122,2879341.00000000,14973.98643100,0
1776531600000000,0.00519000,0.00520000,0.00517000,0.00519000,2265019.40000000,1776535199999999,11739.96080900,58,1340156.50000000,6944.84829400,0
1776535200000000,0.00519000,0.00520000,0.00512000,0.00514000,7863137.40000000,1776538799999999,40515.26102800,242,3321447.10000000,17118.83350900,0
1776538800000000,0.00514000,0.00516000,0.00513000,0.00515000,2711212.60000000,1776542399999999,13953.82316500,76,1249944.10000000,6434.66193400,0
1776542400000000,0.00515000,0.00517000,0.00513000,0.00517000,5815017.70000000,1776545999999999,29933.96684000,143,3740233.90000000,19262.90038800,0
1776546000000000,0.00517000,0.00520000,0.00516000,0.00518000,5767863.80000000,1776549599999999,29862.40770200,196,2971896.40000000,15393.67177200,0
1776549600000000,0.00519000,0.00521000,0.00518000,0.00520000,4303171.60000000,1776553199999999,22378.24794900,94,3096968.30000000,16102.53960200,0
1776553200000000,0.00521000,0.00521000,0.00515000,0.00515000,8487950.30000000,1776556799999999,43970.18324700,237,2686220.90000000,13933.40006600,0
1776556800000000,0.00516000,0.00517000,0.00507000,0.00511000,13669254.30000000,1776560399999999,69879.47418400,337,9252975.50000000,47290.25891600,0
1776560400000000,0.00512000,0.00513000,0.00507000,0.00509000,2768849.20000000,1776563999999999,14111.76945300,88,944969.80000000,4813.54447500,0
1776564000000000,0.00509000,0.00509000,0.00503000,0.00506000,5332391.50000000,1776567599999999,26961.20276100,166,2655026.10000000,13422.22633800,0
1776567600000000,0.00504000,0.00508000,0.00502000,0.00504000,6952365.10000000,1776571199999999,35064.50817100,215,2170974.40000000,10941.06759000,0
1776571200000000,0.00505000,0.00507000,0.00504000,0.00506000,3452967.80000000,1776574799999999,17461.41509700,112,2203814.90000000,11143.84662000,0
1776574800000000,0.00506000,0.00509000,0.00502000,0.00503000,7361165.20000000,1776578399999999,37204.74066200,218,3317290.90000000,16777.59300500,0
1776578400000000,0.00503000,0.00505000,0.00500000,0.00503000,4235039.40000000,1776581999999999,21293.56974400,164,2718056.80000000,13680.38777700,0
1776582000000000,0.00503000,0.00504000,0.00500000,0.00503000,9918108.90000000,1776585599999999,49815.95961400,247,4352019.10000000,21871.20988700,0
1776585600000000,0.00503000,0.00506000,0.00503000,0.00505000,4222424.00000000,1776589199999999,21286.50642100,119,1575367.60000000,7939.35247200,0
1776589200000000,0.00505000,0.00505000,0.00501000,0.00502000,6041769.90000000,1776592799999999,30385.17497500,171,2278525.40000000,11452.24148400,0
1776592800000000,0.00501000,0.00504000,0.00500000,0.00502000,3204006.00000000,1776596399999999,16091.90492700,82,2492975.10000000,12525.49288900,0
1776596400000000,0.00503000,0.00506000,0.00503000,0.00504000,5343995.30000000,1776599999999999,26965.24407000,157,2104023.70000000,10622.47960100,0
1776600000000000,0.00504000,0.00505000,0.00503000,0.00504000,6054299.00000000,1776603599999999,30481.92371600,125,1749361.50000000,8811.08776600,0
1776603600000000,0.00505000,0.00508000,0.00505000,0.00506000,2297858.50000000,1776607199999999,11624.61047000,66,860802.00000000,4354.23620900,0
1776607200000000,0.00505000,0.00507000,0.00504000,0.00506000,1573937.30000000,1776610799999999,7955.24976800,65,1032864.90000000,5220.30447400,0
1776610800000000,0.00506000,0.00507000,0.00502000,0.00505000,5427567.60000000,1776614399999999,27352.47050500,178,1651273.70000000,8333.41908600,0
1776614400000000,0.00505000,0.00505000,0.00502000,0.00502000,2743843.40000000,1776617999999999,13803.14460700,93,1683513.60000000,8470.35169100,0
1776618000000000,0.00501000,0.00501000,0.00497000,0.00497000,6646801.60000000,1776621599999999,33171.29313200,194,4196574.70000000,20939.17216400,0
1776621600000000,0.00497000,0.00497000,0.00493000,0.00496000,9229687.80000000,1776625199999999,45669.10103800,199,4448054.60000000,22027.88993800,0
1776625200000000,0.00497000,0.00501000,0.00497000,0.00499000,4713289.20000000,1776628799999999,23560.98286900,129,2584015.30000000,12918.57278700,0
1776628800000000,0.00500000,0.00500000,0.00496000,0.00497000,2871720.20000000,1776632399999999,14283.72220900,67,1646851.10000000,8189.58727100,0
1776632400000000,0.00496000,0.00499000,0.00495000,0.00497000,2289353.40000000,1776635999999999,11382.80171800,58,1292611.20000000,6428.94304000,0
1776636000000000,0.00496000,0.00496000,0.00487000,0.00490000,7503058.90000000,1776639599999999,36759.80319300,234,4077745.10000000,19980.04474800,0
1776639600000000,0.00490000,0.00493000,0.00487000,0.00492000,16119289.50000000,1776643199999999,79086.53607100,244,9172682.00000000,44964.51512700,0
1776643200000000,0.00492000,0.00499000,0.00491000,0.00499000,2745086.70000000,1776646799999999,13588.46529500,120,1929592.00000000,9551.50404000,0
1776646800000000,0.00500000,0.00501000,0.00496000,0.00501000,2961247.80000000,1776650399999999,14790.04473100,126,2470898.50000000,12344.03327200,0
1776650400000000,0.00501000,0.00504000,0.00500000,0.00502000,4164515.20000000,1776653999999999,20897.97375500,132,2124053.50000000,10667.12804100,0
1776654000000000,0.00503000,0.00503000,0.00501000,0.00503000,5172096.40000000,1776657599999999,25970.54712000,147,2321291.80000000,11658.64044500,0
1776657600000000,0.00503000,0.00503000,0.00502000,0.00503000,1393850.10000000,1776661199999999,7006.09315300,44,543379.70000000,2732.30688100,0
1776661200000000,0.00502000,0.00502000,0.00497000,0.00499000,5030452.50000000,1776664799999999,25090.63476300,135,2778809.40000000,13857.31519100,0
1776664800000000,0.00499000,0.00504000,0.00499000,0.00502000,3649957.80000000,1776668399999999,18309.49431100,103,2312533.90000000,11598.57822100,0
1776668400000000,0.00501000,0.00506000,0.00501000,0.00502000,6208116.80000000,1776671999999999,31243.44259100,195,2914142.60000000,14658.92494800,0
1776672000000000,0.00503000,0.00503000,0.00499000,0.00499000,2039128.60000000,1776675599999999,10215.24266600,80,366891.10000000,1839.35314000,0
1776675600000000,0.00500000,0.00506000,0.00500000,0.00505000,3889713.50000000,1776679199999999,19619.07938300,115,1705852.40000000,8597.68206700,0
1776679200000000,0.00506000,0.00508000,0.00505000,0.00506000,6758018.40000000,1776682799999999,34206.92142700,131,1579364.70000000,8002.06845200,0
1776682800000000,0.00505000,0.00507000,0.00502000,0.00503000,4503418.40000000,1776686399999999,22711.63093800,94,863767.70000000,4357.65415000,0
1776686400000000,0.00503000,0.00507000,0.00503000,0.00505000,14184333.90000000,1776689999999999,71598.22421300,210,12578279.00000000,63488.34889800,0
1776690000000000,0.00505000,0.00508000,0.00504000,0.00507000,2707051.70000000,1776693599999999,13702.31300800,272,1350269.40000000,6839.67453200,0
1776693600000000,0.00507000,0.00510000,0.00504000,0.00506000,4840627.80000000,1776697199999999,24562.41691600,154,2239487.90000000,11366.26012600,0
1776697200000000,0.00507000,0.00511000,0.00505000,0.00509000,2424646.00000000,1776700799999999,12341.61510900,77,1156835.30000000,5888.12138000,0
1776700800000000,0.00509000,0.00510000,0.00508000,0.00508000,3166529.80000000,1776704399999999,16109.81481600,94,1690411.10000000,8605.02273500,0
1776704400000000,0.00509000,0.00512000,0.00508000,0.00512000,2549680.20000000,1776707999999999,12998.85558900,56,924711.60000000,4715.36088000,0
1776708000000000,0.00511000,0.00515000,0.00511000,0.00515000,6748922.80000000,1776711599999999,34634.28957300,116,4389049.10000000,22523.77304500,0
1776711600000000,0.00514000,0.00516000,0.00513000,0.00514000,1968952.70000000,1776715199999999,10124.29471200,97,651054.30000000,3349.34188400,0
1776715200000000,0.00514000,0.00516000,0.00513000,0.00515000,4296208.00000000,1776718799999999,22070.05328900,112,800820.90000000,4120.55183800,0
1776718800000000,0.00515000,0.00519000,0.00515000,0.00516000,7535313.50000000,1776722399999999,38902.07417800,335,1181203.20000000,6099.24487300,0
1776722400000000,0.00516000,0.00517000,0.00512000,0.00512000,1393456.50000000,1776725999999999,7171.79611200,52,167156.80000000,860.96742100,0
1776726000000000,0.00512000,0.00512000,0.00507000,0.00509000,9252208.00000000,1776729599999999,47074.85191400,192,3646432.10000000,18546.16494100,0
1776729600000000,0.00509000,0.00510000,0.00507000,0.00509000,1728363.10000000,1776733199999999,8789.63583000,62,953656.50000000,4852.61073700,0
1776733200000000,0.00509000,0.00511000,0.00509000,0.00509000,954366.00000000,1776736799999999,4872.94909700,27,188202.20000000,961.57930800,0
1776736800000000,0.00509000,0.00509000,0.00507000,0.00507000,909457.60000000,1776740399999999,4624.67777400,70,503734.20000000,2563.51207800,0
1776740400000000,0.00507000,0.00507000,0.00504000,0.00506000,1337402.40000000,1776743999999999,6763.96803300,74,809509.20000000,4094.59850200,0
1776744000000000,0.00506000,0.00509000,0.00505000,0.00509000,1173106.60000000,1776747599999999,5949.94883200,67,856557.30000000,4346.33737700,0
1776747600000000,0.00508000,0.00510000,0.00508000,0.00509000,1178053.60000000,1776751199999999,5998.36656900,53,705726.80000000,3594.51169800,0
1776751200000000,0.00508000,0.00509000,0.00506000,0.00508000,2821602.10000000,1776754799999999,14335.09429500,78,1983158.90000000,10075.53875100,0
1776754800000000,0.00508000,0.00510000,0.00507000,0.00508000,1457668.40000000,1776758399999999,7407.26305400,83,598032.70000000,3040.84056200,0
1776758400000000,0.00508000,0.00510000,0.00506000,0.00507000,6618006.80000000,1776761999999999,33586.38295300,283,2334466.60000000,11868.02707000,0
1776762000000000,0.00507000,0.00509000,0.00507000,0.00508000,998169.00000000,1776765599999999,5066.35122500,45,750000.60000000,3807.75397700,0
1776765600000000,0.00507000,0.00509000,0.00507000,0.00509000,1048122.70000000,1776769199999999,5321.02118200,79,712844.00000000,3621.11909300,0
1776769200000000,0.00508000,0.00510000,0.00506000,0.00507000,3618218.70000000,1776772799999999,18372.44592000,242,2305449.50000000,11714.78432600,0
1776772800000000,0.00508000,0.00508000,0.00504000,0.00505000,2803546.40000000,1776776399999999,14172.50831600,145,1313035.00000000,6637.69425800,0
1776776400000000,0.00506000,0.00506000,0.00504000,0.00505000,1896884.40000000,1776779999999999,9578.63132700,151,1317022.10000000,6652.35594900,0
1776780000000000,0.00506000,0.00510000,0.00505000,0.00507000,2260263.90000000,1776783599999999,11464.84949400,130,1308993.30000000,6643.23831000,0
1776783600000000,0.00508000,0.00511000,0.00506000,0.00510000,1835483.90000000,1776787199999999,9349.12607500,155,1445602.20000000,7363.13932600,0
1776787200000000,0.00511000,0.00512000,0.00508000,0.00508000,4942068.10000000,1776790799999999,25186.90020200,195,2138620.90000000,10914.90711900,0
1776790800000000,0.00507000,0.00509000,0.00504000,0.00506000,3688550.90000000,1776794399999999,18675.83534700,222,2481820.70000000,12565.13230500,0
1776794400000000,0.00507000,0.00507000,0.00505000,0.00507000,1918338.10000000,1776797999999999,9709.08981900,75,683144.10000000,3458.68370400,0
1776798000000000,0.00507000,0.00508000,0.00498000,0.00502000,10749923.80000000,1776801599999999,54097.33147500,397,2521942.30000000,12703.56745900,0
1776801600000000,0.00502000,0.00508000,0.00502000,0.00505000,7412671.90000000,1776805199999999,37503.29280400,248,3916816.40000000,19816.98691800,0
1776805200000000,0.00504000,0.00506000,0.00503000,0.00506000,1718894.90000000,1776808799999999,8670.23983800,123,622585.30000000,3141.29781000,0
1776808800000000,0.00505000,0.00507000,0.00502000,0.00506000,4329111.30000000,1776812399999999,21803.04044600,209,3259882.80000000,16417.85595800,0
1776812400000000,0.00506000,0.00509000,0.00505000,0.00509000,3465408.70000000,1776815999999999,17545.84519800,229,1047926.00000000,5317.27004900,0
1776816000000000,0.00509000,0.00510000,0.00507000,0.00508000,4257747.70000000,1776819599999999,21633.60386800,442,1061290.60000000,5396.74573300,0
1776819600000000,0.00509000,0.00509000,0.00506000,0.00508000,2882959.20000000,1776823199999999,14602.89794400,189,673298.80000000,3414.43135500,0
1776823200000000,0.00507000,0.00511000,0.00505000,0.00510000,10160867.60000000,1776826799999999,51694.92132700,731,2521779.80000000,12852.41126300,0
1776826800000000,0.00510000,0.00512000,0.00509000,0.00510000,5661037.90000000,1776830399999999,28890.17863400,463,2627805.10000000,13426.82044500,0
1776830400000000,0.00509000,0.00510000,0.00508000,0.00509000,2805335.20000000,1776833999999999,14270.45269400,196,812641.40000000,4138.04111200,0
1776834000000000,0.00510000,0.00515000,0.00510000,0.00514000,4218167.00000000,1776837599999999,21637.50645700,400,1567199.00000000,8035.14743500,0
1776837600000000,0.00513000,0.00514000,0.00512000,0.00513000,2214225.40000000,1776841199999999,11356.74445000,192,1120304.50000000,5748.22368700,0
1776841200000000,0.00513000,0.00515000,0.00513000,0.00515000,2499292.20000000,1776844799999999,12829.13689100,110,1384786.30000000,7111.42450200,0
1776844800000000,0.00514000,0.00516000,0.00513000,0.00514000,6274904.60000000,1776848399999999,32311.03112000,191,3126229.30000000,16109.85829800,0
1776848400000000,0.00514000,0.00517000,0.00514000,0.00514000,10130938.60000000,1776851999999999,52217.28940100,258,3543805.40000000,18269.67537200,0
1776852000000000,0.00514000,0.00515000,0.00512000,0.00514000,2587288.50000000,1776855599999999,13273.18554600,168,1505886.30000000,7727.27958700,0
1776855600000000,0.00513000,0.00514000,0.00510000,0.00513000,3535201.80000000,1776859199999999,18110.97632600,192,1527153.50000000,7831.73004800,0
1776859200000000,0.00512000,0.00513000,0.00510000,0.00510000,1669493.00000000,1776862799999999,8533.94711000,83,659804.70000000,3374.23067600,0
1776862800000000,0.00510000,0.00514000,0.00509000,0.00511000,2691784.80000000,1776866399999999,13769.80281900,146,1099707.60000000,5624.31992100,0
1776866400000000,0.00512000,0.00513000,0.00510000,0.00512000,1999064.10000000,1776869999999999,10214.96101600,118,820610.40000000,4191.95093200,0
1776870000000000,0.00511000,0.00514000,0.00511000,0.00513000,1670876.80000000,1776873599999999,8568.58820700,85,865166.70000000,4436.64908700,0
1776873600000000,0.00513000,0.00514000,0.00512000,0.00512000,1904749.00000000,1776877199999999,9772.38214800,102,1260395.70000000,6467.37421000,0
1776877200000000,0.00513000,0.00514000,0.00511000,0.00512000,1242209.70000000,1776880799999999,6368.06552900,88,526064.90000000,2699.92414400,0
1776880800000000,0.00513000,0.00513000,0.00512000,0.00513000,1487795.10000000,1776884399999999,7625.00586100,92,890079.10000000,4562.89263100,0
1776884400000000,0.00512000,0.00513000,0.00512000,0.00513000,2051009.50000000,1776887999999999,10508.25599500,207,1576766.40000000,8079.65882300,0
1776888000000000,0.00512000,0.00513000,0.00511000,0.00511000,1392014.20000000,1776891599999999,7126.41559200,59,514278.50000000,2632.30342600,0
1776891600000000,0.00511000,0.00514000,0.00511000,0.00514000,2881899.10000000,1776895199999999,14788.45583700,109,2208322.90000000,11329.22927000,0
1776895200000000,0.00514000,0.00514000,0.00510000,0.00510000,2752531.00000000,1776898799999999,14048.44768100,204,1652064.80000000,8431.49827000,0
1776898800000000,0.00511000,0.00511000,0.00506000,0.00507000,4445946.10000000,1776902399999999,22589.65376800,169,893237.60000000,4541.69330400,0
1776902400000000,0.00507000,0.00507000,0.00501000,0.00505000,11052391.00000000,1776905999999999,55654.91251300,741,5448232.50000000,27424.52085500,0
1776906000000000,0.00504000,0.00504000,0.00500000,0.00502000,2523314.00000000,1776909599999999,12662.13659100,116,1212088.70000000,6082.31699900,0
1776909600000000,0.00502000,0.00502000,0.00497000,0.00500000,4154161.00000000,1776913199999999,20748.09321500,337,2876413.70000000,14375.02128400,0
1776913200000000,0.00500000,0.00500000,0.00496000,0.00496000,1494475.00000000,1776916799999999,7425.32883900,223,995078.50000000,4942.81524600,0
1776916800000000,0.00497000,0.00499000,0.00496000,0.00498000,1363797.90000000,1776920399999999,6774.77327400,120,665378.70000000,3306.59311200,0
1776920400000000,0.00499000,0.00500000,0.00497000,0.00498000,2251977.90000000,1776923999999999,11222.06583600,163,1630542.90000000,8124.47553400,0
1776924000000000,0.00499000,0.00502000,0.00499000,0.00502000,1912255.90000000,1776927599999999,9574.09799800,222,1475946.70000000,7391.75726200,0
1776927600000000,0.00501000,0.00501000,0.00498000,0.00498000,2771782.90000000,1776931199999999,13849.02027700,224,740797.40000000,3700.85845200,0
1776931200000000,0.00498000,0.00500000,0.00498000,0.00499000,1477996.20000000,1776934799999999,7377.68207400,180,1139882.10000000,5691.24687200,0
1776934800000000,0.00499000,0.00499000,0.00495000,0.00496000,3757430.20000000,1776938399999999,18675.34320000,323,1832507.40000000,9111.29571100,0
1776938400000000,0.00496000,0.00498000,0.00495000,0.00496000,3722326.30000000,1776941999999999,18479.10579300,233,1907310.50000000,9469.91350000,0
1776942000000000,0.00496000,0.00500000,0.00496000,0.00499000,1793186.60000000,1776945599999999,8924.41008000,137,675314.70000000,3365.22864300,0
1776945600000000,0.00500000,0.00501000,0.00499000,0.00499000,2935494.40000000,1776949199999999,14668.76828200,202,1463212.10000000,7311.41674300,0
1776949200000000,0.00499000,0.00500000,0.00498000,0.00498000,626676.40000000,1776952799999999,3127.06352800,42,174303.10000000,870.22049400,0
1776952800000000,0.00499000,0.00503000,0.00498000,0.00503000,1948237.90000000,1776956399999999,9743.95945400,153,1094557.60000000,5477.64402700,0
1776956400000000,0.00503000,0.00505000,0.00502000,0.00505000,1476866.30000000,1776959999999999,7442.80499800,128,947497.90000000,4775.24394100,0
1776960000000000,0.00505000,0.00505000,0.00503000,0.00503000,676189.60000000,1776963599999999,3409.91124300,58,292610.50000000,1475.91277500,0
1776963600000000,0.00504000,0.00504000,0.00497000,0.00500000,5318303.90000000,1776967199999999,26615.81429900,350,2601208.90000000,13012.11341100,0
1776967200000000,0.00500000,0.00502000,0.00499000,0.00499000,3543816.70000000,1776970799999999,17742.39007200,134,2515243.40000000,12603.84516300,0
1776970800000000,0.00499000,0.00505000,0.00498000,0.00503000,25191173.10000000,1776974399999999,126608.09165300,477,16206564.40000000,81433.42659500,0
1776974400000000,0.00504000,0.00506000,0.00504000,0.00506000,2827624.30000000,1776977999999999,14275.64602400,109,2048878.80000000,10344.89023200,0
1776978000000000,0.00505000,0.00509000,0.00505000,0.00509000,798670.00000000,1776981599999999,4057.35739700,53,501813.00000000,2549.15803800,0
1776981600000000,0.00508000,0.00510000,0.00508000,0.00508000,343188.70000000,1776985199999999,1747.57600100,29,76032.20000000,387.73501900,0
1776985200000000,0.00508000,0.00513000,0.00508000,0.00513000,1203155.60000000,1776988799999999,6133.35348900,74,830898.20000000,4238.74447300,0
1776988800000000,0.00512000,0.00513000,0.00510000,0.00511000,2948797.20000000,1776992399999999,15065.69176800,111,890379.80000000,4550.01049300,0
1776992400000000,0.00511000,0.00511000,0.00508000,0.00510000,1958446.70000000,1776995999999999,9982.19779200,123,775351.80000000,3950.45643800,0
1776996000000000,0.00511000,0.00511000,0.00509000,0.00509000,712238.00000000,1776999599999999,3633.92501300,27,395130.70000000,2014.68954000,0
1776999600000000,0.00509000,0.00509000,0.00505000,0.00507000,1094837.80000000,1777003199999999,5552.11202500,52,330724.70000000,1677.48333700,0
1777003200000000,0.00507000,0.00508000,0.00505000,0.00505000,633875.40000000,1777006799999999,3212.61144000,38,265826.10000000,1347.93133700,0
1777006800000000,0.00506000,0.00509000,0.00506000,0.00509000,526102.80000000,1777010399999999,2668.14827000,30,488261.00000000,2476.35666600,0
1777010400000000,0.00509000,0.00510000,0.00509000,0.00509000,115337.40000000,1777013999999999,588.09994400,14,103257.80000000,526.61478000,0
1777014000000000,0.00510000,0.00510000,0.00508000,0.00510000,1396121.00000000,1777017599999999,7106.32774700,63,925459.90000000,4711.15380600,0
1777017600000000,0.00509000,0.00512000,0.00509000,0.00511000,1780803.60000000,1777021199999999,9088.11307500,64,789067.40000000,4033.49799700,0
1777021200000000,0.00511000,0.00512000,0.00510000,0.00512000,2956207.60000000,1777024799999999,15113.78081300,92,2238907.20000000,11448.98703300,0
1777024800000000,0.00512000,0.00512000,0.00510000,0.00511000,2327964.00000000,1777028399999999,11884.24180700,64,1053811.10000000,5381.20865300,0
1777028400000000,0.00511000,0.00514000,0.00510000,0.00514000,6932094.90000000,1777031999999999,35548.25929600,184,4526838.50000000,23230.29445800,0
1777032000000000,0.00514000,0.00515000,0.00511000,0.00512000,2564437.40000000,1777035599999999,13175.06362100,100,986237.20000000,5072.92551500,0
1777035600000000,0.00512000,0.00513000,0.00511000,0.00512000,736706.50000000,1777039199999999,3773.75723600,35,172494.50000000,883.21437100,0
1777039200000000,0.00512000,0.00514000,0.00512000,0.00513000,1087612.50000000,1777042799999999,5576.84986200,60,335142.50000000,1719.66664700,0
1777042800000000,0.00513000,0.00517000,0.00510000,0.00517000,3747366.40000000,1777046399999999,19256.84028900,134,1847071.00000000,9499.78995300,0
1777046400000000,0.00517000,0.00520000,0.00515000,0.00517000,5912380.50000000,1777049999999999,30629.99315700,199,3046061.30000000,15792.70516000,0
1777050000000000,0.00518000,0.00519000,0.00515000,0.00515000,2080744.80000000,1777053599999999,10752.34444000,82,329975.50000000,1706.89754400,0
1777053600000000,0.00516000,0.00516000,0.00514000,0.00515000,776918.20000000,1777057199999999,4004.27286300,56,496326.60000000,2559.26495700,0
1777057200000000,0.00515000,0.00519000,0.00514000,0.00517000,3095802.80000000,1777060799999999,16012.18994700,123,1841694.00000000,9535.18112200,0
1777060800000000,0.00518000,0.00518000,0.00517000,0.00518000,3636053.90000000,1777064399999999,18803.13565400,141,1572439.30000000,8132.77912000,0
1777064400000000,0.00517000,0.00518000,0.00509000,0.00512000,25447912.70000000,1777067999999999,130010.25433900,425,4985642.00000000,25430.18285900,0
1777068000000000,0.00513000,0.00513000,0.00511000,0.00512000,2721974.50000000,1777071599999999,13930.61410500,114,741701.80000000,3802.02080900,0
1777071600000000,0.00511000,0.00512000,0.00511000,0.00511000,877802.70000000,1777075199999999,4485.88160900,27,202162.70000000,1033.36120900,0
1777075200000000,0.00511000,0.00513000,0.00509000,0.00512000,2010825.10000000,1777078799999999,10265.66628700,102,1006314.20000000,5140.84146800,0
1777078800000000,0.00512000,0.00515000,0.00512000,0.00513000,1608846.50000000,1777082399999999,8259.00501900,152,708185.10000000,3637.63468900,0
1777082400000000,0.00513000,0.00514000,0.00512000,0.00512000,2890892.10000000,1777085999999999,14820.75019000,214,1182232.20000000,6061.19153800,0
1777086000000000,0.00512000,0.00515000,0.00512000,0.00513000,6577053.40000000,1777089599999999,33697.74444000,115,6061152.10000000,31051.46278300,0
1777089600000000,0.00514000,0.00514000,0.00512000,0.00512000,565492.80000000,1777093199999999,2900.91845500,22,19669.50000000,100.96735900,0
1777093200000000,0.00511000,0.00512000,0.00511000,0.00512000,410334.40000000,1777096799999999,2099.39570000,29,116543.90000000,596.70476800,0
1777096800000000,0.00511000,0.00512000,0.00509000,0.00509000,969023.20000000,1777100399999999,4945.84046800,51,204136.60000000,1044.26425300,0
1777100400000000,0.00508000,0.00510000,0.00508000,0.00508000,1446876.00000000,1777103999999999,7363.15357500,77,869916.10000000,4427.08029100,0
1777104000000000,0.00510000,0.00513000,0.00509000,0.00513000,1449015.00000000,1777107599999999,7412.25875600,48,795815.30000000,4065.78298600,0
1777107600000000,0.00513000,0.00517000,0.00512000,0.00516000,1458303.70000000,1777111199999999,7504.06689800,205,985071.40000000,5071.70876100,0
1777111200000000,0.00517000,0.00520000,0.00515000,0.00515000,6229328.30000000,1777114799999999,32212.37672000,386,4315350.90000000,22330.55443200,0
1777114800000000,0.00515000,0.00516000,0.00514000,0.00514000,1635585.50000000,1777118399999999,8420.79806500,136,889143.30000000,4580.66337400,0
1777118400000000,0.00513000,0.00514000,0.00511000,0.00511000,2168365.80000000,1777121999999999,11114.07528200,65,1291253.80000000,6621.64437800,0
1777122000000000,0.00511000,0.00513000,0.00511000,0.00512000,866388.50000000,1777125599999999,4435.83083200,56,434672.70000000,2226.27518300,0
1777125600000000,0.00512000,0.00515000,0.00512000,0.00513000,974655.10000000,1777129199999999,4995.88885700,53,488045.00000000,2502.12754400,0
1777129200000000,0.00514000,0.00517000,0.00513000,0.00514000,3264637.50000000,1777132799999999,16821.34640700,154,2015332.00000000,10391.55350600,0
1777132800000000,0.00514000,0.00515000,0.00507000,0.00508000,4778342.40000000,1777136399999999,24415.85036300,131,2131634.40000000,10903.00223800,0
1777136400000000,0.00509000,0.00509000,0.00506000,0.00507000,1186049.10000000,1777139999999999,6025.22768400,48,685946.90000000,3485.36212300,0
1777140000000000,0.00507000,0.00510000,0.00507000,0.00509000,745157.80000000,1777143599999999,3792.28480300,31,196610.20000000,1000.81793700,0
1777143600000000,0.00508000,0.00509000,0.00508000,0.00508000,796192.80000000,1777147199999999,4044.91104700,37,704959.10000000,3581.44385100,0
1777147200000000,0.00508000,0.00508000,0.00507000,0.00508000,479628.00000000,1777150799999999,2433.55859600,17,184463.60000000,937.07508800,0
1777150800000000,0.00509000,0.00512000,0.00509000,0.00511000,1139453.90000000,1777154399999999,5821.07112700,29,774774.00000000,3958.48156200,0
1777154400000000,0.00511000,0.00513000,0.00511000,0.00513000,432780.30000000,1777157999999999,2214.97677500,13,84238.50000000,431.37719100,0
1777158000000000,0.00513000,0.00514000,0.00511000,0.00511000,1198086.70000000,1777161599999999,6135.65720600,52,227483.30000000,1166.62925400,0
1777161600000000,0.00512000,0.00514000,0.00509000,0.00512000,4409654.10000000,1777165199999999,22561.44921700,103,1253197.20000000,6420.94942600,0
1777165200000000,0.00512000,0.00514000,0.00512000,0.00514000,1823946.40000000,1777168799999999,9353.58783800,38,1259221.40000000,6453.80702200,0
1777168800000000,0.00514000,0.00517000,0.00513000,0.00515000,787463.40000000,1777172399999999,4057.31506900,37,524379.10000000,2701.75754500,0
1777172400000000,0.00515000,0.00516000,0.00512000,0.00514000,978430.60000000,1777175999999999,5031.85673000,66,434047.20000000,2232.35260800,0
1777176000000000,0.00515000,0.00517000,0.00513000,0.00516000,1129210.30000000,1777179599999999,5823.58057200,35,818043.60000000,4221.86026800,0
1777179600000000,0.00517000,0.00519000,0.00517000,0.00518000,1755462.20000000,1777183199999999,9091.74703100,128,539332.20000000,2794.59028200,0
1777183200000000,0.00517000,0.00517000,0.00515000,0.00516000,1367646.10000000,1777186799999999,7057.22539800,47,865564.90000000,4466.65238400,0
1777186800000000,0.00516000,0.00517000,0.00515000,0.00517000,748252.50000000,1777190399999999,3857.00347700,41,348411.60000000,1797.82284200,0
1777190400000000,0.00517000,0.00518000,0.00515000,0.00517000,1569573.70000000,1777193999999999,8102.89763900,118,840184.80000000,4339.66581500,0
1777194000000000,0.00517000,0.00517000,0.00515000,0.00516000,332035.50000000,1777197599999999,1712.44986900,28,183732.30000000,948.11669500,0
1777197600000000,0.00515000,0.00517000,0.00515000,0.00516000,684473.90000000,1777201199999999,3533.57451600,41,524961.30000000,2710.80636600,0
1777201200000000,0.00516000,0.00519000,0.00515000,0.00518000,1525442.30000000,1777204799999999,7896.98409000,164,555542.30000000,2876.35796900,0
1777204800000000,0.00518000,0.00518000,0.00514000,0.00515000,961243.70000000,1777208399999999,4961.15374200,144,172945.10000000,893.78681700,0
1777208400000000,0.00515000,0.00515000,0.00510000,0.00512000,4147425.60000000,1777211999999999,21256.81280600,247,2434725.40000000,12481.75998200,0
1777212000000000,0.00511000,0.00513000,0.00510000,0.00512000,1131974.70000000,1777215599999999,5786.64728400,64,449456.30000000,2299.92395800,0
1777215600000000,0.00513000,0.00514000,0.00511000,0.00514000,1237153.40000000,1777219199999999,6348.48213700,116,898470.90000000,4613.09039700,0
1777219200000000,0.00514000,0.00514000,0.00513000,0.00513000,968461.10000000,1777222799999999,4972.59335900,52,443293.30000000,2276.33821200,0
1777222800000000,0.00513000,0.00514000,0.00513000,0.00514000,869112.10000000,1777226399999999,4461.20740000,43,325564.70000000,1672.72755800,0
1777226400000000,0.00513000,0.00515000,0.00513000,0.00515000,965464.40000000,1777229999999999,4966.67269200,57,542160.10000000,2791.34509500,0
1777230000000000,0.00514000,0.00515000,0.00513000,0.00513000,133198.90000000,1777233599999999,683.53743700,15,10223.90000000,52.59117600,0
1777233600000000,0.00513000,0.00514000,0.00512000,0.00513000,1486344.80000000,1777237199999999,7623.85196600,139,469718.60000000,2410.64049000,0
1777237200000000,0.00514000,0.00514000,0.00511000,0.00513000,1761620.00000000,1777240799999999,9019.45807800,39,955435.40000000,4895.51242300,0
1777240800000000,0.00514000,0.00515000,0.00513000,0.00514000,69558.90000000,1777244399999999,357.43884500,13,14190.80000000,72.96399200,0
1777244400000000,0.00513000,0.00515000,0.00513000,0.00515000,683112.80000000,1777247999999999,3509.03980800,22,583979.80000000,2999.18997000,0
1777248000000000,0.00515000,0.00515000,0.00509000,0.00513000,4603309.90000000,1777251599999999,23580.41492800,106,2357330.90000000,12083.61052500,0
1777251600000000,0.00514000,0.00516000,0.00512000,0.00516000,946562.60000000,1777255199999999,4863.71805300,29,467740.50000000,2406.84643100,0
1777255200000000,0.00516000,0.00516000,0.00513000,0.00515000,913076.90000000,1777258799999999,4699.93263000,63,453683.30000000,2336.10571200,0
1777258800000000,0.00515000,0.00516000,0.00514000,0.00514000,546512.50000000,1777262399999999,2811.67864100,41,220574.80000000,1135.53654500,0
1777262400000000,0.00514000,0.00514000,0.00511000,0.00511000,1016307.40000000,1777265999999999,5212.25640400,53,361511.80000000,1854.73341200,0
1777266000000000,0.00511000,0.00511000,0.00504000,0.00506000,9009776.70000000,1777269599999999,45730.87308100,340,4736978.80000000,24074.30062900,0
1777269600000000,0.00506000,0.00506000,0.00501000,0.00504000,2968138.70000000,1777273199999999,14931.45726800,204,1930147.80000000,9711.18948500,0
1777273200000000,0.00504000,0.00504000,0.00500000,0.00503000,4266228.80000000,1777276799999999,21402.60185900,148,2768718.60000000,13891.40774600,0
1777276800000000,0.00502000,0.00504000,0.00502000,0.00504000,2205276.30000000,1777280399999999,11089.97890000,99,1133677.20000000,5708.17715600,0
1777280400000000,0.00505000,0.00508000,0.00505000,0.00507000,3023681.60000000,1777283999999999,15313.67095200,122,237449.50000000,1203.11832000,0
1777284000000000,0.00506000,0.00506000,0.00504000,0.00504000,704510.70000000,1777287599999999,3559.72426400,48,332282.70000000,1678.33519200,0
1777287600000000,0.00503000,0.00504000,0.00502000,0.00503000,927277.10000000,1777291199999999,4662.25653800,31,344061.10000000,1730.65296700,0
1777291200000000,0.00503000,0.00503000,0.00501000,0.00502000,3670317.00000000,1777294799999999,18436.63320600,87,1970572.60000000,9901.55658400,0
1777294800000000,0.00503000,0.00504000,0.00500000,0.00500000,1552783.10000000,1777298399999999,7789.23909400,62,640993.90000000,3217.02401300,0
1777298400000000,0.00501000,0.00505000,0.00501000,0.00503000,1622626.40000000,1777301999999999,8164.03788400,58,728454.30000000,3661.28305700,0
1777302000000000,0.00503000,0.00503000,0.00495000,0.00497000,4947446.60000000,1777305599999999,24683.43525300,280,2822054.30000000,14067.12243300,0
1777305600000000,0.00496000,0.00499000,0.00496000,0.00498000,654750.30000000,1777309199999999,3256.76794500,89,378685.20000000,1883.05610900,0
1777309200000000,0.00499000,0.00501000,0.00499000,0.00501000,2570336.00000000,1777312799999999,12837.61787500,68,1721075.50000000,8597.92939700,0
1777312800000000,0.00501000,0.00501000,0.00499000,0.00499000,990457.60000000,1777316399999999,4953.16579100,30,471138.60000000,2355.69300000,0
1777316400000000,0.00499000,0.00499000,0.00496000,0.00499000,1102119.30000000,1777319999999999,5484.31103500,64,445862.30000000,2218.96686100,0
1777320000000000,0.00499000,0.00500000,0.00498000,0.00499000,756543.40000000,1777323599999999,3772.57356000,72,408749.00000000,2040.33919800,0
1777323600000000,0.00498000,0.00500000,0.00497000,0.00499000,3100428.00000000,1777327199999999,15452.89686200,118,1854166.60000000,9245.20743800,0
1777327200000000,0.00499000,0.00500000,0.00498000,0.00500000,627621.70000000,1777330799999999,3132.08335700,47,461955.80000000,2305.92736100,0
1777330800000000,0.00500000,0.00503000,0.00499000,0.00503000,1518856.60000000,1777334399999999,7606.38337600,60,372018.90000000,1866.76147500,0
1777334400000000,0.00503000,0.00504000,0.00502000,0.00503000,653682.30000000,1777337999999999,3288.66876200,31,112600.60000000,566.75623100,0
1777338000000000,0.00503000,0.00503000,0.00502000,0.00502000,993884.50000000,1777341599999999,4994.63921400,41,276484.10000000,1389.22631700,0
1777341600000000,0.00502000,0.00503000,0.00499000,0.00499000,1916651.00000000,1777345199999999,9587.08017300,56,1241784.50000000,6210.52965200,0
1777345200000000,0.00499000,0.00502000,0.00499000,0.00502000,831968.30000000,1777348799999999,4157.58293900,37,757408.60000000,3785.41022400,0
1777348800000000,0.00501000,0.00504000,0.00501000,0.00504000,972871.00000000,1777352399999999,4888.18725000,35,360727.10000000,1812.52269900,0
1777352400000000,0.00505000,0.00505000,0.00504000,0.00505000,691549.10000000,1777355999999999,3492.12315500,22,171467.90000000,865.91289500,0
1777356000000000,0.00504000,0.00504000,0.00501000,0.00502000,1767978.90000000,1777359599999999,8892.71287800,58,801856.10000000,4026.93405200,0
1777359600000000,0.00502000,0.00504000,0.00501000,0.00503000,1815847.50000000,1777363199999999,9112.46188400,120,1166108.70000000,5852.05931200,0
1777363200000000,0.00503000,0.00504000,0.00501000,0.00502000,1186222.40000000,1777366799999999,5959.41484800,91,683005.20000000,3432.37041300,0
1777366800000000,0.00502000,0.00503000,0.00500000,0.00500000,1025502.90000000,1777370399999999,5143.76961000,36,621777.00000000,3121.15321800,0
1777370400000000,0.00502000,0.00502000,0.00500000,0.00500000,628502.60000000,1777373999999999,3150.42021700,18,254504.70000000,1276.87123800,0
1777374000000000,0.00500000,0.00501000,0.00498000,0.00500000,2573907.90000000,1777377599999999,12840.09396500,93,1288405.30000000,6431.63836100,0
1777377600000000,0.00499000,0.00501000,0.00498000,0.00500000,1286167.00000000,1777381199999999,6416.77657300,52,704645.70000000,3516.36344400,0
1777381200000000,0.00499000,0.00501000,0.00498000,0.00500000,1447016.60000000,1777384799999999,7220.05440500,57,384335.30000000,1920.27770400,0
1777384800000000,0.00500000,0.00500000,0.00496000,0.00499000,5711823.30000000,1777388399999999,28470.56537300,162,2342673.60000000,11677.28889700,0
1777388400000000,0.00499000,0.00499000,0.00498000,0.00499000,1805086.10000000,1777391999999999,9006.61908000,52,942184.20000000,4701.49915800,0
1777392000000000,0.00499000,0.00500000,0.00498000,0.00500000,230808.30000000,1777395599999999,1152.49963500,23,181099.70000000,904.48798000,0
1777395600000000,0.00500000,0.00503000,0.00499000,0.00502000,2109117.00000000,1777399199999999,10560.96196000,59,1336122.20000000,6694.22905900,0
1777399200000000,0.00502000,0.00504000,0.00502000,0.00503000,778905.80000000,1777402799999999,3916.93544700,31,436524.00000000,2195.65204300,0
1777402800000000,0.00503000,0.00503000,0.00502000,0.00503000,153399.20000000,1777406399999999,771.24245100,20,45278.70000000,227.75186100,0
1777406400000000,0.00503000,0.00503000,0.00501000,0.00501000,760065.30000000,1777409999999999,3820.64245000,57,116708.30000000,587.04274900,0
1777410000000000,0.00502000,0.00502000,0.00499000,0.00500000,429764.10000000,1777413599999999,2151.32564300,31,256459.90000000,1284.41749900,0
1777413600000000,0.00501000,0.00501000,0.00501000,0.00501000,26047.10000000,1777417199999999,130.49597100,6,19020.00000000,95.29020000,0
1777417200000000,0.00501000,0.00502000,0.00501000,0.00502000,363842.70000000,1777420799999999,1823.22807600,15,37614.90000000,188.82679800,0
1777420800000000,0.00502000,0.00503000,0.00502000,0.00502000,140673.30000000,1777424399999999,706.92116900,17,15973.60000000,80.34720800,0
1777424400000000,0.00502000,0.00502000,0.00500000,0.00502000,697736.70000000,1777427999999999,3499.25593700,36,259858.80000000,1303.89325700,0
1777428000000000,0.00502000,0.00504000,0.00501000,0.00502000,1646573.50000000,1777431599999999,8268.55720900,50,652676.60000000,3279.09717500,0
1777431600000000,0.00502000,0.00504000,0.00502000,0.00504000,2753683.70000000,1777435199999999,13843.10494200,50,1508124.90000000,7581.51573000,0
1777435200000000,0.00503000,0.00505000,0.00502000,0.00504000,1248499.70000000,1777438799999999,6294.70586400,43,633003.90000000,3190.18937700,0
1777438800000000,0.00504000,0.00505000,0.00503000,0.00504000,564293.50000000,1777442399999999,2841.87040700,36,144431.00000000,728.20537200,0
1777442400000000,0.00505000,0.00505000,0.00502000,0.00504000,2580341.90000000,1777445999999999,12990.22779700,114,746538.40000000,3759.00301300,0
1777446000000000,0.00504000,0.00504000,0.00501000,0.00501000,2334199.50000000,1777449599999999,11709.59644700,106,979568.70000000,4919.44601300,0
1777449600000000,0.00501000,0.00501000,0.00499000,0.00501000,690722.30000000,1777453199999999,3454.88607800,47,342592.30000000,1714.28175200,0
1777453200000000,0.00500000,0.00504000,0.00499000,0.00504000,2377107.20000000,1777456799999999,11928.74128500,111,1138875.00000000,5718.82810500,0
1777456800000000,0.00504000,0.00505000,0.00503000,0.00503000,1834197.10000000,1777460399999999,9242.40643900,71,758878.90000000,3825.00378900,0
1777460400000000,0.00503000,0.00504000,0.00500000,0.00501000,1485668.00000000,1777463999999999,7458.13943500,100,810121.00000000,4069.84190100,0
1777464000000000,0.00501000,0.00502000,0.00498000,0.00499000,1904194.80000000,1777467599999999,9501.64456300,76,787377.00000000,3931.75261600,0
1777467600000000,0.00500000,0.00501000,0.00497000,0.00498000,1470453.90000000,1777471199999999,7320.86904400,62,842808.40000000,4196.39184000,0
1777471200000000,0.00498000,0.00499000,0.00496000,0.00497000,2371458.50000000,1777474799999999,11780.79205400,77,1084142.70000000,5389.97270400,0
1777474800000000,0.00496000,0.00497000,0.00488000,0.00490000,8318046.50000000,1777478399999999,40987.18098300,365,5569200.40000000,27455.34502900,0
1777478400000000,0.00490000,0.00491000,0.00486000,0.00487000,4397291.60000000,1777481999999999,21469.98414500,145,2669495.70000000,13051.18470100,0
1777482000000000,0.00487000,0.00489000,0.00486000,0.00489000,2823738.80000000,1777485599999999,13770.90721500,77,2394103.10000000,11675.26945600,0
1777485600000000,0.00490000,0.00490000,0.00475000,0.00481000,17731279.20000000,1777489199999999,84835.62739100,558,10387955.40000000,49699.32731800,0
1777489200000000,0.00481000,0.00481000,0.00477000,0.00478000,2356453.50000000,1777492799999999,11288.43039300,81,914542.00000000,4379.23042300,0
1777492800000000,0.00479000,0.00482000,0.00478000,0.00481000,3449615.90000000,1777496399999999,16567.67586900,91,1879765.90000000,9033.94170300,0
1777496400000000,0.00481000,0.00483000,0.00479000,0.00482000,4829242.60000000,1777499999999999,23216.00320800,213,2066623.30000000,9952.48992100,0
1777500000000000,0.00481000,0.00481000,0.00478000,0.00479000,2957841.20000000,1777503599999999,14186.65010700,193,1955310.00000000,9380.39665900,0
1777503600000000,0.00478000,0.00479000,0.00478000,0.00478000,2674863.80000000,1777507199999999,12806.95541300,72,1814616.70000000,8691.30757700,0
1777507200000000,0.00479000,0.00483000,0.00478000,0.00483000,3871258.80000000,1777510799999999,18590.10924300,113,2412150.80000000,11585.57952600,0
1777510800000000,0.00483000,0.00483000,0.00481000,0.00481000,1337774.00000000,1777514399999999,6446.72535800,32,544885.60000000,2628.86280100,0
1777514400000000,0.00480000,0.00481000,0.00473000,0.00475000,3620148.40000000,1777517999999999,17224.65689100,140,1872576.20000000,8889.62090500,0
1777518000000000,0.00474000,0.00475000,0.00472000,0.00474000,1287158.40000000,1777521599999999,6095.35180200,88,870634.40000000,4124.99132900,0
1777521600000000,0.00473000,0.00474000,0.00467000,0.00467000,5014665.10000000,1777525199999999,23594.16639400,167,2126342.00000000,10009.26301600,0
1777525200000000,0.00468000,0.00471000,0.00467000,0.00470000,3694146.40000000,1777528799999999,17299.01592000,130,2494361.10000000,11674.73063100,0
1777528800000000,0.00470000,0.00476000,0.00470000,0.00475000,2515334.20000000,1777532399999999,11906.72112500,59,1921041.80000000,9092.56098400,0
1777532400000000,0.00475000,0.00479000,0.00475000,0.00478000,2314986.30000000,1777535999999999,11045.36725900,73,1254039.20000000,5982.41299500,0
1777536000000000,0.00478000,0.00479000,0.00475000,0.00475000,2528634.70000000,1777539599999999,12050.35501800,69,1414141.20000000,6741.77315300,0
1777539600000000,0.00475000,0.00479000,0.00474000,0.00477000,886517.90000000,1777543199999999,4232.88657300,68,539745.10000000,2577.68310200,0
1777543200000000,0.00477000,0.00478000,0.00475000,0.00475000,666037.30000000,1777546799999999,3170.40079300,36,342412.60000000,1630.14431000,0
1777546800000000,0.00474000,0.00476000,0.00472000,0.00475000,6573469.70000000,1777550399999999,31172.85916400,225,3141920.60000000,14912.56480100,0
1777550400000000,0.00475000,0.00476000,0.00473000,0.00473000,3445424.90000000,1777553999999999,16376.41829600,202,2148922.90000000,10227.47232900,0
1777554000000000,0.00474000,0.00474000,0.00471000,0.00472000,1133350.00000000,1777557599999999,5357.82254700,46,788737.80000000,3729.44658000,0
1777557600000000,0.00472000,0.00473000,0.00470000,0.00471000,3465367.60000000,1777561199999999,16337.75808000,148,1580056.70000000,7454.43845300,0
1777561200000000,0.00471000,0.00472000,0.00470000,0.00472000,1955292.90000000,1777564799999999,9218.49470800,90,1162649.00000000,5485.30290200,0
1777564800000000,0.00473000,0.00475000,0.00473000,0.00474000,838297.40000000,1777568399999999,3968.36794400,43,196247.80000000,929.88290800,0
1777568400000000,0.00474000,0.00474000,0.00471000,0.00473000,544505.50000000,1777571999999999,2571.69397800,28,388797.80000000,1836.66374000,0
1777572000000000,0.00473000,0.00473000,0.00472000,0.00473000,571765.70000000,1777575599999999,2703.78442100,24,132604.80000000,627.22070400,0
1777575600000000,0.00473000,0.00475000,0.00473000,0.00473000,905632.90000000,1777579199999999,4296.41769400,37,503754.60000000,2391.86663300,0
1777579200000000,0.00473000,0.00475000,0.00472000,0.00472000,507824.80000000,1777582799999999,2403.93606400,37,99374.90000000,471.07617100,0
1777582800000000,0.00472000,0.00473000,0.00471000,0.00471000,728456.20000000,1777586399999999,3437.18477300,51,184495.70000000,872.18410100,0
1777586400000000,0.00471000,0.00473000,0.00470000,0.00470000,682296.50000000,1777589999999999,3214.24021400,67,467562.10000000,2203.61645000,0
1777590000000000,0.00470000,0.00473000,0.00470000,0.00473000,737571.50000000,1777593599999999,3473.36636400,32,621702.90000000,2928.64388400,0
