1754006400000000,0.01609000,0.01610000,0.01555000,0.01585000,17539708.30000000,1754009999999999,276888.04055900,2195,7146321.30000000,112700.30919300,0
1754010000000000,0.01585000,0.01593000,0.01565000,0.01582000,9145532.50000000,1754013599999999,144312.15436500,1046,4119394.20000000,65059.71803800,0
1754013600000000,0.01581000,0.01603000,0.01579000,0.01593000,4909811.30000000,1754017199999999,78327.01184900,517,2514953.30000000,40162.67765700,0
1754017200000000,0.01594000,0.01605000,0.01590000,0.01593000,2701931.10000000,1754020799999999,43129.36453000,343,1306150.90000000,20857.99517400,0
1754020800000000,0.01593000,0.01593000,0.01581000,0.01581000,3621392.60000000,1754024399999999,57445.90149000,405,1397503.70000000,22164.86752600,0
1754024400000000,0.01581000,0.01585000,0.01571000,0.01576000,1431153.10000000,1754027999999999,22585.99235500,249,521119.80000000,8224.14182700,0
1754028000000000,0.01575000,0.01583000,0.01564000,0.01580000,2282728.60000000,1754031599999999,35876.43269000,618,1280753.80000000,20131.95715900,0
1754031600000000,0.01580000,0.01585000,0.01558000,0.01562000,7104740.30000000,1754035199999999,111411.67771700,1911,2281650.40000000,35790.70721800,0
1754035200000000,0.01562000,0.01562000,0.01537000,0.01547000,9353456.10000000,1754038799999999,144784.16112100,884,3400003.50000000,52637.97876700,0
1754038800000000,0.01546000,0.01561000,0.01546000,0.01548000,7214987.40000000,1754042399999999,112219.02541500,709,3530490.70000000,54940.97281900,0
1754042400000000,0.01548000,0.01560000,0.01548000,0.01558000,1654439.60000000,1754045999999999,25738.39857300,262,991995.00000000,15428.28286200,0
1754046000000000,0.01558000,0.01571000,0.01550000,0.01570000,2495517.70000000,1754049599999999,38848.80574900,314,884760.40000000,13789.85377800,0
1754049600000000,0.01568000,0.01585000,0.01561000,0.01574000,5066585.50000000,1754053199999999,79617.67398700,679,2129544.60000000,33515.02308500,0
1754053200000000,0.01573000,0.01579000,0.01534000,0.01546000,4858275.90000000,1754056799999999,75558.94679200,729,1808045.00000000,28107.33730100,0
1754056800000000,0.01543000,0.01582000,0.01536000,0.01579000,4244378.00000000,1754060399999999,66571.79507100,642,1643959.10000000,25699.08447100,0
1754060400000000,0.01579000,0.01580000,0.01559000,0.01576000,6577229.30000000,1754063999999999,103322.93676500,646,3371177.70000000,52955.32055600,0
1754064000000000,0.01575000,0.01583000,0.01560000,0.01563000,2543158.10000000,1754067599999999,40061.04474800,470,1224488.60000000,19291.23213600,0
1754067600000000,0.01563000,0.01571000,0.01550000,0.01555000,4319068.60000000,1754071199999999,67365.32956300,491,2296426.10000000,35832.02221600,0
1754071200000000,0.01556000,0.01570000,0.01546000,0.01557000,6207580.70000000,1754074799999999,96567.55340900,677,3497125.30000000,54390.25407500,0
1754074800000000,0.01556000,0.01573000,0.01554000,0.01567000,3949398.60000000,1754078399999999,61778.40386300,489,1822626.20000000,28499.51163600,0
1754078400000000,0.01567000,0.01570000,0.01537000,0.01563000,6137369.10000000,1754081999999999,95675.09714200,690,3226249.50000000,50309.84845200,0
1754082000000000,0.01563000,0.01578000,0.01559000,0.01567000,3858680.40000000,1754085599999999,60644.71235500,374,1798490.90000000,28289.81798900,0
1754085600000000,0.01567000,0.01567000,0.01506000,0.01525000,12498494.90000000,1754089199999999,190658.43612300,1664,5785963.40000000,88279.64279700,0
1754089200000000,0.01525000,0.01543000,0.01520000,0.01540000,3449378.40000000,1754092799999999,52877.86175600,501,1641846.30000000,25163.43616200,0
1754092800000000,0.01539000,0.01564000,0.01537000,0.01563000,5321295.00000000,1754096399999999,82665.00097300,519,3116512.40000000,48417.61753400,0
1754096400000000,0.01563000,0.01567000,0.01556000,0.01561000,3366875.50000000,1754099999999999,52551.57290100,267,1118525.80000000,17462.24557500,0
1754100000000000,0.01561000,0.01563000,0.01558000,0.01560000,725851.20000000,1754103599999999,11328.07409400,125,398223.20000000,6216.47025500,0
1754103600000000,0.01561000,0.01562000,0.01555000,0.01559000,690938.90000000,1754107199999999,10772.36359400,86,441255.70000000,6880.90607900,0
1754107200000000,0.01560000,0.01566000,0.01556000,0.01564000,1086657.20000000,1754110799999999,16951.70815700,114,506136.80000000,7900.59827300,0
1754110800000000,0.01564000,0.01565000,0.01558000,0.01564000,810463.20000000,1754114399999999,12650.24381500,107,294336.80000000,4596.38902100,0
1754114400000000,0.01563000,0.01564000,0.01528000,0.01534000,2918420.80000000,1754117999999999,44938.92033200,394,1492618.80000000,22994.09149800,0
1754118000000000,0.01535000,0.01548000,0.01522000,0.01548000,4894731.70000000,1754121599999999,74948.50846300,551,1572740.60000000,24089.62627000,0
1754121600000000,0.01547000,0.01553000,0.01528000,0.01530000,1392768.20000000,1754125199999999,21452.03255200,223,560340.70000000,8631.44765200,0
1754125200000000,0.01530000,0.01544000,0.01529000,0.01541000,5463457.50000000,1754128799999999,83935.85947500,448,3466396.90000000,53264.81707300,0
1754128800000000,0.01540000,0.01540000,0.01524000,0.01530000,2411724.80000000,1754132399999999,36896.62801200,407,888867.80000000,13608.63987900,0
1754132400000000,0.01531000,0.01540000,0.01519000,0.01529000,1971615.50000000,1754135999999999,30163.60276600,284,703231.00000000,10749.69073500,0
1754136000000000,0.01530000,0.01531000,0.01515000,0.01525000,5206745.20000000,1754139599999999,79181.25894900,401,2790470.90000000,42422.72327500,0
1754139600000000,0.01525000,0.01531000,0.01517000,0.01528000,2830679.50000000,1754143199999999,43105.18885700,327,1915043.70000000,29169.04981600,0
1754143200000000,0.01528000,0.01529000,0.01502000,0.01509000,3615032.40000000,1754146799999999,54697.45747300,426,1892190.90000000,28645.21621200,0
1754146800000000,0.01510000,0.01521000,0.01498000,0.01504000,2727413.40000000,1754150399999999,41119.72052800,510,1224083.80000000,18482.67205800,0
1754150400000000,0.01503000,0.01509000,0.01480000,0.01500000,9974643.30000000,1754153999999999,148921.09862300,995,3235155.80000000,48280.99316200,0
1754154000000000,0.01501000,0.01515000,0.01480000,0.01485000,6141781.70000000,1754157599999999,92112.43911300,735,3087258.80000000,46278.62271600,0
1754157600000000,0.01486000,0.01491000,0.01463000,0.01471000,8841678.50000000,1754161199999999,130553.75421100,988,3660075.10000000,54093.90009900,0
1754161200000000,0.01473000,0.01495000,0.01467000,0.01482000,2851847.20000000,1754164799999999,42360.27326500,440,1359394.80000000,20195.49516800,0
1754164800000000,0.01480000,0.01499000,0.01480000,0.01499000,1985615.90000000,1754168399999999,29610.54590600,325,1005887.10000000,15006.13854700,0
1754168400000000,0.01500000,0.01505000,0.01488000,0.01498000,1707508.40000000,1754171999999999,25551.87572400,230,881248.40000000,13191.66237500,0
1754172000000000,0.01499000,0.01507000,0.01488000,0.01503000,687443.50000000,1754175599999999,10302.72183500,143,457129.00000000,6859.16232600,0
1754175600000000,0.01503000,0.01509000,0.01485000,0.01505000,2074244.90000000,1754179199999999,31184.31868600,479,1705590.70000000,25654.05185500,0
1754179200000000,0.01506000,0.01512000,0.01482000,0.01509000,4974609.90000000,1754182799999999,74481.42708300,764,2609691.40000000,39085.85800600,0
1754182800000000,0.01510000,0.01521000,0.01508000,0.01511000,1544937.40000000,1754186399999999,23379.71220000,345,671845.50000000,10166.21219900,0
1754186400000000,0.01513000,0.01520000,0.01512000,0.01516000,842944.20000000,1754189999999999,12786.67257800,195,179359.40000000,2721.36765800,0
1754190000000000,0.01516000,0.01519000,0.01510000,0.01518000,2559193.40000000,1754193599999999,38756.28260500,214,814869.60000000,12348.86582200,0
1754193600000000,0.01520000,0.01520000,0.01513000,0.01518000,992222.30000000,1754197199999999,15049.15673700,112,494544.80000000,7499.36006800,0
1754197200000000,0.01519000,0.01522000,0.01515000,0.01516000,956824.90000000,1754200799999999,14537.97672900,193,309583.80000000,4707.34161800,0
1754200800000000,0.01517000,0.01522000,0.01514000,0.01521000,949461.50000000,1754204399999999,14409.70124100,123,349237.90000000,5300.05215000,0
1754204400000000,0.01523000,0.01525000,0.01519000,0.01521000,1080324.60000000,1754207999999999,16446.82069300,146,574197.20000000,8744.68131600,0
1754208000000000,0.01521000,0.01525000,0.01518000,0.01524000,2286863.50000000,1754211599999999,34780.99324900,406,1144606.30000000,17414.89569500,0
1754211600000000,0.01526000,0.01526000,0.01519000,0.01525000,2056714.70000000,1754215199999999,31312.87467400,170,790779.60000000,12052.06538300,0
1754215200000000,0.01526000,0.01530000,0.01521000,0.01529000,1633372.30000000,1754218799999999,24918.91742000,136,549203.90000000,8383.95452100,0
1754218800000000,0.01531000,0.01550000,0.01531000,0.01542000,7839154.30000000,1754222399999999,120707.74009900,423,4120914.10000000,63440.73636300,0
1754222400000000,0.01542000,0.01544000,0.01535000,0.01541000,1345726.70000000,1754225999999999,20729.60772700,129,929302.70000000,14313.43849700,0
1754226000000000,0.01542000,0.01544000,0.01533000,0.01537000,792723.40000000,1754229599999999,12185.25225500,147,468851.70000000,7206.08164100,0
1754229600000000,0.01538000,0.01539000,0.01529000,0.01532000,900993.40000000,1754233199999999,13805.77180300,177,615146.30000000,9425.53004100,0
1754233200000000,0.01532000,0.01537000,0.01529000,0.01537000,1516666.80000000,1754236799999999,23254.21631900,351,987929.80000000,15153.39790600,0
1754236800000000,0.01536000,0.01538000,0.01531000,0.01536000,2002742.50000000,1754240399999999,30742.03570300,320,871388.50000000,13372.03107300,0
1754240400000000,0.01537000,0.01537000,0.01527000,0.01531000,1856802.30000000,1754243999999999,28455.48165400,460,934124.70000000,14317.48632000,0
1754244000000000,0.01531000,0.01535000,0.01530000,0.01534000,1383977.60000000,1754247599999999,21201.37099000,317,716346.00000000,10975.24193600,0
1754247600000000,0.01534000,0.01540000,0.01532000,0.01533000,843811.30000000,1754251199999999,12957.19565800,174,426465.80000000,6549.01450300,0
1754251200000000,0.01532000,0.01538000,0.01528000,0.01537000,701733.00000000,1754254799999999,10752.14382000,197,303376.00000000,4649.12515400,0
1754254800000000,0.01536000,0.01542000,0.01535000,0.01541000,442244.10000000,1754258399999999,6805.02192700,266,245350.90000000,3777.50052400,0
1754258400000000,0.01541000,0.01543000,0.01532000,0.01534000,1318635.40000000,1754261999999999,20249.67747000,307,557474.70000000,8562.84425100,0
1754262000000000,0.01535000,0.01544000,0.01532000,0.01534000,2194184.40000000,1754265599999999,33759.60902100,230,855652.80000000,13174.43976900,0
1754265600000000,0.01533000,0.01555000,0.01530000,0.01554000,3261296.20000000,1754269199999999,50383.88041600,286,1074994.90000000,16601.17587000,0
1754269200000000,0.01553000,0.01556000,0.01543000,0.01543000,3984308.20000000,1754272799999999,61737.79242700,242,2308129.60000000,35752.58721500,0
1754272800000000,0.01544000,0.01550000,0.01538000,0.01550000,2369430.40000000,1754276399999999,36602.82690300,112,771058.40000000,11911.06234700,0
1754276400000000,0.01551000,0.01551000,0.01544000,0.01548000,318283.60000000,1754279999999999,4922.28107300,51,240589.20000000,3719.40323000,0
1754280000000000,0.01549000,0.01551000,0.01542000,0.01543000,450972.80000000,1754283599999999,6969.73931100,63,145852.60000000,2251.27444900,0
1754283600000000,0.01543000,0.01544000,0.01536000,0.01543000,713083.90000000,1754287199999999,10972.61557400,111,299187.50000000,4604.06127800,0
1754287200000000,0.01544000,0.01547000,0.01537000,0.01546000,543997.10000000,1754290799999999,8385.97712400,172,110799.90000000,1708.35333100,0
1754290800000000,0.01546000,0.01560000,0.01545000,0.01559000,3242420.00000000,1754294399999999,50394.89436900,371,1899258.10000000,29519.01878800,0
1754294400000000,0.01558000,0.01560000,0.01549000,0.01555000,2745304.00000000,1754297999999999,42695.05160900,352,880565.10000000,13713.18738200,0
1754298000000000,0.01556000,0.01556000,0.01546000,0.01547000,1271717.20000000,1754301599999999,19742.89051800,249,236688.70000000,3676.81059400,0
1754301600000000,0.01547000,0.01555000,0.01545000,0.01551000,1303013.80000000,1754305199999999,20194.05338000,256,529855.30000000,8212.80705100,0
1754305200000000,0.01550000,0.01553000,0.01544000,0.01551000,1126087.50000000,1754308799999999,17435.29490300,329,375386.80000000,5812.12974400,0
1754308800000000,0.01551000,0.01554000,0.01548000,0.01554000,888958.60000000,1754312399999999,13787.95970000,263,393147.80000000,6099.83561100,0
1754312400000000,0.01554000,0.01572000,0.01549000,0.01567000,3308379.00000000,1754315999999999,51665.18218100,512,1283448.50000000,20042.58827500,0
1754316000000000,0.01567000,0.01576000,0.01566000,0.01569000,6308869.00000000,1754319599999999,99183.51262900,710,3036168.70000000,47736.25761100,0
1754319600000000,0.01569000,0.01578000,0.01567000,0.01574000,1518849.20000000,1754323199999999,23893.74012400,360,289761.20000000,4556.53945200,0
1754323200000000,0.01574000,0.01581000,0.01571000,0.01580000,963162.00000000,1754326799999999,15171.59431300,190,579119.70000000,9121.07077900,0
1754326800000000,0.01581000,0.01596000,0.01580000,0.01589000,5850865.10000000,1754330399999999,92921.60394400,686,2874575.20000000,45635.22638700,0
1754330400000000,0.01590000,0.01592000,0.01579000,0.01581000,1083488.80000000,1754333999999999,17187.09402000,216,379368.80000000,6014.27907900,0
1754334000000000,0.01581000,0.01582000,0.01570000,0.01573000,1419637.20000000,1754337599999999,22365.92151200,254,712574.60000000,11226.77708200,0
1754337600000000,0.01574000,0.01588000,0.01559000,0.01586000,14876677.00000000,1754341199999999,234284.46593100,1223,8657122.20000000,136411.82990600,0
1754341200000000,0.01586000,0.01592000,0.01586000,0.01590000,2211842.70000000,1754344799999999,35143.97396100,247,821196.80000000,13048.39455800,0
1754344800000000,0.01592000,0.01601000,0.01590000,0.01600000,2735546.40000000,1754348399999999,43684.26588900,268,1339876.70000000,21401.10737300,0
1754348400000000,0.01600000,0.01603000,0.01598000,0.01600000,1924457.30000000,1754351999999999,30812.85591000,186,1169699.00000000,18734.90566000,0
1754352000000000,0.01600000,0.01609000,0.01595000,0.01600000,2362029.30000000,1754355599999999,37855.43969700,219,717457.70000000,11496.90869700,0
1754355600000000,0.01599000,0.01603000,0.01595000,0.01595000,1476890.50000000,1754359199999999,23582.06758000,102,154723.50000000,2475.68515700,0
1754359200000000,0.01596000,0.01598000,0.01588000,0.01591000,2460403.70000000,1754362799999999,39214.48553800,156,579108.30000000,9218.59220400,0
1754362800000000,0.01591000,0.01591000,0.01569000,0.01570000,1868047.10000000,1754366399999999,29476.23021200,302,1021804.60000000,16145.11264800,0
1754366400000000,0.01570000,0.01580000,0.01570000,0.01576000,915267.90000000,1754369999999999,14429.51620600,120,564838.90000000,8908.69924100,0
1754370000000000,0.01577000,0.01582000,0.01571000,0.01574000,746020.80000000,1754373599999999,11763.59571200,142,293302.00000000,4628.00705600,0
1754373600000000,0.01574000,0.01589000,0.01571000,0.01577000,10785826.60000000,1754377199999999,170501.02602400,425,2232153.50000000,35286.52088100,0
1754377200000000,0.01576000,0.01580000,0.01557000,0.01559000,3801796.40000000,1754380799999999,59618.31893900,294,2460180.00000000,38608.56334400,0
1754380800000000,0.01560000,0.01570000,0.01555000,0.01570000,743057.10000000,1754384399999999,11632.92632300,93,353562.80000000,5532.55289300,0
1754384400000000,0.01571000,0.01583000,0.01570000,0.01583000,881652.70000000,1754387999999999,13896.81263700,90,671801.60000000,10591.25066400,0
1754388000000000,0.01580000,0.01591000,0.01575000,0.01591000,659935.00000000,1754391599999999,10451.02939900,85,294405.80000000,4656.58099200,0
1754391600000000,0.01593000,0.01595000,0.01587000,0.01591000,1143901.00000000,1754395199999999,18183.36629100,95,406215.90000000,6450.13704200,0
1754395200000000,0.01591000,0.01591000,0.01567000,0.01579000,3593608.30000000,1754398799999999,56821.39871800,232,1710393.90000000,27067.48573100,0
1754398800000000,0.01575000,0.01586000,0.01571000,0.01582000,2742489.90000000,1754402399999999,43287.72799600,209,1884970.10000000,29765.19232700,0
1754402400000000,0.01581000,0.01581000,0.01548000,0.01552000,4561985.90000000,1754405999999999,71068.02889800,341,2164572.80000000,33690.67533100,0
1754406000000000,0.01551000,0.01558000,0.01534000,0.01539000,2639674.50000000,1754409599999999,40831.74158600,206,1201419.10000000,18572.22466100,0
1754409600000000,0.01539000,0.01554000,0.01539000,0.01547000,1955528.40000000,1754413199999999,30216.28333800,164,1080806.20000000,16706.14543600,0
1754413200000000,0.01547000,0.01557000,0.01545000,0.01557000,2053919.10000000,1754416799999999,31872.84066900,197,1095882.10000000,17010.25383100,0
1754416800000000,0.01557000,0.01557000,0.01530000,0.01537000,2532883.40000000,1754420399999999,39003.90363400,220,1093848.10000000,16860.58589300,0
1754420400000000,0.01537000,0.01542000,0.01525000,0.01529000,3716736.40000000,1754423999999999,56944.24549700,346,1925017.50000000,29503.07154500,0
1754424000000000,0.01529000,0.01538000,0.01525000,0.01526000,1290514.10000000,1754427599999999,19762.03466700,248,176358.50000000,2700.81561200,0
1754427600000000,0.01525000,0.01533000,0.01521000,0.01523000,1013206.50000000,1754431199999999,15497.53121200,197,269088.70000000,4115.63500600,0
1754431200000000,0.01523000,0.01533000,0.01511000,0.01532000,1954765.80000000,1754434799999999,29751.19010000,229,1434686.80000000,21822.00957800,0
1754434800000000,0.01533000,0.01548000,0.01532000,0.01545000,869260.40000000,1754438399999999,13401.11723600,132,148256.00000000,2288.05950300,0
1754438400000000,0.01545000,0.01547000,0.01527000,0.01530000,1100111.50000000,1754441999999999,16914.57681100,217,526194.60000000,8086.42437500,0
1754442000000000,0.01528000,0.01529000,0.01516000,0.01523000,2160950.60000000,1754445599999999,32900.28606000,202,713856.50000000,10872.07547400,0
1754445600000000,0.01522000,0.01524000,0.01513000,0.01516000,1357031.90000000,1754449199999999,20622.16775800,272,370248.60000000,5622.60856900,0
1754449200000000,0.01518000,0.01518000,0.01506000,0.01507000,3312878.60000000,1754452799999999,49983.08096100,363,608026.00000000,9179.69373100,0
1754452800000000,0.01507000,0.01509000,0.01497000,0.01507000,3588660.50000000,1754456399999999,53887.49614700,442,1039063.60000000,15605.54489100,0
1754456400000000,0.01506000,0.01541000,0.01502000,0.01531000,4304370.40000000,1754459999999999,65868.80848700,372,2268577.20000000,34689.96032200,0
1754460000000000,0.01532000,0.01543000,0.01524000,0.01538000,937537.00000000,1754463599999999,14353.80620300,92,413941.50000000,6340.84858900,0
1754463600000000,0.01538000,0.01548000,0.01538000,0.01547000,3503817.80000000,1754467199999999,54009.96021500,245,1214912.30000000,18746.30883600,0
1754467200000000,0.01547000,0.01548000,0.01531000,0.01535000,1726175.40000000,1754470799999999,26564.42318300,149,757879.50000000,11660.35537700,0
1754470800000000,0.01536000,0.01549000,0.01533000,0.01541000,2274076.10000000,1754474399999999,35098.20428100,166,1476907.50000000,22796.24852100,0
1754474400000000,0.01544000,0.01544000,0.01534000,0.01536000,1184350.50000000,1754477999999999,18225.28930800,96,205514.30000000,3157.35169900,0
1754478000000000,0.01535000,0.01544000,0.01533000,0.01536000,1019159.20000000,1754481599999999,15666.93328300,133,477422.00000000,7344.44957200,0
1754481600000000,0.01538000,0.01540000,0.01524000,0.01527000,1167474.90000000,1754485199999999,17861.14237000,110,551059.40000000,8431.70733600,0
1754485200000000,0.01529000,0.01540000,0.01525000,0.01533000,3081953.20000000,1754488799999999,47232.26234400,266,1926396.20000000,29524.52773700,0
1754488800000000,0.01534000,0.01560000,0.01531000,0.01558000,1766469.80000000,1754492399999999,27307.46825100,166,1148924.80000000,17732.16464700,0
1754492400000000,0.01561000,0.01570000,0.01554000,0.01568000,5427148.80000000,1754495999999999,84625.99666100,769,2231370.70000000,34816.16386500,0
1754496000000000,0.01568000,0.01571000,0.01560000,0.01562000,2506505.80000000,1754499599999999,39244.83843300,221,681409.60000000,10671.29965200,0
1754499600000000,0.01562000,0.01571000,0.01558000,0.01571000,813189.70000000,1754503199999999,12720.82569300,100,318724.10000000,4991.00628800,0
1754503200000000,0.01571000,0.01576000,0.01568000,0.01568000,1042650.40000000,1754506799999999,16389.87049400,151,378317.10000000,5947.33242900,0
1754506800000000,0.01568000,0.01572000,0.01565000,0.01567000,712223.40000000,1754510399999999,11170.13933900,123,224095.40000000,3513.99493600,0
1754510400000000,0.01570000,0.01571000,0.01564000,0.01571000,1272085.20000000,1754513999999999,19944.37346300,157,550278.20000000,8641.06041200,0
1754514000000000,0.01571000,0.01575000,0.01564000,0.01568000,854502.70000000,1754517599999999,13422.51188400,132,610930.30000000,9600.10151000,0
1754517600000000,0.01568000,0.01573000,0.01568000,0.01572000,515528.50000000,1754521199999999,8094.66370100,117,223446.20000000,3507.87803100,0
1754521200000000,0.01572000,0.01573000,0.01568000,0.01571000,232997.00000000,1754524799999999,3659.52346100,86,70497.70000000,1107.42689100,0
1754524800000000,0.01571000,0.01575000,0.01568000,0.01569000,1943930.90000000,1754528399999999,30573.50075000,226,637807.30000000,10039.12965200,0
1754528400000000,0.01569000,0.01587000,0.01567000,0.01571000,4824882.30000000,1754531999999999,75979.56770200,364,2358737.20000000,37148.59145100,0
1754532000000000,0.01570000,0.01571000,0.01565000,0.01568000,1248307.50000000,1754535599999999,19577.09475000,143,455696.50000000,7146.04419100,0
1754535600000000,0.01568000,0.01568000,0.01562000,0.01565000,848720.60000000,1754539199999999,13284.68012800,192,594792.90000000,9311.91788800,0
1754539200000000,0.01563000,0.01571000,0.01559000,0.01561000,956086.10000000,1754542799999999,14954.28646400,207,415822.50000000,6511.35874600,0
1754542800000000,0.01561000,0.01570000,0.01558000,0.01567000,2122057.60000000,1754546399999999,33220.91506400,202,1720415.90000000,26947.37517000,0
1754546400000000,0.01567000,0.01576000,0.01565000,0.01573000,1727628.00000000,1754549999999999,27134.58017300,199,1005748.80000000,15808.57819000,0
1754550000000000,0.01573000,0.01574000,0.01569000,0.01573000,745038.40000000,1754553599999999,11708.92425700,130,395701.70000000,6218.15183800,0
1754553600000000,0.01573000,0.01580000,0.01570000,0.01573000,1979054.40000000,1754557199999999,31181.90374200,225,948522.90000000,14940.23901400,0
1754557200000000,0.01571000,0.01575000,0.01568000,0.01574000,1548849.10000000,1754560799999999,24344.66996900,220,999106.40000000,15700.08979700,0
1754560800000000,0.01573000,0.01602000,0.01573000,0.01602000,7242900.80000000,1754564399999999,115196.53692700,768,3875737.50000000,61651.10653000,0
1754564400000000,0.01601000,0.01612000,0.01600000,0.01611000,6052387.30000000,1754567999999999,97256.05387500,395,3375856.70000000,54284.58753100,0
1754568000000000,0.01611000,0.01614000,0.01601000,0.01605000,1849184.30000000,1754571599999999,29699.41490100,285,808333.80000000,12981.75401000,0
1754571600000000,0.01605000,0.01609000,0.01604000,0.01606000,1207930.10000000,1754575199999999,19399.38869200,143,776059.60000000,12465.01554000,0
1754575200000000,0.01606000,0.01606000,0.01596000,0.01601000,3020575.10000000,1754578799999999,48327.31649800,286,2130491.00000000,34090.00552800,0
1754578800000000,0.01601000,0.01603000,0.01596000,0.01600000,2530167.90000000,1754582399999999,40462.41019900,162,1663384.10000000,26602.46153400,0
1754582400000000,0.01600000,0.01601000,0.01568000,0.01588000,8922762.70000000,1754585999999999,141753.06052300,470,5102774.10000000,81150.88085900,0
1754586000000000,0.01587000,0.01596000,0.01585000,0.01591000,3970815.90000000,1754589599999999,63189.58301500,255,2490040.20000000,39644.77333100,0
1754589600000000,0.01591000,0.01591000,0.01580000,0.01585000,1901091.30000000,1754593199999999,30078.97803000,136,273578.50000000,4334.85011600,0
1754593200000000,0.01585000,0.01599000,0.01580000,0.01598000,1272190.10000000,1754596799999999,20247.10231200,143,559695.80000000,8901.86988400,0
1754596800000000,0.01597000,0.01603000,0.01596000,0.01601000,1547256.60000000,1754600399999999,24730.39564400,197,1068454.70000000,17076.22265400,0
1754600400000000,0.01602000,0.01606000,0.01598000,0.01605000,3348412.40000000,1754603999999999,53701.05546000,226,1998162.30000000,32069.57602600,0
1754604000000000,0.01604000,0.01619000,0.01600000,0.01617000,3160798.20000000,1754607599999999,50854.52075700,308,1124756.80000000,18090.92852200,0
1754607600000000,0.01616000,0.01624000,0.01609000,0.01619000,2740282.90000000,1754611199999999,44252.37862300,312,1399335.80000000,22584.72144000,0
1754611200000000,0.01619000,0.01631000,0.01602000,0.01620000,8485825.90000000,1754614799999999,137426.15263600,943,3721453.70000000,60270.72171900,0
1754614800000000,0.01621000,0.01627000,0.01609000,0.01621000,10000408.20000000,1754618399999999,161985.31976800,1016,6115061.80000000,99089.05062200,0
1754618400000000,0.01621000,0.01626000,0.01615000,0.01620000,1573555.80000000,1754621999999999,25513.19538100,279,739405.40000000,11989.10265200,0
1754622000000000,0.01622000,0.01637000,0.01618000,0.01623000,2294558.20000000,1754625599999999,37299.19338500,352,985127.40000000,16003.15938300,0
1754625600000000,0.01623000,0.01624000,0.01614000,0.01614000,1147044.60000000,1754629199999999,18575.15707300,295,386697.70000000,6262.46489400,0
1754629200000000,0.01614000,0.01621000,0.01609000,0.01614000,1374431.80000000,1754632799999999,22219.26362300,256,699019.70000000,11299.56751500,0
1754632800000000,0.01613000,0.01627000,0.01612000,0.01627000,1571530.90000000,1754636399999999,25474.62620900,201,1142730.60000000,18533.60703200,0
1754636400000000,0.01627000,0.01633000,0.01621000,0.01632000,1488288.00000000,1754639999999999,24209.67435600,191,685654.80000000,11158.39604100,0
1754640000000000,0.01632000,0.01642000,0.01625000,0.01629000,2618229.90000000,1754643599999999,42799.09237500,343,799901.70000000,13087.39535500,0
1754643600000000,0.01629000,0.01635000,0.01622000,0.01633000,6466689.50000000,1754647199999999,105306.75900100,1112,3065079.90000000,49926.71143400,0
1754647200000000,0.01633000,0.01635000,0.01628000,0.01631000,3437764.60000000,1754650799999999,56087.24105400,402,1867330.90000000,30469.26295400,0
1754650800000000,0.01631000,0.01638000,0.01628000,0.01637000,915847.10000000,1754654399999999,14952.10219200,213,739400.30000000,12070.00746200,0
1754654400000000,0.01637000,0.01637000,0.01621000,0.01621000,1740458.00000000,1754657999999999,28337.47193200,296,944880.70000000,15392.47260100,0
1754658000000000,0.01622000,0.01646000,0.01622000,0.01646000,5600672.80000000,1754661599999999,91647.02154900,446,2294541.80000000,37495.22616300,0
1754661600000000,0.01646000,0.01654000,0.01633000,0.01637000,9156141.00000000,1754665199999999,150291.62719000,1303,5474359.60000000,89797.50926400,0
1754665200000000,0.01637000,0.01638000,0.01612000,0.01623000,2877130.10000000,1754668799999999,46776.99890800,238,964338.60000000,15649.41324200,0
1754668800000000,0.01624000,0.01629000,0.01624000,0.01628000,946734.20000000,1754672399999999,15399.91159800,159,545735.10000000,8878.42508600,0
1754672400000000,0.01629000,0.01653000,0.01628000,0.01653000,3950823.50000000,1754675999999999,65020.26778000,545,1663528.40000000,27369.00853500,0
1754676000000000,0.01653000,0.01664000,0.01649000,0.01653000,6984232.90000000,1754679599999999,115638.58336900,878,2808168.20000000,46471.10457900,0
1754679600000000,0.01654000,0.01661000,0.01650000,0.01660000,2120871.80000000,1754683199999999,35099.36844800,338,1384213.10000000,22911.17451500,0
1754683200000000,0.01661000,0.01663000,0.01653000,0.01658000,1659531.70000000,1754686799999999,27525.65456900,215,547961.30000000,9088.13451700,0
1754686800000000,0.01661000,0.01662000,0.01655000,0.01655000,1445644.60000000,1754690399999999,23985.62327800,174,868202.70000000,14405.62525000,0
1754690400000000,0.01655000,0.01665000,0.01652000,0.01661000,2698034.20000000,1754693999999999,44784.65473800,379,2185041.90000000,36267.11597000,0
1754694000000000,0.01660000,0.01664000,0.01655000,0.01655000,1306784.30000000,1754697599999999,21684.74656500,273,462258.50000000,7665.90716500,0
1754697600000000,0.01656000,0.01663000,0.01651000,0.01655000,2030138.00000000,1754701199999999,33635.65642100,419,1031926.20000000,17104.93088300,0
1754701200000000,0.01655000,0.01664000,0.01650000,0.01662000,1146101.80000000,1754704799999999,18970.16109300,349,494084.30000000,8169.14040000,0
1754704800000000,0.01662000,0.01663000,0.01656000,0.01658000,1574314.00000000,1754708399999999,26101.43129800,248,436290.10000000,7238.24975000,0
1754708400000000,0.01658000,0.01663000,0.01656000,0.01661000,2068636.80000000,1754711999999999,34347.24749600,417,1557056.00000000,25858.92990900,0
1754712000000000,0.01661000,0.01672000,0.01659000,0.01670000,1266038.20000000,1754715599999999,21088.80083200,271,556944.40000000,9279.93077300,0
1754715600000000,0.01669000,0.01695000,0.01668000,0.01692000,8043573.30000000,1754719199999999,135626.25168900,1292,3612144.50000000,60855.30139400,0
1754719200000000,0.01691000,0.01692000,0.01681000,0.01688000,6498129.40000000,1754722799999999,109590.55059100,621,3816078.50000000,64360.92335000,0
1754722800000000,0.01688000,0.01697000,0.01687000,0.01696000,1692226.70000000,1754726399999999,28648.79336100,261,681673.80000000,11529.23736200,0
1754726400000000,0.01696000,0.01699000,0.01688000,0.01698000,1892136.20000000,1754729999999999,32051.29336300,303,1002235.00000000,16996.26640200,0
1754730000000000,0.01697000,0.01707000,0.01694000,0.01703000,1843179.90000000,1754733599999999,31330.76310000,238,741512.10000000,12608.38552900,0
1754733600000000,0.01704000,0.01709000,0.01702000,0.01706000,2119934.30000000,1754737199999999,36158.05444200,475,1212152.10000000,20677.48064700,0
1754737200000000,0.01705000,0.01705000,0.01693000,0.01697000,2293667.60000000,1754740799999999,38993.35639500,207,595820.80000000,10131.76394400,0
1754740800000000,0.01698000,0.01709000,0.01697000,0.01706000,2263909.60000000,1754744399999999,38584.38129400,206,1220033.70000000,20801.48656800,0
1754744400000000,0.01707000,0.01707000,0.01684000,0.01684000,7278716.40000000,1754747999999999,123440.70269300,584,3583957.40000000,60776.26224800,0
1754748000000000,0.01684000,0.01691000,0.01675000,0.01690000,9116079.70000000,1754751599999999,153381.99211600,1105,3561676.20000000,59938.06052000,0
1754751600000000,0.01690000,0.01696000,0.01680000,0.01690000,2175101.40000000,1754755199999999,36734.70939000,227,843529.10000000,14256.41554600,0
1754755200000000,0.01690000,0.01695000,0.01688000,0.01689000,1162819.50000000,1754758799999999,19674.54885500,265,714632.30000000,12090.84157900,0
1754758800000000,0.01688000,0.01699000,0.01688000,0.01698000,1390299.90000000,1754762399999999,23575.41029200,347,943599.70000000,15998.81151800,0
1754762400000000,0.01697000,0.01702000,0.01695000,0.01701000,3603178.70000000,1754765999999999,61235.84646500,449,1913726.30000000,32529.10335600,0
1754766000000000,0.01700000,0.01706000,0.01698000,0.01699000,1154860.70000000,1754769599999999,19663.21585300,172,414694.10000000,7064.51592900,0
1754769600000000,0.01700000,0.01714000,0.01697000,0.01713000,3923856.80000000,1754773199999999,66933.96544300,402,2183733.10000000,37268.51486900,0
1754773200000000,0.01713000,0.01714000,0.01689000,0.01698000,4791987.00000000,1754776799999999,81501.05152800,554,1903861.50000000,32369.04087200,0
1754776800000000,0.01697000,0.01709000,0.01689000,0.01693000,3061769.10000000,1754780399999999,52100.66122600,489,1461275.60000000,24843.19226400,0
1754780400000000,0.01692000,0.01696000,0.01689000,0.01690000,1662620.90000000,1754783999999999,28121.35580200,249,797147.30000000,13487.08347600,0
1754784000000000,0.01691000,0.01711000,0.01691000,0.01708000,1683687.20000000,1754787599999999,28597.44921800,371,430033.80000000,7315.30548900,0
1754787600000000,0.01709000,0.01710000,0.01698000,0.01709000,1875742.40000000,1754791199999999,31994.03168100,236,1018504.40000000,17383.61846200,0
1754791200000000,0.01709000,0.01716000,0.01698000,0.01699000,9556585.00000000,1754794799999999,163118.08036500,1790,5471485.90000000,93350.39505900,0
1754794800000000,0.01699000,0.01718000,0.01691000,0.01715000,4885574.20000000,1754798399999999,83355.56420900,1671,3337992.00000000,56971.34315600,0
1754798400000000,0.01716000,0.01723000,0.01712000,0.01718000,2387274.60000000,1754801999999999,41004.62998600,653,1458944.30000000,25068.37428600,0
1754802000000000,0.01718000,0.01718000,0.01689000,0.01691000,3107745.20000000,1754805599999999,52862.34011600,500,1188962.00000000,20216.63507700,0
1754805600000000,0.01691000,0.01692000,0.01674000,0.01686000,4407293.10000000,1754809199999999,74218.32990300,519,2366923.50000000,39865.65123400,0
1754809200000000,0.01685000,0.01687000,0.01655000,0.01656000,4257623.80000000,1754812799999999,70975.16122500,809,1950325.70000000,32508.72409600,0
1754812800000000,0.01656000,0.01666000,0.01640000,0.01663000,4172798.70000000,1754816399999999,68956.25503700,667,2247868.90000000,37110.24432100,0
1754816400000000,0.01663000,0.01668000,0.01659000,0.01662000,1315269.40000000,1754819999999999,21888.76475900,230,701224.20000000,11678.33175700,0
1754820000000000,0.01662000,0.01665000,0.01644000,0.01649000,2821029.10000000,1754823599999999,46606.55139300,442,1003993.50000000,16605.03488000,0
1754823600000000,0.01648000,0.01655000,0.01643000,0.01646000,3187685.00000000,1754827199999999,52558.24118400,375,1740386.00000000,28700.31732900,0
1754827200000000,0.01645000,0.01652000,0.01642000,0.01650000,1984395.70000000,1754830799999999,32687.91207800,352,1058414.50000000,17440.92647000,0
1754830800000000,0.01650000,0.01651000,0.01636000,0.01636000,1803333.50000000,1754834399999999,29648.20957400,291,703830.80000000,11570.71972000,0
1754834400000000,0.01636000,0.01661000,0.01632000,0.01656000,7522609.30000000,1754837999999999,124156.22426100,854,5421001.40000000,89505.90717400,0
1754838000000000,0.01655000,0.01667000,0.01653000,0.01660000,4828353.10000000,1754841599999999,80214.61376600,479,2446852.40000000,40650.25082800,0
1754841600000000,0.01659000,0.01670000,0.01657000,0.01665000,2467354.20000000,1754845199999999,41074.08508700,191,1618245.00000000,26952.40281100,0
1754845200000000,0.01666000,0.01669000,0.01655000,0.01659000,9550352.90000000,1754848799999999,158576.24842300,1145,3782233.70000000,62769.86429100,0
1754848800000000,0.01659000,0.01675000,0.01659000,0.01675000,9150366.80000000,1754852399999999,152304.46884900,506,6911448.40000000,114938.01360900,0
1754852400000000,0.01675000,0.01679000,0.01672000,0.01675000,1389423.30000000,1754855999999999,23278.39488800,285,963891.50000000,16149.17576700,0
1754856000000000,0.01676000,0.01677000,0.01664000,0.01673000,3350463.60000000,1754859599999999,55952.44912000,406,1475877.20000000,24654.34753400,0
1754859600000000,0.01673000,0.01673000,0.01654000,0.01664000,1565544.50000000,1754863199999999,26049.47898000,188,956604.30000000,15891.64793700,0
1754863200000000,0.01664000,0.01670000,0.01659000,0.01666000,2442496.00000000,1754866799999999,40627.13856300,602,1112394.70000000,18505.83011300,0
1754866800000000,0.01667000,0.01671000,0.01663000,0.01671000,897433.70000000,1754870399999999,14965.81301400,257,374378.70000000,6242.89291800,0
1754870400000000,0.01670000,0.01674000,0.01663000,0.01663000,2397211.40000000,1754873999999999,40023.22334100,276,1401453.30000000,23405.10561900,0
1754874000000000,0.01662000,0.01688000,0.01660000,0.01684000,4686075.60000000,1754877599999999,78478.54445000,773,2155063.30000000,36121.37886700,0
1754877600000000,0.01685000,0.01709000,0.01685000,0.01707000,10301044.50000000,1754881199999999,174313.32066400,1114,4827590.70000000,81743.94352200,0
1754881200000000,0.01707000,0.01708000,0.01698000,0.01704000,3980588.80000000,1754884799999999,67749.53257000,542,2215653.50000000,37707.85376700,0
1754884800000000,0.01705000,0.01713000,0.01700000,0.01702000,5010874.80000000,1754888399999999,85437.58360400,775,2880801.40000000,49099.00358500,0
1754888400000000,0.01701000,0.01702000,0.01682000,0.01684000,6921936.40000000,1754891999999999,116961.78397900,939,3044435.50000000,51396.87275100,0
1754892000000000,0.01684000,0.01685000,0.01677000,0.01678000,5063976.50000000,1754895599999999,85101.75552900,1554,765574.00000000,12869.67867300,0
1754895600000000,0.01678000,0.01680000,0.01649000,0.01652000,5726512.10000000,1754899199999999,95553.48065300,1027,2787676.00000000,46553.93345400,0
1754899200000000,0.01652000,0.01663000,0.01647000,0.01655000,2948480.80000000,1754902799999999,48837.45055500,556,1031352.60000000,17092.96530200,0
1754902800000000,0.01655000,0.01662000,0.01650000,0.01652000,4707605.20000000,1754906399999999,77948.00821800,685,1717615.20000000,28457.41408300,0
1754906400000000,0.01652000,0.01653000,0.01638000,0.01643000,5746730.00000000,1754909999999999,94563.32149700,661,2652827.20000000,43644.84449300,0
1754910000000000,0.01643000,0.01643000,0.01602000,0.01607000,9442772.10000000,1754913599999999,152993.06705100,1462,4655048.90000000,75361.89526900,0
1754913600000000,0.01607000,0.01616000,0.01602000,0.01607000,7182300.60000000,1754917199999999,115551.95115600,1254,4138881.20000000,66579.96975600,0
1754917200000000,0.01608000,0.01626000,0.01596000,0.01619000,9157173.90000000,1754920799999999,147681.26777700,1178,4989801.10000000,80408.39006600,0
1754920800000000,0.01620000,0.01634000,0.01615000,0.01620000,2536410.80000000,1754924399999999,41168.63853400,427,1169180.90000000,18959.67223600,0
1754924400000000,0.01619000,0.01629000,0.01611000,0.01629000,1709477.30000000,1754927999999999,27670.07672400,542,959182.30000000,15522.60415600,0
1754928000000000,0.01629000,0.01644000,0.01625000,0.01632000,3039223.50000000,1754931599999999,49693.23449300,521,1202162.90000000,19666.04920700,0
1754931600000000,0.01631000,0.01636000,0.01617000,0.01619000,617348.00000000,1754935199999999,10024.33485700,255,419800.10000000,6811.94847900,0
1754935200000000,0.01618000,0.01629000,0.01604000,0.01620000,2838720.80000000,1754938799999999,45862.82402000,623,1433577.00000000,23162.34107100,0
1754938800000000,0.01620000,0.01622000,0.01599000,0.01609000,2824276.50000000,1754942399999999,45533.10913200,589,1533427.70000000,24716.67915600,0
1754942400000000,0.01608000,0.01609000,0.01599000,0.01604000,1156170.20000000,1754945999999999,18535.75508300,311,681850.70000000,10931.47098700,0
1754946000000000,0.01602000,0.01610000,0.01574000,0.01585000,5181095.00000000,1754949599999999,82198.47496000,725,2585705.20000000,40980.04406300,0
1754949600000000,0.01585000,0.01586000,0.01567000,0.01577000,5874089.10000000,1754953199999999,92616.13875600,768,2936603.10000000,46325.65303100,0
1754953200000000,0.01577000,0.01588000,0.01576000,0.01583000,2493676.00000000,1754956799999999,39509.85584400,452,978593.10000000,15507.38263900,0
1754956800000000,0.01582000,0.01602000,0.01579000,0.01599000,3937798.80000000,1754960399999999,62548.55771900,713,2370143.20000000,37624.78032300,0
1754960400000000,0.01598000,0.01603000,0.01594000,0.01599000,2468592.40000000,1754963999999999,39456.02463900,254,1009877.30000000,16149.69089900,0
1754964000000000,0.01599000,0.01610000,0.01595000,0.01597000,1470654.80000000,1754967599999999,23531.25332300,299,685548.00000000,10956.71518400,0
1754967600000000,0.01599000,0.01602000,0.01592000,0.01592000,4345656.30000000,1754971199999999,69443.00733700,421,2243565.40000000,35870.48392700,0
1754971200000000,0.01591000,0.01601000,0.01590000,0.01600000,1440992.70000000,1754974799999999,22982.07773500,206,763424.30000000,12174.02268700,0
1754974800000000,0.01600000,0.01600000,0.01578000,0.01586000,1911145.70000000,1754978399999999,30297.69969100,321,895761.50000000,14203.78078500,0
1754978400000000,0.01585000,0.01592000,0.01569000,0.01585000,3274040.80000000,1754981999999999,51754.32191000,515,1797013.10000000,28397.85478500,0
1754982000000000,0.01585000,0.01599000,0.01584000,0.01595000,3026207.10000000,1754985599999999,48236.03869700,431,1833479.40000000,29232.52133700,0
1754985600000000,0.01595000,0.01595000,0.01578000,0.01579000,2000926.90000000,1754989199999999,31701.82657700,281,728191.20000000,11538.49736700,0
1754989200000000,0.01578000,0.01579000,0.01570000,0.01572000,1734010.90000000,1754992799999999,27304.20540400,265,1020431.10000000,16071.17214200,0
1754992800000000,0.01572000,0.01575000,0.01562000,0.01569000,3929405.60000000,1754996399999999,61632.23710600,424,2259790.50000000,35447.81177700,0
1754996400000000,0.01570000,0.01576000,0.01558000,0.01574000,1789268.20000000,1754999999999999,28037.47638900,289,810078.40000000,12695.43983000,0
1755000000000000,0.01575000,0.01614000,0.01568000,0.01605000,10033402.80000000,1755003599999999,160694.12169900,1146,5180882.20000000,82936.53385200,0
1755003600000000,0.01606000,0.01619000,0.01590000,0.01598000,4566647.10000000,1755007199999999,73259.44348300,603,2107754.90000000,33809.38749300,0
1755007200000000,0.01597000,0.01619000,0.01597000,0.01617000,5859195.50000000,1755010799999999,94441.90636700,650,2363027.40000000,38101.30373700,0
1755010800000000,0.01616000,0.01641000,0.01616000,0.01639000,4569061.30000000,1755014399999999,74494.25839100,632,2652119.10000000,43239.22200400,0
1755014400000000,0.01641000,0.01654000,0.01640000,0.01652000,2706951.30000000,1755017999999999,44534.94409000,439,1422575.20000000,23411.79778000,0
1755018000000000,0.01654000,0.01669000,0.01652000,0.01662000,3106539.40000000,1755021599999999,51630.27488400,512,1304422.00000000,21673.22612500,0
1755021600000000,0.01663000,0.01678000,0.01658000,0.01661000,3268441.40000000,1755025199999999,54482.31094000,596,1092044.90000000,18212.97402300,0
1755025200000000,0.01662000,0.01668000,0.01657000,0.01666000,5587434.20000000,1755028799999999,92908.84047400,765,2957328.90000000,49175.02176900,0
1755028800000000,0.01666000,0.01684000,0.01666000,0.01683000,5388588.30000000,1755032399999999,90412.17799000,875,3778197.00000000,63384.20488200,0
1755032400000000,0.01682000,0.01682000,0.01670000,0.01672000,2666379.30000000,1755035999999999,44762.17586300,377,1035664.90000000,17394.93473600,0
1755036000000000,0.01671000,0.01676000,0.01665000,0.01670000,2359848.40000000,1755039599999999,39415.58600600,398,1178117.40000000,19683.75168700,0
1755039600000000,0.01670000,0.01676000,0.01668000,0.01674000,2103286.90000000,1755043199999999,35158.34428400,320,1252636.70000000,20943.41549200,0
1755043200000000,0.01674000,0.01689000,0.01674000,0.01681000,3447664.70000000,1755046799999999,58037.36003600,562,1909010.80000000,32153.80213700,0
1755046800000000,0.01681000,0.01681000,0.01659000,0.01664000,6132896.50000000,1755050399999999,102196.44091700,417,3058111.30000000,50973.66861700,0
1755050400000000,0.01664000,0.01681000,0.01657000,0.01681000,3550015.60000000,1755053999999999,59245.31227000,641,1480632.80000000,24716.60648600,0
1755054000000000,0.01681000,0.01690000,0.01674000,0.01684000,2012738.90000000,1755057599999999,33856.86227700,442,1076753.00000000,18114.42997700,0
1755057600000000,0.01683000,0.01690000,0.01676000,0.01682000,3013197.90000000,1755061199999999,50753.53683400,368,2074570.60000000,34933.81102100,0
1755061200000000,0.01682000,0.01682000,0.01664000,0.01665000,2899103.50000000,1755064799999999,48545.14252600,292,929848.40000000,15557.04427100,0
1755064800000000,0.01665000,0.01672000,0.01656000,0.01664000,4551959.70000000,1755068399999999,75693.61120200,625,1607463.60000000,26763.10835800,0
1755068400000000,0.01664000,0.01674000,0.01660000,0.01674000,4396355.00000000,1755071999999999,73315.16911800,725,2538031.90000000,42333.62784400,0
1755072000000000,0.01675000,0.01691000,0.01675000,0.01684000,3685946.70000000,1755075599999999,62049.70905500,700,1964855.20000000,33081.48091500,0
1755075600000000,0.01684000,0.01696000,0.01683000,0.01696000,4833420.40000000,1755079199999999,81643.22155500,515,2653042.40000000,44823.88818300,0
1755079200000000,0.01695000,0.01708000,0.01695000,0.01704000,4675759.40000000,1755082799999999,79571.41177800,515,1759005.60000000,29931.29013100,0
1755082800000000,0.01704000,0.01704000,0.01692000,0.01696000,3324923.80000000,1755086399999999,56416.96735600,467,1421614.40000000,24129.31380400,0
1755086400000000,0.01696000,0.01705000,0.01690000,0.01691000,2260856.10000000,1755089999999999,38404.25967400,369,1198960.20000000,20373.49055500,0
1755090000000000,0.01692000,0.01713000,0.01685000,0.01701000,10539789.90000000,1755093599999999,178929.65086900,1466,4708547.50000000,79910.06709200,0
1755093600000000,0.01702000,0.01707000,0.01683000,0.01690000,7596772.40000000,1755097199999999,128756.12797500,1050,3851721.70000000,65254.74323800,0
1755097200000000,0.01690000,0.01699000,0.01677000,0.01697000,10913993.40000000,1755100799999999,184517.10649300,1194,5077248.20000000,85761.17052600,0
1755100800000000,0.01698000,0.01716000,0.01698000,0.01703000,6433686.00000000,1755104399999999,109768.95519000,988,3600877.90000000,61438.19177800,0
1755104400000000,0.01705000,0.01718000,0.01702000,0.01713000,4287915.10000000,1755107999999999,73345.88984500,819,2643301.20000000,45196.90168000,0
1755108000000000,0.01713000,0.01717000,0.01695000,0.01700000,6781858.50000000,1755111599999999,115799.42111400,808,3974939.80000000,67902.64723600,0
1755111600000000,0.01700000,0.01711000,0.01697000,0.01710000,8042785.10000000,1755115199999999,136920.74559300,448,4136893.30000000,70395.53991900,0
1755115200000000,0.01712000,0.01712000,0.01702000,0.01708000,1541551.40000000,1755118799999999,26331.80287300,226,582837.80000000,9958.57315200,0
1755118800000000,0.01708000,0.01716000,0.01707000,0.01708000,1297289.20000000,1755122399999999,22205.86817900,203,663253.90000000,11352.53828600,0
1755122400000000,0.01707000,0.01725000,0.01704000,0.01717000,4036935.10000000,1755125999999999,69220.98151800,529,2154642.90000000,36940.62319900,0
1755126000000000,0.01718000,0.01726000,0.01717000,0.01721000,1915116.40000000,1755129599999999,32977.08354900,352,1061149.40000000,18266.32279300,0
1755129600000000,0.01722000,0.01725000,0.01709000,0.01711000,3249249.50000000,1755133199999999,55787.46573100,397,1282591.60000000,22006.31624200,0
1755133200000000,0.01711000,0.01729000,0.01708000,0.01724000,4647240.00000000,1755136799999999,79760.31302400,440,1831273.70000000,31461.30951900,0
1755136800000000,0.01724000,0.01735000,0.01713000,0.01735000,5342501.80000000,1755140399999999,92148.68842200,486,2170206.10000000,37458.61454800,0
1755140400000000,0.01734000,0.01739000,0.01731000,0.01732000,3429906.40000000,1755143999999999,59470.83617700,477,1048177.80000000,18181.27344600,0
1755144000000000,0.01732000,0.01739000,0.01725000,0.01725000,2267359.30000000,1755147599999999,39279.91056000,492,685219.90000000,11867.61393400,0
1755147600000000,0.01725000,0.01729000,0.01717000,0.01723000,4862078.40000000,1755151199999999,83741.17426100,559,2011471.20000000,34649.26927400,0
1755151200000000,0.01722000,0.01723000,0.01698000,0.01714000,6824250.80000000,1755154799999999,116737.15924800,855,3037072.60000000,51945.74693500,0
1755154800000000,0.01714000,0.01714000,0.01697000,0.01703000,3255546.60000000,1755158399999999,55528.74253800,333,1566829.60000000,26745.31279100,0
1755158400000000,0.01704000,0.01705000,0.01683000,0.01688000,6091918.50000000,1755161999999999,103033.67936200,631,3068660.50000000,51906.59982300,0
1755162000000000,0.01687000,0.01699000,0.01680000,0.01696000,2660645.40000000,1755165599999999,44951.76257300,381,1284822.80000000,21713.33507500,0
1755165600000000,0.01695000,0.01697000,0.01669000,0.01686000,5641602.20000000,1755169199999999,95015.38995100,565,2926390.60000000,49286.15246800,0
1755169200000000,0.01687000,0.01691000,0.01679000,0.01682000,3704339.40000000,1755172799999999,62395.52834700,359,1581284.70000000,26638.42913100,0
1755172800000000,0.01682000,0.01689000,0.01577000,0.01609000,40130819.90000000,1755176399999999,655146.99952800,4767,20207395.20000000,330142.91304000,0
1755176400000000,0.01609000,0.01623000,0.01585000,0.01610000,45335100.50000000,1755179999999999,727134.57835300,4925,25470849.40000000,408366.78114900,0
1755180000000000,0.01610000,0.01630000,0.01605000,0.01617000,7324051.60000000,1755183599999999,118451.28097700,1117,3784111.30000000,61255.85006000,0
1755183600000000,0.01617000,0.01625000,0.01592000,0.01593000,5363596.40000000,1755187199999999,86319.24092300,856,3598099.80000000,57969.38352800,0
1755187200000000,0.01592000,0.01592000,0.01567000,0.01572000,5710425.30000000,1755190799999999,90013.59011100,1376,3566398.20000000,56212.77257600,0
1755190800000000,0.01571000,0.01582000,0.01565000,0.01576000,3389371.50000000,1755194399999999,53324.10768600,690,1760168.30000000,27689.05247300,0
1755194400000000,0.01576000,0.01576000,0.01556000,0.01568000,5815479.70000000,1755197999999999,91142.33546500,462,3727315.10000000,58451.87295100,0
1755198000000000,0.01568000,0.01579000,0.01568000,0.01568000,1802628.00000000,1755201599999999,28396.66919600,262,961851.30000000,15149.51655500,0
1755201600000000,0.01568000,0.01569000,0.01557000,0.01565000,2893463.30000000,1755205199999999,45250.54252200,342,1470713.50000000,23008.83561700,0
1755205200000000,0.01564000,0.01568000,0.01540000,0.01554000,2683147.40000000,1755208799999999,41625.79899800,371,1267213.10000000,19661.82615200,0
1755208800000000,0.01552000,0.01563000,0.01544000,0.01561000,2693929.50000000,1755212399999999,41951.25731700,335,1559511.90000000,24278.66632000,0
1755212400000000,0.01561000,0.01578000,0.01560000,0.01574000,5269022.60000000,1755215999999999,82687.74405900,512,3042942.60000000,47760.78721400,0
1755216000000000,0.01573000,0.01579000,0.01567000,0.01570000,2804021.10000000,1755219599999999,44092.47066300,392,1414854.00000000,22255.87425600,0
1755219600000000,0.01570000,0.01585000,0.01568000,0.01584000,2396399.50000000,1755223199999999,37725.31570900,335,1474046.60000000,23207.56274000,0
1755223200000000,0.01583000,0.01589000,0.01583000,0.01584000,1066356.00000000,1755226799999999,16917.41088600,327,529791.40000000,8405.79283900,0
1755226800000000,0.01583000,0.01599000,0.01581000,0.01596000,1758388.30000000,1755230399999999,27952.27956300,266,860332.80000000,13700.27500500,0
1755230400000000,0.01597000,0.01602000,0.01592000,0.01594000,2163193.80000000,1755233999999999,34545.43585900,204,1365464.70000000,21812.55523200,0
1755234000000000,0.01593000,0.01599000,0.01589000,0.01598000,2635608.40000000,1755237599999999,42030.35430700,157,1999372.40000000,31895.53657600,0
1755237600000000,0.01598000,0.01610000,0.01598000,0.01605000,3360154.70000000,1755241199999999,53857.34568500,309,1934125.80000000,30990.26673000,0
1755241200000000,0.01605000,0.01606000,0.01599000,0.01604000,1836645.10000000,1755244799999999,29448.18415400,301,1101264.30000000,17658.70290800,0
1755244800000000,0.01603000,0.01603000,0.01594000,0.01594000,4629193.90000000,1755248399999999,74011.21875200,310,3429482.80000000,54844.60645700,0
1755248400000000,0.01594000,0.01599000,0.01581000,0.01585000,1978127.10000000,1755251999999999,31512.65224800,309,1016277.90000000,16188.11100500,0
1755252000000000,0.01585000,0.01597000,0.01585000,0.01590000,1702206.00000000,1755255599999999,27103.33352300,323,777226.70000000,12373.85879400,0
1755255600000000,0.01589000,0.01593000,0.01583000,0.01588000,1550245.60000000,1755259199999999,24627.37578700,330,842565.10000000,13387.41967200,0
1755259200000000,0.01588000,0.01602000,0.01573000,0.01589000,7124618.10000000,1755262799999999,112990.14736000,878,3935815.10000000,62378.92409100,0
1755262800000000,0.01587000,0.01594000,0.01569000,0.01573000,5617366.80000000,1755266399999999,88865.81261700,980,3273230.00000000,51803.83532800,0
1755266400000000,0.01572000,0.01580000,0.01548000,0.01554000,6490998.80000000,1755269999999999,101712.91468600,819,2577516.70000000,40356.55951700,0
1755270000000000,0.01554000,0.01555000,0.01518000,0.01526000,6475858.00000000,1755273599999999,99495.51025900,961,3367561.00000000,51749.70293000,0
1755273600000000,0.01526000,0.01539000,0.01514000,0.01536000,3256621.10000000,1755277199999999,49653.61704400,787,1884738.20000000,28756.06169900,0
1755277200000000,0.01536000,0.01549000,0.01525000,0.01544000,3570426.50000000,1755280799999999,55030.33791400,484,2246788.70000000,34605.29857800,0
1755280800000000,0.01543000,0.01545000,0.01531000,0.01534000,3512995.60000000,1755284399999999,53991.81071600,417,1339153.40000000,20585.00423300,0
1755284400000000,0.01533000,0.01541000,0.01530000,0.01532000,1697261.50000000,1755287999999999,26041.12503200,274,578976.30000000,8876.14888600,0
1755288000000000,0.01531000,0.01543000,0.01528000,0.01542000,1582544.20000000,1755291599999999,24300.33407700,323,1018934.30000000,15650.66815300,0
1755291600000000,0.01541000,0.01551000,0.01536000,0.01551000,990998.40000000,1755295199999999,15289.76579200,287,426726.70000000,6584.02882500,0
1755295200000000,0.01552000,0.01569000,0.01549000,0.01569000,1878677.30000000,1755298799999999,29268.85024800,292,877702.30000000,13706.02171400,0
1755298800000000,0.01570000,0.01575000,0.01555000,0.01563000,1704146.40000000,1755302399999999,26646.35911400,300,710066.50000000,11134.90874400,0
1755302400000000,0.01562000,0.01579000,0.01561000,0.01578000,1947046.00000000,1755305999999999,30564.81817200,419,782675.00000000,12303.51186700,0
1755306000000000,0.01577000,0.01583000,0.01571000,0.01580000,2446133.00000000,1755309599999999,38558.37038700,427,1210901.50000000,19087.80891500,0
1755309600000000,0.01579000,0.01582000,0.01574000,0.01574000,1572322.60000000,1755313199999999,24803.33958000,345,744713.80000000,11753.17341000,0
1755313200000000,0.01574000,0.01579000,0.01571000,0.01571000,5016654.20000000,1755316799999999,78951.89991800,1077,1931404.70000000,30408.85814900,0
1755316800000000,0.01572000,0.01579000,0.01569000,0.01578000,4206336.80000000,1755320399999999,66199.08783900,279,3451320.50000000,54322.10777600,0
1755320400000000,0.01578000,0.01581000,0.01576000,0.01576000,531840.60000000,1755323999999999,8390.35293300,190,84201.20000000,1328.79529400,0
1755324000000000,0.01576000,0.01583000,0.01574000,0.01578000,1596276.00000000,1755327599999999,25194.77313900,291,964548.30000000,15223.95846400,0
1755327600000000,0.01579000,0.01587000,0.01578000,0.01585000,1717045.60000000,1755331199999999,27166.50804500,269,746255.80000000,11814.81992800,0
1755331200000000,0.01585000,0.01586000,0.01577000,0.01578000,1485449.90000000,1755334799999999,23475.91464500,304,609017.20000000,9628.98743700,0
1755334800000000,0.01578000,0.01585000,0.01565000,0.01565000,1564631.30000000,1755338399999999,24657.65213800,312,490646.40000000,7727.92603300,0
1755338400000000,0.01564000,0.01570000,0.01559000,0.01567000,6155085.30000000,1755341999999999,96346.20611600,571,2364867.00000000,37023.92361800,0
1755342000000000,0.01567000,0.01578000,0.01563000,0.01564000,5957816.30000000,1755345599999999,93653.64492300,966,1958655.90000000,30790.11433800,0
1755345600000000,0.01563000,0.01576000,0.01561000,0.01575000,2476410.50000000,1755349199999999,38854.98082700,454,1245373.20000000,19552.31374900,0
1755349200000000,0.01575000,0.01581000,0.01568000,0.01570000,2233372.30000000,1755352799999999,35156.77238300,340,973972.30000000,15320.10618600,0
1755352800000000,0.01571000,0.01589000,0.01566000,0.01587000,6944738.00000000,1755356399999999,109330.95105900,604,3560774.30000000,56075.29285100,0
1755356400000000,0.01589000,0.01604000,0.01588000,0.01604000,4984039.90000000,1755359999999999,79677.21444700,597,2411282.40000000,38558.05862400,0
1755360000000000,0.01603000,0.01609000,0.01599000,0.01604000,1859360.70000000,1755363599999999,29828.09183800,390,585092.70000000,9390.88031800,0
1755363600000000,0.01604000,0.01606000,0.01592000,0.01593000,1981435.30000000,1755367199999999,31689.40503400,299,1068269.50000000,17086.69880900,0
1755367200000000,0.01593000,0.01600000,0.01589000,0.01596000,1433984.50000000,1755370799999999,22903.76677300,297,441179.20000000,7043.86852900,0
1755370800000000,0.01596000,0.01608000,0.01596000,0.01600000,3321439.40000000,1755374399999999,53211.76515700,495,1283405.50000000,20549.07753100,0
1755374400000000,0.01599000,0.01607000,0.01596000,0.01599000,4536197.70000000,1755377999999999,72674.50249500,486,1407957.10000000,22566.42340100,0
1755378000000000,0.01600000,0.01600000,0.01592000,0.01594000,3357686.20000000,1755381599999999,53611.13803600,454,1379464.00000000,22038.99821600,0
1755381600000000,0.01594000,0.01614000,0.01592000,0.01609000,4065961.30000000,1755385199999999,65269.75962400,441,2011701.40000000,32323.87736500,0
1755385200000000,0.01610000,0.01610000,0.01600000,0.01605000,2093693.50000000,1755388799999999,33600.63964700,266,691696.90000000,11090.80883700,0
1755388800000000,0.01605000,0.01607000,0.01595000,0.01597000,1559395.40000000,1755392399999999,24952.10307300,300,611302.10000000,9787.13382200,0
1755392400000000,0.01598000,0.01599000,0.01589000,0.01593000,1661966.80000000,1755395999999999,26461.01561200,243,460026.20000000,7329.38277200,0
1755396000000000,0.01595000,0.01604000,0.01589000,0.01603000,2083391.00000000,1755399599999999,33222.30845200,216,1349860.90000000,21533.09180400,0
1755399600000000,0.01605000,0.01614000,0.01597000,0.01604000,3422067.40000000,1755403199999999,54961.30198000,355,2699370.70000000,43373.54753700,0
1755403200000000,0.01604000,0.01611000,0.01603000,0.01610000,2291673.60000000,1755406799999999,36820.46351300,249,1144898.40000000,18396.30316000,0
1755406800000000,0.01611000,0.01612000,0.01605000,0.01607000,765452.70000000,1755410399999999,12305.49844600,206,310402.20000000,4989.82033900,0
1755410400000000,0.01607000,0.01612000,0.01602000,0.01602000,799912.60000000,1755413999999999,12862.63593200,196,257098.70000000,4135.12414500,0
1755414000000000,0.01603000,0.01610000,0.01600000,0.01605000,1657895.80000000,1755417599999999,26612.28079200,291,756661.60000000,12152.29201400,0
1755417600000000,0.01606000,0.01617000,0.01603000,0.01614000,2057308.00000000,1755421199999999,33082.79257500,269,968461.90000000,15583.57245200,0
1755421200000000,0.01614000,0.01615000,0.01610000,0.01613000,1356131.10000000,1755424799999999,21873.73293200,168,394042.60000000,6356.48373500,0
1755424800000000,0.01613000,0.01619000,0.01610000,0.01618000,2569239.00000000,1755428399999999,41476.61064100,322,1144582.20000000,18480.74923900,0
1755428400000000,0.01618000,0.01618000,0.01610000,0.01614000,2748306.50000000,1755431999999999,44336.52052300,300,1168438.60000000,18843.99707700,0
1755432000000000,0.01615000,0.01616000,0.01609000,0.01611000,1096207.80000000,1755435599999999,17672.83962700,220,363278.00000000,5856.44364600,0
1755435600000000,0.01611000,0.01613000,0.01605000,0.01608000,2782215.80000000,1755439199999999,44739.91806600,307,1423920.10000000,22896.18554800,0
1755439200000000,0.01608000,0.01613000,0.01603000,0.01612000,2421949.80000000,1755442799999999,38947.04368700,152,1534361.40000000,24658.39358800,0
1755442800000000,0.01612000,0.01630000,0.01611000,0.01624000,14986784.50000000,1755446399999999,242944.44202300,704,7132001.80000000,115581.41318700,0
1755446400000000,0.01624000,0.01632000,0.01611000,0.01614000,7220162.00000000,1755449999999999,117280.06545200,471,2571716.00000000,41800.51760300,0
1755450000000000,0.01613000,0.01614000,0.01605000,0.01608000,1782575.90000000,1755453599999999,28694.13561700,279,1122394.60000000,18065.88343700,0
1755453600000000,0.01608000,0.01611000,0.01581000,0.01593000,4432872.20000000,1755457199999999,70648.28885000,713,1700970.20000000,27081.99346800,0
1755457200000000,0.01594000,0.01598000,0.01581000,0.01583000,2476012.40000000,1755460799999999,39360.34525700,374,1076593.60000000,17129.53227800,0
1755460800000000,0.01584000,0.01591000,0.01582000,0.01582000,1269641.80000000,1755464399999999,20139.30464200,310,485831.50000000,7714.15674600,0
1755464400000000,0.01582000,0.01587000,0.01578000,0.01582000,997229.90000000,1755467999999999,15770.93292600,329,390070.50000000,6168.43171500,0
1755468000000000,0.01583000,0.01597000,0.01581000,0.01594000,1489235.50000000,1755471599999999,23682.01531600,429,642159.20000000,10217.79193500,0
1755471600000000,0.01596000,0.01597000,0.01583000,0.01585000,920998.10000000,1755475199999999,14627.32405800,316,486461.60000000,7719.61630000,0
1755475200000000,0.01586000,0.01586000,0.01571000,0.01579000,1636040.70000000,1755478799999999,25817.59888800,364,750199.20000000,11838.09841600,0
1755478800000000,0.01578000,0.01581000,0.01556000,0.01558000,9947813.90000000,1755482399999999,155818.02630100,932,6002852.70000000,93934.67960800,0
1755482400000000,0.01557000,0.01559000,0.01529000,0.01531000,7511031.70000000,1755485999999999,115824.21804300,769,3166560.50000000,48865.83642400,0
1755486000000000,0.01531000,0.01536000,0.01520000,0.01534000,7752231.80000000,1755489599999999,118669.48141600,703,5027103.20000000,76985.62809900,0
1755489600000000,0.01534000,0.01547000,0.01530000,0.01547000,1775130.90000000,1755493199999999,27301.38353600,252,1051457.00000000,16178.96574200,0
1755493200000000,0.01548000,0.01550000,0.01529000,0.01542000,2855554.20000000,1755496799999999,44016.57935100,347,1317650.50000000,20315.65264300,0
1755496800000000,0.01542000,0.01542000,0.01511000,0.01519000,4833968.20000000,1755500399999999,73629.52405700,546,1652474.00000000,25175.53434400,0
1755500400000000,0.01519000,0.01527000,0.01517000,0.01520000,1734608.90000000,1755503999999999,26389.37076700,347,1053584.50000000,16027.52751100,0
1755504000000000,0.01520000,0.01524000,0.01512000,0.01512000,8284060.30000000,1755507599999999,125688.43063300,544,1800212.00000000,27340.31717800,0
1755507600000000,0.01512000,0.01530000,0.01505000,0.01526000,4070507.10000000,1755511199999999,61643.53331500,486,2335087.40000000,35327.16913900,0
1755511200000000,0.01527000,0.01534000,0.01523000,0.01526000,2237729.40000000,1755514799999999,34167.59872800,322,1079220.60000000,16483.08329000,0
1755514800000000,0.01525000,0.01530000,0.01522000,0.01528000,1042522.30000000,1755518399999999,15904.55519700,227,611228.80000000,9323.71561200,0
1755518400000000,0.01528000,0.01548000,0.01526000,0.01547000,2500813.00000000,1755521999999999,38393.38338000,439,1405008.90000000,21584.07450700,0
1755522000000000,0.01549000,0.01550000,0.01527000,0.01527000,5110057.00000000,1755525599999999,78712.15987400,640,2447633.60000000,37686.50243900,0
1755525600000000,0.01528000,0.01543000,0.01527000,0.01542000,4368745.40000000,1755529199999999,67000.37708200,589,2672095.80000000,40975.71446100,0
1755529200000000,0.01543000,0.01546000,0.01533000,0.01545000,1516685.50000000,1755532799999999,23331.52023200,288,1009113.30000000,15519.75495200,0
1755532800000000,0.01546000,0.01551000,0.01534000,0.01536000,1727249.40000000,1755536399999999,26601.23266400,341,757613.40000000,11665.06203700,0
1755536400000000,0.01537000,0.01557000,0.01534000,0.01548000,2060432.30000000,1755539999999999,31940.72826300,332,906319.20000000,14046.14317600,0
1755540000000000,0.01548000,0.01552000,0.01542000,0.01551000,889316.80000000,1755543599999999,13746.74848500,198,563958.10000000,8715.58284300,0
1755543600000000,0.01552000,0.01556000,0.01546000,0.01551000,1415145.70000000,1755547199999999,21964.17811800,306,728198.40000000,11304.99484800,0
1755547200000000,0.01551000,0.01553000,0.01541000,0.01549000,2081216.60000000,1755550799999999,32188.02754100,287,1179374.30000000,18233.92514800,0
1755550800000000,0.01548000,0.01556000,0.01548000,0.01556000,1511526.30000000,1755554399999999,23472.53519300,122,723029.40000000,11231.38513500,0
1755554400000000,0.01557000,0.01569000,0.01557000,0.01558000,1756366.90000000,1755557999999999,27451.37614000,173,586150.40000000,9165.85294300,0
1755558000000000,0.01558000,0.01560000,0.01544000,0.01546000,2479701.50000000,1755561599999999,38481.62304700,247,1117799.20000000,17365.99973300,0
1755561600000000,0.01547000,0.01561000,0.01529000,0.01561000,2211088.70000000,1755565199999999,34126.62715700,444,1280509.90000000,19738.89366100,0
1755565200000000,0.01562000,0.01567000,0.01548000,0.01550000,2394794.70000000,1755568799999999,37292.27952100,338,1586422.40000000,24707.33347300,0
1755568800000000,0.01550000,0.01556000,0.01546000,0.01548000,4439595.70000000,1755572399999999,68762.70737200,563,3546880.00000000,54912.48147600,0
1755572400000000,0.01548000,0.01549000,0.01523000,0.01525000,8852537.50000000,1755575999999999,136167.30973600,841,4311330.40000000,66342.91853200,0
1755576000000000,0.01525000,0.01535000,0.01513000,0.01535000,3754236.10000000,1755579599999999,57089.33892800,537,1974023.80000000,30030.06986100,0
1755579600000000,0.01535000,0.01541000,0.01531000,0.01534000,1784338.00000000,1755583199999999,27439.07377900,246,952108.10000000,14645.89693600,0
1755583200000000,0.01533000,0.01537000,0.01526000,0.01528000,1422327.70000000,1755586799999999,21793.01108700,172,851453.40000000,13055.38640700,0
1755586800000000,0.01529000,0.01529000,0.01510000,0.01527000,9971155.50000000,1755590399999999,151305.08773300,527,2579554.90000000,39232.57203300,0
1755590400000000,0.01527000,0.01545000,0.01522000,0.01542000,3849092.30000000,1755593999999999,58920.55311500,416,2180946.70000000,33411.27590200,0
1755594000000000,0.01542000,0.01560000,0.01541000,0.01557000,3454513.10000000,1755597599999999,53691.86685400,349,1566173.90000000,24358.70367200,0
1755597600000000,0.01558000,0.01568000,0.01557000,0.01562000,3171038.80000000,1755601199999999,49530.96352100,301,1459904.10000000,22803.35444600,0
1755601200000000,0.01562000,0.01567000,0.01560000,0.01566000,2057171.50000000,1755604799999999,32146.85267100,285,826150.30000000,12912.03955300,0
1755604800000000,0.01565000,0.01567000,0.01557000,0.01561000,2592933.10000000,1755608399999999,40501.67677000,318,1641488.30000000,25641.86341800,0
1755608400000000,0.01561000,0.01569000,0.01543000,0.01552000,5589351.50000000,1755611999999999,86878.60450000,595,2977913.40000000,46288.73412200,0
1755612000000000,0.01552000,0.01558000,0.01521000,0.01526000,8466091.20000000,1755615599999999,129829.52724800,1129,4504583.90000000,69062.47376700,0
1755615600000000,0.01527000,0.01545000,0.01522000,0.01533000,6358948.30000000,1755619199999999,97494.55820700,564,3921424.70000000,60111.88903100,0
1755619200000000,0.01533000,0.01535000,0.01520000,0.01524000,6938855.80000000,1755622799999999,105888.06579600,900,4687915.00000000,71556.94881300,0
1755622800000000,0.01524000,0.01529000,0.01513000,0.01527000,5424752.70000000,1755626399999999,82518.23181900,600,2756719.80000000,41942.43302000,0
1755626400000000,0.01526000,0.01529000,0.01511000,0.01515000,7831664.20000000,1755629999999999,119088.80918400,935,4343223.70000000,66064.60407700,0
1755630000000000,0.01514000,0.01530000,0.01507000,0.01514000,8730079.70000000,1755633599999999,132523.36514000,728,4553833.70000000,69112.24820600,0
1755633600000000,0.01515000,0.01523000,0.01510000,0.01523000,1894657.70000000,1755637199999999,28737.03564900,249,813051.60000000,12326.10180900,0
1755637200000000,0.01523000,0.01524000,0.01517000,0.01521000,2153429.60000000,1755640799999999,32743.23935100,311,1234617.10000000,18777.11879800,0
1755640800000000,0.01521000,0.01524000,0.01513000,0.01518000,2760767.80000000,1755644399999999,41917.18150800,306,1175078.00000000,17846.35612800,0
1755644400000000,0.01518000,0.01518000,0.01503000,0.01507000,4041899.30000000,1755647999999999,61011.64386000,515,2378456.10000000,35889.28435300,0
1755648000000000,0.01507000,0.01516000,0.01505000,0.01510000,2071621.90000000,1755651599999999,31311.37441800,266,547729.70000000,8276.50637300,0
1755651600000000,0.01511000,0.01513000,0.01491000,0.01509000,3607762.40000000,1755655199999999,54191.28107800,365,1054745.10000000,15825.48156100,0
1755655200000000,0.01510000,0.01518000,0.01508000,0.01516000,2099851.30000000,1755658799999999,31801.82474600,210,1344178.70000000,20357.58987900,0
1755658800000000,0.01517000,0.01529000,0.01515000,0.01520000,1765016.70000000,1755662399999999,26817.46021300,267,977433.00000000,14832.29394200,0
1755662400000000,0.01520000,0.01531000,0.01520000,0.01530000,2280683.40000000,1755665999999999,34819.75245500,300,1056476.90000000,16130.91029600,0
1755666000000000,0.01529000,0.01532000,0.01522000,0.01532000,967322.00000000,1755669599999999,14776.88684000,112,281641.00000000,4304.37816200,0
1755669600000000,0.01533000,0.01534000,0.01526000,0.01531000,2859991.70000000,1755673199999999,43732.43470300,220,1128080.90000000,17261.09149700,0
1755673200000000,0.01531000,0.01533000,0.01525000,0.01525000,1658207.30000000,1755676799999999,25364.23548500,164,573823.50000000,8781.44739900,0
1755676800000000,0.01525000,0.01543000,0.01525000,0.01543000,3927444.40000000,1755680399999999,60360.75959900,361,1920702.70000000,29502.82213900,0
1755680400000000,0.01541000,0.01546000,0.01538000,0.01541000,2337781.80000000,1755683999999999,36026.54661200,266,1694702.20000000,26118.18494200,0
1755684000000000,0.01541000,0.01549000,0.01539000,0.01546000,1045988.10000000,1755687599999999,16151.15156100,117,455383.90000000,7031.85745800,0
1755687600000000,0.01544000,0.01544000,0.01520000,0.01538000,3659147.30000000,1755691199999999,56007.61464800,317,1381908.20000000,21194.96117500,0
1755691200000000,0.01539000,0.01550000,0.01539000,0.01545000,2329858.60000000,1755694799999999,36013.01583100,305,1156598.40000000,17879.68636300,0
1755694800000000,0.01543000,0.01543000,0.01511000,0.01515000,3625685.20000000,1755698399999999,55408.89342200,438,1683931.50000000,25740.17147400,0
1755698400000000,0.01515000,0.01546000,0.01503000,0.01541000,2286226.10000000,1755701999999999,34859.76642300,530,978963.80000000,14896.35085600,0
1755702000000000,0.01540000,0.01560000,0.01539000,0.01546000,6070332.00000000,1755705599999999,94320.92683100,700,3235385.50000000,50258.96054700,0
1755705600000000,0.01547000,0.01565000,0.01547000,0.01552000,3561204.70000000,1755709199999999,55453.37348200,423,2226364.40000000,34682.13609600,0
1755709200000000,0.01554000,0.01569000,0.01554000,0.01564000,2338038.80000000,1755712799999999,36488.35145400,396,1205531.30000000,18826.80661800,0
1755712800000000,0.01565000,0.01566000,0.01545000,0.01559000,3816432.50000000,1755716399999999,59192.65836900,302,1215281.10000000,18864.96709300,0
1755716400000000,0.01558000,0.01576000,0.01558000,0.01575000,4636307.20000000,1755719999999999,72645.35652800,343,1838949.60000000,28817.51843500,0
1755720000000000,0.01576000,0.01581000,0.01574000,0.01578000,2971560.10000000,1755723599999999,46849.14731600,357,1530212.30000000,24134.73496800,0
1755723600000000,0.01579000,0.01582000,0.01572000,0.01578000,1570232.90000000,1755727199999999,24776.51390500,215,534107.90000000,8426.38453600,0
1755727200000000,0.01578000,0.01584000,0.01577000,0.01583000,1042582.50000000,1755730799999999,16490.81207300,210,461949.40000000,7309.56307400,0
1755730800000000,0.01583000,0.01583000,0.01573000,0.01575000,1103753.70000000,1755734399999999,17422.19690200,109,411243.50000000,6487.41010900,0
1755734400000000,0.01576000,0.01576000,0.01569000,0.01572000,2000113.90000000,1755737999999999,31452.65467300,203,1186204.40000000,18660.50778200,0
1755738000000000,0.01571000,0.01576000,0.01562000,0.01575000,6381318.60000000,1755741599999999,100048.89243300,898,1876309.40000000,29430.01010800,0
1755741600000000,0.01576000,0.01580000,0.01562000,0.01568000,3965633.30000000,1755745199999999,62101.31440600,276,2501533.00000000,39169.27373700,0
1755745200000000,0.01569000,0.01585000,0.01567000,0.01569000,6024694.40000000,1755748799999999,94838.94032200,500,2856065.10000000,44891.47823200,0
1755748800000000,0.01569000,0.01572000,0.01565000,0.01567000,2269901.90000000,1755752399999999,35576.30038500,198,331116.90000000,5191.62500100,0
1755752400000000,0.01566000,0.01569000,0.01562000,0.01568000,1952503.60000000,1755755999999999,30542.97676100,199,738549.00000000,11560.00658100,0
1755756000000000,0.01568000,0.01568000,0.01553000,0.01554000,1990805.60000000,1755759599999999,31013.97977500,215,786768.40000000,12246.91617900,0
1755759600000000,0.01553000,0.01559000,0.01547000,0.01557000,2568433.80000000,1755763199999999,39913.67724600,364,1767604.70000000,27464.43043400,0
1755763200000000,0.01557000,0.01558000,0.01546000,0.01548000,1128741.10000000,1755766799999999,17524.54718900,292,522790.70000000,8115.99187200,0
1755766800000000,0.01546000,0.01546000,0.01535000,0.01539000,3469483.70000000,1755770399999999,53484.95843300,515,2586711.30000000,39888.95390800,0
1755770400000000,0.01538000,0.01546000,0.01535000,0.01542000,2303801.70000000,1755773999999999,35471.80038700,376,1552995.70000000,23919.33487200,0
1755774000000000,0.01542000,0.01549000,0.01534000,0.01541000,3359308.60000000,1755777599999999,51720.47220000,614,1259954.00000000,19420.90827000,0
1755777600000000,0.01541000,0.01542000,0.01527000,0.01534000,2329485.00000000,1755781199999999,35805.63575400,571,1571258.20000000,24147.15254000,0
1755781200000000,0.01533000,0.01549000,0.01531000,0.01535000,5091040.80000000,1755784799999999,78403.78209500,545,2686104.30000000,41379.54150100,0
1755784800000000,0.01534000,0.01551000,0.01525000,0.01529000,2762180.30000000,1755788399999999,42393.20476300,389,1302884.90000000,20007.55827200,0
1755788400000000,0.01530000,0.01533000,0.01520000,0.01522000,4023827.90000000,1755791999999999,61452.84738900,444,2067468.50000000,31575.53330500,0
1755792000000000,0.01521000,0.01531000,0.01516000,0.01517000,2886663.70000000,1755795599999999,43954.67419100,264,1389362.60000000,21159.35824000,0
1755795600000000,0.01517000,0.01526000,0.01514000,0.01525000,1122861.10000000,1755799199999999,17053.32395900,188,561404.00000000,8521.64781000,0
1755799200000000,0.01524000,0.01535000,0.01522000,0.01535000,349968.80000000,1755802799999999,5344.08444900,102,174098.60000000,2658.33594300,0
1755802800000000,0.01533000,0.01535000,0.01517000,0.01518000,1206044.90000000,1755806399999999,18376.79058200,211,460268.60000000,7000.43717200,0
1755806400000000,0.01519000,0.01530000,0.01512000,0.01524000,1381250.60000000,1755809999999999,20977.52883100,289,812435.80000000,12337.18440400,0
1755810000000000,0.01525000,0.01533000,0.01520000,0.01532000,1852031.70000000,1755813599999999,28281.61709900,158,778356.10000000,11897.13884700,0
1755813600000000,0.01530000,0.01537000,0.01530000,0.01534000,495764.00000000,1755817199999999,7607.75140600,84,143792.70000000,2207.17461500,0
1755817200000000,0.01535000,0.01535000,0.01523000,0.01528000,1203404.30000000,1755820799999999,18398.23450500,158,600955.00000000,9193.70022900,0
1755820800000000,0.01528000,0.01533000,0.01519000,0.01521000,1499703.60000000,1755824399999999,22912.94271800,204,585489.50000000,8952.13390800,0
1755824400000000,0.01522000,0.01526000,0.01513000,0.01526000,762153.60000000,1755827999999999,11593.75576300,128,184170.10000000,2804.06361100,0
1755828000000000,0.01526000,0.01538000,0.01525000,0.01527000,2344182.90000000,1755831599999999,35883.64250900,255,839481.30000000,12855.71255200,0
1755831600000000,0.01526000,0.01532000,0.01515000,0.01517000,1803067.40000000,1755835199999999,27437.69209100,251,889127.80000000,13516.01641300,0
1755835200000000,0.01517000,0.01526000,0.01513000,0.01517000,1614706.40000000,1755838799999999,24548.50796900,308,1225633.10000000,18633.91195000,0
1755838800000000,0.01517000,0.01522000,0.01512000,0.01520000,1454486.60000000,1755842399999999,22076.23116400,294,585050.80000000,8877.44972500,0
1755842400000000,0.01521000,0.01527000,0.01509000,0.01511000,3470849.30000000,1755845999999999,52676.54581200,380,1018080.80000000,15447.88154400,0
1755846000000000,0.01511000,0.01523000,0.01510000,0.01519000,2026765.30000000,1755849599999999,30793.27413700,489,1037522.80000000,15766.20249500,0
1755849600000000,0.01518000,0.01524000,0.01515000,0.01515000,1728468.20000000,1755853199999999,26256.96128900,342,897066.70000000,13628.30276600,0
1755853200000000,0.01515000,0.01520000,0.01508000,0.01517000,3790263.20000000,1755856799999999,57365.15289200,360,2363686.60000000,35780.21194200,0
1755856800000000,0.01516000,0.01518000,0.01505000,0.01507000,942921.00000000,1755860399999999,14239.23525000,250,575844.90000000,8697.21826500,0
1755860400000000,0.01507000,0.01507000,0.01495000,0.01495000,2728980.90000000,1755863999999999,40923.09149200,388,1190057.50000000,17842.05123700,0
1755864000000000,0.01495000,0.01495000,0.01461000,0.01476000,6738720.90000000,1755867599999999,99449.08917800,1026,3458172.70000000,51032.26708600,0
1755867600000000,0.01475000,0.01499000,0.01471000,0.01486000,5746066.30000000,1755871199999999,85207.91632600,870,2582580.70000000,38333.91956600,0
1755871200000000,0.01487000,0.01560000,0.01487000,0.01559000,33790253.40000000,1755874799999999,516543.89061000,3230,16354739.70000000,249843.82835000,0
1755874800000000,0.01559000,0.01587000,0.01559000,0.01576000,10203830.90000000,1755878399999999,160972.18231300,1302,4333459.60000000,68387.99904800,0
1755878400000000,0.01576000,0.01603000,0.01576000,0.01598000,10590075.60000000,1755881999999999,168915.01516700,1878,4034508.80000000,64335.58311300,0
1755882000000000,0.01599000,0.01615000,0.01599000,0.01609000,11382760.70000000,1755885599999999,183185.43106300,2084,4878707.50000000,78509.01816700,0
1755885600000000,0.01610000,0.01619000,0.01607000,0.01611000,2798876.00000000,1755889199999999,45140.94831900,928,1146637.30000000,18501.77820900,0
1755889200000000,0.01611000,0.01619000,0.01610000,0.01616000,3573409.60000000,1755892799999999,57743.98517500,1202,1086582.70000000,17560.99425000,0
1755892800000000,0.01617000,0.01622000,0.01616000,0.01622000,1707316.90000000,1755896399999999,27641.92831300,537,668774.50000000,10833.45165800,0
1755896400000000,0.01623000,0.01632000,0.01622000,0.01630000,4799382.90000000,1755899999999999,78130.40024100,820,2348400.80000000,38228.33868100,0
1755900000000000,0.01629000,0.01632000,0.01621000,0.01621000,3186597.10000000,1755903599999999,51822.60076000,414,1594212.20000000,25937.39091700,0
1755903600000000,0.01623000,0.01636000,0.01623000,0.01631000,3202045.60000000,1755907199999999,52152.07846800,343,1531321.40000000,24928.29644900,0
1755907200000000,0.01632000,0.01642000,0.01632000,0.01640000,4793061.40000000,1755910799999999,78464.24429700,430,2103444.50000000,34443.48035900,0
1755910800000000,0.01640000,0.01640000,0.01608000,0.01618000,2883933.10000000,1755914399999999,46620.83966200,530,1250955.60000000,20217.26272200,0
1755914400000000,0.01618000,0.01620000,0.01587000,0.01603000,3129951.30000000,1755917999999999,50029.34659800,331,1059608.60000000,16941.94170900,0
1755918000000000,0.01602000,0.01608000,0.01597000,0.01603000,1539712.10000000,1755921599999999,24664.31889600,230,916464.30000000,14677.36966100,0
1755921600000000,0.01602000,0.01621000,0.01602000,0.01621000,1498016.80000000,1755925199999999,24139.52748700,353,594175.40000000,9579.22190900,0
1755925200000000,0.01622000,0.01634000,0.01619000,0.01634000,3258727.10000000,1755928799999999,53047.11901100,890,1548509.70000000,25202.18333500,0
1755928800000000,0.01634000,0.01639000,0.01626000,0.01628000,2287372.10000000,1755932399999999,37337.04531400,609,1019499.10000000,16647.04585400,0
1755932400000000,0.01628000,0.01632000,0.01613000,0.01614000,1882352.90000000,1755935999999999,30579.44422400,480,1006365.30000000,16354.82547000,0
1755936000000000,0.01615000,0.01623000,0.01609000,0.01618000,1533409.30000000,1755939599999999,24795.65768300,306,731133.90000000,11818.71700600,0
1755939600000000,0.01621000,0.01622000,0.01612000,0.01621000,2638632.80000000,1755943199999999,42651.76215300,381,1337489.40000000,21630.93563000,0
1755943200000000,0.01621000,0.01622000,0.01611000,0.01612000,2463740.30000000,1755946799999999,39838.34962900,509,1296512.50000000,20990.32335800,0
1755946800000000,0.01613000,0.01619000,0.01610000,0.01613000,3879801.00000000,1755950399999999,62684.57810400,615,2550009.70000000,41223.77878700,0
1755950400000000,0.01614000,0.01622000,0.01606000,0.01609000,1915175.50000000,1755953999999999,30904.06743300,699,1336612.00000000,21566.16205000,0
1755954000000000,0.01609000,0.01611000,0.01603000,0.01606000,1175279.20000000,1755957599999999,18896.65421700,271,541646.50000000,8711.16318600,0
1755957600000000,0.01606000,0.01615000,0.01603000,0.01603000,1711643.10000000,1755961199999999,27518.09364800,224,784933.50000000,12625.38151900,0
1755961200000000,0.01604000,0.01609000,0.01600000,0.01605000,1839693.80000000,1755964799999999,29521.94818800,563,702539.60000000,11274.60892800,0
1755964800000000,0.01606000,0.01610000,0.01603000,0.01608000,1567500.70000000,1755968399999999,25172.64370200,286,501397.50000000,8051.54479200,0
1755968400000000,0.01610000,0.01615000,0.01610000,0.01611000,1260351.30000000,1755971999999999,20321.16534900,178,758630.90000000,12231.99057800,0
1755972000000000,0.01611000,0.01615000,0.01610000,0.01615000,980231.90000000,1755975599999999,15801.32917300,159,595771.00000000,9602.73027900,0
1755975600000000,0.01615000,0.01625000,0.01613000,0.01624000,2437605.30000000,1755979199999999,39431.36600500,240,1191457.10000000,19309.33558300,0
1755979200000000,0.01624000,0.01628000,0.01620000,0.01626000,3558328.80000000,1755982799999999,57817.22394100,376,1226716.80000000,19941.08383300,0
1755982800000000,0.01626000,0.01627000,0.01615000,0.01619000,994559.60000000,1755986399999999,16116.41318900,262,304549.80000000,4932.53938500,0
1755986400000000,0.01619000,0.01625000,0.01618000,0.01625000,2326003.80000000,1755989999999999,37679.57569200,283,1046276.20000000,16959.98536900,0
1755990000000000,0.01625000,0.01629000,0.01623000,0.01624000,3771173.00000000,1755993599999999,61316.10483200,435,757375.60000000,12323.61933700,0
1755993600000000,0.01625000,0.01631000,0.01624000,0.01626000,1408506.20000000,1755997199999999,22899.09320400,268,536759.20000000,8728.76411500,0
1755997200000000,0.01625000,0.01625000,0.01613000,0.01614000,1819178.70000000,1756000799999999,29423.54461400,484,872662.50000000,14109.34669100,0
1756000800000000,0.01614000,0.01619000,0.01606000,0.01608000,2276675.20000000,1756004399999999,36703.89613600,364,734947.50000000,11852.74867600,0
1756004400000000,0.01608000,0.01608000,0.01601000,0.01606000,4829973.90000000,1756007999999999,77457.95212700,463,1628710.50000000,26141.30992200,0
1756008000000000,0.01606000,0.01607000,0.01600000,0.01604000,620569.30000000,1756011599999999,9946.72410900,214,254493.20000000,4079.61013700,0
1756011600000000,0.01605000,0.01605000,0.01595000,0.01599000,3167889.80000000,1756015199999999,50673.64819000,458,1020169.10000000,16315.07717500,0
1756015200000000,0.01598000,0.01598000,0.01578000,0.01580000,3444527.00000000,1756018799999999,54664.90810200,719,1016666.00000000,16142.66410900,0
1756018800000000,0.01580000,0.01590000,0.01579000,0.01581000,4061407.00000000,1756022399999999,64291.08874500,368,2791728.60000000,44188.99433400,0
1756022400000000,0.01581000,0.01590000,0.01578000,0.01586000,1593407.60000000,1756025999999999,25258.55452300,221,833802.30000000,13204.81260600,0
1756026000000000,0.01585000,0.01588000,0.01580000,0.01584000,1280292.60000000,1756029599999999,20289.11427400,285,572113.70000000,9065.37585200,0
1756029600000000,0.01583000,0.01585000,0.01566000,0.01569000,3441073.50000000,1756033199999999,54084.49046700,505,1474290.60000000,23144.50939300,0
1756033200000000,0.01567000,0.01574000,0.01562000,0.01569000,1993625.20000000,1756036799999999,31279.91508500,375,1063511.00000000,16694.34718200,0
1756036800000000,0.01569000,0.01574000,0.01567000,0.01574000,794645.60000000,1756040399999999,12477.24202000,233,384709.70000000,6044.07865000,0
1756040400000000,0.01574000,0.01586000,0.01574000,0.01581000,3582455.30000000,1756043999999999,56647.19871300,432,2195976.00000000,34736.26310000,0
1756044000000000,0.01580000,0.01582000,0.01573000,0.01580000,2040469.00000000,1756047599999999,32188.55886900,299,740477.30000000,11681.74873800,0
1756047600000000,0.01580000,0.01593000,0.01576000,0.01580000,4125061.40000000,1756051199999999,65315.36497700,624,1616751.30000000,25642.99145000,0
1756051200000000,0.01580000,0.01584000,0.01573000,0.01581000,6280069.30000000,1756054799999999,99216.30860900,586,5257557.00000000,83074.48426200,0
1756054800000000,0.01580000,0.01607000,0.01579000,0.01601000,7146432.30000000,1756058399999999,113623.41885200,1384,4625051.50000000,73443.63930800,0
1756058400000000,0.01602000,0.01633000,0.01600000,0.01626000,22737500.00000000,1756061999999999,369311.21501600,2321,13649077.30000000,221639.38041100,0
1756062000000000,0.01626000,0.01641000,0.01569000,0.01595000,28599678.10000000,1756065599999999,458077.25542200,6246,13761376.60000000,220145.63210700,0
1756065600000000,0.01596000,0.01600000,0.01562000,0.01587000,11289606.00000000,1756069199999999,178598.77545500,2722,5125067.30000000,81040.17868400,0
1756069200000000,0.01589000,0.01594000,0.01578000,0.01581000,2177916.80000000,1756072799999999,34490.65887600,659,990522.90000000,15677.17000900,0
1756072800000000,0.01581000,0.01583000,0.01561000,0.01579000,1808021.30000000,1756076399999999,28454.38707800,466,667345.40000000,10485.20927100,0
1756076400000000,0.01579000,0.01586000,0.01576000,0.01577000,2907321.80000000,1756079999999999,45988.96149400,548,1297158.40000000,20526.69940400,0
1756080000000000,0.01577000,0.01585000,0.01552000,0.01565000,4573574.40000000,1756083599999999,71625.41504700,782,1999459.50000000,31292.04698200,0
1756083600000000,0.01565000,0.01584000,0.01565000,0.01579000,3000837.40000000,1756087199999999,47228.90398500,442,1129575.50000000,17792.95704400,0
1756087200000000,0.01579000,0.01598000,0.01579000,0.01595000,1921775.60000000,1756090799999999,30590.01070200,261,1108468.70000000,17650.00479600,0
1756090800000000,0.01595000,0.01598000,0.01587000,0.01588000,1890203.90000000,1756094399999999,30105.23501000,199,756202.60000000,12048.54122900,0
1756094400000000,0.01591000,0.01594000,0.01576000,0.01576000,1536779.70000000,1756097999999999,24392.95902100,247,460911.20000000,7316.57253900,0
1756098000000000,0.01576000,0.01578000,0.01558000,0.01558000,2446511.50000000,1756101599999999,38364.08894000,339,1252632.70000000,19639.33745300,0
1756101600000000,0.01557000,0.01558000,0.01535000,0.01537000,3129232.80000000,1756105199999999,48511.52432600,435,1497593.10000000,23233.05464000,0
1756105200000000,0.01536000,0.01542000,0.01514000,0.01517000,4247591.00000000,1756108799999999,64990.10553500,470,2090901.90000000,32005.40925900,0
1756108800000000,0.01518000,0.01550000,0.01509000,0.01520000,25658210.90000000,1756112399999999,392666.35133700,2407,15949438.00000000,244075.54551800,0
1756112400000000,0.01520000,0.01526000,0.01515000,0.01523000,2510320.10000000,1756115999999999,38167.32594100,254,1849333.80000000,28119.22769000,0
1756116000000000,0.01521000,0.01521000,0.01503000,0.01509000,4233046.50000000,1756119599999999,63945.04463200,585,2829850.20000000,42757.84971800,0
1756119600000000,0.01509000,0.01520000,0.01508000,0.01518000,1771187.00000000,1756123199999999,26791.14782000,141,1049797.90000000,15867.72486700,0
1756123200000000,0.01520000,0.01525000,0.01515000,0.01523000,2494780.40000000,1756126799999999,37925.04280500,261,1288276.70000000,19586.60018700,0
1756126800000000,0.01525000,0.01528000,0.01507000,0.01516000,3978412.10000000,1756130399999999,60380.43333500,722,2084329.50000000,31647.84871400,0
1756130400000000,0.01517000,0.01528000,0.01514000,0.01522000,2337399.80000000,1756133999999999,35567.40917500,416,1146750.40000000,17448.12659600,0
1756134000000000,0.01521000,0.01524000,0.01502000,0.01506000,1855490.90000000,1756137599999999,28072.73098400,288,811028.30000000,12300.26502800,0
1756137600000000,0.01505000,0.01515000,0.01500000,0.01503000,3934704.10000000,1756141199999999,59347.51866800,456,2495243.90000000,37652.71555900,0
1756141200000000,0.01503000,0.01504000,0.01493000,0.01496000,5844985.40000000,1756144799999999,87570.04589400,1230,3905388.40000000,58509.30162300,0
1756144800000000,0.01497000,0.01501000,0.01493000,0.01500000,2807205.50000000,1756148399999999,42035.92557900,498,1332347.00000000,19952.70653600,0
1756148400000000,0.01500000,0.01504000,0.01473000,0.01476000,18006358.50000000,1756151999999999,268756.42118800,1920,5260083.30000000,78357.04311200,0
1756152000000000,0.01476000,0.01479000,0.01436000,0.01442000,23709103.90000000,1756155599999999,344737.74968700,4099,12606383.20000000,183168.47526200,0
1756155600000000,0.01441000,0.01450000,0.01435000,0.01440000,9600374.10000000,1756159199999999,138379.22910500,1915,5656002.90000000,81537.60955900,0
1756159200000000,0.01439000,0.01460000,0.01438000,0.01456000,3101317.80000000,1756162799999999,44842.53183600,736,1831137.20000000,26477.48573300,0
1756162800000000,0.01456000,0.01464000,0.01453000,0.01462000,1870701.70000000,1756166399999999,27275.01230400,494,1386996.00000000,20223.19983300,0
1756166400000000,0.01462000,0.01464000,0.01448000,0.01452000,9839582.40000000,1756169999999999,143233.13090600,1918,4963747.00000000,72280.53834400,0
1756170000000000,0.01454000,0.01475000,0.01449000,0.01471000,5018079.00000000,1756173599999999,73463.18828700,630,2368483.60000000,34688.08786100,0
1756173600000000,0.01471000,0.01479000,0.01470000,0.01475000,2279956.90000000,1756177199999999,33614.14164000,344,1042274.10000000,15373.43211200,0
1756177200000000,0.01475000,0.01482000,0.01472000,0.01477000,1410658.50000000,1756180799999999,20838.92351400,360,554662.90000000,8201.08522800,0
1756180800000000,0.01477000,0.01484000,0.01477000,0.01483000,1317764.40000000,1756184399999999,19524.20931400,229,821088.90000000,12168.21456400,0
1756184400000000,0.01483000,0.01490000,0.01481000,0.01486000,2110266.70000000,1756187999999999,31338.56107200,543,1156721.20000000,17180.99662900,0
1756188000000000,0.01485000,0.01492000,0.01477000,0.01480000,2063513.70000000,1756191599999999,30618.42825900,418,878326.10000000,13052.34218200,0
1756191600000000,0.01480000,0.01498000,0.01477000,0.01492000,2806083.40000000,1756195199999999,41808.84345400,393,1140038.60000000,16993.93892500,0
1756195200000000,0.01491000,0.01494000,0.01486000,0.01488000,1688686.50000000,1756198799999999,25156.65436900,249,466091.40000000,6949.02587700,0
1756198800000000,0.01488000,0.01489000,0.01483000,0.01488000,2091941.00000000,1756202399999999,31098.14194900,351,1080576.10000000,16066.87746600,0
1756202400000000,0.01487000,0.01499000,0.01487000,0.01491000,4634724.40000000,1756205999999999,69164.86083100,1042,2857934.50000000,42648.53613200,0
1756206000000000,0.01492000,0.01494000,0.01479000,0.01484000,1327287.20000000,1756209599999999,19712.35014300,373,776783.00000000,11543.25919000,0
1756209600000000,0.01485000,0.01515000,0.01479000,0.01507000,6175057.70000000,1756213199999999,92685.98142700,1398,3488596.80000000,52321.25091700,0
1756213200000000,0.01505000,0.01510000,0.01485000,0.01500000,6338332.40000000,1756216799999999,95057.32772500,758,3341919.00000000,50133.57952500,0
1756216800000000,0.01501000,0.01517000,0.01493000,0.01513000,6198375.60000000,1756220399999999,93147.88731000,798,3179929.50000000,47818.36855900,0
1756220400000000,0.01514000,0.01519000,0.01505000,0.01509000,4627489.40000000,1756223999999999,69986.65372800,587,2031189.30000000,30715.18601900,0
1756224000000000,0.01510000,0.01527000,0.01509000,0.01527000,6080673.80000000,1756227599999999,92434.67948900,766,3565257.30000000,54198.78389700,0
1756227600000000,0.01527000,0.01537000,0.01521000,0.01528000,5784417.20000000,1756231199999999,88457.70754600,797,2951606.30000000,45158.68755600,0
1756231200000000,0.01528000,0.01535000,0.01527000,0.01529000,4025677.70000000,1756234799999999,61649.75626600,427,2019026.30000000,30920.47879900,0
1756234800000000,0.01528000,0.01543000,0.01525000,0.01542000,2562787.80000000,1756238399999999,39297.53683300,467,1437432.20000000,22048.18315600,0
1756238400000000,0.01539000,0.01547000,0.01536000,0.01541000,2498977.60000000,1756241999999999,38537.57932800,478,1436829.40000000,22160.92940100,0
1756242000000000,0.01541000,0.01544000,0.01534000,0.01544000,2124084.60000000,1756245599999999,32660.58745600,286,1014475.90000000,15613.49961000,0
1756245600000000,0.01543000,0.01543000,0.01534000,0.01537000,1164745.40000000,1756249199999999,17915.76335500,251,541318.20000000,8326.53121900,0
1756249200000000,0.01537000,0.01543000,0.01532000,0.01534000,880702.30000000,1756252799999999,13540.28187500,139,353777.00000000,5444.53951500,0
1756252800000000,0.01534000,0.01534000,0.01522000,0.01522000,1535558.60000000,1756256399999999,23499.42503400,160,490376.30000000,7512.86200700,0
1756256400000000,0.01522000,0.01522000,0.01514000,0.01521000,2758952.80000000,1756259999999999,41869.85517500,231,1608801.90000000,24426.09418800,0
1756260000000000,0.01521000,0.01529000,0.01513000,0.01525000,3271842.20000000,1756263599999999,49698.72445000,403,1977154.30000000,30040.55121800,0
1756263600000000,0.01525000,0.01536000,0.01517000,0.01529000,1348294.20000000,1756267199999999,20549.48500000,239,666857.00000000,10165.17867900,0
1756267200000000,0.01529000,0.01544000,0.01528000,0.01544000,1428756.50000000,1756270799999999,21986.68378800,284,894478.60000000,13766.76345700,0
1756270800000000,0.01543000,0.01545000,0.01532000,0.01532000,5976657.50000000,1756274399999999,92056.96776000,501,2299117.80000000,35407.24601400,0
1756274400000000,0.01533000,0.01538000,0.01529000,0.01531000,934086.50000000,1756277999999999,14322.62453400,110,501272.50000000,7681.64638900,0
1756278000000000,0.01531000,0.01531000,0.01519000,0.01520000,966379.20000000,1756281599999999,14709.95889200,118,290112.60000000,4415.11333400,0
1756281600000000,0.01521000,0.01523000,0.01515000,0.01523000,1043888.00000000,1756285199999999,15868.23150900,119,575449.50000000,8745.90025100,0
1756285200000000,0.01523000,0.01528000,0.01522000,0.01523000,567555.00000000,1756288799999999,8655.37519200,100,126392.00000000,1928.48491800,0
1756288800000000,0.01523000,0.01527000,0.01520000,0.01521000,637931.30000000,1756292399999999,9715.06996700,111,231208.90000000,3521.79649100,0
1756292400000000,0.01521000,0.01524000,0.01519000,0.01523000,638427.90000000,1756295999999999,9716.60290800,148,174519.50000000,2655.52485300,0
1756296000000000,0.01523000,0.01526000,0.01514000,0.01521000,1660973.90000000,1756299599999999,25242.51459300,181,616960.10000000,9376.48081100,0
1756299600000000,0.01521000,0.01533000,0.01510000,0.01518000,6243243.20000000,1756303199999999,94975.96393700,495,3182275.30000000,48329.23238100,0
1756303200000000,0.01520000,0.01543000,0.01515000,0.01533000,8429408.00000000,1756306799999999,129232.25083800,824,3648941.00000000,55958.94854800,0
1756306800000000,0.01534000,0.01542000,0.01533000,0.01541000,2798975.70000000,1756310399999999,43033.29046900,405,1292708.30000000,19878.77460500,0
1756310400000000,0.01542000,0.01543000,0.01528000,0.01538000,2974302.30000000,1756313999999999,45713.20000900,475,1418562.60000000,21811.55772200,0
1756314000000000,0.01538000,0.01545000,0.01531000,0.01545000,1643572.40000000,1756317599999999,25313.38624300,167,507286.10000000,7794.26669300,0
1756317600000000,0.01544000,0.01547000,0.01536000,0.01536000,6480359.50000000,1756321199999999,99899.99059900,399,3562421.70000000,54878.65191500,0
1756321200000000,0.01538000,0.01539000,0.01518000,0.01526000,4771339.00000000,1756324799999999,72844.55422100,407,1755466.10000000,26791.13266700,0
1756324800000000,0.01526000,0.01541000,0.01510000,0.01540000,21210909.40000000,1756328399999999,324320.28713400,2120,9074896.70000000,138664.37419700,0
1756328400000000,0.01540000,0.01546000,0.01531000,0.01532000,8505925.00000000,1756331999999999,130718.92054000,432,4396913.90000000,67597.21814500,0
1756332000000000,0.01532000,0.01532000,0.01518000,0.01529000,4180744.20000000,1756335599999999,63731.97726700,462,2601361.60000000,39636.65046500,0
1756335600000000,0.01528000,0.01532000,0.01520000,0.01521000,3177417.60000000,1756339199999999,48413.64173700,293,642822.30000000,9811.52835200,0
1756339200000000,0.01523000,0.01532000,0.01514000,0.01524000,4320021.30000000,1756342799999999,65722.79555100,401,1737835.40000000,26446.84841700,0
1756342800000000,0.01525000,0.01539000,0.01523000,0.01538000,2666116.90000000,1756346399999999,40808.96369800,311,1399071.80000000,21412.68806000,0
1756346400000000,0.01537000,0.01545000,0.01534000,0.01538000,2007092.00000000,1756349999999999,30895.35898900,241,820489.70000000,12628.99145800,0
1756350000000000,0.01539000,0.01552000,0.01536000,0.01551000,2527575.90000000,1756353599999999,39078.36824500,279,1703764.40000000,26343.13860200,0
1756353600000000,0.01551000,0.01562000,0.01548000,0.01562000,2448489.60000000,1756357199999999,38056.48454400,293,1019592.20000000,15854.44442500,0
1756357200000000,0.01562000,0.01566000,0.01555000,0.01560000,2743678.10000000,1756360799999999,42805.71969800,325,970566.50000000,15145.73356500,0
1756360800000000,0.01559000,0.01560000,0.01555000,0.01558000,2071978.60000000,1756364399999999,32284.87609100,144,555534.60000000,8655.80033700,0
1756364400000000,0.01558000,0.01561000,0.01551000,0.01558000,2132428.60000000,1756367999999999,33139.40265300,258,582045.10000000,9055.70707000,0
1756368000000000,0.01557000,0.01569000,0.01557000,0.01561000,2834152.60000000,1756371599999999,44313.09585800,305,1588788.90000000,24838.93876600,0
1756371600000000,0.01562000,0.01562000,0.01549000,0.01552000,5674241.40000000,1756375199999999,88233.55207700,528,2475400.40000000,38500.58573300,0
1756375200000000,0.01553000,0.01561000,0.01551000,0.01560000,1563121.30000000,1756378799999999,24307.66930600,206,516221.60000000,8037.24249000,0
1756378800000000,0.01562000,0.01562000,0.01553000,0.01560000,4353689.20000000,1756382399999999,67831.27505200,400,2352061.30000000,36648.56003000,0
1756382400000000,0.01561000,0.01567000,0.01559000,0.01562000,1184740.00000000,1756385999999999,18517.85942700,259,570590.60000000,8915.27110200,0
1756386000000000,0.01562000,0.01571000,0.01561000,0.01568000,7885954.40000000,1756389599999999,123522.53306700,747,2941057.50000000,46064.32541300,0
1756389600000000,0.01570000,0.01588000,0.01570000,0.01586000,9317459.90000000,1756393199999999,147008.60609900,827,4418584.90000000,69705.70467200,0
1756393200000000,0.01586000,0.01596000,0.01573000,0.01575000,6894925.10000000,1756396799999999,109334.91722800,768,3828166.40000000,60758.80700600,0
1756396800000000,0.01576000,0.01581000,0.01552000,0.01554000,2231159.80000000,1756400399999999,35014.13194000,366,1014772.80000000,15978.75604500,0
1756400400000000,0.01552000,0.01565000,0.01551000,0.01560000,1779096.50000000,1756403999999999,27744.51990600,251,966505.70000000,15073.99698200,0
1756404000000000,0.01560000,0.01568000,0.01557000,0.01565000,1303428.40000000,1756407599999999,20378.83146200,149,655701.40000000,10252.87891600,0
1756407600000000,0.01566000,0.01571000,0.01551000,0.01551000,1774751.80000000,1756411199999999,27785.74714000,211,1049945.90000000,16464.42233100,0
1756411200000000,0.01550000,0.01557000,0.01547000,0.01552000,2314085.00000000,1756414799999999,35914.35481700,314,1007027.50000000,15642.44703800,0
1756414800000000,0.01552000,0.01565000,0.01552000,0.01564000,1691245.70000000,1756418399999999,26357.15697100,207,1010875.60000000,15751.23835100,0
1756418400000000,0.01565000,0.01579000,0.01565000,0.01576000,3669876.40000000,1756421999999999,57788.32068500,221,2295756.00000000,36145.80076200,0
1756422000000000,0.01577000,0.01586000,0.01575000,0.01586000,6062546.30000000,1756425599999999,95695.05457000,401,3047554.10000000,48129.09418000,0
1756425600000000,0.01587000,0.01595000,0.01576000,0.01580000,7350434.70000000,1756429199999999,116579.85934300,407,2852323.10000000,45237.74589800,0
1756429200000000,0.01581000,0.01581000,0.01561000,0.01563000,3987103.00000000,1756432799999999,62534.56743800,662,1783175.50000000,27953.00337300,0
1756432800000000,0.01562000,0.01579000,0.01559000,0.01573000,1557991.00000000,1756436399999999,24437.71644200,189,780528.20000000,12255.34043900,0
1756436400000000,0.01574000,0.01575000,0.01568000,0.01572000,864787.50000000,1756439999999999,13598.58876600,222,433781.50000000,6822.04445700,0
1756440000000000,0.01570000,0.01577000,0.01561000,0.01564000,1517000.90000000,1756443599999999,23803.79595900,275,934293.40000000,14656.23605400,0
1756443600000000,0.01565000,0.01573000,0.01563000,0.01568000,2023294.80000000,1756447199999999,31680.61898400,211,1092887.70000000,17109.10782400,0
1756447200000000,0.01570000,0.01570000,0.01548000,0.01554000,3257544.70000000,1756450799999999,50654.09618800,374,1462802.80000000,22736.59622900,0
1756450800000000,0.01554000,0.01554000,0.01526000,0.01532000,10353868.50000000,1756454399999999,159342.44380700,1073,4863237.90000000,74961.17397700,0
1756454400000000,0.01530000,0.01534000,0.01512000,0.01514000,4866409.80000000,1756457999999999,73945.22357800,512,2928393.60000000,44474.45111000,0
1756458000000000,0.01513000,0.01522000,0.01502000,0.01521000,3040362.30000000,1756461599999999,45939.18389700,340,1752921.80000000,26500.32146000,0
1756461600000000,0.01520000,0.01529000,0.01520000,0.01526000,2281759.40000000,1756465199999999,34802.80147100,199,944116.10000000,14399.65656600,0
1756465200000000,0.01526000,0.01534000,0.01523000,0.01525000,2915681.70000000,1756468799999999,44497.52073400,183,1162485.60000000,17744.39294500,0
1756468800000000,0.01525000,0.01560000,0.01525000,0.01539000,8131289.20000000,1756472399999999,125534.85382900,1686,3816189.80000000,58906.78877800,0
1756472400000000,0.01541000,0.01541000,0.01510000,0.01516000,4839210.40000000,1756475999999999,73747.29467600,571,2610130.40000000,39751.78836600,0
1756476000000000,0.01521000,0.01529000,0.01500000,0.01514000,8731600.20000000,1756479599999999,132120.84617600,1396,4080559.30000000,61722.77201900,0
1756479600000000,0.01514000,0.01522000,0.01504000,0.01509000,1736787.00000000,1756483199999999,26299.34118700,143,973761.60000000,14753.11922500,0
1756483200000000,0.01508000,0.01512000,0.01500000,0.01506000,1641710.30000000,1756486799999999,24725.05987700,152,645639.20000000,9718.86552000,0
1756486800000000,0.01505000,0.01505000,0.01490000,0.01496000,2800512.70000000,1756490399999999,41922.09437400,248,1229582.30000000,18414.56182900,0
1756490400000000,0.01492000,0.01496000,0.01487000,0.01489000,1160076.80000000,1756493999999999,17300.49257500,188,634146.80000000,9463.08340500,0
1756494000000000,0.01489000,0.01508000,0.01487000,0.01503000,1940436.40000000,1756497599999999,29055.66366200,474,1270821.80000000,19028.12967400,0
1756497600000000,0.01504000,0.01504000,0.01494000,0.01496000,1221545.40000000,1756501199999999,18292.64461100,189,348646.50000000,5218.22752300,0
1756501200000000,0.01494000,0.01513000,0.01490000,0.01511000,1047387.40000000,1756504799999999,15705.18630200,106,659918.70000000,9898.45693700,0
1756504800000000,0.01513000,0.01520000,0.01508000,0.01518000,1300468.90000000,1756508399999999,19689.21741900,149,693986.40000000,10509.97908000,0
1756508400000000,0.01518000,0.01518000,0.01512000,0.01512000,1540627.50000000,1756511999999999,23326.17098600,247,651539.40000000,9871.44022200,0
1756512000000000,0.01512000,0.01513000,0.01505000,0.01511000,2293712.30000000,1756515599999999,34614.82507700,478,869624.50000000,13117.90478000,0
1756515600000000,0.01511000,0.01513000,0.01483000,0.01486000,10765451.50000000,1756519199999999,160812.56085000,886,5016572.80000000,74992.81382900,0
1756519200000000,0.01487000,0.01510000,0.01487000,0.01508000,1935884.20000000,1756522799999999,29004.81342300,250,1042226.30000000,15609.49489900,0
1756522800000000,0.01509000,0.01529000,0.01509000,0.01523000,965507.20000000,1756526399999999,14715.04448300,173,512518.10000000,7814.06406000,0
1756526400000000,0.01523000,0.01527000,0.01517000,0.01519000,1094330.50000000,1756529999999999,16676.37013800,118,698662.10000000,10651.14847900,0
1756530000000000,0.01519000,0.01525000,0.01518000,0.01521000,1064992.20000000,1756533599999999,16209.45151700,121,404218.10000000,6151.53814900,0
1756533600000000,0.01522000,0.01524000,0.01518000,0.01521000,359815.80000000,1756537199999999,5475.28903500,86,286117.10000000,4354.09121700,0
1756537200000000,0.01521000,0.01528000,0.01521000,0.01527000,358537.30000000,1756540799999999,5463.99747400,118,112896.10000000,1720.82893400,0
1756540800000000,0.01527000,0.01527000,0.01521000,0.01521000,523516.60000000,1756544399999999,7980.12793900,173,98301.30000000,1498.28515400,0
1756544400000000,0.01520000,0.01523000,0.01519000,0.01520000,1388704.00000000,1756547999999999,21131.59117100,132,881478.70000000,13416.23354800,0
1756548000000000,0.01521000,0.01524000,0.01519000,0.01521000,691284.60000000,1756551599999999,10525.86034100,88,489420.90000000,7452.67302400,0
1756551600000000,0.01522000,0.01523000,0.01517000,0.01523000,855578.60000000,1756555199999999,12997.92764100,164,301895.40000000,4587.76865200,0
1756555200000000,0.01523000,0.01523000,0.01506000,0.01509000,1152865.10000000,1756558799999999,17474.03645000,230,436392.50000000,6613.07013300,0
1756558800000000,0.01510000,0.01511000,0.01497000,0.01510000,2486450.50000000,1756562399999999,37400.19687000,555,1178479.60000000,17739.56153300,0
1756562400000000,0.01510000,0.01513000,0.01503000,0.01511000,1282494.30000000,1756565999999999,19346.47399400,322,464880.60000000,7010.17930100,0
1756566000000000,0.01512000,0.01530000,0.01510000,0.01527000,1711327.90000000,1756569599999999,26009.26670200,439,1142828.90000000,17362.57984500,0
1756569600000000,0.01526000,0.01528000,0.01516000,0.01517000,1109768.30000000,1756573199999999,16916.48579800,296,470825.00000000,7179.51306400,0
1756573200000000,0.01517000,0.01521000,0.01515000,0.01518000,1615279.20000000,1756576799999999,24530.36261900,438,579229.00000000,8795.02568400,0
1756576800000000,0.01519000,0.01521000,0.01512000,0.01516000,794081.50000000,1756580399999999,12036.20186600,232,463470.40000000,7026.40769800,0
1756580400000000,0.01515000,0.01518000,0.01511000,0.01518000,969550.70000000,1756583999999999,14682.70254300,235,671591.20000000,10172.11773000,0
1756584000000000,0.01518000,0.01518000,0.01511000,0.01515000,618241.90000000,1756587599999999,9367.81158300,81,389423.60000000,5900.33510200,0
1756587600000000,0.01514000,0.01518000,0.01514000,0.01518000,446662.30000000,1756591199999999,6768.84630400,98,124321.00000000,1884.29350200,0
1756591200000000,0.01516000,0.01521000,0.01512000,0.01520000,360504.90000000,1756594799999999,5466.05810400,169,180023.30000000,2728.80057900,0
1756594800000000,0.01520000,0.01523000,0.01520000,0.01522000,411301.90000000,1756598399999999,6260.15236100,131,216884.80000000,3301.78689900,0
1756598400000000,0.01522000,0.01538000,0.01522000,0.01537000,2004535.00000000,1756601999999999,30660.27302000,342,730533.20000000,11182.97870200,0
1756602000000000,0.01538000,0.01548000,0.01535000,0.01546000,2689564.00000000,1756605599999999,41532.88578300,466,1798363.60000000,27783.57002100,0
1756605600000000,0.01547000,0.01551000,0.01543000,0.01550000,1016134.80000000,1756609199999999,15726.90105400,129,370516.50000000,5734.20812500,0
1756609200000000,0.01551000,0.01561000,0.01548000,0.01557000,4596491.10000000,1756612799999999,71540.83377700,559,2080922.00000000,32386.98535700,0
1756612800000000,0.01557000,0.01557000,0.01548000,0.01553000,2164336.10000000,1756616399999999,33570.05008400,348,1067300.60000000,16553.58379500,0
1756616400000000,0.01552000,0.01552000,0.01542000,0.01544000,1252342.90000000,1756619999999999,19354.46400400,303,520135.10000000,8039.78799500,0
1756620000000000,0.01544000,0.01546000,0.01541000,0.01542000,1473337.90000000,1756623599999999,22737.58822500,374,1063310.00000000,16408.20388600,0
1756623600000000,0.01543000,0.01546000,0.01538000,0.01539000,522653.70000000,1756627199999999,8062.75829200,105,359961.20000000,5554.35229600,0
1756627200000000,0.01539000,0.01552000,0.01539000,0.01552000,2002845.50000000,1756630799999999,30964.94004800,259,1049240.40000000,16224.76777500,0
1756630800000000,0.01551000,0.01553000,0.01541000,0.01543000,1979187.60000000,1756634399999999,30663.81100100,226,753854.30000000,11683.63862400,0
1756634400000000,0.01543000,0.01543000,0.01537000,0.01542000,2917649.40000000,1756637999999999,44884.13739300,437,1990446.10000000,30621.30174000,0
1756638000000000,0.01541000,0.01548000,0.01539000,0.01546000,1098570.40000000,1756641599999999,16950.05549400,362,652720.90000000,10072.54402300,0
1756641600000000,0.01547000,0.01580000,0.01539000,0.01561000,42419716.50000000,1756645199999999,662867.68270300,3994,25633367.30000000,400783.32431200,0
1756645200000000,0.01559000,0.01589000,0.01530000,0.01536000,43694727.90000000,1756648799999999,681164.48286600,3412,20713184.70000000,323631.00695700,0
1756648800000000,0.01535000,0.01535000,0.01519000,0.01522000,3556391.90000000,1756652399999999,54289.31926600,329,1690533.40000000,25798.69520600,0
1756652400000000,0.01521000,0.01544000,0.01521000,0.01544000,3817789.70000000,1756655999999999,58432.36975100,406,2656462.50000000,40660.59245100,0
1756656000000000,0.01544000,0.01544000,0.01535000,0.01537000,859795.90000000,1756659599999999,13220.52877500,140,248127.70000000,3816.82489500,0
1756659600000000,0.01536000,0.01537000,0.01534000,0.01537000,1160253.80000000,1756663199999999,17814.31649100,109,577781.60000000,8871.45176400,0
1756663200000000,0.01537000,0.01555000,0.01537000,0.01553000,969014.50000000,1756666799999999,14965.28158100,143,330026.00000000,5097.66962400,0
1756666800000000,0.01553000,0.01554000,0.01541000,0.01543000,1312632.10000000,1756670399999999,20286.36725800,154,463080.30000000,7157.70441800,0
1756670400000000,0.01543000,0.01547000,0.01540000,0.01544000,475792.80000000,1756673999999999,7342.44729600,73,263939.40000000,4072.02517100,0
1756674000000000,0.01543000,0.01551000,0.01542000,0.01548000,1420611.90000000,1756677599999999,21983.86873900,225,790983.80000000,12240.20716000,0
1756677600000000,0.01548000,0.01550000,0.01537000,0.01540000,1703787.30000000,1756681199999999,26276.97985700,156,871214.60000000,13444.63964400,0
1756681200000000,0.01539000,0.01540000,0.01517000,0.01518000,4851378.60000000,1756684799999999,74018.19825100,310,2185626.20000000,33333.05548600,0
