1751328000000000,0.01420000,0.01429000,0.01408000,0.01417000,31598296.00000000,1751331599999999,448004.20732000,2692,19073037.00000000,270513.52500000,0
1751331600000000,0.01416000,0.01422000,0.01407000,0.01410000,21866918.00000000,1751335199999999,309763.21622000,2014,8543934.00000000,120992.66872000,0
1751335200000000,0.01409000,0.01414000,0.01402000,0.01405000,10321532.00000000,1751338799999999,145253.03397000,1812,4589033.00000000,64594.53270000,0
1751338800000000,0.01404000,0.01410000,0.01400000,0.01407000,12484481.00000000,1751342399999999,175350.34230000,1666,5563895.00000000,78174.35098000,0
1751342400000000,0.01406000,0.01406000,0.01378000,0.01379000,51617878.00000000,1751345999999999,718715.75085000,3263,16676829.00000000,231861.99347000,0
1751346000000000,0.01379000,0.01382000,0.01368000,0.01380000,27439880.00000000,1751349599999999,377607.10003000,2973,12960711.00000000,178392.40250000,0
1751349600000000,0.01381000,0.01386000,0.01375000,0.01382000,20181939.00000000,1751353199999999,278617.35374000,2305,10123383.00000000,139838.31888000,0
1751353200000000,0.01382000,0.01390000,0.01365000,0.01388000,45854442.00000000,1751356799999999,632281.71466000,3009,21010568.00000000,290073.24295000,0
1751356800000000,0.01388000,0.01388000,0.01373000,0.01377000,39412606.00000000,1751360399999999,543557.08610000,2743,15408385.00000000,212553.84747000,0
1751360400000000,0.01377000,0.01386000,0.01374000,0.01384000,13589838.00000000,1751363999999999,187513.85714000,1750,6469223.00000000,89364.39729000,0
1751364000000000,0.01383000,0.01387000,0.01379000,0.01383000,12295838.00000000,1751367599999999,169961.36314000,1755,5064872.00000000,70018.29323000,0
1751367600000000,0.01383000,0.01384000,0.01368000,0.01371000,18970352.00000000,1751371199999999,260658.76791000,1937,8593750.00000000,118109.39994000,0
1751371200000000,0.01371000,0.01373000,0.01363000,0.01366000,13828876.00000000,1751374799999999,188873.78028000,1860,7450596.00000000,101795.60777000,0
1751374800000000,0.01365000,0.01378000,0.01357000,0.01377000,36359175.00000000,1751378399999999,496647.17491000,3070,11825882.00000000,161791.31388000,0
1751378400000000,0.01377000,0.01386000,0.01360000,0.01372000,50275753.00000000,1751381999999999,688702.13179000,4677,23354719.00000000,320389.87914000,0
1751382000000000,0.01372000,0.01376000,0.01365000,0.01371000,17566622.00000000,1751385599999999,240608.80964000,2332,10231462.00000000,140139.22982000,0
1751385600000000,0.01370000,0.01370000,0.01358000,0.01360000,19924443.00000000,1751389199999999,271635.98975000,2610,10093804.00000000,137588.47038000,0
1751389200000000,0.01361000,0.01363000,0.01351000,0.01357000,16952059.00000000,1751392799999999,229831.02007000,1997,6236747.00000000,84593.66826000,0
1751392800000000,0.01357000,0.01357000,0.01331000,0.01336000,31439688.00000000,1751396399999999,421744.54230000,2941,14147700.00000000,189654.01496000,0
1751396400000000,0.01335000,0.01347000,0.01331000,0.01338000,18033457.00000000,1751399999999999,241870.07560000,2225,10817827.00000000,145164.87301000,0
1751400000000000,0.01339000,0.01347000,0.01332000,0.01345000,18007483.00000000,1751403599999999,241251.62325000,2121,8268508.00000000,110808.08961000,0
1751403600000000,0.01344000,0.01353000,0.01338000,0.01346000,13379787.00000000,1751407199999999,179868.40627000,1407,7826556.00000000,105274.77222000,0
1751407200000000,0.01346000,0.01348000,0.01338000,0.01339000,14191138.00000000,1751410799999999,190415.55983000,1684,5765098.00000000,77338.63898000,0
1751410800000000,0.01338000,0.01340000,0.01330000,0.01339000,19695562.00000000,1751414399999999,262840.00706000,1725,11182274.00000000,149236.45210000,0
1751414400000000,0.01339000,0.01347000,0.01337000,0.01340000,21075407.00000000,1751417999999999,282882.87425000,1896,7680016.00000000,103022.22494000,0
1751418000000000,0.01340000,0.01352000,0.01325000,0.01347000,24284834.00000000,1751421599999999,325028.65384000,2970,14204920.00000000,190314.26576000,0
1751421600000000,0.01346000,0.01348000,0.01338000,0.01344000,11803495.00000000,1751425199999999,158455.65632000,1605,6322493.00000000,84871.90779000,0
1751425200000000,0.01344000,0.01357000,0.01344000,0.01345000,21455262.00000000,1751428799999999,289847.81188000,2136,9882832.00000000,133462.44202000,0
1751428800000000,0.01345000,0.01370000,0.01343000,0.01368000,20224117.00000000,1751432399999999,274112.69385000,2121,14123014.00000000,191581.94691000,0
1751432400000000,0.01368000,0.01377000,0.01363000,0.01372000,29736950.00000000,1751435999999999,407458.72247000,3197,17563647.00000000,240696.74026000,0
1751436000000000,0.01372000,0.01382000,0.01366000,0.01381000,34087479.00000000,1751439599999999,469018.42631000,2516,23397631.00000000,322164.74122000,0
1751439600000000,0.01381000,0.01383000,0.01371000,0.01377000,15026129.00000000,1751443199999999,206893.71384000,1795,4688806.00000000,64594.70618000,0
1751443200000000,0.01378000,0.01385000,0.01374000,0.01377000,21344726.00000000,1751446799999999,294151.46708000,2322,8362805.00000000,115268.72119000,0
1751446800000000,0.01378000,0.01381000,0.01373000,0.01374000,17031995.00000000,1751450399999999,234568.48859000,1312,9565131.00000000,131758.09525000,0
1751450400000000,0.01374000,0.01386000,0.01370000,0.01384000,13032580.00000000,1751453999999999,179633.59307000,1273,5645686.00000000,77839.04614000,0
1751454000000000,0.01384000,0.01391000,0.01377000,0.01379000,20015741.00000000,1751457599999999,277132.51831000,1735,9737548.00000000,134914.77175000,0
1751457600000000,0.01380000,0.01383000,0.01374000,0.01380000,23140665.00000000,1751461199999999,318879.19554000,1935,10300535.00000000,141986.10005000,0
1751461200000000,0.01380000,0.01396000,0.01379000,0.01390000,19508965.00000000,1751464799999999,271010.84685000,2273,10841430.00000000,150554.18238000,0
1751464800000000,0.01389000,0.01403000,0.01388000,0.01401000,30254369.00000000,1751468399999999,422452.48152000,2844,16005048.00000000,223548.30897000,0
1751468400000000,0.01402000,0.01426000,0.01401000,0.01424000,50589379.00000000,1751471999999999,716137.66225000,4839,34181024.00000000,484088.09070000,0
1751472000000000,0.01424000,0.01483000,0.01423000,0.01476000,128507058.00000000,1751475599999999,1881949.88151000,15824,66883222.00000000,979285.21049000,0
1751475600000000,0.01477000,0.01486000,0.01454000,0.01473000,83608120.00000000,1751479199999999,1231103.70799000,12265,37943432.00000000,558971.18513000,0
1751479200000000,0.01473000,0.01491000,0.01473000,0.01489000,44632087.00000000,1751482799999999,662782.08189000,6024,24633552.00000000,365913.63737000,0
1751482800000000,0.01489000,0.01498000,0.01481000,0.01496000,43077490.00000000,1751486399999999,641108.37261000,6178,24263983.00000000,361288.03276000,0
1751486400000000,0.01496000,0.01503000,0.01488000,0.01493000,68748576.00000000,1751489999999999,1028261.09112000,7123,33293613.00000000,497890.13253000,0
1751490000000000,0.01494000,0.01500000,0.01486000,0.01498000,29592833.00000000,1751493599999999,441847.33201000,3557,16894920.00000000,252341.56870000,0
1751493600000000,0.01498000,0.01507000,0.01489000,0.01491000,36170967.00000000,1751497199999999,541851.14094000,4303,15725420.00000000,235684.27288000,0
1751497200000000,0.01491000,0.01491000,0.01470000,0.01472000,40737920.00000000,1751500799999999,602350.75916000,3740,17116919.00000000,253177.89371000,0
1751500800000000,0.01473000,0.01488000,0.01467000,0.01482000,50306935.00000000,1751504399999999,743193.56877000,5400,20364988.00000000,301235.61177000,0
1751504400000000,0.01482000,0.01491000,0.01475000,0.01490000,16394312.00000000,1751507999999999,243387.62588000,2854,9582756.00000000,142303.22178000,0
1751508000000000,0.01490000,0.01491000,0.01475000,0.01482000,13653760.00000000,1751511599999999,202383.26783000,2201,6374305.00000000,94543.31521000,0
1751511600000000,0.01483000,0.01487000,0.01474000,0.01474000,11032328.00000000,1751515199999999,163177.32173000,1795,5390341.00000000,79733.92491000,0
1751515200000000,0.01474000,0.01493000,0.01473000,0.01492000,18897084.00000000,1751518799999999,280664.26841000,2279,10011442.00000000,148711.21337000,0
1751518800000000,0.01492000,0.01511000,0.01490000,0.01509000,52303953.00000000,1751522399999999,785588.51013000,4931,27050776.00000000,406223.19355000,0
1751522400000000,0.01510000,0.01520000,0.01502000,0.01515000,27704998.00000000,1751525999999999,418775.05731000,3671,13427112.00000000,202933.19411000,0
1751526000000000,0.01514000,0.01520000,0.01509000,0.01511000,24353399.00000000,1751529599999999,368729.79212000,3498,10682430.00000000,161774.61379000,0
1751529600000000,0.01512000,0.01517000,0.01502000,0.01503000,28816955.00000000,1751533199999999,435651.92556000,2867,15991353.00000000,241854.53299000,0
1751533200000000,0.01503000,0.01517000,0.01501000,0.01506000,26320720.00000000,1751536799999999,397291.90449000,3313,13257376.00000000,200185.80480000,0
1751536800000000,0.01507000,0.01508000,0.01485000,0.01493000,23039366.00000000,1751540399999999,344318.79415000,2734,9236864.00000000,138006.69236000,0
1751540400000000,0.01494000,0.01496000,0.01483000,0.01487000,13657649.00000000,1751543999999999,203272.25010000,2137,5992561.00000000,89180.65951000,0
1751544000000000,0.01488000,0.01505000,0.01467000,0.01484000,50085732.00000000,1751547599999999,743216.96245000,6901,23626132.00000000,351095.95625000,0
1751547600000000,0.01483000,0.01513000,0.01482000,0.01508000,52643485.00000000,1751551199999999,789167.80906000,6492,31481927.00000000,471927.25468000,0
1751551200000000,0.01508000,0.01512000,0.01483000,0.01486000,32869401.00000000,1751554799999999,490942.23699000,5311,14821622.00000000,221481.76164000,0
1751554800000000,0.01487000,0.01488000,0.01457000,0.01460000,39294922.00000000,1751558399999999,577936.02344000,4751,16676654.00000000,245410.44738000,0
1751558400000000,0.01460000,0.01472000,0.01460000,0.01467000,35141629.00000000,1751561999999999,515106.80890000,4321,17567837.00000000,257539.00526000,0
1751562000000000,0.01468000,0.01479000,0.01468000,0.01476000,16150235.00000000,1751565599999999,238249.89406000,1620,8754437.00000000,129113.47992000,0
1751565600000000,0.01475000,0.01479000,0.01450000,0.01475000,80732574.00000000,1751569199999999,1184546.23457000,5983,41395892.00000000,607365.72408000,0
1751569200000000,0.01474000,0.01482000,0.01473000,0.01481000,7041210.00000000,1751572799999999,104001.27114000,1135,4526070.00000000,66842.82403000,0
1751572800000000,0.01482000,0.01488000,0.01479000,0.01486000,9869570.00000000,1751576399999999,146486.62025000,1328,4766368.00000000,70752.03123000,0
1751576400000000,0.01486000,0.01492000,0.01479000,0.01490000,13266533.00000000,1751579999999999,197014.24783000,1544,8357937.00000000,124131.54067000,0
1751580000000000,0.01489000,0.01492000,0.01482000,0.01486000,9887516.00000000,1751583599999999,147025.04898000,1151,4843460.00000000,72030.04053000,0
1751583600000000,0.01485000,0.01487000,0.01477000,0.01481000,7031313.00000000,1751587199999999,104095.93173000,978,2414332.00000000,35749.06160000,0
1751587200000000,0.01482000,0.01487000,0.01474000,0.01480000,14838587.00000000,1751590799999999,219888.25821000,2126,6527093.00000000,96754.18376000,0
1751590800000000,0.01479000,0.01492000,0.01479000,0.01480000,12124304.00000000,1751594399999999,180085.97617000,1747,6423057.00000000,95422.89095000,0
1751594400000000,0.01480000,0.01480000,0.01461000,0.01464000,24836400.00000000,1751597999999999,365051.41499000,2981,11038511.00000000,162246.67232000,0
1751598000000000,0.01464000,0.01474000,0.01463000,0.01465000,14257625.00000000,1751601599999999,209446.12982000,1706,6061930.00000000,89038.69439000,0
1751601600000000,0.01465000,0.01469000,0.01452000,0.01453000,18579373.00000000,1751605199999999,271147.91475000,1925,6889467.00000000,100646.42970000,0
1751605200000000,0.01453000,0.01463000,0.01450000,0.01455000,28854535.00000000,1751608799999999,419712.50607000,2792,18354231.00000000,266959.83934000,0
1751608800000000,0.01454000,0.01454000,0.01434000,0.01438000,29109820.00000000,1751612399999999,419200.00561000,2671,16149571.00000000,232319.50863000,0
1751612400000000,0.01437000,0.01443000,0.01415000,0.01418000,77708487.00000000,1751615999999999,1105177.98153000,5008,27186514.00000000,386697.84856000,0
1751616000000000,0.01419000,0.01432000,0.01410000,0.01430000,52660324.00000000,1751619599999999,748525.06346000,4406,26372122.00000000,374951.53832000,0
1751619600000000,0.01430000,0.01438000,0.01428000,0.01433000,19663035.00000000,1751623199999999,281747.61644000,2519,12997152.00000000,186297.05249000,0
1751623200000000,0.01432000,0.01434000,0.01421000,0.01421000,27034047.00000000,1751626799999999,385823.20420000,3069,14282795.00000000,203898.08998000,0
1751626800000000,0.01420000,0.01427000,0.01418000,0.01424000,22795344.00000000,1751630399999999,324214.80191000,1408,9242959.00000000,131509.13747000,0
1751630400000000,0.01423000,0.01428000,0.01416000,0.01420000,17269668.00000000,1751633999999999,245752.98788000,1948,8507300.00000000,121221.50506000,0
1751634000000000,0.01420000,0.01427000,0.01410000,0.01411000,35445036.00000000,1751637599999999,501470.33858000,3666,17118478.00000000,242184.50821000,0
1751637600000000,0.01411000,0.01414000,0.01397000,0.01406000,39043023.00000000,1751641199999999,548927.12513000,5256,18006822.00000000,253288.86419000,0
1751641200000000,0.01407000,0.01409000,0.01387000,0.01388000,28377723.00000000,1751644799999999,395876.51946000,4628,11564235.00000000,161346.61002000,0
1751644800000000,0.01387000,0.01390000,0.01361000,0.01376000,61063184.00000000,1751648399999999,838871.97598000,8025,32837967.00000000,451062.62957000,0
1751648400000000,0.01376000,0.01386000,0.01369000,0.01384000,36160198.00000000,1751651999999999,498623.23960000,4070,13690598.00000000,188503.21362000,0
1751652000000000,0.01383000,0.01383000,0.01371000,0.01377000,27600249.00000000,1751655599999999,379778.16137000,3152,9215693.00000000,126863.11124000,0
1751655600000000,0.01377000,0.01381000,0.01368000,0.01373000,21040008.00000000,1751659199999999,289353.47931000,1995,14113296.00000000,194126.71601000,0
1751659200000000,0.01373000,0.01383000,0.01371000,0.01379000,27780873.00000000,1751662799999999,383077.14098000,2105,18812299.00000000,259432.78799000,0
1751662800000000,0.01379000,0.01385000,0.01372000,0.01382000,35096742.00000000,1751666399999999,484483.70505000,2308,22665073.00000000,312973.31840000,0
1751666400000000,0.01383000,0.01394000,0.01381000,0.01392000,26338732.00000000,1751669999999999,365663.62350000,2268,16634165.00000000,231037.31697000,0
1751670000000000,0.01393000,0.01393000,0.01384000,0.01387000,20407093.00000000,1751673599999999,283162.13196000,2035,8525891.00000000,118262.36879000,0
1751673600000000,0.01387000,0.01401000,0.01385000,0.01399000,61803266.00000000,1751677199999999,860733.38207000,4274,42186589.00000000,587446.78748000,0
1751677200000000,0.01399000,0.01400000,0.01385000,0.01391000,30261738.00000000,1751680799999999,421178.52239000,2958,15962334.00000000,222121.40507000,0
1751680800000000,0.01391000,0.01397000,0.01380000,0.01397000,40698021.00000000,1751684399999999,565580.99683000,3371,21696534.00000000,301742.52690000,0
1751684400000000,0.01397000,0.01404000,0.01393000,0.01393000,36007322.00000000,1751687999999999,503652.37752000,3195,19209583.00000000,268664.86480000,0
1751688000000000,0.01394000,0.01396000,0.01384000,0.01384000,14066534.00000000,1751691599999999,195457.32443000,1388,6940827.00000000,96498.25421000,0
1751691600000000,0.01384000,0.01390000,0.01380000,0.01390000,16207158.00000000,1751695199999999,224520.62770000,1516,8683511.00000000,120310.64052000,0
1751695200000000,0.01390000,0.01406000,0.01387000,0.01403000,41552754.00000000,1751698799999999,581133.32595000,2852,24032491.00000000,336051.87825000,0
1751698800000000,0.01404000,0.01408000,0.01395000,0.01397000,22773821.00000000,1751702399999999,318934.47680000,1924,11500465.00000000,161046.90514000,0
1751702400000000,0.01397000,0.01400000,0.01385000,0.01391000,32838770.00000000,1751705999999999,457643.86787000,1994,13134489.00000000,183006.40170000,0
1751706000000000,0.01390000,0.01396000,0.01382000,0.01395000,11665795.00000000,1751709599999999,161929.51726000,1303,5650354.00000000,78495.74772000,0
1751709600000000,0.01395000,0.01396000,0.01387000,0.01387000,8433226.00000000,1751713199999999,117313.72780000,970,3412490.00000000,47505.63582000,0
1751713200000000,0.01388000,0.01395000,0.01386000,0.01386000,21840934.00000000,1751716799999999,304081.41281000,1406,10260116.00000000,142843.94768000,0
1751716800000000,0.01387000,0.01388000,0.01373000,0.01377000,26531158.00000000,1751720399999999,365996.23781000,2247,11549867.00000000,159277.10444000,0
1751720400000000,0.01377000,0.01386000,0.01374000,0.01374000,14016534.00000000,1751723999999999,193214.75529000,1503,7086862.00000000,97696.77099000,0
1751724000000000,0.01375000,0.01383000,0.01374000,0.01382000,23247128.00000000,1751727599999999,320520.24246000,1797,8960515.00000000,123612.81914000,0
1751727600000000,0.01382000,0.01384000,0.01375000,0.01377000,15983021.00000000,1751731199999999,220510.31167000,2006,7886413.00000000,108811.55781000,0
1751731200000000,0.01377000,0.01382000,0.01370000,0.01381000,17408473.00000000,1751734799999999,239487.58746000,2382,7469080.00000000,102824.64637000,0
1751734800000000,0.01381000,0.01386000,0.01365000,0.01370000,28258928.00000000,1751738399999999,387728.51589000,2685,15638921.00000000,214574.03698000,0
1751738400000000,0.01370000,0.01370000,0.01359000,0.01361000,18075036.00000000,1751741999999999,246379.96394000,1943,8773948.00000000,119558.33790000,0
1751742000000000,0.01361000,0.01376000,0.01357000,0.01375000,20873759.00000000,1751745599999999,285365.65364000,1790,13064409.00000000,178824.26993000,0
1751745600000000,0.01376000,0.01381000,0.01370000,0.01380000,12203113.00000000,1751749199999999,167663.55645000,1152,6099214.00000000,83805.08384000,0
1751749200000000,0.01381000,0.01394000,0.01380000,0.01389000,26265541.00000000,1751752799999999,364326.99679000,2098,17881317.00000000,247975.65922000,0
1751752800000000,0.01389000,0.01394000,0.01385000,0.01394000,15909753.00000000,1751756399999999,220955.73237000,1384,7802231.00000000,108392.68834000,0
1751756400000000,0.01394000,0.01397000,0.01389000,0.01391000,18188091.00000000,1751759999999999,253367.46987000,1390,6235841.00000000,86905.86704000,0
1751760000000000,0.01392000,0.01393000,0.01383000,0.01390000,10852975.00000000,1751763599999999,150771.92660000,1373,4428596.00000000,61546.04080000,0
1751763600000000,0.01390000,0.01390000,0.01381000,0.01385000,19512650.00000000,1751767199999999,270060.22454000,1320,12521400.00000000,173281.97286000,0
1751767200000000,0.01386000,0.01391000,0.01382000,0.01382000,6017869.00000000,1751770799999999,83432.76826000,902,2875892.00000000,39882.75234000,0
1751770800000000,0.01382000,0.01386000,0.01381000,0.01382000,10240417.00000000,1751774399999999,141594.24742000,964,3531354.00000000,48835.78084000,0
1751774400000000,0.01382000,0.01389000,0.01378000,0.01378000,11131718.00000000,1751777999999999,153816.90449000,1025,4141613.00000000,57288.62953000,0
1751778000000000,0.01378000,0.01380000,0.01376000,0.01378000,5520686.00000000,1751781599999999,76050.70074000,597,3159399.00000000,43519.34684000,0
1751781600000000,0.01378000,0.01389000,0.01378000,0.01386000,10620388.00000000,1751785199999999,147061.63077000,1246,5929697.00000000,82080.61032000,0
1751785200000000,0.01387000,0.01396000,0.01386000,0.01386000,14533160.00000000,1751788799999999,201995.84626000,2025,7302992.00000000,101503.48209000,0
1751788800000000,0.01387000,0.01396000,0.01381000,0.01392000,24077463.00000000,1751792399999999,333438.99595000,2167,9450809.00000000,130969.85763000,0
1751792400000000,0.01392000,0.01394000,0.01385000,0.01385000,11033023.00000000,1751795999999999,153453.22128000,1209,4916451.00000000,68405.16154000,0
1751796000000000,0.01385000,0.01391000,0.01380000,0.01387000,21437760.00000000,1751799599999999,296776.69680000,1343,11398782.00000000,157823.52081000,0
1751799600000000,0.01387000,0.01395000,0.01383000,0.01394000,9257517.00000000,1751803199999999,128621.82138000,1044,4451703.00000000,61873.50462000,0
1751803200000000,0.01394000,0.01404000,0.01389000,0.01404000,18015755.00000000,1751806799999999,251565.90054000,1560,12158835.00000000,169779.37831000,0
1751806800000000,0.01405000,0.01431000,0.01401000,0.01426000,36717256.00000000,1751810399999999,521041.84352000,3968,21846504.00000000,310000.18826000,0
1751810400000000,0.01426000,0.01429000,0.01408000,0.01419000,31831788.00000000,1751813999999999,451886.63424000,3484,11985350.00000000,170046.30424000,0
1751814000000000,0.01419000,0.01421000,0.01410000,0.01419000,13646998.00000000,1751817599999999,193147.08570000,1613,8292525.00000000,117349.17125000,0
1751817600000000,0.01419000,0.01431000,0.01419000,0.01429000,29142174.00000000,1751821199999999,415774.21672000,3062,16806561.00000000,239760.61137000,0
1751821200000000,0.01429000,0.01429000,0.01420000,0.01424000,9157445.00000000,1751824799999999,130406.77148000,1252,2938838.00000000,41836.38697000,0
1751824800000000,0.01424000,0.01425000,0.01407000,0.01414000,14711391.00000000,1751828399999999,207985.90147000,1862,6207423.00000000,87745.83661000,0
1751828400000000,0.01414000,0.01420000,0.01412000,0.01419000,3789539.00000000,1751831999999999,53676.09743000,855,1990159.00000000,28198.03018000,0
1751832000000000,0.01418000,0.01427000,0.01417000,0.01420000,4646487.00000000,1751835599999999,66095.35222000,882,2248747.00000000,31991.22766000,0
1751835600000000,0.01421000,0.01449000,0.01421000,0.01438000,34920751.00000000,1751839199999999,502174.79880000,3955,19930287.00000000,286702.74942000,0
1751839200000000,0.01438000,0.01453000,0.01437000,0.01437000,26876991.00000000,1751842799999999,388931.98960000,2685,11376259.00000000,164615.80463000,0
1751842800000000,0.01438000,0.01441000,0.01419000,0.01425000,26827696.00000000,1751846399999999,383819.37801000,2230,13701284.00000000,196085.48240000,0
1751846400000000,0.01426000,0.01431000,0.01421000,0.01426000,20643170.00000000,1751849999999999,294447.26281000,2377,11025562.00000000,157337.11911000,0
1751850000000000,0.01427000,0.01430000,0.01419000,0.01428000,7481293.00000000,1751853599999999,106587.17136000,1637,2566757.00000000,36558.86744000,0
1751853600000000,0.01427000,0.01449000,0.01427000,0.01437000,26698300.00000000,1751857199999999,383813.85096000,1881,17804846.00000000,255802.77606000,0
1751857200000000,0.01437000,0.01447000,0.01434000,0.01438000,22207109.00000000,1751860799999999,319565.75388000,2102,10870563.00000000,156460.02998000,0
1751860800000000,0.01438000,0.01444000,0.01429000,0.01431000,31842408.00000000,1751864399999999,457542.76722000,2243,7289809.00000000,104884.75824000,0
1751864400000000,0.01432000,0.01436000,0.01425000,0.01427000,10318014.00000000,1751867999999999,147766.07636000,1531,5907661.00000000,84629.80719000,0
1751868000000000,0.01428000,0.01435000,0.01419000,0.01421000,15499498.00000000,1751871599999999,220763.90059000,1905,5717900.00000000,81512.49648000,0
1751871600000000,0.01421000,0.01441000,0.01418000,0.01440000,14038086.00000000,1751875199999999,200620.28201000,1960,7920624.00000000,113335.92542000,0
1751875200000000,0.01440000,0.01446000,0.01437000,0.01439000,14201890.00000000,1751878799999999,204555.74509000,1762,5468281.00000000,78778.01661000,0
1751878800000000,0.01439000,0.01439000,0.01429000,0.01430000,17394253.00000000,1751882399999999,249315.62367000,1307,11608336.00000000,166376.16399000,0
1751882400000000,0.01430000,0.01430000,0.01422000,0.01423000,15360862.00000000,1751885999999999,219039.64823000,1503,5427790.00000000,77370.24236000,0
1751886000000000,0.01424000,0.01429000,0.01418000,0.01422000,9089590.00000000,1751889599999999,129382.66942000,1103,4697949.00000000,66910.85609000,0
1751889600000000,0.01422000,0.01424000,0.01412000,0.01420000,10857729.00000000,1751893199999999,153932.38902000,1455,4661421.00000000,66087.01998000,0
1751893200000000,0.01421000,0.01438000,0.01418000,0.01437000,20454300.00000000,1751896799999999,291638.47615000,2858,10694566.00000000,152596.80839000,0
1751896800000000,0.01437000,0.01438000,0.01407000,0.01413000,19489855.00000000,1751900399999999,277091.70142000,2718,5882276.00000000,83809.78760000,0
1751900400000000,0.01413000,0.01421000,0.01411000,0.01416000,14471502.00000000,1751903999999999,204912.70857000,2023,8381499.00000000,118680.53988000,0
1751904000000000,0.01415000,0.01421000,0.01402000,0.01406000,33996249.00000000,1751907599999999,480115.93485000,4982,14613337.00000000,206431.55352000,0
1751907600000000,0.01406000,0.01417000,0.01402000,0.01411000,16951018.00000000,1751911199999999,238690.62785000,2513,7622147.00000000,107373.12491000,0
1751911200000000,0.01411000,0.01413000,0.01396000,0.01409000,19279119.00000000,1751914799999999,270348.27126000,1972,8696332.00000000,121997.10388000,0
1751914800000000,0.01409000,0.01425000,0.01408000,0.01411000,21255111.00000000,1751918399999999,300820.09461000,1948,9231413.00000000,130651.07161000,0
1751918400000000,0.01411000,0.01411000,0.01394000,0.01398000,20692875.00000000,1751921999999999,289965.76070000,2127,10697096.00000000,149898.62663000,0
1751922000000000,0.01398000,0.01410000,0.01389000,0.01405000,30736470.00000000,1751925599999999,430669.00573000,2471,20764275.00000000,291266.84498000,0
1751925600000000,0.01406000,0.01409000,0.01396000,0.01402000,10281488.00000000,1751929199999999,144015.64456000,1727,5102636.00000000,71458.82390000,0
1751929200000000,0.01401000,0.01414000,0.01401000,0.01411000,10842646.00000000,1751932799999999,152812.43023000,1213,5938706.00000000,83673.58041000,0
1751932800000000,0.01411000,0.01417000,0.01402000,0.01405000,44791729.00000000,1751936399999999,630786.12890000,3649,23927206.00000000,336902.77528000,0
1751936400000000,0.01406000,0.01406000,0.01389000,0.01392000,22709684.00000000,1751939999999999,317079.43874000,2707,7733139.00000000,107982.96773000,0
1751940000000000,0.01392000,0.01397000,0.01385000,0.01386000,45520408.00000000,1751943599999999,632570.96801000,2675,22727754.00000000,315874.10906000,0
1751943600000000,0.01386000,0.01393000,0.01384000,0.01390000,13721218.00000000,1751947199999999,190565.62194000,1462,3799258.00000000,52801.85856000,0
1751947200000000,0.01390000,0.01390000,0.01379000,0.01390000,25960967.00000000,1751950799999999,359019.60432000,2032,8327017.00000000,115251.89807000,0
1751950800000000,0.01390000,0.01396000,0.01385000,0.01394000,15106362.00000000,1751954399999999,210062.43379000,1894,6923950.00000000,96304.66719000,0
1751954400000000,0.01394000,0.01402000,0.01392000,0.01392000,12910194.00000000,1751957999999999,180288.69759000,1623,5717490.00000000,79857.01267000,0
1751958000000000,0.01392000,0.01401000,0.01389000,0.01398000,10128073.00000000,1751961599999999,141176.38495000,1344,3818479.00000000,53270.26727000,0
1751961600000000,0.01398000,0.01401000,0.01387000,0.01387000,10733181.00000000,1751965199999999,149742.21262000,1184,5011030.00000000,69978.26620000,0
1751965200000000,0.01387000,0.01401000,0.01385000,0.01397000,20596215.00000000,1751968799999999,287650.02126000,1260,13931328.00000000,194717.04711000,0
1751968800000000,0.01397000,0.01411000,0.01395000,0.01411000,17851415.00000000,1751972399999999,250788.05586000,1516,10650525.00000000,149611.67741000,0
1751972400000000,0.01412000,0.01422000,0.01410000,0.01417000,22758338.00000000,1751975999999999,322757.34385000,2128,14016363.00000000,198812.83300000,0
1751976000000000,0.01417000,0.01426000,0.01413000,0.01426000,16969747.00000000,1751979599999999,240945.24671000,1782,7866874.00000000,111697.94539000,0
1751979600000000,0.01426000,0.01431000,0.01415000,0.01426000,18047129.00000000,1751983199999999,257154.17880000,2602,9141746.00000000,130267.57697000,0
1751983200000000,0.01426000,0.01427000,0.01401000,0.01402000,23201190.00000000,1751986799999999,327498.64456000,3238,10956884.00000000,154607.01356000,0
1751986800000000,0.01402000,0.01408000,0.01399000,0.01405000,29119615.00000000,1751990399999999,408685.21030000,2320,16964565.00000000,238084.35257000,0
1751990400000000,0.01406000,0.01422000,0.01400000,0.01416000,26299694.00000000,1751993999999999,371727.48590000,2946,9972138.00000000,140939.28452000,0
1751994000000000,0.01417000,0.01446000,0.01414000,0.01439000,38843816.00000000,1751997599999999,558049.48841000,4161,19678113.00000000,282462.84994000,0
1751997600000000,0.01440000,0.01450000,0.01439000,0.01450000,13027960.00000000,1752001199999999,188246.95363000,2158,7560974.00000000,109274.27034000,0
1752001200000000,0.01450000,0.01451000,0.01433000,0.01442000,63533078.00000000,1752004799999999,913958.93442000,4010,43545938.00000000,626131.99097000,0
1752004800000000,0.01441000,0.01446000,0.01434000,0.01436000,14067487.00000000,1752008399999999,202611.69452000,2720,5268819.00000000,75908.27508000,0
1752008400000000,0.01437000,0.01445000,0.01435000,0.01442000,12252072.00000000,1752011999999999,176331.32388000,1264,6136263.00000000,88328.52690000,0
1752012000000000,0.01442000,0.01447000,0.01431000,0.01437000,25943026.00000000,1752015599999999,371956.16854000,1824,6948956.00000000,99795.62564000,0
1752015600000000,0.01437000,0.01439000,0.01431000,0.01433000,11489405.00000000,1752019199999999,164797.51610000,1199,6555827.00000000,94060.02928000,0
1752019200000000,0.01434000,0.01439000,0.01426000,0.01431000,8989282.00000000,1752022799999999,128774.42133000,1225,4445583.00000000,63678.71172000,0
1752022800000000,0.01431000,0.01441000,0.01419000,0.01422000,10556994.00000000,1752026399999999,150493.62724000,1451,4053483.00000000,57855.35260000,0
1752026400000000,0.01423000,0.01423000,0.01415000,0.01419000,12178535.00000000,1752029999999999,172731.96043000,1300,4659841.00000000,66122.43349000,0
1752030000000000,0.01420000,0.01427000,0.01418000,0.01420000,10301794.00000000,1752033599999999,146483.42772000,1394,5418600.00000000,77054.66176000,0
1752033600000000,0.01420000,0.01431000,0.01418000,0.01430000,7367703.00000000,1752037199999999,104840.40925000,955,4657691.00000000,66292.52316000,0
1752037200000000,0.01430000,0.01451000,0.01425000,0.01442000,41314360.00000000,1752040799999999,595013.07568000,3260,21296974.00000000,306522.83538000,0
1752040800000000,0.01442000,0.01451000,0.01435000,0.01451000,15542147.00000000,1752044399999999,223856.88049000,1726,7911724.00000000,114046.77031000,0
1752044400000000,0.01451000,0.01465000,0.01449000,0.01464000,28759239.00000000,1752047999999999,418506.91463000,2938,13848555.00000000,201606.44047000,0
1752048000000000,0.01463000,0.01482000,0.01454000,0.01473000,59438768.00000000,1752051599999999,873752.08687000,6327,30586813.00000000,449718.25557000,0
1752051600000000,0.01473000,0.01476000,0.01461000,0.01468000,21655289.00000000,1752055199999999,317452.51853000,2258,7659401.00000000,112343.07046000,0
1752055200000000,0.01468000,0.01470000,0.01461000,0.01468000,13984746.00000000,1752058799999999,205179.21545000,1589,7062137.00000000,103634.70138000,0
1752058800000000,0.01469000,0.01476000,0.01464000,0.01470000,22753701.00000000,1752062399999999,334669.07129000,2219,11313470.00000000,166479.79845000,0
1752062400000000,0.01471000,0.01495000,0.01469000,0.01487000,60635138.00000000,1752065999999999,899426.50888000,5013,34451136.00000000,510977.25083000,0
1752066000000000,0.01487000,0.01490000,0.01477000,0.01480000,27897136.00000000,1752069599999999,414149.05935000,3686,10423887.00000000,154880.76269000,0
1752069600000000,0.01481000,0.01489000,0.01458000,0.01476000,56042552.00000000,1752073199999999,825005.29611000,6623,24339059.00000000,358575.83217000,0
1752073200000000,0.01475000,0.01482000,0.01472000,0.01476000,14868843.00000000,1752076799999999,219661.13490000,2724,7381482.00000000,109064.29151000,0
1752076800000000,0.01477000,0.01489000,0.01477000,0.01484000,17949100.00000000,1752080399999999,266290.31277000,2792,11032133.00000000,163715.79493000,0
1752080400000000,0.01483000,0.01483000,0.01472000,0.01480000,23667179.00000000,1752083999999999,349365.38734000,2889,9287243.00000000,137108.16592000,0
1752084000000000,0.01481000,0.01497000,0.01478000,0.01490000,41547605.00000000,1752087599999999,618629.01327000,4669,21283224.00000000,316877.17595000,0
1752087600000000,0.01490000,0.01532000,0.01488000,0.01528000,76552214.00000000,1752091199999999,1157154.27698000,7378,43765422.00000000,661307.03302000,0
1752091200000000,0.01528000,0.01538000,0.01512000,0.01526000,68197428.00000000,1752094799999999,1040197.58748000,8851,33849013.00000000,516371.99379000,0
1752094800000000,0.01527000,0.01550000,0.01525000,0.01538000,37086787.00000000,1752098399999999,571678.41185000,4369,19948037.00000000,307475.81711000,0
1752098400000000,0.01539000,0.01554000,0.01539000,0.01545000,34183116.00000000,1752101999999999,528987.23279000,3724,18061275.00000000,279492.80980000,0
1752102000000000,0.01545000,0.01547000,0.01534000,0.01537000,24538768.00000000,1752105599999999,378177.83569000,2378,8846697.00000000,136368.07166000,0
1752105600000000,0.01537000,0.01547000,0.01523000,0.01525000,28250096.00000000,1752109199999999,434199.01351000,3134,13858901.00000000,213152.34471000,0
1752109200000000,0.01525000,0.01536000,0.01525000,0.01530000,14450792.00000000,1752112799999999,221230.15529000,1856,6947474.00000000,106376.39512000,0
1752112800000000,0.01530000,0.01547000,0.01530000,0.01545000,17374060.00000000,1752116399999999,267550.70371000,2005,11006329.00000000,169519.17240000,0
1752116400000000,0.01546000,0.01549000,0.01540000,0.01542000,19877604.00000000,1752119999999999,306959.33982000,1918,8353123.00000000,129020.73490000,0
1752120000000000,0.01542000,0.01547000,0.01533000,0.01544000,22357108.00000000,1752123599999999,344274.22372000,2094,10640695.00000000,163861.93648000,0
1752123600000000,0.01544000,0.01549000,0.01534000,0.01535000,13960645.00000000,1752127199999999,215014.89856000,1758,6491502.00000000,100034.98834000,0
1752127200000000,0.01535000,0.01552000,0.01529000,0.01552000,19350271.00000000,1752130799999999,298314.82484000,2289,11243263.00000000,173425.17492000,0
1752130800000000,0.01551000,0.01559000,0.01545000,0.01547000,31705162.00000000,1752134399999999,492144.60580000,3341,17879594.00000000,277577.51438000,0
1752134400000000,0.01548000,0.01552000,0.01540000,0.01552000,24527341.00000000,1752137999999999,379445.69002000,3260,11541542.00000000,178558.94947000,0
1752138000000000,0.01552000,0.01554000,0.01543000,0.01548000,29284002.00000000,1752141599999999,453850.78269000,3344,13855280.00000000,214753.21597000,0
1752141600000000,0.01547000,0.01554000,0.01538000,0.01552000,27523152.00000000,1752145199999999,425386.10429000,2812,12413831.00000000,191924.33258000,0
1752145200000000,0.01552000,0.01552000,0.01543000,0.01551000,18555033.00000000,1752148799999999,287177.31778000,2862,10331351.00000000,159914.47287000,0
1752148800000000,0.01550000,0.01550000,0.01536000,0.01548000,20169789.00000000,1752152399999999,310900.16139000,3211,11028639.00000000,169992.57300000,0
1752152400000000,0.01547000,0.01566000,0.01545000,0.01554000,38490153.00000000,1752155999999999,598911.99042000,4768,22905205.00000000,356463.80204000,0
1752156000000000,0.01554000,0.01557000,0.01535000,0.01549000,33547347.00000000,1752159599999999,518500.62296000,5042,15540711.00000000,240445.78345000,0
1752159600000000,0.01550000,0.01551000,0.01537000,0.01541000,21725071.00000000,1752163199999999,335330.44019000,2603,10745585.00000000,165853.14369000,0
1752163200000000,0.01542000,0.01579000,0.01540000,0.01578000,61014424.00000000,1752166799999999,955324.76749000,7282,31024168.00000000,485624.24514000,0
1752166800000000,0.01578000,0.01606000,0.01572000,0.01604000,57000417.00000000,1752170399999999,905777.75842000,6778,27682904.00000000,440438.97826000,0
1752170400000000,0.01604000,0.01611000,0.01589000,0.01606000,47662967.00000000,1752173999999999,763421.83871000,6700,23819512.00000000,381590.62556000,0
1752174000000000,0.01605000,0.01612000,0.01592000,0.01598000,18703486.00000000,1752177599999999,299496.70651000,2921,8520470.00000000,136527.05670000,0
1752177600000000,0.01598000,0.01622000,0.01597000,0.01619000,30945334.00000000,1752181199999999,498810.23570000,3444,20848256.00000000,336095.53444000,0
1752181200000000,0.01619000,0.01673000,0.01616000,0.01668000,109185361.00000000,1752184799999999,1801994.51681000,15203,58994706.00000000,973597.36176000,0
1752184800000000,0.01668000,0.01699000,0.01668000,0.01697000,51349955.00000000,1752188399999999,862527.55785000,7615,26137004.00000000,439261.30907000,0
1752188400000000,0.01697000,0.01699000,0.01678000,0.01693000,42492072.00000000,1752191999999999,717878.10261000,5206,20562305.00000000,347478.34567000,0
1752192000000000,0.01693000,0.01699000,0.01657000,0.01677000,41928581.00000000,1752195599999999,703118.36098000,6454,17367464.00000000,291371.04661000,0
1752195600000000,0.01677000,0.01711000,0.01677000,0.01711000,52443724.00000000,1752199199999999,889110.45227000,6335,26362086.00000000,447164.43611000,0
1752199200000000,0.01710000,0.01725000,0.01701000,0.01721000,43146226.00000000,1752202799999999,739624.89797000,5375,14477467.00000000,248292.37847000,0
1752202800000000,0.01720000,0.01734000,0.01710000,0.01728000,33483996.00000000,1752206399999999,576782.00181000,4683,16741270.00000000,288522.81669000,0
1752206400000000,0.01729000,0.01753000,0.01719000,0.01752000,45543198.00000000,1752209999999999,790239.46143000,6223,21853788.00000000,379551.25413000,0
1752210000000000,0.01752000,0.01779000,0.01749000,0.01767000,93660876.00000000,1752213599999999,1652400.94157000,9353,46833482.00000000,826316.75989000,0
1752213600000000,0.01767000,0.01783000,0.01719000,0.01723000,76665144.00000000,1752217199999999,1342661.36407000,9968,30427760.00000000,533961.17399000,0
1752217200000000,0.01723000,0.01739000,0.01708000,0.01720000,74980923.00000000,1752220799999999,1292181.97245000,9260,36661406.00000000,632151.09550000,0
1752220800000000,0.01721000,0.01745000,0.01720000,0.01741000,41438621.00000000,1752224399999999,718757.16147000,5525,17620706.00000000,305584.96780000,0
1752224400000000,0.01741000,0.01760000,0.01726000,0.01751000,72137799.00000000,1752227999999999,1257413.69008000,9097,27676296.00000000,483232.87547000,0
1752228000000000,0.01750000,0.01757000,0.01740000,0.01745000,46028578.00000000,1752231599999999,804538.75004000,6811,24490795.00000000,428117.29165000,0
1752231600000000,0.01745000,0.01748000,0.01724000,0.01733000,36848247.00000000,1752235199999999,638769.31439000,6338,15552455.00000000,269584.64430000,0
1752235200000000,0.01733000,0.01760000,0.01726000,0.01760000,27525198.00000000,1752238799999999,478820.63614000,5505,14249404.00000000,247991.20180000,0
1752238800000000,0.01760000,0.01774000,0.01735000,0.01769000,53867204.00000000,1752242399999999,947076.61369000,11796,25933627.00000000,456213.54588000,0
1752242400000000,0.01769000,0.01785000,0.01751000,0.01764000,44453460.00000000,1752245999999999,786121.46054000,8526,21897634.00000000,387424.65894000,0
1752246000000000,0.01763000,0.01782000,0.01719000,0.01729000,95670847.00000000,1752249599999999,1678707.81140000,15387,43129715.00000000,757426.34205000,0
1752249600000000,0.01730000,0.01769000,0.01724000,0.01762000,75031854.00000000,1752253199999999,1311401.67972000,13805,36117152.00000000,631565.11687000,0
1752253200000000,0.01762000,0.01783000,0.01756000,0.01778000,53881026.00000000,1752256799999999,954921.20007000,7328,32283488.00000000,572186.08445000,0
1752256800000000,0.01777000,0.01791000,0.01768000,0.01778000,43016673.00000000,1752260399999999,764348.61759000,6383,22900613.00000000,407100.98480000,0
1752260400000000,0.01778000,0.01791000,0.01769000,0.01783000,25322646.00000000,1752263999999999,450690.51889000,5752,13635509.00000000,242802.62055000,0
1752264000000000,0.01783000,0.01783000,0.01748000,0.01749000,31374783.00000000,1752267599999999,554374.67347000,5646,13433101.00000000,237465.76759000,0
1752267600000000,0.01750000,0.01756000,0.01710000,0.01727000,63228388.00000000,1752271199999999,1097291.62080000,7275,22977594.00000000,398797.92415000,0
1752271200000000,0.01727000,0.01732000,0.01671000,0.01694000,69050051.00000000,1752274799999999,1168932.81301000,11068,29453468.00000000,499069.37769000,0
1752274800000000,0.01694000,0.01715000,0.01691000,0.01703000,22908486.00000000,1752278399999999,390648.02811000,4246,9652367.00000000,164616.60491000,0
1752278400000000,0.01702000,0.01710000,0.01665000,0.01687000,55650111.00000000,1752281999999999,938033.26404000,6649,27050313.00000000,456338.33301000,0
1752282000000000,0.01688000,0.01736000,0.01688000,0.01730000,84120627.00000000,1752285599999999,1450274.74012000,6242,54153245.00000000,933757.32432000,0
1752285600000000,0.01730000,0.01741000,0.01717000,0.01720000,26899376.00000000,1752289199999999,466629.40254000,3855,17527648.00000000,304197.03420000,0
1752289200000000,0.01720000,0.01735000,0.01719000,0.01729000,19314547.00000000,1752292799999999,333708.57467000,2620,10577555.00000000,182751.26722000,0
1752292800000000,0.01730000,0.01732000,0.01685000,0.01688000,27383406.00000000,1752296399999999,467368.21500000,3907,9712468.00000000,165974.68475000,0
1752296400000000,0.01689000,0.01706000,0.01673000,0.01699000,20813836.00000000,1752299999999999,351521.05966000,3715,12680729.00000000,214234.72554000,0
1752300000000000,0.01698000,0.01726000,0.01693000,0.01723000,24755717.00000000,1752303599999999,423067.08442000,4158,15277302.00000000,261022.03818000,0
1752303600000000,0.01722000,0.01732000,0.01707000,0.01714000,21142150.00000000,1752307199999999,363402.56122000,4027,11020684.00000000,189649.77243000,0
1752307200000000,0.01714000,0.01723000,0.01693000,0.01699000,19524950.00000000,1752310799999999,333595.21392000,3145,10047642.00000000,171712.62992000,0
1752310800000000,0.01698000,0.01723000,0.01693000,0.01717000,25423107.00000000,1752314399999999,434263.96642000,3210,15456480.00000000,264186.36438000,0
1752314400000000,0.01717000,0.01719000,0.01706000,0.01716000,15615965.00000000,1752317999999999,267417.20581000,2774,8955408.00000000,153385.79223000,0
1752318000000000,0.01717000,0.01721000,0.01707000,0.01712000,16912614.00000000,1752321599999999,289623.74673000,3290,9009658.00000000,154345.35001000,0
1752321600000000,0.01711000,0.01720000,0.01656000,0.01680000,49505607.00000000,1752325199999999,833972.67564000,7337,25022818.00000000,421994.12013000,0
1752325200000000,0.01680000,0.01680000,0.01644000,0.01671000,53029304.00000000,1752328799999999,881597.72905000,7526,23129957.00000000,384781.93489000,0
1752328800000000,0.01672000,0.01685000,0.01654000,0.01656000,38089894.00000000,1752332399999999,637494.61929000,5311,20413044.00000000,341760.49792000,0
1752332400000000,0.01656000,0.01659000,0.01616000,0.01628000,71563482.00000000,1752335999999999,1169940.92416000,10360,33960614.00000000,555327.67724000,0
1752336000000000,0.01628000,0.01652000,0.01615000,0.01631000,71702641.00000000,1752339599999999,1173961.93656000,6819,37221691.00000000,609595.77620000,0
1752339600000000,0.01631000,0.01669000,0.01628000,0.01665000,19018705.00000000,1752343199999999,314598.95689000,3662,12272049.00000000,202922.52033000,0
1752343200000000,0.01665000,0.01673000,0.01651000,0.01665000,12297464.00000000,1752346799999999,204450.82379000,2976,6575534.00000000,109380.82174000,0
1752346800000000,0.01666000,0.01670000,0.01654000,0.01664000,7578592.00000000,1752350399999999,125974.69697000,2057,3096701.00000000,51468.46520000,0
1752350400000000,0.01664000,0.01665000,0.01634000,0.01635000,32012195.00000000,1752353999999999,528540.02773000,3099,18178220.00000000,300861.32663000,0
1752354000000000,0.01636000,0.01663000,0.01635000,0.01660000,16618530.00000000,1752357599999999,274180.23345000,2993,9510617.00000000,156896.24666000,0
1752357600000000,0.01661000,0.01664000,0.01644000,0.01661000,25195042.00000000,1752361199999999,417181.23027000,3343,14257527.00000000,235976.35402000,0
1752361200000000,0.01661000,0.01670000,0.01650000,0.01666000,19612804.00000000,1752364799999999,325523.84313000,2526,12462112.00000000,207023.31465000,0
1752364800000000,0.01666000,0.01681000,0.01659000,0.01669000,23656221.00000000,1752368399999999,394923.30880000,4329,13590412.00000000,226833.17293000,0
1752368400000000,0.01669000,0.01686000,0.01665000,0.01677000,15621378.00000000,1752371999999999,261511.71231000,3572,8169011.00000000,136863.76503000,0
1752372000000000,0.01677000,0.01682000,0.01657000,0.01677000,20320307.00000000,1752375599999999,339257.77216000,2713,8716979.00000000,145605.64932000,0
1752375600000000,0.01677000,0.01680000,0.01665000,0.01671000,13606530.00000000,1752379199999999,227574.90366000,2975,7618177.00000000,127437.18969000,0
1752379200000000,0.01672000,0.01697000,0.01663000,0.01697000,30778963.00000000,1752382799999999,517979.11254000,3553,20539412.00000000,346096.27479000,0
1752382800000000,0.01697000,0.01700000,0.01678000,0.01681000,14506030.00000000,1752386399999999,245437.08851000,3189,8464407.00000000,143263.85664000,0
1752386400000000,0.01681000,0.01710000,0.01680000,0.01694000,23841901.00000000,1752389999999999,405238.92263000,3341,13647365.00000000,231986.67651000,0
1752390000000000,0.01694000,0.01717000,0.01691000,0.01707000,21273212.00000000,1752393599999999,362958.26228000,3164,9825594.00000000,167713.83557000,0
1752393600000000,0.01707000,0.01712000,0.01690000,0.01701000,21024255.00000000,1752397199999999,358132.20338000,3626,13410725.00000000,228572.72998000,0
1752397200000000,0.01701000,0.01707000,0.01680000,0.01687000,11469152.00000000,1752400799999999,193926.54660000,2374,5147745.00000000,86959.16296000,0
1752400800000000,0.01688000,0.01699000,0.01685000,0.01688000,12818649.00000000,1752404399999999,216972.46903000,2287,5930330.00000000,100408.43839000,0
1752404400000000,0.01688000,0.01711000,0.01687000,0.01711000,19788331.00000000,1752407999999999,337186.06818000,2868,11288249.00000000,192396.88539000,0
1752408000000000,0.01710000,0.01736000,0.01701000,0.01731000,27117216.00000000,1752411599999999,466446.92387000,4369,15828798.00000000,272514.66672000,0
1752411600000000,0.01730000,0.01741000,0.01712000,0.01730000,34226362.00000000,1752415199999999,591543.59985000,5060,17407200.00000000,301180.59282000,0
1752415200000000,0.01731000,0.01754000,0.01718000,0.01726000,56023277.00000000,1752418799999999,974921.95117000,9561,28785550.00000000,501048.39784000,0
1752418800000000,0.01727000,0.01769000,0.01727000,0.01738000,85616018.00000000,1752422399999999,1500040.02008000,11013,48358455.00000000,847343.41012000,0
1752422400000000,0.01739000,0.01763000,0.01724000,0.01725000,66080587.00000000,1752425999999999,1153965.15103000,9407,38371210.00000000,671136.65042000,0
1752426000000000,0.01725000,0.01745000,0.01717000,0.01736000,18693605.00000000,1752429599999999,323688.29966000,4551,9820004.00000000,170128.57084000,0
1752429600000000,0.01736000,0.01759000,0.01731000,0.01752000,23068690.00000000,1752433199999999,403369.49833000,4793,14292965.00000000,249950.34031000,0
1752433200000000,0.01753000,0.01759000,0.01735000,0.01737000,33080831.00000000,1752436799999999,578817.33372000,5569,19032239.00000000,333191.68284000,0
1752436800000000,0.01737000,0.01761000,0.01731000,0.01758000,21082833.00000000,1752440399999999,368181.93180000,3866,9226301.00000000,161357.83719000,0
1752440400000000,0.01757000,0.01760000,0.01703000,0.01720000,39960178.00000000,1752443999999999,689772.31055000,5578,16036968.00000000,277077.86368000,0
1752444000000000,0.01719000,0.01727000,0.01699000,0.01713000,46021418.00000000,1752447599999999,786827.78313000,7188,18695110.00000000,319593.23785000,0
1752447600000000,0.01713000,0.01730000,0.01703000,0.01724000,24913205.00000000,1752451199999999,427861.75120000,4850,13839815.00000000,237727.10953000,0
1752451200000000,0.01724000,0.01745000,0.01714000,0.01734000,43079541.00000000,1752454799999999,745385.65704000,8334,21590893.00000000,373571.04530000,0
1752454800000000,0.01734000,0.01767000,0.01729000,0.01764000,41573972.00000000,1752458399999999,726111.63789000,8309,25566041.00000000,446650.34975000,0
1752458400000000,0.01765000,0.01797000,0.01755000,0.01775000,64622690.00000000,1752461999999999,1149405.39198000,10672,35143939.00000000,625148.73302000,0
1752462000000000,0.01775000,0.01819000,0.01773000,0.01800000,72875771.00000000,1752465599999999,1309284.50161000,12275,36222003.00000000,651086.36913000,0
1752465600000000,0.01800000,0.01836000,0.01788000,0.01834000,60065700.00000000,1752469199999999,1089313.19447000,9790,32274338.00000000,585852.55581000,0
1752469200000000,0.01834000,0.01841000,0.01767000,0.01788000,109078827.00000000,1752472799999999,1975922.51672000,14258,47498281.00000000,860029.82305000,0
1752472800000000,0.01788000,0.01793000,0.01768000,0.01777000,35361145.00000000,1752476399999999,629981.17821000,7726,18187451.00000000,324122.08378000,0
1752476400000000,0.01776000,0.01808000,0.01774000,0.01796000,60508711.00000000,1752479999999999,1086115.94861000,9541,30284248.00000000,543398.86523000,0
1752480000000000,0.01797000,0.01798000,0.01758000,0.01778000,55318410.00000000,1752483599999999,981476.41177000,10315,25019664.00000000,443940.56783000,0
1752483600000000,0.01778000,0.01793000,0.01768000,0.01776000,42072986.00000000,1752487199999999,749383.64992000,7916,20654078.00000000,368050.87869000,0
1752487200000000,0.01776000,0.01786000,0.01755000,0.01779000,32085409.00000000,1752490799999999,568098.60455000,6375,16431936.00000000,291100.02973000,0
1752490800000000,0.01779000,0.01782000,0.01755000,0.01757000,25978585.00000000,1752494399999999,458897.02832000,5730,8918151.00000000,157585.81320000,0
1752494400000000,0.01757000,0.01767000,0.01746000,0.01763000,31293721.00000000,1752497999999999,549905.69669000,4874,14275455.00000000,250819.61910000,0
1752498000000000,0.01764000,0.01779000,0.01750000,0.01766000,51220411.00000000,1752501599999999,905179.33166000,8935,28302791.00000000,500335.76197000,0
1752501600000000,0.01767000,0.01779000,0.01722000,0.01745000,63772139.00000000,1752505199999999,1110947.62777000,13755,24142894.00000000,421359.46567000,0
1752505200000000,0.01745000,0.01745000,0.01702000,0.01718000,64880713.00000000,1752508799999999,1117207.18145000,12434,29602416.00000000,509996.11633000,0
1752508800000000,0.01718000,0.01737000,0.01706000,0.01730000,45795203.00000000,1752512399999999,788303.68861000,7851,22952525.00000000,395032.33926000,0
1752512400000000,0.01730000,0.01731000,0.01707000,0.01718000,30396930.00000000,1752515999999999,521754.85206000,4354,13592639.00000000,233475.48788000,0
1752516000000000,0.01718000,0.01718000,0.01688000,0.01690000,30488610.00000000,1752519599999999,519284.91157000,5377,15011065.00000000,255848.39849000,0
1752519600000000,0.01690000,0.01700000,0.01679000,0.01690000,23481147.00000000,1752523199999999,397078.16602000,4600,12797675.00000000,216502.01107000,0
1752523200000000,0.01690000,0.01708000,0.01667000,0.01700000,61671407.00000000,1752526799999999,1038023.43534000,6982,31871377.00000000,537168.79558000,0
1752526800000000,0.01699000,0.01713000,0.01694000,0.01709000,16029064.00000000,1752530399999999,272933.10154000,3095,8473325.00000000,144347.79955000,0
1752530400000000,0.01708000,0.01715000,0.01699000,0.01707000,18754218.00000000,1752533999999999,320249.77038000,3338,11924163.00000000,203699.29536000,0
1752534000000000,0.01707000,0.01709000,0.01691000,0.01705000,19947605.00000000,1752537599999999,339754.08902000,3046,11403885.00000000,194277.10417000,0
1752537600000000,0.01706000,0.01721000,0.01680000,0.01688000,28800142.00000000,1752541199999999,489203.85717000,5662,12038694.00000000,204739.85775000,0
1752541200000000,0.01687000,0.01702000,0.01665000,0.01682000,34156841.00000000,1752544799999999,573989.14788000,6483,16027368.00000000,269407.13579000,0
1752544800000000,0.01682000,0.01694000,0.01667000,0.01672000,47799744.00000000,1752548399999999,802730.00595000,9336,24388767.00000000,409834.24873000,0
1752548400000000,0.01672000,0.01672000,0.01638000,0.01658000,88958552.00000000,1752551999999999,1470069.96932000,12032,37843903.00000000,625451.60755000,0
1752552000000000,0.01658000,0.01680000,0.01640000,0.01674000,37985130.00000000,1752555599999999,630207.23434000,5226,14211223.00000000,236461.00667000,0
1752555600000000,0.01674000,0.01680000,0.01664000,0.01670000,19501977.00000000,1752559199999999,326048.29070000,3047,11848704.00000000,198255.24740000,0
1752559200000000,0.01670000,0.01682000,0.01661000,0.01673000,36577301.00000000,1752562799999999,611098.56396000,5403,21367466.00000000,356908.36812000,0
1752562800000000,0.01674000,0.01685000,0.01656000,0.01659000,29110258.00000000,1752566399999999,485957.60690000,5189,19111573.00000000,319209.14041000,0
1752566400000000,0.01659000,0.01670000,0.01644000,0.01660000,22725718.00000000,1752569999999999,376231.88091000,3360,10341048.00000000,171296.80353000,0
1752570000000000,0.01659000,0.01678000,0.01659000,0.01665000,28767329.00000000,1752573599999999,480164.79239000,4171,15261960.00000000,254794.25612000,0
1752573600000000,0.01665000,0.01674000,0.01662000,0.01668000,14326348.00000000,1752577199999999,238970.81567000,2674,8290691.00000000,138331.41102000,0
1752577200000000,0.01668000,0.01673000,0.01651000,0.01670000,23671341.00000000,1752580799999999,392485.34376000,3536,15024940.00000000,249042.70285000,0
1752580800000000,0.01670000,0.01693000,0.01648000,0.01678000,32747922.00000000,1752584399999999,547506.84338000,7157,17350296.00000000,290245.25710000,0
1752584400000000,0.01677000,0.01717000,0.01677000,0.01710000,50443978.00000000,1752587999999999,858473.77519000,11198,26885398.00000000,457406.61322000,0
1752588000000000,0.01711000,0.01722000,0.01650000,0.01658000,59517034.00000000,1752591599999999,1002627.58208000,13068,27062149.00000000,456648.90637000,0
1752591600000000,0.01659000,0.01717000,0.01655000,0.01711000,48865493.00000000,1752595199999999,824322.93631000,8591,21700294.00000000,366198.44259000,0
1752595200000000,0.01711000,0.01746000,0.01709000,0.01730000,47911324.00000000,1752598799999999,829249.90045000,6975,22606906.00000000,391240.34888000,0
1752598800000000,0.01730000,0.01772000,0.01725000,0.01771000,42152879.00000000,1752602399999999,738076.27765000,7529,24735142.00000000,433292.02431000,0
1752602400000000,0.01771000,0.01796000,0.01733000,0.01747000,110303213.00000000,1752605999999999,1951242.30052000,16829,50516645.00000000,894659.32374000,0
1752606000000000,0.01746000,0.01766000,0.01714000,0.01720000,37063535.00000000,1752609599999999,645103.42900000,6628,18614754.00000000,323895.00387000,0
1752609600000000,0.01720000,0.01740000,0.01711000,0.01726000,43746910.00000000,1752613199999999,756143.90200000,6529,23948941.00000000,414058.64160000,0
1752613200000000,0.01725000,0.01760000,0.01723000,0.01756000,28255752.00000000,1752616799999999,493464.13675000,3934,14327467.00000000,250250.56811000,0
1752616800000000,0.01756000,0.01757000,0.01740000,0.01756000,14195140.00000000,1752620399999999,248435.78893000,3033,7034121.00000000,123177.22606000,0
1752620400000000,0.01756000,0.01786000,0.01756000,0.01782000,32773813.00000000,1752623999999999,581601.53669000,5526,20316857.00000000,360450.68896000,0
1752624000000000,0.01782000,0.01792000,0.01767000,0.01789000,32540610.00000000,1752627599999999,578671.65736000,4960,13525497.00000000,240723.98252000,0
1752627600000000,0.01789000,0.01796000,0.01778000,0.01782000,38559086.00000000,1752631199999999,690340.24287000,4138,17126635.00000000,306409.91050000,0
1752631200000000,0.01781000,0.01782000,0.01736000,0.01746000,30464083.00000000,1752634799999999,535450.28187000,4817,8630820.00000000,151576.72227000,0
1752634800000000,0.01745000,0.01751000,0.01739000,0.01745000,14271847.00000000,1752638399999999,248891.85336000,2302,8096523.00000000,141172.77723000,0
1752638400000000,0.01746000,0.01751000,0.01729000,0.01749000,13658840.00000000,1752641999999999,237893.82422000,2917,6886454.00000000,120069.60430000,0
1752642000000000,0.01749000,0.01764000,0.01748000,0.01753000,23614840.00000000,1752645599999999,414939.68679000,3430,10992697.00000000,193106.27856000,0
1752645600000000,0.01753000,0.01776000,0.01744000,0.01774000,35681425.00000000,1752649199999999,629409.75573000,3893,23674473.00000000,417790.53675000,0
1752649200000000,0.01774000,0.01790000,0.01765000,0.01780000,21884557.00000000,1752652799999999,388976.60620000,3756,12269526.00000000,217939.21305000,0
1752652800000000,0.01781000,0.01782000,0.01768000,0.01773000,28638682.00000000,1752656399999999,508335.83973000,3711,10341120.00000000,183604.29338000,0
1752656400000000,0.01773000,0.01784000,0.01759000,0.01770000,27775825.00000000,1752659999999999,492514.32238000,4118,14047441.00000000,249263.88315000,0
1752660000000000,0.01770000,0.01771000,0.01751000,0.01751000,16144554.00000000,1752663599999999,284193.59188000,2879,8888133.00000000,156505.54430000,0
1752663600000000,0.01751000,0.01768000,0.01751000,0.01765000,14639847.00000000,1752667199999999,257821.22189000,2619,9396293.00000000,165526.30719000,0
1752667200000000,0.01765000,0.01790000,0.01762000,0.01773000,28930795.00000000,1752670799999999,513966.29577000,5271,17942411.00000000,318782.87873000,0
1752670800000000,0.01773000,0.01784000,0.01754000,0.01771000,51882439.00000000,1752674399999999,916607.60777000,6761,22802532.00000000,403021.09064000,0
1752674400000000,0.01770000,0.01806000,0.01753000,0.01801000,114746754.00000000,1752677999999999,2045414.63071000,15962,46812709.00000000,834620.85376000,0
1752678000000000,0.01801000,0.01809000,0.01759000,0.01782000,68738381.00000000,1752681599999999,1227120.02423000,13728,34339964.00000000,612937.60856000,0
1752681600000000,0.01781000,0.01829000,0.01780000,0.01828000,66095344.00000000,1752685199999999,1194346.36627000,11791,35330845.00000000,638680.36786000,0
1752685200000000,0.01828000,0.01844000,0.01821000,0.01835000,50328756.00000000,1752688799999999,922049.00299000,8610,30804515.00000000,564590.41256000,0
1752688800000000,0.01836000,0.01859000,0.01830000,0.01836000,54760223.00000000,1752692399999999,1010413.29045000,10011,28419997.00000000,524519.48602000,0
1752692400000000,0.01837000,0.01842000,0.01817000,0.01833000,40658379.00000000,1752695999999999,743583.59203000,8359,18603927.00000000,340354.41023000,0
1752696000000000,0.01834000,0.01878000,0.01833000,0.01861000,73085865.00000000,1752699599999999,1359244.05702000,10770,40158758.00000000,746610.26278000,0
1752699600000000,0.01862000,0.01892000,0.01852000,0.01870000,58594018.00000000,1752703199999999,1096418.13562000,9955,31638767.00000000,592088.82818000,0
1752703200000000,0.01870000,0.01888000,0.01830000,0.01843000,61775174.00000000,1752706799999999,1146850.19487000,8940,32930108.00000000,612181.52428000,0
1752706800000000,0.01843000,0.01845000,0.01809000,0.01815000,30535078.00000000,1752710399999999,556530.84386000,6533,13006720.00000000,237099.63856000,0
1752710400000000,0.01815000,0.01857000,0.01810000,0.01825000,35417506.00000000,1752713999999999,650905.00159000,7744,17551640.00000000,322806.67468000,0
1752714000000000,0.01824000,0.01839000,0.01774000,0.01790000,51035920.00000000,1752717599999999,920141.80533000,9218,20098235.00000000,363069.51359000,0
1752717600000000,0.01789000,0.01812000,0.01785000,0.01809000,17368804.00000000,1752721199999999,312892.60900000,4819,8677052.00000000,156287.61939000,0
1752721200000000,0.01809000,0.01809000,0.01762000,0.01776000,32001364.00000000,1752724799999999,569097.52112000,6973,12287700.00000000,218535.35573000,0
1752724800000000,0.01776000,0.01795000,0.01770000,0.01795000,27928555.00000000,1752728399999999,497473.42405000,5771,16683712.00000000,297304.63644000,0
1752728400000000,0.01794000,0.01823000,0.01780000,0.01822000,21756990.00000000,1752731999999999,391297.79386000,4955,12274095.00000000,220930.14942000,0
1752732000000000,0.01822000,0.01852000,0.01809000,0.01830000,38033560.00000000,1752735599999999,697144.40308000,8073,23019984.00000000,422142.23174000,0
1752735600000000,0.01830000,0.01840000,0.01809000,0.01834000,35591684.00000000,1752739199999999,649103.54080000,6211,20077999.00000000,366149.45957000,0
1752739200000000,0.01835000,0.01852000,0.01829000,0.01847000,68317989.00000000,1752742799999999,1257782.23517000,7743,34568450.00000000,636452.11094000,0
1752742800000000,0.01846000,0.01877000,0.01840000,0.01864000,46064209.00000000,1752746399999999,858949.54532000,6949,20440222.00000000,381387.10600000,0
1752746400000000,0.01863000,0.01870000,0.01846000,0.01852000,34398579.00000000,1752749999999999,638616.86514000,7392,15653231.00000000,290691.42933000,0
1752750000000000,0.01852000,0.01856000,0.01836000,0.01842000,29865638.00000000,1752753599999999,551045.02617000,5417,13751017.00000000,253752.30526000,0
1752753600000000,0.01841000,0.01865000,0.01822000,0.01857000,52702156.00000000,1752757199999999,971180.18022000,10425,27576297.00000000,508364.43830000,0
1752757200000000,0.01856000,0.01866000,0.01808000,0.01842000,58163612.00000000,1752760799999999,1069570.90931000,13469,26303973.00000000,484112.14505000,0
1752760800000000,0.01843000,0.01864000,0.01829000,0.01853000,43351354.00000000,1752764399999999,801149.33186000,9962,21805163.00000000,403155.98469000,0
1752764400000000,0.01854000,0.01859000,0.01821000,0.01845000,34069280.00000000,1752767999999999,627498.53192000,8563,14868308.00000000,273979.44810000,0
1752768000000000,0.01844000,0.01854000,0.01786000,0.01816000,70931588.00000000,1752771599999999,1283920.63578000,13596,33946063.00000000,614083.74089000,0
1752771600000000,0.01816000,0.01845000,0.01808000,0.01843000,49964978.00000000,1752775199999999,913437.76358000,8676,27793923.00000000,508017.61475000,0
1752775200000000,0.01843000,0.01852000,0.01832000,0.01843000,24574824.00000000,1752778799999999,452627.06392000,4712,11338587.00000000,208946.59753000,0
1752778800000000,0.01844000,0.01856000,0.01804000,0.01806000,35192016.00000000,1752782399999999,647817.07279000,6358,17175802.00000000,316624.59626000,0
1752782400000000,0.01806000,0.01821000,0.01779000,0.01812000,57992763.00000000,1752785999999999,1043453.79097000,10339,27049008.00000000,486817.07506000,0
1752786000000000,0.01812000,0.01872000,0.01812000,0.01850000,74704936.00000000,1752789599999999,1379734.32666000,13605,41352117.00000000,763842.72677000,0
1752789600000000,0.01851000,0.01890000,0.01841000,0.01875000,43643724.00000000,1752793199999999,815895.37044000,9907,24469127.00000000,457755.78123000,0
1752793200000000,0.01875000,0.01894000,0.01858000,0.01861000,45933306.00000000,1752796799999999,863298.54929000,10323,24114910.00000000,453438.45770000,0
1752796800000000,0.01861000,0.01906000,0.01849000,0.01904000,42497462.00000000,1752800399999999,799539.66773000,8934,23683704.00000000,445899.15364000,0
1752800400000000,0.01904000,0.01934000,0.01898000,0.01928000,68440892.00000000,1752803999999999,1311968.77631000,12351,34656986.00000000,664818.16932000,0
1752804000000000,0.01928000,0.01931000,0.01903000,0.01919000,45976720.00000000,1752807599999999,880310.60128000,8127,21804008.00000000,417402.27740000,0
1752807600000000,0.01919000,0.01931000,0.01910000,0.01931000,33938855.00000000,1752811199999999,651717.86254000,5462,15819884.00000000,303864.56393000,0
1752811200000000,0.01931000,0.01986000,0.01918000,0.01984000,77667106.00000000,1752814799999999,1516247.73990000,9408,40929078.00000000,799928.11479000,0
1752814800000000,0.01984000,0.02048000,0.01975000,0.02042000,116272848.00000000,1752818399999999,2333032.68214000,17185,63460574.00000000,1272975.29029000,0
1752818400000000,0.02042000,0.02042000,0.01994000,0.02027000,120603445.00000000,1752821999999999,2431939.54753000,14876,58253481.00000000,1173918.62618000,0
1752822000000000,0.02028000,0.02045000,0.01996000,0.01999000,111291943.00000000,1752825599999999,2250622.59658000,16157,58114371.00000000,1175874.88520000,0
1752825600000000,0.02000000,0.02030000,0.01968000,0.01984000,107647813.00000000,1752829199999999,2148863.60994000,14962,51943670.00000000,1037007.23677000,0
1752829200000000,0.01984000,0.02011000,0.01971000,0.02009000,46757713.00000000,1752832799999999,930869.87252000,8732,26506215.00000000,527986.57187000,0
1752832800000000,0.02010000,0.02010000,0.01955000,0.01990000,39925137.00000000,1752836399999999,788820.68623000,7129,18363970.00000000,362979.69464000,0
1752836400000000,0.01991000,0.01993000,0.01952000,0.01985000,53439253.00000000,1752839999999999,1053740.88785000,7234,29494044.00000000,581953.25110000,0
1752840000000000,0.01985000,0.02020000,0.01975000,0.02020000,40586831.00000000,1752843599999999,809078.75630000,6930,21483615.00000000,428566.97684000,0
1752843600000000,0.02020000,0.02030000,0.01993000,0.02005000,62393398.00000000,1752847199999999,1255949.49340000,13964,31859509.00000000,641503.72079000,0
1752847200000000,0.02005000,0.02026000,0.01924000,0.01952000,116965917.00000000,1752850799999999,2295251.33784000,23111,55486701.00000000,1090255.62220000,0
1752850800000000,0.01951000,0.01963000,0.01887000,0.01910000,138898944.00000000,1752854399999999,2658091.09606000,19209,69452048.00000000,1328729.93935000,0
1752854400000000,0.01910000,0.01942000,0.01902000,0.01926000,60575708.00000000,1752857999999999,1164375.54278000,15685,36455457.00000000,700538.62508000,0
1752858000000000,0.01926000,0.01947000,0.01913000,0.01937000,41881429.00000000,1752861599999999,808456.70876000,7605,22196698.00000000,428626.25830000,0
1752861600000000,0.01936000,0.01936000,0.01893000,0.01897000,29356924.00000000,1752865199999999,561220.09208000,7605,13504167.00000000,258343.54382000,0
1752865200000000,0.01897000,0.01909000,0.01874000,0.01891000,46660937.00000000,1752868799999999,881272.34331000,10182,22529312.00000000,425567.37434000,0
1752868800000000,0.01890000,0.01892000,0.01821000,0.01860000,82681300.00000000,1752872399999999,1531109.52747000,18382,36276041.00000000,671673.68165000,0
1752872400000000,0.01859000,0.01896000,0.01855000,0.01874000,30811873.00000000,1752875999999999,578916.15927000,6535,17763904.00000000,333734.58631000,0
1752876000000000,0.01874000,0.01892000,0.01851000,0.01854000,62169310.00000000,1752879599999999,1163040.77554000,9722,31884161.00000000,597095.23751000,0
1752879600000000,0.01854000,0.01870000,0.01835000,0.01869000,35051189.00000000,1752883199999999,650044.38282000,6569,20173105.00000000,374264.65072000,0
1752883200000000,0.01870000,0.01878000,0.01825000,0.01825000,32833477.00000000,1752886799999999,610712.27542000,7174,14421114.00000000,268481.82273000,0
1752886800000000,0.01825000,0.01859000,0.01808000,0.01851000,58048200.00000000,1752890399999999,1068228.39875000,8531,31495046.00000000,579611.40685000,0
1752890400000000,0.01852000,0.01874000,0.01838000,0.01868000,36824268.00000000,1752893999999999,684278.50644000,7787,22536022.00000000,419264.32454000,0
1752894000000000,0.01868000,0.01907000,0.01866000,0.01907000,39578735.00000000,1752897599999999,747111.01852000,6181,23715216.00000000,447873.24024000,0
1752897600000000,0.01908000,0.01934000,0.01899000,0.01913000,54119393.00000000,1752901199999999,1036164.31213000,9175,28797676.00000000,551588.65799000,0
1752901200000000,0.01913000,0.01919000,0.01892000,0.01899000,49976741.00000000,1752904799999999,950207.74230000,6243,24970511.00000000,474782.66985000,0
1752904800000000,0.01898000,0.01909000,0.01885000,0.01895000,30348779.00000000,1752908399999999,575682.69760000,5864,16977696.00000000,322163.19045000,0
1752908400000000,0.01895000,0.01902000,0.01871000,0.01877000,91250344.00000000,1752911999999999,1716016.89376000,8352,51405046.00000000,966326.91739000,0
1752912000000000,0.01877000,0.01881000,0.01854000,0.01864000,51861287.00000000,1752915599999999,969611.89981000,8742,20933579.00000000,391104.48789000,0
1752915600000000,0.01864000,0.01879000,0.01848000,0.01855000,35144334.00000000,1752919199999999,654772.02529000,6472,18928193.00000000,352703.39802000,0
1752919200000000,0.01855000,0.01874000,0.01846000,0.01858000,30394088.00000000,1752922799999999,564813.15586000,5708,12583206.00000000,233846.30488000,0
1752922800000000,0.01859000,0.01869000,0.01834000,0.01839000,35796556.00000000,1752926399999999,662134.24938000,6244,16034006.00000000,296760.35788000,0
1752926400000000,0.01839000,0.01854000,0.01828000,0.01853000,19849063.00000000,1752929999999999,365454.08956000,5447,9561894.00000000,176006.43548000,0
1752930000000000,0.01852000,0.01853000,0.01830000,0.01838000,21284887.00000000,1752933599999999,392066.47002000,4470,9944018.00000000,183137.22651000,0
1752933600000000,0.01839000,0.01842000,0.01809000,0.01813000,36584589.00000000,1752937199999999,667301.09606000,7178,17740197.00000000,323742.96356000,0
1752937200000000,0.01812000,0.01848000,0.01812000,0.01834000,36338194.00000000,1752940799999999,666531.63219000,6196,21958401.00000000,402706.86889000,0
1752940800000000,0.01833000,0.01861000,0.01823000,0.01851000,29197202.00000000,1752944399999999,538479.86395000,7098,15262789.00000000,281551.31077000,0
1752944400000000,0.01850000,0.01851000,0.01832000,0.01850000,22474199.00000000,1752947999999999,414223.58814000,4824,10570099.00000000,194863.02845000,0
1752948000000000,0.01849000,0.01879000,0.01846000,0.01874000,39317784.00000000,1752951599999999,734345.15948000,7445,25271812.00000000,471959.86876000,0
1752951600000000,0.01874000,0.01931000,0.01871000,0.01920000,65445842.00000000,1752955199999999,1249574.17762000,11614,40026523.00000000,764858.04237000,0
1752955200000000,0.01920000,0.01944000,0.01916000,0.01921000,76499870.00000000,1752958799999999,1473948.26802000,11108,34516289.00000000,665260.99967000,0
1752958800000000,0.01921000,0.01927000,0.01895000,0.01917000,46185880.00000000,1752962399999999,881346.69949000,7555,24720418.00000000,471622.38297000,0
1752962400000000,0.01917000,0.01930000,0.01906000,0.01922000,25860120.00000000,1752965999999999,496251.75451000,5777,14240012.00000000,273382.37877000,0
1752966000000000,0.01922000,0.01933000,0.01914000,0.01932000,26004731.00000000,1752969599999999,500697.96276000,4732,14437759.00000000,278044.40090000,0
1752969600000000,0.01932000,0.01936000,0.01911000,0.01924000,60379897.00000000,1752973199999999,1160998.41838000,8537,31408500.00000000,603966.67776000,0
1752973200000000,0.01924000,0.01949000,0.01918000,0.01919000,49171217.00000000,1752976799999999,953001.31321000,10669,26891317.00000000,521185.27767000,0
1752976800000000,0.01919000,0.01936000,0.01912000,0.01925000,18889202.00000000,1752980399999999,363527.39448000,6075,9207620.00000000,177216.36649000,0
1752980400000000,0.01924000,0.01955000,0.01919000,0.01936000,27496730.00000000,1752983999999999,533250.68052000,6527,13013290.00000000,252230.82719000,0
1752984000000000,0.01936000,0.01961000,0.01927000,0.01944000,31989634.00000000,1752987599999999,622193.76639000,7111,18022383.00000000,350549.67416000,0
1752987600000000,0.01944000,0.01977000,0.01931000,0.01970000,55250570.00000000,1752991199999999,1076827.59658000,6758,33219376.00000000,647393.89206000,0
1752991200000000,0.01970000,0.01981000,0.01948000,0.01951000,40482038.00000000,1752994799999999,795768.04881000,6368,18191278.00000000,357796.05908000,0
1752994800000000,0.01951000,0.01979000,0.01950000,0.01964000,34911045.00000000,1752998399999999,686006.90705000,7033,18253145.00000000,358693.00205000,0
1752998400000000,0.01964000,0.01989000,0.01963000,0.01983000,44682934.00000000,1753001999999999,883435.54745000,7699,26177062.00000000,517552.81687000,0
1753002000000000,0.01983000,0.02000000,0.01967000,0.01984000,35887054.00000000,1753005599999999,712216.32755000,7521,17106553.00000000,339592.58300000,0
1753005600000000,0.01984000,0.01989000,0.01970000,0.01972000,43034914.00000000,1753009199999999,852672.06859000,7119,17734593.00000000,351471.32373000,0
1753009200000000,0.01973000,0.02003000,0.01972000,0.01990000,35503169.00000000,1753012799999999,706093.83271000,7758,16702736.00000000,332547.72951000,0
1753012800000000,0.01990000,0.01997000,0.01973000,0.01991000,45943201.00000000,1753016399999999,911507.95165000,8150,20610678.00000000,409134.49743000,0
1753016400000000,0.01992000,0.02009000,0.01988000,0.02008000,40936171.00000000,1753019999999999,816984.61820000,6713,19799732.00000000,395265.08776000,0
1753020000000000,0.02007000,0.02011000,0.01976000,0.02001000,51146841.00000000,1753023599999999,1021595.55141000,9387,27836048.00000000,556085.66859000,0
1753023600000000,0.02001000,0.02032000,0.01994000,0.02029000,58412930.00000000,1753027199999999,1176534.39765000,10235,25409388.00000000,511862.73237000,0
1753027200000000,0.02029000,0.02057000,0.02025000,0.02040000,104356859.00000000,1753030799999999,2131210.08484000,15301,49077290.00000000,1002745.31159000,0
1753030800000000,0.02040000,0.02047000,0.01998000,0.02001000,100092111.00000000,1753034399999999,2024435.15840000,19280,43106014.00000000,871935.26250000,0
1753034400000000,0.02001000,0.02027000,0.02000000,0.02024000,53534618.00000000,1753037999999999,1076739.45759000,10916,26135176.00000000,525849.46344000,0
1753038000000000,0.02024000,0.02040000,0.02009000,0.02011000,51382509.00000000,1753041599999999,1039611.78696000,10179,23093021.00000000,467573.35042000,0
1753041600000000,0.02011000,0.02019000,0.01993000,0.02002000,34155002.00000000,1753045199999999,683747.59509000,6170,16574692.00000000,331730.73476000,0
1753045200000000,0.02001000,0.02015000,0.01977000,0.02014000,34547130.00000000,1753048799999999,689076.14549000,6742,16623749.00000000,331878.19363000,0
1753048800000000,0.02015000,0.02017000,0.01934000,0.01991000,121247264.00000000,1753052399999999,2392325.84114000,19240,57551477.00000000,1136720.00293000,0
1753052400000000,0.01991000,0.02019000,0.01977000,0.01996000,46462707.00000000,1753055999999999,927360.46233000,8646,27159586.00000000,542114.70091000,0
1753056000000000,0.01997000,0.02000000,0.01953000,0.01987000,54560180.00000000,1753059599999999,1077104.45983000,10078,26209332.00000000,517447.36894000,0
1753059600000000,0.01988000,0.01994000,0.01947000,0.01972000,25586125.00000000,1753063199999999,503411.49932000,7530,10564003.00000000,208049.50811000,0
1753063200000000,0.01972000,0.02002000,0.01972000,0.02002000,30336986.00000000,1753066799999999,603614.82252000,6034,15232051.00000000,303029.31409000,0
1753066800000000,0.02003000,0.02032000,0.02000000,0.02027000,25465883.00000000,1753070399999999,514220.36040000,5522,12640550.00000000,255186.88685000,0
1753070400000000,0.02027000,0.02032000,0.02015000,0.02019000,28907457.00000000,1753073999999999,585326.64586000,5108,17754608.00000000,359622.61333000,0
1753074000000000,0.02019000,0.02026000,0.01999000,0.02025000,39328833.00000000,1753077599999999,791259.78038000,5151,15697778.00000000,316113.87926000,0
1753077600000000,0.02025000,0.02048000,0.02019000,0.02037000,45085391.00000000,1753081199999999,918270.88815000,7403,26346223.00000000,536714.54817000,0
1753081200000000,0.02037000,0.02052000,0.02037000,0.02046000,39682557.00000000,1753084799999999,812041.34049000,6166,22645478.00000000,463498.08632000,0
1753084800000000,0.02046000,0.02066000,0.02026000,0.02037000,38556662.00000000,1753088399999999,790112.78956000,7770,19520238.00000000,400465.48150000,0
1753088400000000,0.02037000,0.02041000,0.02011000,0.02024000,46609047.00000000,1753091999999999,943647.51278000,6919,23946650.00000000,484976.63942000,0
1753092000000000,0.02024000,0.02040000,0.02004000,0.02038000,28836875.00000000,1753095599999999,582279.51488000,5416,13399308.00000000,270707.64087000,0
1753095600000000,0.02037000,0.02071000,0.02036000,0.02050000,39895840.00000000,1753099199999999,819000.90587000,7636,21354995.00000000,438354.91531000,0
1753099200000000,0.02051000,0.02069000,0.02034000,0.02055000,45665356.00000000,1753102799999999,937660.86897000,8049,24725621.00000000,508117.72322000,0
1753102800000000,0.02055000,0.02079000,0.02026000,0.02065000,76996059.00000000,1753106399999999,1580190.09650000,10460,39813617.00000000,818957.24994000,0
1753106400000000,0.02065000,0.02094000,0.02041000,0.02074000,58442918.00000000,1753109999999999,1213276.46739000,13271,26480980.00000000,549966.52938000,0
1753110000000000,0.02074000,0.02097000,0.02045000,0.02048000,105588712.00000000,1753113599999999,2177785.86040000,13385,53734915.00000000,1109028.41146000,0
1753113600000000,0.02048000,0.02052000,0.01988000,0.02010000,78870863.00000000,1753117199999999,1587532.50184000,14354,37767479.00000000,760594.81936000,0
1753117200000000,0.02010000,0.02026000,0.01996000,0.02019000,46253231.00000000,1753120799999999,930504.04614000,8544,21130151.00000000,425114.20968000,0
1753120800000000,0.02020000,0.02053000,0.01999000,0.02004000,49513448.00000000,1753124399999999,1001898.26807000,9500,20541301.00000000,416090.21833000,0
1753124400000000,0.02003000,0.02023000,0.01976000,0.01987000,48559381.00000000,1753127999999999,968328.66433000,10051,23790329.00000000,474426.01839000,0
1753128000000000,0.01987000,0.02015000,0.01980000,0.01988000,35237999.00000000,1753131599999999,703936.76509000,7492,17458663.00000000,348839.16734000,0
1753131600000000,0.01987000,0.02019000,0.01980000,0.02002000,31419279.00000000,1753135199999999,628902.07739000,4333,18855424.00000000,377761.21014000,0
1753135200000000,0.02002000,0.02035000,0.01999000,0.02029000,18639937.00000000,1753138799999999,376486.26792000,3809,10736836.00000000,216903.19597000,0
1753138800000000,0.02029000,0.02051000,0.02016000,0.02032000,19606392.00000000,1753142399999999,398952.01997000,4273,10663187.00000000,217114.52173000,0
1753142400000000,0.02032000,0.02045000,0.02007000,0.02010000,23649283.00000000,1753145999999999,479665.82570000,6684,11426677.00000000,231841.93131000,0
1753146000000000,0.02010000,0.02070000,0.01954000,0.02060000,103304707.00000000,1753149599999999,2066499.40564000,17438,53291459.00000000,1066878.97281000,0
1753149600000000,0.02060000,0.02063000,0.01993000,0.02001000,44322605.00000000,1753153199999999,902826.74555000,9556,19623839.00000000,399700.55356000,0
1753153200000000,0.02001000,0.02013000,0.01961000,0.01984000,75238332.00000000,1753156799999999,1492673.18030000,13112,37362265.00000000,740518.01202000,0
1753156800000000,0.01983000,0.01987000,0.01917000,0.01918000,90425185.00000000,1753160399999999,1759299.22183000,14596,40466205.00000000,787534.18941000,0
1753160400000000,0.01918000,0.01961000,0.01916000,0.01937000,53188950.00000000,1753163999999999,1030400.91308000,8933,28381068.00000000,549835.11386000,0
1753164000000000,0.01937000,0.01964000,0.01927000,0.01947000,39658654.00000000,1753167599999999,772843.16421000,7123,20639001.00000000,402155.84546000,0
1753167600000000,0.01947000,0.01979000,0.01935000,0.01943000,33583224.00000000,1753171199999999,657335.74122000,6612,16673253.00000000,326690.10979000,0
1753171200000000,0.01943000,0.01944000,0.01889000,0.01926000,69841545.00000000,1753174799999999,1333846.41165000,11150,29931563.00000000,571896.72047000,0
1753174800000000,0.01926000,0.01940000,0.01893000,0.01930000,42731975.00000000,1753178399999999,818996.06857000,9726,22854120.00000000,437972.39946000,0
1753178400000000,0.01930000,0.01965000,0.01922000,0.01964000,29065026.00000000,1753181999999999,564310.74274000,6307,15136331.00000000,294195.03482000,0
1753182000000000,0.01964000,0.01971000,0.01940000,0.01959000,31189966.00000000,1753185599999999,610079.32770000,5871,16018540.00000000,313521.99452000,0
1753185600000000,0.01959000,0.01968000,0.01947000,0.01955000,28370828.00000000,1753189199999999,555650.29211000,5826,15603840.00000000,305693.35091000,0
1753189200000000,0.01956000,0.01978000,0.01916000,0.01932000,92763292.00000000,1753192799999999,1800792.73714000,18238,46978371.00000000,912189.14012000,0
1753192800000000,0.01932000,0.01974000,0.01903000,0.01974000,67073274.00000000,1753196399999999,1295757.72863000,14159,39699484.00000000,767254.60633000,0
1753196400000000,0.01974000,0.01999000,0.01963000,0.01971000,58143022.00000000,1753199999999999,1151344.14001000,13076,29393161.00000000,582010.21728000,0
1753200000000000,0.01971000,0.02012000,0.01962000,0.01981000,46755303.00000000,1753203599999999,930970.47180000,10453,27195114.00000000,541370.61389000,0
1753203600000000,0.01980000,0.01987000,0.01941000,0.01966000,42463320.00000000,1753207199999999,833217.24909000,10060,20209666.00000000,396751.85559000,0
1753207200000000,0.01965000,0.02014000,0.01946000,0.01993000,65860272.00000000,1753210799999999,1304308.91716000,11918,35339237.00000000,699486.62127000,0
1753210800000000,0.01992000,0.01999000,0.01943000,0.01949000,35952234.00000000,1753214399999999,710446.40828000,8349,16981623.00000000,335547.27045000,0
1753214400000000,0.01950000,0.01993000,0.01945000,0.01984000,32295759.00000000,1753217999999999,636333.09602000,6466,17958986.00000000,353535.78512000,0
1753218000000000,0.01984000,0.02004000,0.01976000,0.01996000,21396323.00000000,1753221599999999,425799.38456000,3741,11185491.00000000,222685.78203000,0
1753221600000000,0.01997000,0.02010000,0.01992000,0.01997000,16459149.00000000,1753225199999999,329344.88470000,3156,7537259.00000000,150877.34413000,0
1753225200000000,0.01998000,0.02018000,0.01996000,0.02015000,42129067.00000000,1753228799999999,845898.71460000,5209,18617248.00000000,373610.19969000,0
1753228800000000,0.02016000,0.02020000,0.01975000,0.01977000,27394869.00000000,1753232399999999,548113.98785000,4885,10348178.00000000,207228.86073000,0
1753232400000000,0.01978000,0.01989000,0.01964000,0.01985000,24990708.00000000,1753235999999999,493557.37861000,5004,15123067.00000000,298804.45400000,0
1753236000000000,0.01987000,0.01993000,0.01970000,0.01984000,32450049.00000000,1753239599999999,643347.62758000,4945,17579455.00000000,348585.24120000,0
1753239600000000,0.01984000,0.02003000,0.01973000,0.01983000,19407978.00000000,1753243199999999,385379.22011000,3809,8229487.00000000,163456.57792000,0
1753243200000000,0.01984000,0.02018000,0.01979000,0.02015000,23994662.00000000,1753246799999999,481262.60053000,4468,12005298.00000000,240840.73881000,0
1753246800000000,0.02015000,0.02017000,0.02001000,0.02009000,28255276.00000000,1753250399999999,567553.63798000,5402,12481610.00000000,250796.96062000,0
1753250400000000,0.02009000,0.02015000,0.01976000,0.01989000,36841342.00000000,1753253999999999,733195.94481000,5744,18127828.00000000,361126.86374000,0
1753254000000000,0.01989000,0.02003000,0.01966000,0.01978000,32709032.00000000,1753257599999999,648598.26519000,5762,13076771.00000000,259654.56885000,0
1753257600000000,0.01978000,0.01994000,0.01971000,0.01994000,18394527.00000000,1753261199999999,364581.28762000,4324,9638017.00000000,191106.71644000,0
1753261200000000,0.01994000,0.01999000,0.01940000,0.01940000,32986822.00000000,1753264799999999,646968.13333000,6308,13007519.00000000,255141.05383000,0
1753264800000000,0.01940000,0.01940000,0.01920000,0.01932000,43289606.00000000,1753268399999999,836034.44002000,6912,22396538.00000000,432497.52268000,0
1753268400000000,0.01931000,0.01932000,0.01915000,0.01930000,24941061.00000000,1753271999999999,479632.24945000,4981,13318522.00000000,256227.38981000,0
1753272000000000,0.01929000,0.01938000,0.01873000,0.01883000,98878025.00000000,1753275599999999,1874436.46725000,12683,45786414.00000000,868054.70736000,0
1753275600000000,0.01884000,0.01901000,0.01813000,0.01838000,213890108.00000000,1753279199999999,3964872.14595000,38197,106160692.00000000,1970102.37088000,0
1753279200000000,0.01838000,0.01863000,0.01830000,0.01853000,65387831.00000000,1753282799999999,1210504.62096000,12286,32661427.00000000,604792.24429000,0
1753282800000000,0.01853000,0.01869000,0.01826000,0.01864000,40793925.00000000,1753286399999999,752611.10075000,9835,21455915.00000000,395920.06315000,0
1753286400000000,0.01863000,0.01863000,0.01801000,0.01804000,65403862.00000000,1753289999999999,1192389.10377000,11433,30969779.00000000,564586.55965000,0
1753290000000000,0.01804000,0.01816000,0.01768000,0.01802000,116399174.00000000,1753293599999999,2084368.87112000,20487,60008363.00000000,1075688.42484000,0
1753293600000000,0.01803000,0.01826000,0.01803000,0.01825000,24005033.00000000,1753297199999999,435481.46115000,7482,14118781.00000000,256133.20180000,0
1753297200000000,0.01824000,0.01825000,0.01800000,0.01803000,28278174.00000000,1753300799999999,512757.70448000,7442,10650963.00000000,193126.27182000,0
1753300800000000,0.01803000,0.01815000,0.01741000,0.01779000,104444884.00000000,1753304399999999,1846969.65503000,21951,52291431.00000000,925528.78673000,0
1753304400000000,0.01779000,0.01787000,0.01722000,0.01774000,70694633.00000000,1753307999999999,1243856.24899000,14336,37844345.00000000,666345.02029000,0
1753308000000000,0.01774000,0.01794000,0.01759000,0.01782000,24265330.00000000,1753311599999999,432074.80647000,6628,15767120.00000000,280768.58267000,0
1753311600000000,0.01782000,0.01793000,0.01779000,0.01783000,20006902.00000000,1753315199999999,357156.16705000,3742,12377502.00000000,220999.77969000,0
1753315200000000,0.01784000,0.01812000,0.01769000,0.01810000,28630042.00000000,1753318799999999,513701.46696000,6612,17692572.00000000,317788.60725000,0
1753318800000000,0.01809000,0.01813000,0.01789000,0.01810000,23419525.00000000,1753322399999999,422315.00203000,5374,11791062.00000000,212645.30139000,0
1753322400000000,0.01810000,0.01813000,0.01793000,0.01799000,14522272.00000000,1753325999999999,261735.93219000,3513,9334320.00000000,168292.46192000,0
1753326000000000,0.01799000,0.01821000,0.01791000,0.01792000,16889396.00000000,1753329599999999,304855.65219000,4856,9179715.00000000,165697.28556000,0
1753329600000000,0.01792000,0.01803000,0.01754000,0.01756000,31247748.00000000,1753333199999999,554118.27202000,5916,14774410.00000000,262147.66894000,0
1753333200000000,0.01757000,0.01759000,0.01685000,0.01691000,87870477.00000000,1753336799999999,1513638.63390000,14678,38380547.00000000,661922.09823000,0
1753336800000000,0.01691000,0.01729000,0.01647000,0.01675000,89882346.00000000,1753340399999999,1513504.19218000,18969,42374376.00000000,713762.22769000,0
1753340400000000,0.01675000,0.01710000,0.01653000,0.01708000,80631611.00000000,1753343999999999,1361866.12364000,11881,48178485.00000000,814404.85111000,0
1753344000000000,0.01707000,0.01731000,0.01699000,0.01726000,48396046.00000000,1753347599999999,830811.73690000,9952,19775387.00000000,339413.08871000,0
1753347600000000,0.01726000,0.01736000,0.01714000,0.01724000,40813231.00000000,1753351199999999,704290.38655000,6939,16882940.00000000,291343.81686000,0
1753351200000000,0.01725000,0.01736000,0.01691000,0.01718000,40854431.00000000,1753354799999999,698516.39929000,7246,19897614.00000000,340371.13214000,0
1753354800000000,0.01718000,0.01759000,0.01716000,0.01753000,31977267.00000000,1753358399999999,556581.44917000,6008,19157950.00000000,333473.66008000,0
1753358400000000,0.01752000,0.01759000,0.01730000,0.01738000,28845184.00000000,1753361999999999,502840.69285000,5584,15457100.00000000,269557.09157000,0
1753362000000000,0.01737000,0.01755000,0.01723000,0.01725000,30270072.00000000,1753365599999999,527258.45894000,7764,17157211.00000000,299038.45187000,0
1753365600000000,0.01726000,0.01792000,0.01707000,0.01789000,68075788.00000000,1753369199999999,1194215.11219000,11309,40136360.00000000,704922.68674000,0
1753369200000000,0.01789000,0.01807000,0.01766000,0.01773000,76763062.00000000,1753372799999999,1371932.21657000,12945,37906714.00000000,677665.00875000,0
1753372800000000,0.01773000,0.01781000,0.01721000,0.01733000,55018795.00000000,1753376399999999,962193.48858000,9491,29867577.00000000,522718.90953000,0
1753376400000000,0.01734000,0.01777000,0.01730000,0.01763000,33132277.00000000,1753379999999999,585032.31579000,5877,17555094.00000000,309888.31842000,0
1753380000000000,0.01763000,0.01772000,0.01746000,0.01762000,22525723.00000000,1753383599999999,396654.53853000,5414,9863089.00000000,173785.48253000,0
1753383600000000,0.01762000,0.01774000,0.01746000,0.01747000,19132970.00000000,1753387199999999,336910.36815000,5103,7052828.00000000,124347.62401000,0
1753387200000000,0.01747000,0.01772000,0.01744000,0.01766000,37704499.00000000,1753390799999999,662836.23447000,4160,18835391.00000000,331295.11602000,0
1753390800000000,0.01766000,0.01766000,0.01734000,0.01742000,17819021.00000000,1753394399999999,311563.65677000,3223,8737963.00000000,152693.95252000,0
1753394400000000,0.01742000,0.01761000,0.01728000,0.01751000,68984201.00000000,1753397999999999,1203980.45729000,9587,38479429.00000000,671962.74861000,0
1753398000000000,0.01750000,0.01750000,0.01716000,0.01723000,40352243.00000000,1753401599999999,696947.61322000,7987,22419492.00000000,387219.39901000,0
1753401600000000,0.01724000,0.01726000,0.01689000,0.01705000,35420473.00000000,1753405199999999,604726.38084000,8315,16220391.00000000,277073.82724000,0
1753405200000000,0.01705000,0.01732000,0.01694000,0.01726000,27287304.00000000,1753408799999999,467949.53148000,7191,16530043.00000000,283704.86635000,0
1753408800000000,0.01726000,0.01735000,0.01686000,0.01689000,33631878.00000000,1753412399999999,574131.49349000,8597,12230892.00000000,209162.91200000,0
1753412400000000,0.01689000,0.01707000,0.01656000,0.01687000,62830632.00000000,1753415999999999,1056949.26385000,12819,26022214.00000000,437745.16170000,0
1753416000000000,0.01686000,0.01711000,0.01661000,0.01709000,37310629.00000000,1753419599999999,628114.69044000,8880,20064999.00000000,337898.47856000,0
1753419600000000,0.01708000,0.01709000,0.01678000,0.01682000,25727966.00000000,1753423199999999,435749.42172000,4814,13741821.00000000,233025.72648000,0
1753423200000000,0.01683000,0.01702000,0.01667000,0.01690000,22743707.00000000,1753426799999999,382389.18927000,5001,11619696.00000000,195490.68800000,0
1753426800000000,0.01688000,0.01711000,0.01668000,0.01692000,39630343.00000000,1753430399999999,668622.53194000,7892,15664812.00000000,264642.81434000,0
1753430400000000,0.01692000,0.01716000,0.01685000,0.01697000,22039332.00000000,1753433999999999,374585.01498000,6474,10734135.00000000,182525.43736000,0
1753434000000000,0.01697000,0.01739000,0.01691000,0.01739000,37188513.00000000,1753437599999999,639217.38920000,6587,18582774.00000000,319694.98752000,0
1753437600000000,0.01739000,0.01749000,0.01726000,0.01735000,24590406.00000000,1753441199999999,427058.05805000,4979,10944725.00000000,190070.40961000,0
1753441200000000,0.01735000,0.01743000,0.01725000,0.01730000,21403258.00000000,1753444799999999,371202.34822000,3945,11757881.00000000,203991.40085000,0
1753444800000000,0.01731000,0.01746000,0.01721000,0.01734000,40429048.00000000,1753448399999999,701322.52902000,6493,17854405.00000000,309962.38069000,0
1753448400000000,0.01734000,0.01745000,0.01717000,0.01740000,32241750.00000000,1753451999999999,558216.68692000,6564,18214186.00000000,315529.49239000,0
1753452000000000,0.01740000,0.01744000,0.01679000,0.01682000,51845056.00000000,1753455599999999,882122.94556000,10031,21158058.00000000,359724.98797000,0
1753455600000000,0.01681000,0.01698000,0.01658000,0.01687000,37782015.00000000,1753459199999999,634265.42147000,8065,19755363.00000000,331844.52301000,0
1753459200000000,0.01686000,0.01710000,0.01676000,0.01706000,27341103.00000000,1753462799999999,462520.53522000,6718,16748180.00000000,283431.68564000,0
1753462800000000,0.01705000,0.01716000,0.01691000,0.01699000,32602731.00000000,1753466399999999,554667.29956000,4906,10456713.00000000,178144.16528000,0
1753466400000000,0.01698000,0.01711000,0.01698000,0.01705000,13255958.00000000,1753469999999999,226002.39853000,3088,7227068.00000000,123260.44605000,0
1753470000000000,0.01705000,0.01719000,0.01700000,0.01706000,14844459.00000000,1753473599999999,253692.25230000,2975,6211490.00000000,106239.11316000,0
1753473600000000,0.01705000,0.01747000,0.01704000,0.01740000,30551294.00000000,1753477199999999,529260.13305000,4419,14538036.00000000,251658.26861000,0
1753477200000000,0.01741000,0.01762000,0.01741000,0.01760000,22242845.00000000,1753480799999999,390148.11321000,4056,11018985.00000000,193320.00178000,0
1753480800000000,0.01760000,0.01767000,0.01754000,0.01763000,19156443.00000000,1753484399999999,337275.79489000,2930,8595956.00000000,151377.12649000,0
1753484400000000,0.01763000,0.01763000,0.01754000,0.01759000,16675366.00000000,1753487999999999,293253.65718000,2317,9956497.00000000,175113.66934000,0
1753488000000000,0.01760000,0.01762000,0.01750000,0.01757000,19217802.00000000,1753491599999999,337385.24836000,2730,6482855.00000000,113915.17876000,0
1753491600000000,0.01757000,0.01759000,0.01743000,0.01744000,12949337.00000000,1753495199999999,226603.98849000,2043,5025528.00000000,88016.21703000,0
1753495200000000,0.01744000,0.01776000,0.01744000,0.01763000,25379472.00000000,1753498799999999,447322.38692000,3964,14307087.00000000,252177.65315000,0
1753498800000000,0.01762000,0.01768000,0.01756000,0.01764000,11195670.00000000,1753502399999999,197227.68292000,2287,6108250.00000000,107632.35102000,0
1753502400000000,0.01763000,0.01768000,0.01756000,0.01758000,9306791.00000000,1753505999999999,163998.75265000,1451,3332936.00000000,58733.93196000,0
1753506000000000,0.01758000,0.01764000,0.01752000,0.01759000,12104776.00000000,1753509599999999,212712.20656000,1589,5336589.00000000,93842.23184000,0
1753509600000000,0.01760000,0.01761000,0.01750000,0.01751000,10499824.00000000,1753513199999999,184277.33395000,1816,3914922.00000000,68707.10071000,0
1753513200000000,0.01750000,0.01762000,0.01750000,0.01755000,7806061.00000000,1753516799999999,137121.82323000,1545,4408117.00000000,77438.05294000,0
1753516800000000,0.01755000,0.01769000,0.01754000,0.01760000,13984600.00000000,1753520399999999,246578.23762000,2159,8527044.00000000,150331.13848000,0
1753520400000000,0.01760000,0.01764000,0.01753000,0.01764000,9102696.00000000,1753523999999999,159975.82975000,1762,4527881.00000000,79583.37395000,0
1753524000000000,0.01763000,0.01776000,0.01761000,0.01763000,12459198.00000000,1753527599999999,220350.41913000,2410,7965844.00000000,140914.11462000,0
1753527600000000,0.01764000,0.01772000,0.01757000,0.01760000,16181477.00000000,1753531199999999,285395.64127000,2442,6570716.00000000,115973.99935000,0
1753531200000000,0.01761000,0.01767000,0.01751000,0.01766000,10762270.00000000,1753534799999999,189143.05408000,1884,4360098.00000000,76679.39958000,0
1753534800000000,0.01766000,0.01778000,0.01761000,0.01770000,19689859.00000000,1753538399999999,348454.43074000,2404,11465252.00000000,203047.96638000,0
1753538400000000,0.01770000,0.01782000,0.01764000,0.01771000,26897812.00000000,1753541999999999,477436.97502000,3540,14835351.00000000,263404.45743000,0
1753542000000000,0.01771000,0.01781000,0.01762000,0.01779000,22983204.00000000,1753545599999999,407124.52673000,3237,13118685.00000000,232535.41482000,0
1753545600000000,0.01780000,0.01787000,0.01772000,0.01779000,18863174.00000000,1753549199999999,335732.03835000,3283,8126367.00000000,144704.69598000,0
1753549200000000,0.01778000,0.01780000,0.01763000,0.01768000,18732766.00000000,1753552799999999,331553.13108000,3062,7754073.00000000,137346.01636000,0
1753552800000000,0.01768000,0.01791000,0.01757000,0.01790000,19060585.00000000,1753556399999999,338280.09903000,2910,10212663.00000000,181368.65458000,0
1753556400000000,0.01790000,0.01800000,0.01784000,0.01798000,21546965.00000000,1753559999999999,386446.75735000,3119,8669906.00000000,155602.54587000,0
1753560000000000,0.01798000,0.01800000,0.01781000,0.01781000,13532963.00000000,1753563599999999,242359.31325000,2097,5932800.00000000,106314.15108000,0
1753563600000000,0.01781000,0.01790000,0.01776000,0.01787000,10934721.00000000,1753567199999999,194817.46504000,1852,4345722.00000000,77440.46865000,0
1753567200000000,0.01788000,0.01803000,0.01777000,0.01778000,30995307.00000000,1753570799999999,554976.98412000,4242,12903208.00000000,231156.60468000,0
1753570800000000,0.01778000,0.01779000,0.01764000,0.01766000,17149194.00000000,1753574399999999,304037.88887000,2108,8413254.00000000,149144.93971000,0
1753574400000000,0.01767000,0.01774000,0.01764000,0.01774000,13458801.00000000,1753577999999999,238032.34957000,2371,7163397.00000000,126755.99270000,0
1753578000000000,0.01775000,0.01785000,0.01766000,0.01778000,11209658.00000000,1753581599999999,199513.71579000,2237,5581158.00000000,99364.66785000,0
1753581600000000,0.01778000,0.01801000,0.01776000,0.01793000,16630273.00000000,1753585199999999,297927.56097000,2568,10632520.00000000,190553.71130000,0
1753585200000000,0.01794000,0.01798000,0.01780000,0.01783000,24167472.00000000,1753588799999999,431560.83234000,2470,13101618.00000000,233876.01920000,0
1753588800000000,0.01783000,0.01794000,0.01781000,0.01794000,9431519.00000000,1753592399999999,168619.95881000,1905,4499430.00000000,80447.06906000,0
1753592400000000,0.01795000,0.01807000,0.01791000,0.01798000,28032876.00000000,1753595999999999,504391.52889000,4129,12768970.00000000,229654.62377000,0
1753596000000000,0.01798000,0.01798000,0.01784000,0.01792000,22402926.00000000,1753599599999999,401027.91511000,3345,8281486.00000000,148318.34128000,0
1753599600000000,0.01793000,0.01800000,0.01781000,0.01787000,13059943.00000000,1753603199999999,234034.20460000,2586,5486057.00000000,98304.68169000,0
1753603200000000,0.01787000,0.01790000,0.01771000,0.01776000,13669711.00000000,1753606799999999,243244.11746000,2222,6942386.00000000,123627.88848000,0
1753606800000000,0.01776000,0.01779000,0.01762000,0.01767000,22460852.00000000,1753610399999999,397422.41003000,3124,7622024.00000000,134937.12539000,0
1753610400000000,0.01766000,0.01802000,0.01766000,0.01798000,32485157.00000000,1753613999999999,581258.54331000,4423,17343509.00000000,310326.22152000,0
1753614000000000,0.01798000,0.01803000,0.01782000,0.01785000,19996651.00000000,1753617599999999,358618.19015000,3829,8670578.00000000,155575.91688000,0
1753617600000000,0.01784000,0.01797000,0.01769000,0.01796000,26612549.00000000,1753621199999999,474296.64726000,4488,12452138.00000000,222067.93972000,0
1753621200000000,0.01795000,0.01804000,0.01780000,0.01783000,13725495.00000000,1753624799999999,245846.62349000,3598,6313336.00000000,113113.12824000,0
1753624800000000,0.01783000,0.01795000,0.01772000,0.01779000,14748325.00000000,1753628399999999,262756.33658000,3654,7495393.00000000,133594.29529000,0
1753628400000000,0.01779000,0.01785000,0.01767000,0.01785000,24317794.00000000,1753631999999999,431859.71017000,4279,11696244.00000000,207764.43070000,0
1753632000000000,0.01785000,0.01823000,0.01784000,0.01798000,59028203.00000000,1753635599999999,1065984.21260000,6886,32140162.00000000,580522.43722000,0
1753635600000000,0.01798000,0.01804000,0.01786000,0.01801000,29612812.00000000,1753639199999999,531044.91948000,5136,18547572.00000000,332594.94749000,0
1753639200000000,0.01801000,0.01817000,0.01799000,0.01809000,32397927.00000000,1753642799999999,586159.29046000,4429,17196684.00000000,311154.41372000,0
1753642800000000,0.01808000,0.01809000,0.01795000,0.01799000,15837366.00000000,1753646399999999,285354.21227000,2718,6179728.00000000,111465.49830000,0
1753646400000000,0.01800000,0.01813000,0.01796000,0.01800000,10440993.00000000,1753649999999999,188358.81589000,2419,5008766.00000000,90408.11019000,0
1753650000000000,0.01801000,0.01812000,0.01788000,0.01812000,14578210.00000000,1753653599999999,262141.43556000,2309,8463464.00000000,152209.37586000,0
1753653600000000,0.01812000,0.01847000,0.01811000,0.01834000,46242417.00000000,1753657199999999,848601.01592000,5536,27568135.00000000,506149.66936000,0
1753657200000000,0.01834000,0.01836000,0.01818000,0.01834000,17680766.00000000,1753660799999999,322801.50515000,4288,9061629.00000000,165470.39990000,0
1753660800000000,0.01834000,0.01855000,0.01828000,0.01829000,41484248.00000000,1753664399999999,764228.74918000,7331,22713767.00000000,418457.59800000,0
1753664400000000,0.01829000,0.01830000,0.01802000,0.01811000,22938044.00000000,1753667999999999,416775.12245000,5137,11072760.00000000,201173.01217000,0
1753668000000000,0.01811000,0.01858000,0.01804000,0.01844000,41326460.00000000,1753671599999999,757447.25840000,6712,19303396.00000000,354157.23360000,0
1753671600000000,0.01844000,0.01849000,0.01830000,0.01837000,14881420.00000000,1753675199999999,273464.67254000,3408,7332869.00000000,134735.46106000,0
1753675200000000,0.01838000,0.01857000,0.01828000,0.01852000,43950055.00000000,1753678799999999,810087.12223000,7340,23278705.00000000,429107.75791000,0
1753678800000000,0.01852000,0.01872000,0.01850000,0.01865000,41567033.00000000,1753682399999999,773807.64422000,7112,23071211.00000000,429429.61177000,0
1753682400000000,0.01865000,0.01869000,0.01855000,0.01862000,24646352.00000000,1753685999999999,458693.66621000,4500,11965852.00000000,222697.60424000,0
1753686000000000,0.01862000,0.01862000,0.01836000,0.01850000,30086241.00000000,1753689599999999,555471.90732000,5732,11188613.00000000,206562.30213000,0
1753689600000000,0.01850000,0.01858000,0.01838000,0.01848000,44659750.00000000,1753693199999999,824993.01271000,5640,21187552.00000000,391860.29278000,0
1753693200000000,0.01848000,0.01872000,0.01842000,0.01864000,40918433.00000000,1753696799999999,759567.89685000,6450,22267181.00000000,413568.70421000,0
1753696800000000,0.01865000,0.01866000,0.01845000,0.01849000,17284449.00000000,1753700399999999,320026.84936000,3196,8603458.00000000,159300.09605000,0
1753700400000000,0.01849000,0.01850000,0.01832000,0.01845000,18167894.00000000,1753703999999999,334332.81369000,3465,8072176.00000000,148606.19263000,0
1753704000000000,0.01845000,0.01848000,0.01825000,0.01829000,22845729.00000000,1753707599999999,419454.81742000,4751,12370915.00000000,227008.69482000,0
1753707600000000,0.01829000,0.01830000,0.01795000,0.01802000,59129470.00000000,1753711199999999,1070102.73677000,9938,23417221.00000000,424258.22393000,0
1753711200000000,0.01802000,0.01810000,0.01758000,0.01764000,69334262.00000000,1753714799999999,1229966.26195000,12070,31521660.00000000,559185.37271000,0
1753714800000000,0.01764000,0.01782000,0.01735000,0.01757000,62202281.00000000,1753718399999999,1092880.07788000,8992,24141478.00000000,424851.24752000,0
1753718400000000,0.01756000,0.01763000,0.01737000,0.01747000,24827229.00000000,1753721999999999,434326.02771000,7596,12076151.00000000,211341.97743000,0
1753722000000000,0.01748000,0.01758000,0.01734000,0.01740000,22602957.00000000,1753725599999999,394189.23717000,6108,10024336.00000000,174903.88507000,0
1753725600000000,0.01741000,0.01743000,0.01713000,0.01722000,37120033.00000000,1753729199999999,639929.29526000,8710,15243694.00000000,262768.02976000,0
1753729200000000,0.01722000,0.01737000,0.01701000,0.01717000,30646195.00000000,1753732799999999,526921.77222000,5782,16162336.00000000,277959.70767000,0
1753732800000000,0.01718000,0.01722000,0.01688000,0.01700000,45312205.00000000,1753736399999999,770867.83548000,6844,24204205.00000000,411764.83295000,0
1753736400000000,0.01699000,0.01718000,0.01684000,0.01701000,44412492.00000000,1753739999999999,754955.17983000,5663,31007276.00000000,527082.76975000,0
1753740000000000,0.01701000,0.01709000,0.01675000,0.01691000,24624550.00000000,1753743599999999,416484.47604000,5218,11627966.00000000,196783.68409000,0
1753743600000000,0.01690000,0.01700000,0.01682000,0.01697000,15709608.00000000,1753747199999999,265760.87051000,4591,8872020.00000000,150103.38254000,0
1753747200000000,0.01698000,0.01711000,0.01661000,0.01689000,55231485.00000000,1753750799999999,931269.45310000,8541,24872685.00000000,419624.76436000,0
1753750800000000,0.01689000,0.01699000,0.01675000,0.01677000,10553141.00000000,1753754399999999,178209.76136000,2929,5766585.00000000,97508.94847000,0
1753754400000000,0.01676000,0.01679000,0.01658000,0.01666000,30322569.00000000,1753757999999999,506235.99538000,5829,14874093.00000000,248403.73562000,0
1753758000000000,0.01666000,0.01702000,0.01666000,0.01698000,22199901.00000000,1753761599999999,373521.01676000,4115,11895019.00000000,200385.00869000,0
1753761600000000,0.01698000,0.01707000,0.01686000,0.01688000,24149795.00000000,1753765199999999,409912.94743000,4560,8446589.00000000,143347.66065000,0
1753765200000000,0.01687000,0.01725000,0.01685000,0.01724000,28468792.00000000,1753768799999999,486127.45261000,4820,17516608.00000000,299365.14600000,0
1753768800000000,0.01724000,0.01744000,0.01719000,0.01742000,40164381.00000000,1753772399999999,695739.38871000,5114,25011062.00000000,433395.58832000,0
1753772400000000,0.01742000,0.01764000,0.01740000,0.01758000,31397905.00000000,1753775999999999,549639.14587000,6283,18863789.00000000,330137.49327000,0
1753776000000000,0.01759000,0.01762000,0.01744000,0.01757000,19840403.00000000,1753779599999999,347740.26101000,3860,9320829.00000000,163368.66013000,0
1753779600000000,0.01758000,0.01761000,0.01742000,0.01745000,19663961.00000000,1753783199999999,343973.64342000,3497,10302208.00000000,180276.90345000,0
1753783200000000,0.01746000,0.01747000,0.01701000,0.01705000,37306522.00000000,1753786799999999,641272.18893000,5459,11804836.00000000,203065.78811000,0
1753786800000000,0.01704000,0.01721000,0.01703000,0.01714000,19265743.00000000,1753790399999999,330184.30234000,3623,9787648.00000000,167871.99801000,0
1753790400000000,0.01714000,0.01744000,0.01712000,0.01731000,23779592.00000000,1753793999999999,410913.39190000,4415,12772561.00000000,220753.18208000,0
1753794000000000,0.01731000,0.01740000,0.01704000,0.01708000,37180594.00000000,1753797599999999,641183.45197000,7094,17119752.00000000,295390.77531000,0
1753797600000000,0.01709000,0.01709000,0.01666000,0.01680000,51448314.00000000,1753801199999999,869526.63391000,11215,23978597.00000000,405526.57243000,0
1753801200000000,0.01679000,0.01699000,0.01672000,0.01684000,36266360.00000000,1753804799999999,609882.28565000,8558,19941243.00000000,335460.80033000,0
1753804800000000,0.01685000,0.01688000,0.01650000,0.01681000,36969009.00000000,1753808399999999,616425.38723000,8025,16626406.00000000,277569.83477000,0
1753808400000000,0.01681000,0.01696000,0.01676000,0.01680000,29294269.00000000,1753811999999999,493658.75858000,5484,17086161.00000000,287838.90250000,0
1753812000000000,0.01680000,0.01685000,0.01668000,0.01674000,17516935.00000000,1753815599999999,293694.90399000,4041,7905784.00000000,132546.57395000,0
1753815600000000,0.01674000,0.01686000,0.01656000,0.01659000,36476789.00000000,1753819199999999,609141.40140000,5754,17951397.00000000,299860.54554000,0
1753819200000000,0.01659000,0.01669000,0.01635000,0.01650000,42733178.00000000,1753822799999999,704263.30223000,7906,20298270.00000000,334515.24645000,0
1753822800000000,0.01651000,0.01690000,0.01640000,0.01677000,22021578.00000000,1753826399999999,365347.14394000,5435,12545200.00000000,208218.04671000,0
1753826400000000,0.01676000,0.01681000,0.01662000,0.01677000,15810488.00000000,1753829999999999,264413.69573000,3822,7145457.00000000,119518.83560000,0
1753830000000000,0.01678000,0.01686000,0.01673000,0.01683000,29783298.00000000,1753833599999999,500036.53815000,3965,13727341.00000000,230550.82288000,0
1753833600000000,0.01683000,0.01684000,0.01653000,0.01667000,18759212.00000000,1753837199999999,312786.75841000,4239,8406734.00000000,140301.78224000,0
1753837200000000,0.01666000,0.01687000,0.01644000,0.01674000,32422412.00000000,1753840799999999,541327.58803000,4236,13817561.00000000,231343.78262000,0
1753840800000000,0.01675000,0.01686000,0.01666000,0.01675000,15972271.00000000,1753844399999999,268047.10657000,3625,10288708.00000000,172708.17903000,0
1753844400000000,0.01675000,0.01680000,0.01666000,0.01669000,13597463.00000000,1753847999999999,227446.04637000,2943,7634304.00000000,127753.79100000,0
1753848000000000,0.01668000,0.01678000,0.01654000,0.01656000,9160800.00000000,1753851599999999,152227.86925000,2090,5315183.00000000,88355.16317000,0
1753851600000000,0.01656000,0.01675000,0.01646000,0.01667000,10032144.00000000,1753855199999999,166394.73291000,2810,5329120.00000000,88478.54796000,0
1753855200000000,0.01666000,0.01672000,0.01657000,0.01668000,10163990.00000000,1753858799999999,169325.90831000,2882,5192547.00000000,86516.74880000,0
1753858800000000,0.01667000,0.01676000,0.01646000,0.01648000,29866724.00000000,1753862399999999,493976.63677000,4358,15976920.00000000,264203.74472000,0
1753862400000000,0.01648000,0.01665000,0.01635000,0.01654000,43822204.00000000,1753865999999999,723581.23658000,6950,23767145.00000000,392185.22375000,0
1753866000000000,0.01654000,0.01659000,0.01626000,0.01633000,61022116.00000000,1753869599999999,1000516.32393000,7193,28656818.00000000,470173.50563000,0
1753869600000000,0.01633000,0.01643000,0.01614000,0.01618000,22158332.00000000,1753873199999999,360171.49297000,3644,8217048.00000000,133725.70854000,0
1753873200000000,0.01619000,0.01630000,0.01586000,0.01599000,55719897.00000000,1753876799999999,892474.92572000,10149,21259653.00000000,340598.06923000,0
1753876800000000,0.01598000,0.01615000,0.01585000,0.01606000,46150585.00000000,1753880399999999,739298.49760000,9317,22915205.00000000,366945.32996000,0
1753880400000000,0.01606000,0.01614000,0.01595000,0.01610000,42474947.00000000,1753883999999999,682030.59064000,8841,23324606.00000000,374699.41310000,0
1753884000000000,0.01610000,0.01650000,0.01601000,0.01647000,56177161.00000000,1753887599999999,915552.93850000,7356,31725965.00000000,517547.05976000,0
1753887600000000,0.01647000,0.01650000,0.01624000,0.01635000,29119636.00000000,1753891199999999,476426.41336000,5313,18744932.00000000,306897.61846000,0
1753891200000000,0.01636000,0.01660000,0.01632000,0.01646000,24135114.00000000,1753894799999999,397418.51105000,5110,11304633.00000000,186195.38372000,0
1753894800000000,0.01647000,0.01654000,0.01638000,0.01651000,18946969.00000000,1753898399999999,312059.06129000,3407,10590073.00000000,174389.35061000,0
1753898400000000,0.01651000,0.01661000,0.01605000,0.01606000,165454115.00000000,1753901999999999,2708043.53172000,16324,73581361.00000000,1205052.84538000,0
1753902000000000,0.01606000,0.01631000,0.01541000,0.01623000,188438786.00000000,1753905599999999,2967089.34948000,24425,86140807.00000000,1358965.65208000,0
1753905600000000,0.01623000,0.01645000,0.01619000,0.01624000,25946742.00000000,1753909199999999,423414.10943000,5703,12908601.00000000,210775.29451000,0
1753909200000000,0.01624000,0.01634000,0.01602000,0.01619000,19390091.00000000,1753912799999999,313434.02640000,3950,9798027.00000000,158519.68902000,0
1753912800000000,0.01618000,0.01628000,0.01609000,0.01617000,18846731.00000000,1753916399999999,304491.98001000,3552,7873788.00000000,127315.00905000,0
1753916400000000,0.01617000,0.01644000,0.01617000,0.01641000,14403062.00000000,1753919999999999,235298.37244000,2844,7665433.00000000,125216.41043000,0
1753920000000000,0.01641000,0.01663000,0.01635000,0.01653000,41605710.00000000,1753923599999999,687080.68712000,5261,21680602.00000000,358143.72190000,0
1753923600000000,0.01653000,0.01658000,0.01644000,0.01651000,16736144.00000000,1753927199999999,276290.11956000,3305,7688787.00000000,126939.16474000,0
1753927200000000,0.01652000,0.01660000,0.01649000,0.01657000,13599658.00000000,1753930799999999,225032.44098000,2583,6757328.00000000,111835.61760000,0
1753930800000000,0.01657000,0.01665000,0.01655000,0.01661000,13246077.00000000,1753934399999999,220014.93748000,2372,7543674.00000000,125355.71479000,0
1753934400000000,0.01662000,0.01663000,0.01655000,0.01661000,25147967.00000000,1753937999999999,417461.57222000,2535,16580225.00000000,275263.16541000,0
1753938000000000,0.01661000,0.01664000,0.01654000,0.01658000,11457602.00000000,1753941599999999,190116.34769000,1935,4338591.00000000,72032.41496000,0
1753941600000000,0.01657000,0.01666000,0.01652000,0.01662000,23876478.00000000,1753945199999999,395903.61437000,2676,15886153.00000000,263416.69486000,0
1753945200000000,0.01662000,0.01664000,0.01656000,0.01658000,13113687.00000000,1753948799999999,217630.57038000,2138,6546581.00000000,108656.43515000,0
1753948800000000,0.01658000,0.01667000,0.01657000,0.01661000,14637764.00000000,1753952399999999,243236.88556000,2062,7888376.00000000,131132.54607000,0
1753952400000000,0.01661000,0.01668000,0.01655000,0.01665000,13736108.00000000,1753955999999999,228281.73411000,2222,6291658.00000000,104595.77482000,0
1753956000000000,0.01664000,0.01666000,0.01655000,0.01655000,16028358.00000000,1753959599999999,265979.22822000,1927,7147097.00000000,118638.88773000,0
1753959600000000,0.01656000,0.01658000,0.01642000,0.01649000,25476565.00000000,1753963199999999,420723.58401000,2684,8451374.00000000,139610.15185000,0
1753963200000000,0.01648000,0.01651000,0.01632000,0.01639000,38191524.00000000,1753966799999999,626391.60195000,4514,18800022.00000000,308264.44932000,0
1753966800000000,0.01640000,0.01640000,0.01604000,0.01614000,59687099.00000000,1753970399999999,964911.92440000,8350,33519413.00000000,541957.21455000,0
1753970400000000,0.01615000,0.01621000,0.01582000,0.01589000,44320439.00000000,1753973999999999,706984.45713000,7598,17747597.00000000,283153.46663000,0
1753974000000000,0.01589000,0.01614000,0.01583000,0.01604000,27454218.00000000,1753977599999999,438517.86923000,5046,13275021.00000000,212143.12455000,0
1753977600000000,0.01603000,0.01644000,0.01599000,0.01631000,50525539.00000000,1753981199999999,823683.30896000,5287,27219532.00000000,443929.60091000,0
1753981200000000,0.01632000,0.01632000,0.01599000,0.01604000,31564479.00000000,1753984799999999,509452.19334000,5976,17698721.00000000,285619.86415000,0
1753984800000000,0.01604000,0.01612000,0.01587000,0.01598000,34232420.00000000,1753988399999999,546890.14936000,5776,13356642.00000000,213585.71574000,0
1753988400000000,0.01598000,0.01602000,0.01585000,0.01586000,26547228.00000000,1753991999999999,422473.86761000,4301,13551666.00000000,215733.88237000,0
1753992000000000,0.01586000,0.01591000,0.01571000,0.01582000,30439103.00000000,1753995599999999,481432.97796000,5279,12390890.00000000,196052.65495000,0
1753995600000000,0.01581000,0.01589000,0.01553000,0.01572000,27735103.00000000,1753999199999999,435861.25747000,5223,13608267.00000000,214057.97026000,0
1753999200000000,0.01571000,0.01572000,0.01548000,0.01553000,30995604.00000000,1754002799999999,482541.45514000,6391,15303484.00000000,238365.96030000,0
1754002800000000,0.01554000,0.01567000,0.01537000,0.01546000,31488532.00000000,1754006399999999,487132.14956000,6740,15950135.00000000,246873.26714000,0
