1764547200000000,0.00752000,0.00754000,0.00697000,0.00698000,200938707.00000000,1764550799999999,1449660.98599000,11583,97310582.00000000,702760.70078000,0
1764550800000000,0.00698000,0.00710000,0.00694000,0.00701000,55241067.00000000,1764554399999999,388833.59071000,3648,34737811.00000000,244682.61657000,0
1764554400000000,0.00701000,0.00706000,0.00697000,0.00699000,55212202.00000000,1764557999999999,386687.50955000,2639,25484169.00000000,178579.95179000,0
1764558000000000,0.00698000,0.00700000,0.00686000,0.00689000,47974875.00000000,1764561599999999,331918.04720000,2480,22953283.00000000,159037.00964000,0
1764561600000000,0.00689000,0.00691000,0.00683000,0.00686000,40366466.00000000,1764565199999999,277382.62644000,2287,19871031.00000000,136630.93963000,0
1764565200000000,0.00686000,0.00694000,0.00685000,0.00688000,31933743.00000000,1764568799999999,220297.62668000,1865,18392483.00000000,126903.05626000,0
1764568800000000,0.00689000,0.00691000,0.00686000,0.00687000,23991962.00000000,1764572399999999,165179.75929000,1531,14927584.00000000,102793.68281000,0
1764572400000000,0.00687000,0.00690000,0.00682000,0.00689000,30093444.00000000,1764575999999999,206379.37033000,1420,18576724.00000000,127455.19930000,0
1764576000000000,0.00689000,0.00697000,0.00688000,0.00695000,15516461.00000000,1764579599999999,107469.92550000,1040,9287923.00000000,64375.21483000,0
1764579600000000,0.00695000,0.00698000,0.00692000,0.00692000,12724027.00000000,1764583199999999,88423.64021000,736,6157514.00000000,42793.55374000,0
1764583200000000,0.00692000,0.00697000,0.00692000,0.00692000,9401399.00000000,1764586799999999,65309.83389000,527,4039494.00000000,28071.82024000,0
1764586800000000,0.00692000,0.00693000,0.00683000,0.00686000,19790251.00000000,1764590399999999,135896.55278000,810,8574367.00000000,58850.93127000,0
1764590400000000,0.00686000,0.00686000,0.00671000,0.00680000,56706660.00000000,1764593999999999,385501.80285000,3029,18645942.00000000,126729.15746000,0
1764594000000000,0.00680000,0.00687000,0.00674000,0.00676000,43938214.00000000,1764597599999999,298788.62656000,2419,18389286.00000000,125093.11153000,0
1764597600000000,0.00676000,0.00690000,0.00675000,0.00681000,42991555.00000000,1764601199999999,293214.60924000,2625,24766796.00000000,168985.62431000,0
1764601200000000,0.00682000,0.00682000,0.00657000,0.00671000,93158847.00000000,1764604799999999,624039.80404000,4544,38421797.00000000,257597.01235000,0
1764604800000000,0.00670000,0.00670000,0.00658000,0.00660000,37242573.00000000,1764608399999999,247463.38269000,1919,20998496.00000000,139640.88885000,0
1764608400000000,0.00659000,0.00666000,0.00657000,0.00662000,25601997.00000000,1764611999999999,169376.34993000,1641,12593182.00000000,83343.59125000,0
1764612000000000,0.00662000,0.00673000,0.00662000,0.00673000,24791094.00000000,1764615599999999,165561.03891000,1943,14691001.00000000,98105.27563000,0
1764615600000000,0.00672000,0.00673000,0.00667000,0.00672000,13426348.00000000,1764619199999999,90024.59038000,1150,9066812.00000000,60812.26903000,0
1764619200000000,0.00672000,0.00684000,0.00672000,0.00677000,28242440.00000000,1764622799999999,191381.84370000,1826,13948115.00000000,94554.66597000,0
1764622800000000,0.00677000,0.00689000,0.00677000,0.00686000,12402287.00000000,1764626399999999,84871.04019000,1176,8030815.00000000,54933.39876000,0
1764626400000000,0.00686000,0.00691000,0.00679000,0.00680000,11509223.00000000,1764629999999999,78895.13851000,932,5156019.00000000,35388.88493000,0
1764630000000000,0.00681000,0.00684000,0.00676000,0.00677000,11444299.00000000,1764633599999999,77936.58390000,641,5803574.00000000,39547.48853000,0
1764633600000000,0.00677000,0.00679000,0.00671000,0.00673000,24478092.00000000,1764637199999999,165383.04679000,1924,9968531.00000000,67364.12321000,0
1764637200000000,0.00672000,0.00683000,0.00670000,0.00672000,22808203.00000000,1764640799999999,154424.44221000,1723,11369246.00000000,77070.49730000,0
1764640800000000,0.00671000,0.00675000,0.00669000,0.00671000,27255669.00000000,1764644399999999,182968.72375000,1252,10573986.00000000,70979.16653000,0
1764644400000000,0.00670000,0.00676000,0.00664000,0.00674000,13536601.00000000,1764647999999999,90832.91216000,883,6185638.00000000,41491.27371000,0
1764648000000000,0.00674000,0.00678000,0.00674000,0.00675000,17434595.00000000,1764651599999999,117714.47722000,1002,10143848.00000000,68486.94351000,0
1764651600000000,0.00675000,0.00676000,0.00671000,0.00674000,5830889.00000000,1764655199999999,39262.26243000,602,3513780.00000000,23658.56165000,0
1764655200000000,0.00674000,0.00678000,0.00673000,0.00677000,7036848.00000000,1764658799999999,47490.06707000,635,4174979.00000000,28185.78152000,0
1764658800000000,0.00677000,0.00679000,0.00674000,0.00675000,8096651.00000000,1764662399999999,54738.02452000,947,4164143.00000000,28158.05174000,0
1764662400000000,0.00675000,0.00676000,0.00668000,0.00669000,11945031.00000000,1764665999999999,80230.92980000,1023,5229248.00000000,35139.31319000,0
1764666000000000,0.00669000,0.00675000,0.00669000,0.00673000,22829728.00000000,1764669599999999,153408.59397000,1161,5785589.00000000,38928.52749000,0
1764669600000000,0.00673000,0.00681000,0.00671000,0.00678000,9633698.00000000,1764673199999999,65184.12901000,780,4675785.00000000,31659.48793000,0
1764673200000000,0.00679000,0.00682000,0.00676000,0.00680000,15610807.00000000,1764676799999999,106086.73177000,1127,7344620.00000000,49912.39011000,0
1764676800000000,0.00681000,0.00685000,0.00677000,0.00680000,27693385.00000000,1764680399999999,188650.02097000,1500,16828426.00000000,114686.92310000,0
1764680400000000,0.00681000,0.00690000,0.00679000,0.00688000,23276906.00000000,1764683999999999,159632.52740000,1333,13628866.00000000,93472.56521000,0
1764684000000000,0.00688000,0.00705000,0.00687000,0.00705000,48714208.00000000,1764687599999999,338888.58813000,2982,24358118.00000000,169362.29761000,0
1764687600000000,0.00705000,0.00752000,0.00705000,0.00750000,125978405.00000000,1764691199999999,925371.68693000,7162,64464395.00000000,473700.78632000,0
1764691200000000,0.00751000,0.00756000,0.00739000,0.00750000,82422700.00000000,1764694799999999,616078.26940000,5078,39591496.00000000,296108.60812000,0
1764694800000000,0.00750000,0.00757000,0.00747000,0.00750000,37033317.00000000,1764698399999999,278666.18551000,2808,15744026.00000000,118503.72053000,0
1764698400000000,0.00750000,0.00752000,0.00746000,0.00749000,20673611.00000000,1764701999999999,154771.89081000,1943,11191691.00000000,83801.36720000,0
1764702000000000,0.00748000,0.00749000,0.00738000,0.00740000,17271499.00000000,1764705599999999,128240.80731000,1448,4444218.00000000,32995.32579000,0
1764705600000000,0.00740000,0.00741000,0.00729000,0.00734000,30951007.00000000,1764709199999999,227474.94919000,2239,11736726.00000000,86280.80575000,0
1764709200000000,0.00734000,0.00742000,0.00732000,0.00740000,16530225.00000000,1764712799999999,121835.59072000,1240,8251186.00000000,60865.91236000,0
1764712800000000,0.00741000,0.00751000,0.00741000,0.00750000,17759494.00000000,1764716399999999,132448.99758000,1168,8009409.00000000,59713.23035000,0
1764716400000000,0.00751000,0.00751000,0.00740000,0.00741000,11939858.00000000,1764719999999999,88876.89200000,689,4702129.00000000,35008.77243000,0
1764720000000000,0.00742000,0.00749000,0.00741000,0.00746000,12259204.00000000,1764723599999999,91335.65650000,1102,6716408.00000000,50046.80358000,0
1764723600000000,0.00746000,0.00748000,0.00743000,0.00745000,14530885.00000000,1764727199999999,108354.97057000,1281,8530611.00000000,63620.11817000,0
1764727200000000,0.00745000,0.00753000,0.00743000,0.00749000,22255077.00000000,1764730799999999,166786.04880000,1395,11020619.00000000,82595.22589000,0
1764730800000000,0.00749000,0.00753000,0.00746000,0.00748000,6970567.00000000,1764734399999999,52251.27653000,664,3859295.00000000,28929.44833000,0
1764734400000000,0.00747000,0.00756000,0.00745000,0.00753000,15471581.00000000,1764737999999999,115985.46414000,1074,8130427.00000000,60983.93642000,0
1764738000000000,0.00754000,0.00758000,0.00752000,0.00754000,10852965.00000000,1764741599999999,81949.44754000,858,5670089.00000000,42819.71542000,0
1764741600000000,0.00754000,0.00762000,0.00752000,0.00757000,35819079.00000000,1764745199999999,270987.70356000,2009,23717551.00000000,179419.63610000,0
1764745200000000,0.00756000,0.00758000,0.00754000,0.00757000,16910759.00000000,1764748799999999,127816.73170000,876,8055338.00000000,60886.73863000,0
1764748800000000,0.00757000,0.00764000,0.00755000,0.00763000,22979246.00000000,1764752399999999,174365.26242000,1170,12842246.00000000,97467.73429000,0
1764752400000000,0.00762000,0.00768000,0.00759000,0.00766000,31113510.00000000,1764755999999999,237375.80788000,1650,19531407.00000000,149048.39313000,0
1764756000000000,0.00767000,0.00769000,0.00759000,0.00760000,38800728.00000000,1764759599999999,296453.92736000,1866,19672053.00000000,150314.08516000,0
1764759600000000,0.00761000,0.00764000,0.00758000,0.00763000,9294564.00000000,1764763199999999,70791.36043000,704,4131313.00000000,31473.38301000,0
1764763200000000,0.00763000,0.00765000,0.00757000,0.00759000,16926639.00000000,1764766799999999,128564.03434000,837,10119296.00000000,76831.97309000,0
1764766800000000,0.00759000,0.00761000,0.00757000,0.00759000,15298022.00000000,1764770399999999,116198.48543000,691,6552748.00000000,49782.86993000,0
1764770400000000,0.00760000,0.00768000,0.00741000,0.00753000,114784393.00000000,1764773999999999,864657.98252000,5148,47172208.00000000,355466.42343000,0
1764774000000000,0.00753000,0.00762000,0.00751000,0.00761000,36796231.00000000,1764777599999999,278806.60787000,2365,15250463.00000000,115546.68370000,0
1764777600000000,0.00762000,0.00762000,0.00751000,0.00757000,49129033.00000000,1764781199999999,371100.75563000,1870,19837077.00000000,149708.11074000,0
1764781200000000,0.00756000,0.00769000,0.00755000,0.00768000,25980535.00000000,1764784799999999,197814.72727000,1700,13377099.00000000,101863.28249000,0
1764784800000000,0.00768000,0.00773000,0.00760000,0.00762000,24935341.00000000,1764788399999999,191285.75079000,1520,10437958.00000000,80140.01528000,0
1764788400000000,0.00763000,0.00765000,0.00759000,0.00764000,10325095.00000000,1764791999999999,78698.93174000,673,6194355.00000000,47228.12558000,0
1764792000000000,0.00764000,0.00770000,0.00761000,0.00765000,16229008.00000000,1764795599999999,124077.04435000,1031,8020498.00000000,61330.32387000,0
1764795600000000,0.00765000,0.00778000,0.00765000,0.00777000,12401969.00000000,1764799199999999,95511.06845000,995,6411352.00000000,49382.71540000,0
1764799200000000,0.00776000,0.00782000,0.00772000,0.00781000,22401318.00000000,1764802799999999,173808.07440000,1673,10939866.00000000,84889.10192000,0
1764802800000000,0.00781000,0.00788000,0.00774000,0.00775000,16404109.00000000,1764806399999999,128262.06292000,984,6328163.00000000,49478.67385000,0
1764806400000000,0.00776000,0.00778000,0.00769000,0.00772000,12472748.00000000,1764809999999999,96497.82837000,976,6316930.00000000,48897.45268000,0
1764810000000000,0.00772000,0.00785000,0.00772000,0.00773000,16114770.00000000,1764813599999999,125230.26614000,1320,7317001.00000000,56852.25334000,0
1764813600000000,0.00773000,0.00781000,0.00772000,0.00778000,13590197.00000000,1764817199999999,105667.05208000,955,7054089.00000000,54862.46746000,0
1764817200000000,0.00777000,0.00781000,0.00773000,0.00774000,14074553.00000000,1764820799999999,109531.50182000,938,3974374.00000000,30887.37408000,0
1764820800000000,0.00774000,0.00776000,0.00771000,0.00774000,4195129.00000000,1764824399999999,32417.72005000,649,1849138.00000000,14292.46167000,0
1764824400000000,0.00774000,0.00778000,0.00772000,0.00775000,11990618.00000000,1764827999999999,92804.38045000,1136,4755076.00000000,36820.30602000,0
1764828000000000,0.00775000,0.00782000,0.00774000,0.00780000,15913958.00000000,1764831599999999,123746.73556000,1211,7979010.00000000,62094.52651000,0
1764831600000000,0.00780000,0.00780000,0.00773000,0.00778000,17330885.00000000,1764835199999999,134548.30282000,1034,9406813.00000000,73062.98675000,0
1764835200000000,0.00779000,0.00781000,0.00773000,0.00776000,10616365.00000000,1764838799999999,82462.65208000,1200,3884019.00000000,30170.06256000,0
1764838800000000,0.00776000,0.00782000,0.00776000,0.00780000,8122558.00000000,1764842399999999,63360.50823000,993,3348525.00000000,26137.21957000,0
1764842400000000,0.00780000,0.00781000,0.00775000,0.00776000,6053488.00000000,1764845999999999,47173.03109000,722,2886850.00000000,22493.73433000,0
1764846000000000,0.00775000,0.00775000,0.00769000,0.00774000,21252721.00000000,1764849599999999,164010.66855000,1097,9397294.00000000,72562.71755000,0
1764849600000000,0.00774000,0.00775000,0.00767000,0.00770000,7515838.00000000,1764853199999999,57923.90267000,741,2961395.00000000,22820.94147000,0
1764853200000000,0.00770000,0.00772000,0.00764000,0.00766000,17638243.00000000,1764856799999999,135578.15409000,1499,7377924.00000000,56738.57700000,0
1764856800000000,0.00765000,0.00771000,0.00759000,0.00760000,23579766.00000000,1764860399999999,180354.29162000,2376,9104835.00000000,69686.91639000,0
1764860400000000,0.00760000,0.00779000,0.00760000,0.00777000,36016617.00000000,1764863999999999,277681.34439000,2835,23466112.00000000,180944.40806000,0
1764864000000000,0.00777000,0.00780000,0.00767000,0.00769000,21890077.00000000,1764867599999999,169298.06524000,1871,9263870.00000000,71634.00908000,0
1764867600000000,0.00769000,0.00770000,0.00760000,0.00768000,10448090.00000000,1764871199999999,79933.61177000,1225,4872797.00000000,37302.83222000,0
1764871200000000,0.00768000,0.00771000,0.00761000,0.00764000,8350932.00000000,1764874799999999,63960.93597000,1172,4188877.00000000,32120.38548000,0
1764874800000000,0.00764000,0.00764000,0.00744000,0.00760000,27661682.00000000,1764878399999999,208625.26077000,2632,13188946.00000000,99590.89783000,0
1764878400000000,0.00761000,0.00764000,0.00755000,0.00760000,6416912.00000000,1764881999999999,48717.42936000,1087,3207608.00000000,24354.62195000,0
1764882000000000,0.00761000,0.00762000,0.00750000,0.00750000,5099225.00000000,1764885599999999,38625.27786000,725,2384339.00000000,18065.32979000,0
1764885600000000,0.00751000,0.00758000,0.00750000,0.00755000,5060762.00000000,1764889199999999,38146.25821000,594,2871921.00000000,21627.68159000,0
1764889200000000,0.00755000,0.00755000,0.00749000,0.00751000,2419653.00000000,1764892799999999,18202.19538000,310,1182669.00000000,8902.99525000,0
1764892800000000,0.00750000,0.00757000,0.00748000,0.00753000,4844238.00000000,1764896399999999,36460.21539000,640,2762042.00000000,20786.28046000,0
1764896400000000,0.00753000,0.00758000,0.00752000,0.00754000,5218739.00000000,1764899999999999,39422.20149000,484,2986236.00000000,22559.30609000,0
1764900000000000,0.00754000,0.00762000,0.00752000,0.00757000,7070911.00000000,1764903599999999,53514.94562000,695,5024897.00000000,38034.58735000,0
1764903600000000,0.00757000,0.00760000,0.00751000,0.00753000,10302267.00000000,1764907199999999,77661.50646000,659,5582601.00000000,42074.82084000,0
1764907200000000,0.00752000,0.00755000,0.00744000,0.00750000,9017720.00000000,1764910799999999,67551.40197000,784,5073788.00000000,38018.63201000,0
1764910800000000,0.00749000,0.00752000,0.00748000,0.00749000,4295471.00000000,1764914399999999,32207.10761000,372,2716897.00000000,20369.51361000,0
1764914400000000,0.00750000,0.00756000,0.00750000,0.00754000,8965466.00000000,1764917999999999,67478.70489000,736,5134556.00000000,38624.84065000,0
1764918000000000,0.00754000,0.00759000,0.00752000,0.00756000,10642470.00000000,1764921599999999,80346.71196000,771,5794784.00000000,43750.41761000,0
1764921600000000,0.00756000,0.00757000,0.00751000,0.00752000,12430355.00000000,1764925199999999,93708.53079000,782,3812933.00000000,28744.22108000,0
1764925200000000,0.00752000,0.00752000,0.00737000,0.00739000,25259533.00000000,1764928799999999,187454.82876000,1734,11485351.00000000,85173.31386000,0
1764928800000000,0.00738000,0.00745000,0.00737000,0.00741000,10991509.00000000,1764932399999999,81452.60581000,850,5184801.00000000,38417.98874000,0
1764932400000000,0.00740000,0.00742000,0.00733000,0.00736000,12410799.00000000,1764935999999999,91573.22329000,968,4954074.00000000,36536.52282000,0
1764936000000000,0.00736000,0.00739000,0.00734000,0.00738000,9447140.00000000,1764939599999999,69551.08481000,786,4559080.00000000,33575.97400000,0
1764939600000000,0.00738000,0.00742000,0.00728000,0.00731000,22252330.00000000,1764943199999999,163433.55416000,2347,10522699.00000000,77311.91502000,0
1764943200000000,0.00730000,0.00735000,0.00727000,0.00729000,43302882.00000000,1764946799999999,316443.83029000,4063,22075312.00000000,161382.10917000,0
1764946800000000,0.00730000,0.00748000,0.00729000,0.00733000,86767248.00000000,1764950399999999,642620.58395000,5661,47284108.00000000,350400.49701000,0
1764950400000000,0.00733000,0.00733000,0.00703000,0.00709000,78519569.00000000,1764953999999999,561226.13027000,4890,38371068.00000000,274207.90806000,0
1764954000000000,0.00709000,0.00713000,0.00701000,0.00708000,25794565.00000000,1764957599999999,182715.27756000,2512,14285395.00000000,101214.53509000,0
1764957600000000,0.00709000,0.00715000,0.00698000,0.00698000,28588745.00000000,1764961199999999,201183.77858000,2078,10079876.00000000,71106.22730000,0
1764961200000000,0.00698000,0.00711000,0.00694000,0.00708000,32124480.00000000,1764964799999999,225641.25964000,2007,20131351.00000000,141463.73827000,0
1764964800000000,0.00707000,0.00712000,0.00703000,0.00705000,13492767.00000000,1764968399999999,95433.94737000,1068,4909112.00000000,34741.92951000,0
1764968400000000,0.00705000,0.00712000,0.00705000,0.00710000,17182254.00000000,1764971999999999,121747.25029000,1025,9256552.00000000,65608.76364000,0
1764972000000000,0.00710000,0.00720000,0.00708000,0.00716000,12088305.00000000,1764975599999999,86041.24451000,732,5869609.00000000,41811.24869000,0
1764975600000000,0.00716000,0.00716000,0.00709000,0.00712000,6784445.00000000,1764979199999999,48335.47524000,348,3369248.00000000,23980.08477000,0
1764979200000000,0.00712000,0.00713000,0.00706000,0.00712000,7609793.00000000,1764982799999999,54033.11053000,470,3856767.00000000,27384.28205000,0
1764982800000000,0.00711000,0.00712000,0.00707000,0.00709000,5785478.00000000,1764986399999999,41032.33250000,479,3097498.00000000,21967.51239000,0
1764986400000000,0.00708000,0.00713000,0.00706000,0.00712000,6595253.00000000,1764989999999999,46787.19290000,611,3418311.00000000,24249.41078000,0
1764990000000000,0.00712000,0.00718000,0.00712000,0.00713000,4818370.00000000,1764993599999999,34447.21668000,373,2767385.00000000,19800.75556000,0
1764993600000000,0.00713000,0.00714000,0.00708000,0.00709000,6185225.00000000,1764997199999999,43951.13987000,486,3883875.00000000,27608.09748000,0
1764997200000000,0.00709000,0.00710000,0.00707000,0.00709000,4375475.00000000,1765000799999999,30995.54977000,428,2442702.00000000,17307.02344000,0
1765000800000000,0.00708000,0.00712000,0.00707000,0.00709000,8466515.00000000,1765004399999999,60049.50573000,748,4335047.00000000,30751.10895000,0
1765004400000000,0.00710000,0.00714000,0.00708000,0.00714000,7898137.00000000,1765007999999999,56209.62942000,774,4991261.00000000,35537.29253000,0
1765008000000000,0.00713000,0.00717000,0.00711000,0.00712000,12541225.00000000,1765011599999999,89493.99001000,1237,5912950.00000000,42213.62604000,0
1765011600000000,0.00711000,0.00719000,0.00711000,0.00717000,10771428.00000000,1765015199999999,77143.73586000,782,6699696.00000000,48022.70783000,0
1765015200000000,0.00716000,0.00717000,0.00709000,0.00710000,8645619.00000000,1765018799999999,61625.60941000,579,2101125.00000000,14986.35196000,0
1765018800000000,0.00709000,0.00715000,0.00708000,0.00713000,4904367.00000000,1765022399999999,34949.49413000,422,3217631.00000000,22926.59556000,0
1765022400000000,0.00714000,0.00720000,0.00712000,0.00714000,7915481.00000000,1765025999999999,56673.62750000,693,4127007.00000000,29549.96170000,0
1765026000000000,0.00715000,0.00719000,0.00713000,0.00716000,4877950.00000000,1765029599999999,34914.61755000,546,2290866.00000000,16401.97108000,0
1765029600000000,0.00715000,0.00726000,0.00714000,0.00723000,17714963.00000000,1765033199999999,127874.68638000,1069,10416447.00000000,75220.14828000,0
1765033200000000,0.00724000,0.00724000,0.00717000,0.00722000,15100604.00000000,1765036799999999,108869.25188000,803,6978429.00000000,50314.65368000,0
1765036800000000,0.00722000,0.00732000,0.00721000,0.00729000,12321746.00000000,1765040399999999,89621.25664000,682,6696467.00000000,48692.84226000,0
1765040400000000,0.00729000,0.00735000,0.00727000,0.00733000,9326492.00000000,1765043999999999,68160.49898000,625,5167617.00000000,37776.58760000,0
1765044000000000,0.00734000,0.00739000,0.00731000,0.00732000,18574120.00000000,1765047599999999,136536.61620000,805,9923356.00000000,72950.92577000,0
1765047600000000,0.00733000,0.00735000,0.00722000,0.00725000,16736281.00000000,1765051199999999,121620.54079000,974,6996421.00000000,50796.98880000,0
1765051200000000,0.00725000,0.00730000,0.00723000,0.00729000,13814648.00000000,1765054799999999,100399.11424000,658,8092703.00000000,58822.54849000,0
1765054800000000,0.00728000,0.00738000,0.00727000,0.00728000,27221080.00000000,1765058399999999,199190.65105000,1856,13467977.00000000,98485.64195000,0
1765058400000000,0.00728000,0.00731000,0.00721000,0.00721000,9492011.00000000,1765061999999999,68935.22767000,636,5490015.00000000,39890.90396000,0
1765062000000000,0.00722000,0.00723000,0.00714000,0.00717000,17616475.00000000,1765065599999999,126555.99380000,820,8254524.00000000,59332.78655000,0
1765065600000000,0.00718000,0.00730000,0.00714000,0.00728000,54744171.00000000,1765069199999999,394902.32104000,2497,34451010.00000000,248280.53190000,0
1765069200000000,0.00728000,0.00728000,0.00722000,0.00722000,7867339.00000000,1765072799999999,57025.60486000,649,4343427.00000000,31476.87776000,0
1765072800000000,0.00723000,0.00727000,0.00722000,0.00726000,13158495.00000000,1765076399999999,95298.86362000,694,6319011.00000000,45766.23565000,0
1765076400000000,0.00725000,0.00727000,0.00724000,0.00727000,8277080.00000000,1765079999999999,60020.35930000,410,4126679.00000000,29936.69223000,0
1765080000000000,0.00726000,0.00726000,0.00721000,0.00721000,6207054.00000000,1765083599999999,44893.84833000,340,2374178.00000000,17188.36643000,0
1765083600000000,0.00721000,0.00726000,0.00719000,0.00726000,4566241.00000000,1765087199999999,32960.06622000,364,2956897.00000000,21348.95593000,0
1765087200000000,0.00725000,0.00729000,0.00724000,0.00727000,5860809.00000000,1765090799999999,42616.82366000,391,2661274.00000000,19366.15154000,0
1765090800000000,0.00728000,0.00728000,0.00716000,0.00719000,7779621.00000000,1765094399999999,56198.27321000,706,5118008.00000000,36974.99198000,0
1765094400000000,0.00718000,0.00719000,0.00713000,0.00714000,6661558.00000000,1765097999999999,47708.80259000,500,2511676.00000000,17981.53670000,0
1765098000000000,0.00714000,0.00717000,0.00710000,0.00712000,10418510.00000000,1765101599999999,74294.12302000,659,4604595.00000000,32893.90492000,0
1765101600000000,0.00711000,0.00713000,0.00708000,0.00709000,12402633.00000000,1765105199999999,88114.17733000,774,4040379.00000000,28723.16098000,0
1765105200000000,0.00709000,0.00712000,0.00708000,0.00710000,10599753.00000000,1765108799999999,75259.40181000,598,4365391.00000000,31021.31049000,0
1765108800000000,0.00710000,0.00715000,0.00708000,0.00712000,10472488.00000000,1765112399999999,74430.54524000,683,5739073.00000000,40802.36245000,0
1765112400000000,0.00712000,0.00713000,0.00701000,0.00702000,23836001.00000000,1765115999999999,168085.09974000,1379,6803505.00000000,48007.44504000,0
1765116000000000,0.00702000,0.00704000,0.00681000,0.00688000,109237898.00000000,1765119599999999,756061.70036000,5021,58634811.00000000,406298.07834000,0
1765119600000000,0.00688000,0.00713000,0.00685000,0.00710000,54634030.00000000,1765123199999999,382442.20700000,2704,28908829.00000000,202611.55575000,0
1765123200000000,0.00710000,0.00710000,0.00701000,0.00708000,24450719.00000000,1765126799999999,172692.91450000,1385,11022133.00000000,77871.90195000,0
1765126800000000,0.00708000,0.00731000,0.00703000,0.00726000,61430414.00000000,1765130399999999,443264.56461000,3496,27998212.00000000,201895.89539000,0
1765130400000000,0.00726000,0.00731000,0.00725000,0.00725000,17279300.00000000,1765133999999999,125762.78792000,1410,8243889.00000000,60023.20272000,0
1765134000000000,0.00726000,0.00727000,0.00720000,0.00727000,21389792.00000000,1765137599999999,154774.36788000,770,11680069.00000000,84602.77873000,0
1765137600000000,0.00727000,0.00729000,0.00724000,0.00727000,11098613.00000000,1765141199999999,80678.75757000,554,4552692.00000000,33120.46911000,0
1765141200000000,0.00728000,0.00728000,0.00703000,0.00708000,48134189.00000000,1765144799999999,342927.11912000,1801,18326025.00000000,130567.80246000,0
1765144800000000,0.00708000,0.00709000,0.00688000,0.00700000,81340716.00000000,1765148399999999,568825.87222000,3750,32539259.00000000,227644.70447000,0
1765148400000000,0.00700000,0.00706000,0.00698000,0.00704000,15261871.00000000,1765151999999999,107120.69927000,887,8010377.00000000,56268.45389000,0
1765152000000000,0.00704000,0.00710000,0.00701000,0.00705000,13577582.00000000,1765155599999999,95752.26587000,951,7100690.00000000,50130.41720000,0
1765155600000000,0.00704000,0.00725000,0.00703000,0.00713000,29028146.00000000,1765159199999999,208265.36262000,1606,17736672.00000000,127410.53570000,0
1765159200000000,0.00713000,0.00720000,0.00712000,0.00720000,5665318.00000000,1765162799999999,40502.06567000,503,3216703.00000000,23004.01484000,0
1765162800000000,0.00720000,0.00726000,0.00719000,0.00722000,14416281.00000000,1765166399999999,104096.12832000,743,9060010.00000000,65423.87691000,0
1765166400000000,0.00722000,0.00731000,0.00722000,0.00727000,7757732.00000000,1765169999999999,56433.79481000,653,3959596.00000000,28794.79318000,0
1765170000000000,0.00727000,0.00729000,0.00724000,0.00728000,4558923.00000000,1765173599999999,33143.58320000,429,1848048.00000000,13437.78552000,0
1765173600000000,0.00727000,0.00736000,0.00727000,0.00734000,9417027.00000000,1765177199999999,68871.04854000,863,3937885.00000000,28810.70930000,0
1765177200000000,0.00734000,0.00736000,0.00730000,0.00732000,27837069.00000000,1765180799999999,203767.73203000,1357,8395708.00000000,61529.87333000,0
1765180800000000,0.00732000,0.00734000,0.00730000,0.00733000,9802697.00000000,1765184399999999,71731.46344000,804,5096057.00000000,37302.67719000,0
1765184400000000,0.00732000,0.00745000,0.00731000,0.00739000,19416281.00000000,1765187999999999,143566.36034000,1740,9281997.00000000,68574.17741000,0
1765188000000000,0.00740000,0.00741000,0.00738000,0.00739000,8031523.00000000,1765191599999999,59390.02547000,442,3247280.00000000,24025.41827000,0
1765191600000000,0.00739000,0.00740000,0.00734000,0.00736000,9380154.00000000,1765195199999999,69070.02465000,674,2333899.00000000,17191.23363000,0
1765195200000000,0.00737000,0.00740000,0.00730000,0.00738000,22118241.00000000,1765198799999999,162519.81625000,1477,10973879.00000000,80679.51848000,0
1765198800000000,0.00740000,0.00743000,0.00735000,0.00737000,15306559.00000000,1765202399999999,113057.88005000,1223,5100206.00000000,37683.99667000,0
1765202400000000,0.00738000,0.00748000,0.00734000,0.00739000,55251638.00000000,1765205999999999,409156.43226000,3302,17050547.00000000,126401.24716000,0
1765206000000000,0.00740000,0.00742000,0.00727000,0.00733000,51069170.00000000,1765209599999999,374761.75918000,3136,22734884.00000000,166744.79806000,0
1765209600000000,0.00733000,0.00746000,0.00728000,0.00738000,45149314.00000000,1765213199999999,333535.14347000,2696,19321029.00000000,142741.12950000,0
1765213200000000,0.00738000,0.00741000,0.00733000,0.00739000,34366825.00000000,1765216799999999,253220.18517000,1891,13139463.00000000,96836.95857000,0
1765216800000000,0.00739000,0.00741000,0.00726000,0.00729000,22172683.00000000,1765220399999999,162969.87769000,1575,8997376.00000000,66148.34407000,0
1765220400000000,0.00730000,0.00733000,0.00728000,0.00729000,13238897.00000000,1765223999999999,96584.90610000,1136,6910437.00000000,50414.38482000,0
1765224000000000,0.00729000,0.00738000,0.00729000,0.00737000,13851592.00000000,1765227599999999,101567.73826000,1092,6770739.00000000,49676.42125000,0
1765227600000000,0.00737000,0.00740000,0.00728000,0.00737000,20223954.00000000,1765231199999999,148404.00110000,1289,7662466.00000000,56242.84567000,0
1765231200000000,0.00737000,0.00738000,0.00729000,0.00734000,9815544.00000000,1765234799999999,71984.34335000,756,5492672.00000000,40304.77512000,0
1765234800000000,0.00734000,0.00735000,0.00727000,0.00731000,7703370.00000000,1765238399999999,56294.13501000,546,4049061.00000000,29552.30585000,0
1765238400000000,0.00731000,0.00734000,0.00726000,0.00728000,15324872.00000000,1765241999999999,111757.83525000,795,5311647.00000000,38753.37866000,0
1765242000000000,0.00729000,0.00729000,0.00719000,0.00722000,14876699.00000000,1765245599999999,107810.17629000,785,5550189.00000000,40241.80037000,0
1765245600000000,0.00722000,0.00726000,0.00721000,0.00721000,12750813.00000000,1765249199999999,92395.82906000,733,6845567.00000000,49624.65955000,0
1765249200000000,0.00721000,0.00729000,0.00717000,0.00728000,12434672.00000000,1765252799999999,89937.17568000,923,8106708.00000000,58669.54267000,0
1765252800000000,0.00729000,0.00729000,0.00718000,0.00719000,8253749.00000000,1765256399999999,59600.76021000,538,3680893.00000000,26594.04469000,0
1765256400000000,0.00718000,0.00722000,0.00715000,0.00718000,11912873.00000000,1765259999999999,85486.01127000,737,5238625.00000000,37594.88981000,0
1765260000000000,0.00717000,0.00720000,0.00714000,0.00719000,8991319.00000000,1765263599999999,64518.79603000,604,2391747.00000000,17178.98330000,0
1765263600000000,0.00719000,0.00724000,0.00718000,0.00723000,6418543.00000000,1765267199999999,46268.75791000,558,2176195.00000000,15694.64196000,0
1765267200000000,0.00723000,0.00724000,0.00719000,0.00722000,4433991.00000000,1765270799999999,31956.54545000,441,948051.00000000,6840.74378000,0
1765270800000000,0.00721000,0.00721000,0.00717000,0.00718000,4129031.00000000,1765274399999999,29705.49491000,406,1308283.00000000,9417.06208000,0
1765274400000000,0.00718000,0.00720000,0.00714000,0.00719000,13158372.00000000,1765277999999999,94391.83638000,819,4748792.00000000,34078.30986000,0
1765278000000000,0.00719000,0.00723000,0.00716000,0.00723000,7049240.00000000,1765281599999999,50707.36730000,623,3866968.00000000,27841.65120000,0
1765281600000000,0.00722000,0.00732000,0.00721000,0.00729000,15881116.00000000,1765285199999999,115494.86561000,1119,6942022.00000000,50456.97333000,0
1765285200000000,0.00730000,0.00733000,0.00726000,0.00729000,20611178.00000000,1765288799999999,150401.67703000,1224,6774249.00000000,49467.51216000,0
1765288800000000,0.00730000,0.00732000,0.00722000,0.00727000,35859411.00000000,1765292399999999,260558.74300000,2227,8771298.00000000,63818.42636000,0
1765292400000000,0.00728000,0.00762000,0.00727000,0.00760000,88202288.00000000,1765295999999999,657325.12423000,6045,45560352.00000000,339804.96896000,0
1765296000000000,0.00761000,0.00791000,0.00761000,0.00789000,112921211.00000000,1765299599999999,878928.29045000,5927,57868634.00000000,450357.37525000,0
1765299600000000,0.00789000,0.00796000,0.00785000,0.00791000,41722942.00000000,1765303199999999,329986.30120000,2985,17061081.00000000,135022.69228000,0
1765303200000000,0.00791000,0.00794000,0.00783000,0.00788000,22553110.00000000,1765306799999999,178003.45928000,1857,9423542.00000000,74368.84713000,0
1765306800000000,0.00787000,0.00790000,0.00782000,0.00787000,8830625.00000000,1765310399999999,69360.23855000,1007,2990115.00000000,23500.07538000,0
1765310400000000,0.00786000,0.00788000,0.00772000,0.00778000,24119338.00000000,1765313999999999,187790.35648000,2097,9583022.00000000,74661.55423000,0
1765314000000000,0.00779000,0.00781000,0.00760000,0.00769000,19710696.00000000,1765317599999999,151606.36506000,1939,11005103.00000000,84740.78763000,0
1765317600000000,0.00769000,0.00783000,0.00768000,0.00780000,22016270.00000000,1765321199999999,170668.76655000,1806,12032357.00000000,93327.77926000,0
1765321200000000,0.00780000,0.00785000,0.00777000,0.00779000,5656506.00000000,1765324799999999,44252.36466000,620,3797112.00000000,29723.67371000,0
1765324800000000,0.00779000,0.00781000,0.00768000,0.00768000,12953467.00000000,1765328399999999,100165.68161000,1138,6197891.00000000,47961.18998000,0
1765328400000000,0.00769000,0.00771000,0.00761000,0.00762000,16130031.00000000,1765331999999999,123396.83474000,1376,4104737.00000000,31407.99214000,0
1765332000000000,0.00762000,0.00767000,0.00761000,0.00765000,4909100.00000000,1765335599999999,37502.42615000,563,2271181.00000000,17357.77807000,0
1765335600000000,0.00765000,0.00765000,0.00761000,0.00762000,5218174.00000000,1765339199999999,39826.12815000,532,1847499.00000000,14101.78329000,0
1765339200000000,0.00762000,0.00766000,0.00760000,0.00762000,4668330.00000000,1765342799999999,35602.86362000,446,1838553.00000000,14024.23877000,0
1765342800000000,0.00761000,0.00766000,0.00760000,0.00761000,4072388.00000000,1765346399999999,31071.21602000,504,1766328.00000000,13484.69245000,0
1765346400000000,0.00760000,0.00762000,0.00758000,0.00759000,5275105.00000000,1765349999999999,40091.85569000,577,1758038.00000000,13363.34251000,0
1765350000000000,0.00759000,0.00760000,0.00753000,0.00760000,9306022.00000000,1765353599999999,70374.33781000,895,3298444.00000000,24966.70798000,0
1765353600000000,0.00759000,0.00760000,0.00754000,0.00755000,6744415.00000000,1765357199999999,51053.50302000,730,3452867.00000000,26130.00114000,0
1765357200000000,0.00754000,0.00762000,0.00751000,0.00761000,8789637.00000000,1765360799999999,66369.68971000,905,4538103.00000000,34274.23266000,0
1765360800000000,0.00761000,0.00768000,0.00751000,0.00751000,14693411.00000000,1765364399999999,111278.32244000,1189,7343444.00000000,55766.74772000,0
1765364400000000,0.00751000,0.00754000,0.00747000,0.00751000,16634742.00000000,1765367999999999,124719.08946000,779,9787588.00000000,73376.86698000,0
1765368000000000,0.00752000,0.00752000,0.00746000,0.00749000,10750693.00000000,1765371599999999,80484.54833000,695,6185687.00000000,46308.24947000,0
1765371600000000,0.00749000,0.00754000,0.00748000,0.00754000,11504489.00000000,1765375199999999,86441.19430000,1026,6294493.00000000,47318.18697000,0
1765375200000000,0.00755000,0.00756000,0.00750000,0.00753000,19894102.00000000,1765378799999999,149618.56488000,1179,11624119.00000000,87363.68805000,0
1765378800000000,0.00753000,0.00759000,0.00750000,0.00756000,12285680.00000000,1765382399999999,92818.74309000,1212,4313155.00000000,32585.57758000,0
1765382400000000,0.00755000,0.00766000,0.00753000,0.00762000,13162155.00000000,1765385999999999,100020.17992000,1419,6304915.00000000,47937.67758000,0
1765386000000000,0.00761000,0.00770000,0.00760000,0.00767000,31638570.00000000,1765389599999999,242546.12376000,2205,18003359.00000000,137975.50632000,0
1765389600000000,0.00767000,0.00785000,0.00764000,0.00772000,42614205.00000000,1765393199999999,329088.23095000,3131,24406632.00000000,188333.70046000,0
1765393200000000,0.00773000,0.00790000,0.00762000,0.00779000,95241304.00000000,1765396799999999,739989.54272000,8705,44886928.00000000,348776.91051000,0
1765396800000000,0.00779000,0.00794000,0.00763000,0.00767000,72895869.00000000,1765400399999999,567556.69943000,6348,38339356.00000000,299106.53559000,0
1765400400000000,0.00768000,0.00773000,0.00755000,0.00756000,22642712.00000000,1765403999999999,173242.83078000,2509,10085814.00000000,77274.37795000,0
1765404000000000,0.00756000,0.00762000,0.00745000,0.00760000,26225783.00000000,1765407599999999,197523.20966000,1890,10175954.00000000,76868.54775000,0
1765407600000000,0.00760000,0.00760000,0.00751000,0.00751000,5439700.00000000,1765411199999999,41162.56528000,484,2740014.00000000,20739.57816000,0
1765411200000000,0.00751000,0.00752000,0.00734000,0.00738000,27890282.00000000,1765414799999999,206660.71643000,1649,8739714.00000000,64992.55231000,0
1765414800000000,0.00737000,0.00739000,0.00727000,0.00728000,26895612.00000000,1765418399999999,197315.22999000,1865,17020274.00000000,124975.39263000,0
1765418400000000,0.00727000,0.00728000,0.00720000,0.00723000,14573997.00000000,1765421999999999,105546.83980000,1076,8808946.00000000,63786.36231000,0
1765422000000000,0.00723000,0.00724000,0.00712000,0.00712000,24175093.00000000,1765425599999999,173031.29682000,1676,12066920.00000000,86346.19441000,0
1765425600000000,0.00712000,0.00720000,0.00707000,0.00718000,35500323.00000000,1765429199999999,253451.31996000,1796,15813873.00000000,112989.68296000,0
1765429200000000,0.00717000,0.00720000,0.00714000,0.00719000,11480701.00000000,1765432799999999,82324.43803000,816,6108107.00000000,43831.63631000,0
1765432800000000,0.00718000,0.00719000,0.00713000,0.00715000,19320639.00000000,1765436399999999,138311.79420000,972,4789266.00000000,34311.35917000,0
1765436400000000,0.00715000,0.00717000,0.00713000,0.00713000,11671754.00000000,1765439999999999,83372.66051000,815,6266142.00000000,44774.68959000,0
1765440000000000,0.00713000,0.00714000,0.00709000,0.00713000,15181299.00000000,1765443599999999,107970.37163000,1083,8734100.00000000,62146.77598000,0
1765443600000000,0.00713000,0.00715000,0.00710000,0.00711000,9144584.00000000,1765447199999999,65222.18455000,793,5143790.00000000,36699.39317000,0
1765447200000000,0.00711000,0.00713000,0.00708000,0.00711000,10936513.00000000,1765450799999999,77596.16336000,596,5372365.00000000,38119.24674000,0
1765450800000000,0.00711000,0.00718000,0.00710000,0.00714000,11096450.00000000,1765454399999999,79274.05604000,723,5573651.00000000,39813.96351000,0
1765454400000000,0.00713000,0.00719000,0.00712000,0.00718000,17495348.00000000,1765457999999999,125208.55656000,996,9699301.00000000,69385.57704000,0
1765458000000000,0.00718000,0.00720000,0.00715000,0.00718000,18104384.00000000,1765461599999999,129882.70769000,1008,9724267.00000000,69769.27187000,0
1765461600000000,0.00719000,0.00721000,0.00708000,0.00714000,39739572.00000000,1765465199999999,283928.73143000,2831,20948012.00000000,149776.84311000,0
1765465200000000,0.00713000,0.00725000,0.00708000,0.00713000,24893404.00000000,1765468799999999,178340.00680000,2313,11758715.00000000,84225.07840000,0
1765468800000000,0.00713000,0.00718000,0.00706000,0.00714000,13765739.00000000,1765472399999999,97799.01987000,1319,5738007.00000000,40876.86161000,0
1765472400000000,0.00713000,0.00720000,0.00712000,0.00715000,14800549.00000000,1765475999999999,105893.36568000,901,10613881.00000000,75889.30529000,0
1765476000000000,0.00715000,0.00732000,0.00714000,0.00723000,28817927.00000000,1765479599999999,208526.41947000,2303,14570240.00000000,105526.35036000,0
1765479600000000,0.00723000,0.00732000,0.00719000,0.00721000,23484765.00000000,1765483199999999,170306.01801000,1978,10566551.00000000,76689.64676000,0
1765483200000000,0.00721000,0.00734000,0.00721000,0.00731000,12703421.00000000,1765486799999999,92230.36580000,1189,6363736.00000000,46229.10052000,0
1765486800000000,0.00732000,0.00752000,0.00731000,0.00745000,42843320.00000000,1765490399999999,318254.21375000,3265,22506370.00000000,167085.31624000,0
1765490400000000,0.00744000,0.00748000,0.00735000,0.00742000,15358934.00000000,1765493999999999,113869.37990000,1543,7708049.00000000,57151.07956000,0
1765494000000000,0.00742000,0.00742000,0.00736000,0.00739000,6602210.00000000,1765497599999999,48810.79564000,674,2081161.00000000,15400.12829000,0
1765497600000000,0.00738000,0.00742000,0.00725000,0.00726000,11314166.00000000,1765501199999999,82981.13034000,944,3961669.00000000,29119.39756000,0
1765501200000000,0.00727000,0.00736000,0.00726000,0.00732000,6518438.00000000,1765504799999999,47683.05470000,927,3016489.00000000,22060.86951000,0
1765504800000000,0.00732000,0.00740000,0.00730000,0.00735000,7455437.00000000,1765508399999999,54832.39580000,825,4267233.00000000,31416.24364000,0
1765508400000000,0.00736000,0.00737000,0.00729000,0.00733000,7260581.00000000,1765511999999999,53180.80580000,702,3939958.00000000,28857.87353000,0
1765512000000000,0.00733000,0.00733000,0.00729000,0.00730000,4657136.00000000,1765515599999999,34009.75572000,551,1929866.00000000,14093.59198000,0
1765515600000000,0.00730000,0.00738000,0.00728000,0.00738000,8287378.00000000,1765519199999999,60704.56764000,827,4663469.00000000,34184.09590000,0
1765519200000000,0.00739000,0.00745000,0.00734000,0.00735000,5528471.00000000,1765522799999999,40967.19814000,875,3077613.00000000,22804.07394000,0
1765522800000000,0.00736000,0.00737000,0.00734000,0.00735000,5773382.00000000,1765526399999999,42478.31899000,487,2806221.00000000,20650.25676000,0
1765526400000000,0.00735000,0.00737000,0.00726000,0.00731000,35276714.00000000,1765529999999999,257226.72100000,1210,7574115.00000000,55327.56878000,0
1765530000000000,0.00731000,0.00737000,0.00729000,0.00737000,10814355.00000000,1765533599999999,79077.32231000,781,6869583.00000000,50224.72811000,0
1765533600000000,0.00736000,0.00740000,0.00733000,0.00734000,15014381.00000000,1765537199999999,110620.74869000,822,6870184.00000000,50628.97541000,0
1765537200000000,0.00734000,0.00734000,0.00730000,0.00732000,10134814.00000000,1765540799999999,74140.54970000,620,4417712.00000000,32334.63387000,0
1765540800000000,0.00732000,0.00736000,0.00730000,0.00736000,10183486.00000000,1765544399999999,74575.85816000,580,5795512.00000000,42446.57988000,0
1765544400000000,0.00735000,0.00736000,0.00730000,0.00731000,9893505.00000000,1765547999999999,72587.25997000,605,3915603.00000000,28731.39851000,0
1765548000000000,0.00731000,0.00737000,0.00728000,0.00733000,15353648.00000000,1765551599999999,112383.06287000,1209,5572517.00000000,40801.82828000,0
1765551600000000,0.00733000,0.00733000,0.00696000,0.00701000,48633961.00000000,1765555199999999,345539.02192000,3529,21824189.00000000,155411.81479000,0
1765555200000000,0.00700000,0.00703000,0.00688000,0.00694000,57633180.00000000,1765558799999999,400891.37379000,4161,33010518.00000000,229824.35440000,0
1765558800000000,0.00694000,0.00707000,0.00694000,0.00699000,20576185.00000000,1765562399999999,144018.74391000,1352,11049438.00000000,77391.24532000,0
1765562400000000,0.00699000,0.00710000,0.00699000,0.00704000,25063989.00000000,1765565999999999,176674.01052000,1535,13388345.00000000,94394.23322000,0
1765566000000000,0.00703000,0.00703000,0.00697000,0.00701000,9188324.00000000,1765569599999999,64276.08411000,702,3246960.00000000,22722.24450000,0
1765569600000000,0.00700000,0.00704000,0.00699000,0.00703000,15833390.00000000,1765573199999999,111093.44774000,869,8603561.00000000,60372.84201000,0
1765573200000000,0.00702000,0.00709000,0.00701000,0.00706000,8997743.00000000,1765576799999999,63494.12712000,496,4957189.00000000,34966.47845000,0
1765576800000000,0.00706000,0.00714000,0.00705000,0.00712000,12973806.00000000,1765580399999999,92195.38913000,587,8786242.00000000,62426.96854000,0
1765580400000000,0.00712000,0.00714000,0.00710000,0.00712000,13347324.00000000,1765583999999999,94993.59398000,517,3761697.00000000,26808.57375000,0
1765584000000000,0.00713000,0.00716000,0.00711000,0.00713000,4062449.00000000,1765587599999999,28984.57077000,288,1691874.00000000,12073.67311000,0
1765587600000000,0.00713000,0.00714000,0.00711000,0.00713000,3782224.00000000,1765591199999999,26950.15536000,276,2560487.00000000,18246.51304000,0
1765591200000000,0.00714000,0.00717000,0.00714000,0.00716000,4861154.00000000,1765594799999999,34789.67554000,459,2875924.00000000,20584.41064000,0
1765594800000000,0.00715000,0.00723000,0.00713000,0.00719000,11500814.00000000,1765598399999999,82823.79672000,712,6426586.00000000,46263.98099000,0
1765598400000000,0.00719000,0.00720000,0.00716000,0.00718000,6729617.00000000,1765601999999999,48333.07157000,308,4614966.00000000,33144.20154000,0
1765602000000000,0.00718000,0.00720000,0.00716000,0.00717000,3422120.00000000,1765605599999999,24558.41732000,202,1938999.00000000,13922.69760000,0
1765605600000000,0.00716000,0.00716000,0.00713000,0.00713000,2446885.00000000,1765609199999999,17476.59222000,203,828522.00000000,5922.56899000,0
1765609200000000,0.00714000,0.00720000,0.00714000,0.00718000,10302965.00000000,1765612799999999,73922.96134000,304,8457325.00000000,60659.38361000,0
1765612800000000,0.00719000,0.00724000,0.00717000,0.00718000,6629766.00000000,1765616399999999,47727.11601000,350,3064294.00000000,22067.55324000,0
1765616400000000,0.00717000,0.00719000,0.00714000,0.00714000,7588991.00000000,1765619999999999,54353.22943000,334,2215760.00000000,15880.06389000,0
1765620000000000,0.00714000,0.00719000,0.00714000,0.00717000,4700824.00000000,1765623599999999,33670.66671000,353,1961691.00000000,14054.32010000,0
1765623600000000,0.00717000,0.00718000,0.00714000,0.00714000,3296446.00000000,1765627199999999,23581.72932000,124,1204768.00000000,8623.61669000,0
1765627200000000,0.00715000,0.00717000,0.00712000,0.00714000,13314691.00000000,1765630799999999,95171.33332000,546,7259382.00000000,51930.08017000,0
1765630800000000,0.00715000,0.00717000,0.00714000,0.00715000,9169647.00000000,1765634399999999,65613.75565000,434,5774297.00000000,41330.58679000,0
1765634400000000,0.00715000,0.00715000,0.00710000,0.00712000,9326459.00000000,1765637999999999,66390.85444000,500,5662619.00000000,40295.33667000,0
1765638000000000,0.00712000,0.00718000,0.00712000,0.00716000,9127611.00000000,1765641599999999,65352.47888000,482,4567818.00000000,32732.84859000,0
1765641600000000,0.00716000,0.00719000,0.00715000,0.00716000,7459915.00000000,1765645199999999,53433.37681000,328,3742855.00000000,26827.33940000,0
1765645200000000,0.00715000,0.00716000,0.00712000,0.00712000,2323894.00000000,1765648799999999,16573.20852000,183,843438.00000000,6017.31059000,0
1765648800000000,0.00712000,0.00714000,0.00710000,0.00710000,4197925.00000000,1765652399999999,29899.84188000,227,1485725.00000000,10588.84634000,0
1765652400000000,0.00709000,0.00713000,0.00709000,0.00712000,2225538.00000000,1765655999999999,15824.40717000,136,1193266.00000000,8485.57909000,0
1765656000000000,0.00712000,0.00712000,0.00708000,0.00710000,4188899.00000000,1765659599999999,29774.76371000,157,1401369.00000000,9964.39143000,0
1765659600000000,0.00710000,0.00710000,0.00704000,0.00710000,5074730.00000000,1765663199999999,35880.56246000,450,2200212.00000000,15567.43789000,0
1765663200000000,0.00711000,0.00712000,0.00708000,0.00711000,4607180.00000000,1765666799999999,32725.32075000,306,1482756.00000000,10537.78406000,0
1765666800000000,0.00711000,0.00716000,0.00709000,0.00715000,7426043.00000000,1765670399999999,52950.16882000,348,4465003.00000000,31831.46399000,0
1765670400000000,0.00715000,0.00715000,0.00710000,0.00713000,6674533.00000000,1765673999999999,47575.16159000,401,3591404.00000000,25607.81664000,0
1765674000000000,0.00713000,0.00716000,0.00713000,0.00713000,4200838.00000000,1765677599999999,30000.01894000,184,2030598.00000000,14505.80709000,0
1765677600000000,0.00713000,0.00715000,0.00712000,0.00714000,3043511.00000000,1765681199999999,21724.96107000,182,1831929.00000000,13080.88327000,0
1765681200000000,0.00715000,0.00716000,0.00709000,0.00710000,4475993.00000000,1765684799999999,31832.99441000,263,2030220.00000000,14436.58426000,0
1765684800000000,0.00710000,0.00710000,0.00702000,0.00703000,9429716.00000000,1765688399999999,66513.10968000,397,2861026.00000000,20192.11007000,0
1765688400000000,0.00703000,0.00705000,0.00700000,0.00702000,9198775.00000000,1765691999999999,64574.42387000,412,4832252.00000000,33941.79028000,0
1765692000000000,0.00702000,0.00704000,0.00699000,0.00702000,24881016.00000000,1765695599999999,174297.25440000,703,10944554.00000000,76705.59506000,0
1765695600000000,0.00702000,0.00704000,0.00700000,0.00702000,12166894.00000000,1765699199999999,85501.46393000,429,7286985.00000000,51206.37535000,0
1765699200000000,0.00703000,0.00704000,0.00700000,0.00701000,7725092.00000000,1765702799999999,54245.64485000,380,4529623.00000000,31806.57353000,0
1765702800000000,0.00700000,0.00705000,0.00700000,0.00703000,8485004.00000000,1765706399999999,59617.23711000,536,5493618.00000000,38610.87192000,0
1765706400000000,0.00704000,0.00705000,0.00697000,0.00700000,16434007.00000000,1765709999999999,115205.55105000,813,8908842.00000000,62477.40166000,0
1765710000000000,0.00701000,0.00701000,0.00689000,0.00699000,24122137.00000000,1765713599999999,167946.08298000,1024,10579164.00000000,73635.21478000,0
1765713600000000,0.00698000,0.00702000,0.00694000,0.00700000,11315077.00000000,1765717199999999,79072.50464000,706,5083273.00000000,35564.34942000,0
1765717200000000,0.00699000,0.00700000,0.00695000,0.00698000,9509725.00000000,1765720799999999,66287.54913000,559,4433640.00000000,30910.56151000,0
1765720800000000,0.00699000,0.00700000,0.00690000,0.00692000,9443442.00000000,1765724399999999,65456.09313000,677,3649531.00000000,25314.26151000,0
1765724400000000,0.00693000,0.00694000,0.00689000,0.00694000,7303307.00000000,1765727999999999,50524.35050000,452,3679578.00000000,25460.44952000,0
1765728000000000,0.00694000,0.00697000,0.00691000,0.00694000,13796328.00000000,1765731599999999,95607.96806000,654,4862545.00000000,33714.64115000,0
1765731600000000,0.00694000,0.00695000,0.00685000,0.00687000,12180077.00000000,1765735199999999,83800.87820000,816,6898769.00000000,47490.21656000,0
1765735200000000,0.00687000,0.00693000,0.00686000,0.00692000,5516544.00000000,1765738799999999,38013.46380000,391,3502502.00000000,24130.91640000,0
1765738800000000,0.00692000,0.00692000,0.00686000,0.00689000,5621290.00000000,1765742399999999,38713.83266000,384,2449228.00000000,16864.36356000,0
1765742400000000,0.00688000,0.00694000,0.00685000,0.00690000,14576256.00000000,1765745999999999,100748.57924000,546,8899231.00000000,61551.57704000,0
1765746000000000,0.00689000,0.00690000,0.00683000,0.00685000,6684535.00000000,1765749599999999,45859.48358000,556,2708422.00000000,18583.72397000,0
1765749600000000,0.00685000,0.00688000,0.00682000,0.00686000,11997128.00000000,1765753199999999,82251.81644000,740,4915749.00000000,33704.68290000,0
1765753200000000,0.00686000,0.00688000,0.00673000,0.00680000,65521778.00000000,1765756799999999,446976.58720000,3155,19105986.00000000,130272.45577000,0
1765756800000000,0.00680000,0.00686000,0.00678000,0.00685000,21614869.00000000,1765760399999999,147501.55663000,1235,8505105.00000000,58068.38045000,0
1765760400000000,0.00686000,0.00696000,0.00684000,0.00694000,17789840.00000000,1765763999999999,122906.71658000,995,10178145.00000000,70359.67426000,0
1765764000000000,0.00695000,0.00704000,0.00694000,0.00694000,13635442.00000000,1765767599999999,95281.23913000,822,8359111.00000000,58447.32420000,0
1765767600000000,0.00694000,0.00698000,0.00693000,0.00696000,4207643.00000000,1765771199999999,29287.59621000,407,3045000.00000000,21194.25380000,0
1765771200000000,0.00697000,0.00701000,0.00696000,0.00699000,6522916.00000000,1765774799999999,45603.49244000,444,4331348.00000000,30285.14031000,0
1765774800000000,0.00700000,0.00703000,0.00698000,0.00703000,2224889.00000000,1765778399999999,15608.55593000,176,1394177.00000000,9781.68219000,0
1765778400000000,0.00703000,0.00705000,0.00700000,0.00701000,7068309.00000000,1765781999999999,49652.18001000,398,3655815.00000000,25688.05032000,0
1765782000000000,0.00700000,0.00701000,0.00692000,0.00694000,5163442.00000000,1765785599999999,35869.07095000,389,1674124.00000000,11622.82334000,0
1765785600000000,0.00694000,0.00698000,0.00693000,0.00696000,7195380.00000000,1765789199999999,50075.98549000,425,2535374.00000000,17631.66819000,0
1765789200000000,0.00695000,0.00699000,0.00695000,0.00697000,8531132.00000000,1765792799999999,59490.66862000,466,6316762.00000000,44062.34316000,0
1765792800000000,0.00697000,0.00700000,0.00694000,0.00695000,7013501.00000000,1765796399999999,48869.25539000,587,3200226.00000000,22304.56690000,0
1765796400000000,0.00696000,0.00697000,0.00691000,0.00693000,11430836.00000000,1765799999999999,79377.40924000,386,5258359.00000000,36517.30208000,0
1765800000000000,0.00692000,0.00698000,0.00690000,0.00697000,6265203.00000000,1765803599999999,43417.55100000,374,3637144.00000000,25206.33544000,0
1765803600000000,0.00698000,0.00698000,0.00689000,0.00691000,6086944.00000000,1765807199999999,42165.46711000,668,2288112.00000000,15843.85493000,0
1765807200000000,0.00692000,0.00699000,0.00670000,0.00678000,38138947.00000000,1765810799999999,260065.75693000,2770,17361214.00000000,118593.89117000,0
1765810800000000,0.00677000,0.00680000,0.00654000,0.00660000,89910508.00000000,1765814399999999,598333.46855000,6847,49677122.00000000,330630.74825000,0
1765814400000000,0.00658000,0.00661000,0.00646000,0.00651000,42424514.00000000,1765817999999999,276800.58632000,3311,23310632.00000000,152073.37975000,0
1765818000000000,0.00651000,0.00652000,0.00640000,0.00643000,28036231.00000000,1765821599999999,181334.81800000,2225,14514392.00000000,93929.10300000,0
1765821600000000,0.00642000,0.00647000,0.00633000,0.00646000,28417682.00000000,1765825199999999,182063.72723000,1851,16677241.00000000,106950.33964000,0
1765825200000000,0.00646000,0.00654000,0.00645000,0.00648000,21642662.00000000,1765828799999999,140562.76661000,1387,10036416.00000000,65182.69945000,0
1765828800000000,0.00647000,0.00648000,0.00640000,0.00644000,15396724.00000000,1765832399999999,99170.19444000,959,8648247.00000000,55725.77220000,0
1765832400000000,0.00644000,0.00652000,0.00643000,0.00650000,13922518.00000000,1765835999999999,90085.45077000,659,7193551.00000000,46579.57380000,0
1765836000000000,0.00650000,0.00655000,0.00649000,0.00654000,17978029.00000000,1765839599999999,117140.07121000,787,8433746.00000000,54987.46186000,0
1765839600000000,0.00654000,0.00655000,0.00650000,0.00652000,17821688.00000000,1765843199999999,116366.86230000,822,10433437.00000000,68139.43561000,0
1765843200000000,0.00652000,0.00653000,0.00645000,0.00646000,12501526.00000000,1765846799999999,81261.67001000,679,6740997.00000000,43804.76296000,0
1765846800000000,0.00645000,0.00650000,0.00645000,0.00648000,14019585.00000000,1765850399999999,90763.27982000,752,8024890.00000000,51966.21989000,0
1765850400000000,0.00647000,0.00652000,0.00643000,0.00649000,13123180.00000000,1765853999999999,85040.27562000,636,6949369.00000000,45002.55263000,0
1765854000000000,0.00650000,0.00652000,0.00645000,0.00651000,11023119.00000000,1765857599999999,71635.82545000,655,6372661.00000000,41423.80430000,0
1765857600000000,0.00651000,0.00652000,0.00637000,0.00646000,11427020.00000000,1765861199999999,73590.47496000,637,5377930.00000000,34669.13445000,0
1765861200000000,0.00646000,0.00649000,0.00645000,0.00647000,5572212.00000000,1765864799999999,36041.76078000,402,3251046.00000000,21028.86174000,0
1765864800000000,0.00648000,0.00652000,0.00647000,0.00650000,8606933.00000000,1765868399999999,55947.92919000,424,4340756.00000000,28221.54629000,0
1765868400000000,0.00651000,0.00652000,0.00640000,0.00643000,17701064.00000000,1765871999999999,114149.77415000,664,8605477.00000000,55502.61124000,0
1765872000000000,0.00643000,0.00650000,0.00643000,0.00648000,8079708.00000000,1765875599999999,52244.07876000,549,3961374.00000000,25618.21472000,0
1765875600000000,0.00648000,0.00650000,0.00647000,0.00648000,16047285.00000000,1765879199999999,104065.50852000,380,6129636.00000000,39737.89208000,0
1765879200000000,0.00649000,0.00666000,0.00648000,0.00662000,22128884.00000000,1765882799999999,145709.72470000,956,11550874.00000000,76052.49146000,0
1765882800000000,0.00662000,0.00669000,0.00660000,0.00668000,14741024.00000000,1765886399999999,98088.35462000,761,8547254.00000000,56892.24488000,0
1765886400000000,0.00669000,0.00670000,0.00663000,0.00664000,17201694.00000000,1765889999999999,114693.14635000,621,8019364.00000000,53483.69860000,0
1765890000000000,0.00664000,0.00672000,0.00655000,0.00656000,35582643.00000000,1765893599999999,235970.92233000,1823,19325492.00000000,128260.65574000,0
1765893600000000,0.00656000,0.00667000,0.00650000,0.00661000,46493898.00000000,1765897199999999,305815.97114000,2429,29344410.00000000,192992.81288000,0
1765897200000000,0.00662000,0.00670000,0.00655000,0.00669000,20366205.00000000,1765900799999999,134948.78044000,1663,9543749.00000000,63206.44324000,0
1765900800000000,0.00668000,0.00671000,0.00662000,0.00665000,14497699.00000000,1765904399999999,96592.92197000,1472,9588854.00000000,63887.08995000,0
1765904400000000,0.00666000,0.00669000,0.00659000,0.00660000,13878852.00000000,1765907999999999,92353.82876000,966,8506912.00000000,56620.25478000,0
1765908000000000,0.00660000,0.00670000,0.00659000,0.00667000,14241891.00000000,1765911599999999,94630.29954000,768,8972769.00000000,59671.75981000,0
1765911600000000,0.00667000,0.00670000,0.00659000,0.00666000,15298779.00000000,1765915199999999,101585.50409000,794,8835514.00000000,58623.71195000,0
1765915200000000,0.00666000,0.00669000,0.00664000,0.00665000,10423271.00000000,1765918799999999,69488.63723000,608,5532810.00000000,36899.25920000,0
1765918800000000,0.00666000,0.00666000,0.00661000,0.00664000,4040805.00000000,1765922399999999,26828.95071000,286,1471454.00000000,9771.59892000,0
1765922400000000,0.00664000,0.00665000,0.00662000,0.00663000,5572232.00000000,1765925999999999,36978.03318000,460,2948808.00000000,19570.41458000,0
1765926000000000,0.00662000,0.00662000,0.00657000,0.00660000,9926290.00000000,1765929599999999,65450.99590000,573,4048976.00000000,26695.90607000,0
1765929600000000,0.00660000,0.00660000,0.00655000,0.00657000,4813498.00000000,1765933199999999,31637.78305000,366,1845924.00000000,12129.61526000,0
1765933200000000,0.00658000,0.00665000,0.00658000,0.00659000,6363303.00000000,1765936799999999,42109.28047000,398,3771099.00000000,24963.05005000,0
1765936800000000,0.00659000,0.00662000,0.00656000,0.00662000,7003572.00000000,1765940399999999,46150.40150000,411,4044214.00000000,26672.75479000,0
1765940400000000,0.00661000,0.00663000,0.00657000,0.00658000,4146800.00000000,1765943999999999,27347.16622000,256,1621254.00000000,10693.18484000,0
1765944000000000,0.00658000,0.00660000,0.00653000,0.00654000,2396396.00000000,1765947599999999,15699.69231000,217,836510.00000000,5484.13131000,0
1765947600000000,0.00654000,0.00657000,0.00650000,0.00655000,7587844.00000000,1765951199999999,49609.53674000,523,4655840.00000000,30450.28840000,0
1765951200000000,0.00655000,0.00659000,0.00654000,0.00654000,10098788.00000000,1765954799999999,66271.06973000,475,4320560.00000000,28359.36119000,0
1765954800000000,0.00654000,0.00656000,0.00652000,0.00653000,7296650.00000000,1765958399999999,47737.05444000,456,4048557.00000000,26492.70862000,0
1765958400000000,0.00653000,0.00653000,0.00649000,0.00649000,11823025.00000000,1765961999999999,76937.55354000,438,2939309.00000000,19138.36756000,0
1765962000000000,0.00649000,0.00651000,0.00647000,0.00651000,7152775.00000000,1765965599999999,46420.67572000,403,5002488.00000000,32472.48745000,0
1765965600000000,0.00651000,0.00652000,0.00648000,0.00650000,9483230.00000000,1765969199999999,61628.04532000,523,6044572.00000000,39283.76806000,0
1765969200000000,0.00649000,0.00654000,0.00648000,0.00654000,5273859.00000000,1765972799999999,34388.64017000,497,3386177.00000000,22079.77442000,0
1765972800000000,0.00654000,0.00655000,0.00651000,0.00654000,19305994.00000000,1765976399999999,126178.68673000,815,9977064.00000000,65239.87030000,0
1765976400000000,0.00654000,0.00660000,0.00651000,0.00658000,34335264.00000000,1765979999999999,224635.09873000,1456,21094974.00000000,138021.32536000,0
1765980000000000,0.00658000,0.00677000,0.00646000,0.00677000,66686429.00000000,1765983599999999,440149.36512000,3695,34943462.00000000,230938.03672000,0
1765983600000000,0.00677000,0.00685000,0.00650000,0.00652000,54317810.00000000,1765987199999999,362781.15407000,3741,23497276.00000000,157098.93915000,0
1765987200000000,0.00651000,0.00658000,0.00632000,0.00642000,62427533.00000000,1765990799999999,399570.90702000,5067,32986264.00000000,211181.17227000,0
1765990800000000,0.00642000,0.00644000,0.00630000,0.00631000,32775730.00000000,1765994399999999,208689.93820000,2935,16428132.00000000,104570.42199000,0
1765994400000000,0.00631000,0.00636000,0.00623000,0.00625000,25378865.00000000,1765997999999999,159969.47121000,2668,13321618.00000000,83984.67954000,0
1765998000000000,0.00625000,0.00630000,0.00619000,0.00629000,23340006.00000000,1766001599999999,145557.32610000,2502,11998755.00000000,74863.12290000,0
1766001600000000,0.00630000,0.00636000,0.00626000,0.00627000,11506272.00000000,1766005199999999,72537.47749000,1564,5727249.00000000,36112.01821000,0
1766005200000000,0.00627000,0.00630000,0.00620000,0.00622000,9787766.00000000,1766008799999999,61127.60945000,762,4320464.00000000,27009.79419000,0
1766008800000000,0.00621000,0.00628000,0.00616000,0.00627000,17561256.00000000,1766012399999999,109060.77887000,1102,7664981.00000000,47692.66699000,0
1766012400000000,0.00626000,0.00626000,0.00620000,0.00623000,4722086.00000000,1766015999999999,29375.72042000,557,1802721.00000000,11214.52299000,0
1766016000000000,0.00622000,0.00625000,0.00620000,0.00624000,6096528.00000000,1766019599999999,37938.66411000,495,3023754.00000000,18835.18913000,0
1766019600000000,0.00623000,0.00623000,0.00617000,0.00619000,19410614.00000000,1766023199999999,120253.03848000,663,10814183.00000000,67035.28479000,0
1766023200000000,0.00618000,0.00625000,0.00615000,0.00622000,8056265.00000000,1766026799999999,49933.26165000,529,5205632.00000000,32299.88529000,0
1766026800000000,0.00621000,0.00623000,0.00615000,0.00616000,7275770.00000000,1766030399999999,44886.11478000,415,3564361.00000000,21998.52284000,0
1766030400000000,0.00617000,0.00620000,0.00616000,0.00617000,4576010.00000000,1766033999999999,28279.56963000,307,2844563.00000000,17578.08242000,0
1766034000000000,0.00616000,0.00617000,0.00608000,0.00609000,13043833.00000000,1766037599999999,79821.44146000,675,5527337.00000000,33811.05482000,0
1766037600000000,0.00609000,0.00612000,0.00606000,0.00607000,31379803.00000000,1766041199999999,191006.68954000,1236,21108886.00000000,128490.32519000,0
1766041200000000,0.00608000,0.00611000,0.00605000,0.00610000,44093059.00000000,1766044799999999,268137.38468000,2120,28686238.00000000,174495.85327000,0
1766044800000000,0.00609000,0.00615000,0.00608000,0.00613000,56515340.00000000,1766048399999999,345646.57361000,2782,36592815.00000000,223833.07363000,0
1766048400000000,0.00612000,0.00615000,0.00609000,0.00610000,51116127.00000000,1766051999999999,312659.93310000,2463,32177983.00000000,196753.64860000,0
1766052000000000,0.00611000,0.00612000,0.00609000,0.00610000,29375684.00000000,1766055599999999,179434.86618000,1558,16921263.00000000,103372.95477000,0
1766055600000000,0.00611000,0.00612000,0.00607000,0.00611000,28040521.00000000,1766059199999999,170735.63692000,1552,13307002.00000000,81037.07695000,0
1766059200000000,0.00611000,0.00613000,0.00608000,0.00610000,21729004.00000000,1766062799999999,132677.54189000,1377,10810280.00000000,66040.27935000,0
1766062800000000,0.00611000,0.00635000,0.00611000,0.00634000,62136930.00000000,1766066399999999,387811.82955000,5364,36913045.00000000,230231.89229000,0
1766066400000000,0.00634000,0.00640000,0.00619000,0.00624000,47049167.00000000,1766069999999999,295689.13662000,4668,19120612.00000000,120278.08583000,0
1766070000000000,0.00625000,0.00639000,0.00619000,0.00632000,52218570.00000000,1766073599999999,328841.90345000,4240,29073720.00000000,183232.28319000,0
1766073600000000,0.00632000,0.00633000,0.00625000,0.00628000,18499874.00000000,1766077199999999,116353.05241000,2303,8241554.00000000,51843.82520000,0
1766077200000000,0.00628000,0.00628000,0.00587000,0.00602000,101585092.00000000,1766080799999999,609828.80928000,9831,45760864.00000000,274303.87290000,0
1766080800000000,0.00602000,0.00608000,0.00590000,0.00592000,37135179.00000000,1766084399999999,222611.65411000,2471,19317158.00000000,115739.80433000,0
1766084400000000,0.00593000,0.00594000,0.00575000,0.00576000,66211925.00000000,1766087999999999,387317.70881000,4694,34251324.00000000,200639.90280000,0
1766088000000000,0.00577000,0.00586000,0.00577000,0.00582000,31706179.00000000,1766091599999999,184973.89079000,2662,19456382.00000000,113526.08843000,0
1766091600000000,0.00582000,0.00598000,0.00582000,0.00597000,33865099.00000000,1766095199999999,199873.31700000,2089,22317529.00000000,131683.78345000,0
1766095200000000,0.00598000,0.00601000,0.00593000,0.00595000,19890744.00000000,1766098799999999,118635.63909000,974,9773490.00000000,58313.32147000,0
1766098800000000,0.00595000,0.00595000,0.00589000,0.00589000,9782286.00000000,1766102399999999,57922.08588000,446,3091630.00000000,18325.03543000,0
1766102400000000,0.00589000,0.00592000,0.00586000,0.00589000,12464651.00000000,1766105999999999,73367.66241000,850,7420045.00000000,43674.68531000,0
1766106000000000,0.00589000,0.00589000,0.00581000,0.00584000,22547900.00000000,1766109599999999,131823.38929000,1557,11194706.00000000,65442.04119000,0
1766109600000000,0.00583000,0.00587000,0.00581000,0.00586000,22923239.00000000,1766113199999999,133842.81113000,1313,12272369.00000000,71681.73754000,0
1766113200000000,0.00586000,0.00610000,0.00586000,0.00604000,61015265.00000000,1766116799999999,366984.90058000,4909,37576478.00000000,225919.33594000,0
1766116800000000,0.00604000,0.00608000,0.00604000,0.00605000,19100892.00000000,1766120399999999,115621.72788000,1057,10471010.00000000,63392.69147000,0
1766120400000000,0.00604000,0.00605000,0.00602000,0.00603000,12695956.00000000,1766123999999999,76597.44871000,824,5957014.00000000,35942.89178000,0
1766124000000000,0.00602000,0.00609000,0.00601000,0.00609000,11308551.00000000,1766127599999999,68377.41215000,681,5700769.00000000,34471.94812000,0
1766127600000000,0.00609000,0.00622000,0.00609000,0.00615000,25503591.00000000,1766131199999999,157015.70567000,2015,13319043.00000000,81975.68647000,0
1766131200000000,0.00616000,0.00619000,0.00615000,0.00618000,15255499.00000000,1766134799999999,94149.79177000,856,8023267.00000000,49508.67549000,0
1766134800000000,0.00617000,0.00618000,0.00614000,0.00614000,7064417.00000000,1766138399999999,43454.56884000,536,2837168.00000000,17461.36121000,0
1766138400000000,0.00615000,0.00616000,0.00610000,0.00611000,8296086.00000000,1766141999999999,50810.52091000,619,4222327.00000000,25856.33312000,0
1766142000000000,0.00610000,0.00615000,0.00610000,0.00614000,8156577.00000000,1766145599999999,49971.05319000,553,4276962.00000000,26217.76024000,0
1766145600000000,0.00614000,0.00616000,0.00611000,0.00615000,16263722.00000000,1766149199999999,99825.48278000,844,10197463.00000000,62599.16584000,0
1766149200000000,0.00614000,0.00617000,0.00613000,0.00615000,14634590.00000000,1766152799999999,90043.14910000,1041,6729827.00000000,41426.04573000,0
1766152800000000,0.00614000,0.00627000,0.00612000,0.00622000,34616214.00000000,1766156399999999,214348.35345000,3128,16632738.00000000,103106.68237000,0
1766156400000000,0.00622000,0.00637000,0.00620000,0.00623000,40985181.00000000,1766159999999999,256962.95089000,3723,20964302.00000000,131412.55257000,0
1766160000000000,0.00623000,0.00637000,0.00623000,0.00628000,25262512.00000000,1766163599999999,159539.69006000,2531,13535170.00000000,85540.20425000,0
1766163600000000,0.00628000,0.00634000,0.00614000,0.00614000,40092258.00000000,1766167199999999,249604.65641000,3674,15833570.00000000,98686.43146000,0
1766167200000000,0.00615000,0.00624000,0.00614000,0.00623000,24626589.00000000,1766170799999999,152571.05574000,1924,14316238.00000000,88724.54989000,0
1766170800000000,0.00623000,0.00639000,0.00623000,0.00636000,18547845.00000000,1766174399999999,117466.89522000,1838,11253227.00000000,71236.50919000,0
1766174400000000,0.00636000,0.00641000,0.00634000,0.00638000,21605044.00000000,1766177999999999,137739.13368000,2106,9515959.00000000,60678.36865000,0
1766178000000000,0.00638000,0.00638000,0.00631000,0.00631000,9143173.00000000,1766181599999999,57992.64936000,933,4071640.00000000,25831.40397000,0
1766181600000000,0.00631000,0.00637000,0.00631000,0.00634000,8794683.00000000,1766185199999999,55772.21965000,1161,4479321.00000000,28383.50852000,0
1766185200000000,0.00635000,0.00635000,0.00631000,0.00632000,4163023.00000000,1766188799999999,26344.70827000,411,2292259.00000000,14506.53175000,0
1766188800000000,0.00632000,0.00632000,0.00629000,0.00630000,11770995.00000000,1766192399999999,74237.42709000,536,6010371.00000000,37919.09295000,0
1766192400000000,0.00630000,0.00630000,0.00627000,0.00628000,6020338.00000000,1766195999999999,37852.64288000,385,2565139.00000000,16127.18801000,0
1766196000000000,0.00628000,0.00630000,0.00626000,0.00628000,4603796.00000000,1766199599999999,28905.57782000,361,2515898.00000000,15791.92202000,0
1766199600000000,0.00628000,0.00632000,0.00626000,0.00630000,6488415.00000000,1766203199999999,40785.64159000,358,3619255.00000000,22748.94506000,0
1766203200000000,0.00631000,0.00631000,0.00626000,0.00627000,8912545.00000000,1766206799999999,55955.23260000,404,4230584.00000000,26556.22972000,0
1766206800000000,0.00626000,0.00631000,0.00626000,0.00630000,8923700.00000000,1766210399999999,56168.73176000,444,4885062.00000000,30742.73242000,0
1766210400000000,0.00630000,0.00633000,0.00629000,0.00631000,5072257.00000000,1766213999999999,32003.57175000,262,2779500.00000000,17534.74518000,0
1766214000000000,0.00631000,0.00638000,0.00630000,0.00638000,17559424.00000000,1766217599999999,111432.51338000,781,11111438.00000000,70557.56930000,0
1766217600000000,0.00638000,0.00643000,0.00637000,0.00637000,9666673.00000000,1766221199999999,61890.33003000,691,5262834.00000000,33714.25958000,0
1766221200000000,0.00637000,0.00639000,0.00635000,0.00635000,5578770.00000000,1766224799999999,35551.47831000,425,1813016.00000000,11558.58769000,0
1766224800000000,0.00635000,0.00637000,0.00631000,0.00632000,8017390.00000000,1766228399999999,50829.11611000,399,2933028.00000000,18627.94375000,0
1766228400000000,0.00631000,0.00637000,0.00631000,0.00637000,11481029.00000000,1766231999999999,72827.94319000,513,7484078.00000000,47483.10337000,0
1766232000000000,0.00637000,0.00637000,0.00631000,0.00632000,7676487.00000000,1766235599999999,48640.56942000,397,3204379.00000000,20335.43325000,0
1766235600000000,0.00632000,0.00634000,0.00627000,0.00631000,17036715.00000000,1766239199999999,107296.63497000,935,9288841.00000000,58510.66841000,0
1766239200000000,0.00631000,0.00632000,0.00627000,0.00632000,15485584.00000000,1766242799999999,97534.18694000,563,10759397.00000000,67765.98602000,0
1766242800000000,0.00633000,0.00633000,0.00627000,0.00630000,15021380.00000000,1766246399999999,94567.50428000,715,4241236.00000000,26693.83824000,0
1766246400000000,0.00630000,0.00630000,0.00627000,0.00628000,9621433.00000000,1766249999999999,60505.49078000,392,5710961.00000000,35933.13923000,0
1766250000000000,0.00629000,0.00632000,0.00628000,0.00629000,7471185.00000000,1766253599999999,47091.40120000,627,3904852.00000000,24621.68613000,0
1766253600000000,0.00629000,0.00632000,0.00628000,0.00632000,10778977.00000000,1766257199999999,67890.39543000,598,6604535.00000000,41607.47993000,0
1766257200000000,0.00632000,0.00632000,0.00629000,0.00631000,12470082.00000000,1766260799999999,78661.98182000,508,7726633.00000000,48766.90896000,0
1766260800000000,0.00630000,0.00632000,0.00629000,0.00632000,6753318.00000000,1766264399999999,42579.46931000,365,3897467.00000000,24581.07833000,0
1766264400000000,0.00632000,0.00635000,0.00631000,0.00632000,8391383.00000000,1766267999999999,53124.35829000,498,3161203.00000000,20021.54761000,0
1766268000000000,0.00632000,0.00635000,0.00630000,0.00635000,6718849.00000000,1766271599999999,42405.86427000,462,4729037.00000000,29855.05254000,0
1766271600000000,0.00634000,0.00634000,0.00630000,0.00630000,7266079.00000000,1766275199999999,45924.16955000,471,2190031.00000000,13844.39226000,0
1766275200000000,0.00630000,0.00631000,0.00627000,0.00628000,5399753.00000000,1766278799999999,33963.68169000,444,2341882.00000000,14739.73605000,0
1766278800000000,0.00628000,0.00629000,0.00622000,0.00622000,10822635.00000000,1766282399999999,67654.98605000,446,3691742.00000000,23090.49003000,0
1766282400000000,0.00622000,0.00623000,0.00617000,0.00618000,11372804.00000000,1766285999999999,70433.22142000,552,4747016.00000000,29393.34342000,0
1766286000000000,0.00618000,0.00623000,0.00618000,0.00622000,5540407.00000000,1766289599999999,34450.39546000,324,3006721.00000000,18700.04353000,0
1766289600000000,0.00622000,0.00622000,0.00620000,0.00620000,4466984.00000000,1766293199999999,27746.29321000,280,1336593.00000000,8310.49334000,0
1766293200000000,0.00620000,0.00624000,0.00620000,0.00620000,5759328.00000000,1766296799999999,35786.43834000,454,3100904.00000000,19275.15314000,0
1766296800000000,0.00621000,0.00622000,0.00619000,0.00622000,7317557.00000000,1766300399999999,45437.97661000,517,4701351.00000000,29200.09594000,0
1766300400000000,0.00622000,0.00622000,0.00619000,0.00621000,7866088.00000000,1766303999999999,48847.90882000,536,3208698.00000000,19938.18405000,0
1766304000000000,0.00620000,0.00627000,0.00619000,0.00625000,11159880.00000000,1766307599999999,69363.34237000,848,5482010.00000000,34110.08398000,0
1766307600000000,0.00625000,0.00628000,0.00622000,0.00625000,13868227.00000000,1766311199999999,86723.71738000,927,8402761.00000000,52545.54585000,0
1766311200000000,0.00626000,0.00627000,0.00619000,0.00620000,9884708.00000000,1766314799999999,61508.74759000,655,4103423.00000000,25551.77436000,0
1766314800000000,0.00620000,0.00621000,0.00618000,0.00618000,7198346.00000000,1766318399999999,44575.68870000,357,3529180.00000000,21856.69680000,0
1766318400000000,0.00618000,0.00621000,0.00614000,0.00614000,15563478.00000000,1766321999999999,96196.47632000,874,6267457.00000000,38754.16072000,0
1766322000000000,0.00615000,0.00615000,0.00598000,0.00599000,47471213.00000000,1766325599999999,287618.11306000,2357,23730107.00000000,143983.70501000,0
1766325600000000,0.00598000,0.00604000,0.00598000,0.00603000,23259438.00000000,1766329199999999,140017.19813000,1537,15240774.00000000,91811.72963000,0
1766329200000000,0.00602000,0.00604000,0.00599000,0.00603000,25124762.00000000,1766332799999999,151048.43229000,1296,12330932.00000000,74160.47219000,0
1766332800000000,0.00602000,0.00607000,0.00599000,0.00607000,26620474.00000000,1766336399999999,160414.57966000,1436,15011468.00000000,90494.38337000,0
1766336400000000,0.00607000,0.00611000,0.00605000,0.00607000,15777762.00000000,1766339999999999,95951.05446000,854,8430349.00000000,51298.18618000,0
1766340000000000,0.00606000,0.00608000,0.00601000,0.00608000,15393147.00000000,1766343599999999,93142.72185000,916,7868292.00000000,47617.11017000,0
1766343600000000,0.00608000,0.00610000,0.00604000,0.00609000,8775889.00000000,1766347199999999,53323.39344000,628,5007503.00000000,30443.22173000,0
1766347200000000,0.00610000,0.00610000,0.00606000,0.00607000,2076606.00000000,1766350799999999,12623.17478000,251,839805.00000000,5105.47040000,0
1766350800000000,0.00607000,0.00609000,0.00604000,0.00605000,6220961.00000000,1766354399999999,37757.47252000,470,4295842.00000000,26074.34701000,0
1766354400000000,0.00604000,0.00615000,0.00603000,0.00614000,10555286.00000000,1766357999999999,64146.06123000,633,6257458.00000000,38045.75636000,0
1766358000000000,0.00615000,0.00619000,0.00612000,0.00613000,6847361.00000000,1766361599999999,42092.23584000,699,3836847.00000000,23575.98015000,0
1766361600000000,0.00612000,0.00633000,0.00612000,0.00618000,49792901.00000000,1766365199999999,309901.45105000,3502,24978538.00000000,155465.07145000,0
1766365200000000,0.00617000,0.00625000,0.00616000,0.00617000,13159737.00000000,1766368799999999,81498.76651000,1022,6566503.00000000,40676.40382000,0
1766368800000000,0.00617000,0.00617000,0.00606000,0.00614000,16292199.00000000,1766372399999999,99503.98468000,1366,7847921.00000000,47964.46090000,0
1766372400000000,0.00614000,0.00621000,0.00613000,0.00619000,8076527.00000000,1766375999999999,49941.94850000,601,3976730.00000000,24597.42286000,0
1766376000000000,0.00619000,0.00623000,0.00618000,0.00622000,5854832.00000000,1766379599999999,36347.86493000,593,3306947.00000000,20526.59606000,0
1766379600000000,0.00622000,0.00624000,0.00618000,0.00621000,5465224.00000000,1766383199999999,33902.08437000,490,2714428.00000000,16855.38024000,0
1766383200000000,0.00621000,0.00625000,0.00620000,0.00622000,13890163.00000000,1766386799999999,86435.61675000,773,8779144.00000000,54610.78817000,0
1766386800000000,0.00621000,0.00628000,0.00620000,0.00626000,11385174.00000000,1766390399999999,71031.81405000,641,5618210.00000000,35084.60905000,0
1766390400000000,0.00625000,0.00635000,0.00625000,0.00628000,20689483.00000000,1766393999999999,130574.16640000,1460,13520872.00000000,85372.79285000,0
1766394000000000,0.00628000,0.00628000,0.00623000,0.00626000,7209064.00000000,1766397599999999,45168.40520000,639,3651618.00000000,22892.89463000,0
1766397600000000,0.00626000,0.00632000,0.00625000,0.00626000,12472817.00000000,1766401199999999,78280.86015000,815,7793807.00000000,48917.91042000,0
1766401200000000,0.00627000,0.00632000,0.00624000,0.00628000,11465591.00000000,1766404799999999,71929.29360000,798,6547014.00000000,41061.10259000,0
1766404800000000,0.00628000,0.00635000,0.00628000,0.00629000,16200347.00000000,1766408399999999,102140.64464000,1441,8308375.00000000,52415.94591000,0
1766408400000000,0.00630000,0.00630000,0.00624000,0.00627000,5091291.00000000,1766411999999999,31931.08773000,697,2619906.00000000,16436.63514000,0
1766412000000000,0.00627000,0.00633000,0.00623000,0.00629000,30868944.00000000,1766415599999999,194040.61607000,2322,15208141.00000000,95692.44333000,0
1766415600000000,0.00629000,0.00634000,0.00621000,0.00630000,25594725.00000000,1766419199999999,160157.14054000,2218,12412846.00000000,77706.25938000,0
1766419200000000,0.00630000,0.00634000,0.00626000,0.00628000,11957897.00000000,1766422799999999,75368.81876000,1221,7708539.00000000,48609.46556000,0
1766422800000000,0.00627000,0.00628000,0.00623000,0.00625000,10921629.00000000,1766426399999999,68315.81041000,993,5858356.00000000,36668.80860000,0
1766426400000000,0.00624000,0.00629000,0.00623000,0.00625000,9826926.00000000,1766429999999999,61453.45586000,760,3618212.00000000,22626.31301000,0
1766430000000000,0.00625000,0.00625000,0.00611000,0.00613000,21685212.00000000,1766433599999999,133976.16962000,1795,8399130.00000000,51880.73671000,0
1766433600000000,0.00612000,0.00616000,0.00608000,0.00612000,18680916.00000000,1766437199999999,114291.75798000,1509,10382390.00000000,63555.54589000,0
1766437200000000,0.00612000,0.00617000,0.00611000,0.00613000,8328802.00000000,1766440799999999,51172.22231000,568,3868444.00000000,23771.26506000,0
1766440800000000,0.00613000,0.00621000,0.00611000,0.00620000,9645224.00000000,1766444399999999,59443.52849000,653,3606559.00000000,22223.20726000,0
1766444400000000,0.00621000,0.00622000,0.00618000,0.00621000,6238472.00000000,1766447999999999,38685.50143000,645,4126010.00000000,25591.42621000,0
1766448000000000,0.00621000,0.00626000,0.00619000,0.00624000,9899339.00000000,1766451599999999,61690.38338000,644,7255196.00000000,45243.95590000,0
1766451600000000,0.00625000,0.00625000,0.00619000,0.00620000,10984175.00000000,1766455199999999,68257.52057000,701,5264139.00000000,32706.94465000,0
1766455200000000,0.00620000,0.00623000,0.00616000,0.00616000,12433286.00000000,1766458799999999,76988.00972000,939,5011439.00000000,31055.80580000,0
1766458800000000,0.00616000,0.00616000,0.00612000,0.00614000,11732217.00000000,1766462399999999,72092.08431000,808,5531189.00000000,33999.85990000,0
1766462400000000,0.00615000,0.00616000,0.00611000,0.00612000,5031087.00000000,1766465999999999,30871.74536000,374,2357438.00000000,14464.60493000,0
1766466000000000,0.00612000,0.00613000,0.00607000,0.00611000,10438296.00000000,1766469599999999,63705.55000000,856,5771065.00000000,35221.76671000,0
1766469600000000,0.00610000,0.00611000,0.00605000,0.00609000,14402666.00000000,1766473199999999,87544.73823000,1134,5129579.00000000,31207.54918000,0
1766473200000000,0.00608000,0.00611000,0.00606000,0.00609000,16871429.00000000,1766476799999999,102719.73460000,1071,7981421.00000000,48600.00035000,0
1766476800000000,0.00609000,0.00612000,0.00606000,0.00607000,8896389.00000000,1766480399999999,54254.47822000,730,3878093.00000000,23650.20786000,0
1766480400000000,0.00607000,0.00609000,0.00606000,0.00609000,16756819.00000000,1766483999999999,101754.95162000,723,8739574.00000000,53072.06004000,0
1766484000000000,0.00609000,0.00611000,0.00608000,0.00609000,12420801.00000000,1766487599999999,75710.13189000,483,6499558.00000000,39617.08280000,0
1766487600000000,0.00609000,0.00612000,0.00609000,0.00610000,8938787.00000000,1766491199999999,54544.49156000,566,5207562.00000000,31786.49319000,0
1766491200000000,0.00609000,0.00610000,0.00604000,0.00606000,16038453.00000000,1766494799999999,97381.40054000,810,9333651.00000000,56692.77188000,0
1766494800000000,0.00605000,0.00607000,0.00599000,0.00602000,22902166.00000000,1766498399999999,138026.96761000,1344,10202443.00000000,61524.18849000,0
1766498400000000,0.00601000,0.00604000,0.00593000,0.00597000,26136846.00000000,1766501999999999,156321.72428000,2220,11997733.00000000,71851.58921000,0
1766502000000000,0.00597000,0.00604000,0.00596000,0.00602000,18692928.00000000,1766505599999999,112095.97113000,1470,6695775.00000000,40153.05809000,0
1766505600000000,0.00601000,0.00613000,0.00600000,0.00611000,25484734.00000000,1766509199999999,154892.75671000,1722,13262400.00000000,80566.02812000,0
1766509200000000,0.00612000,0.00614000,0.00601000,0.00601000,17760421.00000000,1766512799999999,107764.87214000,1135,4153162.00000000,25276.84004000,0
1766512800000000,0.00601000,0.00617000,0.00601000,0.00615000,27731411.00000000,1766516399999999,168638.72626000,1501,16008356.00000000,97368.79239000,0
1766516400000000,0.00615000,0.00616000,0.00610000,0.00611000,10425220.00000000,1766519999999999,63900.90307000,656,4322882.00000000,26494.03896000,0
1766520000000000,0.00611000,0.00620000,0.00610000,0.00614000,16328347.00000000,1766523599999999,100389.31309000,1014,8197864.00000000,50419.91414000,0
1766523600000000,0.00615000,0.00616000,0.00612000,0.00613000,4020708.00000000,1766527199999999,24698.37192000,380,2002544.00000000,12305.91132000,0
1766527200000000,0.00613000,0.00616000,0.00610000,0.00612000,7922676.00000000,1766530799999999,48508.73106000,473,5759142.00000000,35258.07726000,0
1766530800000000,0.00611000,0.00614000,0.00610000,0.00613000,5336173.00000000,1766534399999999,32654.69123000,361,2731386.00000000,16721.08506000,0
1766534400000000,0.00614000,0.00616000,0.00611000,0.00616000,13521719.00000000,1766537999999999,82921.43583000,569,5109231.00000000,31342.09035000,0
1766538000000000,0.00616000,0.00617000,0.00610000,0.00611000,3386617.00000000,1766541599999999,20781.15320000,415,1651229.00000000,10127.72811000,0
1766541600000000,0.00610000,0.00610000,0.00603000,0.00604000,7289376.00000000,1766545199999999,44160.49528000,756,3926352.00000000,23791.05109000,0
1766545200000000,0.00603000,0.00607000,0.00601000,0.00606000,8319040.00000000,1766548799999999,50178.17719000,545,5037854.00000000,30386.19651000,0
1766548800000000,0.00606000,0.00609000,0.00601000,0.00601000,5370748.00000000,1766552399999999,32473.46589000,484,2045571.00000000,12368.84818000,0
1766552400000000,0.00601000,0.00602000,0.00595000,0.00597000,14889573.00000000,1766555999999999,89158.21000000,825,5599873.00000000,33532.74243000,0
1766556000000000,0.00597000,0.00602000,0.00595000,0.00601000,15549645.00000000,1766559599999999,93152.72766000,761,7011647.00000000,42022.07477000,0
1766559600000000,0.00601000,0.00603000,0.00600000,0.00601000,7238620.00000000,1766563199999999,43544.71929000,439,3271104.00000000,19679.14542000,0
1766563200000000,0.00600000,0.00606000,0.00598000,0.00600000,52669666.00000000,1766566799999999,316636.93255000,1464,33778221.00000000,203240.71138000,0
1766566800000000,0.00600000,0.00603000,0.00600000,0.00601000,9103637.00000000,1766570399999999,54727.47626000,632,4379027.00000000,26323.46945000,0
1766570400000000,0.00602000,0.00604000,0.00600000,0.00601000,4912461.00000000,1766573999999999,29592.61287000,493,2175704.00000000,13115.15202000,0
1766574000000000,0.00601000,0.00604000,0.00601000,0.00603000,12635627.00000000,1766577599999999,76125.64143000,549,6367781.00000000,38372.13654000,0
1766577600000000,0.00603000,0.00605000,0.00602000,0.00604000,6069186.00000000,1766581199999999,36623.94247000,448,3285279.00000000,19833.13195000,0
1766581200000000,0.00604000,0.00605000,0.00602000,0.00602000,4832948.00000000,1766584799999999,29150.85050000,329,2619230.00000000,15803.20950000,0
1766584800000000,0.00603000,0.00606000,0.00595000,0.00604000,18961562.00000000,1766588399999999,114113.17906000,1722,10635365.00000000,64066.39499000,0
1766588400000000,0.00604000,0.00609000,0.00601000,0.00608000,14444621.00000000,1766591999999999,87463.76609000,1108,6809748.00000000,41260.14340000,0
1766592000000000,0.00608000,0.00613000,0.00604000,0.00610000,16388082.00000000,1766595599999999,99802.57048000,1179,10748205.00000000,65450.36367000,0
1766595600000000,0.00610000,0.00611000,0.00606000,0.00607000,10281466.00000000,1766599199999999,62576.05610000,760,6199149.00000000,37730.52384000,0
1766599200000000,0.00606000,0.00609000,0.00604000,0.00607000,9738880.00000000,1766602799999999,59093.05386000,572,4683505.00000000,28436.86362000,0
1766602800000000,0.00606000,0.00611000,0.00605000,0.00610000,7861090.00000000,1766606399999999,47712.72893000,497,5421359.00000000,32909.41669000,0
1766606400000000,0.00610000,0.00613000,0.00610000,0.00611000,8251673.00000000,1766609999999999,50462.25068000,449,4650146.00000000,28438.71577000,0
1766610000000000,0.00611000,0.00612000,0.00609000,0.00611000,6437712.00000000,1766613599999999,39320.26326000,414,3407131.00000000,20820.54433000,0
1766613600000000,0.00612000,0.00619000,0.00612000,0.00616000,7952486.00000000,1766617199999999,48906.56389000,564,4478836.00000000,27552.87472000,0
1766617200000000,0.00616000,0.00617000,0.00611000,0.00613000,16153002.00000000,1766620799999999,99239.82219000,405,3031220.00000000,18591.98173000,0
1766620800000000,0.00613000,0.00614000,0.00610000,0.00610000,3235466.00000000,1766624399999999,19811.63201000,251,1429242.00000000,8756.07134000,0
1766624400000000,0.00610000,0.00614000,0.00610000,0.00613000,3103957.00000000,1766627999999999,18997.20376000,208,1636018.00000000,10015.95082000,0
1766628000000000,0.00612000,0.00621000,0.00612000,0.00619000,6914216.00000000,1766631599999999,42705.96380000,529,4969938.00000000,30688.83952000,0
1766631600000000,0.00619000,0.00624000,0.00619000,0.00621000,15522953.00000000,1766635199999999,96391.73460000,746,8091235.00000000,50262.24574000,0
1766635200000000,0.00622000,0.00626000,0.00621000,0.00624000,9164116.00000000,1766638799999999,57070.07544000,537,3822201.00000000,23816.86206000,0
1766638800000000,0.00624000,0.00624000,0.00621000,0.00621000,3547667.00000000,1766642399999999,22088.11999000,335,1253832.00000000,7810.76839000,0
1766642400000000,0.00621000,0.00624000,0.00621000,0.00623000,5404574.00000000,1766645999999999,33662.47639000,419,1900652.00000000,11837.75812000,0
1766646000000000,0.00623000,0.00624000,0.00619000,0.00623000,11560407.00000000,1766649599999999,71851.59653000,568,4533954.00000000,28204.94318000,0
1766649600000000,0.00624000,0.00629000,0.00621000,0.00622000,15801240.00000000,1766653199999999,98700.25079000,972,8195514.00000000,51237.72706000,0
1766653200000000,0.00622000,0.00623000,0.00618000,0.00620000,15171808.00000000,1766656799999999,94038.38808000,612,3777751.00000000,23429.78647000,0
1766656800000000,0.00620000,0.00620000,0.00611000,0.00613000,11160745.00000000,1766660399999999,68698.02160000,620,4496488.00000000,27687.29020000,0
1766660400000000,0.00613000,0.00615000,0.00612000,0.00613000,4780948.00000000,1766663999999999,29341.70823000,313,2494732.00000000,15316.18324000,0
1766664000000000,0.00613000,0.00618000,0.00612000,0.00617000,5031081.00000000,1766667599999999,30971.74106000,326,1962634.00000000,12090.41037000,0
1766667600000000,0.00617000,0.00618000,0.00614000,0.00616000,4434428.00000000,1766671199999999,27303.46289000,382,2168056.00000000,13345.61153000,0
1766671200000000,0.00616000,0.00616000,0.00610000,0.00610000,10948659.00000000,1766674799999999,67008.71023000,758,5990589.00000000,36673.74676000,0
1766674800000000,0.00610000,0.00620000,0.00608000,0.00617000,19801597.00000000,1766678399999999,121634.44809000,1321,9580757.00000000,58878.50359000,0
1766678400000000,0.00617000,0.00621000,0.00613000,0.00615000,9464614.00000000,1766681999999999,58391.13944000,632,4204612.00000000,25990.85541000,0
1766682000000000,0.00614000,0.00615000,0.00611000,0.00613000,4679555.00000000,1766685599999999,28673.36806000,388,2085163.00000000,12771.69257000,0
1766685600000000,0.00612000,0.00619000,0.00612000,0.00618000,7079007.00000000,1766689199999999,43656.71028000,514,4648712.00000000,28675.95265000,0
1766689200000000,0.00618000,0.00619000,0.00616000,0.00619000,4141031.00000000,1766692799999999,25554.55101000,350,2307971.00000000,14244.93320000,0
1766692800000000,0.00619000,0.00621000,0.00616000,0.00619000,8157863.00000000,1766696399999999,50501.94057000,519,4055550.00000000,25101.07711000,0
1766696400000000,0.00619000,0.00619000,0.00616000,0.00618000,2581377.00000000,1766699999999999,15949.26614000,194,745935.00000000,4610.89615000,0
1766700000000000,0.00618000,0.00618000,0.00600000,0.00602000,21043255.00000000,1766703599999999,127750.01617000,2197,7757142.00000000,46992.61258000,0
1766703600000000,0.00602000,0.00606000,0.00594000,0.00597000,24202881.00000000,1766707199999999,144954.62124000,1866,9716210.00000000,58252.70152000,0
1766707200000000,0.00597000,0.00600000,0.00594000,0.00599000,11289395.00000000,1766710799999999,67494.86405000,909,5121245.00000000,30615.48792000,0
1766710800000000,0.00599000,0.00603000,0.00598000,0.00603000,8788070.00000000,1766714399999999,52850.64234000,657,3468197.00000000,20859.93212000,0
1766714400000000,0.00603000,0.00626000,0.00603000,0.00623000,39486567.00000000,1766717999999999,245013.91785000,2950,24510505.00000000,152117.36906000,0
1766718000000000,0.00623000,0.00625000,0.00617000,0.00619000,11307279.00000000,1766721599999999,70159.50676000,1150,5461577.00000000,33880.58551000,0
1766721600000000,0.00618000,0.00622000,0.00614000,0.00620000,9491646.00000000,1766725199999999,58622.98047000,924,2447354.00000000,15114.38247000,0
1766725200000000,0.00620000,0.00621000,0.00618000,0.00620000,3476705.00000000,1766728799999999,21538.59763000,413,1301206.00000000,8064.98454000,0
1766728800000000,0.00621000,0.00623000,0.00617000,0.00618000,13065535.00000000,1766732399999999,81033.02314000,1221,4575633.00000000,28388.89179000,0
1766732400000000,0.00618000,0.00622000,0.00611000,0.00613000,18190108.00000000,1766735999999999,112240.73203000,1390,7426035.00000000,45851.24899000,0
1766736000000000,0.00612000,0.00616000,0.00611000,0.00614000,11986100.00000000,1766739599999999,73614.98109000,1037,4113362.00000000,25284.19261000,0
1766739600000000,0.00614000,0.00616000,0.00611000,0.00616000,11405365.00000000,1766743199999999,69944.95388000,726,4791859.00000000,29419.58160000,0
1766743200000000,0.00615000,0.00616000,0.00613000,0.00615000,7773863.00000000,1766746799999999,47816.74979000,542,5292336.00000000,32563.61989000,0
1766746800000000,0.00615000,0.00616000,0.00612000,0.00614000,14319969.00000000,1766750399999999,87915.65008000,636,5543941.00000000,34099.83780000,0
1766750400000000,0.00614000,0.00618000,0.00614000,0.00617000,9019164.00000000,1766753999999999,55523.63111000,489,4478774.00000000,27596.88699000,0
1766754000000000,0.00618000,0.00618000,0.00614000,0.00615000,8250787.00000000,1766757599999999,50792.43896000,686,3234877.00000000,19918.38953000,0
1766757600000000,0.00615000,0.00616000,0.00601000,0.00603000,40569320.00000000,1766761199999999,246348.91831000,2693,15073278.00000000,91600.03624000,0
1766761200000000,0.00603000,0.00605000,0.00597000,0.00604000,38417089.00000000,1766764799999999,230775.06772000,2960,23254738.00000000,139654.72126000,0
1766764800000000,0.00604000,0.00605000,0.00597000,0.00598000,8943540.00000000,1766768399999999,53791.45442000,728,2286719.00000000,13774.55366000,0
1766768400000000,0.00598000,0.00606000,0.00598000,0.00604000,14039642.00000000,1766771999999999,84385.59626000,988,6729768.00000000,40487.51036000,0
1766772000000000,0.00604000,0.00607000,0.00603000,0.00606000,8478947.00000000,1766775599999999,51235.19195000,580,2745706.00000000,16597.02304000,0
1766775600000000,0.00606000,0.00612000,0.00605000,0.00609000,6589782.00000000,1766779199999999,40073.08500000,606,3621983.00000000,22028.76525000,0
1766779200000000,0.00609000,0.00612000,0.00608000,0.00610000,10570863.00000000,1766782799999999,64407.55919000,910,5425592.00000000,33078.31746000,0
1766782800000000,0.00610000,0.00611000,0.00606000,0.00607000,4377625.00000000,1766786399999999,26651.90645000,331,2722849.00000000,16583.20475000,0
1766786400000000,0.00606000,0.00608000,0.00604000,0.00608000,6641678.00000000,1766789999999999,40249.87419000,481,3291926.00000000,19963.19616000,0
1766790000000000,0.00608000,0.00609000,0.00607000,0.00609000,4226717.00000000,1766793599999999,25717.08190000,275,2215798.00000000,13486.91107000,0
1766793600000000,0.00608000,0.00609000,0.00607000,0.00607000,7828758.00000000,1766797199999999,47607.39101000,456,5190029.00000000,31566.41866000,0
1766797200000000,0.00608000,0.00610000,0.00605000,0.00609000,4580831.00000000,1766800799999999,27821.49277000,264,2657591.00000000,16153.19210000,0
1766800800000000,0.00610000,0.00610000,0.00607000,0.00609000,4477390.00000000,1766804399999999,27249.03084000,360,2401835.00000000,14623.85077000,0
1766804400000000,0.00609000,0.00614000,0.00607000,0.00612000,8186270.00000000,1766807999999999,49974.58948000,589,4088644.00000000,24962.59892000,0
1766808000000000,0.00612000,0.00613000,0.00608000,0.00609000,5310062.00000000,1766811599999999,32390.92529000,270,2948075.00000000,17993.19469000,0
1766811600000000,0.00608000,0.00609000,0.00606000,0.00606000,6622558.00000000,1766815199999999,40210.58416000,248,3288692.00000000,19966.74506000,0
1766815200000000,0.00606000,0.00607000,0.00605000,0.00605000,2827495.00000000,1766818799999999,17132.58989000,175,1564879.00000000,9486.57627000,0
1766818800000000,0.00606000,0.00608000,0.00604000,0.00606000,10326616.00000000,1766822399999999,62607.97758000,453,6768013.00000000,41041.28534000,0
1766822400000000,0.00606000,0.00607000,0.00605000,0.00605000,4363980.00000000,1766825999999999,26434.77267000,242,3457132.00000000,20946.36236000,0
1766826000000000,0.00606000,0.00608000,0.00602000,0.00603000,9119982.00000000,1766829599999999,55118.46632000,571,4449321.00000000,26902.86687000,0
1766829600000000,0.00603000,0.00605000,0.00599000,0.00604000,7990701.00000000,1766833199999999,48071.00630000,514,4117965.00000000,24786.34822000,0
1766833200000000,0.00603000,0.00611000,0.00603000,0.00610000,12988784.00000000,1766836799999999,78754.99316000,703,7904733.00000000,47941.43605000,0
1766836800000000,0.00611000,0.00611000,0.00608000,0.00610000,9089423.00000000,1766840399999999,55419.96241000,432,5387857.00000000,32857.67411000,0
1766840400000000,0.00609000,0.00610000,0.00604000,0.00606000,8613948.00000000,1766843999999999,52274.43696000,427,1771625.00000000,10751.14934000,0
1766844000000000,0.00606000,0.00609000,0.00605000,0.00608000,8141211.00000000,1766847599999999,49394.96834000,393,4530348.00000000,27494.99798000,0
1766847600000000,0.00609000,0.00613000,0.00608000,0.00612000,15744215.00000000,1766851199999999,96163.09397000,449,5580743.00000000,34060.80074000,0
1766851200000000,0.00611000,0.00619000,0.00611000,0.00614000,39034376.00000000,1766854799999999,240181.51548000,953,23657477.00000000,145692.24090000,0
1766854800000000,0.00613000,0.00616000,0.00613000,0.00615000,7455894.00000000,1766858399999999,45785.65969000,428,3036943.00000000,18653.37555000,0
1766858400000000,0.00615000,0.00615000,0.00612000,0.00614000,4778886.00000000,1766861999999999,29303.37755000,343,1421663.00000000,8722.25521000,0
1766862000000000,0.00613000,0.00614000,0.00612000,0.00613000,6657664.00000000,1766865599999999,40842.71382000,320,3131513.00000000,19221.40065000,0
1766865600000000,0.00614000,0.00616000,0.00612000,0.00613000,9754835.00000000,1766869199999999,59873.47251000,521,5657419.00000000,34734.06035000,0
1766869200000000,0.00613000,0.00620000,0.00613000,0.00618000,15193638.00000000,1766872799999999,94000.41807000,606,8071276.00000000,49933.77211000,0
1766872800000000,0.00618000,0.00624000,0.00617000,0.00620000,24947097.00000000,1766876399999999,154692.98364000,921,19853794.00000000,123160.10120000,0
1766876400000000,0.00620000,0.00628000,0.00620000,0.00627000,24083990.00000000,1766879999999999,150227.69881000,826,18344078.00000000,114437.14942000,0
1766880000000000,0.00627000,0.00630000,0.00624000,0.00625000,38439452.00000000,1766883599999999,240748.94973000,1113,21384946.00000000,133997.98019000,0
1766883600000000,0.00624000,0.00626000,0.00622000,0.00625000,6741015.00000000,1766887199999999,42100.78664000,484,4055294.00000000,25332.52551000,0
1766887200000000,0.00625000,0.00627000,0.00624000,0.00626000,7208134.00000000,1766890799999999,45099.41744000,293,2359641.00000000,14772.31639000,0
1766890800000000,0.00626000,0.00627000,0.00624000,0.00627000,6716166.00000000,1766894399999999,42008.34393000,365,3640388.00000000,22779.01625000,0
1766894400000000,0.00627000,0.00627000,0.00624000,0.00625000,5157363.00000000,1766897999999999,32280.58531000,298,2534576.00000000,15866.75997000,0
1766898000000000,0.00626000,0.00629000,0.00625000,0.00628000,6710061.00000000,1766901599999999,42085.32345000,402,3712487.00000000,23289.94313000,0
1766901600000000,0.00628000,0.00634000,0.00627000,0.00632000,13493541.00000000,1766905199999999,85168.05417000,578,7322603.00000000,46228.12534000,0
1766905200000000,0.00632000,0.00634000,0.00629000,0.00630000,12462094.00000000,1766908799999999,78643.02168000,377,8127556.00000000,51285.44423000,0
1766908800000000,0.00630000,0.00631000,0.00627000,0.00627000,11135950.00000000,1766912399999999,69998.83382000,552,3812509.00000000,23969.03949000,0
1766912400000000,0.00627000,0.00628000,0.00624000,0.00626000,8437860.00000000,1766915999999999,52836.63923000,510,4713198.00000000,29521.06202000,0
1766916000000000,0.00627000,0.00630000,0.00627000,0.00630000,8687552.00000000,1766919599999999,54655.77809000,383,5459355.00000000,34353.19308000,0
1766919600000000,0.00630000,0.00630000,0.00624000,0.00627000,10342460.00000000,1766923199999999,64782.04660000,359,2703767.00000000,16947.34881000,0
1766923200000000,0.00627000,0.00627000,0.00621000,0.00622000,10051425.00000000,1766926799999999,62806.05611000,511,5758254.00000000,36000.37981000,0
1766926800000000,0.00623000,0.00624000,0.00621000,0.00624000,7457493.00000000,1766930399999999,46455.93440000,389,3151731.00000000,19649.06302000,0
1766930400000000,0.00624000,0.00630000,0.00623000,0.00628000,11168650.00000000,1766933999999999,70012.87294000,719,6882344.00000000,43169.66329000,0
1766934000000000,0.00628000,0.00629000,0.00625000,0.00625000,9796403.00000000,1766937599999999,61423.44830000,421,4203282.00000000,26368.62791000,0
1766937600000000,0.00625000,0.00629000,0.00625000,0.00626000,10805096.00000000,1766941199999999,67683.52176000,474,6443573.00000000,40371.35588000,0
1766941200000000,0.00625000,0.00628000,0.00622000,0.00622000,13124260.00000000,1766944799999999,81945.09127000,623,5496926.00000000,34347.21146000,0
1766944800000000,0.00622000,0.00625000,0.00616000,0.00617000,41371511.00000000,1766948399999999,256974.08646000,1722,20651051.00000000,128537.87530000,0
1766948400000000,0.00616000,0.00618000,0.00612000,0.00614000,12171558.00000000,1766951999999999,74849.61974000,682,5581478.00000000,34336.68825000,0
1766952000000000,0.00614000,0.00615000,0.00612000,0.00614000,14764728.00000000,1766955599999999,90672.07633000,655,8735310.00000000,53667.63551000,0
1766955600000000,0.00614000,0.00615000,0.00610000,0.00613000,11389757.00000000,1766959199999999,69735.59160000,677,4132594.00000000,25326.93440000,0
1766959200000000,0.00613000,0.00618000,0.00612000,0.00617000,10196161.00000000,1766962799999999,62696.42821000,505,7486835.00000000,46055.16438000,0
1766962800000000,0.00618000,0.00621000,0.00614000,0.00620000,6841627.00000000,1766966399999999,42172.52088000,345,3106707.00000000,19138.96164000,0
1766966400000000,0.00621000,0.00630000,0.00618000,0.00627000,13769168.00000000,1766969999999999,86239.85865000,1094,8436739.00000000,52911.18929000,0
1766970000000000,0.00626000,0.00632000,0.00620000,0.00627000,31210220.00000000,1766973599999999,195383.84357000,1502,18076194.00000000,113338.21067000,0
1766973600000000,0.00627000,0.00636000,0.00627000,0.00628000,30573811.00000000,1766977199999999,192347.85925000,1749,21294188.00000000,133884.94555000,0
1766977200000000,0.00628000,0.00635000,0.00627000,0.00633000,12106754.00000000,1766980799999999,76381.78805000,1220,5801556.00000000,36595.02380000,0
1766980800000000,0.00633000,0.00635000,0.00630000,0.00633000,16028110.00000000,1766984399999999,101351.58872000,1016,7327904.00000000,46371.46146000,0
1766984400000000,0.00633000,0.00633000,0.00628000,0.00628000,14594204.00000000,1766987999999999,91939.99491000,940,6509721.00000000,41010.85138000,0
1766988000000000,0.00628000,0.00630000,0.00625000,0.00625000,9292170.00000000,1766991599999999,58293.61360000,484,2867513.00000000,18011.17008000,0
1766991600000000,0.00626000,0.00629000,0.00622000,0.00628000,10229093.00000000,1766995199999999,63909.51895000,852,4431811.00000000,27702.60613000,0
1766995200000000,0.00628000,0.00629000,0.00625000,0.00625000,6151239.00000000,1766998799999999,38608.73480000,356,2285188.00000000,14345.72158000,0
1766998800000000,0.00625000,0.00626000,0.00612000,0.00616000,23752248.00000000,1767002399999999,147075.82377000,1675,9398307.00000000,58242.04265000,0
1767002400000000,0.00617000,0.00622000,0.00615000,0.00620000,12924431.00000000,1767005999999999,80119.19171000,792,5681255.00000000,35225.36637000,0
1767006000000000,0.00620000,0.00621000,0.00615000,0.00616000,9573877.00000000,1767009599999999,59195.03211000,488,5602546.00000000,34641.78520000,0
1767009600000000,0.00616000,0.00617000,0.00604000,0.00611000,34132809.00000000,1767013199999999,207958.61499000,2312,14207889.00000000,86642.28527000,0
1767013200000000,0.00611000,0.00612000,0.00605000,0.00606000,23941861.00000000,1767016799999999,145502.64399000,943,11415640.00000000,69371.30362000,0
1767016800000000,0.00607000,0.00614000,0.00602000,0.00608000,55484202.00000000,1767020399999999,337013.58199000,3274,23756946.00000000,144505.09444000,0
1767020400000000,0.00607000,0.00615000,0.00606000,0.00610000,21821085.00000000,1767023999999999,133591.30490000,1222,13102650.00000000,80332.73784000,0
1767024000000000,0.00610000,0.00611000,0.00606000,0.00607000,24940329.00000000,1767027599999999,151752.81148000,977,10625432.00000000,64644.84762000,0
1767027600000000,0.00607000,0.00609000,0.00604000,0.00608000,12292090.00000000,1767031199999999,74565.42389000,707,4833384.00000000,29317.46167000,0
1767031200000000,0.00608000,0.00609000,0.00602000,0.00603000,8740813.00000000,1767034799999999,52976.00572000,702,3172369.00000000,19240.03181000,0
1767034800000000,0.00603000,0.00608000,0.00600000,0.00603000,17979720.00000000,1767038399999999,108756.16282000,873,10752485.00000000,65104.64428000,0
1767038400000000,0.00603000,0.00605000,0.00600000,0.00601000,18922557.00000000,1767041999999999,113803.75073000,896,6889664.00000000,41480.73747000,0
1767042000000000,0.00601000,0.00605000,0.00601000,0.00604000,5983794.00000000,1767045599999999,36099.85084000,337,3360300.00000000,20275.17820000,0
1767045600000000,0.00603000,0.00605000,0.00601000,0.00602000,11643063.00000000,1767049199999999,70178.69000000,542,4392272.00000000,26501.57961000,0
1767049200000000,0.00602000,0.00603000,0.00599000,0.00602000,18707962.00000000,1767052799999999,112444.27877000,780,7075212.00000000,42556.89950000,0
1767052800000000,0.00601000,0.00604000,0.00598000,0.00602000,7547071.00000000,1767056399999999,45404.10473000,531,3302573.00000000,19888.34108000,0
1767056400000000,0.00603000,0.00603000,0.00599000,0.00600000,4773055.00000000,1767059999999999,28698.58933000,318,3331153.00000000,20026.18121000,0
1767060000000000,0.00599000,0.00603000,0.00599000,0.00601000,7212501.00000000,1767063599999999,43309.00783000,521,5021302.00000000,30151.41262000,0
1767063600000000,0.00600000,0.00605000,0.00597000,0.00602000,10251980.00000000,1767067199999999,61532.44765000,684,4704511.00000000,28232.71477000,0
1767067200000000,0.00603000,0.00605000,0.00601000,0.00602000,4227407.00000000,1767070799999999,25464.14377000,301,1822016.00000000,10983.64048000,0
1767070800000000,0.00602000,0.00603000,0.00597000,0.00600000,8341290.00000000,1767074399999999,49982.98512000,526,3402657.00000000,20381.03916000,0
1767074400000000,0.00601000,0.00606000,0.00600000,0.00604000,5961962.00000000,1767077999999999,35991.66007000,321,3591345.00000000,21676.52250000,0
1767078000000000,0.00604000,0.00606000,0.00601000,0.00602000,8515428.00000000,1767081599999999,51318.36345000,417,4021957.00000000,24255.09148000,0
1767081600000000,0.00601000,0.00611000,0.00601000,0.00605000,28142462.00000000,1767085199999999,170872.26009000,1303,17314504.00000000,105148.43697000,0
1767085200000000,0.00604000,0.00608000,0.00604000,0.00607000,10173103.00000000,1767088799999999,61602.53115000,559,5063966.00000000,30683.64853000,0
1767088800000000,0.00607000,0.00608000,0.00604000,0.00606000,13263563.00000000,1767092399999999,80334.15134000,667,5444275.00000000,32986.26771000,0
1767092400000000,0.00606000,0.00608000,0.00605000,0.00608000,8328171.00000000,1767095999999999,50500.57981000,334,2877367.00000000,17459.71295000,0
1767096000000000,0.00608000,0.00608000,0.00605000,0.00605000,11758353.00000000,1767099599999999,71372.47883000,334,8602860.00000000,52228.94645000,0
1767099600000000,0.00606000,0.00607000,0.00603000,0.00605000,10886007.00000000,1767103199999999,65873.55769000,580,6195719.00000000,37495.87965000,0
1767103200000000,0.00605000,0.00609000,0.00598000,0.00607000,46169565.00000000,1767106799999999,278123.16756000,2476,24322867.00000000,146552.38336000,0
1767106800000000,0.00608000,0.00608000,0.00601000,0.00608000,16303927.00000000,1767110399999999,98410.44894000,1163,8117559.00000000,49032.27155000,0
1767110400000000,0.00607000,0.00610000,0.00599000,0.00602000,19230885.00000000,1767113999999999,116093.34772000,1150,8286137.00000000,50034.16836000,0
1767114000000000,0.00601000,0.00603000,0.00597000,0.00600000,17692984.00000000,1767117599999999,106219.79347000,903,10816108.00000000,64925.58129000,0
1767117600000000,0.00600000,0.00601000,0.00598000,0.00600000,14241646.00000000,1767121199999999,85403.03236000,712,8380578.00000000,50263.04356000,0
1767121200000000,0.00599000,0.00602000,0.00594000,0.00602000,29796587.00000000,1767124799999999,177898.67806000,1192,10043741.00000000,60055.85235000,0
1767124800000000,0.00601000,0.00602000,0.00596000,0.00597000,13020396.00000000,1767128399999999,77881.50331000,786,4247848.00000000,25426.78342000,0
1767128400000000,0.00596000,0.00599000,0.00595000,0.00596000,9897172.00000000,1767131999999999,59115.07409000,470,4174831.00000000,24950.27131000,0
1767132000000000,0.00596000,0.00599000,0.00595000,0.00597000,9624365.00000000,1767135599999999,57466.56417000,596,5927069.00000000,35400.64631000,0
1767135600000000,0.00597000,0.00601000,0.00597000,0.00599000,4160417.00000000,1767139199999999,24927.04754000,353,2640840.00000000,15831.79061000,0
1767139200000000,0.00599000,0.00599000,0.00595000,0.00596000,7783443.00000000,1767142799999999,46472.68228000,402,3314009.00000000,19779.27186000,0
1767142800000000,0.00596000,0.00602000,0.00596000,0.00600000,11817121.00000000,1767146399999999,70915.74454000,700,7434751.00000000,44608.37719000,0
1767146400000000,0.00601000,0.00601000,0.00598000,0.00599000,10149252.00000000,1767149999999999,60806.35653000,590,5919872.00000000,35461.95037000,0
1767150000000000,0.00598000,0.00599000,0.00595000,0.00597000,12321033.00000000,1767153599999999,73424.43150000,437,2623046.00000000,15648.30218000,0
1767153600000000,0.00597000,0.00598000,0.00595000,0.00596000,7515329.00000000,1767157199999999,44832.86811000,463,3796866.00000000,22661.87234000,0
1767157200000000,0.00597000,0.00597000,0.00594000,0.00595000,11560122.00000000,1767160799999999,68885.32638000,520,4552128.00000000,27132.93870000,0
1767160800000000,0.00596000,0.00596000,0.00591000,0.00594000,19212411.00000000,1767164399999999,113993.12805000,1150,5564278.00000000,33022.93166000,0
1767164400000000,0.00593000,0.00595000,0.00591000,0.00594000,13851085.00000000,1767167999999999,82109.88060000,728,7259437.00000000,43054.73209000,0
1767168000000000,0.00594000,0.00595000,0.00588000,0.00590000,13037361.00000000,1767171599999999,77180.53582000,543,6032371.00000000,35745.38677000,0
1767171600000000,0.00590000,0.00592000,0.00588000,0.00591000,8817660.00000000,1767175199999999,52035.93299000,585,2857490.00000000,16877.14492000,0
1767175200000000,0.00592000,0.00592000,0.00588000,0.00589000,13795923.00000000,1767178799999999,81415.50383000,601,7848770.00000000,46332.59329000,0
1767178800000000,0.00589000,0.00595000,0.00588000,0.00595000,14912647.00000000,1767182399999999,88294.11359000,644,9462517.00000000,56039.79880000,0
1767182400000000,0.00595000,0.00596000,0.00590000,0.00590000,7223746.00000000,1767185999999999,42773.57572000,500,3471724.00000000,20564.02981000,0
1767186000000000,0.00590000,0.00594000,0.00589000,0.00593000,8059023.00000000,1767189599999999,47657.40440000,637,3820467.00000000,22597.82605000,0
1767189600000000,0.00594000,0.00598000,0.00592000,0.00596000,20151887.00000000,1767193199999999,119914.40949000,1506,12236206.00000000,72830.57689000,0
1767193200000000,0.00596000,0.00597000,0.00589000,0.00591000,26263418.00000000,1767196799999999,155379.23008000,1641,11428796.00000000,67635.68225000,0
1767196800000000,0.00591000,0.00591000,0.00572000,0.00578000,79837282.00000000,1767200399999999,463357.36302000,3335,34973985.00000000,202726.79994000,0
1767200400000000,0.00579000,0.00581000,0.00575000,0.00577000,27584123.00000000,1767203999999999,159471.02237000,1474,13347430.00000000,77179.10716000,0
1767204000000000,0.00578000,0.00580000,0.00574000,0.00577000,30824267.00000000,1767207599999999,178257.75085000,922,8862481.00000000,51284.66207000,0
1767207600000000,0.00578000,0.00586000,0.00577000,0.00583000,18050314.00000000,1767211199999999,105096.09562000,883,9742306.00000000,56728.13896000,0
1767211200000000,0.00582000,0.00588000,0.00577000,0.00587000,35935751.00000000,1767214799999999,209338.48204000,1469,19910803.00000000,116137.49935000,0
1767214800000000,0.00586000,0.00591000,0.00586000,0.00588000,16075110.00000000,1767218399999999,94597.95721000,623,7756757.00000000,45662.84169000,0
1767218400000000,0.00588000,0.00589000,0.00584000,0.00585000,11375977.00000000,1767221999999999,66745.85719000,664,4975836.00000000,29186.77735000,0
1767222000000000,0.00585000,0.00586000,0.00584000,0.00584000,5373025.00000000,1767225599999999,31414.91919000,223,2675845.00000000,15655.56615000,0
