1759276800000000,0.01441000,0.01445000,0.01428000,0.01436000,11566222.00000000,1759280399999999,166215.19005000,856,6166594.00000000,88684.35722000,0
1759280400000000,0.01436000,0.01448000,0.01431000,0.01447000,11762362.00000000,1759283999999999,169247.80324000,924,6568212.00000000,94514.33268000,0
1759284000000000,0.01446000,0.01450000,0.01442000,0.01443000,11934584.00000000,1759287599999999,172553.64875000,895,4615234.00000000,66722.39550000,0
1759287600000000,0.01443000,0.01447000,0.01429000,0.01431000,12619715.00000000,1759291199999999,181630.72328000,967,5574153.00000000,80314.49804000,0
1759291200000000,0.01430000,0.01446000,0.01429000,0.01439000,12843620.00000000,1759294799999999,185123.42863000,952,7123235.00000000,102689.96644000,0
1759294800000000,0.01440000,0.01454000,0.01440000,0.01446000,15400521.00000000,1759298399999999,223024.13706000,1085,7116524.00000000,103056.80570000,0
1759298400000000,0.01446000,0.01452000,0.01435000,0.01437000,11181087.00000000,1759301999999999,161296.22690000,895,3427209.00000000,49438.20701000,0
1759302000000000,0.01437000,0.01450000,0.01435000,0.01444000,14642135.00000000,1759305599999999,211522.85144000,905,9436226.00000000,136347.70995000,0
1759305600000000,0.01444000,0.01514000,0.01443000,0.01511000,90025682.00000000,1759309199999999,1343409.05492000,6345,46475694.00000000,693282.50566000,0
1759309200000000,0.01511000,0.01531000,0.01511000,0.01524000,76511738.00000000,1759312799999999,1163013.69934000,4047,39730394.00000000,604282.55556000,0
1759312800000000,0.01524000,0.01526000,0.01505000,0.01507000,36872265.00000000,1759316399999999,557681.58265000,2343,10646766.00000000,161004.19506000,0
1759316400000000,0.01507000,0.01512000,0.01504000,0.01509000,17840927.00000000,1759319999999999,268984.19538000,1147,9292274.00000000,140146.21020000,0
1759320000000000,0.01509000,0.01513000,0.01495000,0.01498000,28482312.00000000,1759323599999999,428609.61612000,1647,14602272.00000000,219845.99664000,0
1759323600000000,0.01497000,0.01510000,0.01497000,0.01503000,18072645.00000000,1759327199999999,271784.81706000,1453,8602611.00000000,129404.36092000,0
1759327200000000,0.01504000,0.01514000,0.01500000,0.01505000,30590787.00000000,1759330799999999,461551.88172000,1900,15838457.00000000,239083.59614000,0
1759330800000000,0.01506000,0.01520000,0.01503000,0.01516000,19388486.00000000,1759334399999999,293132.58313000,1259,8120038.00000000,122787.38435000,0
1759334400000000,0.01516000,0.01520000,0.01508000,0.01512000,20372447.00000000,1759337999999999,308890.04955000,1482,11791490.00000000,178856.18822000,0
1759338000000000,0.01513000,0.01523000,0.01511000,0.01516000,16133690.00000000,1759341599999999,244739.49266000,1298,7852943.00000000,119178.63610000,0
1759341600000000,0.01517000,0.01540000,0.01517000,0.01537000,29822895.00000000,1759345199999999,456417.93395000,1562,13661850.00000000,209124.76704000,0
1759345200000000,0.01537000,0.01545000,0.01535000,0.01537000,22270916.00000000,1759348799999999,342761.97448000,1465,11243328.00000000,173030.06751000,0
1759348800000000,0.01537000,0.01540000,0.01531000,0.01534000,31643949.00000000,1759352399999999,485791.53794000,1626,14510534.00000000,222872.76415000,0
1759352400000000,0.01535000,0.01535000,0.01527000,0.01532000,20226030.00000000,1759355999999999,309594.31888000,1211,9515529.00000000,145680.85780000,0
1759356000000000,0.01532000,0.01540000,0.01531000,0.01535000,22827601.00000000,1759359599999999,350599.87059000,1335,10315650.00000000,158406.95816000,0
1759359600000000,0.01535000,0.01546000,0.01532000,0.01544000,19175228.00000000,1759363199999999,294976.85171000,1289,11884617.00000000,182867.07850000,0
1759363200000000,0.01544000,0.01550000,0.01539000,0.01541000,23524190.00000000,1759366799999999,363505.80484000,1499,11502964.00000000,177817.55599000,0
1759366800000000,0.01541000,0.01568000,0.01539000,0.01567000,33021780.00000000,1759370399999999,513243.44175000,1967,17719677.00000000,275445.29070000,0
1759370400000000,0.01567000,0.01570000,0.01558000,0.01565000,26695716.00000000,1759373999999999,417390.32807000,1959,12129860.00000000,189725.93845000,0
1759374000000000,0.01565000,0.01570000,0.01561000,0.01564000,27409828.00000000,1759377599999999,429229.94918000,1921,12306674.00000000,192776.54197000,0
1759377600000000,0.01564000,0.01575000,0.01564000,0.01574000,26049496.00000000,1759381199999999,408424.59518000,1494,15044779.00000000,235932.52728000,0
1759381200000000,0.01574000,0.01584000,0.01571000,0.01577000,24211128.00000000,1759384799999999,381994.82258000,1777,14423844.00000000,227585.42208000,0
1759384800000000,0.01578000,0.01590000,0.01576000,0.01583000,39880144.00000000,1759388399999999,631363.49461000,2710,22240834.00000000,352117.44170000,0
1759388400000000,0.01583000,0.01585000,0.01569000,0.01571000,41172079.00000000,1759391999999999,650039.61383000,1829,16969912.00000000,267799.67807000,0
1759392000000000,0.01571000,0.01578000,0.01570000,0.01573000,15227192.00000000,1759395599999999,239718.03608000,1353,8367064.00000000,131720.95792000,0
1759395600000000,0.01572000,0.01575000,0.01569000,0.01572000,18454003.00000000,1759399199999999,289928.44290000,1342,9620090.00000000,151150.70088000,0
1759399200000000,0.01571000,0.01578000,0.01564000,0.01576000,23726518.00000000,1759402799999999,372884.24448000,1760,13674132.00000000,214952.47272000,0
1759402800000000,0.01576000,0.01584000,0.01574000,0.01576000,14466510.00000000,1759406399999999,228430.75836000,1297,7530801.00000000,118921.53822000,0
1759406400000000,0.01576000,0.01590000,0.01575000,0.01588000,28831238.00000000,1759409999999999,457005.68211000,2040,15609378.00000000,247418.55062000,0
1759410000000000,0.01587000,0.01590000,0.01571000,0.01582000,28025784.00000000,1759413599999999,443329.14875000,2501,12192950.00000000,192898.93025000,0
1759413600000000,0.01583000,0.01584000,0.01547000,0.01560000,57579725.00000000,1759417199999999,900489.50593000,4195,22452142.00000000,351195.12423000,0
1759417200000000,0.01559000,0.01581000,0.01548000,0.01579000,45420237.00000000,1759420799999999,709054.77554000,3355,24090361.00000000,376343.87640000,0
1759420800000000,0.01580000,0.01598000,0.01576000,0.01583000,32944473.00000000,1759424399999999,522696.44212000,2868,17121076.00000000,271714.54615000,0
1759424400000000,0.01583000,0.01614000,0.01580000,0.01610000,39139875.00000000,1759427999999999,625654.36454000,2647,23228681.00000000,371493.54981000,0
1759428000000000,0.01611000,0.01628000,0.01611000,0.01621000,42092904.00000000,1759431599999999,682619.83618000,3316,24661941.00000000,399972.28522000,0
1759431600000000,0.01622000,0.01644000,0.01618000,0.01635000,47904547.00000000,1759435199999999,783846.67109000,3710,27201953.00000000,444898.33919000,0
1759435200000000,0.01637000,0.01640000,0.01620000,0.01630000,24988243.00000000,1759438799999999,407167.31277000,2371,9270664.00000000,151124.47955000,0
1759438800000000,0.01630000,0.01638000,0.01623000,0.01625000,15922663.00000000,1759442399999999,259432.24574000,1717,6651812.00000000,108378.56194000,0
1759442400000000,0.01624000,0.01631000,0.01615000,0.01615000,29162171.00000000,1759445999999999,472368.40717000,2377,11092799.00000000,179849.44563000,0
1759446000000000,0.01616000,0.01619000,0.01610000,0.01617000,17729885.00000000,1759449599999999,286235.89514000,1436,10136658.00000000,163684.11724000,0
1759449600000000,0.01618000,0.01622000,0.01596000,0.01599000,14840298.00000000,1759453199999999,238347.58976000,1548,6227371.00000000,100095.09074000,0
1759453200000000,0.01599000,0.01603000,0.01583000,0.01584000,19137433.00000000,1759456799999999,305132.75784000,1710,7151601.00000000,114061.40362000,0
1759456800000000,0.01584000,0.01597000,0.01583000,0.01592000,15654777.00000000,1759460399999999,249053.57696000,1207,7840478.00000000,124759.93538000,0
1759460400000000,0.01593000,0.01611000,0.01587000,0.01592000,38194731.00000000,1759463999999999,611011.76299000,2345,17517213.00000000,280255.66707000,0
1759464000000000,0.01591000,0.01610000,0.01589000,0.01603000,21704792.00000000,1759467599999999,346895.53794000,1933,14812074.00000000,236775.31920000,0
1759467600000000,0.01603000,0.01605000,0.01587000,0.01593000,28095012.00000000,1759471199999999,447202.46713000,1522,20530740.00000000,326644.15715000,0
1759471200000000,0.01593000,0.01602000,0.01577000,0.01590000,28217116.00000000,1759474799999999,447935.13680000,2915,13383969.00000000,212595.05459000,0
1759474800000000,0.01590000,0.01594000,0.01582000,0.01592000,20434490.00000000,1759478399999999,324485.45115000,1980,10808898.00000000,171669.08280000,0
1759478400000000,0.01592000,0.01596000,0.01579000,0.01594000,26736406.00000000,1759481999999999,424932.74426000,1864,14462464.00000000,229908.74820000,0
1759482000000000,0.01594000,0.01598000,0.01585000,0.01594000,16230015.00000000,1759485599999999,258412.16741000,1468,9924648.00000000,158041.55277000,0
1759485600000000,0.01594000,0.01594000,0.01587000,0.01588000,8738974.00000000,1759489199999999,138975.65770000,750,4181273.00000000,66501.88501000,0
1759489200000000,0.01588000,0.01588000,0.01579000,0.01582000,10266274.00000000,1759492799999999,162544.55119000,896,3514114.00000000,55647.71639000,0
1759492800000000,0.01583000,0.01592000,0.01581000,0.01589000,13310274.00000000,1759496399999999,211193.53189000,1190,6365828.00000000,100985.11306000,0
1759496400000000,0.01588000,0.01603000,0.01571000,0.01590000,23856302.00000000,1759499999999999,378148.59228000,2757,10638436.00000000,168671.51191000,0
1759500000000000,0.01590000,0.01599000,0.01572000,0.01590000,30246787.00000000,1759503599999999,479464.34648000,2785,15074498.00000000,239032.33634000,0
1759503600000000,0.01589000,0.01625000,0.01585000,0.01623000,33562175.00000000,1759507199999999,538998.71996000,2864,15710445.00000000,252444.79942000,0
1759507200000000,0.01623000,0.01646000,0.01617000,0.01619000,59763289.00000000,1759510799999999,974090.60144000,5305,31013890.00000000,506067.89367000,0
1759510800000000,0.01619000,0.01620000,0.01569000,0.01592000,105623291.00000000,1759514399999999,1685714.36425000,10673,45018844.00000000,718364.19349000,0
1759514400000000,0.01592000,0.01621000,0.01584000,0.01621000,29378232.00000000,1759517999999999,471655.65426000,2227,19778368.00000000,317876.75726000,0
1759518000000000,0.01621000,0.01637000,0.01614000,0.01627000,38545985.00000000,1759521599999999,627659.64202000,3250,20957917.00000000,341395.62571000,0
1759521600000000,0.01627000,0.01642000,0.01622000,0.01637000,32828027.00000000,1759525199999999,536013.77325000,2279,16196640.00000000,264538.69288000,0
1759525200000000,0.01638000,0.01644000,0.01631000,0.01637000,19909523.00000000,1759528799999999,326420.20697000,1421,10530804.00000000,172709.55408000,0
1759528800000000,0.01638000,0.01646000,0.01637000,0.01640000,12648064.00000000,1759532399999999,207765.56576000,1247,6107267.00000000,100351.26658000,0
1759532400000000,0.01639000,0.01639000,0.01630000,0.01633000,13131837.00000000,1759535999999999,214557.98850000,1280,5159791.00000000,84330.93999000,0
1759536000000000,0.01634000,0.01642000,0.01622000,0.01630000,18365272.00000000,1759539599999999,299457.56335000,2045,5906604.00000000,96368.86350000,0
1759539600000000,0.01631000,0.01631000,0.01611000,0.01616000,13580265.00000000,1759543199999999,219808.48778000,1895,3209695.00000000,51966.70015000,0
1759543200000000,0.01616000,0.01624000,0.01604000,0.01610000,25989961.00000000,1759546799999999,418635.56248000,2521,9103333.00000000,146567.18631000,0
1759546800000000,0.01610000,0.01612000,0.01594000,0.01602000,34368064.00000000,1759550399999999,550624.19681000,3021,14233063.00000000,228012.52476000,0
1759550400000000,0.01603000,0.01612000,0.01594000,0.01603000,13899800.00000000,1759553999999999,222584.03009000,1322,6768750.00000000,108438.92108000,0
1759554000000000,0.01604000,0.01615000,0.01601000,0.01609000,7676507.00000000,1759557599999999,123401.47918000,993,4837390.00000000,77755.49732000,0
1759557600000000,0.01609000,0.01620000,0.01608000,0.01613000,12867889.00000000,1759561199999999,207698.66227000,1220,6769327.00000000,109258.39324000,0
1759561200000000,0.01613000,0.01614000,0.01598000,0.01605000,12487577.00000000,1759564799999999,200387.12923000,1018,7305229.00000000,117246.47483000,0
1759564800000000,0.01605000,0.01606000,0.01587000,0.01590000,33362192.00000000,1759568399999999,531958.02273000,1562,9363184.00000000,149463.90680000,0
1759568400000000,0.01589000,0.01597000,0.01579000,0.01582000,14009643.00000000,1759571999999999,222553.32743000,1057,5681911.00000000,90295.62051000,0
1759572000000000,0.01582000,0.01588000,0.01571000,0.01574000,18199590.00000000,1759575599999999,287472.65641000,1240,8715058.00000000,137757.25441000,0
1759575600000000,0.01573000,0.01583000,0.01572000,0.01581000,17113365.00000000,1759579199999999,269784.01952000,1247,9204924.00000000,145162.19671000,0
1759579200000000,0.01581000,0.01590000,0.01578000,0.01581000,17681637.00000000,1759582799999999,279961.01345000,1206,9515810.00000000,150730.29426000,0
1759582800000000,0.01581000,0.01601000,0.01580000,0.01589000,28227624.00000000,1759586399999999,450386.13368000,1734,16650370.00000000,265536.07207000,0
1759586400000000,0.01588000,0.01600000,0.01570000,0.01570000,14638799.00000000,1759589999999999,231627.12692000,1431,4051823.00000000,64186.29764000,0
1759590000000000,0.01571000,0.01579000,0.01553000,0.01558000,41899174.00000000,1759593599999999,654098.53200000,3884,19353100.00000000,302227.71287000,0
1759593600000000,0.01559000,0.01561000,0.01541000,0.01554000,38927271.00000000,1759597199999999,603447.05392000,3221,18434111.00000000,285689.39632000,0
1759597200000000,0.01554000,0.01565000,0.01550000,0.01558000,11676486.00000000,1759600799999999,181750.38160000,1190,6499563.00000000,101172.05877000,0
1759600800000000,0.01558000,0.01562000,0.01554000,0.01557000,7985378.00000000,1759604399999999,124445.89118000,901,3761878.00000000,58643.32554000,0
1759604400000000,0.01557000,0.01569000,0.01557000,0.01569000,6669144.00000000,1759607999999999,104306.67213000,845,3600292.00000000,56313.67011000,0
1759608000000000,0.01569000,0.01577000,0.01569000,0.01571000,6945522.00000000,1759611599999999,109271.30414000,1047,3512099.00000000,55267.43878000,0
1759611600000000,0.01571000,0.01582000,0.01571000,0.01577000,15957317.00000000,1759615199999999,251911.88407000,1069,7598065.00000000,119956.76053000,0
1759615200000000,0.01577000,0.01595000,0.01577000,0.01589000,21800658.00000000,1759618799999999,346353.03086000,1358,9365312.00000000,148775.24837000,0
1759618800000000,0.01589000,0.01591000,0.01583000,0.01588000,11312383.00000000,1759622399999999,179481.28714000,918,6109968.00000000,96936.52612000,0
1759622400000000,0.01588000,0.01594000,0.01572000,0.01575000,20733987.00000000,1759625999999999,327727.17563000,1361,10566807.00000000,166887.38981000,0
1759626000000000,0.01574000,0.01583000,0.01573000,0.01582000,6901082.00000000,1759629599999999,108951.41804000,883,3620499.00000000,57170.28733000,0
1759629600000000,0.01582000,0.01624000,0.01578000,0.01620000,50374960.00000000,1759633199999999,807005.38851000,5188,29781956.00000000,477140.56179000,0
1759633200000000,0.01620000,0.01629000,0.01606000,0.01608000,38225751.00000000,1759636799999999,619284.09093000,3239,18368549.00000000,297500.73212000,0
1759636800000000,0.01608000,0.01631000,0.01603000,0.01620000,47183073.00000000,1759640399999999,763545.81176000,4892,27765648.00000000,449287.57203000,0
1759640400000000,0.01620000,0.01628000,0.01616000,0.01624000,27407256.00000000,1759643999999999,444480.43746000,2611,12864270.00000000,208663.12906000,0
1759644000000000,0.01623000,0.01630000,0.01618000,0.01622000,33978090.00000000,1759647599999999,552439.30100000,2466,17907598.00000000,291177.24067000,0
1759647600000000,0.01622000,0.01644000,0.01617000,0.01642000,41026958.00000000,1759651199999999,668087.64592000,3153,22076059.00000000,359493.53107000,0
1759651200000000,0.01642000,0.01651000,0.01629000,0.01634000,42479385.00000000,1759654799999999,696361.32408000,3251,23035615.00000000,377866.35174000,0
1759654800000000,0.01634000,0.01635000,0.01609000,0.01614000,53074364.00000000,1759658399999999,860834.45619000,5346,24492590.00000000,397405.13964000,0
1759658400000000,0.01614000,0.01618000,0.01603000,0.01608000,28636697.00000000,1759661999999999,460767.41556000,2754,9436230.00000000,151885.26491000,0
1759662000000000,0.01608000,0.01611000,0.01596000,0.01610000,16461580.00000000,1759665599999999,263903.02597000,1462,7737048.00000000,124096.66396000,0
1759665600000000,0.01609000,0.01609000,0.01595000,0.01598000,13131554.00000000,1759669199999999,210252.55616000,1456,6243882.00000000,99963.24487000,0
1759669200000000,0.01598000,0.01608000,0.01597000,0.01604000,17781630.00000000,1759672799999999,284867.60232000,1525,9934827.00000000,159175.37928000,0
1759672800000000,0.01605000,0.01613000,0.01590000,0.01599000,22246710.00000000,1759676399999999,355829.01898000,2058,9890892.00000000,158409.53622000,0
1759676400000000,0.01599000,0.01611000,0.01597000,0.01606000,9634417.00000000,1759679999999999,154577.61367000,1051,5803763.00000000,93153.07662000,0
1759680000000000,0.01605000,0.01609000,0.01586000,0.01602000,26582672.00000000,1759683599999999,424412.93633000,2060,11020212.00000000,176186.56486000,0
1759683600000000,0.01603000,0.01607000,0.01579000,0.01581000,17048556.00000000,1759687199999999,271472.79487000,1786,7298313.00000000,116306.22993000,0
1759687200000000,0.01581000,0.01587000,0.01571000,0.01578000,21762866.00000000,1759690799999999,343595.36855000,2363,11731075.00000000,185285.37437000,0
1759690800000000,0.01579000,0.01579000,0.01554000,0.01555000,17080591.00000000,1759694399999999,267282.15291000,1607,7130650.00000000,111705.24765000,0
1759694400000000,0.01555000,0.01571000,0.01550000,0.01563000,14439128.00000000,1759697999999999,225570.75968000,1692,7229253.00000000,112948.14499000,0
1759698000000000,0.01562000,0.01568000,0.01558000,0.01567000,10927921.00000000,1759701599999999,170911.11906000,1050,5172278.00000000,80904.20308000,0
1759701600000000,0.01567000,0.01577000,0.01561000,0.01573000,12331265.00000000,1759705199999999,193393.86027000,1127,7139015.00000000,112038.54496000,0
1759705200000000,0.01573000,0.01580000,0.01572000,0.01572000,10098158.00000000,1759708799999999,159142.35337000,904,5271795.00000000,83112.21675000,0
1759708800000000,0.01573000,0.01592000,0.01563000,0.01571000,37797286.00000000,1759712399999999,595919.50819000,3770,23145529.00000000,364958.76640000,0
1759712400000000,0.01571000,0.01600000,0.01563000,0.01586000,17502308.00000000,1759715999999999,276794.35811000,2536,8919627.00000000,141097.67758000,0
1759716000000000,0.01585000,0.01600000,0.01574000,0.01592000,14484345.00000000,1759719599999999,229977.83671000,1838,7527798.00000000,119649.39748000,0
1759719600000000,0.01591000,0.01600000,0.01586000,0.01594000,12604408.00000000,1759723199999999,200682.33874000,1301,9221526.00000000,146833.12006000,0
1759723200000000,0.01594000,0.01595000,0.01578000,0.01578000,9691855.00000000,1759726799999999,153652.61927000,1187,5218335.00000000,82777.66115000,0
1759726800000000,0.01578000,0.01591000,0.01573000,0.01588000,14072141.00000000,1759730399999999,222469.08693000,1300,7854308.00000000,124322.27095000,0
1759730400000000,0.01588000,0.01614000,0.01587000,0.01606000,23732026.00000000,1759733999999999,380256.61622000,2293,13614096.00000000,217994.59478000,0
1759734000000000,0.01606000,0.01612000,0.01586000,0.01593000,20527129.00000000,1759737599999999,328446.59990000,2095,10852409.00000000,173722.39234000,0
1759737600000000,0.01594000,0.01610000,0.01594000,0.01607000,23126084.00000000,1759741199999999,370580.39837000,1804,11248493.00000000,180386.84224000,0
1759741200000000,0.01608000,0.01614000,0.01604000,0.01606000,21739853.00000000,1759744799999999,349575.98767000,1586,13855104.00000000,222856.96696000,0
1759744800000000,0.01606000,0.01609000,0.01599000,0.01607000,9071864.00000000,1759748399999999,145551.18137000,1086,5205541.00000000,83531.96876000,0
1759748400000000,0.01606000,0.01616000,0.01599000,0.01605000,21320895.00000000,1759751999999999,342487.24243000,1568,12348786.00000000,198353.12536000,0
1759752000000000,0.01606000,0.01616000,0.01605000,0.01614000,16617673.00000000,1759755599999999,267828.79686000,1261,6700375.00000000,108007.95725000,0
1759755600000000,0.01614000,0.01642000,0.01610000,0.01641000,46057788.00000000,1759759199999999,750881.43679000,4332,30285038.00000000,494149.39873000,0
1759759200000000,0.01641000,0.01646000,0.01627000,0.01632000,37667632.00000000,1759762799999999,617061.56823000,5041,18585694.00000000,304506.57157000,0
1759762800000000,0.01632000,0.01656000,0.01632000,0.01649000,39868495.00000000,1759766399999999,656816.00835000,4237,23841373.00000000,392670.98057000,0
1759766400000000,0.01649000,0.01657000,0.01637000,0.01648000,36815866.00000000,1759769999999999,605480.70676000,4062,14029434.00000000,230751.71483000,0
1759770000000000,0.01649000,0.01663000,0.01647000,0.01651000,34356092.00000000,1759773599999999,568328.15596000,4527,14825163.00000000,245285.61439000,0
1759773600000000,0.01651000,0.01660000,0.01648000,0.01658000,13203116.00000000,1759777199999999,218584.48260000,1665,5731163.00000000,94929.06483000,0
1759777200000000,0.01658000,0.01659000,0.01649000,0.01656000,19033336.00000000,1759780799999999,314752.88265000,1844,8102979.00000000,134050.66903000,0
1759780800000000,0.01656000,0.01666000,0.01650000,0.01655000,26009142.00000000,1759784399999999,430910.49751000,2651,13388991.00000000,221984.98537000,0
1759784400000000,0.01654000,0.01661000,0.01644000,0.01657000,19231652.00000000,1759787999999999,318055.00451000,2714,9087241.00000000,150385.96031000,0
1759788000000000,0.01657000,0.01662000,0.01648000,0.01654000,11035970.00000000,1759791599999999,182523.71083000,1806,4530472.00000000,74992.99159000,0
1759791600000000,0.01654000,0.01656000,0.01640000,0.01644000,13302104.00000000,1759795199999999,218813.12074000,2102,5607382.00000000,92249.99817000,0
1759795200000000,0.01644000,0.01653000,0.01641000,0.01652000,11904458.00000000,1759798799999999,196034.05626000,1985,5847455.00000000,96346.82669000,0
1759798800000000,0.01651000,0.01656000,0.01636000,0.01640000,14581129.00000000,1759802399999999,239567.62121000,1974,5482008.00000000,90095.95867000,0
1759802400000000,0.01641000,0.01644000,0.01630000,0.01633000,17382200.00000000,1759805999999999,284126.84756000,2037,5466488.00000000,89401.36598000,0
1759806000000000,0.01633000,0.01638000,0.01626000,0.01633000,13552871.00000000,1759809599999999,221117.07283000,1755,5605707.00000000,91464.15235000,0
1759809600000000,0.01632000,0.01652000,0.01621000,0.01646000,20444687.00000000,1759813199999999,334370.51573000,2050,10176761.00000000,166585.24163000,0
1759813200000000,0.01645000,0.01645000,0.01635000,0.01636000,16141726.00000000,1759816799999999,264697.23904000,1718,7793669.00000000,127798.24469000,0
1759816800000000,0.01635000,0.01638000,0.01606000,0.01611000,25666582.00000000,1759820399999999,415496.11472000,2605,9871693.00000000,159801.83614000,0
1759820400000000,0.01611000,0.01621000,0.01605000,0.01612000,22155931.00000000,1759823999999999,357792.43773000,2191,15427270.00000000,249243.81689000,0
1759824000000000,0.01612000,0.01612000,0.01591000,0.01607000,33213767.00000000,1759827599999999,532244.77558000,2880,19492549.00000000,312405.18100000,0
1759827600000000,0.01607000,0.01617000,0.01607000,0.01612000,12477413.00000000,1759831199999999,201184.50371000,1261,6856405.00000000,110574.51485000,0
1759831200000000,0.01611000,0.01621000,0.01608000,0.01618000,12449015.00000000,1759834799999999,201074.77825000,1454,6743050.00000000,108903.23219000,0
1759834800000000,0.01617000,0.01630000,0.01613000,0.01628000,14570956.00000000,1759838399999999,236131.03251000,1495,8162498.00000000,132322.08474000,0
1759838400000000,0.01627000,0.01636000,0.01617000,0.01636000,15805002.00000000,1759841999999999,256814.45322000,1702,6213727.00000000,101021.68677000,0
1759842000000000,0.01637000,0.01639000,0.01593000,0.01614000,69190975.00000000,1759845599999999,1117870.95630000,5765,32450588.00000000,524456.66368000,0
1759845600000000,0.01614000,0.01617000,0.01571000,0.01571000,89499788.00000000,1759849199999999,1421642.44515000,8585,35404544.00000000,561788.66859000,0
1759849200000000,0.01571000,0.01578000,0.01539000,0.01547000,169815851.00000000,1759852799999999,2638825.47411000,15402,81536089.00000000,1267293.79447000,0
1759852800000000,0.01547000,0.01558000,0.01525000,0.01546000,72824195.00000000,1759856399999999,1120458.48370000,6341,41797814.00000000,643308.59225000,0
1759856400000000,0.01546000,0.01555000,0.01539000,0.01540000,22095405.00000000,1759859999999999,341945.76751000,1851,9814857.00000000,151986.59702000,0
1759860000000000,0.01540000,0.01546000,0.01533000,0.01533000,17563757.00000000,1759863599999999,270038.55049000,1451,8470952.00000000,130294.45743000,0
1759863600000000,0.01534000,0.01545000,0.01531000,0.01538000,19160237.00000000,1759867199999999,294632.40591000,1803,10082984.00000000,155070.86794000,0
1759867200000000,0.01539000,0.01560000,0.01537000,0.01552000,12069988.00000000,1759870799999999,187425.77366000,1448,7196535.00000000,111703.99501000,0
1759870800000000,0.01551000,0.01556000,0.01534000,0.01539000,11924598.00000000,1759874399999999,184147.98326000,1025,7231922.00000000,111693.79576000,0
1759874400000000,0.01539000,0.01547000,0.01534000,0.01540000,8643321.00000000,1759877999999999,133170.79399000,871,4449282.00000000,68586.31541000,0
1759878000000000,0.01540000,0.01543000,0.01525000,0.01530000,16204397.00000000,1759881599999999,248727.51773000,1577,6288369.00000000,96539.06449000,0
1759881600000000,0.01530000,0.01544000,0.01525000,0.01537000,17067964.00000000,1759885199999999,261630.42823000,1699,6726099.00000000,103126.34436000,0
1759885200000000,0.01538000,0.01550000,0.01535000,0.01547000,10545187.00000000,1759888799999999,162720.41012000,919,7562485.00000000,116695.70903000,0
1759888800000000,0.01546000,0.01551000,0.01541000,0.01542000,5885861.00000000,1759892399999999,90997.87674000,739,2618243.00000000,40485.50020000,0
1759892400000000,0.01543000,0.01543000,0.01506000,0.01521000,28318685.00000000,1759895999999999,430774.89903000,2583,11724979.00000000,178336.79985000,0
1759896000000000,0.01521000,0.01535000,0.01509000,0.01532000,13787450.00000000,1759899599999999,210076.96005000,1400,6299316.00000000,95987.56844000,0
1759899600000000,0.01532000,0.01532000,0.01518000,0.01522000,11290668.00000000,1759903199999999,172069.45050000,1206,5723542.00000000,87248.00644000,0
1759903200000000,0.01521000,0.01527000,0.01514000,0.01525000,9248029.00000000,1759906799999999,140518.93454000,883,3756944.00000000,57114.32707000,0
1759906800000000,0.01525000,0.01537000,0.01521000,0.01535000,11937861.00000000,1759910399999999,182426.01670000,1017,6438835.00000000,98459.79551000,0
1759910400000000,0.01535000,0.01562000,0.01534000,0.01553000,26848898.00000000,1759913999999999,415917.43305000,1677,13863725.00000000,214756.33565000,0
1759914000000000,0.01553000,0.01555000,0.01538000,0.01545000,8120073.00000000,1759917599999999,125347.28213000,756,3019723.00000000,46655.52335000,0
1759917600000000,0.01545000,0.01555000,0.01545000,0.01552000,15096771.00000000,1759921199999999,234089.90606000,1183,8834820.00000000,137035.75732000,0
1759921200000000,0.01552000,0.01556000,0.01540000,0.01544000,8590137.00000000,1759924799999999,132917.07251000,708,5173762.00000000,80037.15198000,0
1759924800000000,0.01544000,0.01551000,0.01541000,0.01547000,17936156.00000000,1759928399999999,277305.76384000,1037,8306984.00000000,128484.43369000,0
1759928400000000,0.01546000,0.01559000,0.01536000,0.01558000,17917994.00000000,1759931999999999,277424.61892000,1536,8263133.00000000,128090.39332000,0
1759932000000000,0.01559000,0.01581000,0.01545000,0.01549000,27164841.00000000,1759935599999999,425562.87614000,2607,14446167.00000000,226474.93854000,0
1759935600000000,0.01549000,0.01566000,0.01549000,0.01559000,10922100.00000000,1759939199999999,170382.60904000,1172,4817711.00000000,75172.46173000,0
1759939200000000,0.01559000,0.01585000,0.01555000,0.01585000,20683975.00000000,1759942799999999,325082.38524000,1596,11007160.00000000,173185.48763000,0
1759942800000000,0.01585000,0.01622000,0.01583000,0.01617000,50487301.00000000,1759946399999999,811567.67541000,5326,30118589.00000000,484379.97703000,0
1759946400000000,0.01617000,0.01623000,0.01600000,0.01609000,33153491.00000000,1759949999999999,534130.16446000,4282,19225070.00000000,309981.41792000,0
1759950000000000,0.01609000,0.01611000,0.01597000,0.01603000,17663369.00000000,1759953599999999,283042.08621000,2084,8585836.00000000,137603.94129000,0
1759953600000000,0.01603000,0.01610000,0.01592000,0.01594000,16191044.00000000,1759957199999999,259287.76206000,1462,6201525.00000000,99357.72795000,0
1759957200000000,0.01594000,0.01603000,0.01589000,0.01595000,10361535.00000000,1759960799999999,165414.32485000,918,4652434.00000000,74294.16514000,0
1759960800000000,0.01595000,0.01603000,0.01595000,0.01596000,11199955.00000000,1759964399999999,178986.96594000,876,6099185.00000000,97499.86667000,0
1759964400000000,0.01596000,0.01597000,0.01587000,0.01590000,13587684.00000000,1759967999999999,216398.75973000,969,6909459.00000000,110041.81378000,0
1759968000000000,0.01590000,0.01596000,0.01583000,0.01583000,8783849.00000000,1759971599999999,139537.74843000,846,4288625.00000000,68157.73729000,0
1759971600000000,0.01583000,0.01585000,0.01568000,0.01575000,14722387.00000000,1759975199999999,232076.79981000,1464,6220626.00000000,98045.33934000,0
1759975200000000,0.01575000,0.01575000,0.01537000,0.01543000,16905410.00000000,1759978799999999,262569.97949000,1893,6598895.00000000,102589.02599000,0
1759978800000000,0.01544000,0.01566000,0.01543000,0.01562000,12404090.00000000,1759982399999999,193313.91769000,1432,8283170.00000000,129096.31077000,0
1759982400000000,0.01561000,0.01567000,0.01557000,0.01567000,8991211.00000000,1759985999999999,140484.64155000,1005,4944820.00000000,77266.71452000,0
1759986000000000,0.01566000,0.01571000,0.01557000,0.01562000,9844438.00000000,1759989599999999,153977.10597000,958,5010248.00000000,78351.50482000,0
1759989600000000,0.01562000,0.01563000,0.01546000,0.01548000,11960648.00000000,1759993199999999,185904.14350000,984,5306274.00000000,82476.77728000,0
1759993200000000,0.01548000,0.01553000,0.01534000,0.01539000,15370844.00000000,1759996799999999,237227.32998000,1202,6280600.00000000,97086.17819000,0
1759996800000000,0.01539000,0.01542000,0.01502000,0.01504000,49054155.00000000,1760000399999999,745198.92360000,4262,23962326.00000000,363906.58579000,0
1760000400000000,0.01504000,0.01522000,0.01503000,0.01514000,32961918.00000000,1760003999999999,498815.42846000,2526,18725765.00000000,283578.69494000,0
1760004000000000,0.01514000,0.01523000,0.01509000,0.01517000,26125010.00000000,1760007599999999,395965.58181000,2134,15178500.00000000,230137.14227000,0
1760007600000000,0.01518000,0.01527000,0.01516000,0.01517000,40472272.00000000,1760011199999999,615696.65639000,3009,16355519.00000000,248952.41144000,0
1760011200000000,0.01516000,0.01537000,0.01516000,0.01533000,21072340.00000000,1760014799999999,321815.51346000,2348,9211062.00000000,140750.38850000,0
1760014800000000,0.01533000,0.01536000,0.01503000,0.01503000,25717033.00000000,1760018399999999,389942.90369000,2667,10005962.00000000,151844.18230000,0
1760018400000000,0.01503000,0.01515000,0.01483000,0.01497000,64082823.00000000,1760021999999999,959046.26154000,6333,28445076.00000000,425435.51778000,0
1760022000000000,0.01497000,0.01508000,0.01483000,0.01489000,25925073.00000000,1760025599999999,387740.86078000,2750,9598397.00000000,143643.26272000,0
1760025600000000,0.01489000,0.01504000,0.01481000,0.01486000,36382267.00000000,1760029199999999,543024.28958000,3286,18367036.00000000,274222.59041000,0
1760029200000000,0.01486000,0.01528000,0.01484000,0.01526000,27939613.00000000,1760032799999999,421321.85415000,2669,16912071.00000000,255022.50000000,0
1760032800000000,0.01527000,0.01536000,0.01520000,0.01522000,35637458.00000000,1760036399999999,544375.65736000,2935,17879404.00000000,273254.27881000,0
1760036400000000,0.01522000,0.01531000,0.01519000,0.01527000,10243382.00000000,1760039999999999,156076.41245000,1124,5249936.00000000,80014.26809000,0
1760040000000000,0.01527000,0.01538000,0.01522000,0.01525000,12311783.00000000,1760043599999999,188141.00820000,960,5404851.00000000,82624.69842000,0
1760043600000000,0.01526000,0.01531000,0.01518000,0.01530000,7957707.00000000,1760047199999999,121447.29259000,970,4906150.00000000,74896.13428000,0
1760047200000000,0.01530000,0.01559000,0.01528000,0.01550000,17327297.00000000,1760050799999999,267633.51066000,1537,9040083.00000000,139528.60045000,0
1760050800000000,0.01550000,0.01551000,0.01538000,0.01541000,5594424.00000000,1760054399999999,86368.10443000,614,2873473.00000000,44368.72072000,0
1760054400000000,0.01542000,0.01548000,0.01537000,0.01542000,5576999.00000000,1760057999999999,86017.13992000,794,2144921.00000000,33089.80423000,0
1760058000000000,0.01541000,0.01549000,0.01538000,0.01545000,8161703.00000000,1760061599999999,125967.02125000,885,2958828.00000000,45693.10958000,0
1760061600000000,0.01545000,0.01548000,0.01534000,0.01536000,9282466.00000000,1760065199999999,142848.18418000,904,2671912.00000000,41152.73731000,0
1760065200000000,0.01537000,0.01585000,0.01527000,0.01566000,31595454.00000000,1760068799999999,493604.55169000,3734,15521300.00000000,242545.00793000,0
1760068800000000,0.01565000,0.01576000,0.01554000,0.01562000,15143706.00000000,1760072399999999,236820.84879000,2299,6470583.00000000,101247.61151000,0
1760072400000000,0.01562000,0.01588000,0.01554000,0.01588000,15764646.00000000,1760075999999999,247840.71998000,1963,8439133.00000000,132784.19243000,0
1760076000000000,0.01587000,0.01591000,0.01558000,0.01563000,16907411.00000000,1760079599999999,266345.96750000,2339,8430403.00000000,132851.03546000,0
1760079600000000,0.01562000,0.01565000,0.01550000,0.01553000,19989692.00000000,1760083199999999,311396.35073000,2060,9679399.00000000,150744.92331000,0
1760083200000000,0.01553000,0.01566000,0.01549000,0.01563000,17176269.00000000,1760086799999999,267392.13996000,1836,8414940.00000000,131058.92194000,0
1760086800000000,0.01562000,0.01575000,0.01553000,0.01559000,27582266.00000000,1760090399999999,430292.36314000,2132,9724849.00000000,151857.60270000,0
1760090400000000,0.01559000,0.01580000,0.01558000,0.01577000,19648665.00000000,1760093999999999,308366.45638000,1631,10482278.00000000,164502.57317000,0
1760094000000000,0.01577000,0.01580000,0.01570000,0.01575000,15541142.00000000,1760097599999999,244898.04268000,1612,7220034.00000000,113792.77119000,0
1760097600000000,0.01575000,0.01584000,0.01571000,0.01583000,23262269.00000000,1760101199999999,367073.32877000,1879,12850533.00000000,202795.82525000,0
1760101200000000,0.01583000,0.01599000,0.01578000,0.01588000,32158839.00000000,1760104799999999,511240.21540000,3828,17260226.00000000,274543.30974000,0
1760104800000000,0.01588000,0.01597000,0.01545000,0.01557000,46210362.00000000,1760108399999999,726401.67992000,5752,21175935.00000000,333196.67721000,0
1760108400000000,0.01557000,0.01559000,0.01475000,0.01486000,204475395.00000000,1760111999999999,3087302.21423000,22037,90192293.00000000,1362699.86725000,0
1760112000000000,0.01486000,0.01501000,0.01474000,0.01479000,56576217.00000000,1760115599999999,840920.49227000,8295,30303497.00000000,450456.31536000,0
1760115600000000,0.01479000,0.01487000,0.01459000,0.01467000,33811266.00000000,1760119199999999,498489.72389000,4127,19124432.00000000,282134.56350000,0
1760119200000000,0.01467000,0.01478000,0.01461000,0.01465000,32921632.00000000,1760122799999999,483318.09347000,3294,19928864.00000000,292641.22725000,0
1760122800000000,0.01466000,0.01470000,0.01420000,0.01442000,77751634.00000000,1760126399999999,1123352.83037000,9252,39774761.00000000,574671.17947000,0
1760126400000000,0.01441000,0.01457000,0.01297000,0.01331000,266950722.00000000,1760129999999999,3724294.08459000,20149,127388270.00000000,1779008.39496000,0
1760130000000000,0.01332000,0.01346000,0.00259000,0.00930000,1207708595.00000000,1760133599999999,10382408.66427000,78616,576418134.00000000,4874577.80324000,0
1760133600000000,0.00928000,0.00962000,0.00751000,0.00953000,895737197.00000000,1760137199999999,7796544.98508000,60289,442281426.00000000,3845899.89405000,0
1760137200000000,0.00953000,0.01100000,0.00942000,0.01015000,529087359.00000000,1760140799999999,5312327.99237000,43822,248766971.00000000,2501795.81489000,0
1760140800000000,0.01015000,0.01096000,0.01007000,0.01080000,315317958.00000000,1760144399999999,3320806.90560000,23332,159802650.00000000,1681808.64019000,0
1760144400000000,0.01079000,0.01084000,0.01025000,0.01032000,210798940.00000000,1760147999999999,2219347.22516000,19785,102423684.00000000,1078913.01407000,0
1760148000000000,0.01032000,0.01120000,0.01030000,0.01112000,101320221.00000000,1760151599999999,1104291.27399000,9867,55052720.00000000,599971.30679000,0
1760151600000000,0.01112000,0.01120000,0.01074000,0.01106000,77718218.00000000,1760155199999999,851476.33480000,6784,38636085.00000000,423518.25771000,0
1760155200000000,0.01106000,0.01136000,0.01103000,0.01134000,61767498.00000000,1760158799999999,690928.82046000,6257,28254609.00000000,316265.13426000,0
1760158800000000,0.01133000,0.01140000,0.01084000,0.01090000,114854600.00000000,1760162399999999,1268202.63147000,9482,52075566.00000000,577227.54501000,0
1760162400000000,0.01090000,0.01130000,0.01090000,0.01109000,105423151.00000000,1760165999999999,1175063.33174000,8609,51253948.00000000,570643.88154000,0
1760166000000000,0.01110000,0.01126000,0.01100000,0.01124000,71333692.00000000,1760169599999999,794669.94196000,5280,34421407.00000000,383715.22815000,0
1760169600000000,0.01123000,0.01169000,0.01113000,0.01165000,60127234.00000000,1760173199999999,688747.26971000,4429,25280537.00000000,290071.22209000,0
1760173200000000,0.01165000,0.01178000,0.01148000,0.01151000,71845385.00000000,1760176799999999,835776.15531000,5480,32131698.00000000,373993.64350000,0
1760176800000000,0.01151000,0.01167000,0.01143000,0.01150000,70698602.00000000,1760180399999999,815476.36245000,3997,34910896.00000000,403080.04549000,0
1760180400000000,0.01150000,0.01151000,0.01123000,0.01141000,60261131.00000000,1760183999999999,686623.96193000,3919,29227240.00000000,333634.21623000,0
1760184000000000,0.01141000,0.01147000,0.01109000,0.01120000,48078728.00000000,1760187599999999,542469.57474000,3552,22727103.00000000,256917.74033000,0
1760187600000000,0.01120000,0.01127000,0.01092000,0.01122000,70950431.00000000,1760191199999999,787708.13857000,4930,31107631.00000000,345658.05843000,0
1760191200000000,0.01123000,0.01124000,0.01104000,0.01120000,39731208.00000000,1760194799999999,442566.15716000,3464,18552576.00000000,206792.79633000,0
1760194800000000,0.01120000,0.01134000,0.01107000,0.01112000,74621985.00000000,1760198399999999,836344.16410000,6483,32678906.00000000,366660.94175000,0
1760198400000000,0.01112000,0.01117000,0.01089000,0.01092000,76419535.00000000,1760201999999999,841378.69723000,4805,33912696.00000000,373402.54186000,0
1760202000000000,0.01092000,0.01104000,0.01088000,0.01099000,47759711.00000000,1760205599999999,523887.33123000,3997,21144600.00000000,232028.17386000,0
1760205600000000,0.01099000,0.01099000,0.01083000,0.01084000,31171884.00000000,1760209199999999,340246.48008000,2760,11502145.00000000,125607.95470000,0
1760209200000000,0.01083000,0.01085000,0.01032000,0.01048000,108435404.00000000,1760212799999999,1144678.08121000,9294,45107072.00000000,476024.34173000,0
1760212800000000,0.01047000,0.01048000,0.01016000,0.01026000,99646358.00000000,1760216399999999,1026550.66873000,8414,47529498.00000000,489764.38184000,0
1760216400000000,0.01025000,0.01062000,0.01003000,0.01051000,112861464.00000000,1760219999999999,1170145.72714000,7502,60563513.00000000,628784.03233000,0
1760220000000000,0.01052000,0.01065000,0.01047000,0.01063000,64503676.00000000,1760223599999999,681228.53581000,4232,32062467.00000000,338619.34516000,0
1760223600000000,0.01062000,0.01068000,0.01052000,0.01057000,24855668.00000000,1760227199999999,263395.58195000,1993,11116422.00000000,117876.93871000,0
1760227200000000,0.01056000,0.01074000,0.01050000,0.01052000,26950923.00000000,1760230799999999,285589.92231000,2336,13298538.00000000,140997.52044000,0
1760230800000000,0.01052000,0.01075000,0.01050000,0.01054000,40204447.00000000,1760234399999999,426417.30688000,4156,19853447.00000000,210564.65208000,0
1760234400000000,0.01054000,0.01071000,0.01046000,0.01060000,32362037.00000000,1760237999999999,341992.35100000,3698,18441444.00000000,194908.47013000,0
1760238000000000,0.01060000,0.01088000,0.01057000,0.01074000,48659811.00000000,1760241599999999,522415.21623000,5452,28555581.00000000,306478.24776000,0
1760241600000000,0.01075000,0.01092000,0.01072000,0.01080000,27434681.00000000,1760245199999999,296778.04529000,2551,15153766.00000000,163956.60414000,0
1760245200000000,0.01081000,0.01087000,0.01076000,0.01078000,25659187.00000000,1760248799999999,277514.38736000,2196,14036519.00000000,151833.58788000,0
1760248800000000,0.01078000,0.01088000,0.01076000,0.01080000,45570332.00000000,1760252399999999,492460.36462000,2584,17988866.00000000,194467.49257000,0
1760252400000000,0.01080000,0.01085000,0.01071000,0.01080000,29522854.00000000,1760255999999999,318039.55277000,2005,13086861.00000000,141076.27237000,0
1760256000000000,0.01079000,0.01092000,0.01071000,0.01071000,41858108.00000000,1760259599999999,453051.94330000,2379,19216895.00000000,208358.50956000,0
1760259600000000,0.01071000,0.01079000,0.01059000,0.01078000,40165979.00000000,1760263199999999,429034.38909000,2626,19520545.00000000,208587.43884000,0
1760263200000000,0.01079000,0.01084000,0.01068000,0.01072000,40278668.00000000,1760266799999999,432431.94092000,2807,19367346.00000000,208007.01914000,0
1760266800000000,0.01072000,0.01086000,0.01072000,0.01079000,51619917.00000000,1760270399999999,557970.51084000,2360,22019166.00000000,237991.35470000,0
1760270400000000,0.01080000,0.01096000,0.01077000,0.01088000,55115718.00000000,1760273999999999,599553.27984000,3749,34102972.00000000,370973.90287000,0
1760274000000000,0.01089000,0.01099000,0.01072000,0.01075000,47956795.00000000,1760277599999999,519886.00086000,3558,23384000.00000000,253802.49085000,0
1760277600000000,0.01075000,0.01150000,0.01074000,0.01130000,130428821.00000000,1760281199999999,1459293.85022000,11206,72813077.00000000,813486.06786000,0
1760281200000000,0.01131000,0.01183000,0.01129000,0.01179000,157902845.00000000,1760284799999999,1833663.88336000,12137,74204282.00000000,861407.66524000,0
1760284800000000,0.01180000,0.01214000,0.01176000,0.01195000,134316728.00000000,1760288399999999,1601356.12796000,12497,68692966.00000000,819339.39563000,0
1760288400000000,0.01196000,0.01210000,0.01191000,0.01207000,63838936.00000000,1760291999999999,766579.42017000,5421,33975810.00000000,408220.10276000,0
1760292000000000,0.01208000,0.01217000,0.01187000,0.01198000,70155618.00000000,1760295599999999,841095.69147000,4490,24226350.00000000,290644.06998000,0
1760295600000000,0.01198000,0.01214000,0.01197000,0.01211000,50500119.00000000,1760299199999999,609181.73853000,4114,21939162.00000000,264779.53379000,0
1760299200000000,0.01211000,0.01224000,0.01204000,0.01208000,54019590.00000000,1760302799999999,655454.75522000,4194,28490490.00000000,345824.72734000,0
1760302800000000,0.01208000,0.01214000,0.01178000,0.01200000,52116262.00000000,1760306399999999,623822.20088000,3879,26010639.00000000,311538.45000000,0
1760306400000000,0.01200000,0.01212000,0.01187000,0.01194000,29223663.00000000,1760309999999999,349273.82706000,2666,14571731.00000000,174235.30886000,0
1760310000000000,0.01194000,0.01198000,0.01179000,0.01194000,44535853.00000000,1760313599999999,529277.12916000,3542,17323588.00000000,205933.47609000,0
1760313600000000,0.01195000,0.01206000,0.01176000,0.01181000,44256794.00000000,1760317199999999,525699.88196000,3775,20257919.00000000,240753.05350000,0
1760317200000000,0.01179000,0.01195000,0.01173000,0.01193000,24162442.00000000,1760320799999999,285605.64223000,2457,12726203.00000000,150445.63261000,0
1760320800000000,0.01193000,0.01200000,0.01182000,0.01192000,23768362.00000000,1760324399999999,282632.33532000,1965,10943741.00000000,130141.96798000,0
1760324400000000,0.01193000,0.01196000,0.01176000,0.01179000,18299207.00000000,1760327999999999,217228.02443000,1830,7654280.00000000,91000.75862000,0
1760328000000000,0.01180000,0.01187000,0.01174000,0.01185000,12608943.00000000,1760331599999999,148785.29588000,1515,6227827.00000000,73490.61178000,0
1760331600000000,0.01185000,0.01187000,0.01176000,0.01178000,19425144.00000000,1760335199999999,229206.36205000,1635,9534706.00000000,112496.45997000,0
1760335200000000,0.01178000,0.01199000,0.01171000,0.01195000,34878133.00000000,1760338799999999,413628.02034000,3149,18416856.00000000,218690.07582000,0
1760338800000000,0.01196000,0.01211000,0.01191000,0.01198000,69697495.00000000,1760342399999999,836079.01186000,5784,44623629.00000000,535280.00942000,0
1760342400000000,0.01199000,0.01223000,0.01195000,0.01216000,65361281.00000000,1760345999999999,791741.33561000,4440,37497964.00000000,454406.19608000,0
1760346000000000,0.01216000,0.01221000,0.01205000,0.01219000,50578747.00000000,1760349599999999,613444.82975000,3414,31027687.00000000,376344.63262000,0
1760349600000000,0.01219000,0.01223000,0.01205000,0.01218000,30915699.00000000,1760353199999999,375122.63575000,2565,17291222.00000000,209913.04975000,0
1760353200000000,0.01217000,0.01218000,0.01158000,0.01187000,205946824.00000000,1760356799999999,2448567.05471000,16953,98534698.00000000,1171432.42926000,0
1760356800000000,0.01186000,0.01209000,0.01172000,0.01195000,66033880.00000000,1760360399999999,788269.22130000,5533,29893465.00000000,356662.49513000,0
1760360400000000,0.01195000,0.01241000,0.01189000,0.01220000,264839875.00000000,1760363999999999,3213056.50960000,22854,137003953.00000000,1663171.55444000,0
1760364000000000,0.01220000,0.01225000,0.01180000,0.01192000,162526320.00000000,1760367599999999,1951289.27543000,11202,87542885.00000000,1051976.60003000,0
1760367600000000,0.01192000,0.01229000,0.01190000,0.01220000,65628852.00000000,1760371199999999,796132.70994000,4799,34842354.00000000,422679.45061000,0
1760371200000000,0.01220000,0.01234000,0.01209000,0.01228000,71069526.00000000,1760374799999999,868800.90160000,5508,36497787.00000000,446126.24881000,0
1760374800000000,0.01228000,0.01261000,0.01222000,0.01257000,89267769.00000000,1760378399999999,1104471.06913000,6691,41926297.00000000,519065.70493000,0
1760378400000000,0.01256000,0.01259000,0.01236000,0.01243000,82728962.00000000,1760381999999999,1031179.02665000,6077,42689405.00000000,532014.62743000,0
1760382000000000,0.01243000,0.01260000,0.01241000,0.01256000,79864426.00000000,1760385599999999,999298.26634000,6091,31123932.00000000,389591.66068000,0
1760385600000000,0.01256000,0.01264000,0.01247000,0.01262000,45743625.00000000,1760389199999999,573350.89827000,2985,25952817.00000000,325314.55943000,0
1760389200000000,0.01262000,0.01269000,0.01248000,0.01251000,45831251.00000000,1760392799999999,576994.06828000,2918,22157508.00000000,279057.74609000,0
1760392800000000,0.01250000,0.01264000,0.01250000,0.01257000,32817968.00000000,1760396399999999,412051.31643000,2215,19703291.00000000,247448.16281000,0
1760396400000000,0.01256000,0.01263000,0.01245000,0.01250000,34637868.00000000,1760399999999999,433894.82873000,2351,14769268.00000000,185053.73180000,0
1760400000000000,0.01251000,0.01259000,0.01241000,0.01248000,29769234.00000000,1760403599999999,372032.84898000,1935,13531196.00000000,169219.28125000,0
1760403600000000,0.01248000,0.01249000,0.01235000,0.01242000,24695856.00000000,1760407199999999,306586.10074000,1713,8721545.00000000,108331.07274000,0
1760407200000000,0.01242000,0.01243000,0.01222000,0.01223000,23768826.00000000,1760410799999999,292544.03337000,2039,9838257.00000000,121079.05353000,0
1760410800000000,0.01223000,0.01223000,0.01208000,0.01211000,25309825.00000000,1760414399999999,307212.76637000,2347,9779552.00000000,118746.97526000,0
1760414400000000,0.01211000,0.01217000,0.01182000,0.01191000,39994222.00000000,1760417999999999,478236.71039000,4075,18886170.00000000,226067.83834000,0
1760418000000000,0.01190000,0.01206000,0.01171000,0.01182000,75939222.00000000,1760421599999999,900520.53891000,6733,39724693.00000000,471663.05660000,0
1760421600000000,0.01182000,0.01190000,0.01117000,0.01146000,123077553.00000000,1760425199999999,1418799.09118000,10635,60492144.00000000,697580.64081000,0
1760425200000000,0.01146000,0.01156000,0.01134000,0.01143000,81907199.00000000,1760428799999999,937102.56255000,6916,44811255.00000000,512862.30331000,0
1760428800000000,0.01143000,0.01162000,0.01134000,0.01152000,36006126.00000000,1760432399999999,412522.21167000,3449,16956318.00000000,194391.20371000,0
1760432400000000,0.01151000,0.01163000,0.01150000,0.01158000,40146301.00000000,1760435999999999,464682.47808000,2680,17846036.00000000,206652.14684000,0
1760436000000000,0.01158000,0.01158000,0.01123000,0.01143000,74737535.00000000,1760439599999999,850017.16633000,5236,33627924.00000000,382754.92406000,0
1760439600000000,0.01143000,0.01166000,0.01142000,0.01155000,29582245.00000000,1760443199999999,341844.00227000,2471,15703917.00000000,181482.75926000,0
1760443200000000,0.01155000,0.01156000,0.01130000,0.01131000,69703113.00000000,1760446799999999,795125.09097000,3187,47999202.00000000,547603.42532000,0
1760446800000000,0.01132000,0.01155000,0.01117000,0.01145000,78496601.00000000,1760450399999999,893276.86810000,6550,40593622.00000000,462654.06010000,0
1760450400000000,0.01145000,0.01174000,0.01138000,0.01156000,64672946.00000000,1760453999999999,747687.08868000,5656,32016585.00000000,370004.46113000,0
1760454000000000,0.01156000,0.01197000,0.01148000,0.01194000,44261953.00000000,1760457599999999,519406.05060000,4420,25444209.00000000,298443.92019000,0
1760457600000000,0.01194000,0.01215000,0.01182000,0.01191000,73515748.00000000,1760461199999999,880266.54213000,6350,37731312.00000000,451833.32900000,0
1760461200000000,0.01191000,0.01212000,0.01173000,0.01204000,38815600.00000000,1760464799999999,464906.02912000,3868,17323680.00000000,207580.80035000,0
1760464800000000,0.01204000,0.01221000,0.01202000,0.01207000,21178854.00000000,1760468399999999,256474.89494000,2028,8902552.00000000,107866.72418000,0
1760468400000000,0.01208000,0.01217000,0.01180000,0.01199000,55567532.00000000,1760471999999999,665791.56984000,3979,25848561.00000000,309796.51662000,0
1760472000000000,0.01199000,0.01205000,0.01190000,0.01203000,18852487.00000000,1760475599999999,226074.26221000,1922,9666319.00000000,115959.25252000,0
1760475600000000,0.01203000,0.01207000,0.01192000,0.01207000,20224941.00000000,1760479199999999,242414.74490000,1160,9147787.00000000,109683.43208000,0
1760479200000000,0.01207000,0.01216000,0.01197000,0.01202000,22224463.00000000,1760482799999999,268135.82314000,1558,11720999.00000000,141521.44677000,0
1760482800000000,0.01201000,0.01208000,0.01201000,0.01203000,17084056.00000000,1760486399999999,205667.51776000,975,8016920.00000000,96510.19338000,0
1760486400000000,0.01203000,0.01204000,0.01190000,0.01200000,15965492.00000000,1760489999999999,191094.18820000,1082,8688961.00000000,103977.44787000,0
1760490000000000,0.01200000,0.01201000,0.01186000,0.01193000,15150478.00000000,1760493599999999,180675.72615000,1144,5134632.00000000,61231.77626000,0
1760493600000000,0.01194000,0.01213000,0.01194000,0.01200000,22406360.00000000,1760497199999999,269495.46359000,1632,12566113.00000000,151158.51675000,0
1760497200000000,0.01200000,0.01203000,0.01183000,0.01192000,27978210.00000000,1760500799999999,333561.79687000,1668,16499099.00000000,196696.45231000,0
1760500800000000,0.01192000,0.01207000,0.01188000,0.01204000,10491476.00000000,1760504399999999,125827.45068000,812,4803033.00000000,57575.99321000,0
1760504400000000,0.01204000,0.01216000,0.01202000,0.01203000,47775236.00000000,1760507999999999,577749.85461000,2147,22595238.00000000,273334.33901000,0
1760508000000000,0.01203000,0.01214000,0.01192000,0.01211000,41710426.00000000,1760511599999999,500890.50495000,2006,18823261.00000000,226317.50291000,0
1760511600000000,0.01211000,0.01216000,0.01199000,0.01211000,35958906.00000000,1760515199999999,433388.72882000,1890,17379678.00000000,209475.67395000,0
1760515200000000,0.01210000,0.01232000,0.01207000,0.01212000,43765865.00000000,1760518799999999,532859.98141000,2825,23261537.00000000,283294.33600000,0
1760518800000000,0.01211000,0.01212000,0.01196000,0.01202000,23665899.00000000,1760522399999999,284884.60962000,1756,10120585.00000000,121823.02870000,0
1760522400000000,0.01201000,0.01206000,0.01190000,0.01195000,29198748.00000000,1760525999999999,349572.55731000,1620,12884221.00000000,154332.53988000,0
1760526000000000,0.01194000,0.01197000,0.01175000,0.01181000,29140441.00000000,1760529599999999,345255.16571000,1957,15000070.00000000,177787.57048000,0
1760529600000000,0.01180000,0.01183000,0.01158000,0.01168000,50035720.00000000,1760533199999999,584445.17604000,3029,26425951.00000000,308542.13245000,0
1760533200000000,0.01167000,0.01182000,0.01146000,0.01176000,67128323.00000000,1760536799999999,781621.37756000,5228,32182741.00000000,374957.99516000,0
1760536800000000,0.01176000,0.01191000,0.01159000,0.01168000,66939112.00000000,1760540399999999,787474.58341000,5037,34804885.00000000,409338.83347000,0
1760540400000000,0.01168000,0.01180000,0.01151000,0.01162000,53769954.00000000,1760543999999999,626740.37626000,3989,30230299.00000000,352369.71761000,0
1760544000000000,0.01162000,0.01173000,0.01154000,0.01167000,32805429.00000000,1760547599999999,381883.17325000,2532,15573730.00000000,181390.91340000,0
1760547600000000,0.01166000,0.01168000,0.01152000,0.01168000,51594923.00000000,1760551199999999,598335.80431000,3214,23001902.00000000,266872.13170000,0
1760551200000000,0.01168000,0.01175000,0.01160000,0.01173000,25218403.00000000,1760554799999999,294129.15464000,1795,13847764.00000000,161487.17168000,0
1760554800000000,0.01173000,0.01174000,0.01152000,0.01157000,18595961.00000000,1760558399999999,216424.47555000,1550,7364626.00000000,85740.34004000,0
1760558400000000,0.01158000,0.01163000,0.01127000,0.01145000,40718153.00000000,1760561999999999,465061.41796000,2944,17207699.00000000,196564.10312000,0
1760562000000000,0.01145000,0.01155000,0.01131000,0.01140000,23259144.00000000,1760565599999999,265894.23058000,1719,10636052.00000000,121566.97084000,0
1760565600000000,0.01140000,0.01150000,0.01133000,0.01137000,21667239.00000000,1760569199999999,247371.60901000,1498,8332062.00000000,95190.17234000,0
1760569200000000,0.01137000,0.01145000,0.01136000,0.01142000,17258272.00000000,1760572799999999,196800.18869000,1248,10302464.00000000,117452.93123000,0
1760572800000000,0.01142000,0.01148000,0.01135000,0.01135000,17787464.00000000,1760576399999999,202949.50538000,1631,8910831.00000000,101714.44707000,0
1760576400000000,0.01136000,0.01155000,0.01136000,0.01153000,19683845.00000000,1760579999999999,225792.92625000,1306,12071720.00000000,138499.52429000,0
1760580000000000,0.01153000,0.01161000,0.01144000,0.01155000,17763532.00000000,1760583599999999,204630.05263000,972,8711940.00000000,100399.26485000,0
1760583600000000,0.01156000,0.01156000,0.01148000,0.01148000,15638582.00000000,1760587199999999,180047.99047000,1001,9303786.00000000,107165.97737000,0
1760587200000000,0.01148000,0.01164000,0.01146000,0.01152000,20151525.00000000,1760590799999999,232972.03527000,1404,11035540.00000000,127545.54293000,0
1760590800000000,0.01152000,0.01166000,0.01148000,0.01157000,13570970.00000000,1760594399999999,156814.60841000,1511,5961693.00000000,68925.87088000,0
1760594400000000,0.01157000,0.01174000,0.01157000,0.01170000,19967207.00000000,1760597999999999,233123.79059000,1531,7961163.00000000,92950.98582000,0
1760598000000000,0.01170000,0.01172000,0.01156000,0.01159000,20916574.00000000,1760601599999999,242951.30270000,1636,9992292.00000000,116086.33543000,0
1760601600000000,0.01160000,0.01164000,0.01146000,0.01148000,22407857.00000000,1760605199999999,258566.84386000,1487,9887526.00000000,114046.54664000,0
1760605200000000,0.01148000,0.01175000,0.01112000,0.01163000,131011463.00000000,1760608799999999,1494690.00270000,10061,60808188.00000000,694829.08010000,0
1760608800000000,0.01163000,0.01179000,0.01161000,0.01169000,33276150.00000000,1760612399999999,389182.45569000,2470,17204859.00000000,201374.89202000,0
1760612400000000,0.01169000,0.01174000,0.01159000,0.01169000,20002330.00000000,1760615999999999,233441.61975000,1378,9217955.00000000,107606.81190000,0
1760616000000000,0.01169000,0.01182000,0.01167000,0.01173000,61983051.00000000,1760619599999999,729271.32272000,2529,22534445.00000000,265030.57335000,0
1760619600000000,0.01173000,0.01184000,0.01166000,0.01170000,54865897.00000000,1760623199999999,645752.72157000,3003,29362160.00000000,345655.70251000,0
1760623200000000,0.01171000,0.01181000,0.01141000,0.01156000,72262660.00000000,1760626799999999,837617.38048000,5133,36970365.00000000,428684.83135000,0
1760626800000000,0.01157000,0.01163000,0.01114000,0.01125000,71028920.00000000,1760630399999999,806173.69275000,5870,36750468.00000000,417137.16473000,0
1760630400000000,0.01124000,0.01161000,0.01109000,0.01160000,152412827.00000000,1760633999999999,1720852.66312000,11972,82982865.00000000,937483.18775000,0
1760634000000000,0.01160000,0.01160000,0.01134000,0.01139000,54891281.00000000,1760637599999999,629371.21488000,4709,25008001.00000000,286632.85168000,0
1760637600000000,0.01139000,0.01140000,0.01120000,0.01133000,31837961.00000000,1760641199999999,359507.19055000,2890,13412740.00000000,151623.32649000,0
1760641200000000,0.01134000,0.01136000,0.01098000,0.01112000,70875439.00000000,1760644799999999,788357.81968000,4867,31216246.00000000,347225.58551000,0
1760644800000000,0.01112000,0.01116000,0.01083000,0.01092000,50018276.00000000,1760648399999999,548205.77882000,3619,25592691.00000000,280433.06688000,0
1760648400000000,0.01092000,0.01113000,0.01089000,0.01112000,28953530.00000000,1760651999999999,319467.47504000,1794,17941105.00000000,198056.83862000,0
1760652000000000,0.01112000,0.01119000,0.01098000,0.01098000,63827426.00000000,1760655599999999,709490.06157000,2503,27230183.00000000,302072.52378000,0
1760655600000000,0.01098000,0.01114000,0.01097000,0.01111000,22625148.00000000,1760659199999999,250483.68664000,1638,13341858.00000000,147652.40732000,0
1760659200000000,0.01111000,0.01121000,0.01109000,0.01119000,27440577.00000000,1760662799999999,305978.45568000,1714,16058269.00000000,179067.90656000,0
1760662800000000,0.01119000,0.01131000,0.01112000,0.01116000,32626652.00000000,1760666399999999,365951.96618000,2153,16213225.00000000,181944.14456000,0
1760666400000000,0.01115000,0.01118000,0.01099000,0.01111000,45870064.00000000,1760669999999999,507977.21307000,1971,22413037.00000000,248150.43276000,0
1760670000000000,0.01112000,0.01116000,0.01108000,0.01115000,15793467.00000000,1760673599999999,175650.47159000,1393,6938939.00000000,77181.34999000,0
1760673600000000,0.01116000,0.01116000,0.01105000,0.01108000,20427665.00000000,1760677199999999,226788.63286000,1283,6283920.00000000,69774.94900000,0
1760677200000000,0.01108000,0.01109000,0.01091000,0.01094000,30946178.00000000,1760680799999999,340846.29043000,1857,13911420.00000000,153184.34659000,0
1760680800000000,0.01095000,0.01100000,0.01051000,0.01057000,138065914.00000000,1760684399999999,1474040.25892000,8466,64563703.00000000,690029.59376000,0
1760684400000000,0.01057000,0.01061000,0.01022000,0.01028000,140724823.00000000,1760687999999999,1463785.62755000,9833,59935199.00000000,623740.99486000,0
1760688000000000,0.01029000,0.01036000,0.01007000,0.01016000,124107363.00000000,1760691599999999,1266271.61585000,9444,57783421.00000000,589834.73930000,0
1760691600000000,0.01016000,0.01057000,0.01013000,0.01034000,58342738.00000000,1760695199999999,603577.34778000,4080,30093491.00000000,311500.31696000,0
1760695200000000,0.01034000,0.01040000,0.01014000,0.01032000,62133929.00000000,1760698799999999,637500.88704000,4509,32891963.00000000,337777.04952000,0
1760698800000000,0.01032000,0.01067000,0.01030000,0.01055000,104890246.00000000,1760702399999999,1104326.81391000,7354,55930784.00000000,588852.73579000,0
1760702400000000,0.01055000,0.01066000,0.01050000,0.01050000,34527854.00000000,1760705999999999,365290.57588000,2270,17261599.00000000,182618.35588000,0
1760706000000000,0.01051000,0.01068000,0.01041000,0.01058000,82379751.00000000,1760709599999999,869274.31509000,6346,43727414.00000000,461362.65678000,0
1760709600000000,0.01058000,0.01063000,0.01037000,0.01048000,68338970.00000000,1760713199999999,717798.37472000,4937,31830572.00000000,334418.22343000,0
1760713200000000,0.01048000,0.01070000,0.01043000,0.01069000,52295077.00000000,1760716799999999,552143.51456000,3289,28298263.00000000,298769.19407000,0
1760716800000000,0.01068000,0.01085000,0.01059000,0.01063000,66780934.00000000,1760720399999999,716352.23777000,4965,35542534.00000000,381437.06789000,0
1760720400000000,0.01064000,0.01074000,0.01059000,0.01071000,28111317.00000000,1760723999999999,299619.21765000,2300,13427593.00000000,143162.02562000,0
1760724000000000,0.01072000,0.01079000,0.01066000,0.01068000,22186878.00000000,1760727599999999,238082.56848000,1682,12579104.00000000,135026.28884000,0
1760727600000000,0.01069000,0.01073000,0.01060000,0.01067000,21553557.00000000,1760731199999999,229946.55015000,1630,10821876.00000000,115458.10579000,0
1760731200000000,0.01067000,0.01078000,0.01062000,0.01074000,24592233.00000000,1760734799999999,263886.95321000,1611,13117278.00000000,140717.69685000,0
1760734800000000,0.01075000,0.01086000,0.01074000,0.01082000,25431217.00000000,1760738399999999,274662.38740000,1353,13622169.00000000,147104.74972000,0
1760738400000000,0.01082000,0.01084000,0.01072000,0.01075000,20840083.00000000,1760741999999999,224119.88191000,1103,9634255.00000000,103592.95439000,0
1760742000000000,0.01075000,0.01076000,0.01066000,0.01069000,36729573.00000000,1760745599999999,393108.99826000,1620,16751613.00000000,179363.11711000,0
1760745600000000,0.01069000,0.01074000,0.01065000,0.01070000,21758802.00000000,1760749199999999,232814.66237000,1224,8651093.00000000,92641.71255000,0
1760749200000000,0.01071000,0.01083000,0.01071000,0.01082000,19725662.00000000,1760752799999999,212680.02706000,1274,11521868.00000000,124232.69158000,0
1760752800000000,0.01082000,0.01085000,0.01071000,0.01075000,33387594.00000000,1760756399999999,360374.91424000,1791,15814589.00000000,170867.29991000,0
1760756400000000,0.01075000,0.01082000,0.01074000,0.01078000,21319046.00000000,1760759999999999,229741.69142000,1223,9919333.00000000,106915.36747000,0
1760760000000000,0.01077000,0.01077000,0.01066000,0.01067000,16999737.00000000,1760763599999999,182258.01926000,1300,7208432.00000000,77268.64538000,0
1760763600000000,0.01066000,0.01073000,0.01063000,0.01072000,17658588.00000000,1760767199999999,188791.68583000,1033,8899990.00000000,95117.52626000,0
1760767200000000,0.01073000,0.01079000,0.01068000,0.01076000,15536896.00000000,1760770799999999,166753.02362000,1281,8302805.00000000,89125.05946000,0
1760770800000000,0.01076000,0.01096000,0.01074000,0.01086000,47654373.00000000,1760774399999999,518599.62763000,3385,23425376.00000000,254909.62079000,0
1760774400000000,0.01085000,0.01094000,0.01085000,0.01088000,24042549.00000000,1760777999999999,262096.34529000,1816,13644562.00000000,148751.15681000,0
1760778000000000,0.01087000,0.01103000,0.01084000,0.01099000,33309683.00000000,1760781599999999,364344.41237000,2221,16299393.00000000,178224.71123000,0
1760781600000000,0.01099000,0.01101000,0.01091000,0.01098000,24288423.00000000,1760785199999999,265905.15112000,1777,11991077.00000000,131270.18069000,0
1760785200000000,0.01098000,0.01102000,0.01091000,0.01099000,22779967.00000000,1760788799999999,249874.83359000,1628,10449308.00000000,114636.22826000,0
1760788800000000,0.01099000,0.01105000,0.01095000,0.01099000,17873277.00000000,1760792399999999,196544.26004000,1389,8832014.00000000,97142.97560000,0
1760792400000000,0.01099000,0.01099000,0.01081000,0.01083000,29225859.00000000,1760795999999999,318073.79497000,2339,12355053.00000000,134469.30729000,0
1760796000000000,0.01083000,0.01093000,0.01074000,0.01092000,20404939.00000000,1760799599999999,221076.39084000,1998,10036659.00000000,108822.06372000,0
1760799600000000,0.01091000,0.01096000,0.01080000,0.01089000,17558991.00000000,1760803199999999,191100.25717000,1648,9874505.00000000,107453.33447000,0
1760803200000000,0.01088000,0.01091000,0.01072000,0.01080000,28047679.00000000,1760806799999999,302620.65580000,1720,14704248.00000000,158783.37636000,0
1760806800000000,0.01080000,0.01094000,0.01076000,0.01093000,20406000.00000000,1760810399999999,221952.83616000,1501,8781942.00000000,95488.82029000,0
1760810400000000,0.01093000,0.01097000,0.01088000,0.01091000,17699279.00000000,1760813999999999,193293.32090000,1544,7709316.00000000,84221.18982000,0
1760814000000000,0.01091000,0.01097000,0.01086000,0.01096000,26282385.00000000,1760817599999999,286741.54737000,1603,10281711.00000000,112304.07965000,0
1760817600000000,0.01096000,0.01106000,0.01095000,0.01098000,19290679.00000000,1760821199999999,212320.36937000,1465,9166066.00000000,100922.73688000,0
1760821200000000,0.01098000,0.01103000,0.01092000,0.01102000,20794235.00000000,1760824799999999,228311.71875000,1072,10500381.00000000,115324.52490000,0
1760824800000000,0.01103000,0.01104000,0.01095000,0.01097000,14332243.00000000,1760828399999999,157613.02499000,939,5183040.00000000,57012.78698000,0
1760828400000000,0.01096000,0.01099000,0.01094000,0.01095000,15011949.00000000,1760831999999999,164598.12063000,881,8907677.00000000,97677.42947000,0
1760832000000000,0.01096000,0.01097000,0.01088000,0.01093000,18427046.00000000,1760835599999999,201340.22711000,1355,8473660.00000000,92635.96644000,0
1760835600000000,0.01092000,0.01097000,0.01088000,0.01095000,10085806.00000000,1760839199999999,110224.92584000,751,4864454.00000000,53179.92358000,0
1760839200000000,0.01095000,0.01098000,0.01088000,0.01092000,7658846.00000000,1760842799999999,83749.06334000,756,4444875.00000000,48633.22858000,0
1760842800000000,0.01091000,0.01104000,0.01089000,0.01103000,12745503.00000000,1760846399999999,139959.94025000,1026,5643629.00000000,61989.22569000,0
1760846400000000,0.01103000,0.01103000,0.01091000,0.01094000,16653370.00000000,1760849999999999,183043.85369000,983,9374375.00000000,103141.30649000,0
1760850000000000,0.01094000,0.01099000,0.01086000,0.01089000,6395872.00000000,1760853599999999,69916.58720000,743,2436013.00000000,26625.11532000,0
1760853600000000,0.01090000,0.01092000,0.01081000,0.01086000,12339945.00000000,1760857199999999,133979.27601000,835,5648472.00000000,61355.41862000,0
1760857200000000,0.01086000,0.01091000,0.01084000,0.01088000,17697164.00000000,1760860799999999,192532.60627000,1140,9877788.00000000,107473.63471000,0
1760860800000000,0.01088000,0.01104000,0.01077000,0.01080000,58983089.00000000,1760864399999999,642641.08317000,4067,25989449.00000000,283403.28462000,0
1760864400000000,0.01080000,0.01108000,0.01072000,0.01096000,65025563.00000000,1760867999999999,709644.43091000,5009,35252904.00000000,384589.77038000,0
1760868000000000,0.01097000,0.01118000,0.01091000,0.01110000,45972256.00000000,1760871599999999,508917.14465000,3429,23601328.00000000,261347.66897000,0
1760871600000000,0.01109000,0.01123000,0.01106000,0.01109000,39539634.00000000,1760875199999999,440667.04820000,2909,16775761.00000000,187011.35046000,0
1760875200000000,0.01110000,0.01113000,0.01100000,0.01104000,31078526.00000000,1760878799999999,343595.42847000,2426,13162663.00000000,145605.70512000,0
1760878800000000,0.01105000,0.01125000,0.01100000,0.01119000,36578023.00000000,1760882399999999,406146.01673000,3007,18812688.00000000,209041.92929000,0
1760882400000000,0.01120000,0.01128000,0.01112000,0.01127000,50199289.00000000,1760885999999999,562496.35778000,3673,25674221.00000000,287734.24893000,0
1760886000000000,0.01127000,0.01128000,0.01119000,0.01122000,43158536.00000000,1760889599999999,484799.17974000,2308,20640257.00000000,231862.14683000,0
1760889600000000,0.01122000,0.01128000,0.01114000,0.01124000,34806906.00000000,1760893199999999,389704.68361000,2034,16168891.00000000,181111.04191000,0
1760893200000000,0.01124000,0.01137000,0.01123000,0.01124000,45491486.00000000,1760896799999999,514135.40299000,2851,25432262.00000000,287443.32575000,0
1760896800000000,0.01125000,0.01131000,0.01123000,0.01126000,16564179.00000000,1760900399999999,186547.76397000,1264,8961342.00000000,100930.61118000,0
1760900400000000,0.01127000,0.01129000,0.01121000,0.01127000,20616033.00000000,1760903999999999,232118.47599000,1187,10242887.00000000,115348.83830000,0
1760904000000000,0.01127000,0.01131000,0.01123000,0.01131000,19286131.00000000,1760907599999999,217138.22028000,1164,10295641.00000000,115931.05332000,0
1760907600000000,0.01131000,0.01131000,0.01118000,0.01125000,23130886.00000000,1760911199999999,260079.31497000,1278,12762547.00000000,143533.51023000,0
1760911200000000,0.01126000,0.01130000,0.01124000,0.01126000,17943603.00000000,1760914799999999,202181.03911000,1125,9029747.00000000,101760.91654000,0
1760914800000000,0.01125000,0.01126000,0.01114000,0.01116000,27971866.00000000,1760918399999999,313205.66433000,1515,10617667.00000000,118847.72835000,0
1760918400000000,0.01117000,0.01117000,0.01092000,0.01109000,38359666.00000000,1760921999999999,422912.13159000,3292,17492335.00000000,192867.01585000,0
1760922000000000,0.01109000,0.01113000,0.01101000,0.01107000,15119906.00000000,1760925599999999,167370.53561000,1885,6459993.00000000,71546.67799000,0
1760925600000000,0.01106000,0.01118000,0.01098000,0.01114000,11953244.00000000,1760929199999999,132484.59771000,1179,6007649.00000000,66556.94368000,0
1760929200000000,0.01113000,0.01149000,0.01111000,0.01145000,29129982.00000000,1760932799999999,329396.29623000,2382,17323643.00000000,196219.69709000,0
1760932800000000,0.01145000,0.01150000,0.01140000,0.01147000,29107469.00000000,1760936399999999,332953.31943000,1945,12219018.00000000,139794.81415000,0
1760936400000000,0.01147000,0.01155000,0.01140000,0.01154000,31069640.00000000,1760939999999999,356752.29399000,2290,15864787.00000000,182135.01471000,0
1760940000000000,0.01154000,0.01171000,0.01145000,0.01162000,63188173.00000000,1760943599999999,733991.09053000,3829,27511241.00000000,319276.15369000,0
1760943600000000,0.01161000,0.01164000,0.01150000,0.01155000,54391317.00000000,1760947199999999,629335.45927000,2410,34310860.00000000,397184.41206000,0
1760947200000000,0.01156000,0.01163000,0.01148000,0.01154000,17853255.00000000,1760950799999999,205939.87802000,1300,8534256.00000000,98471.08596000,0
1760950800000000,0.01153000,0.01160000,0.01150000,0.01157000,24585941.00000000,1760954399999999,283824.78748000,2162,15545756.00000000,179517.14237000,0
1760954400000000,0.01158000,0.01172000,0.01152000,0.01156000,24589107.00000000,1760957999999999,285619.86818000,2361,13366419.00000000,155332.94687000,0
1760958000000000,0.01157000,0.01157000,0.01149000,0.01154000,21878493.00000000,1760961599999999,252274.15848000,1987,9735512.00000000,112301.48456000,0
1760961600000000,0.01155000,0.01159000,0.01148000,0.01152000,20319860.00000000,1760965199999999,234531.14192000,1912,8172546.00000000,94311.15480000,0
1760965200000000,0.01153000,0.01164000,0.01148000,0.01163000,27259453.00000000,1760968799999999,315589.47379000,2191,13831222.00000000,160052.43962000,0
1760968800000000,0.01164000,0.01164000,0.01151000,0.01157000,24451728.00000000,1760972399999999,282913.79074000,1898,14750037.00000000,170592.59227000,0
1760972400000000,0.01157000,0.01161000,0.01142000,0.01143000,28633380.00000000,1760975999999999,329694.02174000,2443,12330591.00000000,142041.46648000,0
1760976000000000,0.01143000,0.01144000,0.01118000,0.01132000,64043836.00000000,1760979599999999,724821.88374000,5602,28167830.00000000,318910.84615000,0
1760979600000000,0.01132000,0.01141000,0.01126000,0.01134000,44998350.00000000,1760983199999999,510662.25690000,2115,21010601.00000000,238243.40417000,0
1760983200000000,0.01134000,0.01143000,0.01129000,0.01142000,25352870.00000000,1760986799999999,287808.77167000,1890,13987119.00000000,158846.56291000,0
1760986800000000,0.01141000,0.01157000,0.01137000,0.01153000,19677496.00000000,1760990399999999,225401.06690000,1931,10519808.00000000,120476.49968000,0
1760990400000000,0.01153000,0.01154000,0.01147000,0.01151000,18691632.00000000,1760993999999999,214972.20762000,1698,10245306.00000000,117863.36382000,0
1760994000000000,0.01151000,0.01155000,0.01138000,0.01140000,16634047.00000000,1760997599999999,190798.29288000,1255,8196678.00000000,94038.84618000,0
1760997600000000,0.01139000,0.01145000,0.01138000,0.01139000,11592776.00000000,1761001199999999,132293.85999000,707,4831576.00000000,55143.82953000,0
1761001200000000,0.01139000,0.01139000,0.01132000,0.01133000,12886174.00000000,1761004799999999,146387.76805000,785,5847374.00000000,66434.23358000,0
1761004800000000,0.01133000,0.01135000,0.01130000,0.01131000,10139437.00000000,1761008399999999,114824.16447000,912,4738198.00000000,53670.76521000,0
1761008400000000,0.01131000,0.01132000,0.01120000,0.01124000,25984781.00000000,1761011999999999,292550.63011000,1845,12350497.00000000,139101.99325000,0
1761012000000000,0.01124000,0.01125000,0.01115000,0.01115000,16540809.00000000,1761015599999999,185055.02871000,1432,6360717.00000000,71195.66418000,0
1761015600000000,0.01115000,0.01119000,0.01105000,0.01110000,24322832.00000000,1761019199999999,270759.14421000,1566,11068031.00000000,123280.76215000,0
1761019200000000,0.01110000,0.01111000,0.01085000,0.01087000,51585934.00000000,1761022799999999,566230.94870000,5088,23085488.00000000,253507.53870000,0
1761022800000000,0.01088000,0.01095000,0.01083000,0.01087000,26728704.00000000,1761026399999999,290977.75748000,2523,14284847.00000000,155521.01055000,0
1761026400000000,0.01087000,0.01093000,0.01083000,0.01089000,18441506.00000000,1761029999999999,200726.41695000,1733,10006299.00000000,108927.16651000,0
1761030000000000,0.01089000,0.01098000,0.01087000,0.01096000,22674927.00000000,1761033599999999,247692.82362000,1479,12144946.00000000,132682.00568000,0
1761033600000000,0.01096000,0.01096000,0.01079000,0.01088000,24932317.00000000,1761037199999999,271042.39473000,1537,12594453.00000000,136850.88729000,0
1761037200000000,0.01087000,0.01091000,0.01084000,0.01088000,22433691.00000000,1761040799999999,243975.85762000,1306,11752050.00000000,127835.37044000,0
1761040800000000,0.01088000,0.01107000,0.01087000,0.01101000,20200054.00000000,1761044399999999,221871.38879000,1361,12935850.00000000,142139.68136000,0
1761044400000000,0.01101000,0.01106000,0.01096000,0.01102000,11826071.00000000,1761047999999999,130228.71580000,1063,4674171.00000000,51459.87983000,0
1761048000000000,0.01103000,0.01120000,0.01100000,0.01111000,39689854.00000000,1761051599999999,441228.95146000,2440,17283107.00000000,192274.62189000,0
1761051600000000,0.01111000,0.01118000,0.01101000,0.01108000,34773490.00000000,1761055199999999,385415.71763000,3884,16636654.00000000,184417.76574000,0
1761055200000000,0.01109000,0.01161000,0.01108000,0.01158000,66343768.00000000,1761058799999999,753794.59314000,6552,33461228.00000000,380177.82414000,0
1761058800000000,0.01159000,0.01178000,0.01152000,0.01169000,103192933.00000000,1761062399999999,1204794.08260000,7752,56524963.00000000,660095.55817000,0
1761062400000000,0.01169000,0.01179000,0.01149000,0.01153000,58618387.00000000,1761065999999999,684759.18049000,5019,25815304.00000000,301603.99756000,0
1761066000000000,0.01154000,0.01167000,0.01142000,0.01160000,66466035.00000000,1761069599999999,769064.87291000,5902,31754438.00000000,367404.82707000,0
1761069600000000,0.01160000,0.01164000,0.01152000,0.01160000,12073638.00000000,1761073199999999,139687.91423000,1317,5917466.00000000,68476.80242000,0
1761073200000000,0.01160000,0.01164000,0.01153000,0.01153000,24974367.00000000,1761076799999999,289039.47734000,1738,7199725.00000000,83415.56844000,0
1761076800000000,0.01154000,0.01156000,0.01135000,0.01143000,45488415.00000000,1761080399999999,520924.23908000,2620,16748746.00000000,191936.68867000,0
1761080400000000,0.01142000,0.01145000,0.01121000,0.01141000,41714996.00000000,1761083999999999,473192.63105000,2494,17365082.00000000,196847.23980000,0
1761084000000000,0.01141000,0.01141000,0.01106000,0.01111000,69261462.00000000,1761087599999999,776419.37428000,5343,34535634.00000000,387206.49636000,0
1761087600000000,0.01110000,0.01113000,0.01089000,0.01091000,53628690.00000000,1761091199999999,590115.55378000,4337,21944950.00000000,240976.30805000,0
1761091200000000,0.01091000,0.01097000,0.01080000,0.01088000,38639132.00000000,1761094799999999,421364.86189000,3980,18222583.00000000,198702.55905000,0
1761094800000000,0.01088000,0.01098000,0.01085000,0.01089000,35839668.00000000,1761098399999999,390586.05036000,3121,18404436.00000000,200609.20215000,0
1761098400000000,0.01090000,0.01095000,0.01086000,0.01087000,25333905.00000000,1761101999999999,276096.86982000,2017,9103835.00000000,99255.29487000,0
1761102000000000,0.01087000,0.01088000,0.01080000,0.01086000,19597637.00000000,1761105599999999,212314.25493000,1686,7664161.00000000,83012.88268000,0
1761105600000000,0.01087000,0.01099000,0.01086000,0.01098000,19056745.00000000,1761109199999999,208533.51056000,1550,12956416.00000000,141804.69397000,0
1761109200000000,0.01098000,0.01098000,0.01070000,0.01083000,53349478.00000000,1761112799999999,579319.25212000,3123,27062859.00000000,294108.95987000,0
1761112800000000,0.01082000,0.01086000,0.01079000,0.01079000,17316036.00000000,1761116399999999,187355.17141000,1281,8275829.00000000,89523.90089000,0
1761116400000000,0.01079000,0.01087000,0.01074000,0.01085000,21121978.00000000,1761119999999999,228032.68371000,1652,11103476.00000000,119914.61662000,0
1761120000000000,0.01085000,0.01085000,0.01077000,0.01079000,16137288.00000000,1761123599999999,174285.64455000,1273,8007215.00000000,86505.12992000,0
1761123600000000,0.01079000,0.01081000,0.01066000,0.01072000,31613603.00000000,1761127199999999,339576.45893000,1710,12000462.00000000,129006.90920000,0
1761127200000000,0.01073000,0.01082000,0.01068000,0.01068000,21791410.00000000,1761130799999999,234128.21929000,1841,12279388.00000000,131971.24904000,0
1761130800000000,0.01068000,0.01088000,0.01056000,0.01080000,42003478.00000000,1761134399999999,450024.32524000,3038,23302564.00000000,249700.96882000,0
1761134400000000,0.01079000,0.01089000,0.01074000,0.01080000,21669426.00000000,1761137999999999,234537.18840000,1856,11965512.00000000,129613.33125000,0
1761138000000000,0.01080000,0.01097000,0.01075000,0.01096000,42078199.00000000,1761141599999999,455721.77246000,3634,20880423.00000000,226171.81430000,0
1761141600000000,0.01095000,0.01095000,0.01070000,0.01094000,63261354.00000000,1761145199999999,683573.35076000,7072,32902266.00000000,355627.15365000,0
1761145200000000,0.01095000,0.01100000,0.01074000,0.01084000,36747071.00000000,1761148799999999,399098.93251000,3965,19352787.00000000,210215.58228000,0
1761148800000000,0.01084000,0.01089000,0.01070000,0.01078000,44188163.00000000,1761152399999999,477192.04474000,4540,21869148.00000000,236139.60916000,0
1761152400000000,0.01078000,0.01080000,0.01060000,0.01064000,23933750.00000000,1761155999999999,256532.69426000,2794,12463223.00000000,133760.02822000,0
1761156000000000,0.01064000,0.01071000,0.01056000,0.01062000,22279034.00000000,1761159599999999,236864.56092000,2527,11525865.00000000,122624.26103000,0
1761159600000000,0.01062000,0.01074000,0.01051000,0.01061000,30295677.00000000,1761163199999999,321741.25707000,3455,13651675.00000000,144981.54596000,0
1761163200000000,0.01062000,0.01065000,0.01044000,0.01046000,25538771.00000000,1761166799999999,269093.89945000,2250,10649835.00000000,112370.18269000,0
1761166800000000,0.01046000,0.01047000,0.01010000,0.01027000,87408416.00000000,1761170399999999,896482.45224000,5929,43691439.00000000,448506.98668000,0
1761170400000000,0.01026000,0.01035000,0.01020000,0.01025000,21123762.00000000,1761173999999999,216893.64351000,1714,10483118.00000000,107689.70123000,0
1761174000000000,0.01025000,0.01051000,0.01025000,0.01047000,26118164.00000000,1761177599999999,272202.76001000,1712,15267135.00000000,159082.37140000,0
1761177600000000,0.01047000,0.01050000,0.01042000,0.01048000,12271775.00000000,1761181199999999,128556.23634000,666,6715631.00000000,70396.98835000,0
1761181200000000,0.01048000,0.01055000,0.01045000,0.01047000,17365969.00000000,1761184799999999,182250.59908000,847,7897940.00000000,82875.35192000,0
1761184800000000,0.01048000,0.01052000,0.01046000,0.01051000,10881039.00000000,1761188399999999,114246.30868000,747,4729368.00000000,49664.02633000,0
1761188400000000,0.01050000,0.01054000,0.01047000,0.01049000,9168130.00000000,1761191999999999,96400.60338000,708,4908061.00000000,51624.66155000,0
1761192000000000,0.01050000,0.01059000,0.01047000,0.01055000,4891400.00000000,1761195599999999,51478.34647000,467,3437828.00000000,36170.06590000,0
1761195600000000,0.01055000,0.01063000,0.01054000,0.01063000,12828364.00000000,1761199199999999,135870.80810000,784,6775083.00000000,71785.78325000,0
1761199200000000,0.01062000,0.01077000,0.01060000,0.01075000,35059138.00000000,1761202799999999,375579.16746000,2309,16685321.00000000,178765.24562000,0
1761202800000000,0.01074000,0.01075000,0.01066000,0.01072000,16672362.00000000,1761206399999999,178402.20271000,1146,6819065.00000000,72985.00327000,0
1761206400000000,0.01072000,0.01086000,0.01072000,0.01079000,31753155.00000000,1761209999999999,342574.78845000,1829,18435843.00000000,199000.92173000,0
1761210000000000,0.01079000,0.01083000,0.01076000,0.01081000,20737507.00000000,1761213599999999,223735.34624000,1070,9896586.00000000,106749.08194000,0
1761213600000000,0.01082000,0.01088000,0.01079000,0.01080000,16911810.00000000,1761217199999999,183166.28438000,1041,7218818.00000000,78193.91615000,0
1761217200000000,0.01079000,0.01081000,0.01071000,0.01074000,31325272.00000000,1761220799999999,337041.20831000,1459,12195535.00000000,131334.66038000,0
1761220800000000,0.01073000,0.01073000,0.01061000,0.01072000,25963293.00000000,1761224399999999,277292.35544000,1912,11267553.00000000,120383.11812000,0
1761224400000000,0.01072000,0.01088000,0.01068000,0.01083000,29198373.00000000,1761227999999999,314969.66750000,2345,14863235.00000000,160310.40278000,0
1761228000000000,0.01083000,0.01085000,0.01070000,0.01079000,34914682.00000000,1761231599999999,376646.05599000,2580,16164338.00000000,174408.26371000,0
1761231600000000,0.01080000,0.01095000,0.01077000,0.01088000,25449594.00000000,1761235199999999,276921.25392000,2389,11710314.00000000,127555.66306000,0
1761235200000000,0.01088000,0.01104000,0.01087000,0.01101000,22449960.00000000,1761238799999999,245653.18240000,1641,13033854.00000000,142619.64726000,0
1761238800000000,0.01102000,0.01122000,0.01091000,0.01115000,49916905.00000000,1761242399999999,553969.87985000,2520,27586627.00000000,306546.49231000,0
1761242400000000,0.01116000,0.01116000,0.01097000,0.01098000,34483022.00000000,1761245999999999,380880.68341000,2051,13672892.00000000,151253.40185000,0
1761246000000000,0.01099000,0.01101000,0.01092000,0.01100000,17959518.00000000,1761249599999999,196975.07099000,1208,7760954.00000000,85135.21862000,0
1761249600000000,0.01100000,0.01100000,0.01080000,0.01086000,23449087.00000000,1761253199999999,256089.34814000,1528,8019036.00000000,87586.75373000,0
1761253200000000,0.01085000,0.01091000,0.01083000,0.01086000,23926470.00000000,1761256799999999,259879.60081000,1489,13390657.00000000,145445.95768000,0
1761256800000000,0.01085000,0.01093000,0.01084000,0.01090000,18507229.00000000,1761260399999999,201598.82208000,938,10908480.00000000,118828.29768000,0
1761260400000000,0.01090000,0.01090000,0.01084000,0.01090000,11344742.00000000,1761263999999999,123363.79599000,764,7498958.00000000,81538.94959000,0
1761264000000000,0.01091000,0.01102000,0.01087000,0.01098000,19234439.00000000,1761267599999999,210689.40701000,1328,10499841.00000000,114970.82865000,0
1761267600000000,0.01099000,0.01100000,0.01091000,0.01098000,13572518.00000000,1761271199999999,148675.08298000,968,6736672.00000000,73807.11112000,0
1761271200000000,0.01098000,0.01098000,0.01090000,0.01090000,17253268.00000000,1761274799999999,188776.40097000,880,6471397.00000000,70827.12662000,0
1761274800000000,0.01090000,0.01091000,0.01084000,0.01087000,16270233.00000000,1761278399999999,176936.60718000,892,6842778.00000000,74422.74002000,0
1761278400000000,0.01088000,0.01113000,0.01083000,0.01110000,27686463.00000000,1761281999999999,304613.14631000,2186,15755104.00000000,173320.88291000,0
1761282000000000,0.01110000,0.01111000,0.01101000,0.01104000,18858098.00000000,1761285599999999,208415.18192000,1276,9187031.00000000,101540.27092000,0
1761285600000000,0.01103000,0.01107000,0.01101000,0.01106000,19002408.00000000,1761289199999999,209730.85948000,1225,9257294.00000000,102193.45463000,0
1761289200000000,0.01106000,0.01106000,0.01090000,0.01098000,19360118.00000000,1761292799999999,212696.99796000,1248,10314519.00000000,113393.87059000,0
1761292800000000,0.01098000,0.01107000,0.01093000,0.01100000,11692594.00000000,1761296399999999,128498.40323000,995,5652489.00000000,62154.00933000,0
1761296400000000,0.01101000,0.01101000,0.01094000,0.01095000,9799933.00000000,1761299999999999,107577.40897000,842,4549550.00000000,49951.97711000,0
1761300000000000,0.01095000,0.01096000,0.01088000,0.01089000,12645018.00000000,1761303599999999,138000.14806000,946,3825741.00000000,41768.31499000,0
1761303600000000,0.01089000,0.01092000,0.01078000,0.01092000,18413970.00000000,1761307199999999,200086.15237000,1315,7926479.00000000,86180.20275000,0
1761307200000000,0.01092000,0.01125000,0.01090000,0.01102000,65911826.00000000,1761310799999999,731567.47341000,5215,38326971.00000000,425569.39523000,0
1761310800000000,0.01102000,0.01104000,0.01084000,0.01094000,30536819.00000000,1761314399999999,334592.90453000,2534,12830754.00000000,140592.87429000,0
1761314400000000,0.01094000,0.01094000,0.01075000,0.01085000,27865983.00000000,1761317999999999,302002.99662000,2453,14517280.00000000,157381.07103000,0
1761318000000000,0.01084000,0.01093000,0.01079000,0.01086000,22459996.00000000,1761321599999999,244019.08054000,1815,12113813.00000000,131610.82587000,0
1761321600000000,0.01087000,0.01088000,0.01078000,0.01085000,19042792.00000000,1761325199999999,206054.55418000,1515,8228395.00000000,89054.94927000,0
1761325200000000,0.01085000,0.01101000,0.01084000,0.01091000,29674773.00000000,1761328799999999,324693.92852000,1667,15695444.00000000,171791.76440000,0
1761328800000000,0.01091000,0.01105000,0.01090000,0.01104000,19055249.00000000,1761332399999999,208999.31076000,1021,9171076.00000000,100628.04117000,0
1761332400000000,0.01104000,0.01114000,0.01104000,0.01110000,23441855.00000000,1761335999999999,260401.93085000,1473,12461735.00000000,138428.07101000,0
1761336000000000,0.01109000,0.01114000,0.01106000,0.01108000,15489144.00000000,1761339599999999,171804.46153000,1226,7807783.00000000,86596.20641000,0
1761339600000000,0.01109000,0.01114000,0.01109000,0.01113000,15188067.00000000,1761343199999999,168756.34481000,1009,7746724.00000000,86102.61609000,0
1761343200000000,0.01114000,0.01121000,0.01111000,0.01117000,24193584.00000000,1761346799999999,269985.48103000,1366,15652931.00000000,174685.41804000,0
1761346800000000,0.01118000,0.01119000,0.01113000,0.01117000,22174619.00000000,1761350399999999,247399.66402000,1258,9985833.00000000,111447.55659000,0
1761350400000000,0.01117000,0.01119000,0.01109000,0.01112000,16397372.00000000,1761353999999999,182766.54841000,925,9616011.00000000,107201.51134000,0
1761354000000000,0.01112000,0.01118000,0.01108000,0.01111000,18168781.00000000,1761357599999999,202196.60349000,1098,7834292.00000000,87179.15219000,0
1761357600000000,0.01112000,0.01114000,0.01106000,0.01113000,16558863.00000000,1761361199999999,183814.34410000,1043,8990290.00000000,99818.73165000,0
1761361200000000,0.01113000,0.01113000,0.01105000,0.01108000,12736977.00000000,1761364799999999,141144.98443000,760,6546724.00000000,72563.91915000,0
1761364800000000,0.01108000,0.01117000,0.01107000,0.01114000,14321306.00000000,1761368399999999,159393.71430000,819,7312093.00000000,81415.98527000,0
1761368400000000,0.01113000,0.01113000,0.01104000,0.01106000,13177461.00000000,1761371999999999,146028.97109000,780,6585212.00000000,72926.06169000,0
1761372000000000,0.01106000,0.01107000,0.01099000,0.01101000,10384350.00000000,1761375599999999,114438.06064000,967,4066062.00000000,44817.26236000,0
1761375600000000,0.01102000,0.01110000,0.01099000,0.01103000,20886892.00000000,1761379199999999,230269.86988000,1131,6568065.00000000,72475.95049000,0
1761379200000000,0.01102000,0.01109000,0.01101000,0.01109000,16199361.00000000,1761382799999999,179209.04035000,1113,10390356.00000000,114988.43494000,0
1761382800000000,0.01109000,0.01112000,0.01104000,0.01106000,17060395.00000000,1761386399999999,189283.18389000,808,9047674.00000000,100387.82722000,0
1761386400000000,0.01106000,0.01107000,0.01101000,0.01104000,9801817.00000000,1761389999999999,108245.51389000,779,6469643.00000000,71448.71088000,0
1761390000000000,0.01103000,0.01109000,0.01101000,0.01108000,12577566.00000000,1761393599999999,139121.57583000,669,7092653.00000000,78444.26530000,0
1761393600000000,0.01108000,0.01116000,0.01108000,0.01114000,19913210.00000000,1761397199999999,221600.70072000,1049,11132520.00000000,123870.36497000,0
1761397200000000,0.01114000,0.01115000,0.01110000,0.01110000,9547167.00000000,1761400799999999,106158.06241000,733,3313890.00000000,36851.63834000,0
1761400800000000,0.01110000,0.01120000,0.01108000,0.01118000,28322709.00000000,1761404399999999,315478.82290000,1279,13592480.00000000,151427.02548000,0
1761404400000000,0.01118000,0.01121000,0.01114000,0.01119000,19938692.00000000,1761407999999999,222787.45371000,1242,12319461.00000000,137644.73301000,0
1761408000000000,0.01120000,0.01120000,0.01112000,0.01114000,17412349.00000000,1761411599999999,194252.33241000,1183,7209319.00000000,80423.52450000,0
1761411600000000,0.01114000,0.01119000,0.01112000,0.01113000,13165287.00000000,1761415199999999,146690.52125000,736,6008719.00000000,66967.00068000,0
1761415200000000,0.01112000,0.01121000,0.01110000,0.01117000,20907721.00000000,1761418799999999,233586.32522000,981,8431415.00000000,94138.21933000,0
1761418800000000,0.01118000,0.01118000,0.01113000,0.01117000,8668482.00000000,1761422399999999,96689.64011000,558,3038062.00000000,33891.61783000,0
1761422400000000,0.01117000,0.01119000,0.01112000,0.01112000,10376831.00000000,1761425999999999,115798.52015000,652,4052506.00000000,45244.18438000,0
1761426000000000,0.01113000,0.01114000,0.01106000,0.01110000,16138130.00000000,1761429599999999,179142.42599000,867,7990490.00000000,88715.10210000,0
1761429600000000,0.01111000,0.01115000,0.01107000,0.01114000,15872799.00000000,1761433199999999,176263.60514000,716,10654477.00000000,118285.86471000,0
1761433200000000,0.01113000,0.01113000,0.01104000,0.01106000,21812107.00000000,1761436799999999,241515.89367000,1738,4624452.00000000,51222.04045000,0
1761436800000000,0.01107000,0.01111000,0.01101000,0.01106000,21182470.00000000,1761440399999999,234641.00005000,1272,11928816.00000000,132219.86618000,0
1761440400000000,0.01106000,0.01109000,0.01093000,0.01098000,20154268.00000000,1761443999999999,221795.99582000,1444,6352144.00000000,69943.86961000,0
1761444000000000,0.01098000,0.01100000,0.01091000,0.01096000,16225407.00000000,1761447599999999,177800.44928000,1309,5353415.00000000,58706.00742000,0
1761447600000000,0.01095000,0.01097000,0.01090000,0.01095000,6826211.00000000,1761451199999999,74647.32206000,596,4408435.00000000,48224.95818000,0
1761451200000000,0.01095000,0.01100000,0.01093000,0.01098000,9359627.00000000,1761454799999999,102680.76061000,586,5117201.00000000,56155.23203000,0
1761454800000000,0.01098000,0.01104000,0.01095000,0.01103000,10677409.00000000,1761458399999999,117389.95914000,706,4931959.00000000,54241.38714000,0
1761458400000000,0.01103000,0.01103000,0.01099000,0.01102000,7120495.00000000,1761461999999999,78403.33772000,498,4271795.00000000,47039.14347000,0
1761462000000000,0.01103000,0.01113000,0.01101000,0.01112000,12045098.00000000,1761465599999999,133466.06612000,756,4985897.00000000,55258.57615000,0
1761465600000000,0.01111000,0.01115000,0.01109000,0.01111000,12382404.00000000,1761469199999999,137631.90239000,640,5032224.00000000,55944.41605000,0
1761469200000000,0.01112000,0.01127000,0.01107000,0.01124000,32890392.00000000,1761472799999999,368052.25986000,1933,13611068.00000000,152363.50346000,0
1761472800000000,0.01124000,0.01124000,0.01116000,0.01120000,16302414.00000000,1761476399999999,182442.66052000,904,6823842.00000000,76379.22020000,0
1761476400000000,0.01120000,0.01139000,0.01116000,0.01137000,33971132.00000000,1761479999999999,383850.97845000,2205,16946923.00000000,191453.11065000,0
1761480000000000,0.01136000,0.01140000,0.01131000,0.01137000,36611169.00000000,1761483599999999,415525.39467000,2346,19356169.00000000,219878.85998000,0
1761483600000000,0.01137000,0.01144000,0.01132000,0.01140000,23509522.00000000,1761487199999999,267812.33731000,1694,10324887.00000000,117588.97929000,0
1761487200000000,0.01140000,0.01141000,0.01134000,0.01139000,26327719.00000000,1761490799999999,299610.74319000,1750,11923568.00000000,135723.03821000,0
1761490800000000,0.01138000,0.01150000,0.01134000,0.01150000,29538005.00000000,1761494399999999,337599.48952000,1623,15464668.00000000,176821.85203000,0
1761494400000000,0.01150000,0.01150000,0.01137000,0.01138000,26176389.00000000,1761497999999999,299437.20188000,1498,9384781.00000000,107365.45634000,0
1761498000000000,0.01138000,0.01144000,0.01136000,0.01142000,19086969.00000000,1761501599999999,217783.85099000,898,9431310.00000000,107602.42555000,0
1761501600000000,0.01143000,0.01147000,0.01141000,0.01142000,20058682.00000000,1761505199999999,229505.01777000,973,9759595.00000000,111671.17943000,0
1761505200000000,0.01143000,0.01143000,0.01138000,0.01141000,9832234.00000000,1761508799999999,112182.09035000,678,4503067.00000000,51379.70644000,0
1761508800000000,0.01141000,0.01142000,0.01129000,0.01131000,26398203.00000000,1761512399999999,299081.90847000,1338,11525600.00000000,130514.86406000,0
1761512400000000,0.01132000,0.01140000,0.01125000,0.01139000,16973553.00000000,1761515999999999,192154.13565000,846,7942220.00000000,89939.76591000,0
1761516000000000,0.01139000,0.01167000,0.01139000,0.01156000,56358974.00000000,1761519599999999,651216.91236000,4273,27553781.00000000,318387.92539000,0
1761519600000000,0.01156000,0.01158000,0.01144000,0.01145000,15580862.00000000,1761523199999999,179417.19811000,955,6757050.00000000,77821.92399000,0
1761523200000000,0.01146000,0.01158000,0.01144000,0.01154000,22152693.00000000,1761526799999999,255164.50381000,1489,11423008.00000000,131618.13407000,0
1761526800000000,0.01155000,0.01163000,0.01150000,0.01161000,17379648.00000000,1761530399999999,201061.59614000,1139,10511393.00000000,121619.27780000,0
1761530400000000,0.01161000,0.01164000,0.01148000,0.01155000,19671370.00000000,1761533999999999,227462.83515000,1402,8230411.00000000,95195.43747000,0
1761534000000000,0.01155000,0.01160000,0.01151000,0.01156000,14357698.00000000,1761537599999999,165969.55397000,1065,6839610.00000000,79068.70246000,0
1761537600000000,0.01156000,0.01158000,0.01152000,0.01157000,8344473.00000000,1761541199999999,96361.07354000,638,2780998.00000000,32131.92593000,0
1761541200000000,0.01157000,0.01167000,0.01154000,0.01155000,16554350.00000000,1761544799999999,192123.50950000,1161,8939118.00000000,103760.55663000,0
1761544800000000,0.01155000,0.01159000,0.01148000,0.01154000,24493084.00000000,1761548399999999,282510.95556000,1372,13125533.00000000,151409.22641000,0
1761548400000000,0.01155000,0.01158000,0.01138000,0.01147000,34374342.00000000,1761551999999999,394242.34400000,1939,12369366.00000000,141895.41643000,0
1761552000000000,0.01147000,0.01150000,0.01133000,0.01138000,35034018.00000000,1761555599999999,399592.27973000,1983,12587603.00000000,143667.87719000,0
1761555600000000,0.01138000,0.01138000,0.01125000,0.01130000,33063221.00000000,1761559199999999,373741.60757000,2722,17142952.00000000,193760.33739000,0
1761559200000000,0.01129000,0.01133000,0.01126000,0.01130000,16811233.00000000,1761562799999999,189917.37933000,1380,9119100.00000000,103049.12380000,0
1761562800000000,0.01130000,0.01133000,0.01121000,0.01133000,22993324.00000000,1761566399999999,259398.29141000,1801,11252666.00000000,127026.75057000,0
1761566400000000,0.01133000,0.01134000,0.01120000,0.01120000,17372855.00000000,1761569999999999,195626.31854000,1371,8388665.00000000,94478.72846000,0
1761570000000000,0.01120000,0.01127000,0.01105000,0.01123000,47805183.00000000,1761573599999999,534731.34281000,3080,24519440.00000000,274515.03102000,0
1761573600000000,0.01124000,0.01125000,0.01109000,0.01115000,42487921.00000000,1761577199999999,473548.34309000,2642,15356487.00000000,171262.50267000,0
1761577200000000,0.01116000,0.01128000,0.01116000,0.01121000,25874775.00000000,1761580799999999,290206.58505000,1461,14029143.00000000,157387.30822000,0
1761580800000000,0.01121000,0.01144000,0.01121000,0.01142000,24589673.00000000,1761584399999999,278171.58902000,1530,13030840.00000000,147489.41175000,0
1761584400000000,0.01141000,0.01151000,0.01137000,0.01149000,32512515.00000000,1761587999999999,372135.42996000,2029,19512803.00000000,223480.96926000,0
1761588000000000,0.01148000,0.01154000,0.01144000,0.01145000,32018201.00000000,1761591599999999,368045.39408000,2395,16077498.00000000,184877.44736000,0
1761591600000000,0.01146000,0.01147000,0.01130000,0.01132000,32097486.00000000,1761595199999999,365088.02779000,2082,13171805.00000000,149968.75661000,0
1761595200000000,0.01132000,0.01133000,0.01119000,0.01121000,24419289.00000000,1761598799999999,274880.72068000,1772,9891621.00000000,111401.75699000,0
1761598800000000,0.01121000,0.01135000,0.01119000,0.01124000,19118806.00000000,1761602399999999,215617.26276000,1342,9699929.00000000,109432.63520000,0
1761602400000000,0.01125000,0.01131000,0.01116000,0.01119000,12706807.00000000,1761605999999999,142812.86961000,969,6014103.00000000,67601.10502000,0
1761606000000000,0.01119000,0.01123000,0.01109000,0.01120000,31470135.00000000,1761609599999999,351131.69198000,1653,16343379.00000000,182506.94762000,0
1761609600000000,0.01120000,0.01126000,0.01115000,0.01122000,21618731.00000000,1761613199999999,242131.03024000,1386,14664143.00000000,164260.30478000,0
1761613200000000,0.01123000,0.01131000,0.01121000,0.01122000,11010474.00000000,1761616799999999,123993.99406000,1200,5631680.00000000,63426.21043000,0
1761616800000000,0.01124000,0.01127000,0.01104000,0.01114000,21353780.00000000,1761620399999999,238168.73295000,1787,9243154.00000000,103136.16386000,0
1761620400000000,0.01113000,0.01117000,0.01100000,0.01107000,34635945.00000000,1761623999999999,383568.68323000,2234,12885544.00000000,142694.69058000,0
1761624000000000,0.01106000,0.01117000,0.01102000,0.01113000,17945328.00000000,1761627599999999,199265.35489000,1344,8626277.00000000,95754.89714000,0
1761627600000000,0.01113000,0.01117000,0.01095000,0.01099000,34054814.00000000,1761631199999999,376244.23256000,2403,10668741.00000000,118089.42643000,0
1761631200000000,0.01099000,0.01125000,0.01099000,0.01125000,29891094.00000000,1761634799999999,333001.68271000,1735,20937316.00000000,233615.34569000,0
1761634800000000,0.01125000,0.01129000,0.01107000,0.01110000,33200086.00000000,1761638399999999,370739.95329000,2040,13502816.00000000,150757.99713000,0
1761638400000000,0.01110000,0.01118000,0.01109000,0.01116000,12603029.00000000,1761641999999999,140497.69341000,1042,6247619.00000000,69672.14525000,0
1761642000000000,0.01116000,0.01119000,0.01109000,0.01115000,18116960.00000000,1761645599999999,201893.04516000,1184,9006291.00000000,100388.18779000,0
1761645600000000,0.01116000,0.01116000,0.01108000,0.01114000,22706234.00000000,1761649199999999,252568.90221000,1225,8542701.00000000,95029.84809000,0
1761649200000000,0.01113000,0.01119000,0.01110000,0.01111000,14404846.00000000,1761652799999999,160431.46438000,1077,6590078.00000000,73411.53367000,0
1761652800000000,0.01111000,0.01123000,0.01108000,0.01122000,19028161.00000000,1761656399999999,212034.08316000,1313,9083537.00000000,101289.37828000,0
1761656400000000,0.01121000,0.01134000,0.01121000,0.01131000,40937383.00000000,1761659999999999,462441.94173000,2916,23417798.00000000,264588.65015000,0
1761660000000000,0.01131000,0.01136000,0.01090000,0.01116000,74895252.00000000,1761663599999999,831823.44300000,4826,29789449.00000000,331285.15093000,0
1761663600000000,0.01116000,0.01123000,0.01105000,0.01111000,31548712.00000000,1761667199999999,351225.16219000,3028,17244333.00000000,192081.40698000,0
1761667200000000,0.01110000,0.01122000,0.01104000,0.01118000,22851667.00000000,1761670799999999,254461.57342000,2518,12565267.00000000,139991.15899000,0
1761670800000000,0.01118000,0.01121000,0.01112000,0.01117000,11771473.00000000,1761674399999999,131380.50617000,888,5946996.00000000,66393.92073000,0
1761674400000000,0.01116000,0.01122000,0.01105000,0.01110000,9765243.00000000,1761677999999999,108672.69342000,860,3891480.00000000,43369.99914000,0
1761678000000000,0.01110000,0.01113000,0.01085000,0.01092000,39769564.00000000,1761681599999999,435010.44582000,3232,16755127.00000000,183348.85870000,0
1761681600000000,0.01091000,0.01091000,0.01062000,0.01072000,88978301.00000000,1761685199999999,955591.14650000,7815,39034596.00000000,419375.63155000,0
1761685200000000,0.01071000,0.01081000,0.01053000,0.01072000,49037702.00000000,1761688799999999,522906.22233000,4001,23100235.00000000,246442.75895000,0
1761688800000000,0.01072000,0.01083000,0.01068000,0.01079000,23249215.00000000,1761692399999999,249758.98788000,1551,10794271.00000000,115997.33275000,0
1761692400000000,0.01080000,0.01080000,0.01074000,0.01076000,21055350.00000000,1761695999999999,226889.08125000,1013,9877290.00000000,106445.61193000,0
1761696000000000,0.01076000,0.01081000,0.01072000,0.01076000,23639460.00000000,1761699599999999,254534.56121000,1835,10167106.00000000,109469.32911000,0
1761699600000000,0.01076000,0.01083000,0.01072000,0.01078000,23712112.00000000,1761703199999999,255088.99152000,1507,9429913.00000000,101490.38221000,0
1761703200000000,0.01078000,0.01080000,0.01075000,0.01075000,20746376.00000000,1761706799999999,223453.22633000,1023,9502378.00000000,102356.58694000,0
1761706800000000,0.01075000,0.01076000,0.01070000,0.01073000,18656134.00000000,1761710399999999,200129.21876000,1139,7345051.00000000,78798.93852000,0
1761710400000000,0.01072000,0.01079000,0.01072000,0.01075000,17790580.00000000,1761713999999999,191391.84406000,1224,7734468.00000000,83209.53325000,0
1761714000000000,0.01076000,0.01085000,0.01074000,0.01084000,27477941.00000000,1761717599999999,296706.31934000,1734,16508043.00000000,178270.34205000,0
1761717600000000,0.01083000,0.01086000,0.01079000,0.01082000,16349232.00000000,1761721199999999,176930.38920000,1121,9030060.00000000,97727.15867000,0
1761721200000000,0.01081000,0.01086000,0.01074000,0.01080000,19316347.00000000,1761724799999999,208562.68453000,1176,7644560.00000000,82574.63087000,0
1761724800000000,0.01080000,0.01080000,0.01074000,0.01079000,12384959.00000000,1761728399999999,133443.37789000,883,5956183.00000000,64171.15108000,0
1761728400000000,0.01079000,0.01084000,0.01075000,0.01081000,13461615.00000000,1761731999999999,145415.45871000,950,7884491.00000000,85180.12083000,0
1761732000000000,0.01081000,0.01098000,0.01081000,0.01090000,20527612.00000000,1761735599999999,223652.55183000,1561,9188530.00000000,100088.67674000,0
1761735600000000,0.01090000,0.01098000,0.01089000,0.01096000,10519445.00000000,1761739199999999,115150.34462000,842,5293298.00000000,57936.27326000,0
1761739200000000,0.01095000,0.01098000,0.01092000,0.01095000,13134260.00000000,1761742799999999,143770.45603000,921,7541668.00000000,82553.34224000,0
1761742800000000,0.01095000,0.01104000,0.01093000,0.01097000,27320859.00000000,1761746399999999,299997.05360000,2313,14281507.00000000,156819.14301000,0
1761746400000000,0.01097000,0.01099000,0.01088000,0.01094000,32300256.00000000,1761749999999999,352982.37323000,2160,12649953.00000000,138274.44284000,0
1761750000000000,0.01094000,0.01096000,0.01070000,0.01078000,24999914.00000000,1761753599999999,271507.83604000,2101,12154581.00000000,132161.08946000,0
1761753600000000,0.01077000,0.01088000,0.01071000,0.01082000,16916869.00000000,1761757199999999,182762.88623000,1281,9331593.00000000,100938.26346000,0
1761757200000000,0.01082000,0.01113000,0.01080000,0.01113000,21709017.00000000,1761760799999999,238673.95049000,1605,14106561.00000000,155206.84841000,0
1761760800000000,0.01114000,0.01117000,0.01054000,0.01098000,241999729.00000000,1761764399999999,2629038.52664000,16930,116435280.00000000,1266437.32381000,0
1761764400000000,0.01098000,0.01111000,0.01087000,0.01102000,53249948.00000000,1761767999999999,585466.82873000,5053,23739854.00000000,261146.61847000,0
1761768000000000,0.01103000,0.01119000,0.01094000,0.01113000,52723921.00000000,1761771599999999,585088.26437000,2925,30443938.00000000,338075.98919000,0
1761771600000000,0.01114000,0.01115000,0.01106000,0.01109000,17286271.00000000,1761775199999999,192072.60670000,1299,9561917.00000000,106278.39856000,0
1761775200000000,0.01109000,0.01109000,0.01100000,0.01101000,15503908.00000000,1761778799999999,171071.54992000,1066,7937991.00000000,87597.38905000,0
1761778800000000,0.01101000,0.01101000,0.01073000,0.01079000,56348826.00000000,1761782399999999,611822.72330000,2936,27838079.00000000,302823.23751000,0
1761782400000000,0.01079000,0.01088000,0.01071000,0.01087000,17040916.00000000,1761785999999999,184108.05126000,2228,9334898.00000000,100897.93945000,0
1761786000000000,0.01087000,0.01087000,0.01077000,0.01080000,19143004.00000000,1761789599999999,207186.47524000,2043,9745753.00000000,105478.83073000,0
1761789600000000,0.01080000,0.01090000,0.01078000,0.01089000,17017153.00000000,1761793199999999,184660.38196000,1644,9305701.00000000,100956.75671000,0
1761793200000000,0.01089000,0.01091000,0.01079000,0.01085000,18124220.00000000,1761796799999999,196763.65756000,1719,9658363.00000000,104839.12840000,0
1761796800000000,0.01084000,0.01084000,0.01035000,0.01051000,122189569.00000000,1761800399999999,1287059.38137000,10957,56713595.00000000,596935.73815000,0
1761800400000000,0.01051000,0.01072000,0.01044000,0.01069000,24079776.00000000,1761803999999999,254018.73266000,2676,12672859.00000000,133620.57698000,0
1761804000000000,0.01068000,0.01072000,0.01057000,0.01064000,17041542.00000000,1761807599999999,181326.83404000,1695,8509709.00000000,90551.95292000,0
1761807600000000,0.01064000,0.01077000,0.01061000,0.01073000,28626762.00000000,1761811199999999,306874.46477000,2080,12561084.00000000,134658.44392000,0
1761811200000000,0.01073000,0.01073000,0.01056000,0.01057000,20122428.00000000,1761814799999999,213910.41129000,2049,10231308.00000000,108726.23145000,0
1761814800000000,0.01057000,0.01059000,0.01047000,0.01049000,21394335.00000000,1761818399999999,225094.97192000,1786,12088033.00000000,127185.10146000,0
1761818400000000,0.01048000,0.01052000,0.01040000,0.01045000,26519081.00000000,1761821999999999,277364.06954000,2203,11006056.00000000,115160.57248000,0
1761822000000000,0.01044000,0.01047000,0.01036000,0.01037000,34174266.00000000,1761825599999999,356226.85320000,2618,16727849.00000000,174364.27088000,0
1761825600000000,0.01037000,0.01040000,0.01013000,0.01023000,81303910.00000000,1761829199999999,833844.58367000,7065,36234391.00000000,371782.65603000,0
1761829200000000,0.01022000,0.01028000,0.00998000,0.01001000,72799717.00000000,1761832799999999,735060.28428000,5927,36315558.00000000,367496.88957000,0
1761832800000000,0.01000000,0.01011000,0.00995000,0.01000000,59773020.00000000,1761836399999999,599169.11442000,5031,26137772.00000000,262126.29723000,0
1761836400000000,0.01001000,0.01003000,0.00981000,0.00987000,60044551.00000000,1761839999999999,594421.52301000,9465,29922212.00000000,296165.73017000,0
1761840000000000,0.00986000,0.00996000,0.00982000,0.00988000,57420631.00000000,1761843599999999,567189.55690000,8094,33154511.00000000,327420.87511000,0
1761843600000000,0.00988000,0.00988000,0.00955000,0.00974000,68139927.00000000,1761847199999999,660859.01901000,7640,36466194.00000000,353670.55799000,0
1761847200000000,0.00973000,0.00974000,0.00956000,0.00960000,23260266.00000000,1761850799999999,224623.79346000,3239,10891457.00000000,105234.13104000,0
1761850800000000,0.00961000,0.00965000,0.00945000,0.00952000,61576006.00000000,1761854399999999,588093.93045000,6909,33884365.00000000,323687.76213000,0
1761854400000000,0.00953000,0.00967000,0.00949000,0.00966000,57479036.00000000,1761857999999999,551186.14938000,5492,27170434.00000000,260627.53198000,0
1761858000000000,0.00965000,0.00974000,0.00961000,0.00971000,31043023.00000000,1761861599999999,299972.30047000,2462,17212838.00000000,166335.65173000,0
1761861600000000,0.00972000,0.00975000,0.00968000,0.00974000,16264642.00000000,1761865199999999,157937.22691000,1255,8274537.00000000,80360.73508000,0
1761865200000000,0.00975000,0.00991000,0.00974000,0.00989000,54767027.00000000,1761868799999999,537383.75342000,3822,26621466.00000000,261317.28200000,0
1761868800000000,0.00989000,0.01007000,0.00987000,0.01005000,32942697.00000000,1761872399999999,328255.96888000,2821,16753286.00000000,166984.78440000,0
1761872400000000,0.01006000,0.01017000,0.01004000,0.01014000,27325232.00000000,1761875999999999,276765.45503000,2652,14756533.00000000,149478.97362000,0
1761876000000000,0.01015000,0.01016000,0.01002000,0.01010000,24668606.00000000,1761879599999999,248868.32679000,1571,9326232.00000000,94138.85481000,0
1761879600000000,0.01011000,0.01013000,0.01005000,0.01009000,19329623.00000000,1761883199999999,195019.88386000,1220,8544698.00000000,86218.61136000,0
1761883200000000,0.01009000,0.01018000,0.01008000,0.01016000,38599139.00000000,1761886799999999,391594.54647000,2366,22320997.00000000,226418.99405000,0
1761886800000000,0.01016000,0.01016000,0.01007000,0.01008000,17792264.00000000,1761890399999999,179994.80360000,1172,7171058.00000000,72563.22462000,0
1761890400000000,0.01009000,0.01011000,0.01003000,0.01005000,16736482.00000000,1761893999999999,168589.36900000,1100,9835523.00000000,99091.46646000,0
1761894000000000,0.01006000,0.01011000,0.01003000,0.01006000,29886307.00000000,1761897599999999,301098.29050000,1343,12265430.00000000,123539.54048000,0
1761897600000000,0.01007000,0.01007000,0.00998000,0.01006000,28930476.00000000,1761901199999999,290354.60145000,1457,16162574.00000000,162236.02088000,0
1761901200000000,0.01007000,0.01009000,0.00999000,0.01004000,32037978.00000000,1761904799999999,321021.98657000,1058,22265643.00000000,222966.46751000,0
1761904800000000,0.01004000,0.01008000,0.01001000,0.01001000,16602384.00000000,1761908399999999,166911.70597000,1038,6993828.00000000,70322.94540000,0
1761908400000000,0.01002000,0.01015000,0.00997000,0.01015000,23968424.00000000,1761911999999999,240802.74772000,1406,13755049.00000000,138207.62500000,0
1761912000000000,0.01014000,0.01021000,0.01005000,0.01005000,31952049.00000000,1761915599999999,323755.75459000,1820,14383691.00000000,145881.62435000,0
1761915600000000,0.01005000,0.01015000,0.01001000,0.01009000,44206833.00000000,1761919199999999,444688.93309000,2399,26375019.00000000,265284.48323000,0
1761919200000000,0.01009000,0.01017000,0.01001000,0.01016000,38741171.00000000,1761922799999999,390777.40007000,2447,22572817.00000000,227830.34847000,0
1761922800000000,0.01015000,0.01024000,0.01010000,0.01012000,37051202.00000000,1761926399999999,377017.85075000,2348,17457119.00000000,177663.22551000,0
1761926400000000,0.01011000,0.01014000,0.00985000,0.00986000,31522193.00000000,1761929999999999,315270.27503000,2714,11811610.00000000,118154.00313000,0
1761930000000000,0.00986000,0.00995000,0.00976000,0.00990000,28172336.00000000,1761933599999999,277743.16453000,2851,14388411.00000000,141902.86340000,0
1761933600000000,0.00990000,0.01006000,0.00987000,0.01000000,40251958.00000000,1761937199999999,401002.74254000,3229,21481721.00000000,214001.05142000,0
1761937200000000,0.00999000,0.01024000,0.00993000,0.01018000,44517742.00000000,1761940799999999,450288.95300000,2790,22141509.00000000,223997.34311000,0
1761940800000000,0.01017000,0.01018000,0.01001000,0.01003000,26117718.00000000,1761944399999999,264065.82622000,1702,13010610.00000000,131602.12013000,0
1761944400000000,0.01003000,0.01008000,0.00999000,0.01006000,26554475.00000000,1761947999999999,266441.16425000,1143,11972519.00000000,120168.99862000,0
1761948000000000,0.01006000,0.01010000,0.01004000,0.01007000,14706532.00000000,1761951599999999,148119.43973000,793,7630001.00000000,76855.75726000,0
1761951600000000,0.01007000,0.01010000,0.01004000,0.01005000,12466492.00000000,1761955199999999,125508.17944000,676,6933635.00000000,69816.75626000,0
