1767225600000000,0.00585000,0.00589000,0.00585000,0.00587000,9862283.00000000,1767229199999999,57845.56407000,404,4557518.00000000,26730.08563000,0
1767229200000000,0.00586000,0.00590000,0.00585000,0.00586000,14574216.00000000,1767232799999999,85751.48000000,527,4095582.00000000,24071.67358000,0
1767232800000000,0.00586000,0.00586000,0.00584000,0.00585000,5728252.00000000,1767236399999999,33516.86129000,364,2426101.00000000,14198.88435000,0
1767236400000000,0.00586000,0.00587000,0.00583000,0.00585000,7036554.00000000,1767239999999999,41176.41583000,374,3452514.00000000,20208.85135000,0
1767240000000000,0.00585000,0.00585000,0.00582000,0.00584000,5626024.00000000,1767243599999999,32801.61398000,247,3459243.00000000,20172.21482000,0
1767243600000000,0.00585000,0.00589000,0.00585000,0.00588000,4100619.00000000,1767247199999999,24106.37729000,266,2531160.00000000,14880.98860000,0
1767247200000000,0.00588000,0.00590000,0.00586000,0.00587000,5049875.00000000,1767250799999999,29657.84909000,223,1489773.00000000,8755.17690000,0
1767250800000000,0.00586000,0.00593000,0.00586000,0.00592000,8616842.00000000,1767254399999999,50864.11136000,537,4408401.00000000,26035.41705000,0
1767254400000000,0.00591000,0.00594000,0.00590000,0.00594000,8127634.00000000,1767257999999999,48087.71538000,421,4228542.00000000,25031.03934000,0
1767258000000000,0.00594000,0.00599000,0.00594000,0.00597000,24553993.00000000,1767261599999999,146540.83809000,998,16011396.00000000,95582.13297000,0
1767261600000000,0.00597000,0.00598000,0.00595000,0.00598000,9479691.00000000,1767265199999999,56562.46043000,582,4656345.00000000,27798.57202000,0
1767265200000000,0.00597000,0.00599000,0.00596000,0.00599000,11392658.00000000,1767268799999999,68074.00514000,564,4459166.00000000,26659.95400000,0
1767268800000000,0.00599000,0.00600000,0.00595000,0.00598000,9319328.00000000,1767272399999999,55693.59910000,638,3952619.00000000,23627.74828000,0
1767272400000000,0.00598000,0.00605000,0.00598000,0.00605000,20761759.00000000,1767275999999999,125127.13493000,861,12431226.00000000,74955.88853000,0
1767276000000000,0.00605000,0.00608000,0.00601000,0.00606000,30619147.00000000,1767279599999999,184950.89629000,1780,11066801.00000000,66883.77619000,0
1767279600000000,0.00607000,0.00616000,0.00605000,0.00612000,55646399.00000000,1767283199999999,339177.39536000,4020,24871427.00000000,151617.85534000,0
1767283200000000,0.00613000,0.00616000,0.00610000,0.00614000,39580942.00000000,1767286799999999,242613.20639000,3513,16162819.00000000,99121.83841000,0
1767286800000000,0.00613000,0.00620000,0.00613000,0.00618000,63022597.00000000,1767290399999999,388501.67201000,2671,43201171.00000000,266349.96930000,0
1767290400000000,0.00618000,0.00620000,0.00616000,0.00618000,27120797.00000000,1767293999999999,167616.82622000,1334,14781818.00000000,91397.43750000,0
1767294000000000,0.00618000,0.00625000,0.00618000,0.00624000,29633027.00000000,1767297599999999,183696.45262000,1337,19806217.00000000,122772.10438000,0
1767297600000000,0.00625000,0.00627000,0.00621000,0.00624000,16142905.00000000,1767301199999999,100688.77141000,1334,7238990.00000000,45160.31382000,0
1767301200000000,0.00624000,0.00624000,0.00619000,0.00623000,17954692.00000000,1767304799999999,111641.63104000,1142,6240599.00000000,38799.60393000,0
1767304800000000,0.00623000,0.00630000,0.00622000,0.00630000,19036724.00000000,1767308399999999,119052.43348000,1448,12325370.00000000,77120.00010000,0
1767308400000000,0.00630000,0.00632000,0.00628000,0.00629000,20430538.00000000,1767311999999999,128669.23449000,1185,11312007.00000000,71259.68465000,0
1767312000000000,0.00630000,0.00633000,0.00625000,0.00627000,29852859.00000000,1767315599999999,187309.92512000,1391,11302352.00000000,70947.86376000,0
1767315600000000,0.00628000,0.00630000,0.00626000,0.00628000,21978883.00000000,1767319199999999,137959.22219000,1081,10805284.00000000,67830.38824000,0
1767319200000000,0.00628000,0.00629000,0.00624000,0.00628000,26179845.00000000,1767322799999999,164172.28385000,946,10723441.00000000,67281.09731000,0
1767322800000000,0.00628000,0.00636000,0.00628000,0.00636000,52560458.00000000,1767326399999999,332567.70104000,2374,29151478.00000000,184360.24893000,0
1767326400000000,0.00637000,0.00638000,0.00630000,0.00632000,15913094.00000000,1767329999999999,100740.36933000,1307,7003795.00000000,44299.31010000,0
1767330000000000,0.00632000,0.00634000,0.00629000,0.00634000,18928944.00000000,1767333599999999,119538.81437000,1165,7637278.00000000,48239.22660000,0
1767333600000000,0.00634000,0.00636000,0.00630000,0.00630000,13749600.00000000,1767337199999999,87063.31268000,750,5988455.00000000,37926.50626000,0
1767337200000000,0.00631000,0.00632000,0.00625000,0.00626000,9838516.00000000,1767340799999999,61765.14763000,704,4331404.00000000,27210.31124000,0
1767340800000000,0.00627000,0.00629000,0.00624000,0.00629000,16462832.00000000,1767344399999999,103176.98517000,779,8844411.00000000,55473.69935000,0
1767344400000000,0.00629000,0.00647000,0.00627000,0.00639000,65899725.00000000,1767347999999999,420777.39762000,3527,31287082.00000000,199677.02867000,0
1767348000000000,0.00639000,0.00642000,0.00637000,0.00640000,31776830.00000000,1767351599999999,203426.05003000,1608,16902455.00000000,108206.07927000,0
1767351600000000,0.00640000,0.00640000,0.00631000,0.00634000,24967258.00000000,1767355199999999,158480.95826000,1571,8604252.00000000,54640.63403000,0
1767355200000000,0.00633000,0.00651000,0.00632000,0.00647000,65601979.00000000,1767358799999999,421444.37013000,3825,36434159.00000000,233960.64295000,0
1767358800000000,0.00647000,0.00647000,0.00638000,0.00639000,34438868.00000000,1767362399999999,221292.37302000,2958,14180142.00000000,91124.31018000,0
1767362400000000,0.00638000,0.00651000,0.00632000,0.00644000,106776295.00000000,1767365999999999,684728.61419000,7525,49946959.00000000,320403.70011000,0
1767366000000000,0.00644000,0.00649000,0.00637000,0.00644000,46099455.00000000,1767369599999999,296583.80177000,5225,19719867.00000000,126854.48423000,0
1767369600000000,0.00644000,0.00666000,0.00642000,0.00664000,99511296.00000000,1767373199999999,652718.92629000,6966,51228583.00000000,336084.07542000,0
1767373200000000,0.00664000,0.00671000,0.00660000,0.00664000,66325565.00000000,1767376799999999,442262.10757000,4888,29532859.00000000,196951.04446000,0
1767376800000000,0.00665000,0.00670000,0.00656000,0.00660000,46066971.00000000,1767380399999999,305753.79184000,2750,23490580.00000000,156147.25498000,0
1767380400000000,0.00661000,0.00669000,0.00660000,0.00668000,18258126.00000000,1767383999999999,121429.37072000,1623,9830848.00000000,65356.61873000,0
1767384000000000,0.00668000,0.00671000,0.00663000,0.00665000,38129089.00000000,1767387599999999,254313.35967000,1943,15279151.00000000,101875.89969000,0
1767387600000000,0.00665000,0.00673000,0.00664000,0.00671000,22181872.00000000,1767391199999999,148357.65578000,1142,11798767.00000000,78902.27420000,0
1767391200000000,0.00671000,0.00682000,0.00669000,0.00678000,44997762.00000000,1767394799999999,303438.42207000,2780,20795301.00000000,140212.79982000,0
1767394800000000,0.00679000,0.00681000,0.00676000,0.00679000,21197839.00000000,1767398399999999,143819.11139000,989,10638934.00000000,72192.79793000,0
1767398400000000,0.00679000,0.00687000,0.00678000,0.00679000,24032381.00000000,1767401999999999,164013.36163000,2004,8231486.00000000,56195.61509000,0
1767402000000000,0.00679000,0.00682000,0.00676000,0.00679000,15074757.00000000,1767405599999999,102267.34061000,1037,7339800.00000000,49774.23691000,0
1767405600000000,0.00678000,0.00687000,0.00675000,0.00685000,15890832.00000000,1767409199999999,108261.15090000,1220,8120523.00000000,55366.59035000,0
1767409200000000,0.00684000,0.00696000,0.00683000,0.00695000,27034053.00000000,1767412799999999,186746.29428000,1438,16303298.00000000,112672.87186000,0
1767412800000000,0.00694000,0.00695000,0.00690000,0.00693000,19174857.00000000,1767416399999999,132803.56201000,1169,8503781.00000000,58908.72646000,0
1767416400000000,0.00694000,0.00697000,0.00689000,0.00692000,10812609.00000000,1767419999999999,74990.87879000,1078,4877448.00000000,33838.79862000,0
1767420000000000,0.00692000,0.00698000,0.00681000,0.00684000,29762306.00000000,1767423599999999,205128.27197000,1958,14680949.00000000,101250.68718000,0
1767423600000000,0.00684000,0.00684000,0.00669000,0.00671000,63368861.00000000,1767427199999999,427178.84121000,3663,26989893.00000000,182106.16151000,0
1767427200000000,0.00670000,0.00677000,0.00668000,0.00673000,33884470.00000000,1767430799999999,227815.11405000,2418,17840250.00000000,119906.87298000,0
1767430800000000,0.00674000,0.00678000,0.00671000,0.00674000,18584877.00000000,1767434399999999,125327.32161000,1389,8490839.00000000,57273.88202000,0
1767434400000000,0.00673000,0.00675000,0.00669000,0.00670000,15838622.00000000,1767437999999999,106365.55759000,838,9474782.00000000,63618.26966000,0
1767438000000000,0.00671000,0.00671000,0.00666000,0.00668000,15442936.00000000,1767441599999999,103169.84605000,762,5338210.00000000,35683.28881000,0
1767441600000000,0.00668000,0.00675000,0.00667000,0.00675000,17148140.00000000,1767445199999999,115297.95446000,808,11140511.00000000,74911.55286000,0
1767445200000000,0.00675000,0.00677000,0.00674000,0.00675000,12567154.00000000,1767448799999999,84897.88518000,702,7266711.00000000,49102.55496000,0
1767448800000000,0.00676000,0.00677000,0.00674000,0.00676000,16665583.00000000,1767452399999999,112643.96873000,678,10268912.00000000,69414.71072000,0
1767452400000000,0.00676000,0.00676000,0.00673000,0.00674000,9997608.00000000,1767455999999999,67443.92327000,715,4300244.00000000,29013.38321000,0
1767456000000000,0.00674000,0.00685000,0.00672000,0.00683000,38990661.00000000,1767459599999999,264941.98258000,2367,18608682.00000000,126453.44446000,0
1767459600000000,0.00684000,0.00685000,0.00678000,0.00681000,17375056.00000000,1767463199999999,118343.88648000,981,8557259.00000000,58301.47580000,0
1767463200000000,0.00680000,0.00681000,0.00675000,0.00680000,18652750.00000000,1767466799999999,126558.44466000,823,9263844.00000000,62889.62763000,0
1767466800000000,0.00681000,0.00681000,0.00677000,0.00680000,6161290.00000000,1767470399999999,41877.92063000,443,3462332.00000000,23540.53042000,0
1767470400000000,0.00680000,0.00680000,0.00674000,0.00677000,24244614.00000000,1767473999999999,164054.88988000,996,7907242.00000000,53524.88234000,0
1767474000000000,0.00676000,0.00682000,0.00675000,0.00678000,30766459.00000000,1767477599999999,208481.95486000,1537,15746547.00000000,106756.97707000,0
1767477600000000,0.00677000,0.00686000,0.00675000,0.00686000,16849433.00000000,1767481199999999,114555.79657000,839,9388374.00000000,63872.76529000,0
1767481200000000,0.00686000,0.00686000,0.00681000,0.00683000,12701176.00000000,1767484799999999,86907.56104000,621,5974220.00000000,40884.56217000,0
1767484800000000,0.00683000,0.00693000,0.00681000,0.00687000,45683652.00000000,1767488399999999,314342.37070000,3172,24106918.00000000,165873.01635000,0
1767488400000000,0.00687000,0.00688000,0.00681000,0.00685000,12324034.00000000,1767491999999999,84347.40537000,904,5374405.00000000,36779.20362000,0
1767492000000000,0.00686000,0.00690000,0.00684000,0.00686000,15376181.00000000,1767495599999999,105647.98717000,954,8338649.00000000,57282.78723000,0
1767495600000000,0.00687000,0.00698000,0.00687000,0.00694000,36686473.00000000,1767499199999999,254577.49044000,1631,19043427.00000000,132221.66954000,0
1767499200000000,0.00693000,0.00694000,0.00689000,0.00691000,24889758.00000000,1767502799999999,172192.80508000,1181,10912996.00000000,75493.89222000,0
1767502800000000,0.00691000,0.00697000,0.00691000,0.00697000,21349442.00000000,1767506399999999,147779.31276000,822,7922058.00000000,54932.44948000,0
1767506400000000,0.00697000,0.00701000,0.00687000,0.00688000,29649839.00000000,1767509999999999,206125.97374000,1329,15184778.00000000,105621.46905000,0
1767510000000000,0.00688000,0.00697000,0.00687000,0.00695000,16833251.00000000,1767513599999999,116603.04886000,708,9807650.00000000,67937.09679000,0
1767513600000000,0.00694000,0.00698000,0.00688000,0.00696000,34584975.00000000,1767517199999999,239508.26428000,1571,15565315.00000000,107759.66665000,0
1767517200000000,0.00696000,0.00701000,0.00692000,0.00698000,23593818.00000000,1767520799999999,164642.00258000,1432,11378894.00000000,79403.07978000,0
1767520800000000,0.00698000,0.00701000,0.00696000,0.00698000,25085649.00000000,1767524399999999,175407.70314000,1166,9063263.00000000,63349.87011000,0
1767524400000000,0.00698000,0.00702000,0.00694000,0.00701000,24461239.00000000,1767527999999999,170953.72394000,1121,10300736.00000000,71985.78433000,0
1767528000000000,0.00702000,0.00715000,0.00701000,0.00706000,33984883.00000000,1767531599999999,240643.19422000,1546,19341868.00000000,136899.54686000,0
1767531600000000,0.00705000,0.00710000,0.00700000,0.00710000,34893364.00000000,1767535199999999,246153.34333000,1170,22714556.00000000,160458.32947000,0
1767535200000000,0.00710000,0.00720000,0.00707000,0.00718000,29902678.00000000,1767538799999999,212701.76695000,1976,18661375.00000000,132771.68356000,0
1767538800000000,0.00718000,0.00730000,0.00718000,0.00727000,62107944.00000000,1767542399999999,450265.35878000,3423,34063241.00000000,247050.46861000,0
1767542400000000,0.00726000,0.00750000,0.00726000,0.00750000,80621434.00000000,1767545999999999,596894.93613000,3633,36574991.00000000,271114.33928000,0
1767546000000000,0.00749000,0.00758000,0.00746000,0.00753000,47391720.00000000,1767549599999999,355684.38824000,2297,25338662.00000000,190181.29501000,0
1767549600000000,0.00753000,0.00759000,0.00743000,0.00748000,47939123.00000000,1767553199999999,359399.23413000,2000,22268353.00000000,166970.84221000,0
1767553200000000,0.00747000,0.00748000,0.00730000,0.00738000,51636582.00000000,1767556799999999,380490.42465000,2539,23799393.00000000,175312.26132000,0
1767556800000000,0.00739000,0.00744000,0.00738000,0.00739000,20750199.00000000,1767560399999999,153709.97226000,1043,10715531.00000000,79400.10199000,0
1767560400000000,0.00738000,0.00745000,0.00730000,0.00736000,15149037.00000000,1767563999999999,111891.63481000,1193,7392106.00000000,54639.29126000,0
1767564000000000,0.00735000,0.00744000,0.00734000,0.00742000,27343914.00000000,1767567599999999,201724.67855000,1390,19146105.00000000,141130.74552000,0
1767567600000000,0.00742000,0.00754000,0.00740000,0.00745000,23981671.00000000,1767571199999999,179200.54587000,2266,11981740.00000000,89519.72661000,0
1767571200000000,0.00744000,0.00752000,0.00736000,0.00739000,55011742.00000000,1767574799999999,408171.56047000,3555,28994966.00000000,215169.35678000,0
1767574800000000,0.00739000,0.00750000,0.00738000,0.00745000,43297994.00000000,1767578399999999,322721.52195000,3028,19724790.00000000,147024.06142000,0
1767578400000000,0.00744000,0.00747000,0.00735000,0.00743000,23660633.00000000,1767581999999999,175328.34117000,1921,11985145.00000000,88872.93793000,0
1767582000000000,0.00743000,0.00744000,0.00733000,0.00736000,16576262.00000000,1767585599999999,122182.55842000,1038,7145963.00000000,52653.88544000,0
1767585600000000,0.00736000,0.00740000,0.00723000,0.00728000,53331157.00000000,1767589199999999,389258.82549000,5239,15523594.00000000,113362.28880000,0
1767589200000000,0.00727000,0.00733000,0.00723000,0.00724000,21847054.00000000,1767592799999999,159326.79174000,2087,12683300.00000000,92523.19488000,0
1767592800000000,0.00724000,0.00727000,0.00717000,0.00722000,25225276.00000000,1767596399999999,182179.85041000,1341,10373521.00000000,74953.65597000,0
1767596400000000,0.00721000,0.00732000,0.00720000,0.00728000,12622924.00000000,1767599999999999,91662.90430000,1197,7615030.00000000,55328.71573000,0
1767600000000000,0.00728000,0.00730000,0.00718000,0.00719000,12036175.00000000,1767603599999999,87175.18664000,1282,6380833.00000000,46248.84231000,0
1767603600000000,0.00719000,0.00719000,0.00709000,0.00713000,29947455.00000000,1767607199999999,213662.53066000,2374,12087534.00000000,86278.01688000,0
1767607200000000,0.00713000,0.00718000,0.00708000,0.00713000,26481190.00000000,1767610799999999,188981.15448000,1169,9071537.00000000,64800.22866000,0
1767610800000000,0.00712000,0.00717000,0.00711000,0.00715000,12589732.00000000,1767614399999999,89865.17659000,786,7619360.00000000,54407.41792000,0
1767614400000000,0.00715000,0.00722000,0.00713000,0.00721000,23565380.00000000,1767617999999999,169374.89015000,1371,17852899.00000000,128387.08210000,0
1767618000000000,0.00721000,0.00722000,0.00714000,0.00719000,16075867.00000000,1767621599999999,115433.36496000,1458,9341853.00000000,67064.01562000,0
1767621600000000,0.00719000,0.00733000,0.00716000,0.00730000,30043108.00000000,1767625199999999,217230.80011000,3105,17693517.00000000,127976.85735000,0
1767625200000000,0.00729000,0.00739000,0.00721000,0.00737000,27878054.00000000,1767628799999999,203313.66602000,3171,14117391.00000000,103057.65987000,0
1767628800000000,0.00736000,0.00738000,0.00731000,0.00734000,15795412.00000000,1767632399999999,115972.30800000,1516,6469811.00000000,47533.79042000,0
1767632400000000,0.00733000,0.00746000,0.00725000,0.00742000,32183760.00000000,1767635999999999,236788.52412000,2945,18026938.00000000,132741.88615000,0
1767636000000000,0.00743000,0.00753000,0.00739000,0.00752000,17082387.00000000,1767639599999999,127232.00868000,1971,9341530.00000000,69622.38206000,0
1767639600000000,0.00752000,0.00753000,0.00743000,0.00746000,15012610.00000000,1767643199999999,112282.26758000,1228,7080232.00000000,52971.28580000,0
1767643200000000,0.00747000,0.00760000,0.00746000,0.00750000,23262104.00000000,1767646799999999,175012.15741000,2554,12309488.00000000,92587.75414000,0
1767646800000000,0.00749000,0.00753000,0.00747000,0.00750000,7918749.00000000,1767650399999999,59425.39425000,998,4612797.00000000,34625.81221000,0
1767650400000000,0.00750000,0.00762000,0.00749000,0.00759000,20791901.00000000,1767653999999999,157678.93596000,1182,15361563.00000000,116575.20813000,0
1767654000000000,0.00759000,0.00760000,0.00752000,0.00752000,14969078.00000000,1767657599999999,113153.68199000,855,7660138.00000000,57922.29219000,0
1767657600000000,0.00753000,0.00756000,0.00744000,0.00754000,17403859.00000000,1767661199999999,130650.26886000,1610,7437552.00000000,55863.97350000,0
1767661200000000,0.00755000,0.00763000,0.00749000,0.00750000,15977235.00000000,1767664799999999,120792.94621000,1271,7072396.00000000,53533.60442000,0
1767664800000000,0.00751000,0.00755000,0.00749000,0.00750000,20690491.00000000,1767668399999999,155540.91588000,1450,10252061.00000000,77065.23840000,0
1767668400000000,0.00750000,0.00765000,0.00749000,0.00759000,16823038.00000000,1767671999999999,127739.31066000,1836,7228073.00000000,54897.95714000,0
1767672000000000,0.00760000,0.00764000,0.00757000,0.00761000,21887893.00000000,1767675599999999,166530.77699000,1438,10103252.00000000,76875.32359000,0
1767675600000000,0.00760000,0.00761000,0.00755000,0.00756000,12139130.00000000,1767679199999999,92022.48728000,1257,6850826.00000000,51945.30910000,0
1767679200000000,0.00756000,0.00762000,0.00750000,0.00756000,35859832.00000000,1767682799999999,271114.93287000,2208,16397404.00000000,124021.78826000,0
1767682800000000,0.00756000,0.00757000,0.00744000,0.00746000,14786398.00000000,1767686399999999,110649.42717000,924,2757434.00000000,20686.43901000,0
1767686400000000,0.00746000,0.00752000,0.00746000,0.00750000,12512925.00000000,1767689999999999,93842.41845000,932,5387321.00000000,40415.56097000,0
1767690000000000,0.00751000,0.00762000,0.00749000,0.00759000,11645705.00000000,1767693599999999,88219.93379000,786,4900982.00000000,37123.04080000,0
1767693600000000,0.00759000,0.00765000,0.00756000,0.00764000,15271298.00000000,1767697199999999,116335.05000000,1089,6470214.00000000,49336.14689000,0
1767697200000000,0.00763000,0.00770000,0.00762000,0.00767000,18707281.00000000,1767700799999999,143350.57090000,1281,9820254.00000000,75238.48929000,0
1767700800000000,0.00766000,0.00773000,0.00765000,0.00773000,24052818.00000000,1767704399999999,184768.45891000,1221,11391897.00000000,87606.69973000,0
1767704400000000,0.00772000,0.00775000,0.00769000,0.00771000,33750993.00000000,1767707999999999,260753.15600000,1474,18143730.00000000,140279.42044000,0
1767708000000000,0.00772000,0.00790000,0.00770000,0.00775000,68994628.00000000,1767711599999999,539149.75750000,5896,36728286.00000000,286934.61504000,0
1767711600000000,0.00774000,0.00779000,0.00755000,0.00761000,49404249.00000000,1767715199999999,380111.50712000,4650,19122665.00000000,146983.09848000,0
1767715200000000,0.00760000,0.00763000,0.00736000,0.00744000,67849957.00000000,1767718799999999,508354.67588000,6260,28180972.00000000,210833.76522000,0
1767718800000000,0.00743000,0.00747000,0.00722000,0.00724000,66137096.00000000,1767722399999999,485018.53630000,4409,32980708.00000000,241431.30727000,0
1767722400000000,0.00724000,0.00740000,0.00722000,0.00739000,23690850.00000000,1767725999999999,173939.03582000,1920,12692109.00000000,93184.30217000,0
1767726000000000,0.00739000,0.00743000,0.00736000,0.00737000,13741074.00000000,1767729599999999,101589.09760000,933,5891112.00000000,43591.38068000,0
1767729600000000,0.00738000,0.00750000,0.00738000,0.00748000,14507196.00000000,1767733199999999,108206.69064000,1129,8434257.00000000,62887.93917000,0
1767733200000000,0.00748000,0.00768000,0.00746000,0.00766000,21143954.00000000,1767736799999999,160417.99357000,2181,11995524.00000000,90942.41440000,0
1767736800000000,0.00766000,0.00767000,0.00752000,0.00756000,11809867.00000000,1767740399999999,89462.57689000,1234,5629781.00000000,42688.93302000,0
1767740400000000,0.00756000,0.00762000,0.00755000,0.00758000,8288718.00000000,1767743999999999,62848.03332000,914,3470539.00000000,26322.70451000,0
1767744000000000,0.00758000,0.00759000,0.00742000,0.00742000,17214828.00000000,1767747599999999,129024.89965000,1054,6285231.00000000,47103.14837000,0
1767747600000000,0.00742000,0.00748000,0.00736000,0.00737000,14162647.00000000,1767751199999999,105141.90303000,1368,8885223.00000000,66030.38748000,0
1767751200000000,0.00737000,0.00742000,0.00734000,0.00742000,16982016.00000000,1767754799999999,125315.22751000,1039,7984314.00000000,59014.45157000,0
1767754800000000,0.00741000,0.00746000,0.00739000,0.00739000,6576293.00000000,1767758399999999,48777.74854000,631,3268669.00000000,24257.21670000,0
1767758400000000,0.00740000,0.00743000,0.00737000,0.00738000,8017264.00000000,1767761999999999,59311.01813000,534,3366680.00000000,24887.52295000,0
1767762000000000,0.00738000,0.00745000,0.00737000,0.00740000,7316620.00000000,1767765599999999,54211.95125000,640,2476999.00000000,18368.87691000,0
1767765600000000,0.00740000,0.00743000,0.00736000,0.00738000,19985341.00000000,1767769199999999,147697.43552000,906,7776375.00000000,57541.96874000,0
1767769200000000,0.00739000,0.00756000,0.00739000,0.00754000,24038306.00000000,1767772799999999,180527.33569000,1901,13741320.00000000,103181.52705000,0
1767772800000000,0.00755000,0.00761000,0.00753000,0.00756000,31926579.00000000,1767776399999999,241750.55168000,3260,15184435.00000000,115008.38522000,0
1767776400000000,0.00757000,0.00759000,0.00747000,0.00752000,65361846.00000000,1767779999999999,491309.66217000,4626,41170896.00000000,309472.90729000,0
1767780000000000,0.00752000,0.00757000,0.00746000,0.00747000,38252399.00000000,1767783599999999,287479.40219000,2683,19802219.00000000,148941.19084000,0
1767783600000000,0.00746000,0.00746000,0.00739000,0.00745000,37936293.00000000,1767787199999999,281294.76528000,1618,14352995.00000000,106460.53351000,0
1767787200000000,0.00745000,0.00746000,0.00736000,0.00737000,10261782.00000000,1767790799999999,75920.32723000,836,3793757.00000000,28083.40716000,0
1767790800000000,0.00737000,0.00741000,0.00733000,0.00733000,13162627.00000000,1767794399999999,96914.82018000,1121,7108298.00000000,52356.12049000,0
1767794400000000,0.00733000,0.00739000,0.00723000,0.00737000,40414555.00000000,1767797999999999,294938.90121000,4072,22020014.00000000,160807.30489000,0
1767798000000000,0.00737000,0.00737000,0.00720000,0.00727000,29898594.00000000,1767801599999999,217170.98473000,3447,15575992.00000000,113157.04241000,0
1767801600000000,0.00726000,0.00734000,0.00724000,0.00730000,22604928.00000000,1767805199999999,164622.43040000,1681,11351694.00000000,82650.40132000,0
1767805200000000,0.00730000,0.00738000,0.00728000,0.00734000,16905473.00000000,1767808799999999,123910.93884000,1165,10039085.00000000,73581.69577000,0
1767808800000000,0.00734000,0.00736000,0.00727000,0.00729000,23465319.00000000,1767812399999999,171581.16327000,1413,11716655.00000000,85735.04015000,0
1767812400000000,0.00730000,0.00734000,0.00723000,0.00732000,12654703.00000000,1767815999999999,92097.72785000,1127,7193863.00000000,52387.95046000,0
1767816000000000,0.00731000,0.00732000,0.00725000,0.00727000,8557129.00000000,1767819599999999,62235.64304000,719,3487981.00000000,25369.28164000,0
1767819600000000,0.00728000,0.00731000,0.00725000,0.00725000,5912658.00000000,1767823199999999,42997.13769000,559,2658165.00000000,19319.64607000,0
1767823200000000,0.00725000,0.00734000,0.00724000,0.00726000,12602845.00000000,1767826799999999,91556.28389000,816,3985067.00000000,29024.59645000,0
1767826800000000,0.00726000,0.00737000,0.00723000,0.00734000,34711225.00000000,1767830399999999,254279.34838000,1159,22388436.00000000,164114.23583000,0
1767830400000000,0.00734000,0.00737000,0.00731000,0.00735000,22277718.00000000,1767833999999999,163635.82160000,1385,13759764.00000000,101060.61306000,0
1767834000000000,0.00736000,0.00737000,0.00732000,0.00735000,11379645.00000000,1767837599999999,83713.97538000,830,6613941.00000000,48675.62953000,0
1767837600000000,0.00735000,0.00738000,0.00728000,0.00730000,16175331.00000000,1767841199999999,118651.69989000,1236,9227538.00000000,67720.85274000,0
1767841200000000,0.00730000,0.00735000,0.00720000,0.00724000,11674141.00000000,1767844799999999,84673.52666000,757,5028743.00000000,36465.17330000,0
1767844800000000,0.00724000,0.00733000,0.00723000,0.00731000,26659117.00000000,1767848399999999,194160.42966000,1037,15082771.00000000,110171.82385000,0
1767848400000000,0.00731000,0.00733000,0.00723000,0.00724000,32110615.00000000,1767851999999999,233782.01780000,2081,16398167.00000000,119385.79707000,0
1767852000000000,0.00725000,0.00726000,0.00713000,0.00714000,58954429.00000000,1767855599999999,425475.65501000,3507,28642791.00000000,206758.18306000,0
1767855600000000,0.00714000,0.00727000,0.00708000,0.00726000,33524371.00000000,1767859199999999,240675.57165000,2412,19649168.00000000,141162.31988000,0
1767859200000000,0.00726000,0.00730000,0.00717000,0.00717000,18344978.00000000,1767862799999999,132781.88230000,1064,7304529.00000000,52872.73163000,0
1767862800000000,0.00718000,0.00721000,0.00710000,0.00711000,25691242.00000000,1767866399999999,183452.91261000,1311,8976445.00000000,64072.73872000,0
1767866400000000,0.00711000,0.00720000,0.00705000,0.00720000,25476124.00000000,1767869999999999,181623.91660000,1678,13831431.00000000,98816.74008000,0
1767870000000000,0.00719000,0.00720000,0.00709000,0.00714000,20222723.00000000,1767873599999999,144097.58325000,1239,10320510.00000000,73500.45177000,0
1767873600000000,0.00714000,0.00715000,0.00706000,0.00708000,28986126.00000000,1767877199999999,205870.42435000,1405,11575167.00000000,82328.35302000,0
1767877200000000,0.00708000,0.00712000,0.00704000,0.00708000,13263226.00000000,1767880799999999,93814.76514000,1177,4628679.00000000,32759.74818000,0
1767880800000000,0.00707000,0.00711000,0.00699000,0.00710000,43094904.00000000,1767884399999999,303857.00261000,2952,23364611.00000000,164984.25600000,0
1767884400000000,0.00710000,0.00728000,0.00705000,0.00728000,32878886.00000000,1767887999999999,235681.33367000,2405,19006588.00000000,136468.87923000,0
1767888000000000,0.00729000,0.00730000,0.00718000,0.00725000,14744208.00000000,1767891599999999,106643.36946000,1165,7793483.00000000,56359.05081000,0
1767891600000000,0.00726000,0.00730000,0.00720000,0.00729000,15198706.00000000,1767895199999999,110197.85236000,1094,9158493.00000000,66437.89615000,0
1767895200000000,0.00728000,0.00730000,0.00719000,0.00722000,19309151.00000000,1767898799999999,139295.35916000,1054,7761648.00000000,56000.59356000,0
1767898800000000,0.00722000,0.00725000,0.00716000,0.00717000,8909295.00000000,1767902399999999,64120.46466000,926,3785622.00000000,27255.10938000,0
1767902400000000,0.00717000,0.00717000,0.00710000,0.00716000,9625072.00000000,1767905999999999,68669.70986000,873,4439880.00000000,31709.09884000,0
1767906000000000,0.00716000,0.00727000,0.00716000,0.00726000,12539568.00000000,1767909599999999,90461.39383000,894,8457816.00000000,61029.51941000,0
1767909600000000,0.00726000,0.00729000,0.00717000,0.00723000,8159953.00000000,1767913199999999,59094.24232000,612,4439189.00000000,32162.46758000,0
1767913200000000,0.00724000,0.00725000,0.00720000,0.00721000,4756190.00000000,1767916799999999,34401.74867000,384,1122544.00000000,8115.48483000,0
1767916800000000,0.00721000,0.00722000,0.00718000,0.00721000,4416100.00000000,1767920399999999,31817.17171000,416,2309941.00000000,16647.12282000,0
1767920400000000,0.00721000,0.00727000,0.00711000,0.00714000,28992601.00000000,1767923999999999,208044.82596000,2194,13738269.00000000,98762.95300000,0
1767924000000000,0.00714000,0.00721000,0.00713000,0.00715000,7022603.00000000,1767927599999999,50427.37656000,628,4368391.00000000,31385.53681000,0
1767927600000000,0.00715000,0.00724000,0.00713000,0.00723000,5840878.00000000,1767931199999999,42015.34285000,539,3634090.00000000,26144.63026000,0
1767931200000000,0.00722000,0.00724000,0.00718000,0.00719000,7481238.00000000,1767934799999999,53953.25414000,654,3788752.00000000,27335.19408000,0
1767934800000000,0.00719000,0.00722000,0.00717000,0.00720000,3823595.00000000,1767938399999999,27528.18229000,481,1832321.00000000,13195.79602000,0
1767938400000000,0.00720000,0.00723000,0.00717000,0.00721000,4753485.00000000,1767941999999999,34197.98881000,594,2763635.00000000,19889.65633000,0
1767942000000000,0.00722000,0.00722000,0.00718000,0.00718000,6469213.00000000,1767945599999999,46541.70153000,533,3470553.00000000,24976.43320000,0
1767945600000000,0.00719000,0.00721000,0.00703000,0.00708000,17010740.00000000,1767949199999999,120816.11718000,1499,7070947.00000000,50236.09803000,0
1767949200000000,0.00709000,0.00718000,0.00709000,0.00714000,15617370.00000000,1767952799999999,111667.72910000,1314,9413944.00000000,67295.73348000,0
1767952800000000,0.00714000,0.00714000,0.00709000,0.00712000,6596531.00000000,1767956399999999,46936.80301000,521,2772058.00000000,19741.52072000,0
1767956400000000,0.00713000,0.00715000,0.00709000,0.00711000,7647637.00000000,1767959999999999,54450.02353000,649,3186841.00000000,22697.35719000,0
1767960000000000,0.00711000,0.00711000,0.00706000,0.00709000,7136935.00000000,1767963599999999,50537.65316000,619,4473663.00000000,31673.15225000,0
1767963600000000,0.00710000,0.00724000,0.00709000,0.00719000,31074363.00000000,1767967199999999,223345.62589000,2266,17154556.00000000,123319.52863000,0
1767967200000000,0.00720000,0.00720000,0.00708000,0.00711000,24408065.00000000,1767970799999999,173749.53025000,1794,11864408.00000000,84405.95366000,0
1767970800000000,0.00712000,0.00738000,0.00707000,0.00730000,68749998.00000000,1767974399999999,498085.96091000,4822,37886525.00000000,274669.06057000,0
1767974400000000,0.00731000,0.00743000,0.00729000,0.00735000,23658786.00000000,1767977999999999,174267.46474000,1731,12478766.00000000,91969.15996000,0
1767978000000000,0.00735000,0.00735000,0.00719000,0.00728000,15633160.00000000,1767981599999999,113344.45218000,1183,7839831.00000000,56904.22490000,0
1767981600000000,0.00728000,0.00730000,0.00710000,0.00719000,14925870.00000000,1767985199999999,107231.94475000,1132,7529139.00000000,54020.48616000,0
1767985200000000,0.00718000,0.00718000,0.00708000,0.00710000,18214581.00000000,1767988799999999,129287.15888000,993,6148977.00000000,43743.77375000,0
1767988800000000,0.00710000,0.00717000,0.00709000,0.00713000,7867110.00000000,1767992399999999,56090.51975000,735,3603787.00000000,25688.76411000,0
1767992400000000,0.00713000,0.00719000,0.00710000,0.00717000,17878743.00000000,1767995999999999,128156.32883000,849,14655289.00000000,105072.06972000,0
1767996000000000,0.00717000,0.00724000,0.00715000,0.00722000,7943702.00000000,1767999599999999,57185.09329000,717,3669465.00000000,26421.64082000,0
1767999600000000,0.00722000,0.00722000,0.00717000,0.00718000,5458003.00000000,1768003199999999,39297.92960000,394,2218310.00000000,15981.51394000,0
1768003200000000,0.00718000,0.00719000,0.00712000,0.00713000,4525524.00000000,1768006799999999,32373.89518000,329,2728243.00000000,19521.27905000,0
1768006800000000,0.00714000,0.00717000,0.00712000,0.00712000,9366061.00000000,1768010399999999,66916.96539000,743,3796448.00000000,27138.16765000,0
1768010400000000,0.00712000,0.00712000,0.00707000,0.00709000,15279503.00000000,1768013999999999,108356.64650000,595,2620211.00000000,18614.88269000,0
1768014000000000,0.00710000,0.00713000,0.00706000,0.00712000,7307814.00000000,1768017599999999,51868.20787000,501,4530003.00000000,32155.68920000,0
1768017600000000,0.00712000,0.00712000,0.00707000,0.00707000,9687974.00000000,1768021199999999,68622.58476000,912,4031795.00000000,28567.31803000,0
1768021200000000,0.00708000,0.00708000,0.00704000,0.00705000,6217628.00000000,1768024799999999,43905.82910000,401,1763016.00000000,12453.49942000,0
1768024800000000,0.00704000,0.00708000,0.00700000,0.00706000,6939699.00000000,1768028399999999,48896.19850000,605,3839072.00000000,27069.95665000,0
1768028400000000,0.00706000,0.00716000,0.00706000,0.00714000,8106381.00000000,1768031999999999,57750.83820000,708,3096675.00000000,22060.89559000,0
1768032000000000,0.00713000,0.00718000,0.00713000,0.00717000,13876765.00000000,1768035599999999,99226.92389000,1242,7886329.00000000,56405.32439000,0
1768035600000000,0.00717000,0.00720000,0.00716000,0.00718000,8460614.00000000,1768039199999999,60774.67557000,660,4085089.00000000,29348.59487000,0
1768039200000000,0.00718000,0.00719000,0.00714000,0.00717000,15506941.00000000,1768042799999999,111148.05341000,881,9501074.00000000,68101.70283000,0
1768042800000000,0.00717000,0.00722000,0.00714000,0.00721000,9481836.00000000,1768046399999999,68042.56636000,680,5092919.00000000,36565.96655000,0
1768046400000000,0.00722000,0.00727000,0.00720000,0.00726000,8432430.00000000,1768049999999999,60878.78557000,640,4487952.00000000,32407.44341000,0
1768050000000000,0.00725000,0.00728000,0.00722000,0.00722000,7290971.00000000,1768053599999999,52850.90644000,552,3205990.00000000,23241.15402000,0
1768053600000000,0.00722000,0.00722000,0.00716000,0.00718000,13401771.00000000,1768057199999999,96344.57681000,695,5173478.00000000,37209.00038000,0
1768057200000000,0.00718000,0.00721000,0.00715000,0.00716000,6462223.00000000,1768060799999999,46396.82103000,427,2377296.00000000,17081.77333000,0
1768060800000000,0.00716000,0.00716000,0.00711000,0.00713000,9353201.00000000,1768064399999999,66719.43287000,611,4029539.00000000,28760.10388000,0
1768064400000000,0.00712000,0.00719000,0.00711000,0.00711000,15907213.00000000,1768067999999999,113741.90383000,1095,9289798.00000000,66474.04455000,0
1768068000000000,0.00712000,0.00715000,0.00710000,0.00713000,7828023.00000000,1768071599999999,55735.50792000,987,3844860.00000000,27377.24075000,0
1768071600000000,0.00713000,0.00724000,0.00713000,0.00723000,7105113.00000000,1768075199999999,51179.86389000,619,3197170.00000000,23046.82936000,0
1768075200000000,0.00723000,0.00723000,0.00718000,0.00719000,8867970.00000000,1768078799999999,63953.53248000,449,3642800.00000000,26286.76462000,0
1768078800000000,0.00718000,0.00719000,0.00713000,0.00713000,5082424.00000000,1768082399999999,36387.68033000,322,1604264.00000000,11486.05320000,0
1768082400000000,0.00712000,0.00713000,0.00707000,0.00707000,12001264.00000000,1768085999999999,85342.89741000,825,7519857.00000000,53491.10881000,0
1768086000000000,0.00707000,0.00711000,0.00706000,0.00709000,8625942.00000000,1768089599999999,61070.18826000,500,4099870.00000000,29035.39979000,0
1768089600000000,0.00709000,0.00712000,0.00707000,0.00710000,8210544.00000000,1768093199999999,58195.70088000,550,5278435.00000000,37419.77461000,0
1768093200000000,0.00710000,0.00712000,0.00708000,0.00710000,6948714.00000000,1768096799999999,49348.80242000,476,2871299.00000000,20401.29890000,0
1768096800000000,0.00711000,0.00714000,0.00710000,0.00711000,5685861.00000000,1768100399999999,40499.60909000,397,3409575.00000000,24293.91203000,0
1768100400000000,0.00711000,0.00712000,0.00710000,0.00711000,2459341.00000000,1768103999999999,17488.77901000,189,1205341.00000000,8575.84649000,0
1768104000000000,0.00711000,0.00715000,0.00709000,0.00713000,7336214.00000000,1768107599999999,52194.68158000,474,5368405.00000000,38207.50256000,0
1768107600000000,0.00713000,0.00714000,0.00710000,0.00713000,7160442.00000000,1768111199999999,50978.55268000,495,3693714.00000000,26294.98592000,0
1768111200000000,0.00713000,0.00713000,0.00708000,0.00713000,9839432.00000000,1768114799999999,69900.40379000,591,6412555.00000000,45584.29658000,0
1768114800000000,0.00714000,0.00716000,0.00711000,0.00715000,8255159.00000000,1768118399999999,58880.98505000,439,3759211.00000000,26837.89136000,0
1768118400000000,0.00715000,0.00717000,0.00712000,0.00714000,12882898.00000000,1768121999999999,92052.89815000,803,7167995.00000000,51221.33494000,0
1768122000000000,0.00715000,0.00720000,0.00714000,0.00719000,7512060.00000000,1768125599999999,53900.38848000,580,3793004.00000000,27212.32665000,0
1768125600000000,0.00718000,0.00719000,0.00715000,0.00717000,10855121.00000000,1768129199999999,77871.72661000,737,5151326.00000000,36971.37269000,0
1768129200000000,0.00717000,0.00719000,0.00716000,0.00719000,6158189.00000000,1768132799999999,44172.07934000,492,3684452.00000000,26432.19511000,0
1768132800000000,0.00719000,0.00724000,0.00719000,0.00722000,13716295.00000000,1768136399999999,98887.34174000,757,6830052.00000000,49239.69777000,0
1768136400000000,0.00722000,0.00723000,0.00715000,0.00717000,4761341.00000000,1768139999999999,34207.02103000,384,2351100.00000000,16896.56971000,0
1768140000000000,0.00716000,0.00722000,0.00715000,0.00721000,5969018.00000000,1768143599999999,42871.20064000,484,4063222.00000000,29192.03621000,0
1768143600000000,0.00722000,0.00722000,0.00706000,0.00709000,27432098.00000000,1768147199999999,194740.60842000,1105,8661635.00000000,61540.76317000,0
1768147200000000,0.00709000,0.00722000,0.00707000,0.00715000,36139051.00000000,1768150799999999,259034.11720000,1943,23725754.00000000,170053.66982000,0
1768150800000000,0.00714000,0.00717000,0.00709000,0.00717000,7024507.00000000,1768154399999999,50075.54826000,499,3855306.00000000,27502.83468000,0
1768154400000000,0.00717000,0.00717000,0.00711000,0.00715000,5533121.00000000,1768157999999999,39480.71522000,408,3146925.00000000,22447.73027000,0
1768158000000000,0.00715000,0.00717000,0.00711000,0.00712000,7754588.00000000,1768161599999999,55355.62000000,434,4287510.00000000,30603.90419000,0
1768161600000000,0.00712000,0.00712000,0.00700000,0.00704000,28245372.00000000,1768165199999999,199092.59698000,1413,10287418.00000000,72373.94928000,0
1768165200000000,0.00703000,0.00706000,0.00699000,0.00706000,16620600.00000000,1768168799999999,116516.11137000,645,5135404.00000000,36047.76555000,0
1768168800000000,0.00705000,0.00705000,0.00692000,0.00693000,19984596.00000000,1768172399999999,139051.20452000,1437,9487120.00000000,66044.68253000,0
1768172400000000,0.00692000,0.00702000,0.00687000,0.00699000,18440020.00000000,1768175999999999,127997.84498000,1599,8917425.00000000,61984.30886000,0
1768176000000000,0.00700000,0.00703000,0.00691000,0.00702000,16220856.00000000,1768179599999999,113174.51140000,1595,8003901.00000000,55799.55209000,0
1768179600000000,0.00703000,0.00713000,0.00702000,0.00707000,26683024.00000000,1768183199999999,188470.04686000,2271,16929504.00000000,119484.91708000,0
1768183200000000,0.00708000,0.00724000,0.00708000,0.00721000,20968985.00000000,1768186799999999,150524.32851000,2175,12510074.00000000,89944.63627000,0
1768186800000000,0.00722000,0.00726000,0.00711000,0.00711000,15729345.00000000,1768190399999999,113481.35748000,1425,6308842.00000000,45578.56432000,0
1768190400000000,0.00712000,0.00717000,0.00709000,0.00715000,9256909.00000000,1768193999999999,66018.67405000,671,4265656.00000000,30437.70648000,0
1768194000000000,0.00715000,0.00718000,0.00711000,0.00713000,6503154.00000000,1768197599999999,46441.91039000,759,2697224.00000000,19258.10232000,0
1768197600000000,0.00712000,0.00713000,0.00705000,0.00707000,10359783.00000000,1768201199999999,73534.84857000,845,5291309.00000000,37584.16262000,0
1768201200000000,0.00707000,0.00712000,0.00696000,0.00697000,13954466.00000000,1768204799999999,97973.98644000,1600,7860850.00000000,55194.47786000,0
1768204800000000,0.00696000,0.00703000,0.00688000,0.00693000,22905632.00000000,1768208399999999,159166.64723000,2362,13275003.00000000,92278.35610000,0
1768208400000000,0.00694000,0.00696000,0.00690000,0.00691000,14141610.00000000,1768211999999999,98050.83833000,1104,7722976.00000000,53565.72370000,0
1768212000000000,0.00692000,0.00694000,0.00688000,0.00689000,19553107.00000000,1768215599999999,135128.70655000,1078,6135584.00000000,42386.98067000,0
1768215600000000,0.00689000,0.00700000,0.00689000,0.00697000,21755768.00000000,1768219199999999,151250.07517000,1877,13821439.00000000,96115.72899000,0
1768219200000000,0.00697000,0.00699000,0.00688000,0.00689000,26917868.00000000,1768222799999999,186863.49635000,1593,14897088.00000000,103445.90252000,0
1768222800000000,0.00690000,0.00690000,0.00681000,0.00684000,34726579.00000000,1768226399999999,237726.17303000,1738,17006641.00000000,116451.03567000,0
1768226400000000,0.00684000,0.00696000,0.00677000,0.00693000,41797864.00000000,1768229999999999,286878.77414000,2491,23239230.00000000,159875.97250000,0
1768230000000000,0.00692000,0.00702000,0.00689000,0.00700000,23899319.00000000,1768233599999999,166653.32579000,1840,15358093.00000000,107122.89623000,0
1768233600000000,0.00700000,0.00707000,0.00697000,0.00703000,14803277.00000000,1768237199999999,103929.07886000,1637,6996172.00000000,49117.72231000,0
1768237200000000,0.00703000,0.00705000,0.00686000,0.00693000,16914501.00000000,1768240799999999,117326.51434000,1489,8001292.00000000,55532.61431000,0
1768240800000000,0.00693000,0.00699000,0.00689000,0.00692000,10372175.00000000,1768244399999999,72042.19651000,1108,4719676.00000000,32797.99291000,0
1768244400000000,0.00693000,0.00696000,0.00688000,0.00694000,7289580.00000000,1768247999999999,50533.93292000,764,3706240.00000000,25709.11306000,0
1768248000000000,0.00694000,0.00698000,0.00687000,0.00689000,16900877.00000000,1768251599999999,116710.26367000,940,3387828.00000000,23432.19840000,0
1768251600000000,0.00689000,0.00689000,0.00680000,0.00684000,12499759.00000000,1768255199999999,85337.71273000,998,3934035.00000000,26918.15638000,0
1768255200000000,0.00684000,0.00695000,0.00683000,0.00691000,65185220.00000000,1768258799999999,449177.57418000,2213,49118961.00000000,338609.25491000,0
1768258800000000,0.00691000,0.00691000,0.00686000,0.00688000,13217421.00000000,1768262399999999,90998.15710000,1036,6503857.00000000,44767.27051000,0
1768262400000000,0.00688000,0.00691000,0.00687000,0.00691000,7514609.00000000,1768265999999999,51806.21111000,896,4511074.00000000,31109.15319000,0
1768266000000000,0.00691000,0.00696000,0.00687000,0.00690000,15873420.00000000,1768269599999999,109682.77398000,773,10140535.00000000,70071.70327000,0
1768269600000000,0.00690000,0.00696000,0.00690000,0.00691000,4168035.00000000,1768273199999999,28918.12930000,588,1948657.00000000,13524.14257000,0
1768273200000000,0.00690000,0.00698000,0.00688000,0.00697000,7128293.00000000,1768276799999999,49383.30135000,638,4325866.00000000,29964.93488000,0
1768276800000000,0.00697000,0.00701000,0.00695000,0.00701000,5634657.00000000,1768280399999999,39310.92887000,672,3071385.00000000,21433.18173000,0
1768280400000000,0.00700000,0.00708000,0.00700000,0.00701000,12908242.00000000,1768283999999999,90823.60117000,1259,5602527.00000000,39459.84276000,0
1768284000000000,0.00701000,0.00707000,0.00700000,0.00706000,12122873.00000000,1768287599999999,85238.37137000,919,5546388.00000000,39015.72817000,0
1768287600000000,0.00706000,0.00707000,0.00702000,0.00703000,5878865.00000000,1768291199999999,41391.44606000,512,2489315.00000000,17529.14733000,0
1768291200000000,0.00703000,0.00709000,0.00702000,0.00708000,6625793.00000000,1768294799999999,46726.12495000,707,3773785.00000000,26631.19108000,0
1768294800000000,0.00708000,0.00714000,0.00708000,0.00709000,19275866.00000000,1768298399999999,136842.85228000,1249,9579028.00000000,68020.05942000,0
1768298400000000,0.00710000,0.00713000,0.00706000,0.00710000,12072925.00000000,1768301999999999,85786.24868000,938,5467104.00000000,38845.45299000,0
1768302000000000,0.00710000,0.00718000,0.00708000,0.00714000,14818482.00000000,1768305599999999,105684.70814000,923,7974253.00000000,56896.98798000,0
1768305600000000,0.00713000,0.00719000,0.00711000,0.00717000,17741442.00000000,1768309199999999,126729.21673000,1134,8006462.00000000,57270.28238000,0
1768309200000000,0.00717000,0.00729000,0.00717000,0.00726000,53469695.00000000,1768312799999999,387077.04246000,3259,26666011.00000000,193029.92828000,0
1768312800000000,0.00725000,0.00734000,0.00723000,0.00726000,44394957.00000000,1768316399999999,323258.41426000,3516,21065161.00000000,153414.49053000,0
1768316400000000,0.00725000,0.00735000,0.00718000,0.00734000,37115658.00000000,1768319999999999,270217.16945000,4147,14534339.00000000,105879.43843000,0
1768320000000000,0.00733000,0.00748000,0.00733000,0.00743000,118691765.00000000,1768323599999999,878885.87133000,8154,48129478.00000000,356663.86681000,0
1768323600000000,0.00743000,0.00744000,0.00735000,0.00741000,42344349.00000000,1768327199999999,312740.30114000,3775,20722482.00000000,153125.84903000,0
1768327200000000,0.00741000,0.00745000,0.00736000,0.00738000,25915568.00000000,1768330799999999,191785.28623000,2910,10489010.00000000,77638.72649000,0
1768330800000000,0.00738000,0.00741000,0.00733000,0.00740000,23895093.00000000,1768334399999999,176080.83791000,1967,11644495.00000000,85842.69956000,0
1768334400000000,0.00741000,0.00742000,0.00731000,0.00734000,20569887.00000000,1768337999999999,151303.26642000,1770,9104465.00000000,66926.34643000,0
1768338000000000,0.00734000,0.00740000,0.00734000,0.00740000,13521290.00000000,1768341599999999,99683.44090000,1457,5775116.00000000,42578.55628000,0
1768341600000000,0.00739000,0.00775000,0.00739000,0.00768000,150209203.00000000,1768345199999999,1146257.34069000,8426,78798036.00000000,601757.41088000,0
1768345200000000,0.00768000,0.00771000,0.00755000,0.00758000,45216328.00000000,1768348799999999,344919.39934000,2042,21380396.00000000,162789.21351000,0
1768348800000000,0.00758000,0.00766000,0.00757000,0.00763000,28459824.00000000,1768352399999999,216711.09897000,2388,15553065.00000000,118424.30321000,0
1768352400000000,0.00764000,0.00766000,0.00757000,0.00759000,22276068.00000000,1768355999999999,169546.88252000,1381,11050400.00000000,84135.37946000,0
1768356000000000,0.00759000,0.00763000,0.00755000,0.00755000,17375065.00000000,1768359599999999,131789.45973000,1184,8147297.00000000,61839.02041000,0
1768359600000000,0.00756000,0.00761000,0.00755000,0.00761000,13869652.00000000,1768363199999999,104976.63188000,1125,6459775.00000000,48897.24623000,0
1768363200000000,0.00760000,0.00761000,0.00753000,0.00754000,33645139.00000000,1768366799999999,254278.10431000,1208,17748537.00000000,134105.15223000,0
1768366800000000,0.00755000,0.00759000,0.00749000,0.00756000,29080971.00000000,1768370399999999,218979.90218000,1291,12567337.00000000,94721.59217000,0
1768370400000000,0.00757000,0.00762000,0.00752000,0.00761000,26095918.00000000,1768373999999999,197381.51066000,1432,12144134.00000000,91893.99779000,0
1768374000000000,0.00761000,0.00763000,0.00756000,0.00757000,20479710.00000000,1768377599999999,155487.50624000,1215,10328977.00000000,78397.07420000,0
1768377600000000,0.00758000,0.00763000,0.00757000,0.00757000,11597442.00000000,1768381199999999,88110.89847000,722,5164260.00000000,39227.49812000,0
1768381200000000,0.00758000,0.00765000,0.00758000,0.00764000,16580680.00000000,1768384799999999,126171.27923000,827,8768883.00000000,66754.67762000,0
1768384800000000,0.00765000,0.00766000,0.00757000,0.00760000,19638315.00000000,1768388399999999,149385.71466000,1169,7991292.00000000,60789.50250000,0
1768388400000000,0.00759000,0.00760000,0.00754000,0.00757000,20283049.00000000,1768391999999999,153660.87532000,1101,11744632.00000000,88994.58064000,0
1768392000000000,0.00757000,0.00762000,0.00755000,0.00756000,10075697.00000000,1768395599999999,76402.32368000,604,5445267.00000000,41318.47950000,0
1768395600000000,0.00756000,0.00756000,0.00745000,0.00747000,36863156.00000000,1768399199999999,277276.59211000,1242,9606576.00000000,72267.60656000,0
1768399200000000,0.00747000,0.00766000,0.00746000,0.00760000,36811175.00000000,1768402799999999,278383.41965000,2335,20281813.00000000,153269.41583000,0
1768402800000000,0.00760000,0.00769000,0.00755000,0.00762000,49867460.00000000,1768406399999999,379857.39786000,2766,26445747.00000000,201486.97557000,0
1768406400000000,0.00762000,0.00770000,0.00759000,0.00761000,32860176.00000000,1768409999999999,251371.81420000,2272,17084507.00000000,130694.10271000,0
1768410000000000,0.00761000,0.00764000,0.00750000,0.00752000,36526799.00000000,1768413599999999,275923.27817000,1766,12442779.00000000,94096.78034000,0
1768413600000000,0.00752000,0.00754000,0.00738000,0.00745000,42606954.00000000,1768417199999999,317749.40818000,2447,18490597.00000000,137804.16162000,0
1768417200000000,0.00744000,0.00759000,0.00742000,0.00751000,38597069.00000000,1768420799999999,289705.57904000,2342,23709417.00000000,177916.59142000,0
1768420800000000,0.00751000,0.00758000,0.00749000,0.00752000,20249989.00000000,1768424399999999,152378.17484000,1421,9773568.00000000,73570.70025000,0
1768424400000000,0.00751000,0.00754000,0.00747000,0.00750000,14029697.00000000,1768427999999999,105355.18827000,901,7483606.00000000,56206.59999000,0
1768428000000000,0.00750000,0.00751000,0.00739000,0.00743000,20901223.00000000,1768431599999999,155837.42049000,976,10077626.00000000,75154.07905000,0
1768431600000000,0.00742000,0.00749000,0.00742000,0.00744000,10235306.00000000,1768435199999999,76252.63694000,681,4808495.00000000,35825.24900000,0
1768435200000000,0.00743000,0.00746000,0.00740000,0.00744000,17148129.00000000,1768438799999999,127374.29742000,949,7975355.00000000,59249.06535000,0
1768438800000000,0.00744000,0.00749000,0.00740000,0.00742000,14184640.00000000,1768442399999999,105470.40520000,1196,7304027.00000000,54326.51624000,0
1768442400000000,0.00741000,0.00743000,0.00732000,0.00734000,18303010.00000000,1768445999999999,134874.83323000,1409,7536324.00000000,55527.61056000,0
1768446000000000,0.00734000,0.00736000,0.00719000,0.00720000,35687009.00000000,1768449599999999,258919.42004000,2179,12914595.00000000,93738.76330000,0
1768449600000000,0.00721000,0.00729000,0.00719000,0.00727000,11279449.00000000,1768453199999999,81775.06631000,981,6654917.00000000,48248.24780000,0
1768453200000000,0.00727000,0.00730000,0.00725000,0.00727000,11228891.00000000,1768456799999999,81610.43450000,635,4724990.00000000,34374.27217000,0
1768456800000000,0.00726000,0.00729000,0.00723000,0.00725000,13518658.00000000,1768460399999999,98120.21664000,763,9000217.00000000,65327.40872000,0
1768460400000000,0.00724000,0.00737000,0.00723000,0.00734000,17117718.00000000,1768463999999999,124947.80117000,947,10349448.00000000,75585.53884000,0
1768464000000000,0.00734000,0.00734000,0.00729000,0.00732000,8575081.00000000,1768467599999999,62763.74879000,628,5050410.00000000,36967.89168000,0
1768467600000000,0.00732000,0.00738000,0.00729000,0.00735000,12683806.00000000,1768471199999999,93117.08664000,801,5136212.00000000,37698.43280000,0
1768471200000000,0.00735000,0.00736000,0.00730000,0.00731000,12145335.00000000,1768474799999999,88988.45313000,606,6571529.00000000,48148.96940000,0
1768474800000000,0.00732000,0.00733000,0.00727000,0.00728000,8830790.00000000,1768478399999999,64509.67313000,504,3745586.00000000,27380.88602000,0
1768478400000000,0.00728000,0.00734000,0.00728000,0.00734000,14102102.00000000,1768481999999999,103114.17456000,763,6060148.00000000,44314.11171000,0
1768482000000000,0.00734000,0.00736000,0.00731000,0.00732000,11579905.00000000,1768485599999999,84913.90582000,780,6723681.00000000,49317.19426000,0
1768485600000000,0.00732000,0.00736000,0.00717000,0.00722000,35283208.00000000,1768489199999999,256183.73787000,2113,16794496.00000000,122083.02520000,0
1768489200000000,0.00722000,0.00726000,0.00701000,0.00713000,48706978.00000000,1768492799999999,346609.20222000,2536,29255996.00000000,208510.64104000,0
1768492800000000,0.00713000,0.00716000,0.00704000,0.00713000,22407114.00000000,1768496399999999,159064.54174000,1409,10601017.00000000,75280.98095000,0
1768496400000000,0.00712000,0.00715000,0.00703000,0.00705000,21545796.00000000,1768499999999999,152892.46111000,1169,8223150.00000000,58335.80940000,0
1768500000000000,0.00705000,0.00707000,0.00694000,0.00698000,38743717.00000000,1768503599999999,271193.57722000,1759,14043691.00000000,98303.61766000,0
1768503600000000,0.00697000,0.00700000,0.00693000,0.00700000,13360754.00000000,1768507199999999,93026.92984000,1070,6404832.00000000,44631.55208000,0
1768507200000000,0.00699000,0.00703000,0.00691000,0.00694000,16883337.00000000,1768510799999999,117475.31737000,671,7943549.00000000,55339.68078000,0
1768510800000000,0.00694000,0.00699000,0.00693000,0.00697000,10766780.00000000,1768514399999999,75004.18607000,760,6693047.00000000,46636.31010000,0
1768514400000000,0.00697000,0.00701000,0.00695000,0.00698000,7541775.00000000,1768517999999999,52680.73284000,579,4468198.00000000,31222.92105000,0
1768518000000000,0.00698000,0.00702000,0.00696000,0.00701000,15727967.00000000,1768521599999999,110128.85646000,1057,9431982.00000000,66057.48393000,0
1768521600000000,0.00700000,0.00703000,0.00699000,0.00702000,15598129.00000000,1768525199999999,109460.00426000,1034,7102999.00000000,49862.72331000,0
1768525200000000,0.00701000,0.00703000,0.00700000,0.00702000,10083022.00000000,1768528799999999,70682.65129000,580,5962917.00000000,41809.87897000,0
1768528800000000,0.00701000,0.00707000,0.00696000,0.00707000,24400457.00000000,1768532399999999,171252.71591000,1461,12372153.00000000,86816.23610000,0
1768532400000000,0.00707000,0.00708000,0.00701000,0.00701000,10806645.00000000,1768535999999999,76073.05321000,714,5762793.00000000,40609.89945000,0
1768536000000000,0.00702000,0.00704000,0.00694000,0.00696000,25006357.00000000,1768539599999999,174337.67792000,975,10753431.00000000,75046.15347000,0
1768539600000000,0.00697000,0.00705000,0.00696000,0.00703000,15311658.00000000,1768543199999999,107530.22100000,730,8565137.00000000,60140.96213000,0
1768543200000000,0.00703000,0.00709000,0.00701000,0.00709000,12428523.00000000,1768546799999999,87488.51065000,916,8070654.00000000,56808.65683000,0
1768546800000000,0.00708000,0.00713000,0.00705000,0.00707000,19719233.00000000,1768550399999999,139636.74037000,1201,10196928.00000000,72267.78562000,0
1768550400000000,0.00708000,0.00711000,0.00707000,0.00710000,5330541.00000000,1768553999999999,37858.70940000,394,2890950.00000000,20539.21546000,0
1768554000000000,0.00711000,0.00711000,0.00704000,0.00705000,35310976.00000000,1768557599999999,249846.12115000,1722,13796265.00000000,97745.37408000,0
1768557600000000,0.00705000,0.00706000,0.00700000,0.00704000,63941047.00000000,1768561199999999,449281.70101000,3544,22663438.00000000,159298.01332000,0
1768561200000000,0.00705000,0.00713000,0.00704000,0.00707000,88729850.00000000,1768564799999999,629155.30154000,4110,44930600.00000000,318730.08777000,0
1768564800000000,0.00707000,0.00709000,0.00703000,0.00705000,19038161.00000000,1768568399999999,134433.71778000,661,11448401.00000000,80886.97244000,0
1768568400000000,0.00705000,0.00706000,0.00701000,0.00704000,7086364.00000000,1768571999999999,49850.87163000,447,2248176.00000000,15821.81918000,0
1768572000000000,0.00704000,0.00709000,0.00704000,0.00705000,19361716.00000000,1768575599999999,136588.12546000,1046,10137405.00000000,71519.87292000,0
1768575600000000,0.00705000,0.00709000,0.00684000,0.00690000,85754545.00000000,1768579199999999,596722.70024000,4067,32762103.00000000,227746.20012000,0
1768579200000000,0.00689000,0.00700000,0.00687000,0.00696000,23767374.00000000,1768582799999999,164807.50602000,2059,11125568.00000000,77192.22818000,0
1768582800000000,0.00696000,0.00701000,0.00689000,0.00701000,15394756.00000000,1768586399999999,106924.93667000,1260,9181385.00000000,63764.46697000,0
1768586400000000,0.00702000,0.00704000,0.00698000,0.00699000,6429312.00000000,1768589999999999,45100.09330000,613,3357811.00000000,23561.70649000,0
1768590000000000,0.00699000,0.00703000,0.00694000,0.00702000,15692305.00000000,1768593599999999,109729.15743000,1058,9362056.00000000,65505.25423000,0
1768593600000000,0.00703000,0.00718000,0.00698000,0.00717000,22299105.00000000,1768597199999999,158260.38540000,1340,12273887.00000000,87062.34675000,0
1768597200000000,0.00718000,0.00725000,0.00717000,0.00723000,32682480.00000000,1768600799999999,235551.45234000,1873,14623713.00000000,105384.13090000,0
1768600800000000,0.00722000,0.00730000,0.00722000,0.00727000,26521705.00000000,1768604399999999,192437.76539000,1406,12134785.00000000,88020.22423000,0
1768604400000000,0.00728000,0.00728000,0.00723000,0.00726000,7815609.00000000,1768607999999999,56729.98832000,574,4872280.00000000,35358.73677000,0
1768608000000000,0.00726000,0.00731000,0.00723000,0.00729000,20360186.00000000,1768611599999999,148132.49382000,1113,11952643.00000000,86994.57392000,0
1768611600000000,0.00729000,0.00740000,0.00728000,0.00738000,46388601.00000000,1768615199999999,341108.71607000,3088,25103375.00000000,184514.47509000,0
1768615200000000,0.00738000,0.00741000,0.00726000,0.00727000,27009482.00000000,1768618799999999,197918.12315000,1660,12905304.00000000,94568.74461000,0
1768618800000000,0.00728000,0.00736000,0.00726000,0.00734000,22661375.00000000,1768622399999999,165784.65954000,956,10474766.00000000,76612.23405000,0
1768622400000000,0.00734000,0.00740000,0.00731000,0.00738000,23740918.00000000,1768625999999999,174709.85438000,1081,10893319.00000000,80157.71172000,0
1768626000000000,0.00739000,0.00748000,0.00738000,0.00741000,48863224.00000000,1768629599999999,363423.83294000,2023,23535000.00000000,175022.54431000,0
1768629600000000,0.00741000,0.00750000,0.00739000,0.00743000,40618849.00000000,1768633199999999,302306.90050000,1836,22607286.00000000,168287.70264000,0
1768633200000000,0.00744000,0.00758000,0.00743000,0.00755000,47964498.00000000,1768636799999999,359799.05014000,1808,23966482.00000000,179722.27602000,0
1768636800000000,0.00754000,0.00773000,0.00753000,0.00766000,115009983.00000000,1768640399999999,875822.42743000,4631,56490881.00000000,430296.05853000,0
1768640400000000,0.00767000,0.00771000,0.00757000,0.00761000,58210063.00000000,1768643999999999,444348.28926000,3014,29136711.00000000,222503.08637000,0
1768644000000000,0.00760000,0.00766000,0.00756000,0.00758000,31750088.00000000,1768647599999999,241176.01204000,1994,12877925.00000000,97900.57116000,0
1768647600000000,0.00758000,0.00762000,0.00750000,0.00750000,51608585.00000000,1768651199999999,390276.09247000,2287,22403989.00000000,169597.66176000,0
1768651200000000,0.00750000,0.00774000,0.00749000,0.00774000,77640646.00000000,1768654799999999,593263.88348000,3675,40317997.00000000,308365.15829000,0
1768654800000000,0.00774000,0.00783000,0.00769000,0.00779000,139430869.00000000,1768658399999999,1081671.10633000,6149,71111271.00000000,551657.63208000,0
1768658400000000,0.00778000,0.00824000,0.00778000,0.00812000,275533884.00000000,1768661999999999,2201122.56857000,9940,140048199.00000000,1119742.76221000,0
1768662000000000,0.00812000,0.00825000,0.00787000,0.00804000,291096118.00000000,1768665599999999,2340585.21939000,9356,120416343.00000000,968686.93190000,0
1768665600000000,0.00803000,0.00808000,0.00790000,0.00805000,114997149.00000000,1768669199999999,920224.57083000,4842,57867176.00000000,463181.93036000,0
1768669200000000,0.00806000,0.00816000,0.00788000,0.00792000,86256818.00000000,1768672799999999,690472.47713000,4142,39088722.00000000,313206.38144000,0
1768672800000000,0.00792000,0.00801000,0.00792000,0.00801000,58060408.00000000,1768676399999999,462006.73477000,2544,30755832.00000000,244745.14478000,0
1768676400000000,0.00800000,0.00808000,0.00790000,0.00796000,90732389.00000000,1768679999999999,726899.20144000,3561,41943084.00000000,336252.22505000,0
1768680000000000,0.00796000,0.00806000,0.00792000,0.00792000,67942964.00000000,1768683599999999,542554.54440000,3236,30171280.00000000,241186.91832000,0
1768683600000000,0.00792000,0.00793000,0.00778000,0.00784000,66240167.00000000,1768687199999999,520869.16948000,3233,33871167.00000000,266456.90851000,0
1768687200000000,0.00785000,0.00786000,0.00770000,0.00776000,72076645.00000000,1768690799999999,560234.15519000,3350,33280932.00000000,258404.73120000,0
1768690800000000,0.00776000,0.00782000,0.00775000,0.00780000,33610904.00000000,1768694399999999,261672.77723000,1711,18147896.00000000,141296.19242000,0
1768694400000000,0.00780000,0.00796000,0.00776000,0.00785000,82162280.00000000,1768697999999999,647849.89103000,4614,45339835.00000000,357587.68635000,0
1768698000000000,0.00786000,0.00792000,0.00766000,0.00771000,93159246.00000000,1768701599999999,724301.00683000,3843,42362015.00000000,329457.54677000,0
1768701600000000,0.00771000,0.00776000,0.00765000,0.00772000,53638297.00000000,1768705199999999,412559.29388000,2793,23009457.00000000,177080.09264000,0
1768705200000000,0.00772000,0.00777000,0.00766000,0.00768000,39032384.00000000,1768708799999999,301293.65077000,2840,21516587.00000000,166176.59570000,0
1768708800000000,0.00767000,0.00770000,0.00763000,0.00770000,40212306.00000000,1768712399999999,308267.96684000,1935,20129207.00000000,154395.84862000,0
1768712400000000,0.00769000,0.00770000,0.00764000,0.00768000,26198507.00000000,1768715999999999,200876.65218000,1816,12636747.00000000,96899.17059000,0
1768716000000000,0.00768000,0.00772000,0.00764000,0.00765000,15011988.00000000,1768719599999999,115125.83938000,1083,7225700.00000000,55401.75496000,0
1768719600000000,0.00764000,0.00777000,0.00759000,0.00772000,56143429.00000000,1768723199999999,431746.78029000,3063,28417198.00000000,218472.62705000,0
1768723200000000,0.00771000,0.00775000,0.00764000,0.00766000,28695539.00000000,1768726799999999,220962.57698000,2013,13274870.00000000,102275.19223000,0
1768726800000000,0.00766000,0.00767000,0.00760000,0.00762000,21100380.00000000,1768730399999999,160871.93218000,1473,10470464.00000000,79842.29752000,0
1768730400000000,0.00763000,0.00763000,0.00757000,0.00759000,33955236.00000000,1768733999999999,257924.40165000,1508,14173982.00000000,107662.19139000,0
1768734000000000,0.00759000,0.00762000,0.00757000,0.00759000,13884428.00000000,1768737599999999,105471.84344000,874,6929612.00000000,52649.84170000,0
1768737600000000,0.00758000,0.00762000,0.00754000,0.00757000,25578112.00000000,1768741199999999,194045.88746000,1096,15449531.00000000,117217.54309000,0
1768741200000000,0.00757000,0.00759000,0.00752000,0.00755000,40290039.00000000,1768744799999999,304431.89613000,1793,17058633.00000000,128993.66473000,0
1768744800000000,0.00755000,0.00762000,0.00749000,0.00753000,39590474.00000000,1768748399999999,299316.72462000,2623,23338494.00000000,176473.09335000,0
1768748400000000,0.00752000,0.00759000,0.00750000,0.00758000,31057981.00000000,1768751999999999,234429.76421000,2023,16565152.00000000,125020.95792000,0
1768752000000000,0.00758000,0.00762000,0.00752000,0.00753000,39527997.00000000,1768755599999999,299554.46397000,2449,19202404.00000000,145585.38020000,0
1768755600000000,0.00753000,0.00756000,0.00749000,0.00755000,25624618.00000000,1768759199999999,192842.68113000,1958,15908461.00000000,119741.23618000,0
1768759200000000,0.00755000,0.00762000,0.00753000,0.00759000,22580658.00000000,1768762799999999,171201.36253000,1857,13727680.00000000,104072.51051000,0
1768762800000000,0.00759000,0.00762000,0.00750000,0.00753000,18832346.00000000,1768766399999999,142234.20958000,1030,10008200.00000000,75583.78930000,0
1768766400000000,0.00753000,0.00761000,0.00751000,0.00756000,11136045.00000000,1768769999999999,84143.69643000,846,4801380.00000000,36301.04653000,0
1768770000000000,0.00757000,0.00763000,0.00756000,0.00760000,11873939.00000000,1768773599999999,90134.14954000,973,7391119.00000000,56104.17070000,0
1768773600000000,0.00761000,0.00763000,0.00758000,0.00762000,18871172.00000000,1768777199999999,143587.84640000,1443,10772906.00000000,81989.53277000,0
1768777200000000,0.00762000,0.00762000,0.00715000,0.00716000,170438310.00000000,1768780799999999,1248145.57955000,10205,90127639.00000000,659619.31001000,0
1768780800000000,0.00716000,0.00716000,0.00634000,0.00672000,563791429.00000000,1768784399999999,3778901.12323000,29240,298454803.00000000,2001802.05744000,0
1768784400000000,0.00672000,0.00678000,0.00668000,0.00672000,62366512.00000000,1768787999999999,419870.64699000,4466,28624716.00000000,192789.28511000,0
1768788000000000,0.00671000,0.00680000,0.00670000,0.00677000,21748367.00000000,1768791599999999,147025.69811000,1816,13092882.00000000,88538.82810000,0
1768791600000000,0.00677000,0.00686000,0.00675000,0.00683000,34175694.00000000,1768795199999999,232371.98207000,1951,18129733.00000000,123394.23995000,0
1768795200000000,0.00683000,0.00684000,0.00671000,0.00671000,37387082.00000000,1768798799999999,253404.52744000,2115,16694604.00000000,113329.66736000,0
1768798800000000,0.00672000,0.00676000,0.00665000,0.00670000,84443033.00000000,1768802399999999,566084.78866000,3608,51061208.00000000,342385.98412000,0
1768802400000000,0.00669000,0.00671000,0.00663000,0.00665000,68839574.00000000,1768805999999999,459572.73629000,2238,34103907.00000000,227951.89744000,0
1768806000000000,0.00664000,0.00669000,0.00663000,0.00668000,33617179.00000000,1768809599999999,224068.48568000,1695,19835209.00000000,132227.94519000,0
1768809600000000,0.00667000,0.00677000,0.00663000,0.00676000,64485205.00000000,1768813199999999,432957.01706000,2615,37973543.00000000,255212.93550000,0
1768813200000000,0.00675000,0.00676000,0.00667000,0.00668000,34661138.00000000,1768816799999999,232787.07092000,1693,18094681.00000000,121560.47700000,0
1768816800000000,0.00668000,0.00668000,0.00664000,0.00668000,20809328.00000000,1768820399999999,138658.23683000,1077,13842686.00000000,92252.79541000,0
1768820400000000,0.00668000,0.00670000,0.00664000,0.00664000,28207384.00000000,1768823999999999,188198.83987000,1133,18173503.00000000,121281.52633000,0
1768824000000000,0.00664000,0.00665000,0.00659000,0.00660000,37835285.00000000,1768827599999999,250320.78503000,1754,22350913.00000000,147903.52224000,0
1768827600000000,0.00661000,0.00665000,0.00657000,0.00658000,34607562.00000000,1768831199999999,228785.67205000,1606,19206587.00000000,126991.78662000,0
1768831200000000,0.00658000,0.00667000,0.00657000,0.00662000,42560798.00000000,1768834799999999,282335.67808000,1665,25537810.00000000,169391.09914000,0
1768834800000000,0.00663000,0.00665000,0.00659000,0.00662000,23558109.00000000,1768838399999999,155928.84909000,1191,13421560.00000000,88864.96932000,0
1768838400000000,0.00662000,0.00671000,0.00659000,0.00671000,23351799.00000000,1768841999999999,155033.88338000,1601,13376368.00000000,88901.06024000,0
1768842000000000,0.00671000,0.00673000,0.00668000,0.00671000,27396509.00000000,1768845599999999,183478.58421000,994,13221076.00000000,88559.46355000,0
1768845600000000,0.00671000,0.00673000,0.00667000,0.00672000,14499002.00000000,1768849199999999,97117.15806000,800,8851146.00000000,59297.76357000,0
1768849200000000,0.00672000,0.00682000,0.00672000,0.00677000,25423308.00000000,1768852799999999,172193.88559000,1392,12965851.00000000,87845.23614000,0
1768852800000000,0.00678000,0.00679000,0.00674000,0.00679000,16796798.00000000,1768856399999999,113706.76274000,975,10323636.00000000,69918.63013000,0
1768856400000000,0.00679000,0.00681000,0.00670000,0.00673000,22034029.00000000,1768859999999999,148646.31258000,1000,9663249.00000000,65198.49072000,0
1768860000000000,0.00672000,0.00675000,0.00663000,0.00664000,24059640.00000000,1768863599999999,161341.69296000,1243,13218068.00000000,88659.21631000,0
1768863600000000,0.00664000,0.00672000,0.00662000,0.00668000,38162552.00000000,1768867199999999,254546.67534000,1829,23330878.00000000,155768.75037000,0
1768867200000000,0.00667000,0.00670000,0.00665000,0.00667000,33105312.00000000,1768870799999999,221046.31500000,1480,19551598.00000000,130575.57478000,0
1768870800000000,0.00666000,0.00670000,0.00662000,0.00664000,18576377.00000000,1768874399999999,123565.19066000,1229,7097109.00000000,47190.28923000,0
1768874400000000,0.00664000,0.00677000,0.00662000,0.00675000,29532963.00000000,1768877999999999,197873.00836000,1721,15879312.00000000,106495.45826000,0
1768878000000000,0.00676000,0.00678000,0.00666000,0.00670000,31914625.00000000,1768881599999999,214628.21054000,1774,14088174.00000000,94761.64117000,0
1768881600000000,0.00670000,0.00676000,0.00663000,0.00671000,40225409.00000000,1768885199999999,269421.16752000,2081,23035560.00000000,154373.70598000,0
1768885200000000,0.00670000,0.00674000,0.00664000,0.00668000,43244391.00000000,1768888799999999,289398.43546000,2710,21989157.00000000,147150.14008000,0
1768888800000000,0.00668000,0.00669000,0.00656000,0.00663000,50311312.00000000,1768892399999999,333516.86513000,3101,24750126.00000000,164274.81181000,0
1768892400000000,0.00663000,0.00669000,0.00656000,0.00657000,42337884.00000000,1768895999999999,280701.24123000,1997,21105685.00000000,140103.48244000,0
1768896000000000,0.00657000,0.00658000,0.00649000,0.00655000,43067732.00000000,1768899599999999,281295.81799000,2473,20596163.00000000,134595.54899000,0
1768899600000000,0.00655000,0.00660000,0.00653000,0.00660000,22848244.00000000,1768903199999999,149695.50751000,1366,10377938.00000000,68037.67676000,0
1768903200000000,0.00660000,0.00670000,0.00659000,0.00665000,62493878.00000000,1768906799999999,416531.71311000,2941,38139831.00000000,254324.68244000,0
1768906800000000,0.00665000,0.00665000,0.00652000,0.00652000,29438078.00000000,1768910399999999,194085.29091000,1769,11005441.00000000,72526.21231000,0
1768910400000000,0.00652000,0.00681000,0.00652000,0.00680000,93372855.00000000,1768913999999999,627076.26443000,4286,57777948.00000000,388183.63346000,0
1768914000000000,0.00679000,0.00680000,0.00652000,0.00653000,48703523.00000000,1768917599999999,323615.87920000,2565,20250735.00000000,134480.91233000,0
1768917600000000,0.00653000,0.00664000,0.00651000,0.00655000,53784098.00000000,1768921199999999,352375.91038000,3303,22135277.00000000,145135.61358000,0
1768921200000000,0.00655000,0.00656000,0.00644000,0.00649000,52714577.00000000,1768924799999999,341607.65263000,3832,22589359.00000000,146396.04392000,0
1768924800000000,0.00649000,0.00653000,0.00637000,0.00641000,51167482.00000000,1768928399999999,329762.74209000,3408,20948802.00000000,134992.06646000,0
1768928400000000,0.00641000,0.00647000,0.00632000,0.00635000,49423685.00000000,1768931999999999,315544.54759000,3292,23650016.00000000,150935.00909000,0
1768932000000000,0.00636000,0.00639000,0.00632000,0.00635000,41065274.00000000,1768935599999999,261108.78799000,1824,17236731.00000000,109561.12340000,0
1768935600000000,0.00636000,0.00641000,0.00636000,0.00637000,31956721.00000000,1768939199999999,204064.37624000,2028,15082021.00000000,96357.85547000,0
1768939200000000,0.00637000,0.00643000,0.00634000,0.00643000,22826109.00000000,1768942799999999,146099.81257000,1908,11977710.00000000,76683.11100000,0
1768942800000000,0.00643000,0.00644000,0.00635000,0.00637000,18809062.00000000,1768946399999999,120128.47957000,1609,7862614.00000000,50228.85178000,0
1768946400000000,0.00637000,0.00638000,0.00623000,0.00630000,49069032.00000000,1768949999999999,309504.61657000,3598,16590926.00000000,104555.87629000,0
1768950000000000,0.00631000,0.00632000,0.00626000,0.00629000,20401330.00000000,1768953599999999,128320.34569000,1757,7338218.00000000,46170.55986000,0
1768953600000000,0.00629000,0.00641000,0.00628000,0.00641000,39360567.00000000,1768957199999999,249164.67528000,2491,24700197.00000000,156348.44732000,0
1768957200000000,0.00641000,0.00645000,0.00640000,0.00643000,20704702.00000000,1768960799999999,133019.63501000,1536,8222418.00000000,52852.07774000,0
1768960800000000,0.00644000,0.00654000,0.00643000,0.00652000,35437544.00000000,1768964399999999,230277.02978000,2299,19334199.00000000,125678.15966000,0
1768964400000000,0.00653000,0.00659000,0.00650000,0.00651000,26117948.00000000,1768967999999999,171055.84021000,1640,13177808.00000000,86316.24742000,0
1768968000000000,0.00652000,0.00653000,0.00644000,0.00645000,11401417.00000000,1768971599999999,73945.94024000,940,3896043.00000000,25283.87139000,0
1768971600000000,0.00645000,0.00648000,0.00644000,0.00644000,14032349.00000000,1768975199999999,90591.14643000,906,8729117.00000000,56365.30912000,0
1768975200000000,0.00644000,0.00646000,0.00639000,0.00639000,16985408.00000000,1768978799999999,109120.70024000,1013,7263824.00000000,46676.69947000,0
1768978800000000,0.00639000,0.00643000,0.00637000,0.00639000,11827666.00000000,1768982399999999,75684.84296000,885,3717418.00000000,23782.44898000,0
1768982400000000,0.00639000,0.00643000,0.00635000,0.00639000,16936284.00000000,1768985999999999,108190.92267000,1046,6354502.00000000,40601.67061000,0
1768986000000000,0.00639000,0.00645000,0.00637000,0.00642000,17879217.00000000,1768989599999999,114661.91717000,984,9265421.00000000,59434.58649000,0
1768989600000000,0.00642000,0.00648000,0.00638000,0.00638000,26056737.00000000,1768993199999999,167224.46431000,1271,12914900.00000000,82966.46485000,0
1768993200000000,0.00638000,0.00641000,0.00630000,0.00632000,13209605.00000000,1768996799999999,84091.94295000,708,4727474.00000000,30158.00577000,0
1768996800000000,0.00631000,0.00633000,0.00620000,0.00633000,36719021.00000000,1769000399999999,229699.08872000,2030,17221030.00000000,107750.99109000,0
1769000400000000,0.00633000,0.00637000,0.00625000,0.00627000,22968379.00000000,1769003999999999,144916.25482000,1348,10661347.00000000,67313.85524000,0
1769004000000000,0.00627000,0.00647000,0.00625000,0.00645000,42853316.00000000,1769007599999999,273542.02551000,2720,22081750.00000000,141104.42103000,0
1769007600000000,0.00645000,0.00652000,0.00642000,0.00651000,41881017.00000000,1769011199999999,270863.44590000,1655,14376075.00000000,93100.29976000,0
1769011200000000,0.00651000,0.00653000,0.00623000,0.00625000,31989054.00000000,1769014799999999,204003.09145000,3005,16599263.00000000,106301.93252000,0
1769014800000000,0.00625000,0.00633000,0.00619000,0.00628000,61626346.00000000,1769018399999999,385620.23931000,5891,28629518.00000000,179079.39399000,0
1769018400000000,0.00628000,0.00637000,0.00625000,0.00635000,35106814.00000000,1769021999999999,221616.77803000,2919,18178088.00000000,114778.32606000,0
1769022000000000,0.00635000,0.00666000,0.00631000,0.00666000,80999536.00000000,1769025599999999,527049.10558000,5471,43468662.00000000,282112.76853000,0
1769025600000000,0.00665000,0.00668000,0.00655000,0.00666000,46547104.00000000,1769029199999999,307754.60404000,1979,29151914.00000000,192839.82847000,0
1769029200000000,0.00667000,0.00669000,0.00663000,0.00666000,20245605.00000000,1769032799999999,134693.68028000,1298,9700290.00000000,64586.59480000,0
1769032800000000,0.00665000,0.00668000,0.00656000,0.00659000,19551288.00000000,1769036399999999,129353.28243000,1020,6023125.00000000,39827.74968000,0
1769036400000000,0.00659000,0.00660000,0.00647000,0.00649000,26553476.00000000,1769039999999999,173355.47967000,1104,8789045.00000000,57618.41543000,0
1769040000000000,0.00650000,0.00660000,0.00649000,0.00656000,15673925.00000000,1769043599999999,102462.23404000,1072,9714668.00000000,63527.85293000,0
1769043600000000,0.00657000,0.00674000,0.00655000,0.00672000,54387919.00000000,1769047199999999,362241.32321000,2201,30196157.00000000,201139.60810000,0
1769047200000000,0.00672000,0.00675000,0.00668000,0.00669000,35689378.00000000,1769050799999999,239447.62594000,1607,19653170.00000000,131894.54846000,0
1769050800000000,0.00669000,0.00672000,0.00662000,0.00667000,15163180.00000000,1769054399999999,101250.73838000,925,7405999.00000000,49479.27681000,0
1769054400000000,0.00666000,0.00678000,0.00666000,0.00674000,39216722.00000000,1769057999999999,263868.42268000,1860,19293510.00000000,129751.29583000,0
1769058000000000,0.00674000,0.00685000,0.00666000,0.00668000,59579646.00000000,1769061599999999,402385.55248000,2376,28709033.00000000,194019.84546000,0
1769061600000000,0.00668000,0.00669000,0.00657000,0.00660000,33749255.00000000,1769065199999999,223498.05814000,1475,14605392.00000000,96706.48512000,0
1769065200000000,0.00660000,0.00662000,0.00653000,0.00657000,18744519.00000000,1769068799999999,123183.58981000,841,9656585.00000000,63446.68091000,0
1769068800000000,0.00658000,0.00660000,0.00652000,0.00658000,20903684.00000000,1769072399999999,137153.85473000,955,11719977.00000000,76922.07632000,0
1769072400000000,0.00658000,0.00663000,0.00657000,0.00661000,16884419.00000000,1769075999999999,111364.74813000,912,8595851.00000000,56710.62973000,0
1769076000000000,0.00661000,0.00662000,0.00655000,0.00655000,22639974.00000000,1769079599999999,149220.15949000,852,6045167.00000000,39781.53951000,0
1769079600000000,0.00655000,0.00655000,0.00649000,0.00651000,8340808.00000000,1769083199999999,54317.69719000,565,3299942.00000000,21486.35658000,0
1769083200000000,0.00651000,0.00652000,0.00647000,0.00647000,13355197.00000000,1769086799999999,86617.09789000,575,6421146.00000000,41660.45950000,0
1769086800000000,0.00647000,0.00652000,0.00643000,0.00646000,20483609.00000000,1769090399999999,132494.92949000,1095,10787669.00000000,69819.27360000,0
1769090400000000,0.00645000,0.00646000,0.00633000,0.00635000,37560333.00000000,1769093999999999,240268.67851000,2128,18661660.00000000,119375.44856000,0
1769094000000000,0.00635000,0.00642000,0.00628000,0.00637000,25598243.00000000,1769097599999999,162533.11622000,2022,12730661.00000000,80932.63316000,0
1769097600000000,0.00636000,0.00647000,0.00636000,0.00645000,16457287.00000000,1769101199999999,105466.81180000,1072,7922112.00000000,50776.22385000,0
1769101200000000,0.00645000,0.00646000,0.00638000,0.00645000,12781455.00000000,1769104799999999,82141.19572000,801,5981904.00000000,38435.20111000,0
1769104800000000,0.00644000,0.00645000,0.00637000,0.00638000,12689246.00000000,1769108399999999,81381.19627000,754,6626890.00000000,42512.06638000,0
1769108400000000,0.00637000,0.00639000,0.00630000,0.00635000,73548195.00000000,1769111999999999,465878.54369000,1936,16214336.00000000,102829.47771000,0
1769112000000000,0.00634000,0.00635000,0.00627000,0.00630000,27438668.00000000,1769115599999999,173217.26432000,1409,13096341.00000000,82715.16178000,0
1769115600000000,0.00631000,0.00634000,0.00629000,0.00632000,10905139.00000000,1769119199999999,68896.66505000,536,4896835.00000000,30958.19283000,0
1769119200000000,0.00632000,0.00636000,0.00629000,0.00631000,19083128.00000000,1769122799999999,120615.62212000,997,8608660.00000000,54420.01247000,0
1769122800000000,0.00630000,0.00636000,0.00627000,0.00635000,20490671.00000000,1769126399999999,129400.61241000,993,13133055.00000000,82942.81485000,0
1769126400000000,0.00636000,0.00643000,0.00632000,0.00640000,50713220.00000000,1769129999999999,324592.62868000,2224,28621022.00000000,183163.13252000,0
1769130000000000,0.00640000,0.00652000,0.00640000,0.00651000,27531080.00000000,1769133599999999,177840.33860000,1774,15210024.00000000,98233.40521000,0
1769133600000000,0.00652000,0.00653000,0.00646000,0.00647000,24120600.00000000,1769137199999999,156386.39778000,1290,11475812.00000000,74454.18391000,0
1769137200000000,0.00646000,0.00658000,0.00644000,0.00652000,33692413.00000000,1769140799999999,219880.55585000,1993,19806325.00000000,129233.43022000,0
1769140800000000,0.00651000,0.00665000,0.00651000,0.00662000,37172138.00000000,1769144399999999,244483.55506000,2251,22828945.00000000,150093.14122000,0
1769144400000000,0.00661000,0.00661000,0.00650000,0.00653000,37631204.00000000,1769147999999999,246831.13657000,1673,16714781.00000000,109588.13742000,0
1769148000000000,0.00652000,0.00655000,0.00646000,0.00648000,17589160.00000000,1769151599999999,114345.46923000,1139,8140322.00000000,52940.66454000,0
1769151600000000,0.00648000,0.00650000,0.00646000,0.00648000,9042688.00000000,1769155199999999,58629.70822000,547,4461168.00000000,28930.90843000,0
1769155200000000,0.00647000,0.00650000,0.00641000,0.00642000,21271472.00000000,1769158799999999,137088.99208000,1116,10332950.00000000,66653.32888000,0
1769158800000000,0.00642000,0.00647000,0.00641000,0.00644000,11965497.00000000,1769162399999999,77043.29056000,875,5061598.00000000,32620.25534000,0
1769162400000000,0.00644000,0.00646000,0.00639000,0.00641000,13900642.00000000,1769165999999999,89289.26541000,759,6802746.00000000,43713.26078000,0
1769166000000000,0.00640000,0.00644000,0.00640000,0.00642000,11800454.00000000,1769169599999999,75717.61519000,686,5922753.00000000,38024.30175000,0
1769169600000000,0.00643000,0.00644000,0.00640000,0.00641000,11567106.00000000,1769173199999999,74255.79854000,624,5073264.00000000,32567.27489000,0
1769173200000000,0.00640000,0.00647000,0.00639000,0.00644000,14987888.00000000,1769176799999999,96443.25124000,765,9222923.00000000,59347.14406000,0
1769176800000000,0.00643000,0.00644000,0.00625000,0.00632000,85190709.00000000,1769180399999999,539604.86919000,3851,34273976.00000000,217303.94099000,0
1769180400000000,0.00633000,0.00646000,0.00628000,0.00643000,51750377.00000000,1769183999999999,329516.21723000,3460,28916595.00000000,184220.62684000,0
1769184000000000,0.00643000,0.00648000,0.00634000,0.00644000,54758339.00000000,1769187599999999,351808.32115000,2458,25864003.00000000,165931.03876000,0
1769187600000000,0.00644000,0.00659000,0.00638000,0.00648000,56546153.00000000,1769191199999999,367498.56009000,2657,31895468.00000000,207005.55570000,0
1769191200000000,0.00648000,0.00654000,0.00646000,0.00649000,33843422.00000000,1769194799999999,220486.07238000,1802,22798053.00000000,148596.89659000,0
1769194800000000,0.00648000,0.00648000,0.00633000,0.00636000,36679655.00000000,1769198399999999,234243.89017000,2385,17271328.00000000,110275.00103000,0
1769198400000000,0.00636000,0.00638000,0.00627000,0.00630000,40572815.00000000,1769201999999999,256407.59846000,2186,20339782.00000000,128650.14246000,0
1769202000000000,0.00631000,0.00636000,0.00630000,0.00632000,17163349.00000000,1769205599999999,108824.67448000,1120,7537511.00000000,47804.23806000,0
1769205600000000,0.00632000,0.00639000,0.00631000,0.00639000,18383199.00000000,1769209199999999,116880.81288000,1122,9594225.00000000,61029.27457000,0
1769209200000000,0.00638000,0.00638000,0.00633000,0.00637000,6927152.00000000,1769212799999999,44025.99445000,488,3688182.00000000,23445.25407000,0
1769212800000000,0.00637000,0.00639000,0.00632000,0.00632000,19327596.00000000,1769216399999999,122757.04142000,1167,11724010.00000000,74402.68845000,0
1769216400000000,0.00632000,0.00635000,0.00629000,0.00633000,12311920.00000000,1769219999999999,77777.69077000,788,7182574.00000000,45391.84370000,0
1769220000000000,0.00634000,0.00635000,0.00631000,0.00632000,10849626.00000000,1769223599999999,68733.48988000,600,5927666.00000000,37558.82256000,0
1769223600000000,0.00632000,0.00636000,0.00631000,0.00632000,17101101.00000000,1769227199999999,108356.05797000,813,12159115.00000000,77064.54489000,0
1769227200000000,0.00632000,0.00633000,0.00630000,0.00631000,8961016.00000000,1769230799999999,56632.63433000,476,4868492.00000000,30775.79607000,0
1769230800000000,0.00632000,0.00632000,0.00629000,0.00632000,9755632.00000000,1769234399999999,61528.54679000,586,5010785.00000000,31602.18032000,0
1769234400000000,0.00632000,0.00637000,0.00632000,0.00636000,10225761.00000000,1769237999999999,64971.21114000,632,5713767.00000000,36298.46066000,0
1769238000000000,0.00636000,0.00637000,0.00633000,0.00633000,13829465.00000000,1769241599999999,87907.76923000,668,6460426.00000000,41075.78232000,0
1769241600000000,0.00634000,0.00639000,0.00633000,0.00638000,11512189.00000000,1769245199999999,73133.50528000,608,5550941.00000000,35259.26918000,0
1769245200000000,0.00638000,0.00638000,0.00631000,0.00632000,10227144.00000000,1769248799999999,64839.59935000,450,2650567.00000000,16822.68403000,0
1769248800000000,0.00632000,0.00636000,0.00631000,0.00635000,10838734.00000000,1769252399999999,68691.56422000,580,7101100.00000000,45025.56638000,0
1769252400000000,0.00635000,0.00636000,0.00633000,0.00636000,5162799.00000000,1769255999999999,32772.83954000,366,2843590.00000000,18053.90061000,0
1769256000000000,0.00637000,0.00638000,0.00635000,0.00636000,9343877.00000000,1769259599999999,59520.57284000,443,3913125.00000000,24929.11622000,0
1769259600000000,0.00636000,0.00637000,0.00629000,0.00629000,21325300.00000000,1769263199999999,134827.40551000,654,8742681.00000000,55317.06641000,0
1769263200000000,0.00629000,0.00634000,0.00626000,0.00631000,28371483.00000000,1769266799999999,178613.55825000,1174,11667310.00000000,73523.09865000,0
1769266800000000,0.00632000,0.00634000,0.00624000,0.00625000,24090579.00000000,1769270399999999,151230.74445000,1043,9486010.00000000,59603.34831000,0
1769270400000000,0.00624000,0.00628000,0.00620000,0.00626000,26222272.00000000,1769273999999999,163551.47722000,1173,12743262.00000000,79493.97660000,0
1769274000000000,0.00626000,0.00628000,0.00623000,0.00625000,15501398.00000000,1769277599999999,96940.23857000,732,6326091.00000000,39601.86133000,0
1769277600000000,0.00626000,0.00627000,0.00622000,0.00623000,13146005.00000000,1769281199999999,82041.26611000,593,5845923.00000000,36495.42027000,0
1769281200000000,0.00623000,0.00624000,0.00620000,0.00621000,28961654.00000000,1769284799999999,179999.15212000,930,18587687.00000000,115545.30613000,0
1769284800000000,0.00621000,0.00624000,0.00620000,0.00622000,23421982.00000000,1769288399999999,145604.57708000,922,14590771.00000000,90685.77995000,0
1769288400000000,0.00621000,0.00624000,0.00620000,0.00622000,9721362.00000000,1769291999999999,60422.30478000,525,5281416.00000000,32834.95163000,0
1769292000000000,0.00622000,0.00625000,0.00620000,0.00623000,14571181.00000000,1769295599999999,90702.94760000,831,5693968.00000000,35461.71417000,0
1769295600000000,0.00623000,0.00625000,0.00622000,0.00622000,11339128.00000000,1769299199999999,70690.93851000,528,7977879.00000000,49743.59517000,0
1769299200000000,0.00623000,0.00625000,0.00620000,0.00622000,20296830.00000000,1769302799999999,126352.75654000,1064,10448146.00000000,65036.81469000,0
1769302800000000,0.00623000,0.00623000,0.00615000,0.00618000,24148763.00000000,1769306399999999,149347.39919000,1009,8403083.00000000,52019.32328000,0
1769306400000000,0.00617000,0.00623000,0.00616000,0.00619000,16733597.00000000,1769309999999999,103749.02207000,732,9320520.00000000,57818.00253000,0
1769310000000000,0.00619000,0.00621000,0.00613000,0.00615000,11558829.00000000,1769313599999999,71189.35500000,654,6304144.00000000,38837.08634000,0
1769313600000000,0.00614000,0.00619000,0.00611000,0.00616000,19702720.00000000,1769317199999999,121032.99987000,737,14501489.00000000,89065.95849000,0
1769317200000000,0.00616000,0.00617000,0.00613000,0.00617000,4926671.00000000,1769320799999999,30302.31556000,353,1737690.00000000,10691.08504000,0
1769320800000000,0.00616000,0.00617000,0.00614000,0.00614000,15752239.00000000,1769324399999999,96914.52956000,606,6401483.00000000,39406.31859000,0
1769324400000000,0.00614000,0.00616000,0.00611000,0.00614000,12263774.00000000,1769327999999999,75307.76709000,576,5917508.00000000,36355.87633000,0
1769328000000000,0.00614000,0.00617000,0.00610000,0.00614000,22458591.00000000,1769331599999999,137554.83387000,963,8729814.00000000,53486.97403000,0
1769331600000000,0.00614000,0.00623000,0.00613000,0.00620000,17644657.00000000,1769335199999999,109126.44172000,882,8258040.00000000,51057.63198000,0
1769335200000000,0.00620000,0.00625000,0.00620000,0.00621000,19192190.00000000,1769338799999999,119496.93450000,928,9317574.00000000,58028.48024000,0
1769338800000000,0.00621000,0.00621000,0.00615000,0.00616000,11229585.00000000,1769342399999999,69458.43791000,561,4247718.00000000,26283.31020000,0
1769342400000000,0.00616000,0.00616000,0.00609000,0.00613000,25243641.00000000,1769345999999999,154430.82803000,1031,12985779.00000000,79440.51077000,0
1769346000000000,0.00613000,0.00617000,0.00611000,0.00614000,30709800.00000000,1769349599999999,188462.80322000,1118,15806045.00000000,97050.41506000,0
1769349600000000,0.00614000,0.00615000,0.00605000,0.00610000,35108992.00000000,1769353199999999,213656.89216000,1675,14732178.00000000,89652.00388000,0
1769353200000000,0.00609000,0.00613000,0.00607000,0.00609000,23935449.00000000,1769356799999999,145860.23710000,1174,10863306.00000000,66221.28393000,0
1769356800000000,0.00608000,0.00608000,0.00594000,0.00600000,68910853.00000000,1769360399999999,413104.26028000,4210,32926484.00000000,197444.47899000,0
1769360400000000,0.00601000,0.00602000,0.00597000,0.00598000,19393528.00000000,1769363999999999,116337.16578000,1257,9368346.00000000,56224.89118000,0
1769364000000000,0.00597000,0.00599000,0.00587000,0.00593000,55587318.00000000,1769367599999999,328946.89340000,2547,25408695.00000000,150409.95733000,0
1769367600000000,0.00592000,0.00595000,0.00575000,0.00579000,73496945.00000000,1769371199999999,429567.87753000,3271,33732305.00000000,197287.02323000,0
1769371200000000,0.00578000,0.00587000,0.00577000,0.00586000,40627039.00000000,1769374799999999,236195.42202000,2121,21691241.00000000,126155.27652000,0
1769374800000000,0.00586000,0.00592000,0.00586000,0.00589000,31144392.00000000,1769378399999999,183585.97010000,1738,16186250.00000000,95454.98132000,0
1769378400000000,0.00589000,0.00591000,0.00586000,0.00588000,9797892.00000000,1769381999999999,57654.16057000,740,5236184.00000000,30816.12623000,0
1769382000000000,0.00589000,0.00595000,0.00586000,0.00594000,15666097.00000000,1769385599999999,92794.69673000,987,6925832.00000000,41038.27986000,0
1769385600000000,0.00595000,0.00600000,0.00591000,0.00597000,20249097.00000000,1769389199999999,120547.55405000,1077,8294563.00000000,49387.84429000,0
1769389200000000,0.00598000,0.00608000,0.00598000,0.00606000,29190791.00000000,1769392799999999,176490.38330000,1760,11595429.00000000,70132.00541000,0
1769392800000000,0.00607000,0.00607000,0.00602000,0.00604000,14456037.00000000,1769396399999999,87366.16355000,873,5532856.00000000,33447.06329000,0
1769396400000000,0.00605000,0.00608000,0.00598000,0.00600000,11379895.00000000,1769399999999999,68637.85862000,649,4576757.00000000,27614.97507000,0
1769400000000000,0.00600000,0.00607000,0.00600000,0.00604000,10710582.00000000,1769403599999999,64676.82192000,685,7264945.00000000,43868.47537000,0
1769403600000000,0.00604000,0.00605000,0.00601000,0.00603000,10548473.00000000,1769407199999999,63655.89146000,459,6365343.00000000,38426.32090000,0
1769407200000000,0.00603000,0.00614000,0.00602000,0.00613000,25243870.00000000,1769410799999999,153182.52876000,1198,17625417.00000000,106848.64148000,0
1769410800000000,0.00614000,0.00617000,0.00610000,0.00612000,31581961.00000000,1769414399999999,193859.91049000,1762,15618218.00000000,95880.55470000,0
1769414400000000,0.00612000,0.00618000,0.00610000,0.00611000,18701430.00000000,1769417999999999,114740.97875000,1203,7443979.00000000,45693.63545000,0
1769418000000000,0.00611000,0.00611000,0.00604000,0.00605000,16953079.00000000,1769421599999999,102829.69532000,1042,5483791.00000000,33276.02131000,0
1769421600000000,0.00606000,0.00610000,0.00606000,0.00608000,11423848.00000000,1769425199999999,69454.58136000,629,3924203.00000000,23866.73919000,0
1769425200000000,0.00608000,0.00610000,0.00606000,0.00607000,6906810.00000000,1769428799999999,41987.29496000,522,3135686.00000000,19076.35130000,0
1769428800000000,0.00608000,0.00610000,0.00605000,0.00607000,5477542.00000000,1769432399999999,33265.13476000,470,2974215.00000000,18071.70445000,0
1769432400000000,0.00607000,0.00610000,0.00607000,0.00608000,6953334.00000000,1769435999999999,42306.92118000,533,4604555.00000000,28019.69317000,0
1769436000000000,0.00608000,0.00616000,0.00603000,0.00610000,30449024.00000000,1769439599999999,185308.86518000,1704,13572527.00000000,82681.57805000,0
1769439600000000,0.00611000,0.00617000,0.00603000,0.00609000,28424304.00000000,1769443199999999,173696.85907000,1958,15220660.00000000,93141.15617000,0
1769443200000000,0.00609000,0.00612000,0.00604000,0.00607000,24747256.00000000,1769446799999999,150540.63263000,1642,14091289.00000000,85744.41867000,0
1769446800000000,0.00607000,0.00610000,0.00601000,0.00609000,21341169.00000000,1769450399999999,129174.85814000,1231,10850815.00000000,65770.74969000,0
1769450400000000,0.00609000,0.00613000,0.00607000,0.00610000,20919197.00000000,1769453999999999,127381.91312000,1061,9223371.00000000,56153.40938000,0
1769454000000000,0.00610000,0.00613000,0.00606000,0.00607000,7874415.00000000,1769457599999999,48025.99036000,615,4462855.00000000,27230.36654000,0
1769457600000000,0.00606000,0.00608000,0.00601000,0.00602000,12600557.00000000,1769461199999999,76064.93936000,676,5352837.00000000,32305.22212000,0
1769461200000000,0.00602000,0.00613000,0.00601000,0.00610000,16260638.00000000,1769464799999999,99186.77333000,916,11072361.00000000,67570.10497000,0
1769464800000000,0.00610000,0.00612000,0.00607000,0.00607000,11588532.00000000,1769468399999999,70630.66373000,668,6282148.00000000,38293.73595000,0
1769468400000000,0.00607000,0.00610000,0.00604000,0.00605000,10463344.00000000,1769471999999999,63480.86488000,623,5290611.00000000,32094.64986000,0
1769472000000000,0.00605000,0.00609000,0.00604000,0.00608000,8845176.00000000,1769475599999999,53594.26926000,638,4573376.00000000,27709.41767000,0
1769475600000000,0.00607000,0.00612000,0.00604000,0.00610000,14375975.00000000,1769479199999999,87437.95154000,831,8222417.00000000,50041.89525000,0
1769479200000000,0.00611000,0.00613000,0.00608000,0.00608000,12251100.00000000,1769482799999999,74714.21498000,702,6097590.00000000,37158.69476000,0
1769482800000000,0.00608000,0.00609000,0.00603000,0.00604000,14702718.00000000,1769486399999999,89043.91572000,659,8113295.00000000,49131.56614000,0
1769486400000000,0.00604000,0.00607000,0.00601000,0.00604000,12552104.00000000,1769489999999999,75763.06279000,494,4531154.00000000,27372.31297000,0
1769490000000000,0.00604000,0.00604000,0.00602000,0.00604000,6471429.00000000,1769493599999999,39016.06174000,502,4027184.00000000,24280.28432000,0
1769493600000000,0.00604000,0.00604000,0.00601000,0.00601000,5860308.00000000,1769497199999999,35322.12241000,369,3321590.00000000,20031.76659000,0
1769497200000000,0.00602000,0.00605000,0.00601000,0.00604000,8051687.00000000,1769500799999999,48519.42782000,464,4359850.00000000,26274.93893000,0
1769500800000000,0.00604000,0.00605000,0.00599000,0.00602000,13565305.00000000,1769504399999999,81655.09398000,708,7360863.00000000,44322.15852000,0
1769504400000000,0.00602000,0.00603000,0.00597000,0.00598000,16231344.00000000,1769507999999999,97363.07498000,762,9517122.00000000,57107.34704000,0
1769508000000000,0.00598000,0.00602000,0.00598000,0.00600000,8126033.00000000,1769511599999999,48752.97450000,568,3939003.00000000,23637.46443000,0
1769511600000000,0.00601000,0.00603000,0.00600000,0.00601000,9441669.00000000,1769515199999999,56739.03868000,528,3633002.00000000,21844.32390000,0
1769515200000000,0.00600000,0.00601000,0.00596000,0.00598000,5280088.00000000,1769518799999999,31602.13248000,398,2224330.00000000,13317.45442000,0
1769518800000000,0.00598000,0.00599000,0.00594000,0.00595000,11134301.00000000,1769522399999999,66428.55166000,483,5857583.00000000,34943.74531000,0
1769522400000000,0.00595000,0.00602000,0.00593000,0.00594000,24041282.00000000,1769525999999999,143404.82911000,1279,11632802.00000000,69391.30888000,0
1769526000000000,0.00594000,0.00604000,0.00593000,0.00604000,9708243.00000000,1769529599999999,58050.19827000,851,5256069.00000000,31415.00618000,0
1769529600000000,0.00604000,0.00614000,0.00602000,0.00610000,35901872.00000000,1769533199999999,218787.70679000,2346,16519965.00000000,100811.61577000,0
1769533200000000,0.00610000,0.00610000,0.00593000,0.00596000,36454035.00000000,1769536799999999,218023.94223000,2120,16728959.00000000,100098.51926000,0
1769536800000000,0.00596000,0.00609000,0.00596000,0.00606000,10127743.00000000,1769540399999999,60826.78715000,850,6252054.00000000,37564.41374000,0
1769540400000000,0.00606000,0.00611000,0.00604000,0.00609000,8784717.00000000,1769543999999999,53392.37539000,778,4635021.00000000,28182.89935000,0
1769544000000000,0.00610000,0.00617000,0.00610000,0.00614000,19489351.00000000,1769547599999999,119579.94210000,1569,9243218.00000000,56711.53736000,0
1769547600000000,0.00615000,0.00616000,0.00607000,0.00607000,14091496.00000000,1769551199999999,86054.76374000,940,7508059.00000000,45843.10770000,0
1769551200000000,0.00608000,0.00613000,0.00607000,0.00610000,12460457.00000000,1769554799999999,75999.75038000,885,6073988.00000000,37055.23253000,0
1769554800000000,0.00609000,0.00610000,0.00606000,0.00607000,17684221.00000000,1769558399999999,107588.22966000,792,9094994.00000000,55341.94415000,0
1769558400000000,0.00608000,0.00610000,0.00602000,0.00606000,9103533.00000000,1769561999999999,55102.22336000,595,3648816.00000000,22104.16250000,0
1769562000000000,0.00606000,0.00606000,0.00600000,0.00602000,10835719.00000000,1769565599999999,65280.57740000,779,4929664.00000000,29699.27051000,0
1769565600000000,0.00602000,0.00606000,0.00601000,0.00606000,21624191.00000000,1769569199999999,130485.10151000,1399,13320511.00000000,80407.01872000,0
1769569200000000,0.00606000,0.00608000,0.00602000,0.00603000,19264328.00000000,1769572799999999,116511.45687000,1406,10945907.00000000,66206.29120000,0
1769572800000000,0.00602000,0.00603000,0.00598000,0.00600000,12232164.00000000,1769576399999999,73386.69827000,1084,6844575.00000000,41085.30392000,0
1769576400000000,0.00600000,0.00605000,0.00598000,0.00604000,8592305.00000000,1769579999999999,51692.56125000,751,5752206.00000000,34606.77298000,0
1769580000000000,0.00605000,0.00607000,0.00602000,0.00606000,13118630.00000000,1769583599999999,79322.63407000,844,7480251.00000000,45240.38874000,0
1769583600000000,0.00606000,0.00606000,0.00600000,0.00602000,12531067.00000000,1769587199999999,75461.02423000,792,4331176.00000000,26087.72488000,0
1769587200000000,0.00601000,0.00603000,0.00598000,0.00598000,11514747.00000000,1769590799999999,69156.57298000,654,4320714.00000000,25959.11745000,0
1769590800000000,0.00599000,0.00606000,0.00597000,0.00605000,7415472.00000000,1769594399999999,44696.23702000,560,4069069.00000000,24515.33572000,0
1769594400000000,0.00606000,0.00608000,0.00600000,0.00600000,31998107.00000000,1769597999999999,192489.67525000,856,20003213.00000000,120342.41477000,0
1769598000000000,0.00601000,0.00606000,0.00599000,0.00605000,16408248.00000000,1769601599999999,98669.50469000,951,6938410.00000000,41765.84341000,0
1769601600000000,0.00605000,0.00605000,0.00597000,0.00600000,17075483.00000000,1769605199999999,102591.27778000,844,9983993.00000000,60009.34781000,0
1769605200000000,0.00599000,0.00603000,0.00597000,0.00599000,13077253.00000000,1769608799999999,78471.20271000,783,6358525.00000000,38162.44287000,0
1769608800000000,0.00598000,0.00601000,0.00593000,0.00598000,11914666.00000000,1769612399999999,71080.81753000,831,6308288.00000000,37661.56955000,0
1769612400000000,0.00597000,0.00600000,0.00590000,0.00593000,27734836.00000000,1769615999999999,164904.92976000,1974,14109177.00000000,83923.31899000,0
1769616000000000,0.00593000,0.00594000,0.00589000,0.00591000,21513996.00000000,1769619599999999,127186.74999000,1349,11692097.00000000,69142.25734000,0
1769619600000000,0.00591000,0.00597000,0.00587000,0.00594000,36431812.00000000,1769623199999999,215352.50751000,1681,19821586.00000000,117290.66186000,0
1769623200000000,0.00593000,0.00594000,0.00588000,0.00592000,18404332.00000000,1769626799999999,108816.27958000,995,9203684.00000000,54440.65673000,0
1769626800000000,0.00591000,0.00595000,0.00587000,0.00594000,41986656.00000000,1769630399999999,248269.36810000,2011,23843729.00000000,140970.72266000,0
1769630400000000,0.00593000,0.00601000,0.00591000,0.00594000,18908279.00000000,1769633999999999,112748.98456000,1132,9582666.00000000,57142.59861000,0
1769634000000000,0.00594000,0.00601000,0.00589000,0.00598000,41741338.00000000,1769637599999999,248822.13727000,1994,20065296.00000000,119636.15715000,0
1769637600000000,0.00598000,0.00603000,0.00593000,0.00603000,27274270.00000000,1769641199999999,163314.39912000,1630,13428477.00000000,80455.59151000,0
1769641200000000,0.00603000,0.00604000,0.00594000,0.00595000,20579080.00000000,1769644799999999,123277.55238000,932,8559877.00000000,51347.81526000,0
1769644800000000,0.00595000,0.00597000,0.00585000,0.00589000,38059667.00000000,1769648399999999,224169.05641000,1384,16576816.00000000,97738.80409000,0
1769648400000000,0.00588000,0.00590000,0.00582000,0.00585000,22990668.00000000,1769651999999999,134707.51279000,1287,11502232.00000000,67392.86146000,0
1769652000000000,0.00585000,0.00587000,0.00574000,0.00578000,53759827.00000000,1769655599999999,311385.13745000,2497,27040100.00000000,156704.28160000,0
1769655600000000,0.00577000,0.00582000,0.00576000,0.00576000,22119381.00000000,1769659199999999,127949.03740000,1086,9879996.00000000,57201.26173000,0
1769659200000000,0.00576000,0.00577000,0.00572000,0.00574000,21885580.00000000,1769662799999999,125665.92772000,722,9014356.00000000,51781.62929000,0
1769662800000000,0.00574000,0.00577000,0.00574000,0.00574000,10809650.00000000,1769666399999999,62140.48781000,344,5228908.00000000,30066.51218000,0
1769666400000000,0.00574000,0.00579000,0.00574000,0.00578000,8225771.00000000,1769669999999999,47375.07243000,464,4811003.00000000,27711.11334000,0
1769670000000000,0.00578000,0.00581000,0.00576000,0.00576000,18905519.00000000,1769673599999999,109486.65506000,615,9172000.00000000,53169.22132000,0
1769673600000000,0.00576000,0.00578000,0.00572000,0.00574000,13454565.00000000,1769677199999999,77215.07499000,812,5783560.00000000,33188.83856000,0
1769677200000000,0.00574000,0.00576000,0.00572000,0.00574000,14509713.00000000,1769680799999999,83293.83066000,655,7846801.00000000,45058.72226000,0
1769680800000000,0.00573000,0.00575000,0.00570000,0.00572000,14125823.00000000,1769684399999999,80863.44781000,785,6177492.00000000,35356.48392000,0
1769684400000000,0.00571000,0.00571000,0.00567000,0.00569000,22390861.00000000,1769687999999999,127431.61408000,933,8625973.00000000,49077.90963000,0
1769688000000000,0.00569000,0.00570000,0.00564000,0.00567000,21303690.00000000,1769691599999999,120852.10849000,807,11742136.00000000,66640.97539000,0
1769691600000000,0.00567000,0.00573000,0.00567000,0.00573000,17726599.00000000,1769695199999999,101071.75168000,609,9974027.00000000,56895.67429000,0
1769695200000000,0.00573000,0.00574000,0.00558000,0.00558000,50004416.00000000,1769698799999999,283704.44214000,2074,31133837.00000000,176628.77154000,0
1769698800000000,0.00559000,0.00559000,0.00537000,0.00552000,146909164.00000000,1769702399999999,802703.26273000,6658,77625263.00000000,424011.12083000,0
1769702400000000,0.00551000,0.00557000,0.00545000,0.00556000,25516493.00000000,1769705999999999,140552.68167000,1311,13374478.00000000,73731.15763000,0
1769706000000000,0.00556000,0.00565000,0.00547000,0.00548000,39414690.00000000,1769709599999999,219520.85958000,1356,17032933.00000000,94732.85066000,0
1769709600000000,0.00548000,0.00550000,0.00538000,0.00538000,47427326.00000000,1769713199999999,257666.56338000,2150,20433951.00000000,111042.73646000,0
1769713200000000,0.00539000,0.00549000,0.00537000,0.00546000,31787961.00000000,1769716799999999,172001.83321000,1436,16830059.00000000,91171.05771000,0
1769716800000000,0.00545000,0.00552000,0.00544000,0.00551000,10286662.00000000,1769720399999999,56292.22916000,741,5744760.00000000,31456.98995000,0
1769720400000000,0.00552000,0.00555000,0.00551000,0.00553000,17874420.00000000,1769723999999999,98868.96455000,805,10107600.00000000,55919.10252000,0
1769724000000000,0.00554000,0.00556000,0.00551000,0.00552000,12973207.00000000,1769727599999999,71813.60561000,678,6015887.00000000,33306.87463000,0
1769727600000000,0.00552000,0.00553000,0.00548000,0.00550000,15352064.00000000,1769731199999999,84463.61152000,781,6208207.00000000,34155.33711000,0
1769731200000000,0.00550000,0.00552000,0.00548000,0.00550000,18262588.00000000,1769734799999999,100484.61747000,870,5751028.00000000,31641.99408000,0
1769734800000000,0.00550000,0.00553000,0.00523000,0.00544000,198166435.00000000,1769738399999999,1066645.53316000,6775,100295494.00000000,539542.75550000,0
1769738400000000,0.00543000,0.00544000,0.00532000,0.00539000,70037851.00000000,1769741999999999,377479.76556000,2480,38407309.00000000,206953.12617000,0
1769742000000000,0.00540000,0.00543000,0.00538000,0.00539000,24933128.00000000,1769745599999999,134788.66337000,943,10446884.00000000,56423.68020000,0
1769745600000000,0.00539000,0.00547000,0.00539000,0.00542000,17884441.00000000,1769749199999999,97097.18975000,736,9093061.00000000,49382.12013000,0
1769749200000000,0.00542000,0.00544000,0.00539000,0.00541000,10857293.00000000,1769752799999999,58683.11334000,495,5513032.00000000,29801.62876000,0
1769752800000000,0.00540000,0.00541000,0.00530000,0.00534000,18683515.00000000,1769756399999999,100004.16262000,886,7309819.00000000,39129.74138000,0
1769756400000000,0.00534000,0.00544000,0.00534000,0.00541000,22300309.00000000,1769759999999999,120479.37170000,1258,13009017.00000000,70198.45506000,0
1769760000000000,0.00542000,0.00543000,0.00536000,0.00539000,14593779.00000000,1769763599999999,78741.64227000,743,5606172.00000000,30263.07707000,0
1769763600000000,0.00539000,0.00541000,0.00536000,0.00539000,7337408.00000000,1769767199999999,39511.40272000,660,3863251.00000000,20811.08873000,0
1769767200000000,0.00539000,0.00541000,0.00537000,0.00540000,9407423.00000000,1769770799999999,50784.94160000,456,3854530.00000000,20804.73487000,0
1769770800000000,0.00540000,0.00549000,0.00539000,0.00546000,19192348.00000000,1769774399999999,104476.78148000,845,8717252.00000000,47434.36702000,0
1769774400000000,0.00546000,0.00546000,0.00539000,0.00541000,24102716.00000000,1769777999999999,130712.66049000,959,11234512.00000000,60908.76505000,0
1769778000000000,0.00540000,0.00543000,0.00535000,0.00537000,39786459.00000000,1769781599999999,214261.06228000,1440,20617661.00000000,111079.88888000,0
1769781600000000,0.00537000,0.00545000,0.00537000,0.00539000,53683604.00000000,1769785199999999,290517.55638000,2668,32419952.00000000,175408.53773000,0
1769785200000000,0.00540000,0.00543000,0.00533000,0.00540000,72824697.00000000,1769788799999999,393196.86487000,3240,33442021.00000000,180430.74028000,0
1769788800000000,0.00540000,0.00545000,0.00536000,0.00540000,43040375.00000000,1769792399999999,232907.77676000,1942,21417822.00000000,115948.11705000,0
1769792400000000,0.00540000,0.00544000,0.00537000,0.00539000,33458521.00000000,1769795999999999,180881.30301000,1578,17260811.00000000,93312.70888000,0
1769796000000000,0.00539000,0.00549000,0.00526000,0.00546000,75057942.00000000,1769799599999999,403609.57306000,3348,32570012.00000000,175298.44023000,0
1769799600000000,0.00547000,0.00549000,0.00544000,0.00544000,50126263.00000000,1769803199999999,274076.92636000,2232,25138716.00000000,137553.68850000,0
1769803200000000,0.00543000,0.00544000,0.00534000,0.00536000,46002689.00000000,1769806799999999,248018.73703000,2111,22686285.00000000,122282.99264000,0
1769806800000000,0.00537000,0.00542000,0.00535000,0.00539000,28674242.00000000,1769810399999999,154412.67109000,1267,16208958.00000000,87308.20986000,0
1769810400000000,0.00539000,0.00540000,0.00535000,0.00539000,10905221.00000000,1769813999999999,58675.00227000,668,6671782.00000000,35912.04185000,0
1769814000000000,0.00539000,0.00539000,0.00534000,0.00538000,16842118.00000000,1769817599999999,90221.66210000,724,8416065.00000000,45089.56936000,0
1769817600000000,0.00538000,0.00538000,0.00533000,0.00535000,11327873.00000000,1769821199999999,60614.38483000,709,5141338.00000000,27516.87015000,0
1769821200000000,0.00535000,0.00535000,0.00530000,0.00534000,13985636.00000000,1769824799999999,74496.12008000,829,6962748.00000000,37103.74433000,0
1769824800000000,0.00534000,0.00536000,0.00529000,0.00533000,15929194.00000000,1769828399999999,84698.42018000,838,7883980.00000000,41941.79243000,0
1769828400000000,0.00533000,0.00533000,0.00530000,0.00530000,17499319.00000000,1769831999999999,93070.06178000,452,5577482.00000000,29664.05153000,0
1769832000000000,0.00530000,0.00532000,0.00527000,0.00529000,14472421.00000000,1769835599999999,76636.53663000,682,5601909.00000000,29651.26588000,0
1769835600000000,0.00529000,0.00529000,0.00527000,0.00528000,9090307.00000000,1769839199999999,47965.17185000,644,4141956.00000000,21862.76709000,0
1769839200000000,0.00528000,0.00529000,0.00520000,0.00524000,24864245.00000000,1769842799999999,130190.90572000,1027,9931789.00000000,52056.24322000,0
1769842800000000,0.00524000,0.00524000,0.00516000,0.00523000,22109955.00000000,1769846399999999,114953.72708000,1182,13321325.00000000,69270.93191000,0
1769846400000000,0.00523000,0.00524000,0.00512000,0.00519000,47531361.00000000,1769849999999999,245266.96243000,2275,21548121.00000000,111191.14762000,0
1769850000000000,0.00518000,0.00524000,0.00517000,0.00519000,12534699.00000000,1769853599999999,65229.51906000,697,7900602.00000000,41138.14374000,0
1769853600000000,0.00519000,0.00522000,0.00516000,0.00519000,21634051.00000000,1769857199999999,112089.52840000,626,16620021.00000000,86086.96566000,0
1769857200000000,0.00520000,0.00520000,0.00515000,0.00518000,11527590.00000000,1769860799999999,59660.03838000,513,6868419.00000000,35537.56745000,0
1769860800000000,0.00518000,0.00518000,0.00513000,0.00514000,23140671.00000000,1769864399999999,119149.68965000,930,8599225.00000000,44284.48684000,0
1769864400000000,0.00514000,0.00515000,0.00509000,0.00512000,31932982.00000000,1769867999999999,163411.46431000,1323,16907430.00000000,86529.93254000,0
1769868000000000,0.00512000,0.00513000,0.00481000,0.00492000,199744562.00000000,1769871599999999,984707.41491000,8370,96152951.00000000,473586.14517000,0
1769871600000000,0.00493000,0.00501000,0.00492000,0.00492000,44030244.00000000,1769875199999999,218225.18672000,2662,21488490.00000000,106520.47368000,0
1769875200000000,0.00493000,0.00502000,0.00488000,0.00489000,79340655.00000000,1769878799999999,391806.62893000,3794,38650464.00000000,190957.85871000,0
1769878800000000,0.00490000,0.00491000,0.00458000,0.00469000,243914280.00000000,1769882399999999,1149217.85235000,10134,112328293.00000000,529405.24664000,0
1769882400000000,0.00469000,0.00472000,0.00434000,0.00460000,300530443.00000000,1769885999999999,1368999.57977000,9637,148445113.00000000,676081.57481000,0
1769886000000000,0.00460000,0.00467000,0.00457000,0.00464000,74593295.00000000,1769889599999999,344635.84525000,3048,37800809.00000000,174782.92657000,0
1769889600000000,0.00464000,0.00469000,0.00459000,0.00467000,51890153.00000000,1769893199999999,240904.88131000,2421,29810120.00000000,138465.46284000,0
1769893200000000,0.00467000,0.00477000,0.00465000,0.00474000,35397934.00000000,1769896799999999,166469.82518000,1734,21588062.00000000,101530.39970000,0
1769896800000000,0.00474000,0.00475000,0.00470000,0.00473000,21609415.00000000,1769900399999999,102064.29215000,739,13335685.00000000,63000.55579000,0
1769900400000000,0.00472000,0.00484000,0.00472000,0.00483000,66751394.00000000,1769903999999999,320845.90567000,1839,41472492.00000000,199534.15329000,0
