1756684800000000,0.01611000,0.01614000,0.01584000,0.01602000,58833538.00000000,1756688399999999,942090.60257000,7456,28553359.00000000,457045.52711000,0
1756688400000000,0.01602000,0.01613000,0.01592000,0.01600000,39111660.00000000,1756691999999999,626327.92225000,5746,23932417.00000000,383371.18506000,0
1756692000000000,0.01601000,0.01601000,0.01569000,0.01579000,34543824.00000000,1756695599999999,546225.85613000,5022,11160302.00000000,176543.77364000,0
1756695600000000,0.01580000,0.01587000,0.01573000,0.01584000,23011144.00000000,1756699199999999,363785.17414000,3488,13024189.00000000,205927.32316000,0
1756699200000000,0.01583000,0.01589000,0.01561000,0.01568000,38700191.00000000,1756702799999999,608743.18463000,4790,15207935.00000000,239601.06177000,0
1756702800000000,0.01568000,0.01579000,0.01555000,0.01573000,36534010.00000000,1756706399999999,572727.59337000,4633,16495763.00000000,258545.20014000,0
1756706400000000,0.01573000,0.01579000,0.01558000,0.01575000,29548456.00000000,1756709999999999,463569.91542000,3968,15646864.00000000,245386.80381000,0
1756710000000000,0.01575000,0.01634000,0.01566000,0.01634000,65705240.00000000,1756713599999999,1053482.30318000,7763,34134281.00000000,547254.76973000,0
1756713600000000,0.01634000,0.01661000,0.01629000,0.01660000,95361201.00000000,1756717199999999,1565835.19418000,10428,47072262.00000000,773193.20966000,0
1756717200000000,0.01660000,0.01670000,0.01644000,0.01647000,50291348.00000000,1756720799999999,835234.19952000,6609,18990804.00000000,315706.05164000,0
1756720800000000,0.01647000,0.01647000,0.01613000,0.01623000,46704005.00000000,1756724399999999,759859.62065000,5811,21782913.00000000,354368.93817000,0
1756724400000000,0.01623000,0.01627000,0.01602000,0.01605000,31952513.00000000,1756727999999999,515782.80881000,3508,15676627.00000000,253023.89891000,0
1756728000000000,0.01605000,0.01616000,0.01598000,0.01602000,32562519.00000000,1756731599999999,523445.55878000,3668,14773984.00000000,237329.39935000,0
1756731600000000,0.01602000,0.01612000,0.01585000,0.01588000,43853702.00000000,1756735199999999,701281.91026000,6324,24760376.00000000,396086.24359000,0
1756735200000000,0.01588000,0.01599000,0.01580000,0.01589000,30433260.00000000,1756738799999999,483931.77724000,5106,16576095.00000000,263847.14564000,0
1756738800000000,0.01589000,0.01594000,0.01573000,0.01577000,38575990.00000000,1756742399999999,609791.47181000,5845,16237507.00000000,256744.28649000,0
1756742400000000,0.01576000,0.01587000,0.01568000,0.01578000,31959209.00000000,1756745999999999,503716.48917000,5065,15100936.00000000,237991.98882000,0
1756746000000000,0.01578000,0.01582000,0.01562000,0.01570000,29677868.00000000,1756749599999999,465584.10110000,5315,17098056.00000000,268365.87403000,0
1756749600000000,0.01570000,0.01583000,0.01569000,0.01578000,21517857.00000000,1756753199999999,339083.76527000,3586,11570787.00000000,182352.91232000,0
1756753200000000,0.01578000,0.01587000,0.01574000,0.01587000,17066102.00000000,1756756799999999,269771.19329000,2875,10021138.00000000,158423.03930000,0
1756756800000000,0.01587000,0.01588000,0.01527000,0.01549000,147669825.00000000,1756760399999999,2281553.61646000,14513,69956774.00000000,1079585.21789000,0
1756760400000000,0.01548000,0.01550000,0.01510000,0.01531000,75161774.00000000,1756763999999999,1152216.84679000,8790,36880771.00000000,565594.73139000,0
1756764000000000,0.01531000,0.01543000,0.01524000,0.01540000,27990000.00000000,1756767599999999,429426.81053000,4258,14675102.00000000,225202.86905000,0
1756767600000000,0.01540000,0.01566000,0.01539000,0.01560000,29771766.00000000,1756771199999999,462394.43899000,4266,15256622.00000000,237103.98069000,0
1756771200000000,0.01561000,0.01565000,0.01552000,0.01557000,27618270.00000000,1756774799999999,430532.00133000,3580,14439535.00000000,225128.56539000,0
1756774800000000,0.01556000,0.01578000,0.01547000,0.01568000,43024123.00000000,1756778399999999,672889.94170000,4888,23173185.00000000,362171.85531000,0
1756778400000000,0.01568000,0.01587000,0.01562000,0.01586000,30035130.00000000,1756781999999999,473132.58101000,4428,17294435.00000000,272569.86265000,0
1756782000000000,0.01586000,0.01599000,0.01582000,0.01596000,33395771.00000000,1756785599999999,531290.22762000,3776,15245439.00000000,242626.04560000,0
1756785600000000,0.01597000,0.01603000,0.01592000,0.01602000,17619654.00000000,1756789199999999,281595.90697000,2756,9473226.00000000,151399.75897000,0
1756789200000000,0.01602000,0.01602000,0.01588000,0.01591000,16777235.00000000,1756792799999999,267340.13268000,2203,6570171.00000000,104731.54919000,0
1756792800000000,0.01591000,0.01600000,0.01589000,0.01594000,19569475.00000000,1756796399999999,311946.18128000,2612,9017843.00000000,143829.30419000,0
1756796400000000,0.01593000,0.01594000,0.01580000,0.01582000,12689102.00000000,1756799999999999,201296.09798000,2280,5175169.00000000,82078.71180000,0
1756800000000000,0.01582000,0.01594000,0.01578000,0.01586000,26416033.00000000,1756803599999999,419261.13186000,2665,12176642.00000000,193272.03153000,0
1756803600000000,0.01586000,0.01595000,0.01582000,0.01594000,14226967.00000000,1756807199999999,226077.83555000,2087,7546054.00000000,119930.93867000,0
1756807200000000,0.01595000,0.01597000,0.01586000,0.01596000,14759156.00000000,1756810799999999,235073.03683000,1878,6678281.00000000,106384.33254000,0
1756810800000000,0.01596000,0.01596000,0.01580000,0.01582000,19721924.00000000,1756814399999999,312877.81424000,2037,7662721.00000000,121612.34359000,0
1756814400000000,0.01582000,0.01584000,0.01544000,0.01545000,74747292.00000000,1756817999999999,1166823.20723000,8655,32856114.00000000,512840.59499000,0
1756818000000000,0.01545000,0.01609000,0.01545000,0.01603000,109425996.00000000,1756821599999999,1734246.04370000,14172,58412626.00000000,925686.37566000,0
1756821600000000,0.01604000,0.01617000,0.01591000,0.01605000,57049011.00000000,1756825199999999,916113.69816000,9794,29028394.00000000,466086.48112000,0
1756825200000000,0.01605000,0.01607000,0.01566000,0.01570000,32670295.00000000,1756828799999999,516857.24992000,4949,13303246.00000000,210385.88198000,0
1756828800000000,0.01570000,0.01590000,0.01570000,0.01586000,31319666.00000000,1756832399999999,494997.59979000,4303,18143815.00000000,286701.37098000,0
1756832400000000,0.01587000,0.01603000,0.01587000,0.01596000,22906955.00000000,1756835999999999,365584.49660000,3345,12895402.00000000,205849.68753000,0
1756836000000000,0.01597000,0.01603000,0.01575000,0.01593000,20010413.00000000,1756839599999999,318374.12368000,3321,10357789.00000000,164825.49151000,0
1756839600000000,0.01594000,0.01601000,0.01582000,0.01586000,15373162.00000000,1756843199999999,244321.57736000,2903,8574120.00000000,136306.06259000,0
1756843200000000,0.01587000,0.01612000,0.01583000,0.01607000,28247432.00000000,1756846799999999,452854.21510000,3467,12824477.00000000,205463.88048000,0
1756846800000000,0.01607000,0.01623000,0.01606000,0.01620000,18725727.00000000,1756850399999999,302216.25843000,2600,9350370.00000000,150957.93595000,0
1756850400000000,0.01619000,0.01620000,0.01609000,0.01619000,20249282.00000000,1756853999999999,326938.39704000,3146,8856687.00000000,143007.48723000,0
1756854000000000,0.01619000,0.01620000,0.01608000,0.01612000,22943719.00000000,1756857599999999,369957.00824000,2338,10814179.00000000,174409.65922000,0
1756857600000000,0.01612000,0.01618000,0.01604000,0.01608000,19592640.00000000,1756861199999999,315424.55237000,2627,10898947.00000000,175425.09066000,0
1756861200000000,0.01607000,0.01620000,0.01602000,0.01619000,13754372.00000000,1756864799999999,221270.92273000,1559,10659492.00000000,171566.24333000,0
1756864800000000,0.01619000,0.01627000,0.01611000,0.01623000,28797654.00000000,1756868399999999,466551.99306000,3498,15838330.00000000,256546.44091000,0
1756868400000000,0.01622000,0.01625000,0.01611000,0.01617000,13888076.00000000,1756871999999999,224616.35048000,2216,6012172.00000000,97264.38727000,0
1756872000000000,0.01617000,0.01618000,0.01604000,0.01608000,30802833.00000000,1756875599999999,495655.59134000,2252,6117887.00000000,98573.40304000,0
1756875600000000,0.01609000,0.01609000,0.01598000,0.01599000,14444798.00000000,1756879199999999,231248.41673000,1913,6674007.00000000,106839.28132000,0
1756879200000000,0.01600000,0.01606000,0.01590000,0.01596000,17361952.00000000,1756882799999999,277314.82144000,1859,6307634.00000000,100812.25518000,0
1756882800000000,0.01597000,0.01600000,0.01588000,0.01600000,19911002.00000000,1756886399999999,317261.86656000,2065,9305383.00000000,148350.93974000,0
1756886400000000,0.01599000,0.01611000,0.01595000,0.01597000,18351898.00000000,1756889999999999,294168.45752000,1956,8871580.00000000,142332.57152000,0
1756890000000000,0.01598000,0.01607000,0.01589000,0.01607000,40879903.00000000,1756893599999999,654364.35747000,3045,16116901.00000000,257953.41031000,0
1756893600000000,0.01608000,0.01613000,0.01605000,0.01608000,16530049.00000000,1756897199999999,265986.43847000,1910,9399974.00000000,151297.79178000,0
1756897200000000,0.01609000,0.01616000,0.01606000,0.01606000,13960332.00000000,1756900799999999,224992.92775000,1851,8523471.00000000,137396.81976000,0
1756900800000000,0.01606000,0.01612000,0.01595000,0.01598000,13949853.00000000,1756904399999999,223856.86255000,2152,8078258.00000000,129676.81545000,0
1756904400000000,0.01598000,0.01625000,0.01597000,0.01612000,24360808.00000000,1756907999999999,392792.86981000,4734,14122674.00000000,227835.84705000,0
1756908000000000,0.01613000,0.01636000,0.01610000,0.01633000,29394674.00000000,1756911599999999,477513.90682000,4800,18721406.00000000,304225.68339000,0
1756911600000000,0.01633000,0.01639000,0.01623000,0.01631000,25413266.00000000,1756915199999999,414442.64936000,3368,11276973.00000000,184076.38883000,0
1756915200000000,0.01632000,0.01638000,0.01618000,0.01620000,20168839.00000000,1756918799999999,328039.44546000,2491,8237863.00000000,134149.76235000,0
1756918800000000,0.01620000,0.01636000,0.01620000,0.01631000,24066128.00000000,1756922399999999,392453.66970000,3108,11710164.00000000,190973.91146000,0
1756922400000000,0.01631000,0.01635000,0.01623000,0.01628000,16891890.00000000,1756925999999999,275279.87493000,2050,8796641.00000000,143338.55807000,0
1756926000000000,0.01628000,0.01635000,0.01625000,0.01634000,16263502.00000000,1756929599999999,264973.26861000,1827,8021962.00000000,130705.95845000,0
1756929600000000,0.01634000,0.01636000,0.01627000,0.01631000,13772963.00000000,1756933199999999,224664.39492000,1951,6052625.00000000,98731.63109000,0
1756933200000000,0.01631000,0.01634000,0.01623000,0.01633000,11038309.00000000,1756936799999999,179763.06559000,1135,6214447.00000000,101212.68675000,0
1756936800000000,0.01633000,0.01638000,0.01627000,0.01629000,9044595.00000000,1756940399999999,147691.78191000,1196,3991427.00000000,65159.73997000,0
1756940400000000,0.01629000,0.01630000,0.01622000,0.01624000,9872776.00000000,1756943999999999,160480.16420000,869,4039310.00000000,65685.09754000,0
1756944000000000,0.01625000,0.01631000,0.01622000,0.01626000,10597808.00000000,1756947599999999,172399.12615000,1652,4376331.00000000,71221.96281000,0
1756947600000000,0.01627000,0.01627000,0.01616000,0.01621000,9713230.00000000,1756951199999999,157355.52096000,1270,5296892.00000000,85809.88800000,0
1756951200000000,0.01622000,0.01622000,0.01606000,0.01608000,14559941.00000000,1756954799999999,234639.16827000,1549,5417400.00000000,87312.24828000,0
1756954800000000,0.01608000,0.01608000,0.01591000,0.01592000,15183544.00000000,1756958399999999,242691.36505000,1818,4527920.00000000,72369.70645000,0
1756958400000000,0.01591000,0.01600000,0.01588000,0.01591000,17847264.00000000,1756961999999999,284539.96158000,2290,10817146.00000000,172446.90570000,0
1756962000000000,0.01590000,0.01590000,0.01568000,0.01574000,32013867.00000000,1756965599999999,504353.34089000,3395,12525233.00000000,197393.07896000,0
1756965600000000,0.01574000,0.01576000,0.01567000,0.01572000,23075386.00000000,1756969199999999,362760.17284000,2502,14537688.00000000,228608.69760000,0
1756969200000000,0.01571000,0.01580000,0.01569000,0.01578000,22328148.00000000,1756972799999999,351978.17208000,2361,10077656.00000000,158922.93399000,0
1756972800000000,0.01578000,0.01586000,0.01575000,0.01577000,25086003.00000000,1756976399999999,396571.59414000,2499,11490251.00000000,181728.78327000,0
1756976400000000,0.01578000,0.01582000,0.01576000,0.01580000,16481171.00000000,1756979999999999,260258.98767000,2008,8266633.00000000,130562.33255000,0
1756980000000000,0.01581000,0.01588000,0.01575000,0.01575000,19813790.00000000,1756983599999999,313409.60753000,2532,8086079.00000000,127972.41748000,0
1756983600000000,0.01575000,0.01586000,0.01572000,0.01576000,17384560.00000000,1756987199999999,274750.30508000,2122,8770234.00000000,138588.38170000,0
1756987200000000,0.01576000,0.01587000,0.01569000,0.01581000,20280074.00000000,1756990799999999,320124.78384000,2967,11218635.00000000,177144.38311000,0
1756990800000000,0.01581000,0.01583000,0.01567000,0.01575000,23463588.00000000,1756994399999999,369499.43339000,2936,8112077.00000000,127817.59424000,0
1756994400000000,0.01574000,0.01575000,0.01556000,0.01567000,38294786.00000000,1756997999999999,599750.36796000,5587,21275531.00000000,333453.85079000,0
1756998000000000,0.01566000,0.01567000,0.01555000,0.01562000,35122296.00000000,1757001599999999,548009.06044000,4115,14313121.00000000,223264.64469000,0
1757001600000000,0.01561000,0.01563000,0.01550000,0.01558000,26061739.00000000,1757005199999999,405426.36582000,3082,13202989.00000000,205425.14058000,0
1757005200000000,0.01558000,0.01569000,0.01557000,0.01559000,16914567.00000000,1757008799999999,264280.32672000,1978,10294269.00000000,160893.22607000,0
1757008800000000,0.01558000,0.01564000,0.01544000,0.01553000,17024901.00000000,1757012399999999,264797.45531000,2471,8266675.00000000,128720.39095000,0
1757012400000000,0.01553000,0.01559000,0.01545000,0.01549000,17238469.00000000,1757015999999999,267630.36215000,2347,8267443.00000000,128352.38060000,0
1757016000000000,0.01549000,0.01563000,0.01547000,0.01556000,17308870.00000000,1757019599999999,269367.06845000,2230,10289216.00000000,160088.32995000,0
1757019600000000,0.01556000,0.01569000,0.01555000,0.01567000,13417567.00000000,1757023199999999,209309.59277000,1426,5637206.00000000,87914.62949000,0
1757023200000000,0.01567000,0.01580000,0.01565000,0.01578000,11146838.00000000,1757026799999999,175198.72218000,1707,7427101.00000000,116788.14298000,0
1757026800000000,0.01578000,0.01581000,0.01562000,0.01562000,9689180.00000000,1757030399999999,152064.13896000,1667,3171684.00000000,49791.26527000,0
1757030400000000,0.01561000,0.01573000,0.01561000,0.01568000,11200825.00000000,1757033999999999,175617.40973000,1863,5723595.00000000,89750.27602000,0
1757034000000000,0.01567000,0.01579000,0.01565000,0.01576000,9149260.00000000,1757037599999999,143926.25745000,1244,4329862.00000000,68093.19537000,0
1757037600000000,0.01576000,0.01581000,0.01571000,0.01580000,10322764.00000000,1757041199999999,162697.32238000,1642,5756668.00000000,90781.45739000,0
1757041200000000,0.01580000,0.01582000,0.01574000,0.01581000,9548194.00000000,1757044799999999,150664.14730000,1023,3835789.00000000,60545.36495000,0
1757044800000000,0.01581000,0.01583000,0.01577000,0.01581000,8985484.00000000,1757048399999999,142015.67449000,1053,4801248.00000000,75900.16372000,0
1757048400000000,0.01580000,0.01586000,0.01578000,0.01584000,9387377.00000000,1757051999999999,148466.05934000,1225,4300931.00000000,68039.59744000,0
1757052000000000,0.01584000,0.01587000,0.01580000,0.01584000,11909217.00000000,1757055599999999,188565.67713000,1624,5402371.00000000,85530.16522000,0
1757055600000000,0.01585000,0.01613000,0.01585000,0.01613000,30592971.00000000,1757059199999999,488747.20219000,4489,14289084.00000000,228410.62630000,0
1757059200000000,0.01613000,0.01616000,0.01601000,0.01610000,36451523.00000000,1757062799999999,586796.00289000,4115,18955007.00000000,305313.21373000,0
1757062800000000,0.01610000,0.01616000,0.01605000,0.01616000,21810687.00000000,1757066399999999,351224.25968000,2277,12106211.00000000,194976.12559000,0
1757066400000000,0.01616000,0.01623000,0.01607000,0.01607000,20105859.00000000,1757069999999999,324525.01463000,2127,8482092.00000000,137003.05999000,0
1757070000000000,0.01607000,0.01617000,0.01604000,0.01611000,42934853.00000000,1757073599999999,692199.48457000,2199,20753467.00000000,334572.71566000,0
1757073600000000,0.01612000,0.01639000,0.01607000,0.01639000,112685700.00000000,1757077199999999,1830882.23768000,14670,58688544.00000000,953731.79489000,0
1757077200000000,0.01640000,0.01645000,0.01633000,0.01639000,68143558.00000000,1757080799999999,1117271.12197000,8442,33776489.00000000,553823.85968000,0
1757080800000000,0.01639000,0.01641000,0.01584000,0.01596000,128986922.00000000,1757084399999999,2070909.28730000,17031,53097248.00000000,852490.96000000,0
1757084400000000,0.01596000,0.01611000,0.01591000,0.01599000,40933703.00000000,1757087999999999,655513.91465000,4753,18036298.00000000,288842.54347000,0
1757088000000000,0.01599000,0.01607000,0.01595000,0.01605000,18093335.00000000,1757091599999999,289766.76667000,1775,11916703.00000000,190811.64200000,0
1757091600000000,0.01605000,0.01605000,0.01589000,0.01590000,14507521.00000000,1757095199999999,231381.31700000,1998,5396861.00000000,86116.47471000,0
1757095200000000,0.01591000,0.01606000,0.01583000,0.01603000,12762468.00000000,1757098799999999,203273.60076000,1923,6145178.00000000,97899.94008000,0
1757098800000000,0.01603000,0.01612000,0.01602000,0.01612000,18432530.00000000,1757102399999999,296283.16694000,1859,7510405.00000000,120707.31871000,0
1757102400000000,0.01613000,0.01620000,0.01609000,0.01618000,26286854.00000000,1757105999999999,424620.56304000,2250,17579217.00000000,283999.93494000,0
1757106000000000,0.01619000,0.01620000,0.01600000,0.01607000,40464221.00000000,1757109599999999,651574.23019000,5194,17151704.00000000,276237.88958000,0
1757109600000000,0.01608000,0.01621000,0.01604000,0.01617000,13059182.00000000,1757113199999999,210906.24283000,1512,5754130.00000000,92861.17371000,0
1757113200000000,0.01617000,0.01620000,0.01613000,0.01614000,9721740.00000000,1757116799999999,157118.52323000,1194,4502240.00000000,72774.54200000,0
1757116800000000,0.01614000,0.01620000,0.01610000,0.01616000,7893488.00000000,1757120399999999,127461.61810000,1364,4023323.00000000,64961.66713000,0
1757120400000000,0.01616000,0.01616000,0.01607000,0.01611000,7119127.00000000,1757123999999999,114753.93217000,1133,2282323.00000000,36776.12500000,0
1757124000000000,0.01611000,0.01613000,0.01600000,0.01608000,7305325.00000000,1757127599999999,117272.32026000,1108,3180612.00000000,51068.29121000,0
1757127600000000,0.01608000,0.01610000,0.01605000,0.01608000,7792238.00000000,1757131199999999,125259.93414000,962,3543202.00000000,56970.88236000,0
1757131200000000,0.01608000,0.01609000,0.01595000,0.01603000,10049448.00000000,1757134799999999,160870.02164000,1129,4871231.00000000,77991.50448000,0
1757134800000000,0.01602000,0.01603000,0.01592000,0.01593000,16489543.00000000,1757138399999999,263680.61512000,1213,5653972.00000000,90278.03603000,0
1757138400000000,0.01593000,0.01598000,0.01592000,0.01595000,7523813.00000000,1757141999999999,119966.59753000,965,3644335.00000000,58114.20842000,0
1757142000000000,0.01595000,0.01597000,0.01590000,0.01594000,9052303.00000000,1757145599999999,144273.56954000,996,4912337.00000000,78285.41339000,0
1757145600000000,0.01595000,0.01596000,0.01588000,0.01591000,9272603.00000000,1757149199999999,147648.10336000,993,4899964.00000000,78012.79280000,0
1757149200000000,0.01591000,0.01591000,0.01583000,0.01586000,12325946.00000000,1757152799999999,195586.70834000,1400,5205796.00000000,82637.47746000,0
1757152800000000,0.01585000,0.01595000,0.01582000,0.01595000,10236781.00000000,1757156399999999,162576.13755000,1280,4685727.00000000,74417.77361000,0
1757156400000000,0.01594000,0.01594000,0.01585000,0.01592000,14725737.00000000,1757159999999999,233999.91541000,1558,5808456.00000000,92283.47953000,0
1757160000000000,0.01592000,0.01595000,0.01585000,0.01587000,12139553.00000000,1757163599999999,193102.27689000,1379,6043033.00000000,96179.80205000,0
1757163600000000,0.01587000,0.01592000,0.01586000,0.01590000,7040192.00000000,1757167199999999,111795.30024000,1276,2567900.00000000,40787.47148000,0
1757167200000000,0.01591000,0.01606000,0.01590000,0.01602000,10890493.00000000,1757170799999999,174300.57961000,1654,6481573.00000000,103684.52608000,0
1757170800000000,0.01603000,0.01603000,0.01584000,0.01585000,16346402.00000000,1757174399999999,260293.61589000,2227,8486527.00000000,135143.08436000,0
1757174400000000,0.01585000,0.01599000,0.01575000,0.01593000,28002707.00000000,1757177999999999,444045.96531000,3406,13811804.00000000,219224.12030000,0
1757178000000000,0.01593000,0.01595000,0.01582000,0.01587000,7331739.00000000,1757181599999999,116489.81259000,1286,4138594.00000000,65791.41403000,0
1757181600000000,0.01587000,0.01593000,0.01585000,0.01591000,7084235.00000000,1757185199999999,112579.69523000,1176,3375034.00000000,53642.83487000,0
1757185200000000,0.01591000,0.01593000,0.01576000,0.01578000,10394451.00000000,1757188799999999,164803.64987000,1596,5764496.00000000,91451.55072000,0
1757188800000000,0.01578000,0.01592000,0.01577000,0.01591000,10613212.00000000,1757192399999999,168088.50623000,1192,5225983.00000000,82760.83647000,0
1757192400000000,0.01592000,0.01594000,0.01586000,0.01594000,12765396.00000000,1757195999999999,202830.27687000,1134,7345044.00000000,116722.89425000,0
1757196000000000,0.01594000,0.01601000,0.01592000,0.01595000,11405208.00000000,1757199599999999,182012.64740000,1512,5315456.00000000,84803.90858000,0
1757199600000000,0.01596000,0.01603000,0.01593000,0.01595000,8269711.00000000,1757203199999999,132152.81790000,1207,3813772.00000000,60935.75311000,0
1757203200000000,0.01595000,0.01606000,0.01594000,0.01603000,11569782.00000000,1757206799999999,184929.13794000,1268,6846881.00000000,109445.04110000,0
1757206800000000,0.01603000,0.01619000,0.01601000,0.01614000,15924101.00000000,1757210399999999,256832.23641000,1677,10462724.00000000,168708.96877000,0
1757210400000000,0.01615000,0.01619000,0.01611000,0.01617000,15380951.00000000,1757213999999999,248518.98840000,1551,7472826.00000000,120767.59546000,0
1757214000000000,0.01617000,0.01619000,0.01610000,0.01614000,17114086.00000000,1757217599999999,276134.20630000,1215,8619511.00000000,139061.98708000,0
1757217600000000,0.01615000,0.01616000,0.01611000,0.01616000,9718890.00000000,1757221199999999,156845.40523000,1123,3840326.00000000,61999.67192000,0
1757221200000000,0.01617000,0.01631000,0.01614000,0.01628000,21035767.00000000,1757224799999999,340926.84445000,1680,13231793.00000000,214506.61506000,0
1757224800000000,0.01629000,0.01636000,0.01620000,0.01621000,33245518.00000000,1757228399999999,541335.87133000,2553,14842670.00000000,241693.75728000,0
1757228400000000,0.01620000,0.01628000,0.01616000,0.01621000,19044168.00000000,1757231999999999,308853.75345000,1734,8189107.00000000,132764.24600000,0
1757232000000000,0.01622000,0.01636000,0.01622000,0.01629000,19511683.00000000,1757235599999999,318057.10488000,1991,8787644.00000000,143224.05739000,0
1757235600000000,0.01628000,0.01629000,0.01618000,0.01624000,16969664.00000000,1757239199999999,275558.58739000,1487,8156706.00000000,132434.93996000,0
1757239200000000,0.01624000,0.01628000,0.01622000,0.01626000,10106255.00000000,1757242799999999,164230.50879000,1210,3789869.00000000,61592.42180000,0
1757242800000000,0.01627000,0.01631000,0.01624000,0.01631000,13418009.00000000,1757246399999999,218263.56651000,1198,5159801.00000000,83929.58926000,0
1757246400000000,0.01631000,0.01636000,0.01623000,0.01632000,27915726.00000000,1757249999999999,455353.94265000,1954,12010044.00000000,195993.21313000,0
1757250000000000,0.01632000,0.01639000,0.01629000,0.01632000,26356394.00000000,1757253599999999,430440.41033000,2181,10662241.00000000,174206.48552000,0
1757253600000000,0.01632000,0.01637000,0.01626000,0.01631000,30570592.00000000,1757257199999999,498421.41041000,3699,12333871.00000000,201160.34015000,0
1757257200000000,0.01630000,0.01634000,0.01625000,0.01630000,30811386.00000000,1757260799999999,501730.89200000,2223,12414481.00000000,202140.70631000,0
1757260800000000,0.01629000,0.01631000,0.01621000,0.01623000,22221548.00000000,1757264399999999,361058.36560000,1617,8734902.00000000,141928.66507000,0
1757264400000000,0.01622000,0.01623000,0.01613000,0.01614000,21079584.00000000,1757267999999999,341020.19311000,2046,9307933.00000000,150548.20397000,0
1757268000000000,0.01615000,0.01620000,0.01607000,0.01612000,15226751.00000000,1757271599999999,245551.29175000,1540,6138334.00000000,99028.22398000,0
1757271600000000,0.01611000,0.01624000,0.01610000,0.01616000,17495266.00000000,1757275199999999,282649.81785000,1541,8325217.00000000,134563.73563000,0
1757275200000000,0.01616000,0.01623000,0.01613000,0.01623000,12758022.00000000,1757278799999999,206254.97013000,1400,7558233.00000000,122214.96992000,0
1757278800000000,0.01623000,0.01624000,0.01617000,0.01617000,12137421.00000000,1757282399999999,196688.42695000,1244,5598184.00000000,90729.76512000,0
1757282400000000,0.01617000,0.01629000,0.01614000,0.01627000,16605749.00000000,1757285999999999,269402.92214000,2125,10239569.00000000,166162.96864000,0
1757286000000000,0.01627000,0.01638000,0.01623000,0.01626000,15760470.00000000,1757289599999999,257013.54199000,2106,7957197.00000000,129744.24341000,0
1757289600000000,0.01626000,0.01635000,0.01622000,0.01625000,12265452.00000000,1757293199999999,199679.23668000,2313,5919946.00000000,96452.63927000,0
1757293200000000,0.01625000,0.01629000,0.01619000,0.01626000,18301922.00000000,1757296799999999,297285.20758000,2090,7603093.00000000,123507.20265000,0
1757296800000000,0.01625000,0.01653000,0.01623000,0.01652000,30193561.00000000,1757300399999999,494922.11888000,4506,20295546.00000000,332855.98256000,0
1757300400000000,0.01653000,0.01662000,0.01649000,0.01654000,53588538.00000000,1757303999999999,887869.32864000,4534,32567750.00000000,539875.92175000,0
1757304000000000,0.01654000,0.01655000,0.01641000,0.01647000,19555564.00000000,1757307599999999,322086.66975000,2485,8307397.00000000,136818.61552000,0
1757307600000000,0.01647000,0.01653000,0.01639000,0.01644000,15098216.00000000,1757311199999999,248317.56632000,2256,5718407.00000000,94114.82705000,0
1757311200000000,0.01644000,0.01650000,0.01636000,0.01644000,19446201.00000000,1757314799999999,320137.34713000,2418,8528702.00000000,140392.28814000,0
1757314800000000,0.01644000,0.01649000,0.01636000,0.01639000,13726873.00000000,1757318399999999,225431.99551000,2115,5359708.00000000,88030.20269000,0
1757318400000000,0.01639000,0.01655000,0.01639000,0.01652000,16869627.00000000,1757321999999999,278293.51243000,2432,7791660.00000000,128533.07034000,0
1757322000000000,0.01652000,0.01667000,0.01648000,0.01664000,28530354.00000000,1757325599999999,473793.23136000,3650,14108561.00000000,234262.99656000,0
1757325600000000,0.01663000,0.01670000,0.01659000,0.01662000,26431849.00000000,1757329199999999,440332.44395000,3411,11585179.00000000,192966.55397000,0
1757329200000000,0.01663000,0.01664000,0.01648000,0.01657000,18805618.00000000,1757332799999999,311235.62194000,2751,7941090.00000000,131429.31534000,0
1757332800000000,0.01658000,0.01667000,0.01653000,0.01666000,16974057.00000000,1757336399999999,281692.17115000,2434,6733693.00000000,111766.39303000,0
1757336400000000,0.01667000,0.01683000,0.01660000,0.01661000,49682837.00000000,1757339999999999,831347.37755000,6685,24599889.00000000,411723.54879000,0
1757340000000000,0.01662000,0.01688000,0.01660000,0.01688000,59086420.00000000,1757343599999999,989786.59829000,6697,31334992.00000000,524982.94398000,0
1757343600000000,0.01687000,0.01700000,0.01687000,0.01692000,55352467.00000000,1757347199999999,936882.57248000,6126,29033888.00000000,491394.50635000,0
1757347200000000,0.01691000,0.01701000,0.01685000,0.01688000,51994739.00000000,1757350799999999,880873.10696000,5132,28217632.00000000,478054.54745000,0
1757350800000000,0.01688000,0.01710000,0.01682000,0.01691000,50841964.00000000,1757354399999999,863482.26887000,5649,26714109.00000000,453931.88393000,0
1757354400000000,0.01691000,0.01710000,0.01690000,0.01704000,53421818.00000000,1757357999999999,909997.73395000,5177,34301091.00000000,584478.98753000,0
1757358000000000,0.01705000,0.01705000,0.01681000,0.01684000,28977244.00000000,1757361599999999,490150.58115000,4115,10263675.00000000,173667.24175000,0
1757361600000000,0.01685000,0.01688000,0.01670000,0.01678000,25672866.00000000,1757365199999999,431430.80934000,3084,12419168.00000000,208830.24167000,0
1757365200000000,0.01678000,0.01695000,0.01675000,0.01694000,21014613.00000000,1757368799999999,353935.94742000,2183,12442576.00000000,209516.07082000,0
1757368800000000,0.01695000,0.01702000,0.01693000,0.01696000,19357285.00000000,1757372399999999,328548.53178000,3116,9069766.00000000,153943.29518000,0
1757372400000000,0.01696000,0.01701000,0.01685000,0.01690000,17004225.00000000,1757375999999999,287696.22619000,2498,8310638.00000000,140627.76256000,0
1757376000000000,0.01691000,0.01714000,0.01691000,0.01706000,48894254.00000000,1757379599999999,832374.99259000,10606,23808303.00000000,405329.65796000,0
1757379600000000,0.01706000,0.01712000,0.01690000,0.01691000,19009119.00000000,1757383199999999,322903.42401000,4911,9038099.00000000,153593.87869000,0
1757383200000000,0.01690000,0.01698000,0.01672000,0.01678000,22252990.00000000,1757386799999999,374920.11398000,5497,10133710.00000000,170881.31152000,0
1757386800000000,0.01677000,0.01704000,0.01673000,0.01703000,21428886.00000000,1757390399999999,362094.08117000,4770,12122908.00000000,204958.94426000,0
1757390400000000,0.01703000,0.01711000,0.01695000,0.01704000,23401481.00000000,1757393999999999,398672.00232000,4412,11162234.00000000,190282.11305000,0
1757394000000000,0.01704000,0.01711000,0.01699000,0.01711000,13351161.00000000,1757397599999999,227479.06269000,2760,7011389.00000000,119510.12506000,0
1757397600000000,0.01710000,0.01747000,0.01709000,0.01741000,44524427.00000000,1757401199999999,771259.65308000,6951,25187187.00000000,435956.83788000,0
1757401200000000,0.01742000,0.01753000,0.01732000,0.01745000,44270653.00000000,1757404799999999,772683.42806000,8237,22467706.00000000,392284.63538000,0
1757404800000000,0.01745000,0.01752000,0.01738000,0.01751000,26583858.00000000,1757408399999999,463910.97137000,4692,15194688.00000000,265210.09116000,0
1757408400000000,0.01751000,0.01755000,0.01742000,0.01744000,35040886.00000000,1757411999999999,612291.11175000,4933,14271717.00000000,249495.19431000,0
1757412000000000,0.01744000,0.01751000,0.01732000,0.01735000,55075331.00000000,1757415599999999,959599.88778000,8469,24027427.00000000,418832.13495000,0
1757415600000000,0.01735000,0.01750000,0.01734000,0.01736000,28508047.00000000,1757419199999999,496250.52650000,4336,11916100.00000000,207534.76860000,0
1757419200000000,0.01737000,0.01751000,0.01717000,0.01722000,52896066.00000000,1757422799999999,916204.77527000,6913,25858544.00000000,447775.88415000,0
1757422800000000,0.01722000,0.01736000,0.01712000,0.01729000,45608626.00000000,1757426399999999,785712.72440000,7161,23502200.00000000,405304.26860000,0
1757426400000000,0.01730000,0.01734000,0.01683000,0.01698000,98593543.00000000,1757429999999999,1683523.02524000,17618,44110042.00000000,753297.09632000,0
1757430000000000,0.01698000,0.01702000,0.01674000,0.01683000,38893181.00000000,1757433599999999,655241.76781000,7653,18440457.00000000,310791.24494000,0
1757433600000000,0.01683000,0.01688000,0.01664000,0.01676000,32752797.00000000,1757437199999999,548343.27292000,4626,12993683.00000000,217469.35847000,0
1757437200000000,0.01676000,0.01690000,0.01673000,0.01679000,17203422.00000000,1757440799999999,289495.24163000,2740,8482009.00000000,142731.98198000,0
1757440800000000,0.01679000,0.01686000,0.01675000,0.01681000,10084777.00000000,1757444399999999,169443.90202000,1738,4506480.00000000,75723.19348000,0
1757444400000000,0.01682000,0.01696000,0.01678000,0.01690000,14409858.00000000,1757447999999999,243160.24203000,2492,6788433.00000000,114522.05187000,0
1757448000000000,0.01690000,0.01693000,0.01681000,0.01691000,18629127.00000000,1757451599999999,314066.07005000,2709,8292869.00000000,139870.90867000,0
1757451600000000,0.01690000,0.01699000,0.01679000,0.01682000,16024089.00000000,1757455199999999,270763.48278000,1953,7983770.00000000,134890.01368000,0
1757455200000000,0.01682000,0.01695000,0.01675000,0.01695000,15691170.00000000,1757458799999999,264344.79648000,1934,7377543.00000000,124315.52055000,0
1757458800000000,0.01696000,0.01701000,0.01686000,0.01693000,22898775.00000000,1757462399999999,387714.21703000,2336,14045346.00000000,237819.41565000,0
1757462400000000,0.01693000,0.01697000,0.01678000,0.01679000,20803021.00000000,1757465999999999,350695.03588000,3650,9701873.00000000,163530.03515000,0
1757466000000000,0.01679000,0.01699000,0.01674000,0.01688000,17478399.00000000,1757469599999999,295107.85757000,3240,8200891.00000000,138721.37331000,0
1757469600000000,0.01688000,0.01715000,0.01688000,0.01709000,24582053.00000000,1757473199999999,419408.28787000,4012,13784001.00000000,235286.12089000,0
1757473200000000,0.01709000,0.01719000,0.01702000,0.01715000,12539002.00000000,1757476799999999,214561.42628000,2203,7360329.00000000,125971.61276000,0
1757476800000000,0.01715000,0.01715000,0.01704000,0.01714000,14219784.00000000,1757480399999999,243226.05001000,1993,8077787.00000000,138154.93210000,0
1757480400000000,0.01714000,0.01715000,0.01697000,0.01708000,11663574.00000000,1757483999999999,199022.67600000,2839,6034178.00000000,103026.88172000,0
1757484000000000,0.01708000,0.01718000,0.01700000,0.01712000,13909417.00000000,1757487599999999,237785.21003000,2353,7833593.00000000,133967.53562000,0
1757487600000000,0.01712000,0.01722000,0.01708000,0.01712000,18918913.00000000,1757491199999999,324606.47469000,3216,8354102.00000000,143384.13084000,0
1757491200000000,0.01713000,0.01717000,0.01706000,0.01709000,16105914.00000000,1757494799999999,275410.90594000,2686,8110086.00000000,138676.60652000,0
1757494800000000,0.01709000,0.01712000,0.01700000,0.01711000,10445930.00000000,1757498399999999,178374.80015000,2207,5057814.00000000,86397.39269000,0
1757498400000000,0.01711000,0.01711000,0.01690000,0.01693000,21808544.00000000,1757501999999999,370889.19679000,3141,9150224.00000000,155667.58769000,0
1757502000000000,0.01692000,0.01702000,0.01690000,0.01697000,14799555.00000000,1757505599999999,251112.20598000,2568,9189046.00000000,155923.48043000,0
1757505600000000,0.01698000,0.01737000,0.01695000,0.01729000,85684548.00000000,1757509199999999,1475222.22591000,11409,44356314.00000000,763561.19863000,0
1757509200000000,0.01729000,0.01749000,0.01724000,0.01735000,48191202.00000000,1757512799999999,836618.74602000,8038,21096279.00000000,366386.72086000,0
1757512800000000,0.01736000,0.01746000,0.01727000,0.01730000,32458265.00000000,1757516399999999,563560.21919000,5221,15091423.00000000,262167.64975000,0
1757516400000000,0.01730000,0.01739000,0.01726000,0.01727000,21310983.00000000,1757519999999999,369008.80689000,3621,10111221.00000000,175129.98339000,0
1757520000000000,0.01727000,0.01730000,0.01711000,0.01730000,20815362.00000000,1757523599999999,358064.82206000,3625,9869934.00000000,169732.53380000,0
1757523600000000,0.01731000,0.01734000,0.01714000,0.01721000,23350672.00000000,1757527199999999,402704.17347000,3517,9354115.00000000,161210.76838000,0
1757527200000000,0.01721000,0.01722000,0.01711000,0.01720000,13369108.00000000,1757530799999999,229567.64336000,2747,5416662.00000000,92996.07531000,0
1757530800000000,0.01720000,0.01720000,0.01689000,0.01698000,25093291.00000000,1757534399999999,426103.42519000,3648,10210875.00000000,173457.25230000,0
1757534400000000,0.01698000,0.01710000,0.01697000,0.01708000,10647913.00000000,1757537999999999,181597.83219000,1787,5205608.00000000,88780.31811000,0
1757538000000000,0.01708000,0.01726000,0.01706000,0.01721000,18143313.00000000,1757541599999999,312151.00796000,2643,8522273.00000000,146521.82828000,0
1757541600000000,0.01720000,0.01729000,0.01719000,0.01726000,8853687.00000000,1757545199999999,152605.14652000,1844,4297137.00000000,74089.10564000,0
1757545200000000,0.01727000,0.01731000,0.01723000,0.01729000,15937213.00000000,1757548799999999,275309.17560000,1495,9278314.00000000,160366.03515000,0
1757548800000000,0.01729000,0.01734000,0.01724000,0.01734000,10420325.00000000,1757552399999999,180160.24308000,1496,3891688.00000000,67271.37934000,0
1757552400000000,0.01733000,0.01740000,0.01730000,0.01733000,11400486.00000000,1757555999999999,197610.11827000,2168,4426293.00000000,76730.23578000,0
1757556000000000,0.01733000,0.01737000,0.01729000,0.01729000,13315204.00000000,1757559599999999,230675.83587000,1841,4918578.00000000,85249.74238000,0
1757559600000000,0.01729000,0.01744000,0.01728000,0.01743000,13955521.00000000,1757563199999999,242485.85620000,2113,7870406.00000000,136763.60103000,0
1757563200000000,0.01742000,0.01742000,0.01731000,0.01738000,18545912.00000000,1757566799999999,322071.51121000,2015,8303761.00000000,144165.87716000,0
1757566800000000,0.01738000,0.01738000,0.01723000,0.01728000,17778174.00000000,1757570399999999,307273.14495000,2403,8191121.00000000,141560.55382000,0
1757570400000000,0.01727000,0.01733000,0.01718000,0.01733000,14695321.00000000,1757573999999999,253616.30646000,2252,6355765.00000000,109755.24739000,0
1757574000000000,0.01734000,0.01763000,0.01733000,0.01747000,64233676.00000000,1757577599999999,1123572.11393000,6136,36340043.00000000,635842.87002000,0
1757577600000000,0.01746000,0.01753000,0.01740000,0.01744000,30172838.00000000,1757581199999999,526662.97905000,3679,12204138.00000000,213063.13123000,0
1757581200000000,0.01744000,0.01744000,0.01733000,0.01735000,14406073.00000000,1757584799999999,250206.59015000,2275,5431008.00000000,94308.36381000,0
1757584800000000,0.01734000,0.01735000,0.01710000,0.01723000,57192151.00000000,1757588399999999,984828.21885000,5217,22500086.00000000,387519.88127000,0
1757588400000000,0.01723000,0.01730000,0.01711000,0.01715000,30741800.00000000,1757591999999999,529555.29258000,2945,15844975.00000000,272996.30119000,0
1757592000000000,0.01714000,0.01741000,0.01689000,0.01714000,140119523.00000000,1757595599999999,2397172.91745000,17962,68821134.00000000,1177919.16384000,0
1757595600000000,0.01715000,0.01722000,0.01691000,0.01722000,45997417.00000000,1757599199999999,783690.16040000,7296,21629963.00000000,368957.69692000,0
1757599200000000,0.01722000,0.01722000,0.01697000,0.01712000,18056263.00000000,1757602799999999,308295.41256000,3765,8971249.00000000,153211.48019000,0
1757602800000000,0.01711000,0.01716000,0.01701000,0.01705000,32621378.00000000,1757606399999999,557605.73506000,4554,18751805.00000000,320660.69019000,0
1757606400000000,0.01704000,0.01720000,0.01703000,0.01713000,29915006.00000000,1757609999999999,512263.54171000,3714,15305883.00000000,262141.63575000,0
1757610000000000,0.01713000,0.01724000,0.01710000,0.01722000,9439206.00000000,1757613599999999,162245.27315000,2219,3973353.00000000,68303.68262000,0
1757613600000000,0.01723000,0.01726000,0.01712000,0.01721000,16727524.00000000,1757617199999999,287427.90228000,2261,5326506.00000000,91588.44778000,0
1757617200000000,0.01720000,0.01738000,0.01718000,0.01735000,12283138.00000000,1757620799999999,212479.45617000,2242,6087391.00000000,105297.43456000,0
1757620800000000,0.01735000,0.01743000,0.01731000,0.01735000,11537232.00000000,1757624399999999,200397.15716000,1906,7046606.00000000,122433.84639000,0
1757624400000000,0.01736000,0.01745000,0.01733000,0.01744000,10002726.00000000,1757627999999999,173903.06281000,1609,3987165.00000000,69369.06284000,0
1757628000000000,0.01744000,0.01755000,0.01743000,0.01750000,31677828.00000000,1757631599999999,554063.50012000,3481,16772604.00000000,293398.00957000,0
1757631600000000,0.01750000,0.01763000,0.01750000,0.01756000,23588669.00000000,1757635199999999,414402.67374000,2696,12683121.00000000,222816.47154000,0
1757635200000000,0.01756000,0.01783000,0.01752000,0.01774000,35164427.00000000,1757638799999999,622735.36182000,6603,17637215.00000000,312371.63281000,0
1757638800000000,0.01774000,0.01784000,0.01763000,0.01763000,23762629.00000000,1757642399999999,421451.85254000,3975,10149305.00000000,180073.82233000,0
1757642400000000,0.01764000,0.01772000,0.01762000,0.01765000,15267843.00000000,1757645999999999,269704.06927000,2460,7684057.00000000,135766.42731000,0
1757646000000000,0.01764000,0.01765000,0.01752000,0.01760000,15128081.00000000,1757649599999999,265990.37060000,2181,6192753.00000000,108867.72559000,0
1757649600000000,0.01759000,0.01768000,0.01751000,0.01765000,24888867.00000000,1757653199999999,438414.08103000,3366,10694367.00000000,188284.14608000,0
1757653200000000,0.01764000,0.01792000,0.01759000,0.01790000,53291533.00000000,1757656799999999,947014.52047000,5043,29896470.00000000,531898.99482000,0
1757656800000000,0.01790000,0.01802000,0.01782000,0.01788000,73489308.00000000,1757660399999999,1317779.40820000,5882,41437665.00000000,743275.10162000,0
1757660400000000,0.01787000,0.01794000,0.01775000,0.01784000,36970538.00000000,1757663999999999,659440.92520000,3295,17077906.00000000,304704.06495000,0
1757664000000000,0.01784000,0.01785000,0.01767000,0.01769000,28403482.00000000,1757667599999999,503811.35295000,3374,12657948.00000000,224512.10982000,0
1757667600000000,0.01769000,0.01776000,0.01757000,0.01761000,41896069.00000000,1757671199999999,740298.14030000,4031,21126784.00000000,373467.12241000,0
1757671200000000,0.01761000,0.01763000,0.01750000,0.01759000,29626528.00000000,1757674799999999,520289.29012000,4078,11618302.00000000,204045.32557000,0
1757674800000000,0.01759000,0.01765000,0.01744000,0.01746000,26975447.00000000,1757678399999999,473139.22019000,2570,5746928.00000000,100842.97691000,0
1757678400000000,0.01746000,0.01757000,0.01734000,0.01755000,37213862.00000000,1757681999999999,649366.46441000,4219,17609791.00000000,307417.49572000,0
1757682000000000,0.01755000,0.01764000,0.01748000,0.01761000,54917033.00000000,1757685599999999,964428.82225000,7069,26187086.00000000,459985.72357000,0
1757685600000000,0.01761000,0.01772000,0.01751000,0.01762000,42685274.00000000,1757689199999999,752833.07392000,7850,16642800.00000000,293584.78406000,0
1757689200000000,0.01762000,0.01764000,0.01747000,0.01762000,37682469.00000000,1757692799999999,661811.71139000,5305,18219647.00000000,320021.30549000,0
1757692800000000,0.01762000,0.01780000,0.01758000,0.01780000,53813392.00000000,1757696399999999,953520.73416000,6141,23674522.00000000,419789.62073000,0
1757696400000000,0.01781000,0.01797000,0.01772000,0.01791000,41328158.00000000,1757699999999999,738801.37863000,5312,22270874.00000000,398196.48127000,0
1757700000000000,0.01790000,0.01807000,0.01788000,0.01804000,35475653.00000000,1757703599999999,638837.79463000,3800,19987582.00000000,360064.59088000,0
1757703600000000,0.01804000,0.01809000,0.01795000,0.01807000,34832725.00000000,1757707199999999,627555.78100000,3513,15341357.00000000,276422.32968000,0
1757707200000000,0.01806000,0.01808000,0.01791000,0.01800000,34954012.00000000,1757710799999999,628801.65776000,3938,12261575.00000000,220549.24073000,0
1757710800000000,0.01799000,0.01800000,0.01786000,0.01794000,33353611.00000000,1757714399999999,597651.98321000,3285,15281881.00000000,273825.99771000,0
1757714400000000,0.01794000,0.01810000,0.01794000,0.01805000,38216776.00000000,1757717999999999,689344.54682000,4092,20018805.00000000,361215.91187000,0
1757718000000000,0.01804000,0.01805000,0.01796000,0.01803000,29277178.00000000,1757721599999999,527137.08659000,2305,14572827.00000000,262384.91056000,0
1757721600000000,0.01803000,0.01806000,0.01795000,0.01804000,35063926.00000000,1757725199999999,631413.69990000,3184,15832526.00000000,285070.15116000,0
1757725200000000,0.01804000,0.01825000,0.01804000,0.01806000,57593005.00000000,1757728799999999,1045745.51953000,4645,31106332.00000000,564910.55987000,0
1757728800000000,0.01805000,0.01822000,0.01800000,0.01818000,18141560.00000000,1757732399999999,328855.95717000,2545,8565031.00000000,155315.51655000,0
1757732400000000,0.01819000,0.01833000,0.01816000,0.01823000,90749483.00000000,1757735999999999,1658329.32742000,3717,58385365.00000000,1067100.70056000,0
1757736000000000,0.01824000,0.01825000,0.01814000,0.01817000,23202294.00000000,1757739599999999,422337.98757000,2528,10882480.00000000,198098.62599000,0
1757739600000000,0.01816000,0.01819000,0.01807000,0.01818000,31694165.00000000,1757743199999999,574847.82381000,2925,14941606.00000000,271008.20898000,0
1757743200000000,0.01818000,0.01829000,0.01817000,0.01824000,29130410.00000000,1757746799999999,530940.00004000,3317,11029345.00000000,201089.04264000,0
1757746800000000,0.01825000,0.01826000,0.01817000,0.01818000,12533777.00000000,1757750399999999,228340.95757000,1801,4838703.00000000,88156.88547000,0
1757750400000000,0.01818000,0.01838000,0.01816000,0.01837000,26991576.00000000,1757753999999999,493113.78288000,2728,14478009.00000000,264568.93069000,0
1757754000000000,0.01838000,0.01852000,0.01836000,0.01844000,64268193.00000000,1757757599999999,1185597.59983000,4800,38591451.00000000,711680.00113000,0
1757757600000000,0.01844000,0.01859000,0.01840000,0.01851000,39529312.00000000,1757761199999999,731720.57166000,4684,19514916.00000000,361195.18911000,0
1757761200000000,0.01852000,0.01862000,0.01840000,0.01861000,29673458.00000000,1757764799999999,549253.99638000,3324,15031040.00000000,278311.45255000,0
1757764800000000,0.01861000,0.01869000,0.01852000,0.01866000,37637329.00000000,1757768399999999,699638.96346000,3829,18581348.00000000,345429.16868000,0
1757768400000000,0.01867000,0.01875000,0.01807000,0.01837000,99373187.00000000,1757771999999999,1827932.89906000,13159,41159666.00000000,757192.72434000,0
1757772000000000,0.01837000,0.01855000,0.01818000,0.01841000,45392530.00000000,1757775599999999,834177.02570000,8261,23483917.00000000,431862.85374000,0
1757775600000000,0.01840000,0.01856000,0.01825000,0.01835000,47210128.00000000,1757779199999999,868988.00477000,6366,20213393.00000000,372161.04966000,0
1757779200000000,0.01836000,0.01846000,0.01810000,0.01818000,59653860.00000000,1757782799999999,1091442.70233000,8312,21713958.00000000,397549.66201000,0
1757782800000000,0.01819000,0.01833000,0.01791000,0.01833000,74315424.00000000,1757786399999999,1345883.46188000,10454,34149242.00000000,619188.60425000,0
1757786400000000,0.01832000,0.01836000,0.01821000,0.01834000,23403330.00000000,1757789999999999,427987.43377000,3191,12175206.00000000,222700.80760000,0
1757790000000000,0.01834000,0.01834000,0.01823000,0.01829000,15760882.00000000,1757793599999999,288243.11676000,2726,6733297.00000000,123143.53855000,0
1757793600000000,0.01829000,0.01844000,0.01828000,0.01837000,22440671.00000000,1757797199999999,412610.31706000,3517,7971212.00000000,146530.78577000,0
1757797200000000,0.01837000,0.01851000,0.01836000,0.01841000,20583373.00000000,1757800799999999,379352.95294000,3478,9140804.00000000,168517.77927000,0
1757800800000000,0.01842000,0.01847000,0.01835000,0.01839000,10130227.00000000,1757804399999999,186408.58033000,1640,3976668.00000000,73209.34823000,0
1757804400000000,0.01839000,0.01844000,0.01834000,0.01837000,13166791.00000000,1757807999999999,242164.38888000,1834,5868988.00000000,107982.03262000,0
1757808000000000,0.01838000,0.01841000,0.01817000,0.01823000,15483863.00000000,1757811599999999,283719.53231000,2330,4501805.00000000,82482.32001000,0
1757811600000000,0.01822000,0.01826000,0.01799000,0.01825000,33309683.00000000,1757815199999999,602702.40611000,4043,14107946.00000000,255321.41828000,0
1757815200000000,0.01826000,0.01838000,0.01819000,0.01826000,15281948.00000000,1757818799999999,279713.97173000,2608,6801509.00000000,124550.24672000,0
1757818800000000,0.01827000,0.01829000,0.01803000,0.01806000,19529306.00000000,1757822399999999,355084.99705000,3544,8392019.00000000,152605.55532000,0
1757822400000000,0.01806000,0.01813000,0.01788000,0.01807000,22907549.00000000,1757825999999999,412280.65593000,3555,10806076.00000000,194557.79256000,0
1757826000000000,0.01807000,0.01825000,0.01806000,0.01824000,8460172.00000000,1757829599999999,153866.10742000,1573,4463755.00000000,81189.27952000,0
1757829600000000,0.01824000,0.01826000,0.01799000,0.01810000,10981693.00000000,1757833199999999,198957.93910000,1994,4110846.00000000,74489.47720000,0
1757833200000000,0.01811000,0.01812000,0.01797000,0.01802000,10565206.00000000,1757836799999999,190692.22606000,2322,4605855.00000000,83146.56255000,0
1757836800000000,0.01802000,0.01807000,0.01793000,0.01798000,15033815.00000000,1757840399999999,270251.20777000,2233,5571800.00000000,100222.55980000,0
1757840400000000,0.01797000,0.01811000,0.01792000,0.01803000,20616712.00000000,1757843999999999,371443.77914000,2523,12537350.00000000,225918.09049000,0
1757844000000000,0.01803000,0.01805000,0.01793000,0.01794000,9919964.00000000,1757847599999999,178255.31942000,1718,4832269.00000000,86835.42211000,0
1757847600000000,0.01794000,0.01797000,0.01756000,0.01758000,45923316.00000000,1757851199999999,814250.62926000,4973,15312880.00000000,271295.76102000,0
1757851200000000,0.01758000,0.01771000,0.01741000,0.01750000,32759738.00000000,1757854799999999,574953.17380000,4971,13071670.00000000,229545.96622000,0
1757854800000000,0.01750000,0.01758000,0.01732000,0.01743000,41249826.00000000,1757858399999999,720623.38919000,5951,18203162.00000000,318283.72478000,0
1757858400000000,0.01743000,0.01757000,0.01720000,0.01731000,63558362.00000000,1757861999999999,1103869.19100000,10895,31763379.00000000,552331.75768000,0
1757862000000000,0.01730000,0.01737000,0.01715000,0.01729000,38499070.00000000,1757865599999999,663822.84364000,5412,17453165.00000000,301109.76203000,0
1757865600000000,0.01728000,0.01749000,0.01724000,0.01741000,27967308.00000000,1757869199999999,487000.19840000,4287,19552133.00000000,340442.06645000,0
1757869200000000,0.01741000,0.01762000,0.01737000,0.01754000,25601857.00000000,1757872799999999,448311.87635000,3451,12552392.00000000,219883.62870000,0
1757872800000000,0.01754000,0.01754000,0.01741000,0.01742000,12411234.00000000,1757876399999999,216647.96380000,2231,5578774.00000000,97404.53761000,0
1757876400000000,0.01742000,0.01752000,0.01737000,0.01744000,10281177.00000000,1757879999999999,179550.97846000,2204,4614944.00000000,80644.51637000,0
1757880000000000,0.01743000,0.01755000,0.01743000,0.01747000,12160861.00000000,1757883599999999,212681.90264000,2087,5245519.00000000,91755.38423000,0
1757883600000000,0.01747000,0.01765000,0.01737000,0.01759000,14623625.00000000,1757887199999999,255821.20510000,2516,8503167.00000000,148836.15260000,0
1757887200000000,0.01760000,0.01772000,0.01751000,0.01765000,9290593.00000000,1757890799999999,163784.06645000,1843,5159000.00000000,91013.67752000,0
1757890800000000,0.01766000,0.01766000,0.01741000,0.01744000,17919097.00000000,1757894399999999,313359.19292000,2992,8175109.00000000,142944.12907000,0
1757894400000000,0.01744000,0.01761000,0.01744000,0.01748000,19139590.00000000,1757897999999999,334971.38400000,2937,8790781.00000000,153892.70671000,0
1757898000000000,0.01748000,0.01761000,0.01728000,0.01756000,14805398.00000000,1757901599999999,258484.05280000,3257,6891484.00000000,120526.98453000,0
1757901600000000,0.01756000,0.01769000,0.01750000,0.01753000,13848392.00000000,1757905199999999,243781.13670000,2715,7743603.00000000,136308.93538000,0
1757905200000000,0.01753000,0.01771000,0.01751000,0.01768000,11510823.00000000,1757908799999999,203149.54485000,2300,6037516.00000000,106577.16150000,0
1757908800000000,0.01768000,0.01777000,0.01761000,0.01763000,15416093.00000000,1757912399999999,272798.78397000,2571,6382607.00000000,112977.94824000,0
1757912400000000,0.01762000,0.01787000,0.01762000,0.01785000,24840369.00000000,1757915999999999,441337.96781000,2766,15440342.00000000,274419.37341000,0
1757916000000000,0.01785000,0.01786000,0.01743000,0.01752000,25789283.00000000,1757919599999999,454839.49379000,4237,11993162.00000000,211670.01716000,0
1757919600000000,0.01751000,0.01766000,0.01718000,0.01724000,62719582.00000000,1757923199999999,1086581.20410000,8984,27232022.00000000,471690.79255000,0
1757923200000000,0.01724000,0.01724000,0.01666000,0.01672000,149927584.00000000,1757926799999999,2537278.28510000,18422,67012199.00000000,1133847.30949000,0
1757926800000000,0.01672000,0.01695000,0.01669000,0.01692000,36682903.00000000,1757930399999999,618520.52241000,6455,19871549.00000000,335109.72103000,0
1757930400000000,0.01691000,0.01692000,0.01674000,0.01688000,22397391.00000000,1757933999999999,377178.38989000,3651,12567012.00000000,211638.35360000,0
1757934000000000,0.01687000,0.01691000,0.01676000,0.01685000,19268973.00000000,1757937599999999,324370.84463000,2722,7721815.00000000,130064.86313000,0
1757937600000000,0.01684000,0.01689000,0.01667000,0.01668000,27183034.00000000,1757941199999999,455846.40786000,3647,11903316.00000000,199660.09155000,0
1757941200000000,0.01668000,0.01688000,0.01664000,0.01676000,36437476.00000000,1757944799999999,610345.03171000,6008,17497592.00000000,293130.00142000,0
1757944800000000,0.01676000,0.01682000,0.01658000,0.01664000,46718922.00000000,1757948399999999,780407.99522000,5741,16303717.00000000,272025.09758000,0
1757948400000000,0.01664000,0.01670000,0.01640000,0.01652000,54504087.00000000,1757951999999999,901575.48775000,6590,20223484.00000000,334480.21817000,0
1757952000000000,0.01653000,0.01655000,0.01632000,0.01637000,35487876.00000000,1757955599999999,583161.18056000,4653,13644998.00000000,224497.93552000,0
1757955600000000,0.01638000,0.01657000,0.01636000,0.01657000,24465997.00000000,1757959199999999,402455.55308000,4145,18199731.00000000,299471.30500000,0
1757959200000000,0.01656000,0.01663000,0.01648000,0.01659000,26412509.00000000,1757962799999999,437237.08635000,3370,17174951.00000000,284350.00344000,0
1757962800000000,0.01658000,0.01666000,0.01650000,0.01659000,14754823.00000000,1757966399999999,244838.22768000,2694,7721911.00000000,128279.99005000,0
1757966400000000,0.01659000,0.01669000,0.01656000,0.01667000,19972773.00000000,1757969999999999,332599.85794000,2412,13369417.00000000,222667.21778000,0
1757970000000000,0.01668000,0.01672000,0.01663000,0.01669000,14230477.00000000,1757973599999999,237389.96901000,1480,6633696.00000000,110685.47004000,0
1757973600000000,0.01669000,0.01672000,0.01660000,0.01664000,9088727.00000000,1757977199999999,151340.59869000,1370,4040986.00000000,67318.22512000,0
1757977200000000,0.01664000,0.01669000,0.01661000,0.01667000,9623442.00000000,1757980799999999,160215.99817000,1362,4256286.00000000,70871.65011000,0
1757980800000000,0.01666000,0.01670000,0.01659000,0.01666000,11256386.00000000,1757984399999999,187324.58847000,1776,4650202.00000000,77437.18208000,0
1757984400000000,0.01667000,0.01675000,0.01660000,0.01660000,13422905.00000000,1757987999999999,223834.46924000,1758,7308751.00000000,121950.00470000,0
1757988000000000,0.01661000,0.01669000,0.01655000,0.01656000,8247901.00000000,1757991599999999,137114.40986000,1386,3456927.00000000,57481.67123000,0
1757991600000000,0.01657000,0.01665000,0.01655000,0.01657000,8136530.00000000,1757995199999999,135014.25333000,1410,4348414.00000000,72170.84655000,0
1757995200000000,0.01656000,0.01660000,0.01639000,0.01658000,9835021.00000000,1757998799999999,162329.55193000,1869,3874818.00000000,63956.80437000,0
1757998800000000,0.01658000,0.01677000,0.01657000,0.01677000,18030811.00000000,1758002399999999,301191.37750000,2143,11420990.00000000,190846.12823000,0
1758002400000000,0.01678000,0.01682000,0.01662000,0.01671000,20275115.00000000,1758005999999999,339834.31699000,1860,11161011.00000000,187204.28875000,0
1758006000000000,0.01671000,0.01685000,0.01670000,0.01683000,14409300.00000000,1758009599999999,241781.37344000,2276,7570421.00000000,127055.10338000,0
1758009600000000,0.01683000,0.01701000,0.01683000,0.01695000,20493327.00000000,1758013199999999,346782.81767000,2887,11403198.00000000,192972.25067000,0
1758013200000000,0.01694000,0.01698000,0.01684000,0.01691000,32674041.00000000,1758016799999999,552781.94781000,3191,18539059.00000000,313666.57537000,0
1758016800000000,0.01691000,0.01691000,0.01673000,0.01675000,22101113.00000000,1758020399999999,371452.47268000,3319,12669838.00000000,212946.12261000,0
1758020400000000,0.01675000,0.01682000,0.01670000,0.01677000,21603488.00000000,1758023999999999,362198.53417000,2695,14048791.00000000,235527.35144000,0
1758024000000000,0.01676000,0.01683000,0.01674000,0.01677000,16353238.00000000,1758027599999999,274382.05353000,2638,10647125.00000000,178665.29523000,0
1758027600000000,0.01678000,0.01694000,0.01660000,0.01681000,75924556.00000000,1758031199999999,1270814.81987000,9640,40589622.00000000,679936.74470000,0
1758031200000000,0.01680000,0.01680000,0.01654000,0.01679000,39665850.00000000,1758034799999999,660998.97332000,5797,22694811.00000000,378216.19623000,0
1758034800000000,0.01679000,0.01697000,0.01669000,0.01696000,46349753.00000000,1758038399999999,781075.69240000,4576,24911023.00000000,419603.68993000,0
1758038400000000,0.01697000,0.01698000,0.01680000,0.01687000,36326022.00000000,1758041999999999,613309.31418000,4816,20629787.00000000,348361.19355000,0
1758042000000000,0.01686000,0.01714000,0.01685000,0.01704000,42485137.00000000,1758045599999999,724185.22398000,4731,22395857.00000000,381543.66291000,0
1758045600000000,0.01704000,0.01713000,0.01693000,0.01700000,22868488.00000000,1758049199999999,389265.23892000,3483,10356478.00000000,176548.72297000,0
1758049200000000,0.01699000,0.01708000,0.01695000,0.01707000,14313141.00000000,1758052799999999,243673.93441000,2358,9753617.00000000,166031.97667000,0
1758052800000000,0.01707000,0.01711000,0.01703000,0.01708000,19280829.00000000,1758056399999999,329294.96417000,2215,11641717.00000000,198850.34145000,0
1758056400000000,0.01708000,0.01712000,0.01701000,0.01708000,14846122.00000000,1758059999999999,253228.17330000,1806,5724648.00000000,97691.41298000,0
1758060000000000,0.01709000,0.01717000,0.01706000,0.01711000,11398587.00000000,1758063599999999,195129.74377000,1818,7753596.00000000,132743.56547000,0
1758063600000000,0.01710000,0.01710000,0.01699000,0.01700000,12587771.00000000,1758067199999999,214355.01803000,1877,6561450.00000000,111725.50161000,0
1758067200000000,0.01701000,0.01704000,0.01693000,0.01699000,13865052.00000000,1758070799999999,235649.05624000,2433,6808063.00000000,115757.95938000,0
1758070800000000,0.01699000,0.01706000,0.01693000,0.01700000,11484462.00000000,1758074399999999,195121.28105000,1739,5206335.00000000,88508.61712000,0
1758074400000000,0.01701000,0.01718000,0.01696000,0.01707000,17503199.00000000,1758077999999999,298963.74687000,2788,9127161.00000000,155955.33979000,0
1758078000000000,0.01708000,0.01712000,0.01690000,0.01692000,14094916.00000000,1758081599999999,239850.38628000,2111,7420911.00000000,126353.25317000,0
1758081600000000,0.01691000,0.01698000,0.01678000,0.01684000,28452865.00000000,1758085199999999,479639.09017000,2611,17687890.00000000,298126.65811000,0
1758085200000000,0.01685000,0.01696000,0.01679000,0.01696000,20692377.00000000,1758088799999999,348785.97596000,2566,13721865.00000000,231325.28904000,0
1758088800000000,0.01695000,0.01710000,0.01691000,0.01708000,22646076.00000000,1758092399999999,384844.69901000,2363,11972647.00000000,203473.96893000,0
1758092400000000,0.01708000,0.01708000,0.01700000,0.01706000,8444660.00000000,1758095999999999,143950.66980000,1241,4458907.00000000,76020.78121000,0
1758096000000000,0.01706000,0.01707000,0.01682000,0.01688000,24844537.00000000,1758099599999999,419652.29192000,2727,12560477.00000000,212052.85842000,0
1758099600000000,0.01688000,0.01688000,0.01677000,0.01677000,13453328.00000000,1758103199999999,226312.36726000,1739,4270661.00000000,71896.75724000,0
1758103200000000,0.01677000,0.01682000,0.01669000,0.01675000,15300519.00000000,1758106799999999,256164.72118000,2248,6660468.00000000,111536.09222000,0
1758106800000000,0.01675000,0.01683000,0.01672000,0.01681000,8824819.00000000,1758110399999999,148180.03806000,1337,4225007.00000000,70949.57664000,0
1758110400000000,0.01680000,0.01692000,0.01675000,0.01686000,12367120.00000000,1758113999999999,208103.04709000,2058,6765563.00000000,113817.28076000,0
1758114000000000,0.01686000,0.01691000,0.01678000,0.01684000,14208277.00000000,1758117599999999,239483.52749000,2371,8886314.00000000,149770.68300000,0
1758117600000000,0.01684000,0.01689000,0.01672000,0.01674000,14827508.00000000,1758121199999999,248741.35733000,3206,5942497.00000000,99784.36823000,0
1758121200000000,0.01675000,0.01683000,0.01673000,0.01678000,13210629.00000000,1758124799999999,221557.74624000,2168,7396401.00000000,124055.02983000,0
1758124800000000,0.01677000,0.01694000,0.01665000,0.01691000,19437934.00000000,1758128399999999,326107.35048000,2922,11885372.00000000,199502.71419000,0
1758128400000000,0.01690000,0.01716000,0.01681000,0.01683000,64960309.00000000,1758131999999999,1105333.42202000,7921,32722401.00000000,556897.91161000,0
1758132000000000,0.01682000,0.01719000,0.01676000,0.01688000,176722446.00000000,1758135599999999,2996790.45698000,26162,94365768.00000000,1600085.53593000,0
1758135600000000,0.01689000,0.01736000,0.01688000,0.01735000,71634545.00000000,1758139199999999,1229166.50396000,9251,32575848.00000000,559273.01827000,0
1758139200000000,0.01736000,0.01766000,0.01726000,0.01731000,59471089.00000000,1758142799999999,1039558.53576000,6925,31806758.00000000,555810.27675000,0
1758142800000000,0.01731000,0.01768000,0.01713000,0.01767000,31706856.00000000,1758146399999999,552518.12529000,4942,14547066.00000000,253641.99862000,0
1758146400000000,0.01767000,0.01815000,0.01767000,0.01812000,90637175.00000000,1758149999999999,1624620.81740000,8690,53057599.00000000,951117.26933000,0
1758150000000000,0.01812000,0.01822000,0.01792000,0.01798000,66829823.00000000,1758153599999999,1206935.76203000,8684,27838357.00000000,503091.98679000,0
1758153600000000,0.01798000,0.01808000,0.01778000,0.01783000,47065606.00000000,1758157199999999,843782.24205000,6522,17979093.00000000,322629.40226000,0
1758157200000000,0.01783000,0.01803000,0.01780000,0.01792000,22302082.00000000,1758160799999999,399933.59912000,3746,11548110.00000000,207140.62238000,0
1758160800000000,0.01792000,0.01799000,0.01779000,0.01797000,22638538.00000000,1758164399999999,404722.96145000,3247,11333606.00000000,202741.74032000,0
1758164400000000,0.01797000,0.01817000,0.01794000,0.01808000,40850206.00000000,1758167999999999,738880.69997000,4556,24403699.00000000,441288.42348000,0
1758168000000000,0.01809000,0.01811000,0.01798000,0.01806000,29473133.00000000,1758171599999999,531560.77011000,3880,13006360.00000000,234623.16122000,0
1758171600000000,0.01805000,0.01806000,0.01791000,0.01798000,20931336.00000000,1758175199999999,376224.54446000,3175,6533145.00000000,117411.35461000,0
1758175200000000,0.01798000,0.01802000,0.01774000,0.01781000,25820214.00000000,1758178799999999,461003.81680000,4750,10415292.00000000,186089.53660000,0
1758178800000000,0.01781000,0.01789000,0.01772000,0.01782000,19697021.00000000,1758182399999999,350708.45829000,3163,9506158.00000000,169287.70717000,0
1758182400000000,0.01782000,0.01794000,0.01779000,0.01783000,16162889.00000000,1758185999999999,288864.89227000,3086,7753460.00000000,138614.71903000,0
1758186000000000,0.01783000,0.01794000,0.01773000,0.01788000,33726924.00000000,1758189599999999,601925.82635000,4427,17019487.00000000,303698.46043000,0
1758189600000000,0.01788000,0.01792000,0.01773000,0.01781000,17811324.00000000,1758193199999999,317045.13261000,2846,7560890.00000000,134656.27378000,0
1758193200000000,0.01782000,0.01787000,0.01779000,0.01784000,12595040.00000000,1758196799999999,224585.91698000,1826,5322053.00000000,94941.70148000,0
1758196800000000,0.01784000,0.01797000,0.01780000,0.01794000,16275248.00000000,1758200399999999,291423.37619000,2692,7163651.00000000,128253.52615000,0
1758200400000000,0.01795000,0.01809000,0.01786000,0.01805000,33057558.00000000,1758203999999999,594835.75402000,5185,17545260.00000000,315840.43773000,0
1758204000000000,0.01806000,0.01819000,0.01805000,0.01814000,38853064.00000000,1758207599999999,704250.31377000,4311,21202618.00000000,384450.81893000,0
1758207600000000,0.01815000,0.01824000,0.01808000,0.01821000,40493348.00000000,1758211199999999,735828.78265000,4720,24587284.00000000,447006.53389000,0
1758211200000000,0.01821000,0.01835000,0.01821000,0.01829000,34402171.00000000,1758214799999999,628832.56623000,4221,19006584.00000000,347465.57806000,0
1758214800000000,0.01829000,0.01854000,0.01827000,0.01853000,57262751.00000000,1758218399999999,1054931.00845000,6624,31614239.00000000,582792.01751000,0
1758218400000000,0.01853000,0.01865000,0.01846000,0.01862000,40015420.00000000,1758221999999999,741936.86949000,5078,22332502.00000000,414164.23667000,0
1758222000000000,0.01862000,0.01865000,0.01834000,0.01844000,38408141.00000000,1758225599999999,710649.13211000,4945,16657871.00000000,308393.83698000,0
1758225600000000,0.01844000,0.01855000,0.01841000,0.01847000,18941681.00000000,1758229199999999,350040.48255000,2953,9848005.00000000,182036.80940000,0
1758229200000000,0.01847000,0.01851000,0.01839000,0.01843000,13249007.00000000,1758232799999999,244382.64685000,2012,6581023.00000000,121416.70151000,0
1758232800000000,0.01843000,0.01847000,0.01829000,0.01829000,25928851.00000000,1758236399999999,476744.25343000,3459,9538781.00000000,175367.61750000,0
1758236400000000,0.01829000,0.01838000,0.01817000,0.01832000,36384556.00000000,1758239999999999,664287.16191000,4566,18232607.00000000,332909.22681000,0
1758240000000000,0.01832000,0.01870000,0.01832000,0.01869000,37002816.00000000,1758243599999999,686519.72967000,5376,22134142.00000000,410509.90866000,0
1758243600000000,0.01870000,0.01881000,0.01857000,0.01863000,55029377.00000000,1758247199999999,1028717.85700000,6807,27158388.00000000,508038.77026000,0
1758247200000000,0.01862000,0.01870000,0.01840000,0.01843000,20688019.00000000,1758250799999999,382954.64135000,3448,9143150.00000000,169254.81195000,0
1758250800000000,0.01843000,0.01854000,0.01812000,0.01817000,51341678.00000000,1758254399999999,938215.16702000,7475,18527416.00000000,338500.00738000,0
1758254400000000,0.01816000,0.01836000,0.01797000,0.01834000,38167897.00000000,1758257999999999,691092.46571000,6343,20719157.00000000,375536.06443000,0
1758258000000000,0.01834000,0.01837000,0.01810000,0.01820000,23613372.00000000,1758261599999999,430408.48568000,3894,13777594.00000000,251383.43032000,0
1758261600000000,0.01819000,0.01822000,0.01800000,0.01800000,22240212.00000000,1758265199999999,403052.05263000,4594,11123754.00000000,201639.81797000,0
1758265200000000,0.01800000,0.01821000,0.01798000,0.01813000,25215066.00000000,1758268799999999,456631.08362000,4265,13549656.00000000,245508.35791000,0
1758268800000000,0.01813000,0.01828000,0.01806000,0.01807000,24887976.00000000,1758272399999999,451454.73950000,3489,11524671.00000000,209105.60544000,0
1758272400000000,0.01808000,0.01823000,0.01786000,0.01795000,26104454.00000000,1758275999999999,470734.80474000,4272,10635875.00000000,191742.00540000,0
1758276000000000,0.01795000,0.01803000,0.01787000,0.01792000,30542131.00000000,1758279599999999,548168.67619000,4229,13022086.00000000,233789.44987000,0
1758279600000000,0.01791000,0.01792000,0.01759000,0.01770000,50242183.00000000,1758283199999999,891190.23157000,6074,24131379.00000000,428175.82288000,0
1758283200000000,0.01769000,0.01784000,0.01766000,0.01770000,24920682.00000000,1758286799999999,442563.04855000,3917,12464495.00000000,221376.14475000,0
1758286800000000,0.01770000,0.01791000,0.01770000,0.01783000,22735150.00000000,1758290399999999,404770.87949000,4698,11196108.00000000,199434.73422000,0
1758290400000000,0.01783000,0.01787000,0.01750000,0.01761000,49013275.00000000,1758293999999999,865928.38115000,7065,26461841.00000000,467407.89010000,0
1758294000000000,0.01760000,0.01762000,0.01737000,0.01754000,83245775.00000000,1758297599999999,1455822.78936000,9383,37315480.00000000,652121.17853000,0
1758297600000000,0.01754000,0.01764000,0.01749000,0.01759000,34821808.00000000,1758301199999999,611275.42720000,4192,20007116.00000000,351141.61590000,0
1758301200000000,0.01759000,0.01759000,0.01734000,0.01734000,23324657.00000000,1758304799999999,406787.23195000,3188,12755071.00000000,222560.17234000,0
1758304800000000,0.01735000,0.01739000,0.01723000,0.01728000,24052791.00000000,1758308399999999,416249.74778000,3660,12238505.00000000,211876.95983000,0
1758308400000000,0.01729000,0.01737000,0.01726000,0.01726000,13594134.00000000,1758311999999999,235511.99900000,2581,7513239.00000000,130170.66380000,0
1758312000000000,0.01725000,0.01735000,0.01725000,0.01727000,13750926.00000000,1758315599999999,237838.78505000,2373,7456720.00000000,129008.84283000,0
1758315600000000,0.01727000,0.01738000,0.01721000,0.01737000,18132013.00000000,1758319199999999,313976.76439000,2415,11021404.00000000,190829.65141000,0
1758319200000000,0.01736000,0.01742000,0.01732000,0.01732000,15021664.00000000,1758322799999999,260845.62596000,1226,9102398.00000000,158078.84587000,0
1758322800000000,0.01732000,0.01733000,0.01697000,0.01718000,34671022.00000000,1758326399999999,593298.25584000,4253,14305071.00000000,245032.82230000,0
1758326400000000,0.01717000,0.01731000,0.01714000,0.01730000,14041694.00000000,1758329999999999,241560.02275000,2660,8497929.00000000,146254.01007000,0
1758330000000000,0.01730000,0.01730000,0.01715000,0.01720000,15654639.00000000,1758333599999999,269779.09026000,2798,8125268.00000000,140073.93858000,0
1758333600000000,0.01719000,0.01722000,0.01700000,0.01721000,23084937.00000000,1758337199999999,395817.29895000,2665,13282444.00000000,227796.59767000,0
1758337200000000,0.01721000,0.01728000,0.01713000,0.01726000,9057338.00000000,1758340799999999,155908.52431000,2067,5615178.00000000,96678.98698000,0
1758340800000000,0.01725000,0.01743000,0.01722000,0.01740000,14761661.00000000,1758344399999999,255834.67915000,2827,8318541.00000000,144151.36552000,0
1758344400000000,0.01741000,0.01751000,0.01739000,0.01750000,17116960.00000000,1758347999999999,298701.49610000,2625,9744655.00000000,170070.95304000,0
1758348000000000,0.01750000,0.01751000,0.01742000,0.01745000,29988902.00000000,1758351599999999,524162.76807000,2546,15212921.00000000,265996.53690000,0
1758351600000000,0.01745000,0.01755000,0.01741000,0.01755000,18442719.00000000,1758355199999999,322303.61429000,2487,10135874.00000000,177163.26201000,0
1758355200000000,0.01754000,0.01759000,0.01740000,0.01740000,18124654.00000000,1758358799999999,317393.62188000,2456,10511303.00000000,184022.39932000,0
1758358800000000,0.01741000,0.01746000,0.01728000,0.01733000,16076540.00000000,1758362399999999,279309.30944000,2439,9742522.00000000,169295.41875000,0
1758362400000000,0.01734000,0.01739000,0.01725000,0.01726000,12615918.00000000,1758365999999999,218463.50867000,2257,5236692.00000000,90650.63518000,0
1758366000000000,0.01726000,0.01737000,0.01719000,0.01731000,20818514.00000000,1758369599999999,359183.06923000,2632,11176416.00000000,192885.50834000,0
1758369600000000,0.01731000,0.01736000,0.01725000,0.01736000,9418632.00000000,1758373199999999,162940.59013000,1922,4584443.00000000,79356.34030000,0
1758373200000000,0.01735000,0.01742000,0.01728000,0.01733000,11484272.00000000,1758376799999999,199158.07159000,2076,6023614.00000000,104487.87533000,0
1758376800000000,0.01732000,0.01771000,0.01728000,0.01767000,24697559.00000000,1758380399999999,432577.56139000,3676,16795342.00000000,293900.09190000,0
1758380400000000,0.01767000,0.01782000,0.01762000,0.01764000,31371818.00000000,1758383999999999,555694.60698000,4122,15323635.00000000,271416.17301000,0
1758384000000000,0.01765000,0.01772000,0.01753000,0.01764000,18142072.00000000,1758387599999999,319640.00870000,3049,7421657.00000000,130796.85851000,0
1758387600000000,0.01765000,0.01766000,0.01745000,0.01753000,16975149.00000000,1758391199999999,297920.87156000,2555,7116598.00000000,124910.28895000,0
1758391200000000,0.01753000,0.01758000,0.01743000,0.01748000,16112126.00000000,1758394799999999,281812.78591000,2459,6171677.00000000,108016.22597000,0
1758394800000000,0.01748000,0.01758000,0.01744000,0.01750000,12058731.00000000,1758398399999999,211170.40327000,2081,5980146.00000000,104757.05455000,0
1758398400000000,0.01750000,0.01766000,0.01748000,0.01763000,7383031.00000000,1758401999999999,129879.60745000,1805,4029406.00000000,70926.66744000,0
1758402000000000,0.01762000,0.01772000,0.01758000,0.01763000,11467892.00000000,1758405599999999,202459.39833000,1503,7199733.00000000,127157.39540000,0
1758405600000000,0.01764000,0.01764000,0.01753000,0.01758000,5532061.00000000,1758409199999999,97313.97923000,921,2287742.00000000,40240.99248000,0
1758409200000000,0.01757000,0.01757000,0.01745000,0.01751000,17068562.00000000,1758412799999999,298689.19369000,2029,4961001.00000000,86835.50528000,0
1758412800000000,0.01752000,0.01762000,0.01746000,0.01756000,16619447.00000000,1758416399999999,291475.69673000,2076,9171901.00000000,160849.76693000,0
1758416400000000,0.01757000,0.01758000,0.01741000,0.01744000,17509106.00000000,1758419999999999,305914.12605000,2021,6752558.00000000,118003.52179000,0
1758420000000000,0.01744000,0.01756000,0.01736000,0.01756000,45417315.00000000,1758423599999999,793026.02903000,3234,23605591.00000000,412294.97307000,0
1758423600000000,0.01756000,0.01760000,0.01750000,0.01758000,11279761.00000000,1758427199999999,198010.32763000,2020,6147721.00000000,107932.05879000,0
1758427200000000,0.01758000,0.01759000,0.01749000,0.01756000,15994427.00000000,1758430799999999,280429.90571000,2079,6636997.00000000,116381.11051000,0
1758430800000000,0.01757000,0.01772000,0.01752000,0.01771000,17293065.00000000,1758434399999999,304729.01240000,2196,8421853.00000000,148388.85216000,0
1758434400000000,0.01772000,0.01781000,0.01769000,0.01773000,20048115.00000000,1758437999999999,355809.05217000,2705,10522818.00000000,186770.55129000,0
1758438000000000,0.01773000,0.01788000,0.01767000,0.01772000,32870515.00000000,1758441599999999,585072.04428000,3280,21410625.00000000,381225.22484000,0
1758441600000000,0.01773000,0.01779000,0.01760000,0.01763000,19523280.00000000,1758445199999999,344960.93997000,2160,8772165.00000000,154989.29136000,0
1758445200000000,0.01764000,0.01766000,0.01729000,0.01749000,57011469.00000000,1758448799999999,994631.70372000,5678,26005646.00000000,453315.81830000,0
1758448800000000,0.01748000,0.01758000,0.01738000,0.01739000,30318407.00000000,1758452399999999,530378.11210000,3688,15798241.00000000,276662.09985000,0
1758452400000000,0.01738000,0.01752000,0.01736000,0.01745000,19935207.00000000,1758455999999999,347753.99040000,2846,9433694.00000000,164573.33735000,0
1758456000000000,0.01745000,0.01767000,0.01743000,0.01749000,21235249.00000000,1758459599999999,373514.75809000,2738,12630123.00000000,222247.02509000,0
1758459600000000,0.01749000,0.01764000,0.01747000,0.01763000,12876866.00000000,1758463199999999,226191.55762000,2177,8323890.00000000,146264.38921000,0
1758463200000000,0.01762000,0.01766000,0.01748000,0.01748000,10969109.00000000,1758466799999999,192746.35181000,1796,4206021.00000000,73908.54061000,0
1758466800000000,0.01747000,0.01756000,0.01737000,0.01740000,24754885.00000000,1758470399999999,431322.35508000,3067,7978289.00000000,139111.56682000,0
1758470400000000,0.01741000,0.01744000,0.01721000,0.01727000,43057032.00000000,1758473999999999,745714.10631000,4875,14508956.00000000,251360.04336000,0
1758474000000000,0.01728000,0.01746000,0.01713000,0.01745000,36146550.00000000,1758477599999999,623950.06287000,4774,20391530.00000000,352299.86627000,0
1758477600000000,0.01745000,0.01752000,0.01736000,0.01752000,17964951.00000000,1758481199999999,313225.08415000,2724,7828998.00000000,136555.28529000,0
1758481200000000,0.01752000,0.01752000,0.01732000,0.01743000,14023258.00000000,1758484799999999,244034.14982000,2179,6796119.00000000,118229.86679000,0
1758484800000000,0.01742000,0.01743000,0.01731000,0.01734000,18938309.00000000,1758488399999999,329189.26509000,2440,9870499.00000000,171676.34357000,0
1758488400000000,0.01734000,0.01741000,0.01727000,0.01735000,13169518.00000000,1758491999999999,228327.61130000,1781,6411320.00000000,111195.19247000,0
1758492000000000,0.01734000,0.01743000,0.01718000,0.01741000,20018308.00000000,1758495599999999,346628.28400000,2721,10412938.00000000,180597.44344000,0
1758495600000000,0.01740000,0.01741000,0.01719000,0.01724000,10808050.00000000,1758499199999999,186523.71498000,2208,5393916.00000000,93075.86773000,0
1758499200000000,0.01724000,0.01734000,0.01663000,0.01674000,149534265.00000000,1758502799999999,2529029.76530000,19497,69357170.00000000,1173827.39755000,0
1758502800000000,0.01673000,0.01686000,0.01660000,0.01672000,55326486.00000000,1758506399999999,924663.87217000,7992,26333351.00000000,440468.74766000,0
1758506400000000,0.01672000,0.01675000,0.01635000,0.01645000,85585105.00000000,1758509999999999,1413548.11566000,12701,41539847.00000000,686337.22352000,0
1758510000000000,0.01645000,0.01663000,0.01643000,0.01654000,29417504.00000000,1758513599999999,486490.56096000,4456,16363922.00000000,270555.37244000,0
1758513600000000,0.01654000,0.01660000,0.01644000,0.01650000,25596303.00000000,1758517199999999,422930.26389000,3218,8654534.00000000,143107.31520000,0
1758517200000000,0.01650000,0.01652000,0.01607000,0.01608000,47701471.00000000,1758520799999999,778724.52682000,5249,20382042.00000000,332837.63262000,0
1758520800000000,0.01608000,0.01611000,0.01484000,0.01549000,476637550.00000000,1758524399999999,7338055.32504000,41969,245936277.00000000,3785011.95695000,0
1758524400000000,0.01548000,0.01558000,0.01540000,0.01541000,87280448.00000000,1758527999999999,1351303.90651000,11591,49087821.00000000,760184.64607000,0
1758528000000000,0.01541000,0.01554000,0.01528000,0.01548000,67516530.00000000,1758531599999999,1042791.63585000,8946,39004299.00000000,602949.18253000,0
1758531600000000,0.01549000,0.01550000,0.01528000,0.01531000,65362782.00000000,1758535199999999,1007558.81072000,6715,35787425.00000000,552009.93652000,0
1758535200000000,0.01531000,0.01550000,0.01526000,0.01547000,40695219.00000000,1758538799999999,626676.94374000,4467,25575127.00000000,393783.21178000,0
1758538800000000,0.01546000,0.01548000,0.01533000,0.01536000,35637942.00000000,1758542399999999,548683.97105000,4528,17950680.00000000,276374.91896000,0
1758542400000000,0.01536000,0.01548000,0.01531000,0.01543000,53534697.00000000,1758545999999999,823656.54839000,5573,30102995.00000000,463197.64817000,0
1758546000000000,0.01542000,0.01552000,0.01530000,0.01552000,39804182.00000000,1758549599999999,613465.69229000,5751,20985108.00000000,323572.36221000,0
1758549600000000,0.01552000,0.01552000,0.01520000,0.01525000,54352756.00000000,1758553199999999,835550.05374000,6232,25030183.00000000,384771.17982000,0
1758553200000000,0.01524000,0.01530000,0.01511000,0.01514000,49065940.00000000,1758556799999999,745583.09715000,6090,22609719.00000000,343679.05048000,0
1758556800000000,0.01514000,0.01524000,0.01507000,0.01512000,28622737.00000000,1758560399999999,433540.82484000,5187,13285075.00000000,201163.34770000,0
1758560400000000,0.01512000,0.01523000,0.01504000,0.01519000,43672913.00000000,1758563999999999,660965.66762000,6150,19424025.00000000,294001.38362000,0
1758564000000000,0.01520000,0.01521000,0.01513000,0.01514000,34298724.00000000,1758567599999999,520307.83767000,4919,9776035.00000000,148303.36805000,0
1758567600000000,0.01514000,0.01515000,0.01493000,0.01500000,56500434.00000000,1758571199999999,849051.29838000,6923,25129802.00000000,377715.59282000,0
1758571200000000,0.01500000,0.01519000,0.01498000,0.01516000,78559367.00000000,1758574799999999,1185656.34190000,9535,24953397.00000000,376639.48066000,0
1758574800000000,0.01516000,0.01531000,0.01508000,0.01528000,36203183.00000000,1758578399999999,549824.75562000,3894,17790005.00000000,270401.31126000,0
1758578400000000,0.01528000,0.01534000,0.01524000,0.01531000,29411111.00000000,1758581999999999,449962.37813000,2092,16856547.00000000,257906.66771000,0
1758582000000000,0.01530000,0.01535000,0.01528000,0.01532000,18716544.00000000,1758585599999999,286532.14567000,1620,12019413.00000000,184017.80015000,0
1758585600000000,0.01532000,0.01540000,0.01524000,0.01524000,20279624.00000000,1758589199999999,310352.84171000,2395,8960625.00000000,137186.49089000,0
1758589200000000,0.01524000,0.01526000,0.01508000,0.01508000,17156954.00000000,1758592799999999,260497.11520000,2597,7847229.00000000,119118.96867000,0
1758592800000000,0.01509000,0.01518000,0.01498000,0.01500000,23422305.00000000,1758596399999999,353154.50258000,3334,10913284.00000000,164692.80725000,0
1758596400000000,0.01500000,0.01532000,0.01491000,0.01527000,48921331.00000000,1758599999999999,740839.85419000,5628,26952618.00000000,408375.21679000,0
1758600000000000,0.01527000,0.01533000,0.01511000,0.01521000,23149868.00000000,1758603599999999,352207.47583000,2771,12709634.00000000,193461.68198000,0
1758603600000000,0.01520000,0.01527000,0.01511000,0.01516000,23638118.00000000,1758607199999999,359345.73681000,3053,12015555.00000000,182631.32395000,0
1758607200000000,0.01516000,0.01540000,0.01516000,0.01539000,43332327.00000000,1758610799999999,663269.84115000,4315,22908872.00000000,350429.32199000,0
1758610800000000,0.01538000,0.01540000,0.01531000,0.01533000,28635518.00000000,1758614399999999,439863.09362000,3833,18025271.00000000,276918.21306000,0
1758614400000000,0.01534000,0.01548000,0.01530000,0.01545000,29177349.00000000,1758617999999999,449088.55440000,3596,13610793.00000000,209688.36670000,0
1758618000000000,0.01545000,0.01553000,0.01536000,0.01539000,19936209.00000000,1758621599999999,307854.89832000,2669,8615905.00000000,133104.82729000,0
1758621600000000,0.01538000,0.01552000,0.01536000,0.01549000,17506002.00000000,1758625199999999,270359.46821000,2271,9431869.00000000,145707.13745000,0
1758625200000000,0.01548000,0.01551000,0.01539000,0.01546000,18419649.00000000,1758628799999999,284505.60024000,2750,9825221.00000000,151782.13288000,0
1758628800000000,0.01546000,0.01552000,0.01539000,0.01548000,19569054.00000000,1758632399999999,302309.60412000,2670,10686785.00000000,165156.42956000,0
1758632400000000,0.01547000,0.01552000,0.01538000,0.01542000,22329171.00000000,1758635999999999,344909.58333000,3465,13478988.00000000,208218.50111000,0
1758636000000000,0.01543000,0.01560000,0.01536000,0.01537000,36884877.00000000,1758639599999999,570637.79297000,5172,20081687.00000000,310962.85694000,0
1758639600000000,0.01537000,0.01555000,0.01528000,0.01543000,27313029.00000000,1758643199999999,421246.82806000,3966,13824245.00000000,213380.09991000,0
1758643200000000,0.01543000,0.01561000,0.01536000,0.01554000,28574193.00000000,1758646799999999,442457.41126000,4454,13424489.00000000,207971.14393000,0
1758646800000000,0.01554000,0.01556000,0.01523000,0.01524000,22890499.00000000,1758650399999999,351158.13239000,3693,9630044.00000000,147871.47887000,0
1758650400000000,0.01525000,0.01533000,0.01513000,0.01518000,36525602.00000000,1758653999999999,555263.10064000,4035,21499091.00000000,326695.63192000,0
1758654000000000,0.01518000,0.01532000,0.01509000,0.01514000,19747372.00000000,1758657599999999,300187.30708000,2987,8173810.00000000,124524.68536000,0
1758657600000000,0.01513000,0.01526000,0.01507000,0.01526000,11615021.00000000,1758661199999999,176091.34661000,2463,5991560.00000000,90871.59447000,0
1758661200000000,0.01526000,0.01538000,0.01518000,0.01534000,10145913.00000000,1758664799999999,154971.25499000,1378,5842453.00000000,89298.08016000,0
1758664800000000,0.01534000,0.01536000,0.01521000,0.01524000,6873249.00000000,1758668399999999,105043.28423000,1330,4240133.00000000,64805.52406000,0
1758668400000000,0.01523000,0.01528000,0.01509000,0.01511000,25962627.00000000,1758671999999999,393587.67937000,2139,8071934.00000000,122397.40591000,0
1758672000000000,0.01511000,0.01529000,0.01508000,0.01520000,21355632.00000000,1758675599999999,324813.72132000,2903,13026714.00000000,198138.80708000,0
1758675600000000,0.01520000,0.01543000,0.01515000,0.01542000,18997643.00000000,1758679199999999,291673.43163000,2566,13916767.00000000,213699.13625000,0
1758679200000000,0.01542000,0.01545000,0.01527000,0.01533000,29476709.00000000,1758682799999999,452022.69974000,5256,14413145.00000000,221053.47011000,0
1758682800000000,0.01533000,0.01536000,0.01500000,0.01506000,55003974.00000000,1758686399999999,832365.79265000,7032,21072280.00000000,318887.80113000,0
1758686400000000,0.01506000,0.01531000,0.01479000,0.01519000,74636646.00000000,1758689999999999,1121940.02439000,8932,35157816.00000000,528857.97282000,0
1758690000000000,0.01519000,0.01540000,0.01519000,0.01538000,20705452.00000000,1758693599999999,316712.30967000,3198,13088049.00000000,200249.64087000,0
1758693600000000,0.01538000,0.01549000,0.01531000,0.01545000,59664171.00000000,1758697199999999,919526.57529000,4851,30146336.00000000,464755.62772000,0
1758697200000000,0.01545000,0.01549000,0.01536000,0.01546000,20345548.00000000,1758700799999999,313834.82661000,2150,10010654.00000000,154433.65376000,0
1758700800000000,0.01547000,0.01550000,0.01541000,0.01548000,22740043.00000000,1758704399999999,351469.80021000,2311,12696419.00000000,196236.79145000,0
1758704400000000,0.01547000,0.01554000,0.01543000,0.01547000,23761725.00000000,1758707999999999,367507.21435000,2216,7494958.00000000,115951.17560000,0
1758708000000000,0.01548000,0.01549000,0.01541000,0.01547000,19699511.00000000,1758711599999999,304430.98929000,1941,8881788.00000000,137253.36159000,0
1758711600000000,0.01547000,0.01554000,0.01545000,0.01549000,18492120.00000000,1758715199999999,286689.52044000,1985,8242370.00000000,127840.42906000,0
1758715200000000,0.01550000,0.01555000,0.01547000,0.01551000,14339905.00000000,1758718799999999,222362.62233000,1791,6102781.00000000,94646.35024000,0
1758718800000000,0.01551000,0.01556000,0.01539000,0.01540000,42100731.00000000,1758722399999999,651468.70668000,4651,16935589.00000000,262316.35136000,0
1758722400000000,0.01540000,0.01567000,0.01540000,0.01560000,29237658.00000000,1758725999999999,454613.06568000,4225,20401347.00000000,317219.42439000,0
1758726000000000,0.01560000,0.01563000,0.01543000,0.01546000,21200897.00000000,1758729599999999,329195.43838000,3208,9396438.00000000,145966.84869000,0
1758729600000000,0.01545000,0.01552000,0.01539000,0.01549000,9513396.00000000,1758733199999999,147152.61770000,2181,4805434.00000000,74369.92770000,0
1758733200000000,0.01549000,0.01558000,0.01548000,0.01550000,16155959.00000000,1758736799999999,250733.75593000,1536,5811482.00000000,90274.03289000,0
1758736800000000,0.01550000,0.01551000,0.01539000,0.01542000,24366121.00000000,1758740399999999,376414.23316000,1559,15481823.00000000,239182.40730000,0
1758740400000000,0.01542000,0.01544000,0.01532000,0.01539000,11904224.00000000,1758743999999999,183124.45485000,1420,7166165.00000000,110246.14807000,0
1758744000000000,0.01539000,0.01542000,0.01527000,0.01536000,15794945.00000000,1758747599999999,242747.72678000,1625,6020908.00000000,92603.73102000,0
1758747600000000,0.01536000,0.01536000,0.01515000,0.01519000,14786324.00000000,1758751199999999,226032.61002000,1261,6594719.00000000,100866.70614000,0
1758751200000000,0.01519000,0.01528000,0.01517000,0.01521000,7150182.00000000,1758754799999999,108952.28642000,1361,4510030.00000000,68731.61241000,0
1758754800000000,0.01520000,0.01525000,0.01516000,0.01523000,9607034.00000000,1758758399999999,146129.95211000,1780,5396276.00000000,82081.99598000,0
1758758400000000,0.01523000,0.01525000,0.01507000,0.01511000,18170245.00000000,1758761999999999,275279.22407000,2546,7434694.00000000,112636.71926000,0
1758762000000000,0.01510000,0.01515000,0.01497000,0.01502000,37313364.00000000,1758765599999999,562113.87644000,4631,14738679.00000000,222128.59937000,0
1758765600000000,0.01502000,0.01524000,0.01493000,0.01513000,56380574.00000000,1758769199999999,850536.07977000,4489,24577603.00000000,370838.74481000,0
1758769200000000,0.01514000,0.01514000,0.01485000,0.01500000,47329468.00000000,1758772799999999,706965.22624000,4541,18966441.00000000,283297.22125000,0
1758772800000000,0.01499000,0.01505000,0.01466000,0.01475000,66640717.00000000,1758776399999999,987957.59309000,9531,29975731.00000000,444375.31799000,0
1758776400000000,0.01475000,0.01499000,0.01469000,0.01492000,48353021.00000000,1758779999999999,718829.27848000,5351,22078194.00000000,328422.72796000,0
1758780000000000,0.01492000,0.01493000,0.01472000,0.01473000,38639422.00000000,1758783599999999,572058.31097000,4847,20385828.00000000,301836.69289000,0
1758783600000000,0.01472000,0.01488000,0.01470000,0.01477000,34204457.00000000,1758787199999999,506774.47154000,4077,16639716.00000000,246575.16150000,0
1758787200000000,0.01478000,0.01489000,0.01474000,0.01480000,18436928.00000000,1758790799999999,273164.43655000,2730,9681059.00000000,143455.31492000,0
1758790800000000,0.01481000,0.01499000,0.01478000,0.01479000,49385666.00000000,1758794399999999,735873.63977000,3866,26563153.00000000,396024.03491000,0
1758794400000000,0.01480000,0.01493000,0.01478000,0.01478000,13345643.00000000,1758797999999999,198304.62952000,2023,4784749.00000000,71065.74031000,0
1758798000000000,0.01478000,0.01483000,0.01466000,0.01472000,22281522.00000000,1758801599999999,328603.68778000,3382,11218953.00000000,165461.51951000,0
1758801600000000,0.01473000,0.01486000,0.01438000,0.01475000,112485445.00000000,1758805199999999,1645407.89398000,11787,58779789.00000000,860707.69084000,0
1758805200000000,0.01475000,0.01491000,0.01464000,0.01478000,66625428.00000000,1758808799999999,984773.22544000,9351,36655036.00000000,542007.23528000,0
1758808800000000,0.01478000,0.01503000,0.01478000,0.01487000,40325537.00000000,1758812399999999,601885.92121000,3872,22974572.00000000,343039.81946000,0
1758812400000000,0.01486000,0.01489000,0.01476000,0.01483000,26785843.00000000,1758815999999999,396946.15792000,1601,10312104.00000000,152845.66446000,0
1758816000000000,0.01483000,0.01486000,0.01451000,0.01454000,28893195.00000000,1758819599999999,423316.79416000,2297,12987183.00000000,190401.57441000,0
1758819600000000,0.01453000,0.01456000,0.01398000,0.01409000,148705339.00000000,1758823199999999,2122602.22801000,11016,70402098.00000000,1004507.63317000,0
1758823200000000,0.01409000,0.01456000,0.01406000,0.01456000,110071238.00000000,1758826799999999,1568533.84327000,7137,71737056.00000000,1022642.87181000,0
1758826800000000,0.01455000,0.01464000,0.01442000,0.01444000,25228258.00000000,1758830399999999,366996.61323000,1971,13121065.00000000,190990.72133000,0
1758830400000000,0.01444000,0.01445000,0.01418000,0.01422000,20399422.00000000,1758833999999999,291705.57694000,1982,10113234.00000000,144651.74570000,0
1758834000000000,0.01421000,0.01438000,0.01413000,0.01430000,26362404.00000000,1758837599999999,376012.02327000,2414,14693611.00000000,209548.72423000,0
1758837600000000,0.01429000,0.01440000,0.01419000,0.01424000,14995129.00000000,1758841199999999,214403.63813000,1420,7929001.00000000,113344.74718000,0
1758841200000000,0.01425000,0.01435000,0.01402000,0.01418000,31672691.00000000,1758844799999999,448051.00529000,2737,14866631.00000000,210419.42338000,0
1758844800000000,0.01419000,0.01440000,0.01412000,0.01436000,41576830.00000000,1758848399999999,592299.18519000,2811,25919537.00000000,369255.42423000,0
1758848400000000,0.01437000,0.01445000,0.01430000,0.01438000,25384219.00000000,1758851999999999,365133.89803000,2286,12135701.00000000,174593.65840000,0
1758852000000000,0.01439000,0.01446000,0.01431000,0.01437000,14511846.00000000,1758855599999999,208804.13223000,1205,6085501.00000000,87578.51619000,0
1758855600000000,0.01436000,0.01444000,0.01432000,0.01442000,20265516.00000000,1758859199999999,291099.83412000,1475,12430418.00000000,178533.05489000,0
1758859200000000,0.01442000,0.01444000,0.01428000,0.01430000,22185088.00000000,1758862799999999,318812.37434000,1415,6718889.00000000,96545.27169000,0
1758862800000000,0.01430000,0.01442000,0.01423000,0.01427000,15421688.00000000,1758866399999999,220748.97817000,955,7369749.00000000,105491.12750000,0
1758866400000000,0.01427000,0.01438000,0.01420000,0.01423000,34346037.00000000,1758869999999999,490503.34102000,2019,14738716.00000000,210544.87855000,0
1758870000000000,0.01423000,0.01433000,0.01416000,0.01430000,16879178.00000000,1758873599999999,240618.78688000,1192,6824082.00000000,97259.48465000,0
1758873600000000,0.01431000,0.01440000,0.01430000,0.01434000,14210214.00000000,1758877199999999,203873.54086000,1000,8070120.00000000,115776.31109000,0
1758877200000000,0.01434000,0.01439000,0.01419000,0.01425000,14985389.00000000,1758880799999999,213850.05769000,1093,7853064.00000000,111970.32843000,0
1758880800000000,0.01426000,0.01426000,0.01407000,0.01412000,23797368.00000000,1758884399999999,335985.41399000,1510,10376756.00000000,146525.81618000,0
1758884400000000,0.01412000,0.01423000,0.01401000,0.01418000,23837241.00000000,1758887999999999,336106.33192000,1698,13173957.00000000,185786.17714000,0
1758888000000000,0.01417000,0.01442000,0.01400000,0.01429000,50634623.00000000,1758891599999999,719081.74278000,3760,26118372.00000000,371059.76824000,0
1758891600000000,0.01430000,0.01448000,0.01419000,0.01443000,42077172.00000000,1758895199999999,603077.39854000,2608,24478157.00000000,350830.33870000,0
1758895200000000,0.01443000,0.01446000,0.01422000,0.01427000,26317365.00000000,1758898799999999,376629.42899000,1773,13584330.00000000,194441.42095000,0
1758898800000000,0.01428000,0.01442000,0.01427000,0.01438000,20921936.00000000,1758902399999999,300711.18494000,1423,10432886.00000000,150006.11624000,0
1758902400000000,0.01437000,0.01459000,0.01437000,0.01456000,35290380.00000000,1758905999999999,511340.12919000,1893,22508300.00000000,325973.59536000,0
1758906000000000,0.01457000,0.01475000,0.01453000,0.01474000,28364230.00000000,1758909599999999,416123.38809000,1900,17340888.00000000,254472.08860000,0
1758909600000000,0.01473000,0.01484000,0.01470000,0.01476000,18964329.00000000,1758913199999999,280109.38504000,1311,11926572.00000000,176160.81642000,0
1758913200000000,0.01476000,0.01476000,0.01456000,0.01464000,21066865.00000000,1758916799999999,308200.68081000,1385,8254524.00000000,120776.04962000,0
1758916800000000,0.01464000,0.01470000,0.01459000,0.01462000,7473609.00000000,1758920399999999,109361.13218000,663,3925491.00000000,57457.51463000,0
1758920400000000,0.01462000,0.01468000,0.01458000,0.01467000,17547682.00000000,1758923999999999,256712.19752000,946,8114762.00000000,118760.31755000,0
1758924000000000,0.01468000,0.01472000,0.01462000,0.01462000,7739280.00000000,1758927599999999,113478.95919000,745,2671614.00000000,39196.14876000,0
1758927600000000,0.01462000,0.01466000,0.01458000,0.01466000,14330953.00000000,1758931199999999,209393.29240000,879,7994234.00000000,116804.39058000,0
1758931200000000,0.01466000,0.01466000,0.01455000,0.01462000,13318782.00000000,1758934799999999,194604.94987000,887,5721409.00000000,83617.70257000,0
1758934800000000,0.01462000,0.01462000,0.01451000,0.01455000,9152950.00000000,1758938399999999,133204.11107000,601,3933984.00000000,57265.35336000,0
1758938400000000,0.01455000,0.01461000,0.01452000,0.01453000,10564620.00000000,1758941999999999,153781.27846000,659,5961652.00000000,86792.72597000,0
1758942000000000,0.01452000,0.01463000,0.01452000,0.01458000,10475490.00000000,1758945599999999,152798.63067000,807,4774459.00000000,69613.81465000,0
1758945600000000,0.01457000,0.01462000,0.01456000,0.01461000,6116521.00000000,1758949199999999,89270.56049000,501,3333788.00000000,48651.83055000,0
1758949200000000,0.01461000,0.01472000,0.01455000,0.01465000,13118752.00000000,1758952799999999,191757.19382000,738,4964997.00000000,72570.08601000,0
1758952800000000,0.01464000,0.01467000,0.01459000,0.01463000,4711049.00000000,1758956399999999,68896.47854000,430,2247456.00000000,32873.80738000,0
1758956400000000,0.01464000,0.01467000,0.01454000,0.01456000,7308717.00000000,1758959999999999,106580.29434000,581,2960694.00000000,43199.84328000,0
1758960000000000,0.01455000,0.01456000,0.01440000,0.01440000,12256594.00000000,1758963599999999,177364.19520000,1024,4555243.00000000,65942.54336000,0
1758963600000000,0.01440000,0.01450000,0.01434000,0.01447000,9694546.00000000,1758967199999999,139763.95971000,843,6240709.00000000,89988.00672000,0
1758967200000000,0.01448000,0.01456000,0.01443000,0.01451000,9665649.00000000,1758970799999999,140282.12436000,760,4545421.00000000,65961.29034000,0
1758970800000000,0.01452000,0.01452000,0.01447000,0.01450000,10616734.00000000,1758974399999999,153858.53985000,626,7135942.00000000,103417.07473000,0
1758974400000000,0.01450000,0.01459000,0.01443000,0.01455000,15465915.00000000,1758977999999999,224508.14633000,921,8566693.00000000,124371.91180000,0
1758978000000000,0.01454000,0.01455000,0.01447000,0.01447000,7466801.00000000,1758981599999999,108347.08733000,603,3719900.00000000,53967.02370000,0
1758981600000000,0.01448000,0.01452000,0.01442000,0.01444000,10225223.00000000,1758985199999999,147948.86044000,716,4815741.00000000,69702.12086000,0
1758985200000000,0.01443000,0.01458000,0.01433000,0.01456000,12660659.00000000,1758988799999999,182769.19218000,1058,6045539.00000000,87380.11102000,0
1758988800000000,0.01457000,0.01459000,0.01440000,0.01442000,11789487.00000000,1758992399999999,170912.42419000,1081,6171118.00000000,89492.18625000,0
1758992400000000,0.01442000,0.01442000,0.01430000,0.01439000,22114758.00000000,1758995999999999,317651.29565000,1459,9393301.00000000,134880.39662000,0
1758996000000000,0.01438000,0.01441000,0.01431000,0.01437000,8618458.00000000,1758999599999999,123745.51876000,716,3238217.00000000,46518.09626000,0
1758999600000000,0.01436000,0.01443000,0.01434000,0.01440000,8832250.00000000,1759003199999999,127014.25276000,610,4405358.00000000,63366.88127000,0
1759003200000000,0.01441000,0.01445000,0.01437000,0.01441000,5771928.00000000,1759006799999999,83194.67014000,564,3143852.00000000,45320.96890000,0
1759006800000000,0.01441000,0.01452000,0.01439000,0.01450000,10061062.00000000,1759010399999999,145401.40392000,626,5197089.00000000,75126.05709000,0
1759010400000000,0.01450000,0.01463000,0.01450000,0.01450000,13364114.00000000,1759013999999999,194602.97658000,877,7110212.00000000,103611.18077000,0
1759014000000000,0.01450000,0.01454000,0.01442000,0.01443000,12384929.00000000,1759017599999999,179334.49849000,771,6307499.00000000,91383.94279000,0
1759017600000000,0.01443000,0.01446000,0.01434000,0.01436000,12386840.00000000,1759021199999999,178306.08829000,1031,5271088.00000000,75926.90779000,0
1759021200000000,0.01436000,0.01437000,0.01424000,0.01427000,24895545.00000000,1759024799999999,356198.89782000,1000,7286196.00000000,104210.03597000,0
1759024800000000,0.01428000,0.01434000,0.01425000,0.01430000,7126948.00000000,1759028399999999,101869.75783000,768,3652272.00000000,52209.49931000,0
1759028400000000,0.01430000,0.01433000,0.01425000,0.01431000,8861078.00000000,1759031999999999,126693.96676000,755,4523171.00000000,64682.37354000,0
1759032000000000,0.01431000,0.01432000,0.01425000,0.01429000,10613198.00000000,1759035599999999,151627.14565000,731,4412985.00000000,63065.27527000,0
1759035600000000,0.01430000,0.01432000,0.01424000,0.01426000,10289626.00000000,1759039199999999,146975.38220000,719,5577823.00000000,79682.93883000,0
1759039200000000,0.01426000,0.01428000,0.01417000,0.01424000,12980754.00000000,1759042799999999,184585.62649000,1054,4789849.00000000,68140.40989000,0
1759042800000000,0.01424000,0.01428000,0.01417000,0.01422000,12137253.00000000,1759046399999999,172651.76264000,811,7484524.00000000,106505.60931000,0
1759046400000000,0.01421000,0.01426000,0.01414000,0.01415000,14317638.00000000,1759049999999999,203222.61896000,1219,7154637.00000000,101639.87180000,0
1759050000000000,0.01415000,0.01418000,0.01409000,0.01413000,12998059.00000000,1759053599999999,183750.29322000,1165,5765472.00000000,81530.65272000,0
1759053600000000,0.01413000,0.01427000,0.01406000,0.01426000,25946276.00000000,1759057199999999,367622.49180000,1559,13594275.00000000,192625.25444000,0
1759057200000000,0.01426000,0.01426000,0.01413000,0.01420000,19821659.00000000,1759060799999999,281434.70086000,1053,8924586.00000000,126785.44927000,0
1759060800000000,0.01419000,0.01421000,0.01410000,0.01416000,38846853.00000000,1759064399999999,549681.54741000,1511,17065715.00000000,241431.20664000,0
1759064400000000,0.01417000,0.01443000,0.01415000,0.01439000,22690782.00000000,1759067999999999,324749.37122000,1476,14458913.00000000,207016.76204000,0
1759068000000000,0.01439000,0.01444000,0.01430000,0.01440000,22960690.00000000,1759071599999999,330132.57925000,1372,8816739.00000000,126815.32195000,0
1759071600000000,0.01440000,0.01445000,0.01433000,0.01440000,21968819.00000000,1759075199999999,316075.05563000,1407,9800023.00000000,141000.96611000,0
1759075200000000,0.01440000,0.01455000,0.01440000,0.01448000,30614957.00000000,1759078799999999,443134.63723000,1712,20637995.00000000,298788.69435000,0
1759078800000000,0.01448000,0.01458000,0.01444000,0.01454000,11730021.00000000,1759082399999999,170226.61046000,779,7510916.00000000,109016.70902000,0
1759082400000000,0.01453000,0.01459000,0.01452000,0.01459000,9455149.00000000,1759085999999999,137529.57041000,679,5732253.00000000,83420.27547000,0
1759086000000000,0.01460000,0.01461000,0.01452000,0.01461000,12192778.00000000,1759089599999999,177641.58840000,819,5503738.00000000,80236.35670000,0
1759089600000000,0.01461000,0.01475000,0.01458000,0.01467000,15788710.00000000,1759093199999999,231628.21324000,1139,7919307.00000000,116257.01043000,0
1759093200000000,0.01466000,0.01475000,0.01463000,0.01467000,15365159.00000000,1759096799999999,225496.54813000,949,5037731.00000000,73971.25611000,0
1759096800000000,0.01468000,0.01497000,0.01467000,0.01494000,39709616.00000000,1759100399999999,590686.89770000,2432,22650124.00000000,336909.84577000,0
1759100400000000,0.01494000,0.01498000,0.01491000,0.01494000,35899254.00000000,1759103999999999,536565.78495000,1378,18645302.00000000,278683.77638000,0
1759104000000000,0.01495000,0.01495000,0.01486000,0.01491000,14696975.00000000,1759107599999999,219148.13768000,1001,6595824.00000000,98359.60040000,0
1759107600000000,0.01491000,0.01492000,0.01480000,0.01480000,14166046.00000000,1759111199999999,210618.82195000,950,5209042.00000000,77504.73065000,0
1759111200000000,0.01481000,0.01489000,0.01476000,0.01482000,10685299.00000000,1759114799999999,158221.71852000,813,5427223.00000000,80375.14474000,0
1759114800000000,0.01481000,0.01483000,0.01475000,0.01481000,22907895.00000000,1759118399999999,338895.92976000,982,9663375.00000000,142948.64775000,0
1759118400000000,0.01481000,0.01482000,0.01471000,0.01472000,16199979.00000000,1759121999999999,239194.53262000,860,7494424.00000000,110630.51589000,0
1759122000000000,0.01471000,0.01473000,0.01462000,0.01471000,25290922.00000000,1759125599999999,370901.68436000,1245,11768254.00000000,172654.46236000,0
1759125600000000,0.01470000,0.01471000,0.01458000,0.01459000,19846259.00000000,1759129199999999,290768.04729000,1285,11006590.00000000,161233.25889000,0
1759129200000000,0.01458000,0.01468000,0.01456000,0.01464000,11575951.00000000,1759132799999999,169303.52666000,919,6270811.00000000,91749.44210000,0
1759132800000000,0.01464000,0.01474000,0.01460000,0.01469000,13415026.00000000,1759136399999999,196931.94313000,1187,7942738.00000000,116613.08168000,0
1759136400000000,0.01469000,0.01475000,0.01464000,0.01466000,11118467.00000000,1759139999999999,163223.94986000,1008,5876829.00000000,86279.15245000,0
1759140000000000,0.01466000,0.01474000,0.01455000,0.01455000,26801777.00000000,1759143599999999,393018.29197000,1494,16279755.00000000,239008.92898000,0
1759143600000000,0.01455000,0.01456000,0.01443000,0.01453000,16073987.00000000,1759147199999999,232957.74306000,1272,6260248.00000000,90747.68441000,0
1759147200000000,0.01452000,0.01456000,0.01433000,0.01434000,19323803.00000000,1759150799999999,278814.86032000,1550,8826714.00000000,127443.21288000,0
1759150800000000,0.01434000,0.01463000,0.01428000,0.01457000,62492763.00000000,1759154399999999,901468.29659000,2938,30411546.00000000,438584.64416000,0
1759154400000000,0.01458000,0.01478000,0.01456000,0.01473000,41585515.00000000,1759157999999999,610721.71686000,2481,21971504.00000000,322719.92458000,0
1759158000000000,0.01473000,0.01476000,0.01449000,0.01450000,37230855.00000000,1759161599999999,542943.11320000,2401,16625021.00000000,242502.85563000,0
1759161600000000,0.01450000,0.01459000,0.01435000,0.01438000,31053069.00000000,1759165199999999,450296.91935000,1858,11329357.00000000,164256.19321000,0
1759165200000000,0.01438000,0.01450000,0.01432000,0.01447000,15379434.00000000,1759168799999999,221761.83480000,1520,6982329.00000000,100708.62812000,0
1759168800000000,0.01447000,0.01448000,0.01438000,0.01446000,9949342.00000000,1759172399999999,143507.50563000,979,5374803.00000000,77554.73845000,0
1759172400000000,0.01447000,0.01461000,0.01445000,0.01459000,20095161.00000000,1759175999999999,292064.68162000,1169,9524062.00000000,138466.17201000,0
1759176000000000,0.01459000,0.01481000,0.01459000,0.01478000,26948379.00000000,1759179599999999,396619.44420000,1615,15607810.00000000,229695.49348000,0
1759179600000000,0.01480000,0.01481000,0.01469000,0.01469000,18297497.00000000,1759183199999999,269754.41607000,786,5838749.00000000,86105.37908000,0
1759183200000000,0.01470000,0.01470000,0.01456000,0.01458000,12542330.00000000,1759186799999999,183375.75127000,908,3704643.00000000,54227.13345000,0
1759186800000000,0.01459000,0.01460000,0.01447000,0.01448000,9000187.00000000,1759190399999999,130663.48161000,682,4730498.00000000,68668.02093000,0
1759190400000000,0.01449000,0.01455000,0.01433000,0.01436000,27190196.00000000,1759193999999999,392946.22584000,2244,11837761.00000000,171098.17026000,0
1759194000000000,0.01435000,0.01446000,0.01419000,0.01429000,30695991.00000000,1759197599999999,438771.33224000,2357,15793400.00000000,225608.23229000,0
1759197600000000,0.01428000,0.01438000,0.01427000,0.01429000,17879060.00000000,1759201199999999,256125.39713000,1629,7469396.00000000,106996.79679000,0
1759201200000000,0.01429000,0.01442000,0.01426000,0.01435000,10126258.00000000,1759204799999999,145231.33852000,1008,4347922.00000000,62359.95550000,0
1759204800000000,0.01435000,0.01444000,0.01434000,0.01434000,11995753.00000000,1759208399999999,172653.22737000,882,7130213.00000000,102595.08864000,0
1759208400000000,0.01435000,0.01445000,0.01433000,0.01440000,15650232.00000000,1759211999999999,225183.65555000,1017,7493874.00000000,107897.27270000,0
1759212000000000,0.01440000,0.01447000,0.01434000,0.01439000,12151416.00000000,1759215599999999,175105.33717000,1070,6083863.00000000,87699.55808000,0
1759215600000000,0.01439000,0.01443000,0.01425000,0.01434000,14985970.00000000,1759219199999999,214952.32821000,1094,7945268.00000000,114000.02276000,0
1759219200000000,0.01434000,0.01436000,0.01428000,0.01429000,17516505.00000000,1759222799999999,250720.71416000,944,7294496.00000000,104465.92346000,0
1759222800000000,0.01428000,0.01436000,0.01421000,0.01423000,19204471.00000000,1759226399999999,273869.50586000,1397,8670004.00000000,123729.96151000,0
1759226400000000,0.01423000,0.01428000,0.01421000,0.01423000,15452215.00000000,1759229999999999,220173.01474000,986,6311822.00000000,89968.36721000,0
1759230000000000,0.01425000,0.01433000,0.01416000,0.01430000,14455640.00000000,1759233599999999,205956.65714000,1162,8422173.00000000,120033.98876000,0
1759233600000000,0.01429000,0.01432000,0.01420000,0.01421000,12938830.00000000,1759237199999999,184515.74751000,1036,5311961.00000000,75747.16239000,0
1759237200000000,0.01422000,0.01435000,0.01415000,0.01423000,16045372.00000000,1759240799999999,228438.59710000,1877,8683463.00000000,123673.68162000,0
1759240800000000,0.01423000,0.01426000,0.01410000,0.01422000,26119028.00000000,1759244399999999,370179.10302000,2189,13260324.00000000,188045.73489000,0
1759244400000000,0.01421000,0.01422000,0.01385000,0.01402000,47225455.00000000,1759247999999999,660278.67671000,4194,20043683.00000000,280113.05091000,0
1759248000000000,0.01402000,0.01405000,0.01392000,0.01399000,21495341.00000000,1759251599999999,300632.60914000,1978,12278727.00000000,171788.97470000,0
1759251600000000,0.01400000,0.01412000,0.01398000,0.01401000,22575106.00000000,1759255199999999,316838.68359000,1889,10640220.00000000,149328.42758000,0
1759255200000000,0.01401000,0.01416000,0.01399000,0.01414000,10441605.00000000,1759258799999999,147103.89189000,1092,4468206.00000000,62932.02485000,0
1759258800000000,0.01414000,0.01440000,0.01410000,0.01436000,13484498.00000000,1759262399999999,191868.63186000,1267,7329014.00000000,104390.85570000,0
1759262400000000,0.01437000,0.01448000,0.01434000,0.01445000,14564365.00000000,1759265999999999,209553.03149000,911,5417387.00000000,77981.12202000,0
1759266000000000,0.01446000,0.01451000,0.01436000,0.01436000,22240828.00000000,1759269599999999,321069.01240000,1523,7771617.00000000,112293.07238000,0
1759269600000000,0.01436000,0.01447000,0.01429000,0.01431000,8846385.00000000,1759273199999999,127154.60676000,749,4133070.00000000,59435.77276000,0
1759273200000000,0.01430000,0.01441000,0.01425000,0.01441000,15910521.00000000,1759276799999999,228145.18593000,902,9104364.00000000,130813.42793000,0
