1769904000000000,0.00484000,0.00490000,0.00484000,0.00486000,32081073.00000000,1769907599999999,156133.38728000,1217,17152151.00000000,83531.71008000,0
1769907600000000,0.00487000,0.00487000,0.00480000,0.00485000,19865275.00000000,1769911199999999,95956.42404000,806,8106418.00000000,39173.82522000,0
1769911200000000,0.00485000,0.00489000,0.00483000,0.00489000,17025682.00000000,1769914799999999,82853.46145000,905,10846149.00000000,52799.60894000,0
1769914800000000,0.00488000,0.00490000,0.00485000,0.00486000,23601167.00000000,1769918399999999,115093.28543000,676,6444682.00000000,31436.09081000,0
1769918400000000,0.00487000,0.00488000,0.00485000,0.00486000,12212784.00000000,1769921999999999,59398.56226000,505,7972684.00000000,38781.32941000,0
1769922000000000,0.00486000,0.00489000,0.00483000,0.00484000,17600829.00000000,1769925599999999,85423.47884000,539,12568133.00000000,60980.87292000,0
1769925600000000,0.00485000,0.00489000,0.00484000,0.00485000,13101964.00000000,1769929199999999,63591.11799000,640,5987476.00000000,29077.52949000,0
1769929200000000,0.00485000,0.00491000,0.00483000,0.00486000,21606903.00000000,1769932799999999,105074.32534000,901,7536368.00000000,36652.81393000,0
1769932800000000,0.00486000,0.00490000,0.00484000,0.00486000,14244242.00000000,1769936399999999,69289.00574000,609,4740392.00000000,23062.56335000,0
1769936400000000,0.00486000,0.00489000,0.00481000,0.00487000,15262297.00000000,1769939999999999,73950.92809000,554,7545220.00000000,36564.79822000,0
1769940000000000,0.00488000,0.00490000,0.00478000,0.00479000,31919013.00000000,1769943599999999,153994.71459000,1318,13615995.00000000,65716.67553000,0
1769943600000000,0.00479000,0.00485000,0.00479000,0.00482000,18689184.00000000,1769947199999999,89834.77529000,740,7876195.00000000,37878.40749000,0
1769947200000000,0.00481000,0.00482000,0.00476000,0.00479000,19045691.00000000,1769950799999999,91281.37964000,970,7506853.00000000,35999.42540000,0
1769950800000000,0.00479000,0.00484000,0.00477000,0.00479000,19473615.00000000,1769954399999999,93721.99570000,978,10311807.00000000,49662.40788000,0
1769954400000000,0.00479000,0.00483000,0.00471000,0.00478000,57275212.00000000,1769957999999999,272755.54267000,2804,28904526.00000000,137800.30143000,0
1769958000000000,0.00478000,0.00478000,0.00462000,0.00469000,51773245.00000000,1769961599999999,242379.90190000,3031,25241754.00000000,118200.61190000,0
1769961600000000,0.00469000,0.00473000,0.00464000,0.00469000,26884535.00000000,1769965199999999,126103.26934000,1790,13157915.00000000,61686.92882000,0
1769965200000000,0.00469000,0.00472000,0.00466000,0.00471000,17400216.00000000,1769968799999999,81663.66003000,1424,9331673.00000000,43825.44843000,0
1769968800000000,0.00471000,0.00483000,0.00471000,0.00477000,37117654.00000000,1769972399999999,177230.50021000,2104,19279729.00000000,92039.25121000,0
1769972400000000,0.00477000,0.00478000,0.00471000,0.00473000,18818970.00000000,1769975999999999,89342.01532000,1054,9184179.00000000,43675.60424000,0
1769976000000000,0.00473000,0.00481000,0.00468000,0.00475000,15106725.00000000,1769979599999999,71591.95775000,1018,7292518.00000000,34551.58525000,0
1769979600000000,0.00475000,0.00476000,0.00469000,0.00471000,17244318.00000000,1769983199999999,81364.92395000,1329,8493050.00000000,40095.52142000,0
1769983200000000,0.00471000,0.00479000,0.00470000,0.00475000,18863087.00000000,1769986799999999,89499.19476000,1336,10357506.00000000,49128.80865000,0
1769986800000000,0.00474000,0.00479000,0.00459000,0.00469000,80160240.00000000,1769990399999999,374953.99789000,4156,31086603.00000000,145848.32534000,0
1769990400000000,0.00469000,0.00482000,0.00465000,0.00478000,38112394.00000000,1769993999999999,181471.53653000,1872,23643489.00000000,112538.17791000,0
1769994000000000,0.00479000,0.00486000,0.00471000,0.00479000,50189401.00000000,1769997599999999,241895.06304000,1784,21892935.00000000,105656.82461000,0
1769997600000000,0.00479000,0.00481000,0.00473000,0.00474000,27696250.00000000,1770001199999999,132019.82069000,1039,15533089.00000000,74030.93262000,0
1770001200000000,0.00474000,0.00477000,0.00454000,0.00474000,115645528.00000000,1770004799999999,536207.62575000,4872,54887797.00000000,254429.78383000,0
1770004800000000,0.00474000,0.00480000,0.00465000,0.00469000,28483700.00000000,1770008399999999,134557.05505000,1755,12229345.00000000,57858.31202000,0
1770008400000000,0.00470000,0.00470000,0.00457000,0.00462000,31038914.00000000,1770011999999999,143414.45464000,2295,14085944.00000000,65072.58931000,0
1770012000000000,0.00462000,0.00476000,0.00455000,0.00468000,89795763.00000000,1770015599999999,418921.13281000,4573,44958881.00000000,209984.28199000,0
1770015600000000,0.00468000,0.00472000,0.00465000,0.00466000,35038915.00000000,1770019199999999,164067.09620000,1940,19798126.00000000,92720.33062000,0
1770019200000000,0.00466000,0.00471000,0.00466000,0.00469000,27994093.00000000,1770022799999999,131011.18471000,1473,12788402.00000000,59896.39611000,0
1770022800000000,0.00469000,0.00477000,0.00466000,0.00474000,47284612.00000000,1770026399999999,223008.85953000,2057,27349795.00000000,129024.36083000,0
1770026400000000,0.00473000,0.00476000,0.00473000,0.00475000,24509399.00000000,1770029999999999,116184.14543000,1127,13724793.00000000,65094.28356000,0
1770030000000000,0.00475000,0.00478000,0.00473000,0.00473000,17978607.00000000,1770033599999999,85427.44960000,1226,8834890.00000000,41986.95601000,0
1770033600000000,0.00474000,0.00479000,0.00473000,0.00477000,23651152.00000000,1770037199999999,112350.77777000,1211,12308933.00000000,58501.18579000,0
1770037200000000,0.00477000,0.00480000,0.00476000,0.00479000,37008307.00000000,1770040799999999,177198.71336000,1056,21910811.00000000,104994.78055000,0
1770040800000000,0.00479000,0.00487000,0.00475000,0.00483000,62206799.00000000,1770044399999999,299955.63011000,3356,31423921.00000000,151560.49605000,0
1770044400000000,0.00483000,0.00494000,0.00481000,0.00489000,63469281.00000000,1770047999999999,309612.66483000,2354,31495951.00000000,153567.09623000,0
1770048000000000,0.00489000,0.00491000,0.00485000,0.00485000,60879324.00000000,1770051599999999,297452.60946000,1705,22954268.00000000,112266.15751000,0
1770051600000000,0.00486000,0.00489000,0.00482000,0.00484000,20807386.00000000,1770055199999999,101056.43337000,784,7469976.00000000,36321.71593000,0
1770055200000000,0.00483000,0.00487000,0.00482000,0.00486000,12314542.00000000,1770058799999999,59716.38360000,652,7157810.00000000,34715.03990000,0
1770058800000000,0.00486000,0.00487000,0.00481000,0.00482000,22164983.00000000,1770062399999999,107130.71547000,933,9598859.00000000,46449.41480000,0
1770062400000000,0.00481000,0.00484000,0.00479000,0.00481000,17831777.00000000,1770065999999999,85742.40127000,761,10517378.00000000,50576.42711000,0
1770066000000000,0.00481000,0.00485000,0.00481000,0.00482000,23384993.00000000,1770069599999999,113001.97060000,742,16079456.00000000,77738.17879000,0
1770069600000000,0.00482000,0.00485000,0.00481000,0.00482000,52903717.00000000,1770073199999999,255169.39893000,1745,18891467.00000000,91183.20205000,0
1770073200000000,0.00483000,0.00483000,0.00479000,0.00480000,9453011.00000000,1770076799999999,45469.03575000,424,3757892.00000000,18084.36743000,0
1770076800000000,0.00480000,0.00481000,0.00476000,0.00481000,18329397.00000000,1770080399999999,87748.85136000,802,10443085.00000000,50013.57829000,0
1770080400000000,0.00480000,0.00481000,0.00476000,0.00479000,9395728.00000000,1770083999999999,44900.82429000,422,4859958.00000000,23221.20271000,0
1770084000000000,0.00479000,0.00479000,0.00471000,0.00471000,12225371.00000000,1770087599999999,58051.76600000,691,4228208.00000000,20083.16547000,0
1770087600000000,0.00471000,0.00481000,0.00470000,0.00479000,18994193.00000000,1770091199999999,90228.74182000,887,10887678.00000000,51696.34786000,0
1770091200000000,0.00480000,0.00483000,0.00477000,0.00481000,16640565.00000000,1770094799999999,79903.14258000,609,7352678.00000000,35345.51110000,0
1770094800000000,0.00482000,0.00482000,0.00476000,0.00478000,10753463.00000000,1770098399999999,51489.98733000,529,4595313.00000000,22002.99360000,0
1770098400000000,0.00478000,0.00480000,0.00474000,0.00479000,16486509.00000000,1770101999999999,78523.33067000,888,7559907.00000000,36022.10301000,0
1770102000000000,0.00478000,0.00480000,0.00477000,0.00479000,9420853.00000000,1770105599999999,45115.12912000,596,5459992.00000000,26147.91313000,0
1770105600000000,0.00479000,0.00482000,0.00476000,0.00477000,15654748.00000000,1770109199999999,75017.02704000,795,9536504.00000000,45719.21569000,0
1770109200000000,0.00478000,0.00480000,0.00471000,0.00476000,37422433.00000000,1770112799999999,177628.91656000,1413,18053433.00000000,85716.68060000,0
1770112800000000,0.00475000,0.00479000,0.00474000,0.00476000,20113959.00000000,1770116399999999,95841.92162000,680,10779658.00000000,51424.28632000,0
1770116400000000,0.00476000,0.00479000,0.00475000,0.00478000,18455820.00000000,1770119999999999,88137.13980000,821,14571115.00000000,69602.73016000,0
1770120000000000,0.00477000,0.00483000,0.00476000,0.00481000,24124754.00000000,1770123599999999,115786.21752000,1048,13820058.00000000,66327.19848000,0
1770123600000000,0.00481000,0.00483000,0.00479000,0.00481000,19013205.00000000,1770127199999999,91391.97981000,718,9380942.00000000,45101.13329000,0
1770127200000000,0.00482000,0.00483000,0.00472000,0.00472000,41564929.00000000,1770130799999999,198781.85038000,1765,18661243.00000000,89388.74381000,0
1770130800000000,0.00473000,0.00484000,0.00471000,0.00484000,56011440.00000000,1770134399999999,267757.35757000,2639,32409662.00000000,154772.26286000,0
1770134400000000,0.00483000,0.00483000,0.00470000,0.00471000,56711321.00000000,1770137999999999,268325.38973000,1756,19339946.00000000,91711.76703000,0
1770138000000000,0.00470000,0.00472000,0.00459000,0.00460000,38557279.00000000,1770141599999999,179527.37929000,1462,16827447.00000000,78467.43375000,0
1770141600000000,0.00460000,0.00462000,0.00450000,0.00451000,90462222.00000000,1770145199999999,411736.34959000,2863,45290036.00000000,206220.32705000,0
1770145200000000,0.00451000,0.00478000,0.00451000,0.00474000,92928927.00000000,1770148799999999,436799.60232000,4401,49591018.00000000,232913.94031000,0
1770148800000000,0.00474000,0.00496000,0.00470000,0.00490000,191858411.00000000,1770152399999999,937362.36125000,5810,94459824.00000000,460582.55266000,0
1770152400000000,0.00491000,0.00494000,0.00481000,0.00481000,44592498.00000000,1770155999999999,217976.51833000,2464,21792749.00000000,106638.45285000,0
1770156000000000,0.00481000,0.00482000,0.00473000,0.00474000,33713210.00000000,1770159599999999,161126.26139000,1241,14985383.00000000,71651.76511000,0
1770159600000000,0.00475000,0.00475000,0.00468000,0.00472000,37340630.00000000,1770163199999999,175877.58954000,1156,17456487.00000000,82316.85225000,0
1770163200000000,0.00472000,0.00478000,0.00470000,0.00475000,16359954.00000000,1770166799999999,77497.18361000,682,8306807.00000000,39385.19224000,0
1770166800000000,0.00475000,0.00482000,0.00475000,0.00478000,13802307.00000000,1770170399999999,66146.57074000,733,6970345.00000000,33406.24860000,0
1770170400000000,0.00477000,0.00478000,0.00474000,0.00475000,17330185.00000000,1770173999999999,82531.95475000,1036,5840990.00000000,27827.10252000,0
1770174000000000,0.00476000,0.00483000,0.00476000,0.00480000,24001284.00000000,1770177599999999,115220.73555000,1007,13147517.00000000,63137.69310000,0
1770177600000000,0.00480000,0.00481000,0.00479000,0.00479000,13691274.00000000,1770181199999999,65740.14783000,591,3636103.00000000,17472.69385000,0
1770181200000000,0.00479000,0.00480000,0.00475000,0.00476000,13350009.00000000,1770184799999999,63720.13484000,649,6116917.00000000,29202.06370000,0
1770184800000000,0.00476000,0.00480000,0.00475000,0.00479000,10623301.00000000,1770188399999999,50795.79650000,692,5269104.00000000,25200.94423000,0
1770188400000000,0.00478000,0.00481000,0.00475000,0.00479000,16046793.00000000,1770191999999999,76771.50759000,770,7614398.00000000,36445.70648000,0
1770192000000000,0.00478000,0.00481000,0.00476000,0.00479000,11718021.00000000,1770195599999999,55971.75074000,630,5396458.00000000,25781.87730000,0
1770195600000000,0.00479000,0.00480000,0.00475000,0.00478000,29948501.00000000,1770199199999999,142770.93717000,1166,14090818.00000000,67169.24933000,0
1770199200000000,0.00477000,0.00479000,0.00473000,0.00477000,47716848.00000000,1770202799999999,226968.14639000,1457,16063611.00000000,76495.43786000,0
1770202800000000,0.00476000,0.00478000,0.00470000,0.00475000,38614639.00000000,1770206399999999,182865.70134000,1504,19372407.00000000,91814.20849000,0
1770206400000000,0.00475000,0.00477000,0.00472000,0.00475000,13315468.00000000,1770209999999999,63123.73807000,503,6993507.00000000,33151.40194000,0
1770210000000000,0.00475000,0.00476000,0.00468000,0.00468000,22740047.00000000,1770213599999999,107217.32472000,1053,12181330.00000000,57448.71518000,0
1770213600000000,0.00468000,0.00472000,0.00461000,0.00462000,48552987.00000000,1770217199999999,226854.28945000,2375,22000041.00000000,102891.43301000,0
1770217200000000,0.00462000,0.00469000,0.00455000,0.00461000,44293157.00000000,1770220799999999,204943.54813000,3247,20804871.00000000,96285.60074000,0
1770220800000000,0.00461000,0.00465000,0.00456000,0.00461000,76072458.00000000,1770224399999999,349886.06147000,3462,33461243.00000000,153804.11352000,0
1770224400000000,0.00461000,0.00466000,0.00456000,0.00465000,80542960.00000000,1770227999999999,371570.96984000,2537,41180701.00000000,190061.16242000,0
1770228000000000,0.00464000,0.00473000,0.00456000,0.00467000,117893106.00000000,1770231599999999,545475.10598000,3692,60915501.00000000,281612.57286000,0
1770231600000000,0.00468000,0.00476000,0.00464000,0.00475000,41220441.00000000,1770235199999999,194015.41855000,2076,22454022.00000000,105756.09484000,0
1770235200000000,0.00475000,0.00476000,0.00470000,0.00472000,21344836.00000000,1770238799999999,100974.19907000,1057,8086227.00000000,38268.06236000,0
1770238800000000,0.00472000,0.00473000,0.00463000,0.00466000,30423212.00000000,1770242399999999,142277.65734000,1307,12087343.00000000,56598.98602000,0
1770242400000000,0.00466000,0.00474000,0.00458000,0.00463000,28540816.00000000,1770245999999999,132831.32254000,1757,13756070.00000000,63993.08037000,0
1770246000000000,0.00462000,0.00470000,0.00462000,0.00467000,27441959.00000000,1770249599999999,128081.88511000,1235,12924996.00000000,60292.69523000,0
1770249600000000,0.00466000,0.00467000,0.00463000,0.00465000,11162954.00000000,1770253199999999,51989.10386000,568,6357706.00000000,29624.52018000,0
1770253200000000,0.00464000,0.00471000,0.00460000,0.00464000,32345435.00000000,1770256799999999,150646.13072000,2033,13907190.00000000,64796.85473000,0
1770256800000000,0.00464000,0.00468000,0.00459000,0.00459000,39662734.00000000,1770260399999999,183807.56265000,2051,18998197.00000000,88094.68679000,0
1770260400000000,0.00460000,0.00463000,0.00455000,0.00456000,40424612.00000000,1770263999999999,185160.55248000,1561,16367466.00000000,75094.01663000,0
1770264000000000,0.00456000,0.00460000,0.00453000,0.00455000,31126472.00000000,1770267599999999,141926.85599000,1973,17251632.00000000,78708.47968000,0
1770267600000000,0.00454000,0.00460000,0.00450000,0.00455000,33394335.00000000,1770271199999999,151779.97070000,1481,12909064.00000000,58788.34998000,0
1770271200000000,0.00455000,0.00455000,0.00449000,0.00450000,20842908.00000000,1770274799999999,94141.74343000,1283,11826087.00000000,53443.09073000,0
1770274800000000,0.00451000,0.00457000,0.00450000,0.00451000,42324984.00000000,1770278399999999,192021.12850000,2469,24548149.00000000,111331.82675000,0
1770278400000000,0.00452000,0.00458000,0.00450000,0.00454000,49736688.00000000,1770281999999999,225127.31471000,1371,27058610.00000000,122437.64481000,0
1770282000000000,0.00454000,0.00460000,0.00452000,0.00453000,20135837.00000000,1770285599999999,91751.91107000,1325,10514227.00000000,47932.69000000,0
1770285600000000,0.00454000,0.00454000,0.00442000,0.00444000,32450955.00000000,1770289199999999,145369.00563000,1600,15311894.00000000,68625.65976000,0
1770289200000000,0.00444000,0.00447000,0.00435000,0.00442000,72798216.00000000,1770292799999999,320428.06124000,3442,39832596.00000000,175359.62231000,0
1770292800000000,0.00442000,0.00444000,0.00436000,0.00440000,46955538.00000000,1770296399999999,206892.37786000,2386,21354361.00000000,94146.73111000,0
1770296400000000,0.00441000,0.00444000,0.00437000,0.00438000,32058129.00000000,1770299999999999,141007.59563000,1416,16088436.00000000,70819.59833000,0
1770300000000000,0.00439000,0.00449000,0.00438000,0.00439000,46329806.00000000,1770303599999999,205260.33209000,2539,20044338.00000000,88876.56923000,0
1770303600000000,0.00439000,0.00441000,0.00410000,0.00423000,221035806.00000000,1770307199999999,935572.22297000,8625,112195421.00000000,475148.76846000,0
1770307200000000,0.00423000,0.00429000,0.00418000,0.00423000,79885803.00000000,1770310799999999,338591.03865000,4103,46858023.00000000,198643.48329000,0
1770310800000000,0.00423000,0.00426000,0.00409000,0.00412000,101839718.00000000,1770314399999999,423198.22212000,4280,55235462.00000000,229568.68459000,0
1770314400000000,0.00412000,0.00415000,0.00405000,0.00414000,70051976.00000000,1770317999999999,286784.72886000,3313,32528148.00000000,133247.19369000,0
1770318000000000,0.00414000,0.00415000,0.00405000,0.00407000,34770209.00000000,1770321599999999,142598.93990000,1724,19540080.00000000,80177.29877000,0
1770321600000000,0.00407000,0.00411000,0.00384000,0.00391000,218952770.00000000,1770325199999999,861447.42809000,7910,107953819.00000000,424802.30942000,0
1770325200000000,0.00391000,0.00402000,0.00386000,0.00392000,94203864.00000000,1770328799999999,371010.31542000,4804,47176185.00000000,185971.46668000,0
1770328800000000,0.00392000,0.00401000,0.00386000,0.00392000,61550885.00000000,1770332399999999,241432.30173000,3516,28695445.00000000,112607.44465000,0
1770332400000000,0.00393000,0.00402000,0.00387000,0.00388000,68063950.00000000,1770335999999999,268352.76697000,3193,25321184.00000000,99989.91533000,0
1770336000000000,0.00389000,0.00390000,0.00340000,0.00381000,783324793.00000000,1770339599999999,2840468.03051000,19928,363472035.00000000,1320334.45018000,0
1770339600000000,0.00382000,0.00392000,0.00379000,0.00392000,120520927.00000000,1770343199999999,465933.97123000,6018,60645417.00000000,234459.42974000,0
1770343200000000,0.00392000,0.00395000,0.00379000,0.00381000,58493082.00000000,1770346799999999,226147.36605000,3052,31389494.00000000,121455.12639000,0
1770346800000000,0.00382000,0.00386000,0.00378000,0.00383000,36916072.00000000,1770350399999999,140965.61497000,2004,19499433.00000000,74483.08455000,0
1770350400000000,0.00384000,0.00388000,0.00380000,0.00387000,48086040.00000000,1770353999999999,184848.56764000,1825,24669756.00000000,94933.55039000,0
1770354000000000,0.00387000,0.00398000,0.00386000,0.00397000,53123250.00000000,1770357599999999,208791.54649000,2172,24994498.00000000,98179.45026000,0
1770357600000000,0.00397000,0.00399000,0.00388000,0.00390000,56539601.00000000,1770361199999999,222512.56798000,2295,25654238.00000000,101028.66225000,0
1770361200000000,0.00389000,0.00393000,0.00386000,0.00389000,45046368.00000000,1770364799999999,175336.18297000,2034,22066817.00000000,85909.73713000,0
1770364800000000,0.00389000,0.00393000,0.00385000,0.00389000,48482209.00000000,1770368399999999,188688.01583000,2016,23883608.00000000,92939.93064000,0
1770368400000000,0.00388000,0.00400000,0.00387000,0.00398000,46122932.00000000,1770371999999999,181359.83353000,1896,21988228.00000000,86484.63920000,0
1770372000000000,0.00398000,0.00405000,0.00396000,0.00404000,45316865.00000000,1770375599999999,181811.83544000,1609,29551775.00000000,118608.58534000,0
1770375600000000,0.00404000,0.00406000,0.00402000,0.00405000,39149558.00000000,1770379199999999,158344.45317000,1272,20554472.00000000,83169.29011000,0
1770379200000000,0.00405000,0.00406000,0.00403000,0.00405000,23635922.00000000,1770382799999999,95639.22086000,959,12719740.00000000,51485.08417000,0
1770382800000000,0.00406000,0.00413000,0.00405000,0.00411000,42516983.00000000,1770386399999999,174205.29336000,1642,18090439.00000000,74126.67178000,0
1770386400000000,0.00411000,0.00423000,0.00408000,0.00421000,65505656.00000000,1770389999999999,272968.10022000,3111,31254077.00000000,130343.53106000,0
1770390000000000,0.00420000,0.00423000,0.00416000,0.00421000,51149472.00000000,1770393599999999,214528.42412000,2476,24345712.00000000,102146.86898000,0
1770393600000000,0.00421000,0.00436000,0.00420000,0.00433000,99687542.00000000,1770397199999999,428768.25010000,2880,44703737.00000000,192233.49559000,0
1770397200000000,0.00433000,0.00445000,0.00431000,0.00439000,68302752.00000000,1770400799999999,299528.34558000,2615,37213492.00000000,163240.55587000,0
1770400800000000,0.00438000,0.00439000,0.00426000,0.00428000,81670429.00000000,1770404399999999,351265.78037000,3032,42083845.00000000,181247.31800000,0
1770404400000000,0.00429000,0.00433000,0.00427000,0.00432000,39148867.00000000,1770407999999999,168099.81009000,1367,20672588.00000000,88808.98302000,0
1770408000000000,0.00432000,0.00435000,0.00428000,0.00429000,47428664.00000000,1770411599999999,204400.26600000,1393,24256617.00000000,104584.94489000,0
1770411600000000,0.00429000,0.00432000,0.00427000,0.00431000,16061834.00000000,1770415199999999,68912.23335000,700,8556268.00000000,36724.46830000,0
1770415200000000,0.00431000,0.00439000,0.00431000,0.00437000,82352324.00000000,1770418799999999,358181.93145000,1580,40518083.00000000,176271.73204000,0
1770418800000000,0.00437000,0.00439000,0.00431000,0.00433000,57202681.00000000,1770422399999999,248426.58093000,1035,24435922.00000000,105999.61315000,0
1770422400000000,0.00433000,0.00433000,0.00425000,0.00427000,41183755.00000000,1770425999999999,176381.97536000,1133,15372007.00000000,65793.17835000,0
1770426000000000,0.00427000,0.00430000,0.00424000,0.00429000,29178935.00000000,1770429599999999,124639.87436000,1095,15472042.00000000,66087.28658000,0
1770429600000000,0.00429000,0.00431000,0.00426000,0.00429000,27822820.00000000,1770433199999999,119302.87841000,1004,16110507.00000000,69080.37538000,0
1770433200000000,0.00429000,0.00433000,0.00429000,0.00430000,25008578.00000000,1770436799999999,107770.82755000,831,13586585.00000000,58557.52482000,0
1770436800000000,0.00431000,0.00435000,0.00428000,0.00430000,38104609.00000000,1770440399999999,164588.41960000,1129,21280074.00000000,91938.78320000,0
1770440400000000,0.00430000,0.00433000,0.00429000,0.00429000,30278555.00000000,1770443999999999,130259.08006000,734,15090420.00000000,64933.72739000,0
1770444000000000,0.00430000,0.00432000,0.00422000,0.00422000,46228562.00000000,1770447599999999,197608.21780000,1090,21767164.00000000,93070.06708000,0
1770447600000000,0.00423000,0.00424000,0.00412000,0.00416000,87326063.00000000,1770451199999999,364141.04138000,3057,45696005.00000000,190629.91190000,0
1770451200000000,0.00415000,0.00418000,0.00413000,0.00417000,47623389.00000000,1770454799999999,197999.87421000,1209,24086216.00000000,100140.63454000,0
1770454800000000,0.00417000,0.00419000,0.00414000,0.00415000,14773601.00000000,1770458399999999,61464.67801000,541,7013743.00000000,29180.28758000,0
1770458400000000,0.00415000,0.00416000,0.00412000,0.00414000,18431536.00000000,1770461999999999,76258.67747000,564,8199204.00000000,33932.29368000,0
1770462000000000,0.00415000,0.00415000,0.00412000,0.00414000,21610904.00000000,1770465599999999,89326.43246000,718,10262079.00000000,42416.97391000,0
1770465600000000,0.00414000,0.00430000,0.00414000,0.00425000,70029083.00000000,1770469199999999,296901.71011000,2411,36244900.00000000,153634.92101000,0
1770469200000000,0.00426000,0.00427000,0.00420000,0.00423000,29449992.00000000,1770472799999999,124604.71683000,973,19288705.00000000,81605.55209000,0
1770472800000000,0.00424000,0.00425000,0.00418000,0.00419000,32418826.00000000,1770476399999999,136657.81545000,1102,15471022.00000000,65215.30617000,0
1770476400000000,0.00419000,0.00428000,0.00419000,0.00426000,31748686.00000000,1770479999999999,134770.86528000,1173,15405448.00000000,65403.82956000,0
1770480000000000,0.00425000,0.00437000,0.00424000,0.00427000,434427137.00000000,1770483599999999,1871388.75150000,10994,212881152.00000000,916987.20585000,0
1770483600000000,0.00427000,0.00430000,0.00425000,0.00428000,27377087.00000000,1770487199999999,116861.42552000,790,12913161.00000000,55126.12050000,0
1770487200000000,0.00428000,0.00435000,0.00427000,0.00432000,46979638.00000000,1770490799999999,202937.24480000,1126,28322030.00000000,122293.14594000,0
1770490800000000,0.00432000,0.00432000,0.00428000,0.00428000,14070953.00000000,1770494399999999,60437.62467000,501,6352567.00000000,27288.81666000,0
1770494400000000,0.00428000,0.00431000,0.00427000,0.00430000,9869578.00000000,1770497999999999,42328.08974000,364,5415582.00000000,23229.71794000,0
1770498000000000,0.00430000,0.00431000,0.00425000,0.00426000,34119165.00000000,1770501599999999,145877.08874000,710,11979090.00000000,51268.03761000,0
1770501600000000,0.00427000,0.00429000,0.00425000,0.00425000,19328024.00000000,1770505199999999,82478.60583000,866,11062473.00000000,47209.61767000,0
1770505200000000,0.00425000,0.00426000,0.00422000,0.00425000,12737178.00000000,1770508799999999,54065.51567000,444,6912556.00000000,29353.73128000,0
1770508800000000,0.00426000,0.00426000,0.00421000,0.00423000,11721560.00000000,1770512399999999,49633.60054000,342,6000424.00000000,25404.48005000,0
1770512400000000,0.00423000,0.00425000,0.00422000,0.00423000,12210526.00000000,1770515999999999,51766.59246000,341,7247777.00000000,30745.34552000,0
1770516000000000,0.00423000,0.00424000,0.00420000,0.00422000,15100687.00000000,1770519599999999,63740.59329000,407,5891844.00000000,24901.02349000,0
1770519600000000,0.00422000,0.00422000,0.00417000,0.00418000,20795111.00000000,1770523199999999,87373.04859000,505,11679185.00000000,49075.51650000,0
1770523200000000,0.00418000,0.00421000,0.00417000,0.00419000,8324880.00000000,1770526799999999,34837.71025000,295,4610316.00000000,19289.78906000,0
1770526800000000,0.00420000,0.00421000,0.00418000,0.00419000,6553086.00000000,1770530399999999,27480.78365000,311,2922031.00000000,12256.39717000,0
1770530400000000,0.00418000,0.00420000,0.00416000,0.00417000,10300957.00000000,1770533999999999,43047.67876000,400,3056760.00000000,12783.00239000,0
1770534000000000,0.00417000,0.00418000,0.00414000,0.00417000,11085229.00000000,1770537599999999,46138.06434000,436,4567007.00000000,19008.50412000,0
1770537600000000,0.00417000,0.00422000,0.00416000,0.00421000,41636915.00000000,1770541199999999,174797.56186000,1535,20227146.00000000,84930.26903000,0
1770541200000000,0.00421000,0.00423000,0.00416000,0.00418000,21120549.00000000,1770544799999999,88685.47925000,988,10637956.00000000,44683.09452000,0
1770544800000000,0.00418000,0.00420000,0.00414000,0.00416000,21023956.00000000,1770548399999999,87617.12041000,764,10870719.00000000,45310.88416000,0
1770548400000000,0.00416000,0.00422000,0.00416000,0.00422000,18791983.00000000,1770551999999999,79011.78661000,833,8099367.00000000,34055.66304000,0
1770552000000000,0.00422000,0.00422000,0.00419000,0.00421000,19158725.00000000,1770555599999999,80604.23570000,684,8385429.00000000,35293.14956000,0
1770555600000000,0.00421000,0.00422000,0.00419000,0.00422000,21845512.00000000,1770559199999999,91895.98930000,837,8842936.00000000,37212.17624000,0
1770559200000000,0.00422000,0.00423000,0.00419000,0.00421000,11863910.00000000,1770562799999999,50013.48021000,594,6681315.00000000,28178.13809000,0
1770562800000000,0.00421000,0.00422000,0.00415000,0.00416000,35308868.00000000,1770566399999999,147569.59526000,1181,15058071.00000000,62950.59953000,0
1770566400000000,0.00417000,0.00417000,0.00408000,0.00410000,46510299.00000000,1770569999999999,191817.32300000,1355,24030402.00000000,99303.20167000,0
1770570000000000,0.00410000,0.00414000,0.00409000,0.00413000,25297044.00000000,1770573599999999,104376.13608000,901,11754752.00000000,48503.69985000,0
1770573600000000,0.00413000,0.00416000,0.00411000,0.00414000,43768609.00000000,1770577199999999,181096.78792000,1435,21192711.00000000,87726.78486000,0
1770577200000000,0.00414000,0.00415000,0.00413000,0.00414000,9828104.00000000,1770580799999999,40706.28197000,510,6352774.00000000,26316.80051000,0
1770580800000000,0.00414000,0.00414000,0.00409000,0.00410000,12296524.00000000,1770584399999999,50556.70122000,403,6790711.00000000,27931.86271000,0
1770584400000000,0.00410000,0.00411000,0.00406000,0.00407000,13026322.00000000,1770587999999999,53211.13097000,514,5862072.00000000,23957.13314000,0
1770588000000000,0.00408000,0.00409000,0.00405000,0.00407000,17425763.00000000,1770591599999999,70814.47870000,557,7572907.00000000,30789.50625000,0
1770591600000000,0.00408000,0.00416000,0.00403000,0.00407000,49169495.00000000,1770595199999999,200930.15723000,1825,24182907.00000000,98691.75084000,0
1770595200000000,0.00406000,0.00408000,0.00403000,0.00405000,11891583.00000000,1770598799999999,48256.61417000,639,5648096.00000000,22922.04859000,0
1770598800000000,0.00406000,0.00410000,0.00405000,0.00408000,33257216.00000000,1770602399999999,135486.44839000,1420,17185970.00000000,69990.55076000,0
1770602400000000,0.00408000,0.00413000,0.00406000,0.00411000,18912121.00000000,1770605999999999,77591.77144000,652,9828279.00000000,40348.02804000,0
1770606000000000,0.00411000,0.00418000,0.00411000,0.00417000,27011234.00000000,1770609599999999,111955.80360000,905,13625795.00000000,56476.01523000,0
1770609600000000,0.00416000,0.00416000,0.00414000,0.00414000,22142130.00000000,1770613199999999,91882.16071000,541,7706198.00000000,31953.74869000,0
1770613200000000,0.00414000,0.00417000,0.00413000,0.00416000,19432526.00000000,1770616799999999,80607.86843000,696,12513706.00000000,51904.81866000,0
1770616800000000,0.00416000,0.00416000,0.00410000,0.00413000,13470400.00000000,1770620399999999,55559.64370000,608,7825248.00000000,32273.45904000,0
1770620400000000,0.00413000,0.00414000,0.00411000,0.00411000,9861369.00000000,1770623999999999,40659.90249000,472,3768927.00000000,15549.76049000,0
1770624000000000,0.00411000,0.00412000,0.00404000,0.00406000,33808526.00000000,1770627599999999,137822.88414000,1233,17802142.00000000,72611.62378000,0
1770627600000000,0.00406000,0.00407000,0.00402000,0.00403000,21508643.00000000,1770631199999999,86896.08569000,794,7204479.00000000,29105.21943000,0
1770631200000000,0.00404000,0.00404000,0.00397000,0.00398000,27327165.00000000,1770634799999999,109286.57135000,1222,17865888.00000000,71402.53486000,0
1770634800000000,0.00399000,0.00403000,0.00399000,0.00400000,25594696.00000000,1770638399999999,102515.89619000,706,9182896.00000000,36803.21885000,0
1770638400000000,0.00401000,0.00403000,0.00400000,0.00401000,9978612.00000000,1770641999999999,40039.59379000,390,3637413.00000000,14614.84407000,0
1770642000000000,0.00401000,0.00403000,0.00399000,0.00399000,25415065.00000000,1770645599999999,101868.44049000,805,11991509.00000000,48119.99936000,0
1770645600000000,0.00399000,0.00406000,0.00398000,0.00404000,57635581.00000000,1770649199999999,231717.60125000,2202,29100145.00000000,116904.07031000,0
1770649200000000,0.00405000,0.00408000,0.00400000,0.00406000,36151672.00000000,1770652799999999,145986.98752000,1290,16294070.00000000,65772.77829000,0
1770652800000000,0.00405000,0.00412000,0.00403000,0.00408000,27398070.00000000,1770656399999999,111463.11856000,1071,13125691.00000000,53370.31213000,0
1770656400000000,0.00408000,0.00414000,0.00405000,0.00413000,51683602.00000000,1770659999999999,212305.12317000,1404,21563066.00000000,88452.17512000,0
1770660000000000,0.00413000,0.00414000,0.00408000,0.00409000,32097115.00000000,1770663599999999,131832.80771000,1479,15128733.00000000,62158.21578000,0
1770663600000000,0.00410000,0.00412000,0.00408000,0.00412000,9989453.00000000,1770667199999999,40932.64126000,664,4134924.00000000,16956.68075000,0
1770667200000000,0.00412000,0.00412000,0.00407000,0.00411000,23605072.00000000,1770670799999999,96815.03665000,1024,13785269.00000000,56572.51590000,0
1770670800000000,0.00411000,0.00412000,0.00406000,0.00411000,46325268.00000000,1770674399999999,189725.16777000,1356,28242294.00000000,115659.31863000,0
1770674400000000,0.00411000,0.00413000,0.00410000,0.00412000,20542178.00000000,1770677999999999,84570.55961000,653,9792440.00000000,40328.51336000,0
1770678000000000,0.00411000,0.00413000,0.00410000,0.00411000,18208760.00000000,1770681599999999,74948.28598000,483,8546038.00000000,35203.24427000,0
1770681600000000,0.00411000,0.00413000,0.00410000,0.00412000,18700558.00000000,1770685199999999,77007.83330000,640,8991394.00000000,37032.70880000,0
1770685200000000,0.00412000,0.00415000,0.00411000,0.00412000,23687929.00000000,1770688799999999,97846.64893000,704,11774109.00000000,48663.07672000,0
1770688800000000,0.00412000,0.00413000,0.00410000,0.00412000,19261536.00000000,1770692399999999,79210.71380000,550,6702006.00000000,27568.01506000,0
1770692400000000,0.00412000,0.00412000,0.00403000,0.00405000,38416497.00000000,1770695999999999,156099.60843000,1044,18388585.00000000,74707.02654000,0
1770696000000000,0.00406000,0.00409000,0.00406000,0.00408000,14954225.00000000,1770699599999999,60910.96560000,348,7580096.00000000,30877.54689000,0
1770699600000000,0.00409000,0.00409000,0.00403000,0.00404000,20048744.00000000,1770703199999999,81204.99002000,504,10326497.00000000,41823.84639000,0
1770703200000000,0.00403000,0.00404000,0.00396000,0.00398000,33863276.00000000,1770706799999999,135499.61805000,1130,17167293.00000000,68709.75362000,0
1770706800000000,0.00398000,0.00401000,0.00398000,0.00399000,9719346.00000000,1770710399999999,38820.64899000,425,4875433.00000000,19476.76717000,0
1770710400000000,0.00400000,0.00403000,0.00399000,0.00402000,18465988.00000000,1770713999999999,74105.37490000,570,7170917.00000000,28788.09394000,0
1770714000000000,0.00402000,0.00404000,0.00400000,0.00401000,17861240.00000000,1770717599999999,71836.73075000,597,8163980.00000000,32846.97468000,0
1770717600000000,0.00402000,0.00402000,0.00399000,0.00399000,15375988.00000000,1770721199999999,61593.29009000,413,8843429.00000000,35429.05923000,0
1770721200000000,0.00400000,0.00402000,0.00399000,0.00399000,19301194.00000000,1770724799999999,77207.78511000,564,10337804.00000000,41366.65334000,0
1770724800000000,0.00399000,0.00402000,0.00398000,0.00400000,20599338.00000000,1770728399999999,82352.47725000,685,9423963.00000000,37700.60050000,0
1770728400000000,0.00400000,0.00403000,0.00399000,0.00401000,26878796.00000000,1770731999999999,107771.27985000,788,14096487.00000000,56533.35147000,0
1770732000000000,0.00401000,0.00404000,0.00399000,0.00401000,43596262.00000000,1770735599999999,175104.55102000,1744,17921025.00000000,72017.31693000,0
1770735600000000,0.00401000,0.00405000,0.00399000,0.00403000,39654364.00000000,1770739199999999,159900.99167000,1981,20567102.00000000,82924.75781000,0
1770739200000000,0.00403000,0.00405000,0.00400000,0.00403000,38905859.00000000,1770742799999999,156640.61750000,1204,20945358.00000000,84280.07188000,0
1770742800000000,0.00403000,0.00404000,0.00400000,0.00401000,21401514.00000000,1770746399999999,85863.56845000,738,7057403.00000000,28333.81134000,0
1770746400000000,0.00402000,0.00402000,0.00393000,0.00396000,54047806.00000000,1770749999999999,214301.83675000,1274,32591224.00000000,129311.06945000,0
1770750000000000,0.00396000,0.00399000,0.00395000,0.00398000,35697098.00000000,1770753599999999,141516.37804000,749,16763130.00000000,66462.80139000,0
1770753600000000,0.00398000,0.00398000,0.00395000,0.00396000,15883984.00000000,1770757199999999,63033.16040000,333,8112810.00000000,32203.90176000,0
1770757200000000,0.00396000,0.00398000,0.00394000,0.00396000,15090703.00000000,1770760799999999,59720.50116000,415,7216906.00000000,28571.95291000,0
1770760800000000,0.00397000,0.00399000,0.00396000,0.00397000,6885167.00000000,1770764399999999,27375.80015000,176,2889211.00000000,11486.08150000,0
1770764400000000,0.00397000,0.00398000,0.00396000,0.00397000,6456611.00000000,1770767999999999,25628.09534000,180,2370319.00000000,9410.89265000,0
1770768000000000,0.00396000,0.00398000,0.00395000,0.00397000,19082482.00000000,1770771599999999,75625.35090000,561,12717952.00000000,50413.03730000,0
1770771600000000,0.00397000,0.00399000,0.00396000,0.00398000,16691835.00000000,1770775199999999,66331.34228000,437,8332896.00000000,33116.50559000,0
1770775200000000,0.00398000,0.00400000,0.00396000,0.00397000,8214286.00000000,1770778799999999,32731.91435000,297,3179990.00000000,12674.48733000,0
1770778800000000,0.00397000,0.00398000,0.00392000,0.00395000,52672597.00000000,1770782399999999,208137.83325000,1489,25946146.00000000,102506.86435000,0
1770782400000000,0.00395000,0.00396000,0.00390000,0.00391000,54905189.00000000,1770785999999999,215596.46325000,1448,28920060.00000000,113516.82114000,0
1770786000000000,0.00391000,0.00393000,0.00388000,0.00390000,27185799.00000000,1770789599999999,106257.04935000,718,15755890.00000000,61587.36408000,0
1770789600000000,0.00390000,0.00391000,0.00384000,0.00385000,58226105.00000000,1770793199999999,225211.55067000,1413,33460600.00000000,129362.56800000,0
1770793200000000,0.00384000,0.00386000,0.00383000,0.00384000,45819646.00000000,1770796799999999,176139.94864000,993,19545077.00000000,75128.70296000,0
1770796800000000,0.00384000,0.00386000,0.00383000,0.00386000,20182268.00000000,1770800399999999,77613.96384000,617,11380090.00000000,43801.61980000,0
1770800400000000,0.00386000,0.00387000,0.00384000,0.00386000,18081693.00000000,1770803999999999,69662.65355000,611,8646511.00000000,33311.02514000,0
1770804000000000,0.00386000,0.00387000,0.00382000,0.00384000,28181002.00000000,1770807599999999,108214.16732000,959,12926453.00000000,49664.00820000,0
1770807600000000,0.00384000,0.00388000,0.00383000,0.00387000,22438294.00000000,1770811199999999,86573.39052000,697,11403338.00000000,44007.43964000,0
1770811200000000,0.00387000,0.00391000,0.00386000,0.00388000,39267864.00000000,1770814799999999,152575.25659000,934,19320939.00000000,75061.79003000,0
1770814800000000,0.00389000,0.00393000,0.00387000,0.00393000,50366378.00000000,1770818399999999,196387.99579000,1229,25925347.00000000,101119.86663000,0
1770818400000000,0.00393000,0.00407000,0.00387000,0.00388000,123020444.00000000,1770821999999999,487711.46929000,3929,61635808.00000000,244401.72076000,0
1770822000000000,0.00388000,0.00390000,0.00382000,0.00386000,91883563.00000000,1770825599999999,354061.10913000,3709,39817442.00000000,153472.45143000,0
1770825600000000,0.00386000,0.00392000,0.00384000,0.00384000,56270232.00000000,1770829199999999,217739.21406000,2051,26307917.00000000,101747.71942000,0
1770829200000000,0.00384000,0.00391000,0.00382000,0.00387000,35369998.00000000,1770832799999999,136805.53313000,1455,16635068.00000000,64316.50291000,0
1770832800000000,0.00387000,0.00392000,0.00384000,0.00391000,42896521.00000000,1770836399999999,166843.80238000,1416,22755176.00000000,88483.89262000,0
1770836400000000,0.00391000,0.00392000,0.00387000,0.00388000,46422172.00000000,1770839999999999,180814.71856000,1556,23070783.00000000,89842.06126000,0
1770840000000000,0.00388000,0.00391000,0.00385000,0.00390000,62273230.00000000,1770843599999999,241499.31845000,1774,32852614.00000000,127443.13238000,0
1770843600000000,0.00390000,0.00396000,0.00389000,0.00393000,47196218.00000000,1770847199999999,185218.92340000,1373,23211537.00000000,91116.55130000,0
1770847200000000,0.00393000,0.00395000,0.00389000,0.00390000,36439013.00000000,1770850799999999,143250.37947000,1180,18898400.00000000,74316.32570000,0
1770850800000000,0.00389000,0.00391000,0.00385000,0.00388000,30713133.00000000,1770854399999999,119141.38932000,1191,16473580.00000000,63933.76201000,0
1770854400000000,0.00389000,0.00393000,0.00388000,0.00392000,41496210.00000000,1770857999999999,162206.28512000,1073,21069900.00000000,82366.13550000,0
1770858000000000,0.00392000,0.00396000,0.00391000,0.00391000,47701210.00000000,1770861599999999,187564.64430000,1371,25048538.00000000,98472.59545000,0
1770861600000000,0.00391000,0.00393000,0.00390000,0.00391000,21321730.00000000,1770865199999999,83486.84875000,620,10039769.00000000,39312.94300000,0
1770865200000000,0.00392000,0.00395000,0.00391000,0.00395000,16246207.00000000,1770868799999999,63920.51598000,414,11671651.00000000,45920.22981000,0
1770868800000000,0.00394000,0.00398000,0.00393000,0.00396000,25303736.00000000,1770872399999999,100075.67497000,712,11857351.00000000,46917.48821000,0
1770872400000000,0.00396000,0.00398000,0.00394000,0.00398000,30141075.00000000,1770875999999999,119224.18732000,1120,15643660.00000000,61875.68166000,0
1770876000000000,0.00398000,0.00402000,0.00396000,0.00399000,35513075.00000000,1770879599999999,141685.83973000,1243,16586632.00000000,66177.83375000,0
1770879600000000,0.00400000,0.00402000,0.00398000,0.00401000,14911554.00000000,1770883199999999,59679.61208000,609,9829497.00000000,39343.29640000,0
1770883200000000,0.00401000,0.00402000,0.00399000,0.00401000,19628264.00000000,1770886799999999,78647.98730000,831,11197493.00000000,44892.53616000,0
1770886800000000,0.00401000,0.00403000,0.00399000,0.00402000,28519147.00000000,1770890399999999,114296.68127000,884,12175387.00000000,48837.02567000,0
1770890400000000,0.00402000,0.00407000,0.00401000,0.00406000,13905830.00000000,1770893999999999,56119.70657000,624,7971877.00000000,32150.73957000,0
1770894000000000,0.00407000,0.00407000,0.00403000,0.00405000,24409813.00000000,1770897599999999,98856.21746000,683,11121066.00000000,45052.11526000,0
1770897600000000,0.00405000,0.00405000,0.00399000,0.00400000,29477989.00000000,1770901199999999,118354.69702000,883,14074864.00000000,56519.38469000,0
1770901200000000,0.00401000,0.00403000,0.00397000,0.00402000,48583759.00000000,1770904799999999,194427.16109000,1399,24887104.00000000,99620.89166000,0
1770904800000000,0.00402000,0.00403000,0.00398000,0.00399000,36916292.00000000,1770908399999999,147564.90400000,1695,15875874.00000000,63461.86194000,0
1770908400000000,0.00400000,0.00403000,0.00396000,0.00397000,48567191.00000000,1770911999999999,193743.47313000,1875,22989343.00000000,91653.01768000,0
1770912000000000,0.00397000,0.00399000,0.00390000,0.00393000,70594545.00000000,1770915599999999,278058.16348000,3220,37098991.00000000,146137.87951000,0
1770915600000000,0.00393000,0.00397000,0.00392000,0.00393000,28272865.00000000,1770919199999999,111418.48247000,1279,12874615.00000000,50740.59036000,0
1770919200000000,0.00393000,0.00396000,0.00392000,0.00395000,35394561.00000000,1770922799999999,139452.13294000,1194,16683944.00000000,65802.12527000,0
1770922800000000,0.00395000,0.00401000,0.00393000,0.00397000,29980669.00000000,1770926399999999,119133.12064000,1106,14748084.00000000,58610.89968000,0
1770926400000000,0.00396000,0.00397000,0.00391000,0.00392000,38468374.00000000,1770929999999999,151375.34813000,1193,16006513.00000000,62989.69523000,0
1770930000000000,0.00391000,0.00394000,0.00391000,0.00393000,24376109.00000000,1770933599999999,95653.43553000,1051,7777123.00000000,30531.08576000,0
1770933600000000,0.00393000,0.00398000,0.00391000,0.00398000,17779522.00000000,1770937199999999,69888.99717000,597,9859181.00000000,38743.74802000,0
1770937200000000,0.00398000,0.00400000,0.00397000,0.00400000,12820015.00000000,1770940799999999,51089.67394000,473,5757074.00000000,22935.71745000,0
1770940800000000,0.00399000,0.00400000,0.00393000,0.00394000,12111248.00000000,1770944399999999,47987.57882000,554,5157531.00000000,20421.09519000,0
1770944400000000,0.00395000,0.00396000,0.00393000,0.00394000,15665524.00000000,1770947999999999,61816.88172000,532,6467722.00000000,25526.45060000,0
1770948000000000,0.00394000,0.00394000,0.00391000,0.00393000,19745914.00000000,1770951599999999,77545.69628000,556,11197198.00000000,43981.01231000,0
1770951600000000,0.00392000,0.00393000,0.00390000,0.00391000,18968811.00000000,1770955199999999,74344.46562000,540,9500376.00000000,37230.92702000,0
1770955200000000,0.00391000,0.00391000,0.00388000,0.00389000,13606150.00000000,1770958799999999,52989.33876000,446,6442261.00000000,25098.84210000,0
1770958800000000,0.00389000,0.00389000,0.00386000,0.00387000,11995196.00000000,1770962399999999,46481.63550000,439,4274269.00000000,16559.92481000,0
1770962400000000,0.00387000,0.00390000,0.00385000,0.00390000,14096342.00000000,1770965999999999,54445.12922000,435,6467111.00000000,25013.60998000,0
1770966000000000,0.00389000,0.00392000,0.00388000,0.00389000,24536122.00000000,1770969599999999,95664.24127000,879,12685503.00000000,49466.94655000,0
1770969600000000,0.00390000,0.00393000,0.00389000,0.00391000,19373692.00000000,1770973199999999,75744.87544000,695,8796950.00000000,34408.97496000,0
1770973200000000,0.00391000,0.00394000,0.00390000,0.00393000,18256551.00000000,1770976799999999,71486.37851000,664,10005920.00000000,39191.95080000,0
1770976800000000,0.00393000,0.00396000,0.00393000,0.00396000,29108643.00000000,1770980399999999,115007.03034000,581,19103150.00000000,75509.73807000,0
1770980400000000,0.00395000,0.00397000,0.00394000,0.00397000,16330659.00000000,1770983999999999,64554.84785000,360,9053627.00000000,35803.51363000,0
1770984000000000,0.00396000,0.00396000,0.00393000,0.00394000,13274451.00000000,1770987599999999,52309.66763000,398,8620531.00000000,33975.38689000,0
1770987600000000,0.00394000,0.00400000,0.00393000,0.00400000,49262319.00000000,1770991199999999,196021.52897000,1081,29717601.00000000,118309.37260000,0
1770991200000000,0.00399000,0.00404000,0.00396000,0.00400000,59368449.00000000,1770994799999999,237311.40276000,1861,24857931.00000000,99387.00214000,0
1770994800000000,0.00400000,0.00410000,0.00400000,0.00404000,119923240.00000000,1770998399999999,485725.59213000,3706,60105152.00000000,243378.40172000,0
1770998400000000,0.00404000,0.00410000,0.00403000,0.00410000,57045611.00000000,1771001999999999,232173.51198000,1543,28688058.00000000,116679.03867000,0
1771002000000000,0.00409000,0.00411000,0.00407000,0.00409000,36016423.00000000,1771005599999999,147227.87062000,943,18725433.00000000,76546.11387000,0
1771005600000000,0.00408000,0.00409000,0.00406000,0.00408000,23586618.00000000,1771009199999999,96037.31773000,844,13057182.00000000,53161.89337000,0
1771009200000000,0.00407000,0.00409000,0.00406000,0.00407000,12901472.00000000,1771012799999999,52530.56509000,363,6866632.00000000,27964.28211000,0
1771012800000000,0.00407000,0.00409000,0.00406000,0.00408000,18396485.00000000,1771016399999999,74903.84064000,591,10035167.00000000,40862.29694000,0
1771016400000000,0.00408000,0.00411000,0.00408000,0.00410000,21273667.00000000,1771019999999999,87154.76296000,688,9767665.00000000,40017.87061000,0
1771020000000000,0.00410000,0.00412000,0.00408000,0.00409000,15023064.00000000,1771023599999999,61665.63933000,414,8209448.00000000,33708.91095000,0
1771023600000000,0.00409000,0.00410000,0.00408000,0.00410000,10360387.00000000,1771027199999999,42378.62132000,409,4978506.00000000,20368.12306000,0
1771027200000000,0.00409000,0.00413000,0.00409000,0.00412000,20560554.00000000,1771030799999999,84427.10431000,725,9608142.00000000,39457.79628000,0
1771030800000000,0.00412000,0.00413000,0.00410000,0.00412000,14020076.00000000,1771034399999999,57715.48209000,407,6813440.00000000,28061.86704000,0
1771034400000000,0.00413000,0.00414000,0.00412000,0.00413000,9245697.00000000,1771037999999999,38204.21764000,288,3726828.00000000,15403.27829000,0
1771038000000000,0.00413000,0.00417000,0.00413000,0.00416000,16527424.00000000,1771041599999999,68576.77589000,444,8763603.00000000,36385.65605000,0
1771041600000000,0.00415000,0.00415000,0.00413000,0.00414000,8895040.00000000,1771045199999999,36833.94688000,202,3592852.00000000,14877.34539000,0
1771045200000000,0.00414000,0.00416000,0.00412000,0.00413000,9051666.00000000,1771048799999999,37455.14231000,232,4940576.00000000,20456.08369000,0
1771048800000000,0.00413000,0.00414000,0.00411000,0.00413000,9449576.00000000,1771052399999999,38947.14524000,254,3577552.00000000,14746.20815000,0
1771052400000000,0.00414000,0.00416000,0.00413000,0.00414000,15616043.00000000,1771055999999999,64716.77077000,592,8355370.00000000,34626.28138000,0
1771056000000000,0.00414000,0.00418000,0.00413000,0.00418000,34101765.00000000,1771059599999999,141807.05668000,1176,14951330.00000000,62197.97719000,0
1771059600000000,0.00417000,0.00419000,0.00417000,0.00418000,12776956.00000000,1771063199999999,53391.73071000,428,7299143.00000000,30520.44113000,0
1771063200000000,0.00418000,0.00419000,0.00416000,0.00418000,21659289.00000000,1771066799999999,90366.98556000,495,9424782.00000000,39325.75779000,0
1771066800000000,0.00417000,0.00424000,0.00417000,0.00422000,28951356.00000000,1771070399999999,121995.08781000,888,14078019.00000000,59319.14916000,0
1771070400000000,0.00422000,0.00425000,0.00420000,0.00421000,44488525.00000000,1771073999999999,188132.84688000,1384,18365827.00000000,77699.52659000,0
1771074000000000,0.00420000,0.00422000,0.00418000,0.00420000,54260159.00000000,1771077599999999,227894.26743000,1336,30651851.00000000,128746.45150000,0
1771077600000000,0.00420000,0.00427000,0.00420000,0.00426000,43615041.00000000,1771081199999999,184547.55813000,1575,17833082.00000000,75520.21815000,0
1771081200000000,0.00426000,0.00428000,0.00424000,0.00427000,27384949.00000000,1771084799999999,116665.92196000,855,12311888.00000000,52485.55718000,0
1771084800000000,0.00427000,0.00430000,0.00424000,0.00429000,66789573.00000000,1771088399999999,285322.50860000,2700,25041079.00000000,106940.66909000,0
1771088400000000,0.00429000,0.00432000,0.00428000,0.00429000,68324639.00000000,1771091999999999,293319.78014000,1514,24572400.00000000,105512.25422000,0
1771092000000000,0.00429000,0.00433000,0.00428000,0.00432000,56213428.00000000,1771095599999999,242422.69248000,2099,20342525.00000000,87758.55686000,0
1771095600000000,0.00432000,0.00435000,0.00430000,0.00433000,46389450.00000000,1771099199999999,200693.02068000,1793,17402780.00000000,75300.25869000,0
1771099200000000,0.00434000,0.00435000,0.00428000,0.00430000,46530464.00000000,1771102799999999,200531.59972000,1537,22107774.00000000,95282.56317000,0
1771102800000000,0.00431000,0.00434000,0.00427000,0.00431000,44971930.00000000,1771106399999999,193827.48769000,1367,22098711.00000000,95248.89002000,0
1771106400000000,0.00430000,0.00438000,0.00430000,0.00437000,24870608.00000000,1771109999999999,108042.34721000,1565,10781299.00000000,46849.11590000,0
1771110000000000,0.00436000,0.00436000,0.00432000,0.00434000,38105301.00000000,1771113599999999,165177.67894000,748,14383579.00000000,62455.06930000,0
1771113600000000,0.00434000,0.00434000,0.00429000,0.00432000,26649076.00000000,1771117199999999,114853.01076000,596,15163660.00000000,65350.13391000,0
1771117200000000,0.00432000,0.00434000,0.00428000,0.00432000,30548747.00000000,1771120799999999,131527.61024000,909,14854109.00000000,63940.17623000,0
1771120800000000,0.00432000,0.00433000,0.00427000,0.00430000,31326259.00000000,1771124399999999,134508.04545000,816,15962377.00000000,68526.66849000,0
1771124400000000,0.00430000,0.00431000,0.00423000,0.00431000,76929384.00000000,1771127999999999,328493.54403000,1864,39568601.00000000,168944.57992000,0
1771128000000000,0.00431000,0.00437000,0.00430000,0.00432000,58451623.00000000,1771131599999999,252955.15100000,1746,27564769.00000000,119301.96753000,0
1771131600000000,0.00432000,0.00436000,0.00431000,0.00434000,21282191.00000000,1771135199999999,92368.53679000,790,11053599.00000000,47969.28915000,0
1771135200000000,0.00434000,0.00436000,0.00432000,0.00432000,13922495.00000000,1771138799999999,60422.93124000,408,7302795.00000000,31700.65759000,0
1771138800000000,0.00432000,0.00437000,0.00432000,0.00435000,18096168.00000000,1771142399999999,78661.77613000,638,10419775.00000000,45300.19823000,0
1771142400000000,0.00435000,0.00437000,0.00427000,0.00429000,31537328.00000000,1771145999999999,136088.58893000,1205,15046304.00000000,64877.97662000,0
1771146000000000,0.00428000,0.00432000,0.00427000,0.00430000,18233950.00000000,1771149599999999,78389.55532000,715,9603607.00000000,41297.12383000,0
1771149600000000,0.00430000,0.00431000,0.00424000,0.00427000,19906156.00000000,1771153199999999,84882.66606000,585,8890415.00000000,37902.17603000,0
1771153200000000,0.00427000,0.00428000,0.00425000,0.00426000,16353861.00000000,1771156799999999,69773.88165000,281,9192818.00000000,39245.33578000,0
1771156800000000,0.00426000,0.00426000,0.00413000,0.00413000,63204443.00000000,1771160399999999,265656.68320000,1985,33955534.00000000,142663.79785000,0
1771160400000000,0.00413000,0.00418000,0.00408000,0.00410000,57725903.00000000,1771163999999999,238524.80843000,1873,24457969.00000000,101117.56238000,0
1771164000000000,0.00410000,0.00415000,0.00410000,0.00414000,31320161.00000000,1771167599999999,129231.44333000,1029,15046787.00000000,62083.46302000,0
1771167600000000,0.00413000,0.00415000,0.00412000,0.00412000,6551531.00000000,1771171199999999,27066.31123000,385,2771120.00000000,11463.11759000,0
1771171200000000,0.00412000,0.00413000,0.00410000,0.00411000,11435582.00000000,1771174799999999,47071.99938000,567,5054166.00000000,20802.82396000,0
1771174800000000,0.00412000,0.00413000,0.00403000,0.00406000,45916087.00000000,1771178399999999,186610.49696000,1498,20172992.00000000,81947.94258000,0
1771178400000000,0.00406000,0.00408000,0.00402000,0.00403000,36031995.00000000,1771181999999999,145790.31697000,1510,18239657.00000000,73860.45955000,0
1771182000000000,0.00404000,0.00406000,0.00400000,0.00404000,28543935.00000000,1771185599999999,114989.62780000,901,14734677.00000000,59371.82874000,0
1771185600000000,0.00403000,0.00406000,0.00401000,0.00405000,14477600.00000000,1771189199999999,58489.16727000,684,8716458.00000000,35224.65171000,0
1771189200000000,0.00405000,0.00406000,0.00404000,0.00405000,11100481.00000000,1771192799999999,44976.65535000,341,3545794.00000000,14371.81131000,0
1771192800000000,0.00405000,0.00407000,0.00404000,0.00407000,8002156.00000000,1771196399999999,32438.85438000,415,4269487.00000000,17310.74869000,0
1771196400000000,0.00406000,0.00408000,0.00402000,0.00407000,11412309.00000000,1771199999999999,46294.52621000,541,6143253.00000000,24914.58090000,0
1771200000000000,0.00407000,0.00410000,0.00407000,0.00409000,10805825.00000000,1771203599999999,44112.15664000,366,4926030.00000000,20119.40158000,0
1771203600000000,0.00409000,0.00410000,0.00406000,0.00408000,6227700.00000000,1771207199999999,25405.40372000,398,2703836.00000000,11032.08015000,0
1771207200000000,0.00408000,0.00409000,0.00405000,0.00406000,11427068.00000000,1771210799999999,46430.02951000,440,5413916.00000000,21997.80311000,0
1771210800000000,0.00406000,0.00408000,0.00405000,0.00408000,12028880.00000000,1771214399999999,48817.85653000,325,4431602.00000000,17999.94589000,0
1771214400000000,0.00407000,0.00410000,0.00407000,0.00410000,11601152.00000000,1771217999999999,47397.34936000,406,5897447.00000000,24097.54697000,0
1771218000000000,0.00410000,0.00411000,0.00404000,0.00405000,10131301.00000000,1771221599999999,41218.05313000,379,5553388.00000000,22572.46458000,0
1771221600000000,0.00406000,0.00409000,0.00405000,0.00408000,5126645.00000000,1771225199999999,20834.85408000,289,3659931.00000000,14873.92571000,0
1771225200000000,0.00407000,0.00409000,0.00405000,0.00407000,11379589.00000000,1771228799999999,46346.60168000,429,6173977.00000000,25153.40039000,0
1771228800000000,0.00407000,0.00410000,0.00407000,0.00408000,4755122.00000000,1771232399999999,19418.27042000,299,2482652.00000000,10137.69005000,0
1771232400000000,0.00408000,0.00412000,0.00408000,0.00411000,10031504.00000000,1771235999999999,41179.67685000,520,5410305.00000000,22215.00412000,0
1771236000000000,0.00411000,0.00411000,0.00409000,0.00409000,6842537.00000000,1771239599999999,28057.06880000,290,2982970.00000000,12229.91989000,0
1771239600000000,0.00409000,0.00411000,0.00404000,0.00410000,29055114.00000000,1771243199999999,118512.41118000,1315,16901207.00000000,68919.69208000,0
1771243200000000,0.00411000,0.00419000,0.00409000,0.00419000,40961705.00000000,1771246799999999,169682.48650000,1691,20714118.00000000,85940.56660000,0
1771246800000000,0.00419000,0.00421000,0.00408000,0.00410000,45379375.00000000,1771250399999999,187643.91601000,1996,22797693.00000000,94275.47798000,0
1771250400000000,0.00409000,0.00413000,0.00407000,0.00410000,14843434.00000000,1771253999999999,60869.46073000,1267,7448199.00000000,30547.51605000,0
1771254000000000,0.00411000,0.00413000,0.00402000,0.00405000,52261619.00000000,1771257599999999,212087.76601000,2207,26552594.00000000,107780.51219000,0
1771257600000000,0.00404000,0.00409000,0.00404000,0.00408000,22036577.00000000,1771261199999999,89723.44637000,989,11204811.00000000,45605.71778000,0
1771261200000000,0.00408000,0.00409000,0.00405000,0.00408000,18337605.00000000,1771264799999999,74690.67929000,726,7516777.00000000,30631.85830000,0
1771264800000000,0.00408000,0.00410000,0.00407000,0.00407000,15994960.00000000,1771268399999999,65368.64885000,520,9078008.00000000,37103.44936000,0
1771268400000000,0.00407000,0.00411000,0.00406000,0.00410000,11429904.00000000,1771271999999999,46744.03346000,355,5714355.00000000,23389.20795000,0
1771272000000000,0.00410000,0.00414000,0.00408000,0.00413000,19441924.00000000,1771275599999999,79999.40697000,777,8878902.00000000,36555.10475000,0
1771275600000000,0.00412000,0.00417000,0.00411000,0.00417000,42339789.00000000,1771279199999999,175480.34856000,1123,29405303.00000000,121869.27593000,0
1771279200000000,0.00417000,0.00417000,0.00414000,0.00415000,12289693.00000000,1771282799999999,51056.18320000,482,4136117.00000000,17197.88013000,0
1771282800000000,0.00414000,0.00415000,0.00413000,0.00414000,5502561.00000000,1771286399999999,22772.53227000,194,3300359.00000000,13662.87492000,0
1771286400000000,0.00415000,0.00415000,0.00412000,0.00412000,16274079.00000000,1771289999999999,67345.21430000,441,8965032.00000000,37107.43720000,0
1771290000000000,0.00413000,0.00414000,0.00411000,0.00411000,5520096.00000000,1771293599999999,22777.37978000,180,3179470.00000000,13124.21404000,0
1771293600000000,0.00411000,0.00415000,0.00409000,0.00413000,12737683.00000000,1771297199999999,52537.12494000,441,5192851.00000000,21390.09303000,0
1771297200000000,0.00413000,0.00413000,0.00410000,0.00411000,7229846.00000000,1771300799999999,29766.62211000,244,3344044.00000000,13765.63109000,0
1771300800000000,0.00410000,0.00411000,0.00409000,0.00409000,16355441.00000000,1771304399999999,66973.06096000,518,9112996.00000000,37331.93412000,0
1771304400000000,0.00409000,0.00410000,0.00404000,0.00407000,28202812.00000000,1771307999999999,114559.71708000,848,16899753.00000000,68660.89547000,0
1771308000000000,0.00406000,0.00409000,0.00406000,0.00408000,6186737.00000000,1771311599999999,25219.36638000,228,2705258.00000000,11031.89438000,0
1771311600000000,0.00408000,0.00408000,0.00406000,0.00406000,12203311.00000000,1771315199999999,49643.77132000,483,5841771.00000000,23770.10835000,0
1771315200000000,0.00407000,0.00408000,0.00404000,0.00405000,13426920.00000000,1771318799999999,54497.13567000,426,7523697.00000000,30554.57578000,0
1771318800000000,0.00405000,0.00406000,0.00403000,0.00406000,7781754.00000000,1771322399999999,31496.97345000,350,5114640.00000000,20704.31073000,0
1771322400000000,0.00405000,0.00406000,0.00403000,0.00404000,29320642.00000000,1771325999999999,118647.76791000,782,12716684.00000000,51463.20341000,0
1771326000000000,0.00405000,0.00408000,0.00404000,0.00407000,16303307.00000000,1771329599999999,66248.33146000,623,8587812.00000000,34887.20413000,0
1771329600000000,0.00407000,0.00409000,0.00405000,0.00407000,22839862.00000000,1771333199999999,93043.85927000,737,11840334.00000000,48243.40143000,0
1771333200000000,0.00407000,0.00411000,0.00405000,0.00408000,20713992.00000000,1771336799999999,84526.32347000,747,9483616.00000000,38703.66909000,0
1771336800000000,0.00409000,0.00411000,0.00401000,0.00403000,46424983.00000000,1771340399999999,188422.00313000,2102,24507930.00000000,99533.27842000,0
1771340400000000,0.00402000,0.00408000,0.00402000,0.00408000,43498239.00000000,1771343999999999,176402.98543000,2078,23316747.00000000,94570.54888000,0
1771344000000000,0.00407000,0.00413000,0.00407000,0.00409000,49745360.00000000,1771347599999999,204412.42174000,1970,24351287.00000000,100042.99282000,0
1771347600000000,0.00409000,0.00410000,0.00403000,0.00404000,56281642.00000000,1771351199999999,227927.89010000,1880,30979638.00000000,125510.02528000,0
1771351200000000,0.00405000,0.00412000,0.00403000,0.00410000,41307513.00000000,1771354799999999,168574.04346000,1396,21515410.00000000,87803.54903000,0
1771354800000000,0.00410000,0.00410000,0.00405000,0.00405000,39868435.00000000,1771358399999999,162391.74956000,1322,18973052.00000000,77296.23055000,0
1771358400000000,0.00406000,0.00407000,0.00403000,0.00404000,19325626.00000000,1771361999999999,78185.15146000,633,10886627.00000000,44054.06721000,0
1771362000000000,0.00404000,0.00407000,0.00404000,0.00406000,5872407.00000000,1771365599999999,23765.41770000,241,2801430.00000000,11340.60417000,0
1771365600000000,0.00405000,0.00406000,0.00401000,0.00404000,34575784.00000000,1771369199999999,139304.47885000,753,10461170.00000000,42224.50794000,0
1771369200000000,0.00404000,0.00405000,0.00403000,0.00405000,15578381.00000000,1771372799999999,62912.65102000,433,10311198.00000000,41646.75471000,0
1771372800000000,0.00405000,0.00405000,0.00403000,0.00404000,16040747.00000000,1771376399999999,64799.84275000,598,9225204.00000000,37277.84611000,0
1771376400000000,0.00404000,0.00404000,0.00402000,0.00403000,27684184.00000000,1771379999999999,111553.00461000,830,15037049.00000000,60594.04450000,0
1771380000000000,0.00403000,0.00407000,0.00403000,0.00405000,11605257.00000000,1771383599999999,47013.61946000,465,6017746.00000000,24384.98691000,0
1771383600000000,0.00404000,0.00408000,0.00404000,0.00407000,18635851.00000000,1771387199999999,75706.31158000,302,10827020.00000000,43986.87486000,0
1771387200000000,0.00406000,0.00407000,0.00405000,0.00405000,8245631.00000000,1771390799999999,33470.93676000,307,3871246.00000000,15718.86889000,0
1771390800000000,0.00406000,0.00406000,0.00404000,0.00406000,6325567.00000000,1771394399999999,25622.36899000,250,3823804.00000000,15490.71526000,0
1771394400000000,0.00405000,0.00407000,0.00405000,0.00405000,8415718.00000000,1771397999999999,34126.30905000,268,4438977.00000000,18005.93143000,0
1771398000000000,0.00405000,0.00409000,0.00404000,0.00407000,12333113.00000000,1771401599999999,50098.48965000,453,5924888.00000000,24064.29530000,0
1771401600000000,0.00408000,0.00410000,0.00406000,0.00406000,6564431.00000000,1771405199999999,26772.65229000,284,2879160.00000000,11744.16373000,0
1771405200000000,0.00407000,0.00407000,0.00405000,0.00406000,9930806.00000000,1771408799999999,40319.43824000,288,5085790.00000000,20649.88813000,0
1771408800000000,0.00405000,0.00406000,0.00401000,0.00403000,28851079.00000000,1771412399999999,116438.82062000,593,13855704.00000000,55943.50434000,0
1771412400000000,0.00403000,0.00403000,0.00398000,0.00400000,23994624.00000000,1771415999999999,96133.81507000,828,10854093.00000000,43508.18606000,0
1771416000000000,0.00400000,0.00402000,0.00399000,0.00401000,15464924.00000000,1771419599999999,61959.54402000,595,9212343.00000000,36904.00288000,0
1771419600000000,0.00401000,0.00401000,0.00397000,0.00399000,25408451.00000000,1771423199999999,101317.98568000,1068,14247817.00000000,56830.01424000,0
1771423200000000,0.00399000,0.00401000,0.00396000,0.00399000,43340476.00000000,1771426799999999,172857.38762000,1233,21285879.00000000,84946.09033000,0
1771426800000000,0.00400000,0.00407000,0.00400000,0.00402000,33719849.00000000,1771430399999999,136000.29983000,852,14723041.00000000,59332.23151000,0
1771430400000000,0.00402000,0.00403000,0.00398000,0.00398000,46598114.00000000,1771433999999999,186431.92986000,1091,20087887.00000000,80380.77229000,0
1771434000000000,0.00398000,0.00403000,0.00397000,0.00398000,22299503.00000000,1771437599999999,88929.60451000,572,12740848.00000000,50841.71467000,0
1771437600000000,0.00397000,0.00398000,0.00391000,0.00391000,37362482.00000000,1771441199999999,147118.57829000,1172,17119368.00000000,67428.57916000,0
1771441200000000,0.00391000,0.00394000,0.00386000,0.00389000,24201784.00000000,1771444799999999,94313.71976000,1025,11264665.00000000,43902.01374000,0
1771444800000000,0.00389000,0.00392000,0.00387000,0.00388000,18688921.00000000,1771448399999999,72770.65427000,692,7814594.00000000,30436.81194000,0
1771448400000000,0.00388000,0.00390000,0.00386000,0.00388000,15905863.00000000,1771451999999999,61815.24669000,269,6348453.00000000,24668.70003000,0
1771452000000000,0.00388000,0.00389000,0.00385000,0.00389000,27003513.00000000,1771455599999999,104572.95826000,413,20232601.00000000,78339.57069000,0
1771455600000000,0.00388000,0.00388000,0.00386000,0.00388000,8634486.00000000,1771459199999999,33405.07049000,225,3806012.00000000,14724.17737000,0
1771459200000000,0.00387000,0.00389000,0.00386000,0.00386000,18468805.00000000,1771462799999999,71581.68937000,309,12943048.00000000,50185.27684000,0
1771462800000000,0.00387000,0.00391000,0.00387000,0.00390000,17232769.00000000,1771466399999999,66959.47447000,561,10188536.00000000,39590.64555000,0
1771466400000000,0.00391000,0.00392000,0.00389000,0.00391000,12692069.00000000,1771469999999999,49586.97902000,318,7545777.00000000,29485.33722000,0
1771470000000000,0.00391000,0.00391000,0.00389000,0.00391000,10597234.00000000,1771473599999999,41312.72715000,272,6324708.00000000,24663.34845000,0
1771473600000000,0.00391000,0.00392000,0.00389000,0.00389000,16310909.00000000,1771477199999999,63631.53120000,151,3989020.00000000,15567.18439000,0
1771477200000000,0.00389000,0.00390000,0.00386000,0.00388000,11091490.00000000,1771480799999999,43018.99562000,352,5122852.00000000,19873.05523000,0
1771480800000000,0.00388000,0.00390000,0.00388000,0.00389000,6411146.00000000,1771484399999999,24937.92149000,220,3676696.00000000,14307.51510000,0
1771484400000000,0.00389000,0.00390000,0.00387000,0.00389000,14883762.00000000,1771487999999999,57939.96015000,526,9835369.00000000,38308.76257000,0
1771488000000000,0.00389000,0.00389000,0.00384000,0.00384000,16912025.00000000,1771491599999999,65127.28684000,381,6567559.00000000,25268.43774000,0
1771491600000000,0.00384000,0.00388000,0.00384000,0.00385000,14356853.00000000,1771495199999999,55454.01221000,494,6380614.00000000,24644.82088000,0
1771495200000000,0.00385000,0.00387000,0.00383000,0.00385000,8223684.00000000,1771498799999999,31606.93736000,273,2695505.00000000,10362.92228000,0
1771498800000000,0.00384000,0.00386000,0.00383000,0.00383000,7043158.00000000,1771502399999999,27085.26780000,253,3479553.00000000,13384.67326000,0
1771502400000000,0.00383000,0.00386000,0.00382000,0.00384000,14251936.00000000,1771505999999999,54754.62539000,500,5684129.00000000,21843.42908000,0
1771506000000000,0.00384000,0.00385000,0.00375000,0.00378000,49233697.00000000,1771509599999999,186390.22111000,1149,17241907.00000000,65450.85829000,0
1771509600000000,0.00377000,0.00381000,0.00375000,0.00378000,22460688.00000000,1771513199999999,85002.15899000,1011,10850015.00000000,41074.99336000,0
1771513200000000,0.00378000,0.00381000,0.00374000,0.00375000,21497095.00000000,1771516799999999,81103.03140000,877,10344934.00000000,39050.96085000,0
1771516800000000,0.00375000,0.00376000,0.00372000,0.00374000,27008315.00000000,1771520399999999,100936.25151000,925,13356772.00000000,49928.13376000,0
1771520400000000,0.00374000,0.00379000,0.00372000,0.00373000,34927564.00000000,1771523999999999,130955.09947000,1051,16747611.00000000,62806.22643000,0
1771524000000000,0.00373000,0.00377000,0.00372000,0.00376000,15871447.00000000,1771527599999999,59428.58593000,445,8829073.00000000,33063.83214000,0
1771527600000000,0.00376000,0.00377000,0.00372000,0.00375000,12591649.00000000,1771531199999999,47162.05639000,506,6980001.00000000,26140.32598000,0
1771531200000000,0.00375000,0.00378000,0.00374000,0.00377000,28009990.00000000,1771534799999999,105444.22897000,808,17065048.00000000,64286.11279000,0
1771534800000000,0.00377000,0.00378000,0.00376000,0.00376000,12552569.00000000,1771538399999999,47319.54315000,273,6415601.00000000,24191.90958000,0
1771538400000000,0.00377000,0.00378000,0.00375000,0.00376000,9931188.00000000,1771541999999999,37365.34675000,227,4913472.00000000,18494.95317000,0
1771542000000000,0.00376000,0.00380000,0.00376000,0.00380000,6071121.00000000,1771545599999999,22935.26532000,118,4939995.00000000,18665.66130000,0
1771545600000000,0.00379000,0.00382000,0.00379000,0.00380000,18409160.00000000,1771549199999999,70039.60782000,380,11217347.00000000,42700.12001000,0
1771549200000000,0.00380000,0.00382000,0.00380000,0.00382000,10550520.00000000,1771552799999999,40199.05820000,235,6451559.00000000,24583.89856000,0
1771552800000000,0.00383000,0.00384000,0.00381000,0.00382000,17378855.00000000,1771556399999999,66538.44147000,521,8607568.00000000,32957.26994000,0
1771556400000000,0.00382000,0.00385000,0.00381000,0.00383000,3992383.00000000,1771559999999999,15291.20322000,151,2167479.00000000,8302.84318000,0
1771560000000000,0.00383000,0.00384000,0.00380000,0.00382000,14747976.00000000,1771563599999999,56367.52707000,420,7614752.00000000,29118.08730000,0
1771563600000000,0.00383000,0.00386000,0.00381000,0.00383000,7568534.00000000,1771567199999999,29053.62642000,380,4375735.00000000,16795.88427000,0
1771567200000000,0.00384000,0.00385000,0.00382000,0.00385000,5874852.00000000,1771570799999999,22549.47823000,261,3056903.00000000,11733.14683000,0
1771570800000000,0.00385000,0.00385000,0.00382000,0.00384000,6179558.00000000,1771574399999999,23695.65556000,297,3700975.00000000,14191.79088000,0
1771574400000000,0.00384000,0.00386000,0.00382000,0.00384000,7547414.00000000,1771577999999999,29003.03590000,282,4615884.00000000,17751.72245000,0
1771578000000000,0.00385000,0.00388000,0.00385000,0.00387000,15813368.00000000,1771581599999999,61147.71240000,606,7251217.00000000,28064.03772000,0
1771581600000000,0.00386000,0.00390000,0.00386000,0.00388000,15207711.00000000,1771585199999999,59048.32341000,457,9415502.00000000,36580.05238000,0
1771585200000000,0.00388000,0.00388000,0.00383000,0.00384000,19839925.00000000,1771588799999999,76502.86584000,607,5851051.00000000,22561.71644000,0
1771588800000000,0.00384000,0.00384000,0.00381000,0.00382000,17941284.00000000,1771592399999999,68619.42402000,510,10353395.00000000,39603.42386000,0
1771592400000000,0.00382000,0.00382000,0.00372000,0.00374000,27801504.00000000,1771595999999999,104633.58520000,1087,14004044.00000000,52767.13726000,0
1771596000000000,0.00375000,0.00382000,0.00374000,0.00379000,15991897.00000000,1771599599999999,60506.34822000,1124,9252709.00000000,35003.51331000,0
1771599600000000,0.00380000,0.00391000,0.00379000,0.00391000,45505581.00000000,1771603199999999,175923.94097000,2866,24038163.00000000,92858.79348000,0
1771603200000000,0.00391000,0.00395000,0.00387000,0.00392000,33110301.00000000,1771606799999999,129409.96058000,1655,17727051.00000000,69333.35499000,0
1771606800000000,0.00391000,0.00394000,0.00382000,0.00393000,42355748.00000000,1771610399999999,164214.12426000,1857,17719759.00000000,68653.51795000,0
1771610400000000,0.00393000,0.00397000,0.00390000,0.00394000,38422477.00000000,1771613999999999,151165.17273000,1632,18462944.00000000,72653.56012000,0
1771614000000000,0.00394000,0.00394000,0.00390000,0.00392000,20354516.00000000,1771617599999999,79631.57581000,750,9689061.00000000,37908.67363000,0
1771617600000000,0.00391000,0.00394000,0.00390000,0.00391000,13820717.00000000,1771621199999999,54126.93022000,578,7952532.00000000,31174.73831000,0
1771621200000000,0.00391000,0.00392000,0.00390000,0.00392000,8756051.00000000,1771624799999999,34258.14620000,198,2775117.00000000,10862.95769000,0
1771624800000000,0.00392000,0.00393000,0.00391000,0.00393000,18263632.00000000,1771628399999999,71640.02938000,497,9428395.00000000,36988.29907000,0
1771628400000000,0.00393000,0.00394000,0.00391000,0.00391000,8196891.00000000,1771631999999999,32098.07187000,149,3338618.00000000,13074.06317000,0
1771632000000000,0.00392000,0.00393000,0.00390000,0.00390000,6936405.00000000,1771635599999999,27147.42222000,323,2784016.00000000,10894.62539000,0
1771635600000000,0.00390000,0.00392000,0.00390000,0.00392000,3731739.00000000,1771639199999999,14590.39068000,140,2481848.00000000,9706.57880000,0
1771639200000000,0.00391000,0.00396000,0.00391000,0.00396000,16788482.00000000,1771642799999999,66142.59191000,437,12391331.00000000,48853.67271000,0
1771642800000000,0.00396000,0.00396000,0.00393000,0.00396000,7085163.00000000,1771646399999999,27970.62817000,368,4117627.00000000,16257.97405000,0
1771646400000000,0.00396000,0.00396000,0.00394000,0.00395000,2730791.00000000,1771649999999999,10787.88506000,97,1106927.00000000,4374.51501000,0
1771650000000000,0.00396000,0.00398000,0.00395000,0.00395000,10175291.00000000,1771653599999999,40359.23793000,329,4195207.00000000,16641.23930000,0
1771653600000000,0.00395000,0.00396000,0.00391000,0.00392000,10877150.00000000,1771657199999999,42847.22343000,309,4278540.00000000,16844.79491000,0
1771657200000000,0.00393000,0.00396000,0.00392000,0.00396000,12421909.00000000,1771660799999999,48845.90140000,440,7647221.00000000,30086.45172000,0
1771660800000000,0.00395000,0.00401000,0.00394000,0.00401000,14982709.00000000,1771664399999999,59482.35615000,680,7263753.00000000,28863.82463000,0
1771664400000000,0.00400000,0.00406000,0.00400000,0.00401000,50826748.00000000,1771667999999999,205062.34030000,1492,19344965.00000000,78109.84853000,0
1771668000000000,0.00401000,0.00403000,0.00400000,0.00401000,17578541.00000000,1771671599999999,70578.72963000,436,6940970.00000000,27877.89616000,0
1771671600000000,0.00401000,0.00403000,0.00399000,0.00400000,29156557.00000000,1771675199999999,116848.87364000,912,13760387.00000000,55165.30611000,0
1771675200000000,0.00400000,0.00401000,0.00396000,0.00398000,19142645.00000000,1771678799999999,76405.63106000,698,8817948.00000000,35216.95796000,0
1771678800000000,0.00397000,0.00400000,0.00396000,0.00400000,14390520.00000000,1771682399999999,57256.30084000,355,8780310.00000000,34945.19142000,0
1771682400000000,0.00399000,0.00402000,0.00397000,0.00397000,17083006.00000000,1771685999999999,68186.93900000,590,9432799.00000000,37651.48262000,0
1771686000000000,0.00398000,0.00398000,0.00395000,0.00396000,16542624.00000000,1771689599999999,65622.06398000,602,7084045.00000000,28115.56611000,0
1771689600000000,0.00396000,0.00397000,0.00392000,0.00392000,22563651.00000000,1771693199999999,88841.88394000,741,10394784.00000000,40939.35110000,0
1771693200000000,0.00392000,0.00394000,0.00391000,0.00393000,12330324.00000000,1771696799999999,48392.81717000,255,4918980.00000000,19324.35541000,0
1771696800000000,0.00393000,0.00395000,0.00393000,0.00394000,6206641.00000000,1771700399999999,24455.17149000,192,3428089.00000000,13509.31859000,0
1771700400000000,0.00395000,0.00395000,0.00392000,0.00394000,6126978.00000000,1771703999999999,24115.53267000,206,2516462.00000000,9905.91078000,0
1771704000000000,0.00393000,0.00394000,0.00390000,0.00390000,12340720.00000000,1771707599999999,48325.83883000,540,3872896.00000000,15173.29381000,0
1771707600000000,0.00390000,0.00393000,0.00390000,0.00392000,5098159.00000000,1771711199999999,19959.38877000,335,3474637.00000000,13610.60942000,0
1771711200000000,0.00392000,0.00393000,0.00390000,0.00391000,6706976.00000000,1771714799999999,26205.37745000,147,1979279.00000000,7749.06558000,0
1771714800000000,0.00391000,0.00391000,0.00388000,0.00388000,9618593.00000000,1771718399999999,37443.81930000,374,4113049.00000000,16012.42777000,0
1771718400000000,0.00388000,0.00388000,0.00383000,0.00385000,17016455.00000000,1771721999999999,65606.97658000,638,9234418.00000000,35602.83932000,0
1771722000000000,0.00385000,0.00386000,0.00385000,0.00385000,5872415.00000000,1771725599999999,22655.18304000,130,3293282.00000000,12712.06852000,0
1771725600000000,0.00385000,0.00387000,0.00381000,0.00381000,23658495.00000000,1771729199999999,91007.88015000,476,10462911.00000000,40223.89554000,0
1771729200000000,0.00382000,0.00382000,0.00379000,0.00381000,13331711.00000000,1771732799999999,50768.94007000,476,7580838.00000000,28886.64323000,0
1771732800000000,0.00381000,0.00382000,0.00380000,0.00381000,7043787.00000000,1771736399999999,26834.34391000,206,4811122.00000000,18331.96358000,0
1771736400000000,0.00381000,0.00381000,0.00378000,0.00380000,4282581.00000000,1771739999999999,16272.42443000,140,1582251.00000000,6013.30131000,0
1771740000000000,0.00380000,0.00381000,0.00378000,0.00380000,14061046.00000000,1771743599999999,53350.57077000,359,9474120.00000000,35950.28218000,0
1771743600000000,0.00380000,0.00382000,0.00379000,0.00380000,4912375.00000000,1771747199999999,18705.58468000,216,1546065.00000000,5892.97677000,0
1771747200000000,0.00380000,0.00381000,0.00378000,0.00379000,12253584.00000000,1771750799999999,46498.41854000,312,4738831.00000000,17987.95122000,0
1771750800000000,0.00378000,0.00381000,0.00378000,0.00380000,8447944.00000000,1771754399999999,32032.41687000,347,5354806.00000000,20312.33565000,0
1771754400000000,0.00380000,0.00382000,0.00379000,0.00380000,16589152.00000000,1771757999999999,63219.84920000,408,9905047.00000000,37761.49498000,0
1771758000000000,0.00380000,0.00381000,0.00377000,0.00377000,25533546.00000000,1771761599999999,96588.30592000,383,12128902.00000000,45893.26897000,0
1771761600000000,0.00377000,0.00378000,0.00372000,0.00373000,49812941.00000000,1771765199999999,186316.73389000,1013,14541824.00000000,54353.49248000,0
1771765200000000,0.00373000,0.00374000,0.00367000,0.00367000,68936498.00000000,1771768799999999,254858.92064000,1209,34764775.00000000,128636.12641000,0
1771768800000000,0.00368000,0.00369000,0.00365000,0.00367000,31557250.00000000,1771772399999999,115838.01045000,624,15130656.00000000,55576.90174000,0
1771772400000000,0.00367000,0.00368000,0.00364000,0.00367000,18581108.00000000,1771775999999999,68062.23945000,436,10436539.00000000,38270.29046000,0
1771776000000000,0.00367000,0.00367000,0.00364000,0.00366000,14277000.00000000,1771779599999999,52191.61255000,559,7812291.00000000,28557.48335000,0
1771779600000000,0.00366000,0.00366000,0.00362000,0.00364000,29385099.00000000,1771783199999999,106862.56798000,970,18042141.00000000,65623.38152000,0
1771783200000000,0.00364000,0.00365000,0.00362000,0.00364000,15879063.00000000,1771786799999999,57714.77756000,410,6080791.00000000,22124.21225000,0
1771786800000000,0.00364000,0.00364000,0.00362000,0.00363000,8124113.00000000,1771790399999999,29513.40170000,397,4531198.00000000,16475.28865000,0
1771790400000000,0.00363000,0.00364000,0.00361000,0.00362000,17305311.00000000,1771793999999999,62757.05936000,587,9422040.00000000,34184.12397000,0
1771794000000000,0.00363000,0.00364000,0.00361000,0.00364000,12962586.00000000,1771797599999999,47011.07009000,378,8335575.00000000,30229.71074000,0
1771797600000000,0.00364000,0.00366000,0.00363000,0.00365000,13840150.00000000,1771801199999999,50359.10883000,353,8353995.00000000,30416.18967000,0
1771801200000000,0.00365000,0.00365000,0.00362000,0.00364000,12116049.00000000,1771804799999999,44068.78069000,201,5609198.00000000,20407.04629000,0
1771804800000000,0.00364000,0.00364000,0.00359000,0.00359000,32017499.00000000,1771808399999999,115693.49541000,666,14683905.00000000,53047.78434000,0
1771808400000000,0.00359000,0.00360000,0.00340000,0.00342000,154927618.00000000,1771811999999999,535907.80595000,4957,77038067.00000000,266782.35346000,0
1771812000000000,0.00343000,0.00348000,0.00342000,0.00347000,38132774.00000000,1771815599999999,131572.28871000,1278,20032862.00000000,69131.70664000,0
1771815600000000,0.00348000,0.00349000,0.00345000,0.00348000,48970930.00000000,1771819199999999,170113.88438000,829,21143902.00000000,73395.85545000,0
1771819200000000,0.00348000,0.00349000,0.00346000,0.00346000,20194659.00000000,1771822799999999,70224.82055000,474,10994400.00000000,38258.34514000,0
1771822800000000,0.00347000,0.00352000,0.00346000,0.00351000,31447106.00000000,1771826399999999,109948.95810000,833,19670454.00000000,68773.44941000,0
1771826400000000,0.00351000,0.00358000,0.00351000,0.00357000,33736059.00000000,1771829999999999,120243.19924000,1108,19196220.00000000,68422.86368000,0
1771830000000000,0.00357000,0.00359000,0.00356000,0.00357000,23234621.00000000,1771833599999999,83123.27408000,479,14213585.00000000,50869.84793000,0
1771833600000000,0.00357000,0.00358000,0.00355000,0.00357000,14034828.00000000,1771837199999999,50072.80114000,364,7803536.00000000,27860.65427000,0
1771837200000000,0.00357000,0.00363000,0.00356000,0.00363000,19727208.00000000,1771840799999999,70945.31211000,637,11225913.00000000,40363.76298000,0
1771840800000000,0.00362000,0.00364000,0.00362000,0.00363000,18377543.00000000,1771844399999999,66642.30320000,358,8413380.00000000,30515.32717000,0
1771844400000000,0.00363000,0.00367000,0.00363000,0.00364000,19359696.00000000,1771847999999999,70767.51164000,462,13181443.00000000,48201.83091000,0
1771848000000000,0.00364000,0.00368000,0.00362000,0.00365000,51790119.00000000,1771851599999999,189097.73915000,886,25694438.00000000,93812.44505000,0
1771851600000000,0.00365000,0.00366000,0.00361000,0.00361000,26765082.00000000,1771855199999999,97272.37543000,659,10936948.00000000,39770.25317000,0
1771855200000000,0.00361000,0.00361000,0.00355000,0.00355000,56329219.00000000,1771858799999999,201358.82396000,1450,27782058.00000000,99296.35466000,0
1771858800000000,0.00356000,0.00357000,0.00347000,0.00348000,39401100.00000000,1771862399999999,138399.68441000,1075,19613900.00000000,68917.03894000,0
1771862400000000,0.00349000,0.00349000,0.00345000,0.00347000,38016816.00000000,1771865999999999,131943.13419000,1028,17257345.00000000,59906.23849000,0
1771866000000000,0.00347000,0.00348000,0.00339000,0.00343000,53036734.00000000,1771869599999999,181720.67113000,1520,22358437.00000000,76643.21198000,0
1771869600000000,0.00343000,0.00351000,0.00342000,0.00348000,39838038.00000000,1771873199999999,138332.09764000,1002,20494415.00000000,71141.00243000,0
1771873200000000,0.00348000,0.00350000,0.00346000,0.00347000,52462963.00000000,1771876799999999,182858.61306000,1080,29796815.00000000,103852.33566000,0
1771876800000000,0.00348000,0.00350000,0.00345000,0.00349000,24884366.00000000,1771880399999999,86401.16126000,703,13669031.00000000,47490.45153000,0
1771880400000000,0.00349000,0.00352000,0.00349000,0.00350000,31765372.00000000,1771883999999999,111247.51162000,673,17536737.00000000,61442.18415000,0
1771884000000000,0.00350000,0.00354000,0.00350000,0.00351000,12454988.00000000,1771887599999999,43850.49586000,374,6460499.00000000,22762.94811000,0
1771887600000000,0.00351000,0.00354000,0.00350000,0.00351000,12008047.00000000,1771891199999999,42228.68411000,339,6980940.00000000,24557.40433000,0
1771891200000000,0.00351000,0.00355000,0.00351000,0.00353000,19089589.00000000,1771894799999999,67464.26415000,437,9990421.00000000,35312.81343000,0
1771894800000000,0.00353000,0.00353000,0.00344000,0.00349000,70318075.00000000,1771898399999999,245680.24067000,1977,34235076.00000000,119553.98063000,0
1771898400000000,0.00349000,0.00349000,0.00345000,0.00346000,17092598.00000000,1771901999999999,59323.76021000,572,8039587.00000000,27917.85411000,0
1771902000000000,0.00346000,0.00346000,0.00343000,0.00343000,37876657.00000000,1771905599999999,130366.47999000,764,23330745.00000000,80374.70068000,0
1771905600000000,0.00344000,0.00344000,0.00341000,0.00343000,51474144.00000000,1771909199999999,176173.21297000,862,20253340.00000000,69416.93053000,0
1771909200000000,0.00344000,0.00345000,0.00340000,0.00342000,32788935.00000000,1771912799999999,111857.58727000,688,14291694.00000000,48779.71037000,0
1771912800000000,0.00341000,0.00345000,0.00341000,0.00344000,18830967.00000000,1771916399999999,64584.66433000,413,11218749.00000000,38479.82190000,0
1771916400000000,0.00344000,0.00347000,0.00343000,0.00346000,18984462.00000000,1771919999999999,65472.34683000,590,9985642.00000000,34445.07975000,0
1771920000000000,0.00345000,0.00348000,0.00344000,0.00347000,9978824.00000000,1771923599999999,34520.36595000,273,4131838.00000000,14297.73792000,0
1771923600000000,0.00347000,0.00348000,0.00344000,0.00344000,10837209.00000000,1771927199999999,37408.91349000,306,4990231.00000000,17225.84753000,0
1771927200000000,0.00345000,0.00345000,0.00343000,0.00344000,11849185.00000000,1771930799999999,40758.81928000,554,3813709.00000000,13123.05735000,0
1771930800000000,0.00344000,0.00345000,0.00342000,0.00344000,9564500.00000000,1771934399999999,32825.61059000,351,5759173.00000000,19767.68040000,0
1771934400000000,0.00343000,0.00346000,0.00342000,0.00345000,19737102.00000000,1771937999999999,67891.92489000,567,10680850.00000000,36745.57645000,0
1771938000000000,0.00345000,0.00346000,0.00341000,0.00344000,19759754.00000000,1771941599999999,67913.08652000,601,9424581.00000000,32398.89854000,0
1771941600000000,0.00344000,0.00352000,0.00342000,0.00350000,45238304.00000000,1771945199999999,156298.30901000,1568,26579754.00000000,91884.71874000,0
1771945200000000,0.00350000,0.00355000,0.00348000,0.00351000,43784952.00000000,1771948799999999,154460.81060000,1332,18298568.00000000,64491.45755000,0
1771948800000000,0.00352000,0.00354000,0.00348000,0.00353000,55778205.00000000,1771952399999999,195532.89363000,1152,20550579.00000000,72110.62751000,0
1771952400000000,0.00353000,0.00353000,0.00351000,0.00351000,21676149.00000000,1771955999999999,76305.44651000,556,10206746.00000000,35939.15009000,0
1771956000000000,0.00351000,0.00353000,0.00349000,0.00352000,14637761.00000000,1771959599999999,51514.71156000,413,9661325.00000000,34009.10303000,0
1771959600000000,0.00352000,0.00354000,0.00351000,0.00354000,11144857.00000000,1771963199999999,39304.69044000,378,5422604.00000000,19142.81134000,0
1771963200000000,0.00353000,0.00355000,0.00353000,0.00353000,9826371.00000000,1771966799999999,34783.75912000,646,4499176.00000000,15935.44363000,0
1771966800000000,0.00353000,0.00354000,0.00350000,0.00352000,11436929.00000000,1771970399999999,40177.03827000,532,5295992.00000000,18601.92608000,0
1771970400000000,0.00352000,0.00354000,0.00351000,0.00352000,7728184.00000000,1771973999999999,27256.53086000,168,4236207.00000000,14943.51968000,0
1771974000000000,0.00351000,0.00352000,0.00348000,0.00350000,15584676.00000000,1771977599999999,54654.58218000,296,10121941.00000000,35514.49649000,0
1771977600000000,0.00349000,0.00351000,0.00348000,0.00349000,19200351.00000000,1771981199999999,67128.73712000,412,8104808.00000000,28336.21676000,0
1771981200000000,0.00349000,0.00362000,0.00349000,0.00355000,57985921.00000000,1771984799999999,206234.73881000,1977,28027614.00000000,99690.04645000,0
1771984800000000,0.00356000,0.00359000,0.00354000,0.00355000,36127514.00000000,1771988399999999,128672.04133000,1109,16198657.00000000,57727.44874000,0
1771988400000000,0.00354000,0.00355000,0.00349000,0.00350000,32058674.00000000,1771991999999999,112892.10020000,766,14546643.00000000,51236.06285000,0
1771992000000000,0.00350000,0.00351000,0.00347000,0.00350000,34170559.00000000,1771995599999999,119061.24545000,746,18886426.00000000,65822.76835000,0
1771995600000000,0.00349000,0.00350000,0.00343000,0.00345000,15012326.00000000,1771999199999999,51982.55217000,367,6224413.00000000,21548.93334000,0
1771999200000000,0.00345000,0.00351000,0.00345000,0.00349000,22872737.00000000,1772002799999999,79772.51585000,495,14332337.00000000,49967.35930000,0
1772002800000000,0.00349000,0.00354000,0.00349000,0.00354000,35250670.00000000,1772006399999999,123834.16760000,727,17842904.00000000,62667.70047000,0
1772006400000000,0.00354000,0.00356000,0.00351000,0.00355000,20885912.00000000,1772009999999999,73907.61326000,489,13864270.00000000,49069.03162000,0
1772010000000000,0.00355000,0.00357000,0.00353000,0.00353000,24746633.00000000,1772013599999999,87923.94922000,608,11007910.00000000,39151.71001000,0
1772013600000000,0.00353000,0.00354000,0.00350000,0.00351000,33924368.00000000,1772017199999999,119397.72699000,445,10221304.00000000,36014.81479000,0
1772017200000000,0.00352000,0.00354000,0.00350000,0.00354000,14658813.00000000,1772020799999999,51491.33615000,312,6268033.00000000,22073.92874000,0
1772020800000000,0.00353000,0.00360000,0.00353000,0.00359000,40223556.00000000,1772024399999999,143574.57128000,861,25589640.00000000,91401.81570000,0
1772024400000000,0.00360000,0.00365000,0.00358000,0.00362000,28266622.00000000,1772027999999999,102287.37751000,650,16678755.00000000,60407.57119000,0
1772028000000000,0.00362000,0.00367000,0.00361000,0.00367000,33289243.00000000,1772031599999999,120979.01268000,1410,14020211.00000000,50982.93023000,0
1772031600000000,0.00368000,0.00375000,0.00365000,0.00372000,39466529.00000000,1772035199999999,145507.85330000,1081,22640861.00000000,83492.71768000,0
1772035200000000,0.00372000,0.00380000,0.00372000,0.00380000,50411641.00000000,1772038799999999,189755.58494000,1720,24631212.00000000,92793.71468000,0
1772038800000000,0.00380000,0.00386000,0.00380000,0.00384000,47545106.00000000,1772042399999999,181874.58974000,2028,19748840.00000000,75600.78292000,0
1772042400000000,0.00385000,0.00392000,0.00382000,0.00391000,46057678.00000000,1772045999999999,178300.46094000,1743,18378958.00000000,71212.73120000,0
1772046000000000,0.00392000,0.00400000,0.00389000,0.00399000,72652173.00000000,1772049599999999,285164.26620000,2641,32180891.00000000,126377.00205000,0
1772049600000000,0.00399000,0.00403000,0.00394000,0.00401000,112425486.00000000,1772053199999999,448704.28478000,3753,45421814.00000000,181311.98354000,0
1772053200000000,0.00401000,0.00415000,0.00400000,0.00413000,201713342.00000000,1772056799999999,821851.96124000,5601,92183045.00000000,375235.33190000,0
1772056800000000,0.00413000,0.00415000,0.00402000,0.00404000,139188934.00000000,1772060399999999,570397.54175000,3714,62469720.00000000,255900.04190000,0
1772060400000000,0.00403000,0.00404000,0.00385000,0.00389000,107854602.00000000,1772063999999999,424636.83334000,2420,48425750.00000000,190548.05986000,0
1772064000000000,0.00390000,0.00390000,0.00382000,0.00385000,120070595.00000000,1772067599999999,464530.92897000,2347,58170912.00000000,225086.50826000,0
1772067600000000,0.00386000,0.00390000,0.00384000,0.00384000,51405438.00000000,1772071199999999,199024.59633000,1383,26007504.00000000,100652.75992000,0
1772071200000000,0.00384000,0.00386000,0.00380000,0.00385000,45416831.00000000,1772074799999999,173862.32341000,949,19677180.00000000,75336.05872000,0
1772074800000000,0.00385000,0.00386000,0.00382000,0.00386000,18746361.00000000,1772078399999999,71946.60925000,639,8457232.00000000,32483.67272000,0
1772078400000000,0.00385000,0.00387000,0.00382000,0.00383000,36367517.00000000,1772081999999999,139860.21822000,1020,15189669.00000000,58426.74328000,0
1772082000000000,0.00383000,0.00383000,0.00376000,0.00379000,40742855.00000000,1772085599999999,154401.98499000,1261,18885977.00000000,71572.40511000,0
1772085600000000,0.00379000,0.00381000,0.00376000,0.00378000,32040472.00000000,1772089199999999,121426.08466000,602,21892445.00000000,83067.19509000,0
1772089200000000,0.00377000,0.00380000,0.00376000,0.00378000,17011379.00000000,1772092799999999,64279.15688000,439,8428761.00000000,31860.64002000,0
1772092800000000,0.00379000,0.00380000,0.00377000,0.00377000,28759153.00000000,1772096399999999,108965.65108000,816,14714366.00000000,55764.68538000,0
1772096400000000,0.00377000,0.00385000,0.00377000,0.00381000,81697473.00000000,1772099999999999,311009.33724000,1243,42602711.00000000,162385.34814000,0
1772100000000000,0.00380000,0.00381000,0.00373000,0.00374000,40409999.00000000,1772103599999999,152245.66909000,1055,20342747.00000000,76639.19003000,0
1772103600000000,0.00373000,0.00374000,0.00372000,0.00374000,13674941.00000000,1772107199999999,51015.06114000,481,6910021.00000000,25798.30217000,0
1772107200000000,0.00374000,0.00379000,0.00373000,0.00378000,11414786.00000000,1772110799999999,42948.68708000,477,5465569.00000000,20591.85079000,0
1772110800000000,0.00379000,0.00380000,0.00376000,0.00377000,37413281.00000000,1772114399999999,141611.98200000,1202,19368116.00000000,73336.00690000,0
1772114400000000,0.00378000,0.00380000,0.00373000,0.00377000,63526988.00000000,1772117999999999,239242.20087000,1993,31627639.00000000,119130.71984000,0
1772118000000000,0.00376000,0.00379000,0.00372000,0.00376000,51836527.00000000,1772121599999999,194589.15113000,1939,24803639.00000000,93097.63849000,0
1772121600000000,0.00377000,0.00377000,0.00361000,0.00362000,93371661.00000000,1772125199999999,342567.03950000,2491,41281546.00000000,151419.24957000,0
1772125200000000,0.00362000,0.00366000,0.00361000,0.00363000,51720083.00000000,1772128799999999,188118.78201000,1461,24603225.00000000,89525.27597000,0
1772128800000000,0.00363000,0.00369000,0.00362000,0.00369000,33283209.00000000,1772132399999999,121484.42926000,1012,16833059.00000000,61411.79343000,0
1772132400000000,0.00368000,0.00374000,0.00368000,0.00373000,65954367.00000000,1772135999999999,245188.01884000,1522,33731928.00000000,125407.41103000,0
1772136000000000,0.00372000,0.00373000,0.00369000,0.00370000,41387453.00000000,1772139599999999,153358.46877000,855,20086195.00000000,74464.63213000,0
1772139600000000,0.00369000,0.00371000,0.00368000,0.00369000,27192013.00000000,1772143199999999,100482.22503000,755,8943743.00000000,33079.02383000,0
1772143200000000,0.00370000,0.00372000,0.00368000,0.00371000,15551548.00000000,1772146799999999,57419.71033000,381,7130769.00000000,26338.52207000,0
1772146800000000,0.00370000,0.00371000,0.00369000,0.00371000,15356390.00000000,1772150399999999,56846.75479000,499,8740780.00000000,32367.39362000,0
1772150400000000,0.00372000,0.00372000,0.00369000,0.00370000,26926983.00000000,1772153999999999,99792.72129000,616,13762574.00000000,51011.31223000,0
1772154000000000,0.00370000,0.00371000,0.00368000,0.00370000,12067235.00000000,1772157599999999,44600.15491000,444,5192751.00000000,19205.46888000,0
1772157600000000,0.00371000,0.00373000,0.00370000,0.00371000,18377224.00000000,1772161199999999,68197.51572000,540,9845011.00000000,36530.87979000,0
1772161200000000,0.00371000,0.00377000,0.00370000,0.00375000,25990956.00000000,1772164799999999,97041.25546000,631,15302490.00000000,57135.90497000,0
1772164800000000,0.00376000,0.00384000,0.00375000,0.00379000,32128360.00000000,1772168399999999,122139.40083000,949,15427030.00000000,58642.54884000,0
1772168400000000,0.00380000,0.00384000,0.00379000,0.00382000,25517793.00000000,1772171999999999,97411.84705000,754,12551789.00000000,47913.42474000,0
1772172000000000,0.00382000,0.00385000,0.00381000,0.00382000,34075822.00000000,1772175599999999,130515.50926000,950,14968850.00000000,57337.36772000,0
1772175600000000,0.00382000,0.00384000,0.00380000,0.00384000,18989482.00000000,1772179199999999,72439.33779000,635,9726176.00000000,37110.32054000,0
1772179200000000,0.00384000,0.00387000,0.00383000,0.00385000,20594063.00000000,1772182799999999,79258.00141000,644,9578101.00000000,36882.92129000,0
1772182800000000,0.00385000,0.00387000,0.00383000,0.00385000,18849320.00000000,1772186399999999,72526.07226000,681,8390661.00000000,32290.17922000,0
1772186400000000,0.00384000,0.00385000,0.00377000,0.00378000,67882053.00000000,1772189999999999,257957.78397000,1698,29588433.00000000,112447.20445000,0
1772190000000000,0.00378000,0.00380000,0.00371000,0.00373000,55380032.00000000,1772193599999999,208057.93743000,1523,23366573.00000000,87800.25661000,0
1772193600000000,0.00373000,0.00376000,0.00370000,0.00372000,51797284.00000000,1772197199999999,193214.12486000,1507,25324465.00000000,94620.93939000,0
1772197200000000,0.00372000,0.00376000,0.00368000,0.00372000,51699892.00000000,1772200799999999,191764.67417000,1371,22923615.00000000,85064.83303000,0
1772200800000000,0.00372000,0.00373000,0.00367000,0.00368000,59031545.00000000,1772204399999999,218471.57469000,1318,23514609.00000000,87074.31549000,0
1772204400000000,0.00368000,0.00371000,0.00366000,0.00370000,59386298.00000000,1772207999999999,219074.47198000,1413,31172817.00000000,114979.41648000,0
1772208000000000,0.00369000,0.00371000,0.00365000,0.00366000,38225070.00000000,1772211599999999,140507.33718000,1021,18889802.00000000,69475.66294000,0
1772211600000000,0.00367000,0.00371000,0.00363000,0.00371000,49891786.00000000,1772215199999999,182676.23374000,852,20688358.00000000,75902.57385000,0
1772215200000000,0.00371000,0.00371000,0.00368000,0.00369000,28622873.00000000,1772218799999999,105727.26113000,647,14118535.00000000,52149.31010000,0
1772218800000000,0.00368000,0.00368000,0.00364000,0.00366000,20943854.00000000,1772222399999999,76697.62056000,628,11239731.00000000,41163.36487000,0
1772222400000000,0.00367000,0.00368000,0.00365000,0.00366000,24157062.00000000,1772225999999999,88586.33802000,641,15285019.00000000,56067.46452000,0
1772226000000000,0.00366000,0.00367000,0.00363000,0.00364000,20470366.00000000,1772229599999999,74671.59045000,467,9041177.00000000,33013.30421000,0
1772229600000000,0.00364000,0.00366000,0.00358000,0.00363000,20136173.00000000,1772233199999999,72928.53705000,599,9670071.00000000,35043.33211000,0
1772233200000000,0.00364000,0.00367000,0.00363000,0.00365000,22131334.00000000,1772236799999999,80995.33438000,545,12657814.00000000,46347.58348000,0
1772236800000000,0.00366000,0.00368000,0.00365000,0.00367000,32122492.00000000,1772240399999999,117712.84893000,552,17220267.00000000,63131.61551000,0
1772240400000000,0.00367000,0.00368000,0.00362000,0.00362000,27361992.00000000,1772243999999999,99834.66391000,539,9914266.00000000,36262.45866000,0
1772244000000000,0.00362000,0.00364000,0.00362000,0.00363000,17147561.00000000,1772247599999999,62294.57964000,426,10650994.00000000,38705.43809000,0
1772247600000000,0.00363000,0.00365000,0.00361000,0.00362000,18718062.00000000,1772251199999999,67948.14291000,424,6300612.00000000,22887.85736000,0
1772251200000000,0.00362000,0.00363000,0.00360000,0.00362000,14283888.00000000,1772254799999999,51589.29691000,618,8656338.00000000,31264.24894000,0
1772254800000000,0.00362000,0.00363000,0.00358000,0.00360000,33336967.00000000,1772258399999999,119963.75864000,755,13071240.00000000,47080.08162000,0
1772258400000000,0.00360000,0.00360000,0.00342000,0.00344000,185307565.00000000,1772261999999999,649293.74536000,3978,84711728.00000000,296680.53273000,0
1772262000000000,0.00343000,0.00356000,0.00341000,0.00350000,136854480.00000000,1772265599999999,475275.48947000,3119,86433163.00000000,299930.76118000,0
1772265600000000,0.00349000,0.00350000,0.00343000,0.00343000,59946490.00000000,1772269199999999,207527.92199000,1382,24252132.00000000,84029.05348000,0
1772269200000000,0.00343000,0.00345000,0.00338000,0.00340000,65061860.00000000,1772272799999999,221609.13138000,1329,23421624.00000000,79924.78707000,0
1772272800000000,0.00339000,0.00343000,0.00338000,0.00340000,45083668.00000000,1772276399999999,153611.48305000,968,24220837.00000000,82538.77673000,0
1772276400000000,0.00341000,0.00342000,0.00338000,0.00339000,52630633.00000000,1772279999999999,178944.16066000,952,25356348.00000000,86253.18616000,0
1772280000000000,0.00339000,0.00339000,0.00336000,0.00339000,43234475.00000000,1772283599999999,145830.32390000,949,20086697.00000000,67791.25309000,0
1772283600000000,0.00339000,0.00346000,0.00336000,0.00345000,44577412.00000000,1772287199999999,152127.70349000,1369,23298731.00000000,79604.75145000,0
1772287200000000,0.00346000,0.00348000,0.00338000,0.00339000,48316939.00000000,1772290799999999,165492.73391000,1663,24347401.00000000,83425.24792000,0
1772290800000000,0.00338000,0.00341000,0.00336000,0.00340000,82885398.00000000,1772294399999999,281002.59170000,1277,28385193.00000000,96256.34924000,0
1772294400000000,0.00340000,0.00344000,0.00339000,0.00343000,28531078.00000000,1772297999999999,97298.30551000,642,16933771.00000000,57775.35471000,0
1772298000000000,0.00343000,0.00348000,0.00341000,0.00347000,43121511.00000000,1772301599999999,148278.53998000,1093,23976677.00000000,82535.21810000,0
1772301600000000,0.00346000,0.00355000,0.00344000,0.00352000,31373361.00000000,1772305199999999,109223.60476000,860,17013428.00000000,59178.69522000,0
1772305200000000,0.00352000,0.00359000,0.00349000,0.00356000,41453932.00000000,1772308799999999,147175.91507000,1164,20597941.00000000,73106.79425000,0
1772308800000000,0.00356000,0.00362000,0.00354000,0.00360000,62736568.00000000,1772312399999999,224747.64680000,1301,35364130.00000000,126653.52914000,0
1772312400000000,0.00359000,0.00360000,0.00354000,0.00355000,45697676.00000000,1772315999999999,162525.31216000,1232,24446309.00000000,86897.60137000,0
1772316000000000,0.00356000,0.00363000,0.00356000,0.00361000,47579613.00000000,1772319599999999,171406.83895000,986,21284276.00000000,76651.39285000,0
1772319600000000,0.00362000,0.00362000,0.00358000,0.00360000,25491283.00000000,1772323199999999,91718.45204000,457,13635171.00000000,49074.71237000,0
