1761955200000000,0.01006000,0.01009000,0.01001000,0.01009000,19807867.00000000,1761958799999999,199037.99131000,1342,9905544.00000000,99547.07347000,0
1761958800000000,0.01009000,0.01014000,0.01004000,0.01004000,15478477.00000000,1761962399999999,156278.41718000,1024,7264847.00000000,73366.71398000,0
1761962400000000,0.01003000,0.01009000,0.00997000,0.01009000,14765507.00000000,1761965999999999,147947.82386000,985,6557898.00000000,65731.25807000,0
1761966000000000,0.01008000,0.01011000,0.01006000,0.01009000,11460650.00000000,1761969599999999,115576.73959000,746,5326352.00000000,53724.30179000,0
1761969600000000,0.01008000,0.01009000,0.01001000,0.01003000,15773042.00000000,1761973199999999,158437.23094000,1080,6999997.00000000,70324.11435000,0
1761973200000000,0.01003000,0.01003000,0.00998000,0.01000000,16033024.00000000,1761976799999999,160389.75895000,781,8268181.00000000,82705.89466000,0
1761976800000000,0.00999000,0.01006000,0.00999000,0.01006000,16089297.00000000,1761980399999999,161000.72874000,979,8845815.00000000,88535.59909000,0
1761980400000000,0.01006000,0.01021000,0.01004000,0.01019000,21025121.00000000,1761983999999999,213017.09930000,1538,11646198.00000000,118042.40442000,0
1761984000000000,0.01019000,0.01034000,0.01016000,0.01033000,32705390.00000000,1761987599999999,334607.83924000,2139,17328598.00000000,177410.19154000,0
1761987600000000,0.01033000,0.01038000,0.01021000,0.01023000,29851691.00000000,1761991199999999,306655.28713000,1980,13558182.00000000,139270.27171000,0
1761991200000000,0.01023000,0.01031000,0.01023000,0.01027000,18958601.00000000,1761994799999999,194712.32087000,1142,7953173.00000000,81670.47807000,0
1761994800000000,0.01028000,0.01033000,0.01025000,0.01033000,17128677.00000000,1761998399999999,176596.03436000,912,10341733.00000000,106645.32274000,0
1761998400000000,0.01034000,0.01038000,0.01031000,0.01035000,43793317.00000000,1762001999999999,453143.41904000,1643,28138549.00000000,291162.48239000,0
1762002000000000,0.01036000,0.01042000,0.01022000,0.01034000,40137717.00000000,1762005599999999,415300.67503000,2213,19817076.00000000,205212.64486000,0
1762005600000000,0.01034000,0.01036000,0.01020000,0.01029000,30871099.00000000,1762009199999999,317081.93963000,2121,13444124.00000000,138145.29780000,0
1762009200000000,0.01028000,0.01039000,0.01026000,0.01036000,19144763.00000000,1762012799999999,197822.89475000,1802,9327016.00000000,96412.43352000,0
1762012800000000,0.01035000,0.01046000,0.01033000,0.01038000,31868464.00000000,1762016399999999,331574.94591000,2683,12626437.00000000,131393.05274000,0
1762016400000000,0.01038000,0.01044000,0.01034000,0.01041000,16793696.00000000,1762019999999999,174584.15185000,1436,8197442.00000000,85239.25311000,0
1762020000000000,0.01041000,0.01044000,0.01037000,0.01040000,20168303.00000000,1762023599999999,209690.69364000,1169,10891573.00000000,113228.92110000,0
1762023600000000,0.01040000,0.01043000,0.01037000,0.01043000,6951238.00000000,1762027199999999,72250.81878000,565,3281445.00000000,34111.34981000,0
1762027200000000,0.01043000,0.01052000,0.01042000,0.01047000,17874300.00000000,1762030799999999,187093.72620000,1243,8954371.00000000,93770.95158000,0
1762030800000000,0.01046000,0.01052000,0.01034000,0.01035000,16420950.00000000,1762034399999999,171583.62208000,1210,6954569.00000000,72732.80510000,0
1762034400000000,0.01035000,0.01041000,0.01034000,0.01041000,13002406.00000000,1762037999999999,134985.52130000,1099,5332134.00000000,55362.61906000,0
1762038000000000,0.01042000,0.01046000,0.01038000,0.01045000,13327194.00000000,1762041599999999,138787.00947000,757,7298944.00000000,76028.58122000,0
1762041600000000,0.01044000,0.01045000,0.01038000,0.01039000,10916320.00000000,1762045199999999,113580.46611000,884,6261896.00000000,65162.94989000,0
1762045200000000,0.01039000,0.01043000,0.01034000,0.01035000,7371767.00000000,1762048799999999,76489.62110000,650,2906126.00000000,30156.07804000,0
1762048800000000,0.01035000,0.01042000,0.01033000,0.01036000,5787721.00000000,1762052399999999,60013.50868000,628,2983139.00000000,30944.28453000,0
1762052400000000,0.01036000,0.01037000,0.01030000,0.01034000,14146237.00000000,1762055999999999,146285.22437000,814,6342274.00000000,65663.71713000,0
1762056000000000,0.01035000,0.01051000,0.01032000,0.01050000,15772785.00000000,1762059599999999,164503.17383000,1006,10077468.00000000,105178.66182000,0
1762059600000000,0.01051000,0.01055000,0.01043000,0.01054000,21415953.00000000,1762063199999999,224557.71190000,1454,10427702.00000000,109272.61729000,0
1762063200000000,0.01053000,0.01057000,0.01049000,0.01056000,20745601.00000000,1762066799999999,218727.91897000,1198,8357466.00000000,88054.59453000,0
1762066800000000,0.01056000,0.01059000,0.01054000,0.01057000,27583186.00000000,1762070399999999,291402.49635000,1689,15030112.00000000,158828.12916000,0
1762070400000000,0.01057000,0.01058000,0.01043000,0.01047000,20276048.00000000,1762073999999999,212968.73634000,1142,10453363.00000000,109788.07403000,0
1762074000000000,0.01047000,0.01053000,0.01040000,0.01042000,27383319.00000000,1762077599999999,286324.94076000,1500,10850813.00000000,113577.77454000,0
1762077600000000,0.01042000,0.01047000,0.01036000,0.01039000,35246755.00000000,1762081199999999,366905.25266000,1857,15225249.00000000,158538.13440000,0
1762081200000000,0.01039000,0.01050000,0.01037000,0.01049000,33916795.00000000,1762084799999999,353993.07122000,1496,19654740.00000000,205075.83782000,0
1762084800000000,0.01050000,0.01051000,0.01044000,0.01046000,23461000.00000000,1762088399999999,245677.71693000,1171,10387054.00000000,108759.97077000,0
1762088400000000,0.01045000,0.01046000,0.01033000,0.01036000,23129767.00000000,1762091999999999,240098.38177000,1498,9658598.00000000,100247.06741000,0
1762092000000000,0.01035000,0.01038000,0.01013000,0.01018000,61756925.00000000,1762095599999999,632580.76720000,3231,21425064.00000000,219261.65613000,0
1762095600000000,0.01017000,0.01023000,0.01011000,0.01017000,25146121.00000000,1762099199999999,255888.41663000,1921,13637327.00000000,138821.01607000,0
1762099200000000,0.01016000,0.01019000,0.01003000,0.01019000,32475408.00000000,1762102799999999,328783.48363000,2276,18592405.00000000,188224.87044000,0
1762102800000000,0.01019000,0.01021000,0.01011000,0.01017000,15836037.00000000,1762106399999999,160864.57720000,1062,7117340.00000000,72298.50059000,0
1762106400000000,0.01018000,0.01018000,0.01011000,0.01011000,21060152.00000000,1762109999999999,213822.65642000,957,10807090.00000000,109737.51571000,0
1762110000000000,0.01011000,0.01014000,0.01005000,0.01013000,15037143.00000000,1762113599999999,151652.47148000,937,6025329.00000000,60843.28599000,0
1762113600000000,0.01013000,0.01021000,0.01009000,0.01020000,18515630.00000000,1762117199999999,188178.57246000,888,13032461.00000000,132503.94801000,0
1762117200000000,0.01019000,0.01029000,0.01019000,0.01023000,24627587.00000000,1762120799999999,252122.64400000,1150,13005947.00000000,133203.78235000,0
1762120800000000,0.01024000,0.01028000,0.01020000,0.01027000,17084065.00000000,1762124399999999,174977.86576000,862,8887505.00000000,91036.79480000,0
1762124400000000,0.01027000,0.01054000,0.01027000,0.01048000,42895473.00000000,1762127999999999,448008.04518000,2776,23973498.00000000,250233.02458000,0
1762128000000000,0.01048000,0.01051000,0.01029000,0.01030000,35925764.00000000,1762131599999999,374142.21941000,1851,14506531.00000000,151152.23956000,0
1762131600000000,0.01029000,0.01031000,0.01013000,0.01016000,24619275.00000000,1762135199999999,252005.42604000,2094,13377671.00000000,136936.47895000,0
1762135200000000,0.01016000,0.01019000,0.01000000,0.01009000,29081459.00000000,1762138799999999,292893.08357000,2464,13017984.00000000,131170.26691000,0
1762138800000000,0.01009000,0.01011000,0.00961000,0.00965000,94293242.00000000,1762142399999999,925767.68994000,6663,42474837.00000000,417197.99533000,0
1762142400000000,0.00965000,0.00970000,0.00953000,0.00969000,66344972.00000000,1762145999999999,636480.11806000,5746,33386578.00000000,320406.27748000,0
1762146000000000,0.00969000,0.00978000,0.00954000,0.00956000,40324388.00000000,1762149599999999,390038.40177000,3384,17582617.00000000,170213.78974000,0
1762149600000000,0.00955000,0.00962000,0.00939000,0.00953000,74384535.00000000,1762153199999999,707019.34701000,5508,33029249.00000000,314439.01857000,0
1762153200000000,0.00953000,0.00962000,0.00947000,0.00955000,42565489.00000000,1762156799999999,405815.07586000,3259,23867662.00000000,227596.05847000,0
1762156800000000,0.00954000,0.00958000,0.00944000,0.00954000,29438865.00000000,1762160399999999,279517.82031000,2402,13724572.00000000,130317.97893000,0
1762160400000000,0.00954000,0.00970000,0.00945000,0.00947000,41876018.00000000,1762163999999999,399538.93163000,2615,21753511.00000000,207433.34026000,0
1762164000000000,0.00947000,0.00956000,0.00938000,0.00940000,39062672.00000000,1762167599999999,370369.60009000,2792,16470686.00000000,156462.78320000,0
1762167600000000,0.00941000,0.00959000,0.00941000,0.00950000,32878192.00000000,1762171199999999,313288.81426000,2091,15988108.00000000,152430.50385000,0
1762171200000000,0.00950000,0.00957000,0.00944000,0.00950000,53237708.00000000,1762174799999999,506602.54842000,3144,22135063.00000000,210935.94149000,0
1762174800000000,0.00950000,0.00962000,0.00944000,0.00953000,39427877.00000000,1762178399999999,375080.86090000,3026,20953963.00000000,199273.14087000,0
1762178400000000,0.00953000,0.00963000,0.00946000,0.00957000,58005215.00000000,1762181999999999,553336.48212000,4412,31843773.00000000,303983.88287000,0
1762182000000000,0.00957000,0.00958000,0.00835000,0.00880000,445092117.00000000,1762185599999999,3951631.43397000,25871,222626857.00000000,1973051.70972000,0
1762185600000000,0.00880000,0.00910000,0.00868000,0.00902000,101727071.00000000,1762189199999999,907667.71570000,8813,51240625.00000000,457336.24553000,0
1762189200000000,0.00901000,0.00922000,0.00898000,0.00919000,74304644.00000000,1762192799999999,677617.44456000,7390,42518305.00000000,387699.28568000,0
1762192800000000,0.00920000,0.00920000,0.00896000,0.00899000,30491052.00000000,1762196399999999,276276.88722000,2467,15405980.00000000,139609.46144000,0
1762196400000000,0.00898000,0.00901000,0.00882000,0.00883000,43273178.00000000,1762199999999999,385883.64826000,3294,23018652.00000000,205242.93660000,0
1762200000000000,0.00884000,0.00887000,0.00860000,0.00866000,76092951.00000000,1762203599999999,663319.48283000,5101,41570760.00000000,362207.59751000,0
1762203600000000,0.00865000,0.00881000,0.00858000,0.00878000,62445309.00000000,1762207199999999,544947.94716000,4542,29423641.00000000,256953.80010000,0
1762207200000000,0.00878000,0.00885000,0.00864000,0.00877000,52366215.00000000,1762210799999999,457884.56111000,2941,30103121.00000000,263164.86389000,0
1762210800000000,0.00877000,0.00887000,0.00868000,0.00884000,44826273.00000000,1762214399999999,393953.31620000,2150,21878492.00000000,192562.91437000,0
1762214400000000,0.00883000,0.00905000,0.00875000,0.00896000,49412189.00000000,1762217999999999,440021.69151000,3020,27620979.00000000,246153.53465000,0
1762218000000000,0.00896000,0.00901000,0.00890000,0.00893000,46614089.00000000,1762221599999999,417345.70115000,2730,27100540.00000000,242713.44877000,0
1762221600000000,0.00893000,0.00899000,0.00891000,0.00897000,18283150.00000000,1762225199999999,163683.54017000,1427,8822899.00000000,79013.89642000,0
1762225200000000,0.00897000,0.00912000,0.00896000,0.00910000,29032150.00000000,1762228799999999,262837.96213000,2010,13815764.00000000,125104.39870000,0
1762228800000000,0.00910000,0.00915000,0.00906000,0.00909000,25173719.00000000,1762232399999999,229154.93639000,1765,12643110.00000000,115126.47264000,0
1762232400000000,0.00908000,0.00910000,0.00860000,0.00862000,104938035.00000000,1762235999999999,925741.22265000,7843,44194155.00000000,390226.66222000,0
1762236000000000,0.00862000,0.00899000,0.00862000,0.00873000,99632518.00000000,1762239599999999,874432.34472000,6197,42770370.00000000,376130.15337000,0
1762239600000000,0.00874000,0.00874000,0.00852000,0.00860000,66705642.00000000,1762243199999999,576719.57457000,5136,30498370.00000000,263753.91915000,0
1762243200000000,0.00860000,0.00886000,0.00857000,0.00875000,43260751.00000000,1762246799999999,377127.59579000,3896,21887042.00000000,190640.36008000,0
1762246800000000,0.00876000,0.00880000,0.00871000,0.00877000,26039007.00000000,1762250399999999,227905.27978000,2557,10716039.00000000,93833.21432000,0
1762250400000000,0.00877000,0.00889000,0.00877000,0.00888000,35313579.00000000,1762253999999999,311930.10738000,2412,20162992.00000000,178167.88739000,0
1762254000000000,0.00887000,0.00896000,0.00881000,0.00884000,41266286.00000000,1762257599999999,366604.65172000,2387,23102162.00000000,205313.46988000,0
1762257600000000,0.00884000,0.00884000,0.00872000,0.00875000,26782084.00000000,1762261199999999,235204.93731000,1627,13873074.00000000,121878.45078000,0
1762261200000000,0.00875000,0.00879000,0.00865000,0.00874000,30227154.00000000,1762264799999999,263811.07994000,2005,14443633.00000000,126025.23897000,0
1762264800000000,0.00873000,0.00901000,0.00865000,0.00895000,64126010.00000000,1762268399999999,564259.06262000,6173,35949250.00000000,316124.20896000,0
1762268400000000,0.00895000,0.00902000,0.00876000,0.00881000,55305801.00000000,1762271999999999,492508.58684000,4665,25570590.00000000,227388.80044000,0
1762272000000000,0.00881000,0.00891000,0.00863000,0.00868000,70454952.00000000,1762275599999999,618498.95278000,5938,32401624.00000000,284269.23361000,0
1762275600000000,0.00868000,0.00875000,0.00839000,0.00865000,125057565.00000000,1762279199999999,1071861.89028000,10674,56841246.00000000,487579.73017000,0
1762279200000000,0.00865000,0.00866000,0.00823000,0.00855000,131097101.00000000,1762282799999999,1105968.56108000,10162,61860781.00000000,522132.04212000,0
1762282800000000,0.00854000,0.00863000,0.00837000,0.00839000,119557137.00000000,1762286399999999,1015468.04430000,6415,53157455.00000000,451813.96082000,0
1762286400000000,0.00839000,0.00848000,0.00791000,0.00837000,275812389.00000000,1762289999999999,2257404.06941000,15162,134932177.00000000,1105975.37897000,0
1762290000000000,0.00838000,0.00840000,0.00791000,0.00832000,200749675.00000000,1762293599999999,1639509.99261000,16023,92476188.00000000,755849.76621000,0
1762293600000000,0.00832000,0.00860000,0.00826000,0.00855000,83566672.00000000,1762297199999999,706428.01892000,6718,44301141.00000000,374424.21295000,0
1762297200000000,0.00855000,0.00884000,0.00849000,0.00851000,60395459.00000000,1762300799999999,516822.61230000,3405,29950118.00000000,256614.44461000,0
1762300800000000,0.00851000,0.00857000,0.00838000,0.00844000,47573837.00000000,1762304399999999,402532.59451000,3099,19179068.00000000,162313.17624000,0
1762304400000000,0.00845000,0.00847000,0.00810000,0.00843000,69829881.00000000,1762307999999999,576684.67710000,5765,32386188.00000000,267704.77611000,0
1762308000000000,0.00843000,0.00872000,0.00843000,0.00870000,55587653.00000000,1762311599999999,477074.98265000,4257,25276484.00000000,217103.83539000,0
1762311600000000,0.00871000,0.00879000,0.00868000,0.00876000,29224964.00000000,1762315199999999,255462.00637000,1872,13094374.00000000,114544.38398000,0
1762315200000000,0.00876000,0.00879000,0.00867000,0.00873000,22058209.00000000,1762318799999999,192508.68699000,1344,9323219.00000000,81391.61834000,0
1762318800000000,0.00873000,0.00880000,0.00872000,0.00877000,26390665.00000000,1762322399999999,231062.16882000,1878,14840912.00000000,129931.79895000,0
1762322400000000,0.00876000,0.00881000,0.00870000,0.00880000,25493281.00000000,1762325999999999,223147.01297000,1460,13224411.00000000,115890.44751000,0
1762326000000000,0.00880000,0.00882000,0.00871000,0.00879000,29380721.00000000,1762329599999999,257698.06594000,1533,12209165.00000000,107234.02678000,0
1762329600000000,0.00879000,0.00879000,0.00858000,0.00867000,28181765.00000000,1762333199999999,244723.15072000,1723,11850945.00000000,102944.48540000,0
1762333200000000,0.00867000,0.00879000,0.00866000,0.00875000,29383328.00000000,1762336799999999,256655.05861000,2363,15527831.00000000,135731.42020000,0
1762336800000000,0.00875000,0.00877000,0.00863000,0.00864000,19482049.00000000,1762340399999999,169783.68540000,1656,9052263.00000000,78960.08851000,0
1762340400000000,0.00864000,0.00881000,0.00863000,0.00879000,22139435.00000000,1762343999999999,193430.56098000,1602,11212451.00000000,98035.37119000,0
1762344000000000,0.00879000,0.00887000,0.00874000,0.00886000,21218525.00000000,1762347599999999,186988.92564000,1478,10439168.00000000,92063.70293000,0
1762347600000000,0.00885000,0.00895000,0.00878000,0.00890000,30293964.00000000,1762351199999999,268225.02255000,2250,17395012.00000000,154068.67170000,0
1762351200000000,0.00890000,0.00897000,0.00875000,0.00890000,64190936.00000000,1762354799999999,569748.95485000,4456,27406850.00000000,243204.40982000,0
1762354800000000,0.00890000,0.00894000,0.00885000,0.00893000,62407804.00000000,1762358399999999,554862.17499000,4063,26808861.00000000,238485.75787000,0
1762358400000000,0.00894000,0.00903000,0.00884000,0.00902000,38156774.00000000,1762361999999999,341204.22569000,2560,17623634.00000000,157606.16499000,0
1762362000000000,0.00901000,0.00906000,0.00897000,0.00902000,33975846.00000000,1762365599999999,306102.10686000,2366,17535706.00000000,158029.05846000,0
1762365600000000,0.00902000,0.00909000,0.00898000,0.00906000,24611104.00000000,1762369199999999,222297.05840000,1798,12765092.00000000,115371.11085000,0
1762369200000000,0.00906000,0.00907000,0.00899000,0.00902000,33272516.00000000,1762372799999999,300519.32788000,1403,16651955.00000000,150426.05642000,0
1762372800000000,0.00902000,0.00910000,0.00899000,0.00903000,33439255.00000000,1762376399999999,301986.53957000,1786,16352839.00000000,147776.20250000,0
1762376400000000,0.00902000,0.00906000,0.00897000,0.00902000,23306282.00000000,1762379999999999,210236.91873000,1516,12319847.00000000,111164.75592000,0
1762380000000000,0.00903000,0.00913000,0.00899000,0.00912000,29343759.00000000,1762383599999999,266007.28035000,1212,17776063.00000000,161288.04091000,0
1762383600000000,0.00912000,0.00913000,0.00903000,0.00904000,23998268.00000000,1762387199999999,217511.59530000,1210,9256025.00000000,83882.76295000,0
1762387200000000,0.00904000,0.00904000,0.00896000,0.00900000,30628933.00000000,1762390799999999,275703.86202000,1609,14077133.00000000,126686.70084000,0
1762390800000000,0.00899000,0.00899000,0.00885000,0.00895000,28939763.00000000,1762394399999999,258101.79104000,1764,13836824.00000000,123430.06348000,0
1762394400000000,0.00894000,0.00904000,0.00884000,0.00896000,26233602.00000000,1762397999999999,234158.67625000,1982,10804498.00000000,96437.64921000,0
1762398000000000,0.00897000,0.00900000,0.00894000,0.00894000,17413756.00000000,1762401599999999,156162.63100000,1368,6317311.00000000,56667.50664000,0
1762401600000000,0.00895000,0.00897000,0.00891000,0.00892000,16445674.00000000,1762405199999999,146884.91146000,1043,8414867.00000000,75186.25357000,0
1762405200000000,0.00892000,0.00892000,0.00872000,0.00874000,21568570.00000000,1762408799999999,189741.79104000,1315,6581436.00000000,57984.26038000,0
1762408800000000,0.00874000,0.00882000,0.00872000,0.00877000,14991522.00000000,1762412399999999,131575.51630000,1224,7456252.00000000,65489.14668000,0
1762412400000000,0.00877000,0.00882000,0.00870000,0.00875000,31226932.00000000,1762415999999999,273611.18937000,1902,12758099.00000000,111846.24075000,0
1762416000000000,0.00875000,0.00879000,0.00871000,0.00874000,27659499.00000000,1762419599999999,242038.96700000,1741,14067316.00000000,123125.08198000,0
1762419600000000,0.00875000,0.00882000,0.00873000,0.00878000,23147783.00000000,1762423199999999,203262.03559000,1456,12193092.00000000,107083.26561000,0
1762423200000000,0.00878000,0.00884000,0.00871000,0.00881000,25992160.00000000,1762426799999999,228261.57560000,1665,12561783.00000000,110409.29873000,0
1762426800000000,0.00880000,0.00883000,0.00873000,0.00878000,20095504.00000000,1762430399999999,176556.22224000,1256,8449949.00000000,74292.28932000,0
1762430400000000,0.00878000,0.00880000,0.00865000,0.00865000,26240669.00000000,1762433999999999,228564.36516000,1097,10184060.00000000,88716.20027000,0
1762434000000000,0.00865000,0.00891000,0.00865000,0.00885000,55655867.00000000,1762437599999999,490069.13514000,3392,30247611.00000000,266200.95339000,0
1762437600000000,0.00886000,0.00887000,0.00865000,0.00867000,74746496.00000000,1762441199999999,653653.72800000,4314,38099283.00000000,333179.75509000,0
1762441200000000,0.00868000,0.00882000,0.00853000,0.00860000,66215891.00000000,1762444799999999,573560.99340000,5715,31136954.00000000,269829.93965000,0
1762444800000000,0.00860000,0.00865000,0.00843000,0.00859000,57749231.00000000,1762448399999999,493456.25419000,4095,23123258.00000000,197741.26024000,0
1762448400000000,0.00859000,0.00878000,0.00856000,0.00875000,45591854.00000000,1762451999999999,395023.56620000,3077,27124428.00000000,235161.82748000,0
1762452000000000,0.00875000,0.00892000,0.00865000,0.00880000,30888714.00000000,1762455599999999,270728.39868000,2264,14341469.00000000,125956.74736000,0
1762455600000000,0.00880000,0.00885000,0.00875000,0.00881000,33402818.00000000,1762459199999999,293589.16562000,2519,19488694.00000000,171237.20133000,0
1762459200000000,0.00882000,0.00888000,0.00870000,0.00875000,43625575.00000000,1762462799999999,383232.30092000,3277,21011064.00000000,184567.10048000,0
1762462800000000,0.00875000,0.00889000,0.00871000,0.00886000,26993309.00000000,1762466399999999,237449.06953000,1714,9043747.00000000,79602.74722000,0
1762466400000000,0.00886000,0.00889000,0.00877000,0.00888000,22906550.00000000,1762469999999999,202098.98775000,1143,11075330.00000000,97761.94452000,0
1762470000000000,0.00888000,0.00888000,0.00874000,0.00885000,33466866.00000000,1762473599999999,294268.47513000,1897,17310396.00000000,152166.24749000,0
1762473600000000,0.00885000,0.00901000,0.00885000,0.00897000,46797023.00000000,1762477199999999,417436.86469000,3582,22467957.00000000,200381.64105000,0
1762477200000000,0.00898000,0.00909000,0.00887000,0.00905000,63549297.00000000,1762480799999999,570715.87781000,4240,39025761.00000000,350781.87747000,0
1762480800000000,0.00905000,0.00906000,0.00894000,0.00905000,69393268.00000000,1762484399999999,624534.32861000,3184,43603845.00000000,392663.09011000,0
1762484400000000,0.00905000,0.00916000,0.00904000,0.00912000,31423373.00000000,1762487999999999,286354.81664000,2036,17084093.00000000,155739.62632000,0
1762488000000000,0.00913000,0.00917000,0.00904000,0.00912000,25437675.00000000,1762491599999999,231422.72446000,1726,11265425.00000000,102539.19650000,0
1762491600000000,0.00912000,0.00932000,0.00911000,0.00931000,36026052.00000000,1762495199999999,332796.68577000,2294,19773436.00000000,182761.35419000,0
1762495200000000,0.00931000,0.00935000,0.00924000,0.00925000,24864300.00000000,1762498799999999,231338.81925000,1664,11791763.00000000,109787.52822000,0
1762498800000000,0.00925000,0.00938000,0.00921000,0.00935000,23517547.00000000,1762502399999999,218604.56020000,1767,12358158.00000000,114948.53433000,0
1762502400000000,0.00935000,0.00937000,0.00921000,0.00926000,33017942.00000000,1762505999999999,306350.88268000,1821,15414045.00000000,143059.45442000,0
1762506000000000,0.00926000,0.00930000,0.00908000,0.00924000,45852113.00000000,1762509599999999,421234.99055000,3103,19290215.00000000,177312.39376000,0
1762509600000000,0.00924000,0.00931000,0.00913000,0.00917000,40921530.00000000,1762513199999999,377215.24002000,2592,20961240.00000000,193193.28069000,0
1762513200000000,0.00916000,0.00918000,0.00899000,0.00911000,61736226.00000000,1762516799999999,560974.01047000,4897,32386567.00000000,294285.69855000,0
1762516800000000,0.00911000,0.00913000,0.00886000,0.00894000,39777746.00000000,1762520399999999,357998.11861000,2810,18909619.00000000,170232.60625000,0
1762520400000000,0.00894000,0.00916000,0.00890000,0.00910000,58889247.00000000,1762523999999999,533274.99313000,3833,30081322.00000000,272607.74070000,0
1762524000000000,0.00909000,0.00937000,0.00896000,0.00932000,86885641.00000000,1762527599999999,798585.06035000,6695,42864001.00000000,394360.61636000,0
1762527600000000,0.00932000,0.00963000,0.00924000,0.00959000,97930444.00000000,1762531199999999,925298.29008000,8688,52976550.00000000,500084.09342000,0
1762531200000000,0.00959000,0.01024000,0.00959000,0.01010000,206637996.00000000,1762534799999999,2064537.54362000,13521,110421155.00000000,1102008.44030000,0
1762534800000000,0.01010000,0.01037000,0.00994000,0.01034000,138563771.00000000,1762538399999999,1405981.47894000,10841,72542765.00000000,736654.04197000,0
1762538400000000,0.01034000,0.01057000,0.01029000,0.01039000,122419098.00000000,1762541999999999,1276013.85033000,8840,58373816.00000000,608746.12934000,0
1762542000000000,0.01039000,0.01045000,0.01032000,0.01040000,66393012.00000000,1762545599999999,689853.89535000,4861,34034790.00000000,353783.68037000,0
1762545600000000,0.01040000,0.01054000,0.01032000,0.01051000,58220672.00000000,1762549199999999,607179.90237000,3381,36483762.00000000,380877.71950000,0
1762549200000000,0.01051000,0.01070000,0.01050000,0.01059000,62294504.00000000,1762552799999999,659851.01562000,3633,35586140.00000000,376819.49966000,0
1762552800000000,0.01060000,0.01062000,0.01049000,0.01057000,37096531.00000000,1762556399999999,391334.30128000,2077,17085537.00000000,180273.90791000,0
1762556400000000,0.01057000,0.01057000,0.01023000,0.01030000,83678063.00000000,1762559999999999,865623.34713000,4121,34334033.00000000,355181.35797000,0
1762560000000000,0.01030000,0.01057000,0.01018000,0.01019000,111193170.00000000,1762563599999999,1159820.33487000,6789,63717525.00000000,665477.00963000,0
1762563600000000,0.01018000,0.01050000,0.01018000,0.01047000,73944103.00000000,1762567199999999,766096.90076000,5007,40274841.00000000,417709.61329000,0
1762567200000000,0.01048000,0.01061000,0.01042000,0.01045000,48628213.00000000,1762570799999999,511073.57438000,3628,23908709.00000000,251415.06835000,0
1762570800000000,0.01045000,0.01056000,0.01030000,0.01030000,42831590.00000000,1762574399999999,447175.78526000,3238,21521222.00000000,224701.57599000,0
1762574400000000,0.01030000,0.01048000,0.01030000,0.01033000,51722691.00000000,1762577999999999,537294.41076000,3781,26098974.00000000,271156.84400000,0
1762578000000000,0.01033000,0.01037000,0.01005000,0.01007000,78218481.00000000,1762581599999999,796425.78172000,4077,33944827.00000000,345907.00339000,0
1762581600000000,0.01008000,0.01010000,0.00993000,0.01003000,83888655.00000000,1762585199999999,839810.85994000,4482,32770956.00000000,328685.84152000,0
1762585200000000,0.01004000,0.01012000,0.00990000,0.01007000,64664052.00000000,1762588799999999,647713.02199000,3240,25331634.00000000,253882.66211000,0
1762588800000000,0.01008000,0.01026000,0.00999000,0.01016000,58877090.00000000,1762592399999999,597404.40330000,3138,33052256.00000000,335517.96320000,0
1762592400000000,0.01016000,0.01016000,0.00991000,0.00996000,56089805.00000000,1762595999999999,563278.39143000,3482,18981628.00000000,191079.69184000,0
1762596000000000,0.00996000,0.01014000,0.00995000,0.01011000,44025663.00000000,1762599599999999,442903.85983000,2781,25998345.00000000,261654.87484000,0
1762599600000000,0.01010000,0.01019000,0.01006000,0.01013000,30179654.00000000,1762603199999999,305100.20162000,2363,12482640.00000000,126324.20896000,0
1762603200000000,0.01012000,0.01018000,0.01006000,0.01015000,26958236.00000000,1762606799999999,273133.17409000,2112,10839071.00000000,109847.55716000,0
1762606800000000,0.01014000,0.01015000,0.00992000,0.00992000,59471418.00000000,1762610399999999,595962.75245000,3868,21012088.00000000,210925.81037000,0
1762610400000000,0.00992000,0.00998000,0.00979000,0.00994000,72092659.00000000,1762613999999999,712937.29705000,4503,39561041.00000000,391499.40022000,0
1762614000000000,0.00994000,0.01005000,0.00981000,0.01003000,84377933.00000000,1762617599999999,838666.79769000,5227,44903036.00000000,446905.16733000,0
1762617600000000,0.01004000,0.01012000,0.00982000,0.01007000,125143503.00000000,1762621199999999,1250844.02084000,6572,57681697.00000000,577103.84596000,0
1762621200000000,0.01007000,0.01013000,0.00999000,0.01004000,73169658.00000000,1762624799999999,736145.71596000,3490,41018072.00000000,412881.67820000,0
1762624800000000,0.01003000,0.01011000,0.01000000,0.01007000,18679458.00000000,1762628399999999,187783.60509000,1418,7780150.00000000,78204.62130000,0
1762628400000000,0.01007000,0.01013000,0.00998000,0.01011000,53613955.00000000,1762631999999999,539950.63098000,2751,30323162.00000000,305583.12484000,0
1762632000000000,0.01011000,0.01035000,0.01009000,0.01024000,159591370.00000000,1762635599999999,1635548.55136000,5505,90235693.00000000,924502.76358000,0
1762635600000000,0.01023000,0.01028000,0.01017000,0.01022000,112922485.00000000,1762639199999999,1154323.92805000,3463,49065571.00000000,501627.55461000,0
1762639200000000,0.01021000,0.01030000,0.01018000,0.01022000,37001919.00000000,1762642799999999,379007.56353000,1611,19905545.00000000,203914.44290000,0
1762642800000000,0.01022000,0.01030000,0.01021000,0.01030000,25573280.00000000,1762646399999999,262255.38718000,976,14241987.00000000,146162.25871000,0
1762646400000000,0.01030000,0.01032000,0.01013000,0.01016000,39105930.00000000,1762649999999999,399711.04181000,2343,16674736.00000000,170500.17871000,0
1762650000000000,0.01016000,0.01024000,0.01004000,0.01011000,30951405.00000000,1762653599999999,313497.80519000,1974,9795306.00000000,99183.24665000,0
1762653600000000,0.01011000,0.01012000,0.00978000,0.00982000,68416927.00000000,1762657199999999,682910.00960000,3756,27033189.00000000,269691.61771000,0
1762657200000000,0.00982000,0.00987000,0.00967000,0.00972000,62056407.00000000,1762660799999999,605881.58597000,3463,25177705.00000000,246111.31998000,0
1762660800000000,0.00973000,0.00985000,0.00970000,0.00977000,35088192.00000000,1762664399999999,343006.39208000,2087,17050667.00000000,166603.51659000,0
1762664400000000,0.00977000,0.00983000,0.00972000,0.00981000,30981040.00000000,1762667999999999,302851.67174000,2231,16745878.00000000,163829.62283000,0
1762668000000000,0.00981000,0.00993000,0.00974000,0.00982000,58304408.00000000,1762671599999999,574309.46237000,2627,28074091.00000000,276570.20777000,0
1762671600000000,0.00982000,0.00998000,0.00981000,0.00994000,38294318.00000000,1762675199999999,379319.07150000,2254,14938841.00000000,148065.88022000,0
1762675200000000,0.00993000,0.00994000,0.00976000,0.00981000,32227988.00000000,1762678799999999,317805.03700000,2020,10966170.00000000,108152.52584000,0
1762678800000000,0.00982000,0.00993000,0.00971000,0.00975000,38670656.00000000,1762682399999999,379452.48102000,2066,15893541.00000000,156048.79096000,0
1762682400000000,0.00974000,0.00985000,0.00966000,0.00984000,44421505.00000000,1762685999999999,431828.09099000,3066,16899628.00000000,164425.24774000,0
1762686000000000,0.00985000,0.00998000,0.00984000,0.00994000,36471730.00000000,1762689599999999,361898.33497000,2880,20610131.00000000,204446.80407000,0
1762689600000000,0.00994000,0.01004000,0.00992000,0.00997000,34423341.00000000,1762693199999999,343654.00608000,2459,19672553.00000000,196444.52003000,0
1762693200000000,0.00997000,0.01010000,0.00994000,0.01004000,33769653.00000000,1762696799999999,338409.06187000,2524,16777096.00000000,168265.01502000,0
1762696800000000,0.01004000,0.01030000,0.00998000,0.01007000,100410305.00000000,1762700399999999,1020420.86047000,7181,51623315.00000000,524648.19576000,0
1762700400000000,0.01007000,0.01026000,0.01006000,0.01020000,54308934.00000000,1762703999999999,552544.90495000,4092,25820037.00000000,262467.19020000,0
1762704000000000,0.01020000,0.01024000,0.01012000,0.01021000,30055208.00000000,1762707599999999,305934.07683000,2642,12181581.00000000,124116.35790000,0
1762707600000000,0.01022000,0.01026000,0.01011000,0.01014000,19724282.00000000,1762711199999999,200347.98567000,1709,8040594.00000000,81694.17015000,0
1762711200000000,0.01015000,0.01029000,0.01007000,0.01027000,24960578.00000000,1762714799999999,253894.77938000,1728,11821716.00000000,120393.23351000,0
1762714800000000,0.01026000,0.01036000,0.01022000,0.01036000,43080204.00000000,1762718399999999,443642.31648000,2587,22125658.00000000,227809.66871000,0
1762718400000000,0.01036000,0.01036000,0.01024000,0.01027000,26868163.00000000,1762721999999999,276729.13658000,1905,11609713.00000000,119700.92131000,0
1762722000000000,0.01028000,0.01032000,0.01022000,0.01026000,37915347.00000000,1762725599999999,389328.38267000,1852,16442402.00000000,168919.20240000,0
1762725600000000,0.01025000,0.01025000,0.01014000,0.01022000,21155707.00000000,1762729199999999,216119.86274000,1451,10390137.00000000,106145.71002000,0
1762729200000000,0.01023000,0.01034000,0.01013000,0.01020000,29006232.00000000,1762732799999999,296028.42642000,2415,13195966.00000000,134748.06398000,0
1762732800000000,0.01020000,0.01046000,0.01010000,0.01036000,51135937.00000000,1762736399999999,527644.68480000,4052,26687754.00000000,275503.76486000,0
1762736400000000,0.01036000,0.01043000,0.01030000,0.01032000,43033809.00000000,1762739999999999,446044.14423000,4217,22249088.00000000,230639.14933000,0
1762740000000000,0.01031000,0.01040000,0.01028000,0.01038000,27196944.00000000,1762743599999999,281238.04954000,2349,14567904.00000000,150635.17478000,0
1762743600000000,0.01038000,0.01049000,0.01035000,0.01038000,24567040.00000000,1762747199999999,256192.09484000,2582,12344700.00000000,128757.28822000,0
1762747200000000,0.01037000,0.01040000,0.01025000,0.01028000,33125861.00000000,1762750799999999,341729.89278000,2251,15282400.00000000,157667.52205000,0
1762750800000000,0.01027000,0.01064000,0.01024000,0.01038000,116872763.00000000,1762754399999999,1217587.69784000,7096,61937088.00000000,644440.56464000,0
1762754400000000,0.01037000,0.01042000,0.01032000,0.01040000,34571848.00000000,1762757999999999,358445.49389000,2605,19367823.00000000,200786.04713000,0
1762758000000000,0.01041000,0.01046000,0.01033000,0.01039000,29828684.00000000,1762761599999999,309814.78698000,2348,15304201.00000000,158883.05654000,0
1762761600000000,0.01039000,0.01039000,0.01025000,0.01033000,59176311.00000000,1762765199999999,611896.35998000,4027,31261368.00000000,323618.56139000,0
1762765200000000,0.01033000,0.01063000,0.01031000,0.01055000,43984318.00000000,1762768799999999,461006.28201000,2932,22571763.00000000,236878.14484000,0
1762768800000000,0.01056000,0.01057000,0.01031000,0.01038000,57417706.00000000,1762772399999999,599368.65822000,3463,21022443.00000000,219412.74271000,0
1762772400000000,0.01038000,0.01052000,0.01038000,0.01048000,25664517.00000000,1762775999999999,269013.62812000,2319,11566635.00000000,121277.77244000,0
1762776000000000,0.01049000,0.01054000,0.01039000,0.01045000,30092674.00000000,1762779599999999,315216.22767000,2377,14165011.00000000,148465.44890000,0
1762779600000000,0.01045000,0.01060000,0.01043000,0.01052000,26291616.00000000,1762783199999999,276476.01703000,2758,12970409.00000000,136402.64723000,0
1762783200000000,0.01052000,0.01052000,0.01025000,0.01035000,86089115.00000000,1762786799999999,890862.44451000,7008,40525858.00000000,418709.67455000,0
1762786800000000,0.01035000,0.01056000,0.01033000,0.01041000,42268529.00000000,1762790399999999,440653.15909000,4923,20676310.00000000,215713.81167000,0
1762790400000000,0.01042000,0.01049000,0.01024000,0.01030000,38418765.00000000,1762793999999999,398498.19741000,3961,16199079.00000000,168096.36790000,0
1762794000000000,0.01030000,0.01050000,0.01027000,0.01046000,42443650.00000000,1762797599999999,442277.98074000,2646,24693811.00000000,257284.47125000,0
1762797600000000,0.01047000,0.01048000,0.01035000,0.01035000,23923896.00000000,1762801199999999,249130.97090000,2068,8675494.00000000,90340.66941000,0
1762801200000000,0.01035000,0.01061000,0.01034000,0.01050000,27180704.00000000,1762804799999999,285263.80710000,2512,15721956.00000000,165142.54067000,0
1762804800000000,0.01051000,0.01061000,0.01045000,0.01050000,27502586.00000000,1762808399999999,289264.84486000,2289,13458200.00000000,141597.25867000,0
1762808400000000,0.01050000,0.01050000,0.01038000,0.01048000,23695618.00000000,1762811999999999,246921.28912000,2490,9897323.00000000,103140.61535000,0
1762812000000000,0.01048000,0.01089000,0.01041000,0.01080000,66510993.00000000,1762815599999999,710839.29452000,4192,42051081.00000000,449315.17993000,0
1762815600000000,0.01080000,0.01081000,0.01054000,0.01063000,44775972.00000000,1762819199999999,477009.75912000,3164,18521576.00000000,197444.05993000,0
1762819200000000,0.01064000,0.01070000,0.01042000,0.01057000,36066552.00000000,1762822799999999,381040.06318000,4218,16804545.00000000,177669.77136000,0
1762822800000000,0.01057000,0.01085000,0.01054000,0.01056000,39310455.00000000,1762826399999999,419851.46491000,5427,21689956.00000000,231649.42731000,0
1762826400000000,0.01056000,0.01081000,0.01049000,0.01076000,27443546.00000000,1762829999999999,293058.24583000,3863,16937995.00000000,180977.10986000,0
1762830000000000,0.01075000,0.01084000,0.01070000,0.01073000,38512297.00000000,1762833599999999,414793.64843000,3005,17043757.00000000,183597.82246000,0
1762833600000000,0.01072000,0.01076000,0.01052000,0.01055000,21861571.00000000,1762837199999999,232195.49915000,2275,8144721.00000000,86647.88947000,0
1762837200000000,0.01055000,0.01056000,0.01033000,0.01034000,29063280.00000000,1762840799999999,303029.19589000,2968,9866640.00000000,102975.69116000,0
1762840800000000,0.01034000,0.01040000,0.01026000,0.01035000,37983668.00000000,1762844399999999,392108.05383000,2981,17518114.00000000,180853.59883000,0
1762844400000000,0.01034000,0.01034000,0.01010000,0.01012000,35794518.00000000,1762847999999999,364713.45360000,3655,12542723.00000000,128014.60332000,0
1762848000000000,0.01012000,0.01025000,0.01010000,0.01023000,27666868.00000000,1762851599999999,281545.84142000,2888,14189827.00000000,144397.55711000,0
1762851600000000,0.01022000,0.01030000,0.01014000,0.01015000,25331235.00000000,1762855199999999,258477.95927000,2334,14887116.00000000,151897.91610000,0
1762855200000000,0.01015000,0.01022000,0.01014000,0.01020000,24376894.00000000,1762858799999999,248161.69649000,2482,13335138.00000000,135757.14186000,0
1762858800000000,0.01020000,0.01028000,0.01015000,0.01021000,28745371.00000000,1762862399999999,293740.21094000,2189,14122268.00000000,144341.60236000,0
1762862400000000,0.01021000,0.01031000,0.01008000,0.01016000,24965650.00000000,1762865999999999,253909.35446000,2439,8848586.00000000,90093.75698000,0
1762866000000000,0.01017000,0.01025000,0.01009000,0.01010000,33243454.00000000,1762869599999999,337873.49652000,2296,14535942.00000000,147965.00343000,0
1762869600000000,0.01010000,0.01033000,0.01003000,0.01032000,55019987.00000000,1762873199999999,557397.06700000,4485,26140021.00000000,264796.69845000,0
1762873200000000,0.01032000,0.01032000,0.01012000,0.01019000,49646762.00000000,1762876799999999,506494.41803000,4751,25854309.00000000,263764.74641000,0
1762876800000000,0.01018000,0.01031000,0.01015000,0.01024000,40285288.00000000,1762880399999999,412751.42794000,3434,23941960.00000000,245384.57326000,0
1762880400000000,0.01024000,0.01035000,0.01018000,0.01025000,21970648.00000000,1762883999999999,225765.39711000,2792,11536197.00000000,118563.03136000,0
1762884000000000,0.01025000,0.01031000,0.01011000,0.01015000,25648023.00000000,1762887599999999,261466.94127000,2431,12410587.00000000,126472.50252000,0
1762887600000000,0.01015000,0.01018000,0.01003000,0.01004000,27790314.00000000,1762891199999999,280597.55216000,2372,12137215.00000000,122632.43384000,0
1762891200000000,0.01004000,0.01007000,0.00991000,0.00994000,47264835.00000000,1762894799999999,471410.34966000,4149,17723768.00000000,176851.71246000,0
1762894800000000,0.00994000,0.01002000,0.00987000,0.00991000,29403176.00000000,1762898399999999,292306.17035000,3422,13795401.00000000,137215.78008000,0
1762898400000000,0.00990000,0.01009000,0.00984000,0.01003000,35274774.00000000,1762901999999999,351957.55608000,2460,16820367.00000000,167685.25437000,0
1762902000000000,0.01003000,0.01004000,0.00984000,0.00989000,22425534.00000000,1762905599999999,223061.19019000,1848,11257377.00000000,112031.72757000,0
1762905600000000,0.00989000,0.00997000,0.00982000,0.00988000,34534707.00000000,1762909199999999,342352.02210000,3319,16983452.00000000,168491.39790000,0
1762909200000000,0.00988000,0.01008000,0.00987000,0.01004000,29809593.00000000,1762912799999999,298800.25823000,2724,18552560.00000000,186075.27586000,0
1762912800000000,0.01004000,0.01010000,0.00995000,0.01005000,16574326.00000000,1762916399999999,166555.74923000,1310,7662505.00000000,77027.57684000,0
1762916400000000,0.01004000,0.01009000,0.01003000,0.01006000,16467237.00000000,1762919999999999,165679.69711000,1027,8252901.00000000,83052.61464000,0
1762920000000000,0.01007000,0.01010000,0.01003000,0.01010000,9940047.00000000,1762923599999999,100016.01330000,973,4050459.00000000,40780.64616000,0
1762923600000000,0.01010000,0.01017000,0.01006000,0.01013000,23263212.00000000,1762927199999999,235423.54420000,1517,11201274.00000000,113368.93058000,0
1762927200000000,0.01012000,0.01019000,0.01012000,0.01014000,18308725.00000000,1762930799999999,186068.82415000,991,9126795.00000000,92762.22717000,0
1762930800000000,0.01013000,0.01017000,0.01005000,0.01007000,25513357.00000000,1762934399999999,258332.39530000,1446,8756449.00000000,88749.65860000,0
1762934400000000,0.01008000,0.01037000,0.01008000,0.01029000,28142603.00000000,1762937999999999,288376.08804000,1938,18880302.00000000,193498.72835000,0
1762938000000000,0.01030000,0.01043000,0.01029000,0.01042000,31280075.00000000,1762941599999999,324658.53154000,2250,17499254.00000000,181656.82354000,0
1762941600000000,0.01042000,0.01055000,0.01042000,0.01049000,32354997.00000000,1762945199999999,339123.19992000,2157,20060462.00000000,210278.93163000,0
1762945200000000,0.01049000,0.01056000,0.01044000,0.01048000,30469232.00000000,1762948799999999,320105.08199000,1894,16625629.00000000,174767.16636000,0
1762948800000000,0.01047000,0.01053000,0.01040000,0.01042000,33680145.00000000,1762952399999999,352406.89758000,1944,14359892.00000000,150321.99421000,0
1762952400000000,0.01043000,0.01052000,0.01037000,0.01050000,21159524.00000000,1762955999999999,220863.01007000,1387,9519813.00000000,99299.21662000,0
1762956000000000,0.01050000,0.01051000,0.01009000,0.01026000,70758182.00000000,1762959599999999,728379.11658000,4767,28348669.00000000,291610.49152000,0
1762959600000000,0.01025000,0.01036000,0.00988000,0.00995000,112309108.00000000,1762963199999999,1138264.92237000,7007,48486895.00000000,492840.27417000,0
1762963200000000,0.00996000,0.00999000,0.00962000,0.00964000,127616674.00000000,1762966799999999,1245506.83641000,8031,57172459.00000000,557993.58023000,0
1762966800000000,0.00965000,0.00974000,0.00950000,0.00966000,87322863.00000000,1762970399999999,838775.50236000,6277,42762548.00000000,410949.87109000,0
1762970400000000,0.00966000,0.00971000,0.00952000,0.00952000,52932285.00000000,1762973999999999,510238.12811000,3154,23948053.00000000,231034.85123000,0
1762974000000000,0.00952000,0.00957000,0.00937000,0.00953000,73264291.00000000,1762977599999999,693441.32613000,4829,38593216.00000000,365261.18419000,0
1762977600000000,0.00953000,0.00974000,0.00950000,0.00968000,38387671.00000000,1762981199999999,370924.74754000,2790,20006608.00000000,193347.10959000,0
1762981200000000,0.00969000,0.00973000,0.00965000,0.00968000,37701133.00000000,1762984799999999,365286.37651000,2185,18760423.00000000,181855.50588000,0
1762984800000000,0.00968000,0.00972000,0.00960000,0.00971000,24279800.00000000,1762988399999999,234323.10246000,1310,11013274.00000000,106315.57281000,0
1762988400000000,0.00971000,0.00971000,0.00958000,0.00963000,22181581.00000000,1762991999999999,213534.06713000,1336,8583492.00000000,82574.63580000,0
1762992000000000,0.00962000,0.00973000,0.00960000,0.00966000,22254472.00000000,1762995599999999,215225.07319000,1957,10067173.00000000,97349.59856000,0
1762995600000000,0.00965000,0.00983000,0.00965000,0.00973000,22738036.00000000,1762999199999999,221823.41244000,2818,12680664.00000000,123719.92831000,0
1762999200000000,0.00973000,0.00979000,0.00970000,0.00972000,12793991.00000000,1763002799999999,124652.50130000,1250,4954308.00000000,48287.89896000,0
1763002800000000,0.00972000,0.00994000,0.00955000,0.00987000,37209517.00000000,1763006399999999,363017.92376000,3892,20411699.00000000,199216.52382000,0
1763006400000000,0.00987000,0.00996000,0.00978000,0.00991000,33158205.00000000,1763009999999999,327575.71886000,3138,17009170.00000000,167982.70310000,0
1763010000000000,0.00990000,0.01005000,0.00984000,0.01003000,26373345.00000000,1763013599999999,262030.05342000,2398,14025050.00000000,139424.89571000,0
1763013600000000,0.01003000,0.01007000,0.00995000,0.00995000,20764802.00000000,1763017199999999,207852.20319000,1943,9459766.00000000,94715.22406000,0
1763017200000000,0.00996000,0.01000000,0.00987000,0.00989000,16991585.00000000,1763020799999999,169031.21543000,1480,8058146.00000000,80173.84222000,0
1763020800000000,0.00989000,0.00996000,0.00985000,0.00991000,24448754.00000000,1763024399999999,242157.77698000,1796,6459161.00000000,64042.87186000,0
1763024400000000,0.00992000,0.00994000,0.00978000,0.00981000,19973394.00000000,1763027999999999,196473.21120000,2595,10077392.00000000,99124.63355000,0
1763028000000000,0.00982000,0.00994000,0.00981000,0.00986000,15892415.00000000,1763031599999999,157077.31341000,1594,6283925.00000000,62107.82654000,0
1763031600000000,0.00987000,0.00991000,0.00984000,0.00988000,16319202.00000000,1763035199999999,161184.59980000,1306,8544515.00000000,84357.40306000,0
1763035200000000,0.00989000,0.00996000,0.00985000,0.00993000,14204074.00000000,1763038799999999,140579.40303000,1469,6456666.00000000,63964.56197000,0
1763038800000000,0.00994000,0.00998000,0.00980000,0.00988000,30543908.00000000,1763042399999999,302422.22829000,3296,16038318.00000000,158779.35885000,0
1763042400000000,0.00988000,0.01005000,0.00968000,0.00994000,66899710.00000000,1763045999999999,659293.33772000,8068,30275259.00000000,298913.42735000,0
1763046000000000,0.00993000,0.01001000,0.00972000,0.00979000,57721073.00000000,1763049599999999,568977.06760000,6575,27468788.00000000,271129.25799000,0
1763049600000000,0.00979000,0.00983000,0.00960000,0.00962000,57459615.00000000,1763053199999999,558957.24010000,5732,25650087.00000000,249763.67518000,0
1763053200000000,0.00963000,0.00966000,0.00934000,0.00936000,58575223.00000000,1763056799999999,558413.48620000,6618,27899418.00000000,266375.85780000,0
1763056800000000,0.00937000,0.00941000,0.00916000,0.00927000,64882175.00000000,1763060399999999,601866.73989000,7565,31784566.00000000,294828.61654000,0
1763060400000000,0.00927000,0.00937000,0.00908000,0.00913000,61102593.00000000,1763063999999999,563105.75509000,7522,28296728.00000000,261059.10129000,0
1763064000000000,0.00913000,0.00921000,0.00903000,0.00913000,37010939.00000000,1763067599999999,337400.49871000,4937,19977203.00000000,182149.22214000,0
1763067600000000,0.00913000,0.00918000,0.00901000,0.00910000,50673052.00000000,1763071199999999,460856.44839000,3803,20560763.00000000,186844.67945000,0
1763071200000000,0.00909000,0.00933000,0.00906000,0.00928000,35295779.00000000,1763074799999999,325014.28650000,2474,20039626.00000000,184395.19395000,0
1763074800000000,0.00928000,0.00947000,0.00925000,0.00934000,52791056.00000000,1763078399999999,495613.58262000,2997,23710916.00000000,222524.13406000,0
1763078400000000,0.00935000,0.00942000,0.00922000,0.00927000,31098049.00000000,1763081999999999,289419.30016000,2921,14818967.00000000,137986.72212000,0
1763082000000000,0.00927000,0.00933000,0.00921000,0.00923000,28957142.00000000,1763085599999999,268591.38999000,2570,13674256.00000000,126859.85237000,0
1763085600000000,0.00923000,0.00934000,0.00923000,0.00927000,23902513.00000000,1763089199999999,221896.96957000,2075,14403498.00000000,133668.16511000,0
1763089200000000,0.00927000,0.00930000,0.00918000,0.00923000,18889357.00000000,1763092799999999,174396.79954000,1434,8597894.00000000,79415.05188000,0
1763092800000000,0.00923000,0.00923000,0.00879000,0.00903000,90690894.00000000,1763096399999999,812480.51135000,6679,35588842.00000000,318947.17404000,0
1763096400000000,0.00903000,0.00924000,0.00903000,0.00918000,51222090.00000000,1763099999999999,468219.26295000,3971,28208204.00000000,258184.27334000,0
1763100000000000,0.00919000,0.00927000,0.00896000,0.00926000,56808975.00000000,1763103599999999,516163.18215000,4130,25745944.00000000,234016.28707000,0
1763103600000000,0.00925000,0.00931000,0.00917000,0.00922000,51578171.00000000,1763107199999999,476891.36759000,3471,25488768.00000000,235615.36905000,0
1763107200000000,0.00923000,0.00923000,0.00910000,0.00913000,19248786.00000000,1763110799999999,176546.12998000,1508,8430253.00000000,77358.69774000,0
1763110800000000,0.00913000,0.00917000,0.00896000,0.00897000,29917249.00000000,1763114399999999,270342.21649000,2223,13332014.00000000,120599.85238000,0
1763114400000000,0.00897000,0.00907000,0.00896000,0.00901000,29374241.00000000,1763117999999999,264751.02192000,1654,11866055.00000000,107005.07187000,0
1763118000000000,0.00901000,0.00901000,0.00887000,0.00894000,34237032.00000000,1763121599999999,306157.52796000,2396,20215372.00000000,180823.45198000,0
1763121600000000,0.00894000,0.00903000,0.00872000,0.00901000,94459146.00000000,1763125199999999,835439.91311000,7196,44134880.00000000,390866.79789000,0
1763125200000000,0.00901000,0.00908000,0.00889000,0.00900000,65111055.00000000,1763128799999999,584217.94953000,5293,31276236.00000000,280799.11379000,0
1763128800000000,0.00900000,0.00925000,0.00893000,0.00918000,60265982.00000000,1763132399999999,548758.37526000,6147,31916002.00000000,290584.92366000,0
1763132400000000,0.00918000,0.00931000,0.00906000,0.00922000,61043730.00000000,1763135999999999,560280.61872000,4385,37689538.00000000,346054.59360000,0
1763136000000000,0.00922000,0.00934000,0.00914000,0.00932000,26396572.00000000,1763139599999999,244290.73238000,2199,12519528.00000000,115800.66993000,0
1763139600000000,0.00931000,0.00936000,0.00909000,0.00912000,40681548.00000000,1763143199999999,377140.13359000,2264,24239716.00000000,225087.70758000,0
1763143200000000,0.00913000,0.00928000,0.00911000,0.00916000,35398506.00000000,1763146799999999,325881.82260000,2563,19719961.00000000,181580.80860000,0
1763146800000000,0.00917000,0.00934000,0.00915000,0.00931000,19849057.00000000,1763150399999999,183888.34886000,1568,8512518.00000000,78754.99716000,0
1763150400000000,0.00931000,0.00933000,0.00902000,0.00908000,28252585.00000000,1763153999999999,258942.07783000,2272,11752233.00000000,107587.53414000,0
1763154000000000,0.00908000,0.00920000,0.00904000,0.00913000,18148032.00000000,1763157599999999,165949.16460000,1674,7647453.00000000,69925.35464000,0
1763157600000000,0.00913000,0.00918000,0.00904000,0.00905000,19786552.00000000,1763161199999999,180136.93781000,1226,7063541.00000000,64305.72839000,0
1763161200000000,0.00906000,0.00906000,0.00876000,0.00896000,59983467.00000000,1763164799999999,534924.14112000,3853,27285356.00000000,243557.50221000,0
1763164800000000,0.00897000,0.00909000,0.00895000,0.00906000,27245411.00000000,1763168399999999,245807.10880000,1910,16604243.00000000,149822.75492000,0
1763168400000000,0.00907000,0.00920000,0.00902000,0.00916000,20731412.00000000,1763171999999999,189352.03660000,1487,11405640.00000000,104151.42555000,0
1763172000000000,0.00917000,0.00921000,0.00911000,0.00921000,19039699.00000000,1763175599999999,174220.55375000,1317,10895201.00000000,99656.48741000,0
1763175600000000,0.00920000,0.00927000,0.00918000,0.00924000,17787609.00000000,1763179199999999,164247.33960000,1233,10555326.00000000,97464.97906000,0
1763179200000000,0.00924000,0.00927000,0.00919000,0.00919000,9306952.00000000,1763182799999999,85906.67406000,865,5255781.00000000,48512.35506000,0
1763182800000000,0.00920000,0.00930000,0.00919000,0.00929000,11805430.00000000,1763186399999999,109083.79447000,924,6328202.00000000,58466.74981000,0
1763186400000000,0.00929000,0.00944000,0.00928000,0.00935000,35021872.00000000,1763189999999999,327892.20596000,1382,27023090.00000000,253136.33008000,0
1763190000000000,0.00934000,0.00935000,0.00925000,0.00927000,8226535.00000000,1763193599999999,76548.23240000,681,4040846.00000000,37599.05804000,0
1763193600000000,0.00927000,0.00928000,0.00909000,0.00914000,25184448.00000000,1763197199999999,231668.14068000,1428,11537716.00000000,106155.61370000,0
1763197200000000,0.00913000,0.00924000,0.00911000,0.00918000,14050233.00000000,1763200799999999,129031.96937000,949,8317516.00000000,76411.72602000,0
1763200800000000,0.00917000,0.00928000,0.00914000,0.00925000,36577629.00000000,1763204399999999,337680.14234000,1404,19350241.00000000,178641.61100000,0
1763204400000000,0.00924000,0.00929000,0.00918000,0.00923000,26290618.00000000,1763207999999999,243384.64193000,1410,13936884.00000000,128992.20098000,0
1763208000000000,0.00922000,0.00934000,0.00920000,0.00931000,17391024.00000000,1763211599999999,161478.49566000,1156,8015648.00000000,74359.53318000,0
1763211600000000,0.00931000,0.00942000,0.00928000,0.00933000,27945178.00000000,1763215199999999,261001.17051000,1739,20547159.00000000,191851.85955000,0
1763215200000000,0.00933000,0.00933000,0.00922000,0.00928000,22887095.00000000,1763218799999999,212162.37213000,1188,12505386.00000000,115912.54150000,0
1763218800000000,0.00927000,0.00927000,0.00918000,0.00919000,35027427.00000000,1763222399999999,323136.02279000,1318,7801912.00000000,72023.29437000,0
1763222400000000,0.00919000,0.00923000,0.00913000,0.00922000,21444899.00000000,1763225999999999,196779.25341000,1399,10480282.00000000,96292.18655000,0
1763226000000000,0.00921000,0.00930000,0.00918000,0.00928000,25555797.00000000,1763229599999999,235884.75376000,1788,12739081.00000000,117643.74804000,0
1763229600000000,0.00927000,0.00929000,0.00920000,0.00922000,18436152.00000000,1763233199999999,170391.43061000,987,9807602.00000000,90660.12858000,0
1763233200000000,0.00922000,0.00925000,0.00920000,0.00920000,12167194.00000000,1763236799999999,112193.72680000,616,4289103.00000000,39545.73335000,0
1763236800000000,0.00921000,0.00921000,0.00910000,0.00911000,16562523.00000000,1763240399999999,151631.38931000,989,7066230.00000000,64686.80573000,0
1763240400000000,0.00911000,0.00920000,0.00905000,0.00906000,18724749.00000000,1763243999999999,170668.13199000,1108,7706713.00000000,70246.37529000,0
1763244000000000,0.00906000,0.00915000,0.00905000,0.00914000,26924291.00000000,1763247599999999,245441.78593000,948,16325489.00000000,148840.99425000,0
1763247600000000,0.00914000,0.00916000,0.00910000,0.00910000,15477553.00000000,1763251199999999,141444.07379000,634,6170097.00000000,56425.40652000,0
1763251200000000,0.00910000,0.00912000,0.00899000,0.00906000,17985050.00000000,1763254799999999,162788.92306000,1430,9255849.00000000,83839.81900000,0
1763254800000000,0.00906000,0.00909000,0.00893000,0.00907000,47298751.00000000,1763258399999999,425579.04214000,3388,16971685.00000000,152971.17757000,0
1763258400000000,0.00906000,0.00921000,0.00903000,0.00920000,25593299.00000000,1763261999999999,233610.89455000,2173,14548990.00000000,132873.57749000,0
1763262000000000,0.00921000,0.00925000,0.00917000,0.00919000,14766765.00000000,1763265599999999,135847.62886000,1043,8067833.00000000,74234.83888000,0
1763265600000000,0.00920000,0.00920000,0.00910000,0.00915000,10303376.00000000,1763269199999999,94273.89218000,1056,4211456.00000000,38535.42477000,0
1763269200000000,0.00915000,0.00921000,0.00914000,0.00915000,13852960.00000000,1763272799999999,127186.13376000,1047,5379885.00000000,49401.61884000,0
1763272800000000,0.00916000,0.00922000,0.00915000,0.00915000,9395138.00000000,1763276399999999,86304.26258000,700,5249883.00000000,48234.17864000,0
1763276400000000,0.00916000,0.00918000,0.00912000,0.00918000,13582200.00000000,1763279999999999,124354.36314000,880,5958795.00000000,54563.18211000,0
1763280000000000,0.00919000,0.00919000,0.00910000,0.00914000,28077582.00000000,1763283599999999,256481.31561000,1204,8432467.00000000,76994.25449000,0
1763283600000000,0.00913000,0.00922000,0.00908000,0.00920000,22821751.00000000,1763287199999999,209022.58516000,1579,11715820.00000000,107361.57100000,0
1763287200000000,0.00920000,0.00921000,0.00915000,0.00917000,22945366.00000000,1763290799999999,210642.23235000,1271,11851903.00000000,108824.64486000,0
1763290800000000,0.00915000,0.00917000,0.00895000,0.00898000,55299316.00000000,1763294399999999,498574.30172000,2665,19436333.00000000,175013.96246000,0
1763294400000000,0.00897000,0.00904000,0.00891000,0.00899000,35621099.00000000,1763297999999999,320336.89495000,1897,12966746.00000000,116649.16951000,0
1763298000000000,0.00899000,0.00902000,0.00887000,0.00892000,26823605.00000000,1763301599999999,239865.19348000,2264,11394383.00000000,101911.77410000,0
1763301600000000,0.00892000,0.00902000,0.00889000,0.00899000,24733276.00000000,1763305199999999,221649.72320000,1791,13834503.00000000,124096.76346000,0
1763305200000000,0.00899000,0.00899000,0.00876000,0.00878000,36359562.00000000,1763308799999999,321709.24378000,2566,13126541.00000000,116181.91439000,0
1763308800000000,0.00878000,0.00887000,0.00859000,0.00864000,68298185.00000000,1763312399999999,595750.67338000,5385,28256554.00000000,246677.72811000,0
1763312400000000,0.00864000,0.00868000,0.00850000,0.00860000,90345305.00000000,1763315999999999,775820.80326000,6166,40871449.00000000,351020.41998000,0
1763316000000000,0.00860000,0.00955000,0.00828000,0.00848000,765081704.00000000,1763319599999999,6779504.52068000,53773,403563462.00000000,3573848.01401000,0
1763319600000000,0.00848000,0.00864000,0.00841000,0.00841000,59979664.00000000,1763323199999999,509820.94179000,3993,35612162.00000000,302330.36052000,0
1763323200000000,0.00842000,0.00850000,0.00839000,0.00841000,35252929.00000000,1763326799999999,297331.67497000,2034,16395224.00000000,138312.76689000,0
1763326800000000,0.00841000,0.00842000,0.00829000,0.00842000,39398768.00000000,1763330399999999,328365.32347000,2333,20931718.00000000,174630.60696000,0
1763330400000000,0.00841000,0.00864000,0.00837000,0.00857000,43422449.00000000,1763333999999999,368672.52913000,2788,21954149.00000000,186436.34875000,0
1763334000000000,0.00857000,0.00865000,0.00840000,0.00859000,64983042.00000000,1763337599999999,555351.86645000,4188,35504925.00000000,303665.60145000,0
1763337600000000,0.00859000,0.00873000,0.00846000,0.00867000,45786899.00000000,1763341199999999,394459.97259000,3889,22358578.00000000,192675.53173000,0
1763341200000000,0.00866000,0.00869000,0.00859000,0.00862000,31143435.00000000,1763344799999999,269076.69056000,2213,15786424.00000000,136402.46485000,0
1763344800000000,0.00862000,0.00870000,0.00859000,0.00868000,42105884.00000000,1763348399999999,364528.03319000,2040,27135139.00000000,234990.72921000,0
1763348400000000,0.00869000,0.00878000,0.00869000,0.00873000,19501594.00000000,1763351999999999,170302.76871000,1284,8471489.00000000,73973.60146000,0
1763352000000000,0.00873000,0.00878000,0.00869000,0.00871000,12237849.00000000,1763355599999999,106815.06995000,992,5232145.00000000,45693.52571000,0
1763355600000000,0.00872000,0.00876000,0.00867000,0.00874000,15188769.00000000,1763359199999999,132433.37056000,1058,7720340.00000000,67341.76937000,0
1763359200000000,0.00874000,0.00881000,0.00871000,0.00880000,12844633.00000000,1763362799999999,112485.52680000,885,6242104.00000000,54678.91470000,0
1763362800000000,0.00880000,0.00884000,0.00877000,0.00879000,20354168.00000000,1763366399999999,179188.16733000,1176,10584921.00000000,93202.81284000,0
1763366400000000,0.00880000,0.00881000,0.00876000,0.00878000,13107795.00000000,1763369999999999,115142.22252000,844,5258874.00000000,46202.28753000,0
1763370000000000,0.00877000,0.00885000,0.00875000,0.00883000,13442184.00000000,1763373599999999,118388.82786000,996,5068877.00000000,44669.49329000,0
1763373600000000,0.00882000,0.00890000,0.00881000,0.00884000,23581344.00000000,1763377199999999,208823.05566000,1161,12090926.00000000,107015.21769000,0
1763377200000000,0.00885000,0.00893000,0.00884000,0.00890000,15610386.00000000,1763380799999999,138705.53517000,1103,6802374.00000000,60472.52658000,0
1763380800000000,0.00891000,0.00891000,0.00887000,0.00888000,21833358.00000000,1763384399999999,194043.49697000,1691,14139257.00000000,125683.80109000,0
1763384400000000,0.00888000,0.00889000,0.00857000,0.00867000,80218988.00000000,1763387999999999,701811.13434000,5045,38218461.00000000,333883.69442000,0
1763388000000000,0.00867000,0.00902000,0.00862000,0.00883000,137507839.00000000,1763391599999999,1218451.72308000,11376,75505914.00000000,669145.53953000,0
1763391600000000,0.00884000,0.00890000,0.00863000,0.00866000,83225064.00000000,1763395199999999,729561.26438000,8852,40014149.00000000,350663.64408000,0
1763395200000000,0.00866000,0.00883000,0.00853000,0.00880000,54594782.00000000,1763398799999999,471864.75348000,4764,30481612.00000000,263516.44824000,0
1763398800000000,0.00880000,0.00882000,0.00853000,0.00857000,32042828.00000000,1763402399999999,277317.85136000,2185,14664116.00000000,127535.13296000,0
1763402400000000,0.00857000,0.00864000,0.00843000,0.00850000,41985808.00000000,1763405999999999,358057.96877000,3935,21942288.00000000,187284.62005000,0
1763406000000000,0.00849000,0.00853000,0.00834000,0.00842000,41405308.00000000,1763409599999999,349193.58151000,3596,20466262.00000000,172636.96383000,0
1763409600000000,0.00841000,0.00845000,0.00827000,0.00838000,38161398.00000000,1763413199999999,319147.44893000,3227,18457577.00000000,154503.67379000,0
1763413200000000,0.00838000,0.00844000,0.00827000,0.00835000,33454684.00000000,1763416799999999,279329.13251000,2990,18992298.00000000,158577.35390000,0
1763416800000000,0.00835000,0.00848000,0.00832000,0.00843000,23861456.00000000,1763420399999999,200789.96261000,1710,13521368.00000000,113834.30596000,0
1763420400000000,0.00843000,0.00845000,0.00837000,0.00845000,24185364.00000000,1763423999999999,203493.83251000,1421,11635476.00000000,97966.53672000,0
1763424000000000,0.00846000,0.00851000,0.00827000,0.00848000,37525641.00000000,1763427599999999,316326.77343000,3080,21636453.00000000,182583.66296000,0
1763427600000000,0.00847000,0.00856000,0.00846000,0.00854000,20510877.00000000,1763431199999999,174507.47823000,1778,13280907.00000000,112985.40929000,0
1763431200000000,0.00854000,0.00869000,0.00846000,0.00852000,43937469.00000000,1763434799999999,376567.94240000,2861,15391337.00000000,132105.42828000,0
1763434800000000,0.00852000,0.00867000,0.00841000,0.00862000,66159850.00000000,1763438399999999,565237.91639000,3070,34244382.00000000,292825.53261000,0
1763438400000000,0.00862000,0.00868000,0.00848000,0.00866000,30922681.00000000,1763441999999999,264968.15020000,2320,13722461.00000000,117705.90352000,0
1763442000000000,0.00866000,0.00876000,0.00860000,0.00866000,19120964.00000000,1763445599999999,165982.29262000,1521,11164846.00000000,96956.99977000,0
1763445600000000,0.00866000,0.00869000,0.00853000,0.00853000,19699728.00000000,1763449199999999,170027.07548000,1681,8235372.00000000,71179.68408000,0
1763449200000000,0.00853000,0.00863000,0.00850000,0.00858000,23225263.00000000,1763452799999999,199110.79697000,1832,9332958.00000000,80000.95070000,0
1763452800000000,0.00858000,0.00869000,0.00856000,0.00864000,30700043.00000000,1763456399999999,264678.67382000,1851,17099918.00000000,147396.31590000,0
1763456400000000,0.00864000,0.00866000,0.00858000,0.00864000,14602419.00000000,1763459999999999,125922.75204000,1013,9266254.00000000,79920.57835000,0
1763460000000000,0.00864000,0.00868000,0.00861000,0.00865000,19026039.00000000,1763463599999999,164454.33192000,1149,8721349.00000000,75392.96695000,0
1763463600000000,0.00865000,0.00865000,0.00856000,0.00859000,18153936.00000000,1763467199999999,156269.16131000,1239,9757692.00000000,83999.56316000,0
1763467200000000,0.00859000,0.00866000,0.00853000,0.00864000,18947622.00000000,1763470799999999,162786.12322000,1341,10790029.00000000,92693.78478000,0
1763470800000000,0.00863000,0.00863000,0.00855000,0.00860000,21618723.00000000,1763474399999999,185850.35691000,1524,13283851.00000000,114254.76423000,0
1763474400000000,0.00860000,0.00874000,0.00858000,0.00858000,30029158.00000000,1763477999999999,260099.56391000,3010,15849578.00000000,137408.02385000,0
1763478000000000,0.00858000,0.00881000,0.00853000,0.00875000,43926804.00000000,1763481599999999,382758.01923000,3306,22321848.00000000,194805.92685000,0
1763481600000000,0.00875000,0.00891000,0.00873000,0.00886000,29702672.00000000,1763485199999999,262638.81943000,2347,16059169.00000000,141907.98201000,0
1763485200000000,0.00885000,0.00887000,0.00874000,0.00877000,31174741.00000000,1763488799999999,273851.90380000,2381,10475789.00000000,92079.62406000,0
1763488800000000,0.00877000,0.00885000,0.00876000,0.00881000,17064821.00000000,1763492399999999,150319.95484000,1110,8147867.00000000,71811.20314000,0
1763492400000000,0.00881000,0.00886000,0.00879000,0.00881000,7988923.00000000,1763495999999999,70458.40710000,745,3201836.00000000,28254.31661000,0
1763496000000000,0.00881000,0.00883000,0.00875000,0.00877000,13502013.00000000,1763499599999999,118584.97120000,678,9030528.00000000,79294.08729000,0
1763499600000000,0.00876000,0.00878000,0.00863000,0.00864000,10877280.00000000,1763503199999999,94886.64200000,836,2867917.00000000,25006.24881000,0
1763503200000000,0.00864000,0.00879000,0.00863000,0.00875000,13811577.00000000,1763506799999999,120497.41542000,734,9368381.00000000,81697.68806000,0
1763506800000000,0.00876000,0.00876000,0.00867000,0.00869000,8830102.00000000,1763510399999999,76817.16066000,440,1727844.00000000,15026.30036000,0
1763510400000000,0.00869000,0.00869000,0.00856000,0.00864000,18144953.00000000,1763513999999999,156205.97696000,1585,9208602.00000000,79241.77925000,0
1763514000000000,0.00864000,0.00870000,0.00859000,0.00864000,17125891.00000000,1763517599999999,148136.16375000,1528,9327102.00000000,80731.02806000,0
1763517600000000,0.00865000,0.00871000,0.00863000,0.00865000,7867702.00000000,1763521199999999,68201.20436000,808,5832362.00000000,50572.14171000,0
1763521200000000,0.00865000,0.00867000,0.00853000,0.00855000,10244357.00000000,1763524799999999,87912.58488000,933,5240657.00000000,44948.64472000,0
1763524800000000,0.00855000,0.00855000,0.00849000,0.00849000,17213350.00000000,1763528399999999,146532.68852000,1243,6212956.00000000,52906.01459000,0
1763528400000000,0.00849000,0.00850000,0.00829000,0.00834000,33583680.00000000,1763531999999999,281011.72578000,2147,16532325.00000000,138454.60545000,0
1763532000000000,0.00835000,0.00846000,0.00832000,0.00845000,22384738.00000000,1763535599999999,187712.17621000,1749,10882354.00000000,91298.29240000,0
1763535600000000,0.00844000,0.00854000,0.00843000,0.00852000,17415738.00000000,1763539199999999,147845.06980000,1154,11445002.00000000,97150.29462000,0
1763539200000000,0.00851000,0.00856000,0.00847000,0.00848000,38389080.00000000,1763542799999999,326416.74860000,1641,15124401.00000000,128696.11644000,0
1763542800000000,0.00849000,0.00849000,0.00842000,0.00848000,19055360.00000000,1763546399999999,161053.55385000,1321,10490513.00000000,88688.13564000,0
1763546400000000,0.00848000,0.00853000,0.00845000,0.00846000,11435886.00000000,1763549999999999,97128.28115000,968,6268862.00000000,53263.35684000,0
1763550000000000,0.00846000,0.00846000,0.00841000,0.00842000,14240326.00000000,1763553599999999,120127.03738000,764,7889591.00000000,66550.99737000,0
1763553600000000,0.00842000,0.00848000,0.00841000,0.00848000,15911613.00000000,1763557199999999,134404.04669000,1089,9215013.00000000,77855.91563000,0
1763557200000000,0.00847000,0.00849000,0.00838000,0.00838000,14151440.00000000,1763560799999999,119397.79107000,1206,6528906.00000000,55147.62421000,0
1763560800000000,0.00839000,0.00844000,0.00828000,0.00842000,51207577.00000000,1763564399999999,429280.57214000,3117,28242478.00000000,236929.72047000,0
1763564400000000,0.00842000,0.00855000,0.00820000,0.00821000,74603543.00000000,1763567999999999,622842.41328000,4504,36352756.00000000,303920.77572000,0
1763568000000000,0.00821000,0.00830000,0.00811000,0.00814000,64359123.00000000,1763571599999999,526692.25086000,4342,33833486.00000000,276913.24124000,0
1763571600000000,0.00815000,0.00820000,0.00803000,0.00818000,46453011.00000000,1763575199999999,377546.99383000,3926,24811959.00000000,201778.26205000,0
1763575200000000,0.00817000,0.00820000,0.00799000,0.00806000,50987279.00000000,1763578799999999,410748.42795000,3815,20652258.00000000,166584.81016000,0
1763578800000000,0.00806000,0.00808000,0.00798000,0.00805000,24448705.00000000,1763582399999999,196206.67563000,2340,12031126.00000000,96588.78638000,0
1763582400000000,0.00805000,0.00821000,0.00803000,0.00819000,40065263.00000000,1763585999999999,325758.91028000,2139,19208667.00000000,156280.52002000,0
1763586000000000,0.00819000,0.00838000,0.00817000,0.00834000,52995530.00000000,1763589599999999,438349.92928000,3351,31973773.00000000,264210.92518000,0
1763589600000000,0.00835000,0.00835000,0.00825000,0.00831000,21367533.00000000,1763593199999999,177204.65604000,1154,10704558.00000000,88805.67427000,0
1763593200000000,0.00831000,0.00840000,0.00830000,0.00835000,38057399.00000000,1763596799999999,318233.76201000,1309,18054227.00000000,150873.21186000,0
1763596800000000,0.00835000,0.00839000,0.00831000,0.00834000,12990890.00000000,1763600399999999,108561.99475000,797,6330047.00000000,52917.97710000,0
1763600400000000,0.00834000,0.00842000,0.00834000,0.00840000,19456014.00000000,1763603999999999,163190.40463000,1040,12233985.00000000,102625.49028000,0
1763604000000000,0.00841000,0.00847000,0.00840000,0.00844000,32020929.00000000,1763607599999999,270012.31529000,1476,18022888.00000000,152019.62471000,0
1763607600000000,0.00845000,0.00845000,0.00839000,0.00840000,28165765.00000000,1763611199999999,236998.31823000,910,11890887.00000000,100028.22191000,0
1763611200000000,0.00841000,0.00847000,0.00836000,0.00847000,21736812.00000000,1763614799999999,182729.64531000,1034,13455431.00000000,113212.17504000,0
1763614800000000,0.00847000,0.00848000,0.00841000,0.00844000,26883420.00000000,1763618399999999,227138.28162000,948,10588678.00000000,89454.36879000,0
1763618400000000,0.00844000,0.00847000,0.00839000,0.00843000,24324016.00000000,1763621999999999,205298.91830000,952,12198579.00000000,102982.06884000,0
1763622000000000,0.00844000,0.00851000,0.00842000,0.00850000,22826541.00000000,1763625599999999,193432.53575000,1046,14002989.00000000,118669.85308000,0
1763625600000000,0.00850000,0.00853000,0.00847000,0.00851000,26650767.00000000,1763629199999999,226721.85033000,901,13751991.00000000,117042.53583000,0
1763629200000000,0.00851000,0.00854000,0.00846000,0.00849000,30162992.00000000,1763632799999999,256304.11952000,1197,18567583.00000000,157762.30540000,0
1763632800000000,0.00850000,0.00850000,0.00841000,0.00847000,12909988.00000000,1763636399999999,109240.03409000,820,3460070.00000000,29275.42826000,0
1763636400000000,0.00847000,0.00851000,0.00842000,0.00849000,18446275.00000000,1763639999999999,156166.49707000,970,8878400.00000000,75194.80392000,0
1763640000000000,0.00849000,0.00869000,0.00848000,0.00867000,53249004.00000000,1763643599999999,457495.15403000,2311,33493057.00000000,287929.84635000,0
1763643600000000,0.00868000,0.00873000,0.00857000,0.00862000,77428743.00000000,1763647199999999,669487.74827000,4255,40034215.00000000,346270.86015000,0
1763647200000000,0.00863000,0.00874000,0.00851000,0.00868000,61908235.00000000,1763650799999999,534466.21818000,4222,31124604.00000000,269299.54198000,0
1763650800000000,0.00868000,0.00869000,0.00851000,0.00853000,40922018.00000000,1763654399999999,351764.08287000,3241,19378379.00000000,166572.11211000,0
1763654400000000,0.00852000,0.00853000,0.00811000,0.00817000,192760051.00000000,1763657999999999,1596197.54087000,12803,81655693.00000000,675405.09725000,0
1763658000000000,0.00816000,0.00821000,0.00793000,0.00800000,167737494.00000000,1763661599999999,1346091.01707000,11130,65820160.00000000,528345.72612000,0
1763661600000000,0.00799000,0.00808000,0.00792000,0.00794000,78731109.00000000,1763665199999999,629145.30451000,5242,37184388.00000000,297220.97499000,0
1763665200000000,0.00794000,0.00810000,0.00784000,0.00809000,59501266.00000000,1763668799999999,474154.08522000,4308,33197724.00000000,264821.50108000,0
1763668800000000,0.00808000,0.00809000,0.00797000,0.00801000,42115424.00000000,1763672399999999,337977.62577000,2789,15540565.00000000,124683.02344000,0
1763672400000000,0.00801000,0.00820000,0.00800000,0.00813000,27114890.00000000,1763675999999999,220246.09988000,2333,13313780.00000000,108209.73259000,0
1763676000000000,0.00814000,0.00831000,0.00814000,0.00824000,35451229.00000000,1763679599999999,292577.65883000,2020,15239159.00000000,125699.59470000,0
1763679600000000,0.00824000,0.00824000,0.00799000,0.00803000,68602986.00000000,1763683199999999,554359.09790000,2123,24933876.00000000,201680.02084000,0
1763683200000000,0.00804000,0.00817000,0.00802000,0.00815000,47432602.00000000,1763686799999999,384034.52054000,3118,24160160.00000000,195637.40050000,0
1763686800000000,0.00816000,0.00827000,0.00814000,0.00823000,36947068.00000000,1763690399999999,303257.38827000,2372,22141759.00000000,181819.45680000,0
1763690400000000,0.00822000,0.00824000,0.00795000,0.00798000,78180736.00000000,1763693999999999,634539.44087000,4062,26047770.00000000,211674.68820000,0
1763694000000000,0.00798000,0.00815000,0.00798000,0.00807000,59320566.00000000,1763697599999999,478283.92109000,3538,31457906.00000000,253655.54792000,0
1763697600000000,0.00807000,0.00808000,0.00791000,0.00805000,58006344.00000000,1763701199999999,463572.94106000,3326,26298332.00000000,210441.99273000,0
1763701200000000,0.00805000,0.00810000,0.00793000,0.00794000,34183221.00000000,1763704799999999,273992.29945000,2594,16418162.00000000,131760.86064000,0
1763704800000000,0.00795000,0.00801000,0.00792000,0.00795000,31574004.00000000,1763708399999999,251361.17256000,2646,15802541.00000000,125848.70725000,0
1763708400000000,0.00795000,0.00798000,0.00700000,0.00752000,452719017.00000000,1763711999999999,3384632.05575000,15945,221672224.00000000,1651189.30164000,0
1763712000000000,0.00752000,0.00769000,0.00748000,0.00758000,118887715.00000000,1763715599999999,903003.12813000,6246,55982711.00000000,425029.21267000,0
1763715600000000,0.00759000,0.00765000,0.00741000,0.00743000,63198638.00000000,1763719199999999,474657.30905000,4216,24812703.00000000,186541.30933000,0
1763719200000000,0.00743000,0.00754000,0.00739000,0.00742000,83349932.00000000,1763722799999999,621759.98325000,4549,37720289.00000000,281419.42411000,0
1763722800000000,0.00741000,0.00749000,0.00731000,0.00734000,55890086.00000000,1763726399999999,413943.17605000,3122,25461671.00000000,188727.74437000,0
1763726400000000,0.00735000,0.00757000,0.00720000,0.00749000,180524040.00000000,1763729999999999,1330680.02153000,10338,79476896.00000000,586861.37728000,0
1763730000000000,0.00749000,0.00757000,0.00743000,0.00751000,56605507.00000000,1763733599999999,424846.49657000,4018,26486973.00000000,198809.96818000,0
1763733600000000,0.00751000,0.00767000,0.00745000,0.00763000,131976222.00000000,1763737199999999,999824.72200000,4627,47229740.00000000,357817.73648000,0
1763737200000000,0.00763000,0.00764000,0.00740000,0.00746000,47554323.00000000,1763740799999999,357134.85538000,1945,20354622.00000000,152863.65263000,0
1763740800000000,0.00745000,0.00768000,0.00735000,0.00766000,107087512.00000000,1763744399999999,800724.21722000,3815,45707830.00000000,341268.65458000,0
1763744400000000,0.00767000,0.00777000,0.00765000,0.00768000,43512240.00000000,1763747999999999,335748.85737000,3019,22540958.00000000,174104.80807000,0
1763748000000000,0.00769000,0.00779000,0.00752000,0.00774000,68220221.00000000,1763751599999999,521740.92712000,3944,35743876.00000000,273186.97856000,0
1763751600000000,0.00774000,0.00778000,0.00762000,0.00766000,28615337.00000000,1763755199999999,220651.10223000,2042,10932770.00000000,84258.54846000,0
1763755200000000,0.00765000,0.00766000,0.00749000,0.00754000,50636254.00000000,1763758799999999,382945.63840000,3691,24478602.00000000,185131.07814000,0
1763758800000000,0.00754000,0.00769000,0.00747000,0.00763000,36831500.00000000,1763762399999999,279365.35063000,2845,15972338.00000000,121303.09826000,0
1763762400000000,0.00764000,0.00765000,0.00738000,0.00739000,36629196.00000000,1763765999999999,274837.58655000,1958,14889810.00000000,111782.29362000,0
1763766000000000,0.00738000,0.00760000,0.00729000,0.00758000,46024294.00000000,1763769599999999,343913.56600000,2491,26737819.00000000,200243.63307000,0
1763769600000000,0.00758000,0.00761000,0.00752000,0.00757000,29816782.00000000,1763773199999999,225300.93303000,2228,17486625.00000000,132136.96968000,0
1763773200000000,0.00757000,0.00761000,0.00755000,0.00758000,14981835.00000000,1763776799999999,113592.74856000,1511,6784590.00000000,51475.97291000,0
1763776800000000,0.00758000,0.00759000,0.00748000,0.00754000,10191292.00000000,1763780399999999,76803.22618000,1124,4066433.00000000,30660.66826000,0
1763780400000000,0.00753000,0.00759000,0.00748000,0.00749000,13304898.00000000,1763783999999999,100283.87837000,1306,6101554.00000000,46029.60370000,0
1763784000000000,0.00749000,0.00749000,0.00733000,0.00745000,36297995.00000000,1763787599999999,268839.05016000,2828,15583724.00000000,115386.50425000,0
1763787600000000,0.00744000,0.00746000,0.00730000,0.00737000,30897724.00000000,1763791199999999,227637.66352000,2254,12988127.00000000,95778.71993000,0
1763791200000000,0.00737000,0.00750000,0.00731000,0.00746000,26688867.00000000,1763794799999999,197895.29221000,2318,13328084.00000000,98756.78596000,0
1763794800000000,0.00746000,0.00750000,0.00742000,0.00748000,14794894.00000000,1763798399999999,110410.56684000,1312,6771369.00000000,50546.87903000,0
1763798400000000,0.00748000,0.00749000,0.00729000,0.00735000,42759684.00000000,1763801999999999,315230.50750000,2189,18903821.00000000,139268.07167000,0
1763802000000000,0.00735000,0.00747000,0.00732000,0.00742000,42112743.00000000,1763805599999999,311770.70254000,2190,24608931.00000000,182150.73961000,0
1763805600000000,0.00743000,0.00746000,0.00733000,0.00737000,29854535.00000000,1763809199999999,220639.69023000,1522,13932866.00000000,102940.51561000,0
1763809200000000,0.00737000,0.00749000,0.00736000,0.00744000,34799668.00000000,1763812799999999,258509.04179000,1641,16527733.00000000,122735.93240000,0
1763812800000000,0.00744000,0.00744000,0.00732000,0.00735000,30582308.00000000,1763816399999999,225115.58960000,1628,12936644.00000000,95227.32115000,0
1763816400000000,0.00735000,0.00738000,0.00728000,0.00734000,38535949.00000000,1763819999999999,282351.71074000,2107,15704127.00000000,115164.67435000,0
1763820000000000,0.00735000,0.00749000,0.00735000,0.00746000,60134885.00000000,1763823599999999,446825.06438000,3021,27900605.00000000,207277.41811000,0
1763823600000000,0.00746000,0.00747000,0.00734000,0.00740000,27376096.00000000,1763827199999999,202847.67366000,1707,11314036.00000000,83851.25074000,0
1763827200000000,0.00739000,0.00751000,0.00738000,0.00748000,37628129.00000000,1763830799999999,280592.27828000,1723,18567808.00000000,138523.27364000,0
1763830800000000,0.00747000,0.00748000,0.00741000,0.00743000,26691769.00000000,1763834399999999,198595.24033000,1321,12178896.00000000,90637.25708000,0
1763834400000000,0.00743000,0.00744000,0.00737000,0.00742000,23462486.00000000,1763837999999999,173921.35513000,1136,11382486.00000000,84402.52975000,0
1763838000000000,0.00742000,0.00747000,0.00739000,0.00741000,20529516.00000000,1763841599999999,152369.73460000,1005,12767239.00000000,94734.05568000,0
1763841600000000,0.00741000,0.00745000,0.00734000,0.00738000,23582593.00000000,1763845199999999,174591.90015000,1277,12201880.00000000,90334.77784000,0
1763845200000000,0.00737000,0.00742000,0.00736000,0.00741000,17642122.00000000,1763848799999999,130430.75520000,1015,8291476.00000000,61331.68117000,0
1763848800000000,0.00741000,0.00757000,0.00738000,0.00752000,40841224.00000000,1763852399999999,304229.84783000,1370,22277833.00000000,165903.64521000,0
1763852400000000,0.00751000,0.00752000,0.00741000,0.00741000,20434771.00000000,1763855999999999,152205.99913000,737,6971859.00000000,51987.78101000,0
1763856000000000,0.00742000,0.00745000,0.00736000,0.00740000,23872985.00000000,1763859599999999,176754.75910000,1272,11855685.00000000,87805.00021000,0
1763859600000000,0.00740000,0.00753000,0.00739000,0.00749000,15768021.00000000,1763863199999999,117754.14783000,1250,7802576.00000000,58265.22343000,0
1763863200000000,0.00749000,0.00756000,0.00747000,0.00753000,16615783.00000000,1763866799999999,124862.72070000,1293,8880029.00000000,66756.26100000,0
1763866800000000,0.00753000,0.00754000,0.00746000,0.00752000,12461399.00000000,1763870399999999,93550.55189000,840,4671536.00000000,35041.24856000,0
1763870400000000,0.00752000,0.00761000,0.00751000,0.00759000,29867086.00000000,1763873999999999,226134.38167000,1380,17649188.00000000,133672.22728000,0
1763874000000000,0.00758000,0.00759000,0.00754000,0.00757000,20277891.00000000,1763877599999999,153471.21912000,946,8134594.00000000,61584.60709000,0
1763877600000000,0.00757000,0.00760000,0.00750000,0.00752000,16570131.00000000,1763881199999999,124906.90444000,882,7089755.00000000,53442.18676000,0
1763881200000000,0.00752000,0.00752000,0.00743000,0.00751000,15349664.00000000,1763884799999999,114844.08817000,974,6085011.00000000,45547.98099000,0
1763884800000000,0.00751000,0.00753000,0.00749000,0.00753000,23734895.00000000,1763888399999999,178443.18310000,772,13293419.00000000,99942.77227000,0
1763888400000000,0.00753000,0.00758000,0.00751000,0.00753000,17312979.00000000,1763891999999999,130589.15777000,952,8581725.00000000,64734.43171000,0
1763892000000000,0.00753000,0.00756000,0.00751000,0.00752000,18912206.00000000,1763895599999999,142365.09976000,824,9551931.00000000,71916.86157000,0
1763895600000000,0.00752000,0.00754000,0.00745000,0.00753000,28090849.00000000,1763899199999999,210454.53638000,1242,11288825.00000000,84592.74058000,0
1763899200000000,0.00753000,0.00760000,0.00753000,0.00754000,26672944.00000000,1763902799999999,201622.03440000,1239,10913626.00000000,82523.80619000,0
1763902800000000,0.00754000,0.00757000,0.00750000,0.00755000,14105799.00000000,1763906399999999,106269.18379000,916,6434742.00000000,48482.66544000,0
1763906400000000,0.00756000,0.00759000,0.00746000,0.00747000,32299847.00000000,1763909999999999,242929.11234000,1422,10811153.00000000,81274.11725000,0
1763910000000000,0.00747000,0.00756000,0.00744000,0.00754000,18266988.00000000,1763913599999999,137179.13886000,1127,10816923.00000000,81293.87211000,0
1763913600000000,0.00754000,0.00757000,0.00747000,0.00747000,29302068.00000000,1763917199999999,220757.97044000,1250,13151227.00000000,99248.43149000,0
1763917200000000,0.00748000,0.00750000,0.00744000,0.00747000,37660198.00000000,1763920799999999,281290.93425000,1522,16534983.00000000,123530.10634000,0
1763920800000000,0.00747000,0.00755000,0.00747000,0.00750000,30762800.00000000,1763924399999999,231001.96910000,1276,16391353.00000000,123147.32845000,0
1763924400000000,0.00751000,0.00759000,0.00749000,0.00754000,39354837.00000000,1763927999999999,297111.80761000,1126,14474173.00000000,109285.24425000,0
1763928000000000,0.00754000,0.00755000,0.00750000,0.00752000,29196431.00000000,1763931599999999,219803.17074000,1091,15086632.00000000,113608.35942000,0
1763931600000000,0.00751000,0.00758000,0.00749000,0.00757000,34659542.00000000,1763935199999999,260910.64278000,1074,22262686.00000000,167643.21940000,0
1763935200000000,0.00757000,0.00757000,0.00750000,0.00752000,31848218.00000000,1763938799999999,239762.42058000,820,13116960.00000000,98749.40317000,0
1763938800000000,0.00753000,0.00753000,0.00740000,0.00742000,32776661.00000000,1763942399999999,243938.11228000,1404,14272793.00000000,106288.01266000,0
1763942400000000,0.00741000,0.00746000,0.00734000,0.00741000,37907563.00000000,1763945999999999,280193.75035000,1964,17466418.00000000,129106.19031000,0
1763946000000000,0.00740000,0.00747000,0.00737000,0.00746000,29838166.00000000,1763949599999999,220911.45445000,1695,15792375.00000000,116921.41372000,0
1763949600000000,0.00745000,0.00765000,0.00744000,0.00757000,57082673.00000000,1763953199999999,431063.42703000,2619,29875889.00000000,225376.65547000,0
1763953200000000,0.00757000,0.00765000,0.00754000,0.00757000,28284223.00000000,1763956799999999,214360.50620000,1329,10299403.00000000,78115.36950000,0
1763956800000000,0.00757000,0.00760000,0.00745000,0.00749000,21977918.00000000,1763960399999999,165254.22743000,1333,10111494.00000000,76025.12059000,0
1763960400000000,0.00749000,0.00766000,0.00748000,0.00759000,26842268.00000000,1763963999999999,203576.31479000,1908,15230172.00000000,115457.44815000,0
1763964000000000,0.00759000,0.00760000,0.00748000,0.00753000,114920157.00000000,1763967599999999,868271.18944000,3659,70315342.00000000,531675.16939000,0
1763967600000000,0.00753000,0.00753000,0.00745000,0.00746000,71734814.00000000,1763971199999999,537576.19723000,2189,39612134.00000000,296831.18462000,0
1763971200000000,0.00746000,0.00749000,0.00744000,0.00748000,26682404.00000000,1763974799999999,198940.50525000,1946,14189576.00000000,105820.21411000,0
1763974800000000,0.00748000,0.00748000,0.00732000,0.00733000,37031123.00000000,1763978399999999,272567.24968000,1864,16361706.00000000,120405.08908000,0
1763978400000000,0.00734000,0.00737000,0.00732000,0.00733000,27728072.00000000,1763981999999999,203621.95071000,1359,11457986.00000000,84141.81130000,0
1763982000000000,0.00733000,0.00739000,0.00730000,0.00738000,24017133.00000000,1763985599999999,176414.05759000,1326,11760922.00000000,86397.58593000,0
1763985600000000,0.00738000,0.00739000,0.00731000,0.00733000,21946869.00000000,1763989199999999,161504.06569000,1201,10517935.00000000,77415.70824000,0
1763989200000000,0.00733000,0.00742000,0.00733000,0.00735000,37902983.00000000,1763992799999999,280409.56903000,1753,14360523.00000000,106225.25572000,0
1763992800000000,0.00735000,0.00747000,0.00728000,0.00743000,87284855.00000000,1763996399999999,643075.66396000,4297,43001311.00000000,317132.94700000,0
1763996400000000,0.00743000,0.00753000,0.00739000,0.00750000,54554835.00000000,1763999999999999,406499.53291000,3440,26478908.00000000,197301.88837000,0
1764000000000000,0.00750000,0.00760000,0.00750000,0.00757000,39394209.00000000,1764003599999999,297886.45667000,2177,22351265.00000000,169092.86928000,0
1764003600000000,0.00757000,0.00780000,0.00757000,0.00779000,59222579.00000000,1764007199999999,453306.25259000,3454,35114747.00000000,268560.49154000,0
1764007200000000,0.00779000,0.00787000,0.00776000,0.00777000,43280468.00000000,1764010799999999,337997.86655000,3076,17659619.00000000,137996.17772000,0
1764010800000000,0.00777000,0.00780000,0.00773000,0.00774000,27745554.00000000,1764014399999999,215454.52654000,1390,16826091.00000000,130664.63918000,0
1764014400000000,0.00774000,0.00786000,0.00774000,0.00782000,29353727.00000000,1764017999999999,229215.22116000,1866,13341837.00000000,104155.13854000,0
1764018000000000,0.00783000,0.00785000,0.00775000,0.00778000,17838874.00000000,1764021599999999,139127.72995000,1441,7710348.00000000,60106.24065000,0
1764021600000000,0.00777000,0.00783000,0.00770000,0.00775000,12142425.00000000,1764025199999999,94177.70889000,894,5247321.00000000,40769.06474000,0
1764025200000000,0.00776000,0.00776000,0.00770000,0.00772000,8461054.00000000,1764028799999999,65464.36254000,459,2820473.00000000,21824.52493000,0
1764028800000000,0.00771000,0.00774000,0.00767000,0.00772000,14566892.00000000,1764032399999999,112311.15654000,849,7788704.00000000,60073.91481000,0
1764032400000000,0.00773000,0.00776000,0.00768000,0.00768000,10357054.00000000,1764035999999999,80044.95933000,856,6628755.00000000,51246.51205000,0
1764036000000000,0.00768000,0.00771000,0.00763000,0.00771000,13826103.00000000,1764039599999999,106084.24332000,876,8961251.00000000,68745.39964000,0
1764039600000000,0.00771000,0.00773000,0.00767000,0.00769000,16220618.00000000,1764043199999999,124772.06319000,572,9324502.00000000,71704.56500000,0
1764043200000000,0.00769000,0.00773000,0.00766000,0.00770000,8268056.00000000,1764046799999999,63625.25680000,566,4518012.00000000,34772.45251000,0
1764046800000000,0.00770000,0.00772000,0.00766000,0.00769000,5603744.00000000,1764050399999999,43115.35404000,408,2745826.00000000,21132.32616000,0
1764050400000000,0.00768000,0.00769000,0.00760000,0.00765000,14672982.00000000,1764053999999999,111969.53996000,532,5080413.00000000,38809.15118000,0
1764054000000000,0.00765000,0.00769000,0.00762000,0.00762000,14205535.00000000,1764057599999999,108734.04717000,683,8911378.00000000,68232.92125000,0
1764057600000000,0.00763000,0.00770000,0.00762000,0.00763000,21788979.00000000,1764061199999999,166904.42890000,779,8480727.00000000,64972.62526000,0
1764061200000000,0.00763000,0.00769000,0.00759000,0.00769000,15932117.00000000,1764064799999999,121509.83863000,683,8877687.00000000,67725.64034000,0
1764064800000000,0.00768000,0.00769000,0.00764000,0.00768000,15399503.00000000,1764068399999999,118136.55990000,523,8620202.00000000,66130.23450000,0
1764068400000000,0.00768000,0.00768000,0.00763000,0.00764000,12028866.00000000,1764071999999999,92047.88581000,537,5355380.00000000,40992.52577000,0
1764072000000000,0.00765000,0.00776000,0.00762000,0.00771000,23435020.00000000,1764075599999999,180425.78487000,1017,11436498.00000000,88069.62571000,0
1764075600000000,0.00770000,0.00775000,0.00763000,0.00765000,41254763.00000000,1764079199999999,316899.46161000,1326,16353781.00000000,125598.78992000,0
1764079200000000,0.00765000,0.00771000,0.00754000,0.00764000,83350796.00000000,1764082799999999,635274.42393000,3327,38684209.00000000,294711.16062000,0
1764082800000000,0.00764000,0.00774000,0.00756000,0.00769000,40694192.00000000,1764086399999999,310511.01358000,1787,20134879.00000000,153502.99438000,0
1764086400000000,0.00769000,0.00780000,0.00768000,0.00776000,25751284.00000000,1764089999999999,199225.51099000,1149,12823646.00000000,99281.08675000,0
1764090000000000,0.00776000,0.00786000,0.00773000,0.00781000,25217954.00000000,1764093599999999,196883.68997000,1071,12802060.00000000,100012.74965000,0
1764093600000000,0.00781000,0.00789000,0.00777000,0.00777000,26046731.00000000,1764097199999999,204051.95619000,931,10485892.00000000,82250.38016000,0
1764097200000000,0.00778000,0.00779000,0.00762000,0.00776000,15384364.00000000,1764100799999999,118656.75513000,840,5037172.00000000,38876.20823000,0
1764100800000000,0.00776000,0.00783000,0.00775000,0.00779000,11266044.00000000,1764104399999999,87762.86026000,688,4351590.00000000,33878.33773000,0
1764104400000000,0.00780000,0.00782000,0.00776000,0.00777000,8612921.00000000,1764107999999999,67052.76714000,476,2217590.00000000,17282.33592000,0
1764108000000000,0.00776000,0.00786000,0.00768000,0.00784000,15854371.00000000,1764111599999999,122982.36551000,751,6394140.00000000,49710.60120000,0
1764111600000000,0.00784000,0.00789000,0.00780000,0.00781000,15677807.00000000,1764115199999999,123043.33564000,719,6927280.00000000,54352.42540000,0
1764115200000000,0.00781000,0.00784000,0.00778000,0.00779000,9231098.00000000,1764118799999999,72136.62747000,498,4683157.00000000,36602.72572000,0
1764118800000000,0.00779000,0.00783000,0.00775000,0.00779000,9649968.00000000,1764122399999999,75092.17161000,517,5407016.00000000,42096.10288000,0
1764122400000000,0.00780000,0.00780000,0.00775000,0.00777000,4007195.00000000,1764125999999999,31164.74963000,341,2063561.00000000,16069.03516000,0
1764126000000000,0.00776000,0.00777000,0.00768000,0.00770000,6563635.00000000,1764129599999999,50678.08670000,432,2173128.00000000,16791.78803000,0
1764129600000000,0.00770000,0.00771000,0.00767000,0.00768000,5264473.00000000,1764133199999999,40500.35529000,346,3298301.00000000,25375.54710000,0
1764133200000000,0.00768000,0.00776000,0.00767000,0.00774000,7657941.00000000,1764136799999999,59096.53903000,431,4303613.00000000,33223.15637000,0
1764136800000000,0.00774000,0.00778000,0.00772000,0.00777000,8732142.00000000,1764140399999999,67704.41006000,416,3396574.00000000,26340.87223000,0
1764140400000000,0.00776000,0.00777000,0.00773000,0.00775000,7893497.00000000,1764143999999999,61174.47955000,408,3962732.00000000,30718.77946000,0
1764144000000000,0.00776000,0.00776000,0.00768000,0.00768000,9608233.00000000,1764147599999999,74264.56591000,458,4525571.00000000,34984.71132000,0
1764147600000000,0.00769000,0.00770000,0.00760000,0.00765000,24504390.00000000,1764151199999999,187271.41988000,1127,13670151.00000000,104452.95564000,0
1764151200000000,0.00765000,0.00770000,0.00762000,0.00765000,48540481.00000000,1764154799999999,371895.81795000,1161,33462091.00000000,256498.25738000,0
1764154800000000,0.00764000,0.00765000,0.00757000,0.00759000,12536238.00000000,1764158399999999,95373.69134000,531,5985478.00000000,45530.37070000,0
1764158400000000,0.00760000,0.00760000,0.00751000,0.00756000,12769959.00000000,1764161999999999,96407.29081000,744,6035905.00000000,45606.27622000,0
1764162000000000,0.00756000,0.00763000,0.00755000,0.00762000,26551093.00000000,1764165599999999,201731.86265000,939,17804914.00000000,135300.46392000,0
1764165600000000,0.00762000,0.00764000,0.00753000,0.00754000,23980430.00000000,1764169199999999,182387.47562000,1135,12126011.00000000,92281.45600000,0
1764169200000000,0.00754000,0.00760000,0.00748000,0.00752000,28851091.00000000,1764172799999999,217432.51630000,1555,13431469.00000000,101275.76340000,0
1764172800000000,0.00753000,0.00766000,0.00753000,0.00761000,15988948.00000000,1764176399999999,121406.84464000,1000,6999411.00000000,53166.65713000,0
1764176400000000,0.00761000,0.00785000,0.00761000,0.00782000,30238408.00000000,1764179999999999,234407.68787000,1517,18354734.00000000,142440.99953000,0
1764180000000000,0.00782000,0.00790000,0.00779000,0.00789000,58631982.00000000,1764183599999999,460401.79247000,2472,38296284.00000000,300745.44064000,0
1764183600000000,0.00789000,0.00789000,0.00781000,0.00784000,22573690.00000000,1764187199999999,176823.90859000,1042,6185349.00000000,48491.49519000,0
1764187200000000,0.00784000,0.00784000,0.00777000,0.00781000,12966558.00000000,1764190799999999,101217.71602000,566,5618113.00000000,43879.21019000,0
1764190800000000,0.00781000,0.00791000,0.00778000,0.00788000,12145668.00000000,1764194399999999,95225.48386000,768,8433406.00000000,66107.64822000,0
1764194400000000,0.00787000,0.00789000,0.00784000,0.00787000,14779777.00000000,1764197999999999,116185.20385000,496,8331390.00000000,65504.37664000,0
1764198000000000,0.00786000,0.00788000,0.00782000,0.00784000,6705158.00000000,1764201599999999,52613.69883000,381,2904270.00000000,22788.12452000,0
1764201600000000,0.00784000,0.00788000,0.00781000,0.00785000,12255965.00000000,1764205199999999,96155.74981000,672,6808288.00000000,53413.26152000,0
1764205200000000,0.00784000,0.00790000,0.00782000,0.00786000,6854435.00000000,1764208799999999,53853.46200000,543,3451400.00000000,27139.07587000,0
1764208800000000,0.00787000,0.00791000,0.00782000,0.00782000,11200331.00000000,1764212399999999,88136.67107000,777,4732348.00000000,37270.85608000,0
1764212400000000,0.00783000,0.00787000,0.00777000,0.00779000,18540965.00000000,1764215999999999,144989.41561000,683,5974476.00000000,46744.73011000,0
1764216000000000,0.00780000,0.00785000,0.00779000,0.00783000,6840047.00000000,1764219599999999,53518.33847000,374,3677556.00000000,28783.47189000,0
1764219600000000,0.00783000,0.00784000,0.00776000,0.00777000,5552962.00000000,1764223199999999,43248.92860000,443,2252971.00000000,17531.37372000,0
1764223200000000,0.00777000,0.00785000,0.00776000,0.00783000,11804642.00000000,1764226799999999,92208.90130000,656,8726285.00000000,68166.87412000,0
1764226800000000,0.00783000,0.00784000,0.00780000,0.00782000,30717032.00000000,1764230399999999,240325.51506000,1013,9730305.00000000,76182.91396000,0
1764230400000000,0.00782000,0.00782000,0.00778000,0.00781000,8375699.00000000,1764233999999999,65278.88824000,370,3030657.00000000,23634.22750000,0
1764234000000000,0.00781000,0.00788000,0.00778000,0.00785000,17279064.00000000,1764237599999999,135663.12232000,692,13505824.00000000,106075.68488000,0
1764237600000000,0.00784000,0.00786000,0.00780000,0.00782000,8808181.00000000,1764241199999999,68993.97220000,718,3653244.00000000,28635.72179000,0
1764241200000000,0.00783000,0.00784000,0.00780000,0.00782000,6843363.00000000,1764244799999999,53511.01921000,415,3053449.00000000,23871.62828000,0
1764244800000000,0.00781000,0.00782000,0.00775000,0.00776000,6374121.00000000,1764248399999999,49660.96447000,350,1619454.00000000,12629.86775000,0
1764248400000000,0.00777000,0.00784000,0.00777000,0.00781000,10515249.00000000,1764251999999999,82115.28075000,608,4591306.00000000,35887.41881000,0
1764252000000000,0.00781000,0.00786000,0.00780000,0.00785000,10006171.00000000,1764255599999999,78388.56993000,568,6763309.00000000,52999.87166000,0
1764255600000000,0.00785000,0.00795000,0.00783000,0.00793000,9625455.00000000,1764259199999999,75969.49385000,555,6316480.00000000,49880.15192000,0
1764259200000000,0.00794000,0.00800000,0.00792000,0.00799000,27297602.00000000,1764262799999999,217562.11755000,1266,15125254.00000000,120636.79789000,0
1764262800000000,0.00799000,0.00804000,0.00796000,0.00803000,15199306.00000000,1764266399999999,121674.00765000,892,9744970.00000000,78073.51056000,0
1764266400000000,0.00804000,0.00810000,0.00801000,0.00809000,27096072.00000000,1764269999999999,218201.30903000,1048,14856288.00000000,119673.30195000,0
1764270000000000,0.00809000,0.00814000,0.00807000,0.00810000,32184669.00000000,1764273599999999,261132.63948000,1144,13768174.00000000,111739.27848000,0
1764273600000000,0.00811000,0.00814000,0.00808000,0.00813000,17118928.00000000,1764277199999999,138704.97341000,765,8507855.00000000,68958.99016000,0
1764277200000000,0.00813000,0.00815000,0.00807000,0.00808000,12976546.00000000,1764280799999999,105235.37858000,654,6284377.00000000,50978.05042000,0
1764280800000000,0.00807000,0.00808000,0.00792000,0.00796000,23733242.00000000,1764284399999999,189707.57536000,1106,9409869.00000000,75129.83841000,0
1764284400000000,0.00795000,0.00798000,0.00791000,0.00794000,11465520.00000000,1764287999999999,91005.81565000,837,6781586.00000000,53818.18012000,0
1764288000000000,0.00794000,0.00802000,0.00794000,0.00799000,12499202.00000000,1764291599999999,99828.38656000,732,4731522.00000000,37780.79394000,0
1764291600000000,0.00800000,0.00803000,0.00786000,0.00787000,33196611.00000000,1764295199999999,263793.85401000,1875,19501371.00000000,154887.57385000,0
1764295200000000,0.00787000,0.00791000,0.00780000,0.00788000,25188103.00000000,1764298799999999,197733.38774000,1354,12922505.00000000,101427.48190000,0
1764298800000000,0.00788000,0.00788000,0.00784000,0.00785000,13146817.00000000,1764302399999999,103335.26293000,532,4843180.00000000,38076.81736000,0
1764302400000000,0.00785000,0.00787000,0.00781000,0.00782000,7973753.00000000,1764305999999999,62515.08002000,441,4579337.00000000,35899.34510000,0
1764306000000000,0.00782000,0.00785000,0.00780000,0.00783000,17953262.00000000,1764309599999999,140439.74879000,872,11275982.00000000,88204.79051000,0
1764309600000000,0.00783000,0.00783000,0.00778000,0.00780000,8141790.00000000,1764313199999999,63582.21920000,423,4714488.00000000,36827.04757000,0
1764313200000000,0.00780000,0.00788000,0.00780000,0.00783000,13880812.00000000,1764316799999999,108860.44603000,670,8031534.00000000,62977.85199000,0
1764316800000000,0.00784000,0.00808000,0.00783000,0.00803000,29727714.00000000,1764320399999999,236892.10358000,1877,13862836.00000000,110473.36368000,0
1764320400000000,0.00803000,0.00805000,0.00797000,0.00798000,24133702.00000000,1764323999999999,193225.78000000,1356,12902669.00000000,103342.18562000,0
1764324000000000,0.00798000,0.00801000,0.00797000,0.00798000,14154014.00000000,1764327599999999,113092.62773000,688,6852854.00000000,54759.37769000,0
1764327600000000,0.00798000,0.00799000,0.00784000,0.00792000,12342114.00000000,1764331199999999,97654.24558000,756,5064497.00000000,40055.26878000,0
1764331200000000,0.00792000,0.00796000,0.00789000,0.00789000,10840962.00000000,1764334799999999,85832.21274000,474,5907298.00000000,46775.86052000,0
1764334800000000,0.00789000,0.00804000,0.00785000,0.00801000,19782506.00000000,1764338399999999,157291.64815000,1180,9517804.00000000,75701.80526000,0
1764338400000000,0.00801000,0.00807000,0.00796000,0.00800000,23467722.00000000,1764341999999999,187987.29861000,973,9474254.00000000,75923.62613000,0
1764342000000000,0.00801000,0.00811000,0.00799000,0.00802000,31022048.00000000,1764345599999999,249908.83696000,1157,18181335.00000000,146480.83525000,0
1764345600000000,0.00802000,0.00802000,0.00785000,0.00788000,39446994.00000000,1764349199999999,313228.70003000,1293,14556072.00000000,115508.77237000,0
1764349200000000,0.00789000,0.00790000,0.00777000,0.00780000,44558338.00000000,1764352799999999,348581.49189000,1904,17097645.00000000,133824.26679000,0
1764352800000000,0.00781000,0.00783000,0.00770000,0.00781000,25274221.00000000,1764356399999999,196232.94009000,1509,10291365.00000000,79918.47761000,0
1764356400000000,0.00781000,0.00789000,0.00781000,0.00788000,7048753.00000000,1764359999999999,55305.70245000,577,3771902.00000000,29626.11479000,0
1764360000000000,0.00787000,0.00788000,0.00781000,0.00787000,15103933.00000000,1764363599999999,118597.35195000,770,8449733.00000000,66356.46849000,0
1764363600000000,0.00787000,0.00789000,0.00782000,0.00782000,11094572.00000000,1764367199999999,87113.63112000,646,5252579.00000000,41258.69937000,0
1764367200000000,0.00781000,0.00789000,0.00778000,0.00788000,12958449.00000000,1764370799999999,101289.17512000,860,6272435.00000000,49066.84040000,0
1764370800000000,0.00788000,0.00790000,0.00783000,0.00783000,10394782.00000000,1764374399999999,81777.52798000,374,4435458.00000000,34883.43113000,0
1764374400000000,0.00783000,0.00785000,0.00780000,0.00784000,7371496.00000000,1764377999999999,57714.98340000,346,4477536.00000000,35056.56734000,0
1764378000000000,0.00785000,0.00790000,0.00784000,0.00788000,4007261.00000000,1764381599999999,31567.63168000,383,2017434.00000000,15896.49980000,0
1764381600000000,0.00788000,0.00790000,0.00785000,0.00790000,5336967.00000000,1764385199999999,42041.42604000,385,2680260.00000000,21120.01203000,0
1764385200000000,0.00790000,0.00795000,0.00785000,0.00786000,8239041.00000000,1764388799999999,65173.76007000,444,5516498.00000000,43652.42998000,0
1764388800000000,0.00787000,0.00792000,0.00784000,0.00791000,4174558.00000000,1764392399999999,32867.72116000,328,2340321.00000000,18441.48528000,0
1764392400000000,0.00790000,0.00791000,0.00786000,0.00786000,4239836.00000000,1764395999999999,33440.61493000,297,1756983.00000000,13867.82097000,0
1764396000000000,0.00786000,0.00788000,0.00775000,0.00780000,20526890.00000000,1764399599999999,160220.94458000,1340,8256284.00000000,64409.25881000,0
1764399600000000,0.00779000,0.00783000,0.00776000,0.00778000,7022061.00000000,1764403199999999,54677.09039000,394,3382504.00000000,26347.80536000,0
1764403200000000,0.00777000,0.00782000,0.00776000,0.00777000,7671588.00000000,1764406799999999,59733.23997000,386,3316012.00000000,25810.40751000,0
1764406800000000,0.00778000,0.00779000,0.00775000,0.00777000,4475941.00000000,1764410399999999,34760.44723000,417,1585911.00000000,12317.98117000,0
1764410400000000,0.00776000,0.00780000,0.00771000,0.00778000,8216027.00000000,1764413999999999,63818.56437000,551,3840460.00000000,29836.43149000,0
1764414000000000,0.00778000,0.00784000,0.00777000,0.00782000,3028514.00000000,1764417599999999,23647.97187000,296,1748012.00000000,13648.81054000,0
1764417600000000,0.00783000,0.00783000,0.00774000,0.00775000,5031007.00000000,1764421199999999,39099.90682000,343,1850764.00000000,14392.83780000,0
1764421200000000,0.00774000,0.00776000,0.00771000,0.00772000,5189789.00000000,1764424799999999,40157.06593000,386,1677960.00000000,12988.37287000,0
1764424800000000,0.00772000,0.00773000,0.00768000,0.00769000,9345277.00000000,1764428399999999,72016.50415000,428,3070940.00000000,23657.72720000,0
1764428400000000,0.00768000,0.00778000,0.00768000,0.00776000,12400472.00000000,1764431999999999,96075.42337000,723,6604914.00000000,51153.73619000,0
1764432000000000,0.00775000,0.00776000,0.00770000,0.00772000,3367212.00000000,1764435599999999,26025.28108000,286,1835399.00000000,14188.61563000,0
1764435600000000,0.00773000,0.00773000,0.00762000,0.00763000,10103192.00000000,1764439199999999,77352.59059000,707,4718118.00000000,36141.48770000,0
1764439200000000,0.00763000,0.00767000,0.00759000,0.00766000,21632858.00000000,1764442799999999,164898.99498000,1395,10479535.00000000,79941.40656000,0
1764442800000000,0.00766000,0.00769000,0.00764000,0.00766000,9380860.00000000,1764446399999999,71880.38998000,508,4376040.00000000,33556.66653000,0
1764446400000000,0.00766000,0.00769000,0.00760000,0.00769000,17006288.00000000,1764449999999999,129664.05232000,693,4094159.00000000,31319.29969000,0
1764450000000000,0.00769000,0.00771000,0.00765000,0.00769000,8435826.00000000,1764453599999999,64888.86828000,408,4921398.00000000,37844.11917000,0
1764453600000000,0.00768000,0.00769000,0.00764000,0.00766000,7219922.00000000,1764457199999999,55290.36417000,382,1470434.00000000,11288.66587000,0
1764457200000000,0.00765000,0.00767000,0.00761000,0.00765000,3706509.00000000,1764460799999999,28344.53553000,459,1793003.00000000,13712.01042000,0
1764460800000000,0.00765000,0.00768000,0.00763000,0.00765000,3687556.00000000,1764464399999999,28218.12752000,250,1629443.00000000,12471.26059000,0
1764464400000000,0.00764000,0.00770000,0.00764000,0.00768000,3648013.00000000,1764467999999999,28011.98446000,327,911437.00000000,7003.35485000,0
1764468000000000,0.00767000,0.00771000,0.00762000,0.00763000,4184257.00000000,1764471599999999,32119.83245000,354,1574699.00000000,12113.58175000,0
1764471600000000,0.00764000,0.00767000,0.00756000,0.00767000,9748060.00000000,1764475199999999,74096.68130000,692,4994959.00000000,37992.15974000,0
1764475200000000,0.00767000,0.00769000,0.00761000,0.00763000,9960902.00000000,1764478799999999,76283.00729000,430,7935382.00000000,60783.69444000,0
1764478800000000,0.00763000,0.00763000,0.00757000,0.00759000,13713457.00000000,1764482399999999,104072.63508000,687,4086271.00000000,31030.88880000,0
1764482400000000,0.00758000,0.00767000,0.00757000,0.00763000,6107378.00000000,1764485999999999,46467.41766000,399,3986089.00000000,30310.29374000,0
1764486000000000,0.00763000,0.00767000,0.00762000,0.00766000,12779320.00000000,1764489599999999,97645.35602000,565,7110309.00000000,54352.66987000,0
1764489600000000,0.00765000,0.00772000,0.00763000,0.00765000,13774073.00000000,1764493199999999,105507.83622000,886,5926947.00000000,45470.21663000,0
1764493200000000,0.00765000,0.00768000,0.00763000,0.00765000,7384231.00000000,1764496799999999,56527.38714000,490,4302656.00000000,32943.47079000,0
1764496800000000,0.00765000,0.00767000,0.00762000,0.00762000,9232041.00000000,1764500399999999,70549.47062000,647,4631919.00000000,35410.48172000,0
1764500400000000,0.00762000,0.00765000,0.00759000,0.00760000,8561146.00000000,1764503999999999,65220.28501000,535,4850280.00000000,36952.84755000,0
1764504000000000,0.00760000,0.00771000,0.00757000,0.00767000,10247775.00000000,1764507599999999,78339.94683000,929,5082392.00000000,38863.95134000,0
1764507600000000,0.00768000,0.00778000,0.00767000,0.00775000,16096107.00000000,1764511199999999,124643.77778000,1069,9092653.00000000,70388.78067000,0
1764511200000000,0.00776000,0.00777000,0.00763000,0.00766000,10054750.00000000,1764514799999999,77345.31144000,676,3039894.00000000,23374.48867000,0
1764514800000000,0.00766000,0.00767000,0.00760000,0.00763000,9384015.00000000,1764518399999999,71597.17807000,603,3822866.00000000,29190.09592000,0
1764518400000000,0.00764000,0.00773000,0.00763000,0.00771000,12449263.00000000,1764521999999999,95806.18037000,629,7075691.00000000,54474.47727000,0
1764522000000000,0.00771000,0.00774000,0.00766000,0.00772000,6658382.00000000,1764525599999999,51277.76408000,595,2548522.00000000,19624.47697000,0
1764525600000000,0.00773000,0.00774000,0.00770000,0.00773000,5983442.00000000,1764529199999999,46161.54133000,541,3023708.00000000,23328.29769000,0
1764529200000000,0.00772000,0.00774000,0.00768000,0.00769000,5087164.00000000,1764532799999999,39249.21954000,368,1539447.00000000,11879.09599000,0
1764532800000000,0.00769000,0.00773000,0.00764000,0.00768000,14045154.00000000,1764536399999999,108005.87158000,1063,7880336.00000000,60665.36653000,0
1764536400000000,0.00767000,0.00769000,0.00763000,0.00767000,9150485.00000000,1764539999999999,70067.37150000,964,3624465.00000000,27761.84314000,0
1764540000000000,0.00767000,0.00773000,0.00764000,0.00768000,20062941.00000000,1764543599999999,154313.49223000,846,8324646.00000000,64117.06536000,0
1764543600000000,0.00769000,0.00769000,0.00751000,0.00751000,17794375.00000000,1764547199999999,134466.54174000,1030,7826600.00000000,58978.56625000,0
