1754006400000000,0.01546000,0.01549000,0.01500000,0.01538000,152490785.00000000,1754009999999999,2318330.12629000,26182,81846924.00000000,1244047.33036000,0
1754010000000000,0.01538000,0.01547000,0.01518000,0.01535000,49767488.00000000,1754013599999999,762670.69750000,9417,27501333.00000000,421391.77727000,0
1754013600000000,0.01534000,0.01555000,0.01529000,0.01550000,23758087.00000000,1754017199999999,367289.27511000,4228,14899616.00000000,230434.91661000,0
1754017200000000,0.01550000,0.01559000,0.01544000,0.01550000,19563101.00000000,1754020799999999,303515.45873000,3130,9404112.00000000,145958.72139000,0
1754020800000000,0.01550000,0.01551000,0.01535000,0.01537000,33857372.00000000,1754024399999999,521503.37976000,4537,14282139.00000000,220039.45690000,0
1754024400000000,0.01537000,0.01544000,0.01520000,0.01527000,35922418.00000000,1754027999999999,549206.15857000,6021,19715942.00000000,301363.93971000,0
1754028000000000,0.01526000,0.01533000,0.01508000,0.01529000,43611505.00000000,1754031599999999,662252.17491000,5986,21189790.00000000,321762.02387000,0
1754031600000000,0.01529000,0.01536000,0.01516000,0.01523000,35549869.00000000,1754035199999999,542896.94633000,5542,21677285.00000000,331262.87018000,0
1754035200000000,0.01522000,0.01522000,0.01483000,0.01505000,75346663.00000000,1754038799999999,1132977.92819000,11772,34043064.00000000,512060.55787000,0
1754038800000000,0.01505000,0.01527000,0.01499000,0.01499000,32278811.00000000,1754042399999999,487909.15167000,6013,18467943.00000000,279223.38345000,0
1754042400000000,0.01499000,0.01517000,0.01498000,0.01515000,27930752.00000000,1754045999999999,421621.25091000,5023,13421461.00000000,202570.54272000,0
1754046000000000,0.01515000,0.01528000,0.01504000,0.01524000,25604958.00000000,1754049599999999,387250.40286000,3859,15035145.00000000,227449.16375000,0
1754049600000000,0.01524000,0.01541000,0.01511000,0.01529000,63141209.00000000,1754053199999999,964123.99958000,8305,32420002.00000000,495352.01779000,0
1754053200000000,0.01530000,0.01537000,0.01481000,0.01493000,73384594.00000000,1754056799999999,1105739.87979000,10095,31666844.00000000,478021.56915000,0
1754056800000000,0.01492000,0.01544000,0.01483000,0.01539000,66809960.00000000,1754060399999999,1016670.62173000,10841,37600175.00000000,571723.43659000,0
1754060400000000,0.01540000,0.01543000,0.01514000,0.01538000,48146075.00000000,1754063999999999,735952.08997000,7912,22162851.00000000,338962.69009000,0
1754064000000000,0.01539000,0.01549000,0.01510000,0.01515000,40796795.00000000,1754067599999999,625357.32215000,6496,19407782.00000000,297372.51231000,0
1754067600000000,0.01515000,0.01529000,0.01502000,0.01506000,45235709.00000000,1754071199999999,683821.65331000,8101,21466190.00000000,324661.51626000,0
1754071200000000,0.01506000,0.01523000,0.01490000,0.01508000,54772088.00000000,1754074799999999,825795.55038000,9471,25867141.00000000,390250.07652000,0
1754074800000000,0.01508000,0.01534000,0.01506000,0.01529000,41173800.00000000,1754078399999999,625362.32455000,9406,20110182.00000000,305589.35101000,0
1754078400000000,0.01529000,0.01535000,0.01488000,0.01518000,51809944.00000000,1754081999999999,782135.62211000,9443,25815699.00000000,390104.30499000,0
1754082000000000,0.01518000,0.01529000,0.01514000,0.01518000,23526103.00000000,1754085599999999,358250.06119000,4475,11731334.00000000,178626.34255000,0
1754085600000000,0.01518000,0.01520000,0.01449000,0.01475000,158953693.00000000,1754089199999999,2340005.68808000,22571,69710579.00000000,1025809.71105000,0
1754089200000000,0.01475000,0.01500000,0.01471000,0.01494000,28217931.00000000,1754092799999999,420244.74773000,5873,14009295.00000000,208584.97370000,0
1754092800000000,0.01494000,0.01512000,0.01489000,0.01511000,39320243.00000000,1754096399999999,589961.26413000,5685,20018283.00000000,300410.45511000,0
1754096400000000,0.01512000,0.01516000,0.01499000,0.01515000,19487616.00000000,1754099999999999,293819.90818000,2514,8950086.00000000,135005.41683000,0
1754100000000000,0.01515000,0.01516000,0.01508000,0.01512000,12717656.00000000,1754103599999999,192238.74679000,1865,5037945.00000000,76176.15032000,0
1754103600000000,0.01513000,0.01517000,0.01510000,0.01515000,8517904.00000000,1754107199999999,128915.39289000,1728,4529269.00000000,68547.74672000,0
1754107200000000,0.01515000,0.01520000,0.01508000,0.01518000,11432308.00000000,1754110799999999,173132.19901000,1982,6629226.00000000,100399.58000000,0
1754110800000000,0.01518000,0.01520000,0.01512000,0.01513000,8692513.00000000,1754114399999999,131696.58337000,1490,3759290.00000000,56971.45846000,0
1754114400000000,0.01513000,0.01515000,0.01473000,0.01482000,42525833.00000000,1754117999999999,632845.65554000,6330,18896951.00000000,280844.93805000,0
1754118000000000,0.01482000,0.01511000,0.01467000,0.01510000,23456659.00000000,1754121599999999,349336.25515000,4369,9355311.00000000,139558.19974000,0
1754121600000000,0.01510000,0.01512000,0.01486000,0.01489000,21218822.00000000,1754125199999999,318328.87187000,3810,10788818.00000000,161967.04296000,0
1754125200000000,0.01488000,0.01495000,0.01479000,0.01487000,20587715.00000000,1754128799999999,306002.59966000,4727,9437214.00000000,140284.51542000,0
1754128800000000,0.01488000,0.01489000,0.01470000,0.01482000,42627314.00000000,1754132399999999,631105.20595000,5936,19052926.00000000,281899.69982000,0
1754132400000000,0.01481000,0.01499000,0.01469000,0.01489000,29267597.00000000,1754135999999999,435577.19896000,4754,15682606.00000000,233609.08593000,0
1754136000000000,0.01488000,0.01493000,0.01476000,0.01490000,11446369.00000000,1754139599999999,169880.89902000,2823,6914855.00000000,102623.33591000,0
1754139600000000,0.01490000,0.01496000,0.01476000,0.01491000,20176705.00000000,1754143199999999,299650.01946000,4125,10578193.00000000,157180.19000000,0
1754143200000000,0.01492000,0.01494000,0.01461000,0.01468000,31768570.00000000,1754146799999999,467588.23967000,4970,15607385.00000000,229685.25064000,0
1754146800000000,0.01468000,0.01483000,0.01455000,0.01462000,34752737.00000000,1754150399999999,509857.90536000,5684,16304517.00000000,239251.44895000,0
1754150400000000,0.01461000,0.01474000,0.01445000,0.01468000,70872893.00000000,1754153999999999,1033571.63012000,9671,33695557.00000000,491100.87164000,0
1754154000000000,0.01467000,0.01479000,0.01435000,0.01441000,46520667.00000000,1754157599999999,677422.86846000,6424,17786240.00000000,259112.19747000,0
1754157600000000,0.01442000,0.01451000,0.01428000,0.01438000,64686550.00000000,1754161199999999,930538.77765000,13613,32136639.00000000,462597.26095000,0
1754161200000000,0.01438000,0.01468000,0.01430000,0.01451000,36355809.00000000,1754164799999999,527108.23485000,7337,16945238.00000000,245804.26414000,0
1754164800000000,0.01451000,0.01463000,0.01449000,0.01462000,28570549.00000000,1754168399999999,416119.63686000,5998,16024719.00000000,233449.14097000,0
1754168400000000,0.01461000,0.01470000,0.01450000,0.01461000,19461560.00000000,1754171999999999,284130.74508000,3751,9895054.00000000,144500.61833000,0
1754172000000000,0.01461000,0.01472000,0.01450000,0.01467000,16040657.00000000,1754175599999999,234318.34305000,3402,7975077.00000000,116513.91097000,0
1754175600000000,0.01467000,0.01472000,0.01446000,0.01463000,20255393.00000000,1754179199999999,295564.49918000,3767,9873957.00000000,144094.35772000,0
1754179200000000,0.01463000,0.01477000,0.01440000,0.01476000,38576698.00000000,1754182799999999,563107.95835000,7610,21161708.00000000,309203.68617000,0
1754182800000000,0.01477000,0.01483000,0.01472000,0.01479000,28202141.00000000,1754186399999999,416593.12584000,4179,14856726.00000000,219532.45559000,0
1754186400000000,0.01479000,0.01489000,0.01478000,0.01487000,10688714.00000000,1754189999999999,158664.07110000,1294,6695975.00000000,99415.99397000,0
1754190000000000,0.01488000,0.01489000,0.01481000,0.01484000,16751853.00000000,1754193599999999,248713.50252000,1715,5705232.00000000,84691.15156000,0
1754193600000000,0.01483000,0.01488000,0.01477000,0.01486000,13975756.00000000,1754197199999999,207202.13961000,1712,5503147.00000000,81653.99251000,0
1754197200000000,0.01486000,0.01493000,0.01485000,0.01489000,10872382.00000000,1754200799999999,161868.05655000,1414,5106980.00000000,76029.87718000,0
1754200800000000,0.01489000,0.01490000,0.01484000,0.01489000,8771685.00000000,1754204399999999,130471.20378000,1484,4620842.00000000,68742.30852000,0
1754204400000000,0.01489000,0.01495000,0.01488000,0.01491000,14696751.00000000,1754207999999999,219084.46638000,1659,7360916.00000000,109729.16407000,0
1754208000000000,0.01490000,0.01496000,0.01486000,0.01491000,15083064.00000000,1754211599999999,224880.58899000,1469,8408906.00000000,125408.85630000,0
1754211600000000,0.01492000,0.01496000,0.01487000,0.01496000,24160411.00000000,1754215199999999,360499.53264000,1906,16454884.00000000,245598.17791000,0
1754215200000000,0.01496000,0.01504000,0.01495000,0.01499000,19931895.00000000,1754218799999999,298881.85161000,2333,12813166.00000000,192200.52914000,0
1754218800000000,0.01500000,0.01513000,0.01500000,0.01506000,31616514.00000000,1754222399999999,476448.28638000,3624,17077755.00000000,257449.40223000,0
1754222400000000,0.01505000,0.01509000,0.01497000,0.01505000,16164984.00000000,1754225999999999,243045.72585000,2302,6978386.00000000,104940.56925000,0
1754226000000000,0.01505000,0.01509000,0.01497000,0.01502000,11902588.00000000,1754229599999999,178908.25888000,1919,5403660.00000000,81254.46980000,0
1754229600000000,0.01503000,0.01505000,0.01493000,0.01504000,19995032.00000000,1754233199999999,299550.11116000,3142,7009684.00000000,105044.18071000,0
1754233200000000,0.01504000,0.01509000,0.01498000,0.01506000,13733696.00000000,1754236799999999,206555.18793000,2417,5844938.00000000,87938.81648000,0
1754236800000000,0.01506000,0.01512000,0.01501000,0.01510000,12695172.00000000,1754240399999999,191248.26315000,1999,5721753.00000000,86224.39415000,0
1754240400000000,0.01511000,0.01512000,0.01502000,0.01509000,9901711.00000000,1754243999999999,149081.35882000,2040,4907742.00000000,73929.76720000,0
1754244000000000,0.01509000,0.01512000,0.01503000,0.01509000,11320374.00000000,1754247599999999,170639.53354000,1854,5054674.00000000,76206.12770000,0
1754247600000000,0.01509000,0.01515000,0.01505000,0.01506000,8116040.00000000,1754251199999999,122495.19680000,1795,3678119.00000000,55532.87881000,0
1754251200000000,0.01506000,0.01511000,0.01502000,0.01509000,5780674.00000000,1754254799999999,87047.04847000,1469,2661637.00000000,40112.28342000,0
1754254800000000,0.01508000,0.01514000,0.01507000,0.01513000,10343454.00000000,1754258399999999,156352.63457000,1368,4761111.00000000,71974.08089000,0
1754258400000000,0.01513000,0.01519000,0.01506000,0.01514000,13058306.00000000,1754261999999999,197219.46026000,2436,5102224.00000000,77083.95500000,0
1754262000000000,0.01513000,0.01524000,0.01512000,0.01514000,16543091.00000000,1754265599999999,250969.47711000,2530,9569101.00000000,145215.72940000,0
1754265600000000,0.01514000,0.01541000,0.01511000,0.01541000,21112824.00000000,1754269199999999,322083.49789000,4298,9513049.00000000,145216.53536000,0
1754269200000000,0.01540000,0.01543000,0.01524000,0.01525000,14412861.00000000,1754272799999999,221004.23866000,2977,7736348.00000000,118664.05107000,0
1754272800000000,0.01525000,0.01538000,0.01520000,0.01538000,12071994.00000000,1754276399999999,184546.42741000,2320,5127186.00000000,78392.95246000,0
1754276400000000,0.01539000,0.01540000,0.01530000,0.01532000,8186139.00000000,1754279999999999,125513.22378000,1542,3536224.00000000,54232.13926000,0
1754280000000000,0.01532000,0.01540000,0.01529000,0.01530000,17039077.00000000,1754283599999999,261378.54810000,1731,5655152.00000000,86725.75394000,0
1754283600000000,0.01530000,0.01540000,0.01526000,0.01538000,13155134.00000000,1754287199999999,201309.89433000,2039,6876102.00000000,105280.48046000,0
1754287200000000,0.01538000,0.01540000,0.01530000,0.01540000,21995116.00000000,1754290799999999,337821.04848000,2442,6267271.00000000,96285.53489000,0
1754290800000000,0.01540000,0.01551000,0.01540000,0.01546000,18118340.00000000,1754294399999999,279967.21790000,2737,7195582.00000000,111247.72904000,0
1754294400000000,0.01547000,0.01551000,0.01540000,0.01544000,23679571.00000000,1754297999999999,366128.00385000,2441,10613785.00000000,164112.70712000,0
1754298000000000,0.01545000,0.01549000,0.01537000,0.01539000,25523369.00000000,1754301599999999,393941.77445000,2570,13737326.00000000,212072.52457000,0
1754301600000000,0.01539000,0.01542000,0.01535000,0.01537000,11700434.00000000,1754305199999999,179937.95681000,2118,3987633.00000000,61325.44410000,0
1754305200000000,0.01536000,0.01537000,0.01525000,0.01528000,22119718.00000000,1754308799999999,338496.52192000,2263,8327455.00000000,127509.05807000,0
1754308800000000,0.01528000,0.01536000,0.01526000,0.01536000,16040192.00000000,1754312399999999,245801.86312000,2510,7678846.00000000,117652.15488000,0
1754312400000000,0.01535000,0.01557000,0.01527000,0.01556000,38939188.00000000,1754315999999999,600904.26044000,6071,20844820.00000000,321806.00987000,0
1754316000000000,0.01557000,0.01569000,0.01547000,0.01551000,40445617.00000000,1754319599999999,631260.33892000,6010,16535054.00000000,258247.75433000,0
1754319600000000,0.01552000,0.01559000,0.01545000,0.01555000,16874792.00000000,1754323199999999,262127.31625000,4289,8129747.00000000,126307.58820000,0
1754323200000000,0.01555000,0.01576000,0.01553000,0.01575000,26989626.00000000,1754326799999999,422717.17717000,4290,13170710.00000000,206361.03325000,0
1754326800000000,0.01575000,0.01588000,0.01572000,0.01578000,27678965.00000000,1754330399999999,437642.86819000,4766,12806513.00000000,202589.75342000,0
1754330400000000,0.01578000,0.01581000,0.01565000,0.01570000,17236559.00000000,1754333999999999,271088.62396000,2292,6367771.00000000,100122.41185000,0
1754334000000000,0.01570000,0.01571000,0.01555000,0.01557000,18561014.00000000,1754337599999999,289565.78428000,2982,6688717.00000000,104357.29194000,0
1754337600000000,0.01557000,0.01574000,0.01557000,0.01571000,19223672.00000000,1754341199999999,300660.89191000,2933,10689036.00000000,167212.16554000,0
1754341200000000,0.01571000,0.01587000,0.01570000,0.01581000,20031894.00000000,1754344799999999,316459.24282000,2902,11199861.00000000,176949.82271000,0
1754344800000000,0.01582000,0.01588000,0.01581000,0.01588000,14221134.00000000,1754348399999999,225445.16223000,3403,7099631.00000000,112565.54171000,0
1754348400000000,0.01589000,0.01589000,0.01581000,0.01585000,16401640.00000000,1754351999999999,259872.27406000,2158,8246715.00000000,130681.79380000,0
1754352000000000,0.01585000,0.01589000,0.01578000,0.01582000,14816192.00000000,1754355599999999,234645.13943000,2049,7786961.00000000,123326.87105000,0
1754355600000000,0.01582000,0.01589000,0.01571000,0.01572000,13459600.00000000,1754359199999999,212632.11949000,2288,6856207.00000000,108375.83949000,0
1754359200000000,0.01571000,0.01577000,0.01570000,0.01574000,9225906.00000000,1754362799999999,145141.77452000,1427,3925700.00000000,61771.85588000,0
1754362800000000,0.01573000,0.01573000,0.01550000,0.01550000,20450087.00000000,1754366399999999,318440.48165000,2730,8395158.00000000,130749.86436000,0
1754366400000000,0.01550000,0.01560000,0.01548000,0.01553000,17206778.00000000,1754369999999999,267112.44682000,3192,6560800.00000000,101914.91499000,0
1754370000000000,0.01553000,0.01561000,0.01550000,0.01558000,24614489.00000000,1754373599999999,382927.05558000,4008,11581827.00000000,180219.79678000,0
1754373600000000,0.01557000,0.01562000,0.01541000,0.01545000,29500934.00000000,1754377199999999,457825.55382000,3679,12851657.00000000,199680.51432000,0
1754377200000000,0.01544000,0.01545000,0.01517000,0.01521000,44232926.00000000,1754380799999999,676872.23244000,7115,14132454.00000000,216184.00970000,0
1754380800000000,0.01522000,0.01534000,0.01517000,0.01533000,14184246.00000000,1754384399999999,216413.93330000,3187,6546570.00000000,99850.60277000,0
1754384400000000,0.01533000,0.01557000,0.01533000,0.01555000,15234344.00000000,1754387999999999,235381.36805000,2355,9535726.00000000,147367.99864000,0
1754388000000000,0.01554000,0.01568000,0.01546000,0.01563000,19738833.00000000,1754391599999999,307964.08603000,2739,12117212.00000000,189193.22615000,0
1754391600000000,0.01564000,0.01569000,0.01560000,0.01564000,13739537.00000000,1754395199999999,214876.52330000,2811,6798119.00000000,106327.23468000,0
1754395200000000,0.01564000,0.01566000,0.01532000,0.01541000,32880097.00000000,1754398799999999,509134.60650000,6971,12228057.00000000,189508.92545000,0
1754398800000000,0.01540000,0.01551000,0.01536000,0.01549000,22002412.00000000,1754402399999999,339561.50851000,4768,13593310.00000000,209805.66432000,0
1754402400000000,0.01548000,0.01549000,0.01504000,0.01514000,92303720.00000000,1754405999999999,1399112.87659000,13506,44217605.00000000,670169.53719000,0
1754406000000000,0.01514000,0.01523000,0.01495000,0.01502000,50218438.00000000,1754409599999999,757041.34941000,7824,23098978.00000000,348179.60276000,0
1754409600000000,0.01502000,0.01518000,0.01499000,0.01508000,36789421.00000000,1754413199999999,554538.30499000,5797,20496266.00000000,309039.71358000,0
1754413200000000,0.01508000,0.01520000,0.01503000,0.01518000,24045159.00000000,1754416799999999,363396.05987000,4744,10819090.00000000,163471.09636000,0
1754416800000000,0.01518000,0.01520000,0.01500000,0.01512000,19231500.00000000,1754420399999999,290323.15263000,4028,8780764.00000000,132589.79946000,0
1754420400000000,0.01513000,0.01517000,0.01501000,0.01505000,24241551.00000000,1754423999999999,365252.13863000,4626,14731442.00000000,221900.30074000,0
1754424000000000,0.01506000,0.01521000,0.01506000,0.01509000,11237720.00000000,1754427599999999,169953.58892000,2727,5075776.00000000,76793.62472000,0
1754427600000000,0.01508000,0.01515000,0.01496000,0.01499000,15262834.00000000,1754431199999999,229739.43619000,2162,6714166.00000000,101137.97780000,0
1754431200000000,0.01499000,0.01511000,0.01482000,0.01510000,27322421.00000000,1754434799999999,408641.02968000,5388,13829523.00000000,206784.93722000,0
1754434800000000,0.01509000,0.01526000,0.01507000,0.01524000,28407203.00000000,1754438399999999,430804.16873000,3740,12737760.00000000,193178.95241000,0
1754438400000000,0.01524000,0.01524000,0.01501000,0.01503000,31626254.00000000,1754441999999999,479522.05282000,3588,12502009.00000000,189625.39826000,0
1754442000000000,0.01503000,0.01505000,0.01492000,0.01504000,20921851.00000000,1754445599999999,313849.89638000,3474,8244895.00000000,123710.62695000,0
1754445600000000,0.01504000,0.01505000,0.01489000,0.01497000,13689410.00000000,1754449199999999,205100.18730000,2788,5822684.00000000,87279.92642000,0
1754449200000000,0.01497000,0.01497000,0.01484000,0.01489000,10163066.00000000,1754452799999999,151483.14570000,1749,3789170.00000000,56522.16668000,0
1754452800000000,0.01490000,0.01492000,0.01482000,0.01489000,9793248.00000000,1754456399999999,145590.91520000,1438,5784457.00000000,86009.08445000,0
1754456400000000,0.01489000,0.01531000,0.01485000,0.01513000,34506899.00000000,1754459999999999,523126.96962000,5265,18547467.00000000,280903.46161000,0
1754460000000000,0.01514000,0.01526000,0.01506000,0.01521000,15139109.00000000,1754463599999999,229533.91530000,2152,10264205.00000000,155617.24679000,0
1754463600000000,0.01521000,0.01534000,0.01519000,0.01531000,16816001.00000000,1754467199999999,257034.98884000,2559,10113792.00000000,154571.69914000,0
1754467200000000,0.01532000,0.01534000,0.01513000,0.01521000,13679397.00000000,1754470799999999,208229.55799000,2852,5239157.00000000,79770.59492000,0
1754470800000000,0.01521000,0.01535000,0.01516000,0.01524000,17901690.00000000,1754474399999999,273246.33608000,2738,12581009.00000000,192023.51579000,0
1754474400000000,0.01525000,0.01527000,0.01513000,0.01516000,18514109.00000000,1754477999999999,281247.68461000,2811,6609320.00000000,100339.51588000,0
1754478000000000,0.01516000,0.01526000,0.01513000,0.01518000,8380920.00000000,1754481599999999,127245.28074000,1579,3367863.00000000,51145.45510000,0
1754481600000000,0.01518000,0.01521000,0.01501000,0.01510000,15201450.00000000,1754485199999999,229917.78648000,3093,7928245.00000000,120004.77096000,0
1754485200000000,0.01510000,0.01523000,0.01504000,0.01518000,28081398.00000000,1754488799999999,425454.21769000,5891,16195148.00000000,245405.91093000,0
1754488800000000,0.01518000,0.01543000,0.01510000,0.01542000,30143505.00000000,1754492399999999,460122.35899000,8060,16474356.00000000,251562.03162000,0
1754492400000000,0.01543000,0.01558000,0.01534000,0.01553000,36860903.00000000,1754495999999999,569299.55861000,5272,21679256.00000000,334917.64901000,0
1754496000000000,0.01554000,0.01559000,0.01536000,0.01540000,28317494.00000000,1754499599999999,437942.87238000,3653,9740729.00000000,150588.44968000,0
1754499600000000,0.01540000,0.01554000,0.01534000,0.01553000,11274299.00000000,1754503199999999,174186.79579000,2442,7501382.00000000,115868.96874000,0
1754503200000000,0.01554000,0.01559000,0.01546000,0.01546000,14712283.00000000,1754506799999999,228351.70427000,2255,4432987.00000000,68833.23741000,0
1754506800000000,0.01547000,0.01552000,0.01541000,0.01547000,14555497.00000000,1754510399999999,224971.61679000,1702,9442246.00000000,145949.23270000,0
1754510400000000,0.01547000,0.01549000,0.01540000,0.01544000,5762635.00000000,1754513999999999,88962.09136000,1294,3314039.00000000,51166.35999000,0
1754514000000000,0.01544000,0.01550000,0.01537000,0.01545000,12979903.00000000,1754517599999999,200429.55092000,1526,4453054.00000000,68804.25709000,0
1754517600000000,0.01546000,0.01548000,0.01542000,0.01546000,9467740.00000000,1754521199999999,146292.44754000,1555,4796954.00000000,74137.01584000,0
1754521200000000,0.01547000,0.01548000,0.01541000,0.01542000,6202076.00000000,1754524799999999,95686.09077000,997,3674887.00000000,56697.56544000,0
1754524800000000,0.01543000,0.01550000,0.01537000,0.01544000,14469884.00000000,1754528399999999,223109.30655000,1443,4998301.00000000,77172.65187000,0
1754528400000000,0.01544000,0.01559000,0.01541000,0.01544000,16685745.00000000,1754531999999999,258802.59852000,2348,9207029.00000000,142795.91011000,0
1754532000000000,0.01544000,0.01550000,0.01539000,0.01541000,9595857.00000000,1754535599999999,148167.60716000,1860,5853582.00000000,90409.27257000,0
1754535600000000,0.01541000,0.01545000,0.01536000,0.01538000,8532931.00000000,1754539199999999,131421.28650000,1219,5156375.00000000,79453.26778000,0
1754539200000000,0.01537000,0.01551000,0.01536000,0.01545000,9245115.00000000,1754542799999999,142759.93925000,1593,6561112.00000000,101346.59788000,0
1754542800000000,0.01544000,0.01555000,0.01541000,0.01553000,24371392.00000000,1754546399999999,377667.21967000,2751,15469544.00000000,239842.59218000,0
1754546400000000,0.01553000,0.01561000,0.01548000,0.01551000,39807216.00000000,1754549999999999,619120.27805000,3643,18373317.00000000,285809.48783000,0
1754550000000000,0.01551000,0.01559000,0.01551000,0.01555000,50205262.00000000,1754553599999999,780797.15463000,3664,26600874.00000000,413873.31993000,0
1754553600000000,0.01555000,0.01561000,0.01549000,0.01551000,13769372.00000000,1754557199999999,214337.00625000,1926,7778201.00000000,121109.95138000,0
1754557200000000,0.01551000,0.01555000,0.01547000,0.01554000,28587371.00000000,1754560799999999,443538.59156000,2215,16820277.00000000,261098.51222000,0
1754560800000000,0.01554000,0.01596000,0.01552000,0.01595000,53458239.00000000,1754564399999999,844085.49470000,6400,34114224.00000000,538156.37923000,0
1754564400000000,0.01596000,0.01612000,0.01595000,0.01611000,40734022.00000000,1754567999999999,653922.16640000,4401,19736823.00000000,316874.21399000,0
1754568000000000,0.01611000,0.01615000,0.01596000,0.01608000,32705082.00000000,1754571599999999,525003.46075000,3719,17306276.00000000,277933.17968000,0
1754571600000000,0.01608000,0.01617000,0.01605000,0.01608000,22218883.00000000,1754575199999999,357673.32191000,3347,12881573.00000000,207411.69269000,0
1754575200000000,0.01609000,0.01610000,0.01594000,0.01597000,19273839.00000000,1754578799999999,308403.51831000,3234,6753602.00000000,108061.40020000,0
1754578800000000,0.01598000,0.01605000,0.01591000,0.01602000,11637994.00000000,1754582399999999,186101.98580000,1921,6172467.00000000,98777.98972000,0
1754582400000000,0.01601000,0.01606000,0.01568000,0.01589000,35503830.00000000,1754585999999999,563447.03272000,4960,14406498.00000000,228436.25451000,0
1754586000000000,0.01588000,0.01595000,0.01584000,0.01588000,17946651.00000000,1754589599999999,285340.34143000,3542,7025079.00000000,111703.10110000,0
1754589600000000,0.01589000,0.01591000,0.01576000,0.01587000,23655794.00000000,1754593199999999,374530.30980000,2771,10894814.00000000,172476.14229000,0
1754593200000000,0.01587000,0.01613000,0.01585000,0.01612000,20613512.00000000,1754596799999999,330238.08010000,3098,11612983.00000000,186132.91169000,0
1754596800000000,0.01611000,0.01618000,0.01606000,0.01615000,23864528.00000000,1754600399999999,384904.11889000,2950,12679527.00000000,204565.01361000,0
1754600400000000,0.01615000,0.01629000,0.01613000,0.01623000,20950381.00000000,1754603999999999,339516.07826000,3268,10971783.00000000,177839.68079000,0
1754604000000000,0.01624000,0.01644000,0.01620000,0.01642000,16587550.00000000,1754607599999999,270503.06531000,3074,10165479.00000000,165814.20893000,0
1754607600000000,0.01642000,0.01643000,0.01632000,0.01642000,14843538.00000000,1754611199999999,242950.63129000,2506,6678078.00000000,109307.34275000,0
1754611200000000,0.01642000,0.01678000,0.01618000,0.01645000,99588968.00000000,1754614799999999,1637812.81913000,18379,52223209.00000000,858934.57381000,0
1754614800000000,0.01646000,0.01663000,0.01620000,0.01641000,200682647.00000000,1754618399999999,3294959.01847000,34321,99319061.00000000,1630836.12908000,0
1754618400000000,0.01640000,0.01657000,0.01635000,0.01646000,17382241.00000000,1754621999999999,285888.98289000,4073,9256035.00000000,152263.07261000,0
1754622000000000,0.01646000,0.01669000,0.01643000,0.01657000,19768445.00000000,1754625599999999,328027.34518000,4260,11701971.00000000,194144.58152000,0
1754625600000000,0.01657000,0.01660000,0.01647000,0.01648000,14549686.00000000,1754629199999999,240698.60375000,3034,5995105.00000000,99205.36301000,0
1754629200000000,0.01647000,0.01651000,0.01637000,0.01638000,12715789.00000000,1754632799999999,208804.31790000,1914,4625666.00000000,75986.39859000,0
1754632800000000,0.01638000,0.01663000,0.01637000,0.01660000,20399691.00000000,1754636399999999,336857.51989000,2841,12107858.00000000,200039.59708000,0
1754636400000000,0.01660000,0.01677000,0.01648000,0.01671000,30518638.00000000,1754639999999999,508391.18751000,3965,17530108.00000000,291966.68137000,0
1754640000000000,0.01671000,0.01683000,0.01662000,0.01667000,23257762.00000000,1754643599999999,388790.93457000,4592,12026798.00000000,201088.36125000,0
1754643600000000,0.01667000,0.01683000,0.01663000,0.01679000,29353047.00000000,1754647199999999,491186.96937000,4033,19167770.00000000,321057.57813000,0
1754647200000000,0.01679000,0.01679000,0.01665000,0.01670000,16202656.00000000,1754650799999999,270863.62607000,2685,7314731.00000000,122257.91311000,0
1754650800000000,0.01670000,0.01674000,0.01667000,0.01670000,17366395.00000000,1754654399999999,290074.60475000,1928,9442812.00000000,157761.01054000,0
1754654400000000,0.01670000,0.01670000,0.01644000,0.01645000,25716795.00000000,1754657999999999,425602.59905000,3068,10954484.00000000,181186.05358000,0
1754658000000000,0.01645000,0.01683000,0.01645000,0.01682000,32696867.00000000,1754661599999999,542742.25325000,5870,20886732.00000000,346856.80342000,0
1754661600000000,0.01683000,0.01693000,0.01656000,0.01666000,40253900.00000000,1754665199999999,674111.07262000,9027,17327660.00000000,290484.49152000,0
1754665200000000,0.01666000,0.01668000,0.01639000,0.01652000,25731208.00000000,1754668799999999,424591.88621000,5061,10728067.00000000,177197.51814000,0
1754668800000000,0.01652000,0.01669000,0.01652000,0.01667000,20480400.00000000,1754672399999999,340201.90977000,3506,11303521.00000000,187849.43035000,0
1754672400000000,0.01667000,0.01705000,0.01667000,0.01705000,36024477.00000000,1754675999999999,609085.15411000,5762,24526303.00000000,414486.80326000,0
1754676000000000,0.01705000,0.01712000,0.01690000,0.01698000,45512504.00000000,1754679599999999,774996.03687000,7669,18997256.00000000,323371.33114000,0
1754679600000000,0.01698000,0.01705000,0.01691000,0.01704000,23558443.00000000,1754683199999999,399540.28215000,3604,13519186.00000000,229403.32237000,0
1754683200000000,0.01705000,0.01707000,0.01692000,0.01698000,11758649.00000000,1754686799999999,199613.41203000,2296,6368524.00000000,108114.94171000,0
1754686800000000,0.01698000,0.01701000,0.01692000,0.01698000,14194183.00000000,1754690399999999,240894.58651000,1501,8528673.00000000,144724.48628000,0
1754690400000000,0.01698000,0.01710000,0.01693000,0.01701000,34376184.00000000,1754693999999999,584871.61207000,4510,15199908.00000000,258643.15886000,0
1754694000000000,0.01701000,0.01702000,0.01693000,0.01698000,16704648.00000000,1754697599999999,283744.39390000,2270,6090753.00000000,103496.07412000,0
1754697600000000,0.01699000,0.01705000,0.01695000,0.01699000,12884843.00000000,1754701199999999,218878.41914000,2223,4488789.00000000,76286.22061000,0
1754701200000000,0.01699000,0.01706000,0.01693000,0.01704000,13221013.00000000,1754704799999999,224628.61437000,2852,7448155.00000000,126576.70683000,0
1754704800000000,0.01704000,0.01707000,0.01695000,0.01696000,11224119.00000000,1754708399999999,190997.94616000,2222,5111141.00000000,86955.67625000,0
1754708400000000,0.01695000,0.01703000,0.01693000,0.01701000,14561288.00000000,1754711999999999,247325.94626000,2573,6277719.00000000,106631.58556000,0
1754712000000000,0.01700000,0.01716000,0.01697000,0.01712000,18798510.00000000,1754715599999999,321133.09253000,3859,8987547.00000000,153462.67254000,0
1754715600000000,0.01711000,0.01760000,0.01710000,0.01759000,71363809.00000000,1754719199999999,1243911.12555000,9950,41476017.00000000,722970.32948000,0
1754719200000000,0.01759000,0.01760000,0.01737000,0.01742000,43321962.00000000,1754722799999999,757778.66697000,5304,18498916.00000000,323521.23225000,0
1754722800000000,0.01742000,0.01753000,0.01739000,0.01747000,15161795.00000000,1754726399999999,264824.85237000,2654,8149497.00000000,142328.16833000,0
1754726400000000,0.01748000,0.01761000,0.01727000,0.01757000,49976044.00000000,1754729999999999,871708.38817000,5440,23785952.00000000,415018.80567000,0
1754730000000000,0.01756000,0.01774000,0.01753000,0.01770000,38833239.00000000,1754733599999999,685662.56514000,4406,17398859.00000000,307004.70114000,0
1754733600000000,0.01770000,0.01786000,0.01768000,0.01777000,32929015.00000000,1754737199999999,584496.94814000,4101,15259338.00000000,270949.70191000,0
1754737200000000,0.01776000,0.01783000,0.01768000,0.01779000,18007752.00000000,1754740799999999,319884.13599000,3221,8841607.00000000,157102.65481000,0
1754740800000000,0.01779000,0.01800000,0.01777000,0.01799000,24041631.00000000,1754744399999999,430690.56894000,3586,13887934.00000000,248944.00738000,0
1754744400000000,0.01799000,0.01799000,0.01770000,0.01772000,44439657.00000000,1754747999999999,790692.06354000,6082,16655419.00000000,296424.43800000,0
1754748000000000,0.01772000,0.01778000,0.01761000,0.01775000,28921334.00000000,1754751599999999,511645.19907000,5603,12522037.00000000,221657.34530000,0
1754751600000000,0.01775000,0.01781000,0.01761000,0.01775000,25205169.00000000,1754755199999999,446696.27724000,4913,15313617.00000000,271462.60364000,0
1754755200000000,0.01776000,0.01795000,0.01776000,0.01782000,22836952.00000000,1754758799999999,407933.83288000,4511,10499666.00000000,187568.33510000,0
1754758800000000,0.01782000,0.01803000,0.01779000,0.01802000,24351636.00000000,1754762399999999,436857.89525000,3526,13764366.00000000,247014.85119000,0
1754762400000000,0.01801000,0.01806000,0.01793000,0.01801000,30329034.00000000,1754765999999999,545884.06468000,3627,10951556.00000000,197069.17934000,0
1754766000000000,0.01801000,0.01814000,0.01800000,0.01805000,14121133.00000000,1754769599999999,255279.12448000,3315,8635224.00000000,156162.48956000,0
1754769600000000,0.01806000,0.01828000,0.01802000,0.01822000,45006076.00000000,1754773199999999,816813.07624000,5017,20689632.00000000,375868.10436000,0
1754773200000000,0.01822000,0.01823000,0.01791000,0.01796000,52734429.00000000,1754776799999999,950894.15299000,5180,24245499.00000000,436847.44032000,0
1754776800000000,0.01797000,0.01812000,0.01784000,0.01789000,26603576.00000000,1754780399999999,478564.10713000,5077,10123069.00000000,182004.29308000,0
1754780400000000,0.01789000,0.01799000,0.01782000,0.01791000,12768957.00000000,1754783999999999,228401.31856000,2624,6129706.00000000,109688.12258000,0
1754784000000000,0.01791000,0.01820000,0.01790000,0.01815000,18775430.00000000,1754787599999999,338553.92234000,3278,10821246.00000000,195085.80588000,0
1754787600000000,0.01814000,0.01825000,0.01803000,0.01810000,34815244.00000000,1754791199999999,632183.09383000,5446,15563653.00000000,282624.80874000,0
1754791200000000,0.01809000,0.01814000,0.01786000,0.01790000,32756739.00000000,1754794799999999,589371.50170000,4432,10801124.00000000,194392.74161000,0
1754794800000000,0.01789000,0.01809000,0.01780000,0.01802000,53569999.00000000,1754798399999999,963554.21339000,7341,25017816.00000000,450483.35320000,0
1754798400000000,0.01802000,0.01817000,0.01796000,0.01809000,20015748.00000000,1754801999999999,361931.03224000,3086,13229038.00000000,239260.32080000,0
1754802000000000,0.01809000,0.01809000,0.01782000,0.01784000,22129671.00000000,1754805599999999,397024.39755000,3838,6771215.00000000,121461.75611000,0
1754805600000000,0.01785000,0.01785000,0.01762000,0.01770000,31206306.00000000,1754809199999999,552451.79145000,4088,14686880.00000000,260012.60856000,0
1754809200000000,0.01770000,0.01777000,0.01729000,0.01734000,65591810.00000000,1754812799999999,1144762.99862000,8420,20149601.00000000,351998.50665000,0
1754812800000000,0.01733000,0.01749000,0.01711000,0.01747000,51347511.00000000,1754816399999999,886716.97123000,6239,24459723.00000000,422671.56092000,0
1754816400000000,0.01746000,0.01751000,0.01739000,0.01743000,20919304.00000000,1754819999999999,365099.54212000,2839,4998479.00000000,87290.04447000,0
1754820000000000,0.01743000,0.01747000,0.01719000,0.01723000,26447770.00000000,1754823599999999,457988.98029000,3750,11293208.00000000,195773.00175000,0
1754823600000000,0.01723000,0.01735000,0.01719000,0.01722000,25602223.00000000,1754827199999999,441973.51502000,4202,12217017.00000000,210982.76012000,0
1754827200000000,0.01722000,0.01736000,0.01717000,0.01735000,34434201.00000000,1754830799999999,594042.99852000,3191,24787284.00000000,427537.47381000,0
1754830800000000,0.01735000,0.01738000,0.01717000,0.01719000,16455772.00000000,1754834399999999,284416.59999000,3756,8068959.00000000,139512.38559000,0
1754834400000000,0.01719000,0.01759000,0.01714000,0.01755000,47946572.00000000,1754837999999999,835809.04691000,5829,27049783.00000000,472110.03717000,0
1754838000000000,0.01755000,0.01766000,0.01748000,0.01759000,35432215.00000000,1754841599999999,622804.92526000,5232,21717752.00000000,381677.14024000,0
1754841600000000,0.01759000,0.01774000,0.01756000,0.01771000,40231460.00000000,1754845199999999,711113.40571000,4744,15740783.00000000,277991.30812000,0
1754845200000000,0.01771000,0.01774000,0.01757000,0.01774000,21836184.00000000,1754848799999999,385978.24094000,3960,11759245.00000000,207910.04022000,0
1754848800000000,0.01773000,0.01792000,0.01773000,0.01792000,24117589.00000000,1754852399999999,430360.85353000,4117,13809720.00000000,246520.43670000,0
1754852400000000,0.01792000,0.01804000,0.01787000,0.01788000,34006511.00000000,1754855999999999,609826.11231000,4192,15502027.00000000,278048.27468000,0
1754856000000000,0.01789000,0.01794000,0.01775000,0.01778000,44478748.00000000,1754859599999999,792271.43757000,4543,13324404.00000000,237406.25516000,0
1754859600000000,0.01779000,0.01779000,0.01748000,0.01767000,36621323.00000000,1754863199999999,644785.70787000,5161,15834938.00000000,278901.74781000,0
1754863200000000,0.01768000,0.01769000,0.01754000,0.01768000,15654232.00000000,1754866799999999,275763.79617000,3078,8069721.00000000,142138.17410000,0
1754866800000000,0.01769000,0.01773000,0.01758000,0.01769000,10463801.00000000,1754870399999999,184890.48554000,2839,5485856.00000000,96981.20045000,0
1754870400000000,0.01768000,0.01773000,0.01755000,0.01758000,16817058.00000000,1754873999999999,296884.75916000,4026,6610771.00000000,116711.85290000,0
1754874000000000,0.01758000,0.01803000,0.01757000,0.01797000,41729081.00000000,1754877599999999,748093.34322000,6542,22775214.00000000,408253.21476000,0
1754877600000000,0.01797000,0.01837000,0.01797000,0.01829000,57879892.00000000,1754881199999999,1051633.00965000,9198,31494791.00000000,572328.16988000,0
1754881200000000,0.01829000,0.01829000,0.01811000,0.01816000,25221028.00000000,1754884799999999,458632.95565000,5163,10620397.00000000,193147.55967000,0
1754884800000000,0.01817000,0.01830000,0.01803000,0.01803000,31798082.00000000,1754888399999999,577433.85319000,4149,15781918.00000000,286683.57694000,0
1754888400000000,0.01803000,0.01811000,0.01796000,0.01801000,38317940.00000000,1754891999999999,690458.20310000,3963,20459367.00000000,368929.80306000,0
1754892000000000,0.01801000,0.01805000,0.01790000,0.01791000,17132836.00000000,1754895599999999,307485.37930000,2756,8185573.00000000,146914.50165000,0
1754895600000000,0.01790000,0.01794000,0.01750000,0.01752000,44656103.00000000,1754899199999999,787418.73712000,4562,25550727.00000000,449540.62692000,0
1754899200000000,0.01754000,0.01774000,0.01745000,0.01770000,29770087.00000000,1754902799999999,523970.81664000,4517,15947724.00000000,280935.24421000,0
1754902800000000,0.01769000,0.01782000,0.01760000,0.01766000,38744988.00000000,1754906399999999,686100.33944000,5342,20279215.00000000,359135.56542000,0
1754906400000000,0.01765000,0.01765000,0.01745000,0.01747000,27263919.00000000,1754909999999999,478394.29094000,4962,8286577.00000000,145345.95422000,0
1754910000000000,0.01746000,0.01747000,0.01690000,0.01700000,50029208.00000000,1754913599999999,858733.06318000,8339,18960479.00000000,325884.21295000,0
1754913600000000,0.01700000,0.01707000,0.01688000,0.01699000,42987407.00000000,1754917199999999,730134.24344000,8712,19434624.00000000,330223.28456000,0
1754917200000000,0.01699000,0.01731000,0.01681000,0.01723000,64602369.00000000,1754920799999999,1100673.40418000,11688,35744137.00000000,609933.30885000,0
1754920800000000,0.01724000,0.01742000,0.01716000,0.01721000,37610953.00000000,1754924399999999,650186.42340000,8705,19721646.00000000,340924.10425000,0
1754924400000000,0.01722000,0.01729000,0.01706000,0.01728000,27365150.00000000,1754927999999999,469197.04986000,5786,11432218.00000000,196187.43835000,0
1754928000000000,0.01728000,0.01761000,0.01719000,0.01734000,43971284.00000000,1754931599999999,766085.13056000,10455,21390663.00000000,372719.12129000,0
1754931600000000,0.01733000,0.01741000,0.01707000,0.01716000,27032153.00000000,1754935199999999,465375.60570000,6529,11284246.00000000,194327.80547000,0
1754935200000000,0.01716000,0.01726000,0.01697000,0.01719000,32205377.00000000,1754938799999999,551079.27770000,6256,16616190.00000000,284484.28152000,0
1754938800000000,0.01718000,0.01721000,0.01688000,0.01703000,29205385.00000000,1754942399999999,498678.43402000,5677,12128640.00000000,207221.79236000,0
1754942400000000,0.01703000,0.01704000,0.01689000,0.01698000,14957357.00000000,1754945999999999,253740.25368000,4019,7526473.00000000,127675.04715000,0
1754946000000000,0.01698000,0.01703000,0.01667000,0.01682000,70364987.00000000,1754949599999999,1180137.06846000,11830,45854846.00000000,768772.15877000,0
1754949600000000,0.01682000,0.01683000,0.01655000,0.01670000,34350015.00000000,1754953199999999,573034.73858000,5961,18687751.00000000,311857.22111000,0
1754953200000000,0.01670000,0.01681000,0.01667000,0.01669000,13468739.00000000,1754956799999999,225627.15934000,2698,7645426.00000000,128103.69255000,0
1754956800000000,0.01669000,0.01696000,0.01666000,0.01692000,26816851.00000000,1754960399999999,450796.18716000,4479,15362515.00000000,258185.85290000,0
1754960400000000,0.01691000,0.01698000,0.01685000,0.01692000,17706469.00000000,1754963999999999,299624.86932000,3599,12057111.00000000,204038.82860000,0
1754964000000000,0.01692000,0.01711000,0.01690000,0.01701000,14522300.00000000,1754967599999999,247252.47936000,2511,6920084.00000000,117836.47670000,0
1754967600000000,0.01700000,0.01701000,0.01684000,0.01690000,28040494.00000000,1754971199999999,474515.77183000,2705,10897499.00000000,184538.90314000,0
1754971200000000,0.01691000,0.01700000,0.01687000,0.01696000,14111036.00000000,1754974799999999,239066.52114000,2287,8298576.00000000,140613.52217000,0
1754974800000000,0.01696000,0.01696000,0.01671000,0.01675000,29427980.00000000,1754978399999999,493493.39815000,4092,14219284.00000000,238347.65963000,0
1754978400000000,0.01674000,0.01686000,0.01656000,0.01676000,22361016.00000000,1754981999999999,374440.05834000,4433,12668756.00000000,212393.95189000,0
1754982000000000,0.01677000,0.01705000,0.01676000,0.01702000,23260021.00000000,1754985599999999,395154.42511000,2991,14494225.00000000,246321.20111000,0
1754985600000000,0.01703000,0.01704000,0.01685000,0.01685000,17800292.00000000,1754989199999999,301427.26101000,3653,10734601.00000000,181930.25221000,0
1754989200000000,0.01684000,0.01685000,0.01670000,0.01672000,20446305.00000000,1754992799999999,342990.67287000,3634,9766972.00000000,163859.22341000,0
1754992800000000,0.01671000,0.01672000,0.01654000,0.01660000,43120577.00000000,1754996399999999,717292.45280000,4792,19162833.00000000,318793.12143000,0
1754996400000000,0.01660000,0.01675000,0.01646000,0.01671000,27935548.00000000,1754999999999999,462519.83645000,4387,12634158.00000000,209305.29194000,0
1755000000000000,0.01672000,0.01740000,0.01664000,0.01721000,114358842.00000000,1755003599999999,1962794.64319000,18304,64261105.00000000,1101607.01778000,0
1755003600000000,0.01722000,0.01733000,0.01692000,0.01710000,46031041.00000000,1755007199999999,788392.17502000,10681,22743049.00000000,389761.66107000,0
1755007200000000,0.01710000,0.01747000,0.01706000,0.01740000,24243946.00000000,1755010799999999,419251.95066000,4924,12411807.00000000,214628.23501000,0
1755010800000000,0.01740000,0.01766000,0.01739000,0.01763000,39599889.00000000,1755014399999999,693935.24534000,7065,25289955.00000000,443198.08099000,0
1755014400000000,0.01764000,0.01780000,0.01753000,0.01778000,44285104.00000000,1755017999999999,781874.68717000,6352,23485226.00000000,414978.88094000,0
1755018000000000,0.01778000,0.01804000,0.01777000,0.01788000,61916941.00000000,1755021599999999,1109550.96368000,7133,29437576.00000000,527812.02715000,0
1755021600000000,0.01789000,0.01808000,0.01784000,0.01789000,37580271.00000000,1755025199999999,675481.92916000,5081,20231639.00000000,363616.84447000,0
1755025200000000,0.01790000,0.01801000,0.01784000,0.01799000,32687749.00000000,1755028799999999,586333.76001000,4144,16169792.00000000,290048.98671000,0
1755028800000000,0.01799000,0.01824000,0.01795000,0.01814000,37884620.00000000,1755032399999999,686119.79444000,8664,19437315.00000000,351946.23395000,0
1755032400000000,0.01815000,0.01815000,0.01791000,0.01797000,25322552.00000000,1755035999999999,456207.94446000,4047,13227415.00000000,238125.44189000,0
1755036000000000,0.01798000,0.01806000,0.01790000,0.01800000,17344788.00000000,1755039599999999,311920.89816000,2995,8078098.00000000,145291.26227000,0
1755039600000000,0.01800000,0.01804000,0.01790000,0.01796000,15837951.00000000,1755043199999999,284538.21786000,2821,8880707.00000000,159564.21465000,0
1755043200000000,0.01797000,0.01812000,0.01797000,0.01803000,39789573.00000000,1755046799999999,718300.98111000,4785,26007449.00000000,469387.92738000,0
1755046800000000,0.01803000,0.01803000,0.01783000,0.01791000,28909725.00000000,1755050399999999,517727.18109000,4395,14012275.00000000,250970.31337000,0
1755050400000000,0.01792000,0.01820000,0.01781000,0.01817000,33220915.00000000,1755053999999999,599585.45758000,4152,22876934.00000000,413347.21837000,0
1755054000000000,0.01818000,0.01828000,0.01802000,0.01820000,47053096.00000000,1755057599999999,855040.55500000,5325,19821363.00000000,360090.10205000,0
1755057600000000,0.01820000,0.01829000,0.01808000,0.01815000,28418410.00000000,1755061199999999,517269.39335000,3868,11686306.00000000,212618.63643000,0
1755061200000000,0.01814000,0.01815000,0.01788000,0.01789000,28340526.00000000,1755064799999999,510244.70831000,4600,14940263.00000000,269008.72780000,0
1755064800000000,0.01789000,0.01798000,0.01780000,0.01790000,28951034.00000000,1755068399999999,517996.23994000,4394,14780063.00000000,264493.40822000,0
1755068400000000,0.01790000,0.01814000,0.01789000,0.01813000,15700617.00000000,1755071999999999,282591.55083000,3340,7986593.00000000,143764.30846000,0
1755072000000000,0.01812000,0.01842000,0.01811000,0.01835000,41191075.00000000,1755075599999999,753686.08887000,6394,20659010.00000000,377988.42548000,0
1755075600000000,0.01835000,0.01857000,0.01835000,0.01857000,54300533.00000000,1755079199999999,1001131.56307000,5912,28722985.00000000,529758.99040000,0
1755079200000000,0.01856000,0.01865000,0.01853000,0.01855000,38005602.00000000,1755082799999999,706528.52333000,4166,19901069.00000000,370039.30873000,0
1755082800000000,0.01855000,0.01859000,0.01838000,0.01849000,43118376.00000000,1755086399999999,796064.92067000,4367,20101885.00000000,371089.24561000,0
1755086400000000,0.01850000,0.01859000,0.01834000,0.01837000,44724559.00000000,1755089999999999,826018.82186000,4542,21612811.00000000,398975.36264000,0
1755090000000000,0.01837000,0.01881000,0.01836000,0.01868000,102115731.00000000,1755093599999999,1900820.83589000,14225,54587238.00000000,1016482.28494000,0
1755093600000000,0.01869000,0.01879000,0.01833000,0.01847000,107211912.00000000,1755097199999999,1990251.96253000,17259,53472293.00000000,992773.84168000,0
1755097200000000,0.01848000,0.01869000,0.01831000,0.01857000,67393271.00000000,1755100799999999,1246604.74186000,13514,28912991.00000000,535131.87566000,0
1755100800000000,0.01858000,0.01880000,0.01852000,0.01864000,46939756.00000000,1755104399999999,875585.04638000,9129,23804973.00000000,444003.57281000,0
1755104400000000,0.01864000,0.01880000,0.01859000,0.01875000,33487917.00000000,1755107999999999,626669.00163000,6060,18296696.00000000,342546.59046000,0
1755108000000000,0.01874000,0.01884000,0.01848000,0.01854000,33874557.00000000,1755111599999999,631749.69026000,6775,16980022.00000000,316761.45574000,0
1755111600000000,0.01854000,0.01873000,0.01850000,0.01871000,42409114.00000000,1755115199999999,789099.86267000,5507,19437880.00000000,361836.99345000,0
1755115200000000,0.01872000,0.01873000,0.01854000,0.01862000,34596175.00000000,1755118799999999,644423.24717000,4716,17589485.00000000,327794.26216000,0
1755118800000000,0.01863000,0.01880000,0.01861000,0.01877000,33424642.00000000,1755122399999999,626392.26507000,5084,17960886.00000000,336644.36523000,0
1755122400000000,0.01877000,0.01911000,0.01869000,0.01901000,47681696.00000000,1755125999999999,902224.65913000,8727,24966109.00000000,471889.40036000,0
1755126000000000,0.01900000,0.01915000,0.01887000,0.01890000,29936041.00000000,1755129599999999,568563.65042000,4992,13761577.00000000,261467.29581000,0
1755129600000000,0.01891000,0.01902000,0.01869000,0.01871000,29072717.00000000,1755133199999999,548588.58699000,6225,10325217.00000000,194974.60735000,0
1755133200000000,0.01871000,0.01901000,0.01860000,0.01887000,46447249.00000000,1755136799999999,873984.76715000,5967,21625917.00000000,407177.20245000,0
1755136800000000,0.01887000,0.01912000,0.01877000,0.01910000,41076357.00000000,1755140399999999,778500.36851000,5088,26062987.00000000,494387.12511000,0
1755140400000000,0.01911000,0.01913000,0.01897000,0.01900000,52159843.00000000,1755143999999999,992938.17630000,6009,26221444.00000000,499076.55152000,0
1755144000000000,0.01899000,0.01907000,0.01885000,0.01886000,23243578.00000000,1755147599999999,440868.48053000,4134,12193580.00000000,231465.88990000,0
1755147600000000,0.01886000,0.01892000,0.01867000,0.01869000,39493974.00000000,1755151199999999,742238.78363000,5884,16111395.00000000,302594.69347000,0
1755151200000000,0.01869000,0.01876000,0.01843000,0.01871000,50674019.00000000,1755154799999999,943045.36225000,8708,20269980.00000000,377328.74557000,0
1755154800000000,0.01870000,0.01873000,0.01844000,0.01854000,26175391.00000000,1755158399999999,485077.78178000,4922,14119495.00000000,261681.19694000,0
1755158400000000,0.01854000,0.01855000,0.01818000,0.01827000,61912900.00000000,1755161999999999,1133200.98696000,8935,27746077.00000000,507994.52344000,0
1755162000000000,0.01827000,0.01843000,0.01814000,0.01840000,33289796.00000000,1755165599999999,609143.72814000,5893,16477182.00000000,301536.19703000,0
1755165600000000,0.01840000,0.01842000,0.01807000,0.01826000,38325815.00000000,1755169199999999,697929.98987000,7093,17363024.00000000,316231.60210000,0
1755169200000000,0.01826000,0.01834000,0.01814000,0.01819000,26906891.00000000,1755172799999999,490702.46969000,4746,11630902.00000000,212235.70781000,0
1755172800000000,0.01819000,0.01828000,0.01681000,0.01712000,439040935.00000000,1755176399999999,7678674.67066000,41397,197709583.00000000,3460298.40238000,0
1755176400000000,0.01712000,0.01740000,0.01678000,0.01727000,196569788.00000000,1755179999999999,3360599.30349000,32070,101984568.00000000,1744757.29691000,0
1755180000000000,0.01728000,0.01748000,0.01716000,0.01729000,64012632.00000000,1755183599999999,1107603.50511000,10721,32479725.00000000,562142.67081000,0
1755183600000000,0.01729000,0.01734000,0.01705000,0.01706000,49126027.00000000,1755187199999999,843414.31118000,9695,24204424.00000000,415571.64711000,0
1755187200000000,0.01706000,0.01706000,0.01668000,0.01678000,102372330.00000000,1755190799999999,1723113.06719000,15035,50317236.00000000,846939.16725000,0
1755190800000000,0.01677000,0.01687000,0.01659000,0.01685000,51999038.00000000,1755194399999999,871292.73607000,8603,31203239.00000000,522831.21828000,0
1755194400000000,0.01684000,0.01685000,0.01653000,0.01679000,33805423.00000000,1755197999999999,564450.31704000,7019,14555966.00000000,243169.50851000,0
1755198000000000,0.01680000,0.01691000,0.01676000,0.01677000,33892202.00000000,1755201599999999,570542.20890000,4621,12438399.00000000,209610.16421000,0
1755201600000000,0.01676000,0.01677000,0.01661000,0.01673000,39168481.00000000,1755205199999999,653854.84753000,7000,28029684.00000000,468005.48054000,0
1755205200000000,0.01672000,0.01672000,0.01633000,0.01651000,62672185.00000000,1755208799999999,1034485.67313000,8536,26819543.00000000,442355.31407000,0
1755208800000000,0.01650000,0.01667000,0.01638000,0.01663000,25513561.00000000,1755212399999999,422605.44406000,4239,18273602.00000000,302904.45756000,0
1755212400000000,0.01664000,0.01674000,0.01660000,0.01668000,23530812.00000000,1755215999999999,392321.10005000,3267,11919823.00000000,198766.79117000,0
1755216000000000,0.01668000,0.01687000,0.01662000,0.01672000,42567305.00000000,1755219599999999,713222.43708000,6861,22003175.00000000,368825.85939000,0
1755219600000000,0.01672000,0.01687000,0.01666000,0.01683000,53316844.00000000,1755223199999999,895567.73101000,5868,23237513.00000000,389982.33759000,0
1755223200000000,0.01683000,0.01693000,0.01679000,0.01683000,28260236.00000000,1755226799999999,476799.50295000,3029,20425270.00000000,344672.78377000,0
1755226800000000,0.01683000,0.01707000,0.01678000,0.01696000,25557594.00000000,1755230399999999,432897.69796000,3309,15493207.00000000,262417.51386000,0
1755230400000000,0.01696000,0.01699000,0.01683000,0.01685000,26479104.00000000,1755233999999999,447629.10339000,4108,11363925.00000000,192031.61996000,0
1755234000000000,0.01686000,0.01699000,0.01678000,0.01698000,28374313.00000000,1755237599999999,478566.96024000,3644,13561862.00000000,229090.73672000,0
1755237600000000,0.01697000,0.01727000,0.01697000,0.01712000,41415065.00000000,1755241199999999,710609.42453000,4918,20635065.00000000,353833.41675000,0
1755241200000000,0.01711000,0.01713000,0.01695000,0.01704000,37415224.00000000,1755244799999999,637140.95066000,4061,15815570.00000000,269267.85460000,0
1755244800000000,0.01704000,0.01715000,0.01699000,0.01701000,23294696.00000000,1755248399999999,397766.05268000,3393,13241950.00000000,226187.23241000,0
1755248400000000,0.01701000,0.01706000,0.01679000,0.01686000,35445193.00000000,1755251999999999,600018.22840000,4030,9338284.00000000,158187.10366000,0
1755252000000000,0.01686000,0.01702000,0.01683000,0.01687000,17139077.00000000,1755255599999999,290078.45660000,3384,7981460.00000000,135124.92442000,0
1755255600000000,0.01688000,0.01694000,0.01679000,0.01687000,14980608.00000000,1755259199999999,252620.23467000,2942,8167692.00000000,137745.01054000,0
1755259200000000,0.01686000,0.01710000,0.01667000,0.01690000,101092095.00000000,1755262799999999,1707437.31783000,16436,50051527.00000000,845852.39582000,0
1755262800000000,0.01690000,0.01694000,0.01667000,0.01675000,46701232.00000000,1755266399999999,785073.75948000,9611,21167581.00000000,356004.54532000,0
1755266400000000,0.01674000,0.01685000,0.01644000,0.01651000,68599546.00000000,1755269999999999,1139760.65966000,10707,32338567.00000000,537563.02200000,0
1755270000000000,0.01651000,0.01653000,0.01602000,0.01618000,76519793.00000000,1755273599999999,1244512.21824000,13411,35316444.00000000,574838.36625000,0
1755273600000000,0.01617000,0.01647000,0.01596000,0.01628000,76949282.00000000,1755277199999999,1245456.37752000,10000,43995211.00000000,712809.89873000,0
1755277200000000,0.01627000,0.01644000,0.01612000,0.01636000,36716695.00000000,1755280799999999,599151.38969000,6774,20752470.00000000,338621.00534000,0
1755280800000000,0.01636000,0.01638000,0.01615000,0.01620000,28609657.00000000,1755284399999999,465271.75951000,4232,10009132.00000000,162785.78987000,0
1755284400000000,0.01620000,0.01633000,0.01612000,0.01623000,23410907.00000000,1755287999999999,379984.76845000,3700,12400556.00000000,201502.96654000,0
1755288000000000,0.01623000,0.01642000,0.01616000,0.01641000,22339821.00000000,1755291599999999,364198.23535000,3618,13829405.00000000,225504.12857000,0
1755291600000000,0.01641000,0.01652000,0.01631000,0.01652000,21381157.00000000,1755295199999999,351225.98712000,3186,13713906.00000000,225406.04045000,0
1755295200000000,0.01651000,0.01668000,0.01645000,0.01667000,15161497.00000000,1755298799999999,250837.96503000,2352,8593775.00000000,142279.21412000,0
1755298800000000,0.01667000,0.01672000,0.01647000,0.01656000,23293150.00000000,1755302399999999,386087.70317000,3571,10747151.00000000,178413.56867000,0
1755302400000000,0.01656000,0.01681000,0.01654000,0.01679000,22465240.00000000,1755305999999999,374500.92618000,3319,10521193.00000000,175530.71088000,0
1755306000000000,0.01679000,0.01682000,0.01670000,0.01677000,16962394.00000000,1755309599999999,284173.20330000,2591,8505580.00000000,142521.90668000,0
1755309600000000,0.01677000,0.01680000,0.01668000,0.01671000,12343828.00000000,1755313199999999,206611.58835000,2231,5563584.00000000,93136.83841000,0
1755313200000000,0.01671000,0.01678000,0.01665000,0.01667000,8573987.00000000,1755316799999999,143178.45017000,1542,4354803.00000000,72732.78597000,0
1755316800000000,0.01667000,0.01682000,0.01665000,0.01682000,8456979.00000000,1755320399999999,141588.79359000,1399,4361153.00000000,73057.33931000,0
1755320400000000,0.01682000,0.01682000,0.01670000,0.01672000,9118569.00000000,1755323999999999,152730.12636000,1528,3819818.00000000,63982.49967000,0
1755324000000000,0.01672000,0.01678000,0.01669000,0.01672000,11560945.00000000,1755327599999999,193455.75388000,2072,5328763.00000000,89196.46243000,0
1755327600000000,0.01672000,0.01694000,0.01671000,0.01691000,16162014.00000000,1755331199999999,272538.45815000,2302,10905851.00000000,183872.90894000,0
1755331200000000,0.01691000,0.01695000,0.01685000,0.01685000,15506774.00000000,1755334799999999,262204.62066000,2230,8004859.00000000,135412.15912000,0
1755334800000000,0.01685000,0.01709000,0.01681000,0.01681000,31443057.00000000,1755338399999999,533771.67334000,4084,14257941.00000000,242116.04799000,0
1755338400000000,0.01682000,0.01692000,0.01674000,0.01685000,46854674.00000000,1755341999999999,789240.93597000,6711,19812874.00000000,333778.01769000,0
1755342000000000,0.01686000,0.01705000,0.01682000,0.01683000,31316275.00000000,1755345599999999,530565.86116000,4081,16670041.00000000,282623.69217000,0
1755345600000000,0.01684000,0.01705000,0.01680000,0.01703000,32194206.00000000,1755349199999999,545173.80986000,4705,19931355.00000000,337800.02022000,0
1755349200000000,0.01703000,0.01715000,0.01689000,0.01689000,22196789.00000000,1755352799999999,378008.00956000,4252,10347234.00000000,176507.77800000,0
1755352800000000,0.01690000,0.01720000,0.01686000,0.01718000,21331613.00000000,1755356399999999,362866.64618000,3556,13897609.00000000,236465.67988000,0
1755356400000000,0.01717000,0.01755000,0.01717000,0.01738000,149966343.00000000,1755359999999999,2607500.86013000,11807,80906925.00000000,1405153.27040000,0
1755360000000000,0.01738000,0.01750000,0.01719000,0.01724000,49747275.00000000,1755363599999999,862049.69896000,5495,24058903.00000000,417053.56467000,0
1755363600000000,0.01725000,0.01730000,0.01714000,0.01723000,22010320.00000000,1755367199999999,379334.84433000,3627,9107917.00000000,157037.54196000,0
1755367200000000,0.01724000,0.01746000,0.01722000,0.01729000,32992564.00000000,1755370799999999,571785.58261000,3875,18498004.00000000,320511.25830000,0
1755370800000000,0.01730000,0.01738000,0.01725000,0.01727000,11032312.00000000,1755374399999999,190960.86772000,2416,5393732.00000000,93383.33883000,0
1755374400000000,0.01726000,0.01744000,0.01726000,0.01733000,22577893.00000000,1755377999999999,391303.78833000,2451,8903677.00000000,154374.31716000,0
1755378000000000,0.01732000,0.01734000,0.01722000,0.01723000,11021887.00000000,1755381599999999,190437.22688000,1380,4688262.00000000,81010.27716000,0
1755381600000000,0.01723000,0.01737000,0.01718000,0.01735000,40260997.00000000,1755385199999999,696984.42087000,2664,27286571.00000000,472447.69535000,0
1755385200000000,0.01735000,0.01736000,0.01719000,0.01722000,9538125.00000000,1755388799999999,164461.45682000,1528,3252065.00000000,56071.46202000,0
1755388800000000,0.01723000,0.01728000,0.01714000,0.01716000,23760618.00000000,1755392399999999,409100.25444000,2701,12895348.00000000,222158.88774000,0
1755392400000000,0.01715000,0.01720000,0.01709000,0.01716000,17526880.00000000,1755395999999999,300479.54401000,2804,8446626.00000000,144813.87156000,0
1755396000000000,0.01716000,0.01729000,0.01707000,0.01729000,24360560.00000000,1755399599999999,419221.52035000,2534,13732983.00000000,236407.36946000,0
1755399600000000,0.01728000,0.01733000,0.01719000,0.01727000,8790543.00000000,1755403199999999,151813.74793000,1233,4718012.00000000,81522.78598000,0
1755403200000000,0.01727000,0.01744000,0.01727000,0.01743000,21505869.00000000,1755406799999999,373092.41200000,2470,13034967.00000000,226121.14945000,0
1755406800000000,0.01743000,0.01750000,0.01739000,0.01746000,21708635.00000000,1755410399999999,378757.32177000,2346,9118021.00000000,159123.53808000,0
1755410400000000,0.01746000,0.01759000,0.01735000,0.01736000,26525412.00000000,1755413999999999,462986.70935000,2500,12722577.00000000,222247.21553000,0
1755414000000000,0.01737000,0.01749000,0.01736000,0.01747000,16179673.00000000,1755417599999999,282064.56980000,1993,8665625.00000000,151125.10390000,0
1755417600000000,0.01748000,0.01769000,0.01745000,0.01765000,35342599.00000000,1755421199999999,620805.63852000,4015,21663199.00000000,380585.47938000,0
1755421200000000,0.01765000,0.01767000,0.01755000,0.01764000,18386319.00000000,1755424799999999,323696.08667000,3539,9116835.00000000,160570.46696000,0
1755424800000000,0.01764000,0.01765000,0.01753000,0.01761000,15725465.00000000,1755428399999999,276439.30695000,2338,7803654.00000000,137167.42693000,0
1755428400000000,0.01761000,0.01762000,0.01749000,0.01758000,14454342.00000000,1755431999999999,253761.17940000,2159,6099779.00000000,107076.26220000,0
1755432000000000,0.01758000,0.01762000,0.01743000,0.01745000,16614619.00000000,1755435599999999,290894.12137000,2298,6203771.00000000,108644.01223000,0
1755435600000000,0.01746000,0.01757000,0.01740000,0.01751000,13452227.00000000,1755439199999999,234956.11944000,2189,6610105.00000000,115488.09303000,0
1755439200000000,0.01751000,0.01763000,0.01745000,0.01763000,20348350.00000000,1755442799999999,356628.55721000,2598,8119463.00000000,142538.79243000,0
1755442800000000,0.01762000,0.01783000,0.01756000,0.01782000,26867582.00000000,1755446399999999,475678.53344000,3403,14643988.00000000,259396.46839000,0
1755446400000000,0.01783000,0.01795000,0.01760000,0.01766000,44784487.00000000,1755449999999999,796436.97077000,7431,17745245.00000000,315746.27575000,0
1755450000000000,0.01765000,0.01767000,0.01753000,0.01757000,25642535.00000000,1755453599999999,451312.42617000,4704,9255870.00000000,162980.74390000,0
1755453600000000,0.01757000,0.01765000,0.01719000,0.01741000,48997635.00000000,1755457199999999,852783.09987000,8031,19098906.00000000,332902.74969000,0
1755457200000000,0.01742000,0.01750000,0.01728000,0.01731000,20741293.00000000,1755460799999999,360741.40537000,4029,9820117.00000000,170742.45734000,0
1755460800000000,0.01731000,0.01742000,0.01729000,0.01730000,28147213.00000000,1755464399999999,488171.42276000,2349,18865834.00000000,327226.74674000,0
1755464400000000,0.01730000,0.01736000,0.01724000,0.01726000,22545616.00000000,1755467999999999,389631.67976000,2127,10296368.00000000,177993.35485000,0
1755468000000000,0.01726000,0.01752000,0.01724000,0.01747000,22192645.00000000,1755471599999999,385726.05386000,2990,13748259.00000000,238945.00486000,0
1755471600000000,0.01747000,0.01747000,0.01718000,0.01724000,14494096.00000000,1755475199999999,250895.04771000,2325,6836589.00000000,118260.56901000,0
1755475200000000,0.01724000,0.01726000,0.01707000,0.01721000,31082164.00000000,1755478799999999,533630.60611000,4399,13341809.00000000,229191.74901000,0
1755478800000000,0.01720000,0.01723000,0.01688000,0.01693000,49744139.00000000,1755482399999999,846047.63377000,9579,21829685.00000000,371188.99089000,0
1755482400000000,0.01692000,0.01694000,0.01650000,0.01651000,79006799.00000000,1755485999999999,1319996.92171000,12707,36765830.00000000,614766.73923000,0
1755486000000000,0.01651000,0.01659000,0.01635000,0.01656000,43723608.00000000,1755489599999999,720429.04737000,7174,22316175.00000000,367782.36833000,0
1755489600000000,0.01655000,0.01684000,0.01648000,0.01679000,37349961.00000000,1755493199999999,622804.16053000,4198,22997746.00000000,383529.39209000,0
1755493200000000,0.01679000,0.01688000,0.01660000,0.01681000,20448885.00000000,1755496799999999,342499.33408000,3885,12499136.00000000,209359.61423000,0
1755496800000000,0.01681000,0.01681000,0.01638000,0.01651000,34698755.00000000,1755500399999999,574038.58304000,6965,14949763.00000000,247089.85284000,0
1755500400000000,0.01652000,0.01661000,0.01644000,0.01651000,30562431.00000000,1755503999999999,504568.50415000,4008,15698499.00000000,259117.33683000,0
1755504000000000,0.01651000,0.01654000,0.01639000,0.01640000,15514082.00000000,1755507599999999,255619.05242000,3028,6546939.00000000,107889.59674000,0
1755507600000000,0.01640000,0.01667000,0.01629000,0.01660000,89256066.00000000,1755511199999999,1470747.16336000,9901,32997199.00000000,543905.15452000,0
1755511200000000,0.01660000,0.01663000,0.01649000,0.01651000,34361407.00000000,1755514799999999,569155.41652000,4180,16251997.00000000,269259.45079000,0
1755514800000000,0.01651000,0.01658000,0.01645000,0.01654000,21955720.00000000,1755518399999999,362538.30358000,2777,10751049.00000000,177563.47732000,0
1755518400000000,0.01653000,0.01687000,0.01648000,0.01687000,27417058.00000000,1755521999999999,457821.42584000,4089,18117257.00000000,302712.55246000,0
1755522000000000,0.01687000,0.01690000,0.01653000,0.01653000,38127758.00000000,1755525599999999,638091.09068000,7477,14915643.00000000,250031.67732000,0
1755525600000000,0.01653000,0.01671000,0.01648000,0.01671000,58792702.00000000,1755529199999999,975605.50187000,7700,29640732.00000000,491774.22679000,0
1755529200000000,0.01671000,0.01677000,0.01654000,0.01673000,38442777.00000000,1755532799999999,641107.67012000,5874,21571627.00000000,359686.84793000,0
1755532800000000,0.01673000,0.01679000,0.01652000,0.01656000,18801896.00000000,1755536399999999,312672.71595000,3902,10802262.00000000,179653.30517000,0
1755536400000000,0.01655000,0.01691000,0.01653000,0.01676000,25287252.00000000,1755539999999999,424426.90119000,3841,15793559.00000000,265250.74072000,0
1755540000000000,0.01675000,0.01681000,0.01667000,0.01679000,14122974.00000000,1755543599999999,236459.57068000,2976,8317708.00000000,139327.47927000,0
1755543600000000,0.01680000,0.01686000,0.01669000,0.01675000,15453641.00000000,1755547199999999,258913.67285000,3039,8339479.00000000,139791.21423000,0
1755547200000000,0.01675000,0.01680000,0.01660000,0.01670000,15502283.00000000,1755550799999999,258897.48620000,2553,6266720.00000000,104764.32421000,0
1755550800000000,0.01669000,0.01685000,0.01667000,0.01682000,10770565.00000000,1755554399999999,180584.90427000,1455,6103865.00000000,102314.21899000,0
1755554400000000,0.01683000,0.01698000,0.01680000,0.01680000,16826734.00000000,1755557999999999,284501.14768000,2311,8948056.00000000,151340.48152000,0
1755558000000000,0.01680000,0.01684000,0.01657000,0.01662000,15799076.00000000,1755561599999999,263909.48230000,1818,4255669.00000000,71191.59176000,0
1755561600000000,0.01661000,0.01679000,0.01634000,0.01679000,46424510.00000000,1755565199999999,768140.67527000,6864,22884771.00000000,378943.48198000,0
1755565200000000,0.01679000,0.01687000,0.01655000,0.01660000,20997351.00000000,1755568799999999,350944.20287000,4074,9655586.00000000,161498.52153000,0
1755568800000000,0.01661000,0.01666000,0.01651000,0.01654000,18176582.00000000,1755572399999999,301615.50576000,4050,10678891.00000000,177222.83309000,0
1755572400000000,0.01655000,0.01658000,0.01617000,0.01623000,65632033.00000000,1755575999999999,1073924.73383000,8485,29050976.00000000,475292.89038000,0
1755576000000000,0.01623000,0.01641000,0.01608000,0.01641000,46015018.00000000,1755579599999999,745702.95507000,8195,21707759.00000000,352017.28759000,0
1755579600000000,0.01641000,0.01647000,0.01633000,0.01633000,24290749.00000000,1755583199999999,398603.32114000,3215,14321707.00000000,235107.37532000,0
1755583200000000,0.01634000,0.01638000,0.01623000,0.01632000,16624072.00000000,1755586799999999,271212.33092000,2959,8235743.00000000,134384.01269000,0
1755586800000000,0.01633000,0.01634000,0.01617000,0.01631000,28903741.00000000,1755590399999999,468976.10074000,3669,14744941.00000000,239147.07863000,0
1755590400000000,0.01631000,0.01652000,0.01619000,0.01641000,33615629.00000000,1755593999999999,550100.30175000,4249,17268733.00000000,282840.95088000,0
1755594000000000,0.01641000,0.01665000,0.01641000,0.01658000,25090700.00000000,1755597599999999,415189.45990000,3318,17305182.00000000,286158.08326000,0
1755597600000000,0.01658000,0.01671000,0.01655000,0.01662000,17630937.00000000,1755601199999999,293055.23700000,2333,9375472.00000000,155816.79708000,0
1755601200000000,0.01662000,0.01671000,0.01659000,0.01669000,14065388.00000000,1755604799999999,234057.95639000,2620,8052373.00000000,134068.90532000,0
1755604800000000,0.01669000,0.01670000,0.01653000,0.01662000,19425190.00000000,1755608399999999,322594.86732000,2155,9573948.00000000,159011.20884000,0
1755608400000000,0.01661000,0.01673000,0.01638000,0.01655000,40455948.00000000,1755611999999999,668654.57593000,7524,20633038.00000000,341121.14052000,0
1755612000000000,0.01656000,0.01663000,0.01612000,0.01623000,62272124.00000000,1755615599999999,1013310.91341000,10034,28108743.00000000,457447.71094000,0
1755615600000000,0.01624000,0.01644000,0.01613000,0.01619000,37626062.00000000,1755619199999999,612149.37055000,6423,22846796.00000000,371999.10313000,0
1755619200000000,0.01619000,0.01621000,0.01597000,0.01603000,49338789.00000000,1755622799999999,792310.77766000,7338,23776147.00000000,381854.02476000,0
1755622800000000,0.01603000,0.01614000,0.01589000,0.01611000,53342738.00000000,1755626399999999,855657.61743000,6506,24802813.00000000,398179.57960000,0
1755626400000000,0.01610000,0.01611000,0.01579000,0.01587000,27990213.00000000,1755629999999999,445835.53259000,5284,12993533.00000000,207016.09981000,0
1755630000000000,0.01587000,0.01606000,0.01575000,0.01592000,26916321.00000000,1755633599999999,427838.66232000,4922,13626550.00000000,216796.02799000,0
1755633600000000,0.01591000,0.01607000,0.01582000,0.01607000,16442011.00000000,1755637199999999,262718.22858000,2634,7906202.00000000,126256.61250000,0
1755637200000000,0.01606000,0.01607000,0.01597000,0.01602000,12471140.00000000,1755640799999999,199672.71370000,1814,5172686.00000000,82852.84419000,0
1755640800000000,0.01602000,0.01603000,0.01590000,0.01592000,13428771.00000000,1755644399999999,214246.68365000,2289,5951982.00000000,94973.06889000,0
1755644400000000,0.01593000,0.01593000,0.01569000,0.01575000,30802232.00000000,1755647999999999,486554.68924000,3761,17312790.00000000,273443.82571000,0
1755648000000000,0.01575000,0.01591000,0.01574000,0.01585000,18414412.00000000,1755651599999999,291879.96987000,3456,9295488.00000000,147340.82688000,0
1755651600000000,0.01586000,0.01594000,0.01567000,0.01592000,25740073.00000000,1755655199999999,406669.60074000,4004,13904761.00000000,219605.47791000,0
1755655200000000,0.01592000,0.01604000,0.01590000,0.01594000,30796385.00000000,1755658799999999,491447.15420000,3289,17223215.00000000,274889.60280000,0
1755658800000000,0.01595000,0.01614000,0.01592000,0.01601000,15189503.00000000,1755662399999999,243607.43060000,1771,6784959.00000000,108953.40159000,0
1755662400000000,0.01601000,0.01619000,0.01601000,0.01615000,17440526.00000000,1755665999999999,281331.96518000,2475,8485675.00000000,136937.09285000,0
1755666000000000,0.01615000,0.01615000,0.01603000,0.01612000,10521955.00000000,1755669599999999,169338.17658000,1491,3235603.00000000,52069.70398000,0
1755669600000000,0.01613000,0.01614000,0.01600000,0.01607000,15569203.00000000,1755673199999999,250239.63882000,1532,5378109.00000000,86485.97487000,0
1755673200000000,0.01608000,0.01616000,0.01600000,0.01600000,10400254.00000000,1755676799999999,167242.18246000,1441,5038643.00000000,81078.41201000,0
1755676800000000,0.01601000,0.01626000,0.01599000,0.01625000,16067351.00000000,1755680399999999,259598.40335000,2358,9770884.00000000,157955.47610000,0
1755680400000000,0.01624000,0.01625000,0.01612000,0.01616000,11133227.00000000,1755683999999999,180178.48004000,1545,5963522.00000000,96548.44870000,0
1755684000000000,0.01616000,0.01628000,0.01613000,0.01622000,9666418.00000000,1755687599999999,156586.99136000,1438,3902644.00000000,63277.04846000,0
1755687600000000,0.01622000,0.01624000,0.01595000,0.01616000,16435340.00000000,1755691199999999,264253.82999000,2825,6414728.00000000,103148.88055000,0
1755691200000000,0.01617000,0.01630000,0.01610000,0.01612000,19768706.00000000,1755694799999999,319762.47985000,3407,8831370.00000000,142845.86783000,0
1755694800000000,0.01613000,0.01616000,0.01579000,0.01587000,34759226.00000000,1755698399999999,555098.48092000,6599,15970051.00000000,255055.80989000,0
1755698400000000,0.01587000,0.01631000,0.01575000,0.01617000,45501442.00000000,1755701999999999,729931.30664000,8216,23186963.00000000,372343.21276000,0
1755702000000000,0.01617000,0.01656000,0.01615000,0.01638000,68160671.00000000,1755705599999999,1121752.44864000,7615,36702684.00000000,604279.43572000,0
1755705600000000,0.01639000,0.01668000,0.01639000,0.01650000,27955176.00000000,1755709199999999,462443.13958000,4397,13412220.00000000,221902.96202000,0
1755709200000000,0.01651000,0.01676000,0.01651000,0.01667000,26239086.00000000,1755712799999999,436323.12164000,3586,12912821.00000000,214914.67621000,0
1755712800000000,0.01667000,0.01669000,0.01634000,0.01651000,30459795.00000000,1755716399999999,501895.62124000,4153,12745151.00000000,210034.23337000,0
1755716400000000,0.01651000,0.01677000,0.01650000,0.01675000,18990980.00000000,1755719999999999,316820.91363000,2634,9009185.00000000,150290.29560000,0
1755720000000000,0.01675000,0.01682000,0.01670000,0.01678000,18689702.00000000,1755723599999999,313533.80176000,2568,10559640.00000000,177194.23353000,0
1755723600000000,0.01678000,0.01681000,0.01664000,0.01675000,11125310.00000000,1755727199999999,186048.23504000,1974,4501443.00000000,75338.73288000,0
1755727200000000,0.01675000,0.01681000,0.01671000,0.01674000,11552272.00000000,1755730799999999,193492.29619000,1877,5398394.00000000,90441.16065000,0
1755730800000000,0.01673000,0.01674000,0.01663000,0.01666000,11668600.00000000,1755734399999999,194690.28531000,1285,6938981.00000000,115834.28465000,0
1755734400000000,0.01667000,0.01669000,0.01658000,0.01668000,15245571.00000000,1755737999999999,253592.56539000,2266,8626488.00000000,143556.78052000,0
1755738000000000,0.01668000,0.01679000,0.01662000,0.01679000,16451760.00000000,1755741599999999,274422.27308000,1929,12273399.00000000,204735.58812000,0
1755741600000000,0.01678000,0.01684000,0.01654000,0.01662000,19327707.00000000,1755745199999999,321734.48788000,2887,6810591.00000000,113464.23047000,0
1755745200000000,0.01662000,0.01684000,0.01662000,0.01669000,16487949.00000000,1755748799999999,276334.01097000,2791,7326529.00000000,122823.63420000,0
1755748800000000,0.01669000,0.01677000,0.01664000,0.01671000,8092586.00000000,1755752399999999,135223.47371000,1422,3303081.00000000,55201.00748000,0
1755752400000000,0.01671000,0.01675000,0.01662000,0.01674000,6455710.00000000,1755755999999999,107681.48793000,1308,3126789.00000000,52169.57740000,0
1755756000000000,0.01674000,0.01674000,0.01658000,0.01660000,8728592.00000000,1755759599999999,145066.97112000,1509,3661508.00000000,60841.58781000,0
1755759600000000,0.01660000,0.01662000,0.01644000,0.01656000,13053298.00000000,1755763199999999,215796.20521000,2171,6051937.00000000,100093.63314000,0
1755763200000000,0.01656000,0.01659000,0.01639000,0.01640000,19359079.00000000,1755766799999999,318737.61711000,2956,8071427.00000000,132924.04495000,0
1755766800000000,0.01640000,0.01645000,0.01629000,0.01635000,13895076.00000000,1755770399999999,227275.60172000,2119,5817473.00000000,95083.68851000,0
1755770400000000,0.01635000,0.01640000,0.01630000,0.01636000,13581270.00000000,1755773999999999,222062.96100000,2239,5803175.00000000,94915.73036000,0
1755774000000000,0.01636000,0.01642000,0.01625000,0.01633000,15214490.00000000,1755777599999999,248403.58261000,2081,9347877.00000000,152704.33916000,0
1755777600000000,0.01633000,0.01638000,0.01616000,0.01623000,16825961.00000000,1755781199999999,273699.20928000,3191,6509154.00000000,105983.34187000,0
1755781200000000,0.01623000,0.01649000,0.01620000,0.01632000,21808960.00000000,1755784799999999,356863.61836000,3979,11920407.00000000,195217.57155000,0
1755784800000000,0.01631000,0.01654000,0.01619000,0.01627000,36614790.00000000,1755788399999999,597018.67147000,5176,20135888.00000000,328485.51360000,0
1755788400000000,0.01628000,0.01631000,0.01610000,0.01616000,21852388.00000000,1755791999999999,354136.76685000,3578,9332139.00000000,151340.00285000,0
1755792000000000,0.01616000,0.01628000,0.01610000,0.01612000,21152758.00000000,1755795599999999,342328.58679000,3838,9229107.00000000,149471.56944000,0
1755795600000000,0.01613000,0.01628000,0.01608000,0.01623000,8620256.00000000,1755799199999999,139341.05329000,2651,4668956.00000000,75490.00272000,0
1755799200000000,0.01623000,0.01638000,0.01620000,0.01635000,8544826.00000000,1755802799999999,139126.33421000,2297,3738276.00000000,60850.26295000,0
1755802800000000,0.01635000,0.01639000,0.01613000,0.01617000,13018755.00000000,1755806399999999,211587.12025000,1970,6756439.00000000,109877.27317000,0
1755806400000000,0.01617000,0.01633000,0.01608000,0.01626000,12853598.00000000,1755809999999999,208364.85354000,2264,6086603.00000000,98636.72666000,0
1755810000000000,0.01627000,0.01637000,0.01615000,0.01630000,12528739.00000000,1755813599999999,203851.01085000,2256,7496793.00000000,121977.07575000,0
1755813600000000,0.01630000,0.01640000,0.01629000,0.01635000,7595073.00000000,1755817199999999,124139.83487000,1082,3215230.00000000,52543.41418000,0
1755817200000000,0.01635000,0.01636000,0.01613000,0.01621000,6962134.00000000,1755820799999999,112881.52400000,968,2898144.00000000,46985.18114000,0
1755820800000000,0.01622000,0.01632000,0.01615000,0.01617000,11106816.00000000,1755824399999999,180452.70853000,1575,4282469.00000000,69644.08744000,0
1755824400000000,0.01617000,0.01627000,0.01608000,0.01625000,25023147.00000000,1755827999999999,405414.69787000,2331,12796523.00000000,207372.86801000,0
1755828000000000,0.01626000,0.01647000,0.01621000,0.01634000,13666982.00000000,1755831599999999,223825.59342000,2735,8140487.00000000,133409.56596000,0
1755831600000000,0.01634000,0.01639000,0.01612000,0.01618000,6343955.00000000,1755835199999999,102843.61112000,1549,2056618.00000000,33414.15433000,0
1755835200000000,0.01618000,0.01633000,0.01616000,0.01620000,6894004.00000000,1755838799999999,112013.68253000,1468,3668633.00000000,59624.49818000,0
1755838800000000,0.01620000,0.01628000,0.01611000,0.01625000,12516060.00000000,1755842399999999,202666.51057000,1866,7849716.00000000,127138.60432000,0
1755842400000000,0.01624000,0.01633000,0.01612000,0.01616000,9578732.00000000,1755845999999999,155281.36085000,2143,4982796.00000000,80852.25092000,0
1755846000000000,0.01616000,0.01633000,0.01614000,0.01630000,12759567.00000000,1755849599999999,207735.09620000,2222,7141023.00000000,116225.64941000,0
1755849600000000,0.01629000,0.01639000,0.01623000,0.01623000,15484364.00000000,1755853199999999,252496.74776000,2266,7529868.00000000,122794.91446000,0
1755853200000000,0.01623000,0.01627000,0.01614000,0.01624000,11282190.00000000,1755856799999999,182844.08055000,2060,5948864.00000000,96442.01798000,0
1755856800000000,0.01624000,0.01624000,0.01606000,0.01613000,21312776.00000000,1755860399999999,343721.71614000,2313,9710503.00000000,156723.81629000,0
1755860400000000,0.01612000,0.01613000,0.01592000,0.01594000,40626964.00000000,1755863999999999,651174.39021000,3445,14707877.00000000,235419.96504000,0
1755864000000000,0.01595000,0.01595000,0.01560000,0.01581000,77345518.00000000,1755867599999999,1221704.62451000,8867,33556639.00000000,530466.29882000,0
1755867600000000,0.01582000,0.01613000,0.01571000,0.01598000,47380416.00000000,1755871199999999,755424.12610000,8475,26740497.00000000,426234.67272000,0
1755871200000000,0.01598000,0.01706000,0.01598000,0.01693000,326907411.00000000,1755874799999999,5457111.47924000,47473,165288676.00000000,2757131.01460000,0
1755874800000000,0.01693000,0.01730000,0.01693000,0.01716000,83055989.00000000,1755878399999999,1425938.84305000,11268,40423780.00000000,693498.56930000,0
1755878400000000,0.01716000,0.01776000,0.01716000,0.01769000,109098701.00000000,1755881999999999,1920469.01702000,17598,54066432.00000000,950557.11709000,0
1755882000000000,0.01770000,0.01799000,0.01770000,0.01789000,80784057.00000000,1755885599999999,1443656.86834000,14769,42754540.00000000,763835.57112000,0
1755885600000000,0.01790000,0.01811000,0.01788000,0.01807000,63661636.00000000,1755889199999999,1145892.57206000,8313,40142264.00000000,722631.77778000,0
1755889200000000,0.01807000,0.01824000,0.01803000,0.01817000,55605049.00000000,1755892799999999,1009504.93137000,6057,24989416.00000000,453826.41026000,0
1755892800000000,0.01817000,0.01825000,0.01809000,0.01823000,52459846.00000000,1755896399999999,953627.54038000,6743,24797576.00000000,450884.20530000,0
1755896400000000,0.01823000,0.01851000,0.01820000,0.01843000,61013173.00000000,1755899999999999,1122450.48350000,7849,33654942.00000000,619114.72829000,0
1755900000000000,0.01843000,0.01881000,0.01840000,0.01859000,80310966.00000000,1755903599999999,1495155.93382000,10325,35406696.00000000,659521.46092000,0
1755903600000000,0.01860000,0.01894000,0.01858000,0.01885000,49406730.00000000,1755907199999999,928942.59157000,6373,24673208.00000000,463483.17753000,0
1755907200000000,0.01885000,0.01892000,0.01850000,0.01850000,103520955.00000000,1755910799999999,1937438.39236000,13071,55736862.00000000,1043640.91743000,0
1755910800000000,0.01851000,0.01863000,0.01819000,0.01841000,76908322.00000000,1755914399999999,1417604.67589000,9681,41018032.00000000,757009.84936000,0
1755914400000000,0.01841000,0.01843000,0.01786000,0.01808000,53726319.00000000,1755917999999999,973261.21128000,10430,20979706.00000000,379756.56113000,0
1755918000000000,0.01809000,0.01822000,0.01798000,0.01809000,38548878.00000000,1755921599999999,697838.80144000,5657,19278003.00000000,349337.10823000,0
1755921600000000,0.01809000,0.01850000,0.01809000,0.01850000,41500988.00000000,1755925199999999,759912.87264000,5874,24778663.00000000,453974.23573000,0
1755925200000000,0.01849000,0.01878000,0.01848000,0.01870000,48974069.00000000,1755928799999999,913429.24522000,6575,23993119.00000000,447107.01550000,0
1755928800000000,0.01870000,0.01872000,0.01846000,0.01858000,71289668.00000000,1755932399999999,1324900.67875000,7210,28249732.00000000,525297.48614000,0
1755932400000000,0.01858000,0.01870000,0.01839000,0.01845000,58910547.00000000,1755935999999999,1092573.61112000,5812,26631060.00000000,494631.17700000,0
1755936000000000,0.01845000,0.01863000,0.01845000,0.01859000,71581959.00000000,1755939599999999,1328835.03364000,8271,21781759.00000000,404197.77125000,0
1755939600000000,0.01859000,0.01875000,0.01849000,0.01869000,53809143.00000000,1755943199999999,1001713.78884000,6578,24559867.00000000,457462.47297000,0
1755943200000000,0.01869000,0.01872000,0.01853000,0.01859000,26939835.00000000,1755946799999999,501065.37676000,3391,11231209.00000000,209016.72458000,0
1755946800000000,0.01860000,0.01872000,0.01854000,0.01861000,30029622.00000000,1755950399999999,559702.13825000,3709,18354450.00000000,342453.57654000,0
1755950400000000,0.01862000,0.01879000,0.01851000,0.01854000,46717885.00000000,1755953999999999,869884.84476000,5055,21892660.00000000,407804.53993000,0
1755954000000000,0.01853000,0.01853000,0.01833000,0.01844000,50938775.00000000,1755957599999999,939707.48676000,5777,18975275.00000000,349981.67663000,0
1755957600000000,0.01845000,0.01860000,0.01836000,0.01845000,30516073.00000000,1755961199999999,563649.61485000,5188,13622973.00000000,251742.57340000,0
1755961200000000,0.01846000,0.01851000,0.01840000,0.01842000,28787251.00000000,1755964799999999,531102.66475000,4034,11007344.00000000,203140.35081000,0
1755964800000000,0.01843000,0.01845000,0.01822000,0.01828000,33068710.00000000,1755968399999999,604873.68748000,3996,14974092.00000000,273849.90356000,0
1755968400000000,0.01828000,0.01836000,0.01828000,0.01832000,20265989.00000000,1755971999999999,371414.95570000,2491,12656129.00000000,231925.94629000,0
1755972000000000,0.01832000,0.01843000,0.01831000,0.01837000,8985385.00000000,1755975599999999,165058.30858000,1816,5046543.00000000,92745.20680000,0
1755975600000000,0.01838000,0.01863000,0.01838000,0.01863000,22040582.00000000,1755979199999999,407841.65414000,2539,12284010.00000000,227316.06637000,0
1755979200000000,0.01863000,0.01865000,0.01842000,0.01850000,17563800.00000000,1755982799999999,325891.37268000,2682,5025034.00000000,93205.84260000,0
1755982800000000,0.01849000,0.01850000,0.01838000,0.01845000,14154480.00000000,1755986399999999,260842.34541000,2058,5072877.00000000,93491.99731000,0
1755986400000000,0.01845000,0.01850000,0.01838000,0.01849000,25163324.00000000,1755989999999999,463697.52020000,2447,10948398.00000000,201736.16631000,0
1755990000000000,0.01849000,0.01852000,0.01839000,0.01842000,11423671.00000000,1755993599999999,210997.59103000,2132,4789921.00000000,88482.02594000,0
1755993600000000,0.01842000,0.01849000,0.01838000,0.01840000,14977563.00000000,1755997199999999,275986.01572000,2670,6659723.00000000,122725.09043000,0
1755997200000000,0.01839000,0.01839000,0.01824000,0.01826000,23744736.00000000,1756000799999999,434496.69466000,3054,11405970.00000000,208680.54085000,0
1756000800000000,0.01826000,0.01829000,0.01815000,0.01820000,19327235.00000000,1756004399999999,352120.52609000,3174,8727900.00000000,159026.03659000,0
1756004400000000,0.01819000,0.01824000,0.01810000,0.01822000,21424609.00000000,1756007999999999,389083.36010000,2925,11846387.00000000,215272.33205000,0
1756008000000000,0.01823000,0.01826000,0.01813000,0.01818000,10413049.00000000,1756011599999999,189194.77011000,2627,4039464.00000000,73429.04933000,0
1756011600000000,0.01818000,0.01818000,0.01802000,0.01807000,13647261.00000000,1756015199999999,246912.82026000,2302,4603559.00000000,83306.98304000,0
1756015200000000,0.01807000,0.01807000,0.01771000,0.01772000,33321993.00000000,1756018799999999,595937.33415000,4406,12628424.00000000,225613.69667000,0
1756018800000000,0.01772000,0.01785000,0.01770000,0.01775000,41902581.00000000,1756022399999999,745045.23095000,3941,16487396.00000000,293168.65105000,0
1756022400000000,0.01776000,0.01788000,0.01770000,0.01775000,18586860.00000000,1756025999999999,330283.33076000,2561,7295184.00000000,129723.72035000,0
1756026000000000,0.01774000,0.01780000,0.01760000,0.01762000,18130262.00000000,1756029599999999,320485.87035000,2890,8969329.00000000,158581.81036000,0
1756029600000000,0.01762000,0.01762000,0.01732000,0.01736000,63523032.00000000,1756033199999999,1106820.74744000,5548,18400320.00000000,320458.07368000,0
1756033200000000,0.01736000,0.01748000,0.01726000,0.01740000,40005825.00000000,1756036799999999,694137.30808000,4063,18341231.00000000,318640.00985000,0
1756036800000000,0.01739000,0.01749000,0.01734000,0.01747000,22242539.00000000,1756040399999999,387261.80973000,3261,12788527.00000000,222763.74148000,0
1756040400000000,0.01747000,0.01768000,0.01746000,0.01750000,67503476.00000000,1756043999999999,1186930.97389000,4208,30665352.00000000,539652.31464000,0
1756044000000000,0.01750000,0.01757000,0.01743000,0.01752000,20452574.00000000,1756047599999999,357864.00359000,3135,12552002.00000000,219683.71822000,0
1756047600000000,0.01752000,0.01783000,0.01749000,0.01765000,37653817.00000000,1756051199999999,667991.95245000,5286,19009309.00000000,337168.57548000,0
1756051200000000,0.01765000,0.01777000,0.01755000,0.01771000,24223637.00000000,1756054799999999,428271.77005000,4689,13710318.00000000,242474.40734000,0
1756054800000000,0.01771000,0.01829000,0.01771000,0.01813000,54084678.00000000,1756058399999999,974032.44443000,8597,33303290.00000000,599712.65334000,0
1756058400000000,0.01813000,0.01872000,0.01807000,0.01858000,78502203.00000000,1756061999999999,1446685.17788000,9552,38441121.00000000,708300.22423000,0
1756062000000000,0.01858000,0.01874000,0.01748000,0.01799000,312564956.00000000,1756065599999999,5615828.66958000,40689,149698435.00000000,2686810.48674000,0
1756065600000000,0.01800000,0.01808000,0.01749000,0.01792000,110018358.00000000,1756069199999999,1959318.00616000,19157,57875150.00000000,1031604.84021000,0
1756069200000000,0.01792000,0.01821000,0.01779000,0.01800000,52750000.00000000,1756072799999999,949346.98927000,9166,32161218.00000000,578370.98935000,0
1756072800000000,0.01800000,0.01803000,0.01768000,0.01800000,42940392.00000000,1756076399999999,767970.64903000,9936,28316964.00000000,506524.01812000,0
1756076400000000,0.01800000,0.01814000,0.01794000,0.01798000,28605201.00000000,1756079999999999,515895.47297000,5259,19765274.00000000,356384.38605000,0
1756080000000000,0.01798000,0.01808000,0.01748000,0.01771000,48434333.00000000,1756083599999999,859697.37721000,7358,20473827.00000000,364005.72345000,0
1756083600000000,0.01771000,0.01794000,0.01767000,0.01785000,23324125.00000000,1756087199999999,415342.55535000,4535,12424013.00000000,221273.07699000,0
1756087200000000,0.01784000,0.01819000,0.01784000,0.01817000,30850125.00000000,1756090799999999,557841.61379000,4258,17723029.00000000,320460.94624000,0
1756090800000000,0.01817000,0.01832000,0.01809000,0.01813000,45795217.00000000,1756094399999999,833925.48897000,4568,18195853.00000000,331599.97401000,0
1756094400000000,0.01813000,0.01821000,0.01795000,0.01795000,23084776.00000000,1756097999999999,417637.95640000,5520,10953087.00000000,198248.65494000,0
1756098000000000,0.01796000,0.01800000,0.01778000,0.01779000,18877483.00000000,1756101599999999,337294.34315000,4066,8131512.00000000,145358.00837000,0
1756101600000000,0.01780000,0.01783000,0.01745000,0.01745000,45887948.00000000,1756105199999999,810131.46637000,6174,17166382.00000000,302752.51013000,0
1756105200000000,0.01746000,0.01756000,0.01710000,0.01718000,64097447.00000000,1756108799999999,1110835.85895000,7715,27012062.00000000,467872.23693000,0
1756108800000000,0.01718000,0.01732000,0.01700000,0.01720000,46415350.00000000,1756112399999999,796147.66397000,8321,21879109.00000000,375717.67306000,0
1756112400000000,0.01719000,0.01724000,0.01710000,0.01716000,23370010.00000000,1756115999999999,401477.25392000,3991,14538514.00000000,249927.45428000,0
1756116000000000,0.01715000,0.01715000,0.01671000,0.01678000,75913493.00000000,1756119599999999,1281416.06671000,9140,41797538.00000000,706151.07697000,0
1756119600000000,0.01679000,0.01698000,0.01679000,0.01696000,24570349.00000000,1756123199999999,414711.07773000,3119,15648851.00000000,264071.72590000,0
1756123200000000,0.01696000,0.01702000,0.01684000,0.01695000,26886016.00000000,1756126799999999,455280.81719000,3792,12969703.00000000,219700.06228000,0
1756126800000000,0.01695000,0.01698000,0.01672000,0.01684000,50436470.00000000,1756130399999999,850078.77057000,7815,22105324.00000000,372596.45023000,0
1756130400000000,0.01685000,0.01713000,0.01680000,0.01695000,63347871.00000000,1756133999999999,1075426.61156000,7179,29280976.00000000,497586.51308000,0
1756134000000000,0.01696000,0.01703000,0.01672000,0.01678000,37655814.00000000,1756137599999999,633835.59855000,4424,11838498.00000000,199536.20154000,0
1756137600000000,0.01678000,0.01688000,0.01663000,0.01663000,54260643.00000000,1756141199999999,907828.57781000,5362,31061344.00000000,519586.07333000,0
1756141200000000,0.01663000,0.01667000,0.01648000,0.01661000,38800093.00000000,1756144799999999,642582.73784000,5277,16922049.00000000,280445.78835000,0
1756144800000000,0.01661000,0.01668000,0.01653000,0.01656000,10404096.00000000,1756148399999999,172560.86107000,2796,5263134.00000000,87333.59341000,0
1756148400000000,0.01655000,0.01661000,0.01621000,0.01624000,55202581.00000000,1756151999999999,905512.36180000,8661,26048028.00000000,427683.47691000,0
1756152000000000,0.01625000,0.01630000,0.01578000,0.01581000,131147228.00000000,1756155599999999,2099789.18084000,18805,64750893.00000000,1037527.16320000,0
1756155600000000,0.01581000,0.01595000,0.01574000,0.01579000,82099038.00000000,1756159199999999,1300642.61323000,11093,50003173.00000000,792664.57779000,0
1756159200000000,0.01579000,0.01605000,0.01575000,0.01597000,51113536.00000000,1756162799999999,810906.90899000,5377,24899063.00000000,395504.75427000,0
1756162800000000,0.01598000,0.01605000,0.01586000,0.01600000,26912762.00000000,1756166399999999,429162.97434000,3125,11944922.00000000,190467.56382000,0
1756166400000000,0.01600000,0.01607000,0.01586000,0.01597000,39536818.00000000,1756169999999999,631197.08781000,6791,19756887.00000000,315560.85547000,0
1756170000000000,0.01598000,0.01630000,0.01589000,0.01629000,38373604.00000000,1756173599999999,618329.33672000,5086,20044581.00000000,323416.13292000,0
1756173600000000,0.01628000,0.01637000,0.01608000,0.01614000,20862230.00000000,1756177199999999,339052.12629000,3762,6353231.00000000,103373.79646000,0
1756177200000000,0.01614000,0.01619000,0.01604000,0.01616000,7456687.00000000,1756180799999999,120281.80695000,1990,3552877.00000000,57328.25706000,0
1756180800000000,0.01616000,0.01629000,0.01616000,0.01623000,16790263.00000000,1756184399999999,272531.06286000,2741,7424758.00000000,120480.51951000,0
1756184400000000,0.01623000,0.01626000,0.01611000,0.01613000,12646071.00000000,1756187999999999,204691.79133000,1917,4484790.00000000,72616.27152000,0
1756188000000000,0.01612000,0.01620000,0.01605000,0.01606000,31012831.00000000,1756191599999999,499138.62445000,3111,15068821.00000000,242526.40229000,0
1756191600000000,0.01607000,0.01637000,0.01604000,0.01628000,41870303.00000000,1756195199999999,679780.57190000,4637,25606849.00000000,415590.40648000,0
1756195200000000,0.01628000,0.01632000,0.01617000,0.01621000,23374375.00000000,1756198799999999,379665.18737000,3414,13052631.00000000,212085.07616000,0
1756198800000000,0.01620000,0.01623000,0.01610000,0.01614000,20252883.00000000,1756202399999999,327916.57190000,2311,7871688.00000000,127480.76213000,0
1756202400000000,0.01615000,0.01633000,0.01613000,0.01625000,13703777.00000000,1756205999999999,222273.87183000,2094,7608114.00000000,123492.46882000,0
1756206000000000,0.01625000,0.01629000,0.01610000,0.01621000,15557787.00000000,1756209599999999,251595.66935000,2246,5887011.00000000,95254.69192000,0
1756209600000000,0.01621000,0.01668000,0.01613000,0.01651000,53716670.00000000,1756213199999999,886375.38103000,9147,24597338.00000000,405725.79537000,0
1756213200000000,0.01650000,0.01662000,0.01618000,0.01640000,50724552.00000000,1756216799999999,832485.03224000,9958,23648374.00000000,388289.44760000,0
1756216800000000,0.01640000,0.01655000,0.01624000,0.01652000,38788976.00000000,1756220399999999,635869.18139000,6744,18122734.00000000,297197.57997000,0
1756220400000000,0.01651000,0.01661000,0.01636000,0.01644000,21835913.00000000,1756223999999999,359949.88550000,3378,9755495.00000000,160809.41574000,0
1756224000000000,0.01644000,0.01673000,0.01641000,0.01672000,33179271.00000000,1756227599999999,548645.36899000,4059,13361637.00000000,221373.83136000,0
1756227600000000,0.01672000,0.01673000,0.01649000,0.01660000,28779794.00000000,1756231199999999,478684.31044000,3236,10582896.00000000,176101.17104000,0
1756231200000000,0.01660000,0.01670000,0.01658000,0.01666000,13223254.00000000,1756234799999999,220167.19938000,2385,6128872.00000000,102066.06116000,0
1756234800000000,0.01665000,0.01691000,0.01658000,0.01685000,27946104.00000000,1756238399999999,469065.23708000,3820,15010296.00000000,251975.84200000,0
1756238400000000,0.01686000,0.01695000,0.01674000,0.01677000,27206159.00000000,1756241999999999,458323.57522000,4640,12120204.00000000,204342.42229000,0
1756242000000000,0.01677000,0.01688000,0.01672000,0.01688000,19118319.00000000,1756245599999999,320824.02160000,2146,8785145.00000000,147553.69712000,0
1756245600000000,0.01689000,0.01692000,0.01679000,0.01684000,14730508.00000000,1756249199999999,248126.64805000,1982,6638584.00000000,111866.10078000,0
1756249200000000,0.01684000,0.01690000,0.01671000,0.01674000,14571825.00000000,1756252799999999,245023.15682000,1876,9205596.00000000,154883.45869000,0
1756252800000000,0.01674000,0.01678000,0.01663000,0.01666000,14854492.00000000,1756256399999999,248008.15067000,1825,7107965.00000000,118646.16792000,0
1756256400000000,0.01666000,0.01676000,0.01660000,0.01675000,17173450.00000000,1756259999999999,285928.47132000,1594,5713843.00000000,95239.72239000,0
1756260000000000,0.01675000,0.01681000,0.01660000,0.01674000,10341833.00000000,1756263599999999,172951.80585000,1697,4935405.00000000,82648.72242000,0
1756263600000000,0.01673000,0.01702000,0.01667000,0.01693000,21183538.00000000,1756267199999999,357171.06993000,2589,12615822.00000000,213160.22399000,0
1756267200000000,0.01693000,0.01714000,0.01691000,0.01709000,20294378.00000000,1756270799999999,346034.55546000,3562,9998765.00000000,170533.26136000,0
1756270800000000,0.01708000,0.01714000,0.01694000,0.01695000,18294743.00000000,1756274399999999,311740.94005000,2690,8439183.00000000,143914.09721000,0
1756274400000000,0.01695000,0.01700000,0.01684000,0.01686000,12456292.00000000,1756277999999999,210851.84952000,1607,3727585.00000000,63142.33319000,0
1756278000000000,0.01686000,0.01687000,0.01668000,0.01673000,25620644.00000000,1756281599999999,429010.39177000,2478,9263870.00000000,155065.54724000,0
1756281600000000,0.01674000,0.01679000,0.01661000,0.01672000,14643327.00000000,1756285199999999,244211.95924000,2149,7218241.00000000,120427.10343000,0
1756285200000000,0.01672000,0.01687000,0.01669000,0.01670000,17609167.00000000,1756288799999999,295497.74653000,1986,9787410.00000000,164254.14725000,0
1756288800000000,0.01671000,0.01676000,0.01663000,0.01667000,13260468.00000000,1756292399999999,221403.84623000,1969,6315308.00000000,105518.40273000,0
1756292400000000,0.01667000,0.01677000,0.01666000,0.01673000,7905996.00000000,1756295999999999,132102.22812000,1538,4332574.00000000,72377.94304000,0
1756296000000000,0.01673000,0.01676000,0.01651000,0.01666000,21760695.00000000,1756299599999999,361289.21747000,2365,11715861.00000000,194454.32838000,0
1756299600000000,0.01666000,0.01682000,0.01649000,0.01661000,45394649.00000000,1756303199999999,754855.97329000,5266,19187817.00000000,318808.92579000,0
1756303200000000,0.01661000,0.01694000,0.01655000,0.01675000,46365403.00000000,1756306799999999,778661.77757000,6078,20474487.00000000,343902.43777000,0
1756306800000000,0.01675000,0.01690000,0.01669000,0.01677000,24858468.00000000,1756310399999999,417101.94503000,4271,11727193.00000000,196929.47303000,0
1756310400000000,0.01678000,0.01679000,0.01657000,0.01669000,26679796.00000000,1756313999999999,445416.19593000,2871,15383265.00000000,256867.59190000,0
1756314000000000,0.01669000,0.01684000,0.01662000,0.01675000,16722344.00000000,1756317599999999,279440.09117000,2327,5996136.00000000,100362.48611000,0
1756317600000000,0.01676000,0.01682000,0.01661000,0.01661000,10783305.00000000,1756321199999999,180433.28754000,2209,4359167.00000000,72928.36244000,0
1756321200000000,0.01662000,0.01664000,0.01639000,0.01651000,24009550.00000000,1756324799999999,396996.16061000,3862,10007253.00000000,165395.47716000,0
1756324800000000,0.01652000,0.01678000,0.01632000,0.01676000,143079152.00000000,1756328399999999,2371381.80727000,20579,72845677.00000000,1207246.89555000,0
1756328400000000,0.01676000,0.01682000,0.01648000,0.01652000,20827086.00000000,1756331999999999,346682.45123000,3221,8211070.00000000,136680.40486000,0
1756332000000000,0.01653000,0.01658000,0.01636000,0.01651000,17219893.00000000,1756335599999999,283709.49301000,3353,8845827.00000000,145742.59544000,0
1756335600000000,0.01651000,0.01655000,0.01639000,0.01642000,10614900.00000000,1756339199999999,174885.02494000,1988,4912490.00000000,80979.33243000,0
1756339200000000,0.01642000,0.01650000,0.01623000,0.01639000,13573580.00000000,1756342799999999,222052.70803000,1958,6447336.00000000,105581.87985000,0
1756342800000000,0.01640000,0.01662000,0.01639000,0.01657000,11098201.00000000,1756346399999999,183501.52309000,1910,6864450.00000000,113467.98331000,0
1756346400000000,0.01657000,0.01669000,0.01651000,0.01652000,7590429.00000000,1756349999999999,125889.18978000,1855,4514022.00000000,74873.54124000,0
1756350000000000,0.01652000,0.01666000,0.01649000,0.01665000,7422289.00000000,1756353599999999,123136.69530000,1933,4815613.00000000,79916.80876000,0
1756353600000000,0.01665000,0.01679000,0.01660000,0.01678000,15434712.00000000,1756357199999999,257802.96386000,2706,7291114.00000000,121874.90693000,0
1756357200000000,0.01678000,0.01683000,0.01667000,0.01672000,14571273.00000000,1756360799999999,244183.98820000,2752,6722191.00000000,112701.89967000,0
1756360800000000,0.01672000,0.01674000,0.01665000,0.01672000,12890838.00000000,1756364399999999,215198.74246000,2214,5810028.00000000,97044.71512000,0
1756364400000000,0.01673000,0.01677000,0.01661000,0.01675000,14635746.00000000,1756367999999999,244335.21624000,1200,7422027.00000000,123951.48767000,0
1756368000000000,0.01676000,0.01691000,0.01674000,0.01679000,20017762.00000000,1756371599999999,336957.24076000,1670,9567423.00000000,161116.05698000,0
1756371600000000,0.01679000,0.01679000,0.01661000,0.01665000,13109174.00000000,1756375199999999,218731.82817000,1120,5224347.00000000,87127.86103000,0
1756375200000000,0.01666000,0.01675000,0.01659000,0.01675000,10415949.00000000,1756378799999999,173629.26975000,1127,5867058.00000000,97835.13352000,0
1756378800000000,0.01675000,0.01675000,0.01665000,0.01673000,14457924.00000000,1756382399999999,241368.75159000,1147,4193445.00000000,70043.65227000,0
1756382400000000,0.01674000,0.01684000,0.01668000,0.01678000,18909097.00000000,1756385999999999,317185.08810000,2077,10455885.00000000,175390.90292000,0
1756386000000000,0.01679000,0.01692000,0.01674000,0.01692000,38731153.00000000,1756389599999999,651079.46631000,3887,22527526.00000000,378918.31803000,0
1756389600000000,0.01693000,0.01714000,0.01688000,0.01708000,55806687.00000000,1756393199999999,948545.65490000,5140,29756059.00000000,505819.08494000,0
1756393200000000,0.01708000,0.01718000,0.01673000,0.01678000,56210039.00000000,1756396799999999,953988.65227000,4419,20373841.00000000,346152.75056000,0
1756396800000000,0.01679000,0.01696000,0.01651000,0.01651000,31378708.00000000,1756400399999999,525654.29151000,2869,12800193.00000000,214676.19697000,0
1756400400000000,0.01651000,0.01670000,0.01647000,0.01667000,53269274.00000000,1756403999999999,884418.89890000,3039,30695611.00000000,509519.19247000,0
1756404000000000,0.01667000,0.01682000,0.01661000,0.01674000,9640998.00000000,1756407599999999,161029.97137000,1534,4881457.00000000,81552.47889000,0
1756407600000000,0.01675000,0.01681000,0.01648000,0.01649000,20983690.00000000,1756411199999999,347856.53874000,1891,4880459.00000000,81173.78346000,0
1756411200000000,0.01648000,0.01666000,0.01645000,0.01662000,18061986.00000000,1756414799999999,299127.79205000,1857,11967413.00000000,198285.48307000,0
1756414800000000,0.01662000,0.01689000,0.01661000,0.01689000,20419068.00000000,1756418399999999,342713.29187000,1629,9652406.00000000,161944.23277000,0
1756418400000000,0.01688000,0.01726000,0.01688000,0.01724000,41322680.00000000,1756421999999999,707219.72271000,3198,24215531.00000000,414731.80323000,0
1756422000000000,0.01724000,0.01735000,0.01717000,0.01727000,42222391.00000000,1756425599999999,728282.33914000,4381,21258395.00000000,366915.43804000,0
1756425600000000,0.01727000,0.01735000,0.01713000,0.01717000,51971871.00000000,1756429199999999,894823.09258000,4168,25579212.00000000,440702.68593000,0
1756429200000000,0.01718000,0.01721000,0.01691000,0.01697000,28593565.00000000,1756432799999999,486201.22218000,3738,10407302.00000000,176913.34497000,0
1756432800000000,0.01697000,0.01726000,0.01693000,0.01714000,17724983.00000000,1756436399999999,303257.77951000,2482,10276886.00000000,175824.58068000,0
1756436400000000,0.01713000,0.01728000,0.01707000,0.01720000,18753563.00000000,1756439999999999,321599.49997000,2200,10365294.00000000,177782.46024000,0
1756440000000000,0.01720000,0.01725000,0.01702000,0.01707000,18456995.00000000,1756443599999999,316292.16716000,2236,6654099.00000000,114130.31386000,0
1756443600000000,0.01707000,0.01713000,0.01699000,0.01703000,18712071.00000000,1756447199999999,318874.39858000,2627,7455738.00000000,127102.58325000,0
1756447200000000,0.01702000,0.01707000,0.01674000,0.01683000,55671487.00000000,1756450799999999,937986.29582000,4398,23413323.00000000,394732.59125000,0
1756450800000000,0.01683000,0.01683000,0.01635000,0.01638000,68751889.00000000,1756454399999999,1137221.64922000,6710,33912163.00000000,560606.70770000,0
1756454400000000,0.01638000,0.01644000,0.01614000,0.01615000,44348980.00000000,1756457999999999,721349.91925000,4714,21899946.00000000,356143.36269000,0
1756458000000000,0.01615000,0.01630000,0.01601000,0.01628000,33216955.00000000,1756461599999999,537168.47516000,4466,17456738.00000000,282665.33220000,0
1756461600000000,0.01627000,0.01640000,0.01625000,0.01633000,32177234.00000000,1756465199999999,525496.26267000,3943,15524984.00000000,253583.34228000,0
1756465200000000,0.01632000,0.01640000,0.01617000,0.01619000,28590198.00000000,1756468799999999,466461.19970000,3982,16198015.00000000,264452.76727000,0
1756468800000000,0.01619000,0.01673000,0.01618000,0.01641000,127084842.00000000,1756472399999999,2093621.52066000,13955,69118688.00000000,1138317.56040000,0
1756472400000000,0.01640000,0.01641000,0.01595000,0.01609000,73972791.00000000,1756475999999999,1195321.54963000,11171,31669020.00000000,511266.41444000,0
1756476000000000,0.01610000,0.01622000,0.01581000,0.01610000,104948459.00000000,1756479599999999,1683046.81961000,14391,51690438.00000000,828367.70421000,0
1756479600000000,0.01610000,0.01626000,0.01596000,0.01602000,28047678.00000000,1756483199999999,452340.55383000,5114,10691563.00000000,172554.80103000,0
1756483200000000,0.01601000,0.01607000,0.01586000,0.01596000,29884229.00000000,1756486799999999,477398.03577000,4645,15859342.00000000,253384.11516000,0
1756486800000000,0.01595000,0.01595000,0.01575000,0.01582000,22279682.00000000,1756490399999999,352929.85673000,4550,8913478.00000000,141232.60277000,0
1756490400000000,0.01582000,0.01587000,0.01573000,0.01578000,20950400.00000000,1756493999999999,330659.09659000,3331,12410110.00000000,195887.43423000,0
1756494000000000,0.01578000,0.01608000,0.01573000,0.01598000,25101419.00000000,1756497599999999,399543.99594000,4346,12926553.00000000,205623.95412000,0
1756497600000000,0.01599000,0.01600000,0.01584000,0.01588000,22786525.00000000,1756501199999999,362737.86885000,3999,11950897.00000000,190201.81849000,0
1756501200000000,0.01588000,0.01616000,0.01580000,0.01613000,23195921.00000000,1756504799999999,371064.93969000,3174,11474140.00000000,183708.09581000,0
1756504800000000,0.01614000,0.01614000,0.01602000,0.01613000,12498063.00000000,1756508399999999,201108.85660000,1956,6108044.00000000,98313.49745000,0
1756508400000000,0.01613000,0.01613000,0.01602000,0.01604000,10437699.00000000,1756511999999999,167750.65490000,1552,4095445.00000000,65807.40063000,0
1756512000000000,0.01604000,0.01607000,0.01595000,0.01602000,12365865.00000000,1756515599999999,197934.85290000,2019,5475987.00000000,87692.45920000,0
1756515600000000,0.01602000,0.01607000,0.01575000,0.01578000,19295728.00000000,1756519199999999,306387.78269000,2380,4837884.00000000,76861.62092000,0
1756519200000000,0.01578000,0.01604000,0.01575000,0.01601000,13334135.00000000,1756522799999999,212292.21233000,2170,7368019.00000000,117263.00961000,0
1756522800000000,0.01601000,0.01633000,0.01601000,0.01626000,21229216.00000000,1756526399999999,343707.13391000,2734,14315954.00000000,231626.17957000,0
1756526400000000,0.01626000,0.01630000,0.01619000,0.01620000,6329764.00000000,1756529999999999,102815.86388000,1472,2673889.00000000,43438.55298000,0
1756530000000000,0.01619000,0.01630000,0.01617000,0.01622000,9778261.00000000,1756533599999999,158865.56486000,2030,4178294.00000000,67898.28878000,0
1756533600000000,0.01623000,0.01630000,0.01621000,0.01626000,14501014.00000000,1756537199999999,235714.39864000,2248,7074066.00000000,114989.93734000,0
1756537200000000,0.01626000,0.01643000,0.01624000,0.01641000,13040640.00000000,1756540799999999,213208.60252000,1930,8532753.00000000,139515.84522000,0
1756540800000000,0.01641000,0.01644000,0.01628000,0.01628000,20624936.00000000,1756544399999999,337434.65519000,2228,7508526.00000000,122998.32134000,0
1756544400000000,0.01629000,0.01633000,0.01624000,0.01626000,10548908.00000000,1756547999999999,171724.56272000,1717,4380612.00000000,71321.59815000,0
1756548000000000,0.01626000,0.01635000,0.01623000,0.01632000,11435664.00000000,1756551599999999,186282.30197000,1393,6918090.00000000,112744.46912000,0
1756551600000000,0.01632000,0.01637000,0.01624000,0.01635000,7755870.00000000,1756555199999999,126456.80179000,1234,3574947.00000000,58327.94698000,0
1756555200000000,0.01635000,0.01635000,0.01609000,0.01615000,39558520.00000000,1756558799999999,639566.76757000,3692,10231819.00000000,165327.35725000,0
1756558800000000,0.01614000,0.01616000,0.01600000,0.01615000,24356541.00000000,1756562399999999,391344.47342000,3342,11500875.00000000,184962.27662000,0
1756562400000000,0.01614000,0.01616000,0.01604000,0.01614000,8000588.00000000,1756565999999999,128778.60528000,1961,4004817.00000000,64471.17814000,0
1756566000000000,0.01615000,0.01634000,0.01609000,0.01629000,11480529.00000000,1756569599999999,186598.52188000,2470,6212865.00000000,101024.44470000,0
1756569600000000,0.01628000,0.01631000,0.01610000,0.01612000,23793316.00000000,1756573199999999,386499.72513000,2302,10654901.00000000,173044.02565000,0
1756573200000000,0.01612000,0.01616000,0.01604000,0.01610000,7686382.00000000,1756576799999999,123825.88804000,1885,2552252.00000000,41137.33668000,0
1756576800000000,0.01610000,0.01615000,0.01604000,0.01610000,8940555.00000000,1756580399999999,143917.31147000,1584,3872914.00000000,62362.18900000,0
1756580400000000,0.01609000,0.01617000,0.01605000,0.01617000,8997390.00000000,1756583999999999,144941.28353000,1665,5092246.00000000,82070.39483000,0
1756584000000000,0.01617000,0.01618000,0.01606000,0.01612000,20461697.00000000,1756587599999999,329480.14828000,1919,5967512.00000000,96136.82117000,0
1756587600000000,0.01611000,0.01616000,0.01606000,0.01612000,18829060.00000000,1756591199999999,303188.09490000,1781,9764550.00000000,157246.18347000,0
1756591200000000,0.01611000,0.01618000,0.01605000,0.01616000,14224724.00000000,1756594799999999,228999.08287000,1577,6835286.00000000,110061.15235000,0
1756594800000000,0.01615000,0.01622000,0.01614000,0.01618000,12127133.00000000,1756598399999999,196353.20322000,1178,7474525.00000000,121049.71706000,0
1756598400000000,0.01618000,0.01649000,0.01618000,0.01648000,39537516.00000000,1756601999999999,646842.76561000,4659,23620934.00000000,386690.26118000,0
1756602000000000,0.01648000,0.01670000,0.01646000,0.01668000,39132771.00000000,1756605599999999,649905.59900000,4508,21369162.00000000,354810.56874000,0
1756605600000000,0.01668000,0.01674000,0.01657000,0.01671000,25501071.00000000,1756609199999999,424714.97900000,2910,11876763.00000000,197883.44972000,0
1756609200000000,0.01672000,0.01691000,0.01672000,0.01679000,54352247.00000000,1756612799999999,913511.30692000,4406,27639189.00000000,464271.08682000,0
1756612800000000,0.01680000,0.01680000,0.01658000,0.01662000,31785839.00000000,1756616399999999,530129.66547000,3309,11696539.00000000,194892.95286000,0
1756616400000000,0.01662000,0.01665000,0.01651000,0.01653000,25166832.00000000,1756619999999999,416966.45508000,2311,11821318.00000000,195838.88311000,0
1756620000000000,0.01654000,0.01657000,0.01646000,0.01648000,19804664.00000000,1756623599999999,326992.99384000,1687,9242184.00000000,152702.06446000,0
1756623600000000,0.01648000,0.01658000,0.01647000,0.01651000,9760222.00000000,1756627199999999,161241.83752000,1105,6090091.00000000,100613.20512000,0
1756627200000000,0.01652000,0.01671000,0.01652000,0.01667000,22308240.00000000,1756630799999999,371088.90277000,2034,13442140.00000000,223589.32367000,0
1756630800000000,0.01667000,0.01669000,0.01652000,0.01652000,17396643.00000000,1756634399999999,289248.58973000,1945,7210872.00000000,119972.72433000,0
1756634400000000,0.01653000,0.01655000,0.01635000,0.01641000,17695865.00000000,1756637999999999,290440.66717000,2184,7794128.00000000,127931.19669000,0
1756638000000000,0.01641000,0.01649000,0.01635000,0.01646000,14709668.00000000,1756641599999999,241555.56491000,2126,7214003.00000000,118514.21330000,0
1756641600000000,0.01646000,0.01654000,0.01636000,0.01651000,12241424.00000000,1756645199999999,201226.25396000,2291,6667760.00000000,109652.71947000,0
1756645200000000,0.01651000,0.01654000,0.01636000,0.01640000,15230616.00000000,1756648799999999,250477.58621000,2356,7460427.00000000,122688.39981000,0
1756648800000000,0.01640000,0.01641000,0.01626000,0.01631000,20278317.00000000,1756652399999999,330612.84599000,2479,10320533.00000000,168249.80816000,0
1756652400000000,0.01631000,0.01647000,0.01631000,0.01645000,11314014.00000000,1756655999999999,185613.24581000,2338,6870146.00000000,112734.91763000,0
1756656000000000,0.01644000,0.01645000,0.01634000,0.01638000,9535531.00000000,1756659599999999,156282.78963000,1717,4622009.00000000,75769.92998000,0
1756659600000000,0.01637000,0.01639000,0.01629000,0.01635000,14231881.00000000,1756663199999999,232679.71127000,1734,6609233.00000000,108069.42712000,0
1756663200000000,0.01634000,0.01651000,0.01633000,0.01651000,10590541.00000000,1756666799999999,174073.63436000,1952,6949711.00000000,114256.51078000,0
1756666800000000,0.01652000,0.01652000,0.01635000,0.01636000,16665629.00000000,1756670399999999,273889.29542000,2145,6489570.00000000,106660.00562000,0
1756670400000000,0.01636000,0.01643000,0.01631000,0.01638000,8839918.00000000,1756673999999999,144728.47009000,1487,5423188.00000000,88782.08862000,0
1756674000000000,0.01638000,0.01653000,0.01634000,0.01650000,15123350.00000000,1756677599999999,248951.09795000,1893,9520162.00000000,156815.28044000,0
1756677600000000,0.01651000,0.01655000,0.01631000,0.01637000,15950923.00000000,1756681199999999,262120.23808000,2812,8052214.00000000,132351.64376000,0
1756681200000000,0.01636000,0.01636000,0.01610000,0.01611000,39295749.00000000,1756684799999999,637157.32586000,4772,13880695.00000000,224811.51380000,0
