1769904000000000,2451.96000000,2475.98000000,2446.12000000,2452.18000000,31996.07580000,1769907599999999,78724304.87974800,441442,12526.26290000,30832501.70261800,0
1769907600000000,2452.18000000,2455.61000000,2429.15000000,2444.70000000,25046.80800000,1769911199999999,61125510.85884300,401089,9941.74670000,24265795.96284100,0
1769911200000000,2444.70000000,2461.81000000,2440.24000000,2452.61000000,18593.77780000,1769914799999999,45578789.09379300,335206,8100.10670000,19856988.61028000,0
1769914800000000,2452.61000000,2456.62000000,2438.13000000,2445.46000000,17349.57600000,1769918399999999,42421545.82411900,276894,4571.90410000,11182380.07577400,0
1769918400000000,2445.46000000,2454.66000000,2441.52000000,2448.23000000,14512.14280000,1769921999999999,35541445.69726700,235573,4635.68560000,11352240.04742700,0
1769922000000000,2448.23000000,2449.44000000,2424.56000000,2430.51000000,27364.67360000,1769925599999999,66712169.03326400,276433,9505.54590000,23167911.97323800,0
1769925600000000,2430.52000000,2440.00000000,2408.17000000,2418.65000000,39396.80890000,1769929199999999,95542306.87612400,373722,15029.71790000,36439529.96609600,0
1769929200000000,2418.66000000,2438.79000000,2393.46000000,2411.22000000,41360.59070000,1769932799999999,99742273.10324200,473282,16535.85590000,39871932.46524900,0
1769932800000000,2411.22000000,2428.37000000,2396.57000000,2412.95000000,26787.25950000,1769936399999999,64591169.62505600,370020,10632.66650000,25645931.07715900,0
1769936400000000,2412.95000000,2438.22000000,2406.63000000,2432.23000000,13076.87970000,1769939999999999,31648703.15621300,233618,6078.39620000,14718149.94979600,0
1769940000000000,2432.23000000,2438.98000000,2376.10000000,2381.03000000,35950.36880000,1769943599999999,86397705.90971600,483773,10762.87350000,25861556.88156200,0
1769943600000000,2381.04000000,2423.90000000,2381.03000000,2411.86000000,24016.00620000,1769947199999999,57668778.85991500,339680,11127.66900000,26728777.82174000,0
1769947200000000,2411.86000000,2412.47000000,2365.00000000,2396.02000000,35212.31480000,1769950799999999,84368483.53977300,291409,12296.03080000,29492466.69842400,0
1769950800000000,2396.01000000,2410.53000000,2370.10000000,2381.13000000,16675.04610000,1769954399999999,39888323.15498400,306342,7623.57620000,18239650.62583600,0
1769954400000000,2381.13000000,2389.57000000,2326.96000000,2373.07000000,58996.70220000,1769957999999999,139201357.33940400,777188,26162.49950000,61769490.33699400,0
1769958000000000,2373.07000000,2373.07000000,2285.40000000,2315.39000000,104485.07080000,1769961599999999,242054954.09421500,921004,40346.58570000,93467106.50874700,0
1769961600000000,2315.47000000,2333.15000000,2284.17000000,2304.06000000,65276.39450000,1769965199999999,150671564.24204500,717441,26475.28330000,61111888.74000700,0
1769965200000000,2304.07000000,2321.94000000,2296.92000000,2313.96000000,66387.23510000,1769968799999999,153105465.73315100,462831,41964.71550000,96753217.35981900,0
1769968800000000,2313.96000000,2377.99000000,2313.33000000,2350.97000000,62483.89570000,1769972399999999,146806022.16297600,565375,33931.57970000,79732818.25375400,0
1769972400000000,2350.96000000,2356.00000000,2306.29000000,2320.35000000,42306.89610000,1769975999999999,98612891.95993700,438812,22923.21940000,53407219.45248300,0
1769976000000000,2320.35000000,2349.24000000,2298.56000000,2316.36000000,49601.99570000,1769979599999999,115156301.97515000,500175,26861.35010000,62386779.88969800,0
1769979600000000,2316.35000000,2319.57000000,2279.16000000,2290.58000000,42305.84180000,1769983199999999,97293252.41179100,528178,19275.19840000,44333710.88475800,0
1769983200000000,2290.59000000,2334.90000000,2287.18000000,2319.33000000,30333.67340000,1769986799999999,70137242.10463100,409560,15387.63380000,35576611.62254800,0
1769986800000000,2319.33000000,2321.69000000,2222.00000000,2270.15000000,137057.91260000,1769990399999999,309837936.99238800,879590,63183.54160000,142932764.89790100,0
1769990400000000,2270.16000000,2324.17000000,2242.33000000,2293.20000000,60689.78370000,1769993999999999,139252305.15529800,751206,29455.11210000,67594477.69745500,0
1769994000000000,2293.21000000,2318.66000000,2250.13000000,2291.29000000,43004.27940000,1769997599999999,98421064.19817500,564596,20992.07980000,48064312.66967300,0
1769997600000000,2291.30000000,2300.51000000,2259.48000000,2262.27000000,39005.37980000,1770001199999999,88946373.25794100,457929,17768.15320000,40526467.29774000,0
1770001200000000,2262.27000000,2267.67000000,2166.14000000,2239.02000000,155660.47020000,1770004799999999,343542197.03394700,1027429,69240.70010000,152750576.21544800,0
1770004800000000,2239.01000000,2268.00000000,2207.55000000,2240.54000000,41154.02440000,1770008399999999,92141971.11145300,452151,21422.77480000,47960435.58392300,0
1770008400000000,2240.54000000,2243.11000000,2184.95000000,2198.02000000,61147.36260000,1770011999999999,134867026.60094400,571422,29071.06820000,64112922.87659900,0
1770012000000000,2198.02000000,2240.50000000,2157.14000000,2227.44000000,141581.67420000,1770015599999999,310636758.68891800,782941,76548.54280000,168026833.17644800,0
1770015600000000,2227.43000000,2253.16000000,2217.57000000,2228.93000000,57911.87950000,1770019199999999,129369175.95895800,508491,32811.47520000,73310292.41177500,0
1770019200000000,2228.93000000,2258.62000000,2228.93000000,2249.33000000,37267.17470000,1770022799999999,83652009.29425500,425750,19773.33890000,44379342.88438900,0
1770022800000000,2249.33000000,2319.00000000,2237.57000000,2291.57000000,56425.28960000,1770026399999999,128717924.14209800,535543,28396.76670000,64806079.96483400,0
1770026400000000,2291.58000000,2299.67000000,2273.52000000,2277.80000000,41471.21550000,1770029999999999,94715332.58270000,351382,21842.14020000,49889992.52410300,0
1770030000000000,2277.80000000,2298.01000000,2273.50000000,2282.32000000,67266.36490000,1770033599999999,153637788.62099600,295896,32850.70090000,75045293.75335800,0
1770033600000000,2282.32000000,2318.13000000,2282.01000000,2311.66000000,36325.71430000,1770037199999999,83695092.11800000,349637,17792.61950000,41002206.00941600,0
1770037200000000,2311.65000000,2335.90000000,2302.45000000,2327.93000000,29550.57160000,1770040799999999,68509874.16429300,323920,15746.57930000,36516181.46198700,0
1770040800000000,2327.93000000,2367.68000000,2274.19000000,2328.94000000,115148.89070000,1770044399999999,268376825.75807300,851855,57277.01970000,133571783.78582300,0
1770044400000000,2328.93000000,2396.62000000,2320.00000000,2372.71000000,79805.83400000,1770047999999999,188574501.83286300,766764,37568.32790000,88745364.78562300,0
1770048000000000,2372.71000000,2387.31000000,2349.90000000,2358.71000000,40086.10800000,1770051599999999,95032557.40635000,386808,16269.88550000,38602264.05013900,0
1770051600000000,2358.71000000,2381.59000000,2345.74000000,2356.54000000,34835.43710000,1770055199999999,82287893.58653100,305524,16017.19570000,37858979.08325600,0
1770055200000000,2356.53000000,2359.78000000,2332.74000000,2345.22000000,29357.10370000,1770058799999999,68910199.49918000,299441,11936.60190000,28024249.89623900,0
1770058800000000,2345.22000000,2351.17000000,2327.68000000,2331.54000000,19470.92250000,1770062399999999,45564937.68364300,254875,9497.21990000,22227721.04378700,0
1770062400000000,2331.52000000,2340.78000000,2313.33000000,2322.07000000,25644.54050000,1770065999999999,59629904.72543400,368324,13203.09230000,30705653.07958200,0
1770066000000000,2322.07000000,2345.20000000,2319.21000000,2342.04000000,14736.45810000,1770069599999999,34424457.70630000,214631,8400.93320000,19626008.67163900,0
1770069600000000,2342.04000000,2354.99000000,2336.00000000,2351.29000000,10355.63960000,1770073199999999,24300536.81870500,151388,5425.68030000,12733475.07512100,0
1770073200000000,2351.30000000,2355.55000000,2340.00000000,2347.02000000,10633.09280000,1770076799999999,24970578.29643500,151253,5108.93390000,11998745.35541100,0
1770076800000000,2347.01000000,2355.77000000,2325.23000000,2353.98000000,20152.91670000,1770080399999999,47179660.69021000,294791,8969.99440000,21001457.07431200,0
1770080400000000,2353.98000000,2359.88000000,2337.87000000,2354.68000000,18244.21900000,1770083999999999,42851802.88647100,314269,6997.74440000,16439817.00203600,0
1770084000000000,2354.69000000,2354.87000000,2297.13000000,2298.72000000,25890.31640000,1770087599999999,60129479.62555000,359604,10307.00810000,23939685.36512300,0
1770087600000000,2298.72000000,2345.15000000,2284.48000000,2344.03000000,28192.87750000,1770091199999999,65178704.87121900,375226,15741.88260000,36413480.45524000,0
1770091200000000,2343.99000000,2354.99000000,2333.31000000,2345.57000000,58243.05760000,1770094799999999,136525436.97125200,222606,39776.99890000,93240939.34740500,0
1770094800000000,2345.57000000,2345.79000000,2315.00000000,2316.12000000,36438.28640000,1770098399999999,84868782.07408400,219720,19813.89380000,46149910.12247300,0
1770098400000000,2316.13000000,2328.49000000,2298.44000000,2320.48000000,22606.64250000,1770101999999999,52315621.47428400,245728,11278.93680000,26105768.12329400,0
1770102000000000,2320.48000000,2333.61000000,2312.80000000,2323.12000000,25649.60960000,1770105599999999,59623092.56620100,251111,13363.17180000,31064231.05177300,0
1770105600000000,2323.13000000,2332.57000000,2309.20000000,2315.77000000,20330.04890000,1770109199999999,47204655.86353600,257785,10506.88620000,24399704.67473500,0
1770109200000000,2315.77000000,2318.90000000,2262.15000000,2292.06000000,48287.72330000,1770112799999999,110525380.51750900,428493,23716.32190000,54281422.75804500,0
1770112800000000,2292.06000000,2299.94000000,2276.70000000,2281.79000000,16482.48830000,1770116399999999,37701913.03223100,238256,8846.02610000,20233613.60327100,0
1770116400000000,2281.79000000,2288.49000000,2270.39000000,2276.68000000,40694.39860000,1770119999999999,92715661.14626500,265293,19997.08010000,45554004.94502200,0
1770120000000000,2276.68000000,2306.01000000,2272.21000000,2301.32000000,27004.25700000,1770123599999999,61910671.03754600,287551,14217.68070000,32587059.44880900,0
1770123600000000,2301.31000000,2317.65000000,2296.44000000,2312.21000000,22529.42250000,1770127199999999,51946774.27558300,285199,11063.75380000,25507152.67148700,0
1770127200000000,2312.22000000,2316.96000000,2255.02000000,2257.20000000,50376.26540000,1770130799999999,115206116.92966700,684993,23673.43010000,54145157.62691400,0
1770130800000000,2257.19000000,2313.43000000,2251.94000000,2303.20000000,65777.07740000,1770134399999999,150333842.14778900,840168,33324.45930000,76170727.39361200,0
1770134400000000,2303.21000000,2303.40000000,2235.19000000,2240.60000000,107134.54820000,1770137999999999,241364122.24717300,707674,55080.89670000,124021836.10944900,0
1770138000000000,2240.60000000,2244.58000000,2193.50000000,2195.11000000,111725.78980000,1770141599999999,247760812.31652800,785399,64224.05760000,142403583.39197900,0
1770141600000000,2195.11000000,2206.98000000,2110.00000000,2120.65000000,171392.47300000,1770145199999999,368508440.39707500,1128763,76355.29310000,164165941.65621800,0
1770145200000000,2120.65000000,2218.40000000,2112.08000000,2205.28000000,109307.30920000,1770148799999999,238068515.01476300,907459,57282.52310000,124726374.33377600,0
1770148800000000,2205.27000000,2343.82000000,2188.25000000,2299.46000000,150442.90900000,1770152399999999,342346646.64966300,991366,73693.72720000,167554862.36931500,0
1770152400000000,2299.46000000,2337.58000000,2279.76000000,2283.92000000,58783.32460000,1770155999999999,135790304.24792000,596394,29279.08110000,67650781.12904400,0
1770156000000000,2283.93000000,2286.17000000,2229.01000000,2236.38000000,41969.22710000,1770159599999999,94685021.34506400,479126,18655.77280000,42085273.53864000,0
1770159600000000,2236.38000000,2248.62000000,2212.84000000,2233.72000000,43444.19870000,1770163199999999,96889021.79328200,476796,20251.59510000,45173108.30351200,0
1770163200000000,2233.72000000,2256.62000000,2223.88000000,2241.02000000,25337.53570000,1770166799999999,56835955.06725600,333958,12191.98150000,27352969.25050100,0
1770166800000000,2241.03000000,2281.82000000,2241.03000000,2268.64000000,24417.11840000,1770170399999999,55394072.46759700,308027,11746.48020000,26639960.90772200,0
1770170400000000,2268.65000000,2276.61000000,2242.55000000,2251.82000000,19657.23500000,1770173999999999,44457043.42329100,324456,8180.95750000,18501420.14823600,0
1770174000000000,2251.82000000,2295.74000000,2249.14000000,2283.37000000,24748.68390000,1770177599999999,56344805.53620200,291189,13833.01000000,31491272.35583600,0
1770177600000000,2283.37000000,2290.09000000,2270.21000000,2273.78000000,13646.15970000,1770181199999999,31077576.43926400,143679,6830.53210000,15553076.97548000,0
1770181200000000,2273.78000000,2280.54000000,2256.00000000,2265.40000000,16200.64920000,1770184799999999,36758737.13002300,190780,6307.33960000,14310731.39888400,0
1770184800000000,2265.39000000,2284.30000000,2258.17000000,2277.54000000,16454.65980000,1770188399999999,37393563.77504400,192776,8164.23280000,18555007.93464000,0
1770188400000000,2277.54000000,2293.99000000,2263.74000000,2283.85000000,31850.29640000,1770191999999999,72656715.14531400,226207,14790.22330000,33745434.36792500,0
1770192000000000,2283.84000000,2285.90000000,2266.49000000,2279.73000000,17098.80240000,1770195599999999,38933296.58669700,236991,6522.24580000,14855135.17131800,0
1770195600000000,2279.73000000,2279.91000000,2251.46000000,2260.65000000,18247.51060000,1770199199999999,41293816.75093800,215664,6723.41430000,15212969.26678300,0
1770199200000000,2260.65000000,2264.44000000,2250.58000000,2260.74000000,11981.43120000,1770202799999999,27053437.52135900,156675,4899.87560000,11065162.52676700,0
1770202800000000,2260.74000000,2267.32000000,2221.47000000,2254.86000000,85075.07190000,1770206399999999,190379918.69242200,432201,28770.19550000,64471389.09914000,0
1770206400000000,2254.86000000,2263.30000000,2226.43000000,2243.92000000,53056.34960000,1770209999999999,118862136.53301100,341009,16058.41600000,36013412.69733200,0
1770210000000000,2243.91000000,2246.09000000,2197.47000000,2198.63000000,57203.38880000,1770213599999999,127038109.92029800,465978,20490.34820000,45433285.17238100,0
1770213600000000,2198.63000000,2226.28000000,2168.82000000,2171.87000000,87588.55770000,1770217199999999,192457853.59731400,855183,45032.21970000,98962470.09378000,0
1770217200000000,2171.87000000,2197.26000000,2136.60000000,2151.83000000,124679.78030000,1770220799999999,269698798.95660800,1128888,61760.34840000,133583484.56612500,0
1770220800000000,2151.84000000,2161.14000000,2106.00000000,2135.05000000,129090.86400000,1770224399999999,274518796.43470000,1004777,67989.51390000,144596016.27876700,0
1770224400000000,2135.04000000,2154.59000000,2093.50000000,2126.07000000,137960.43380000,1770227999999999,292650547.36114000,881107,79602.55160000,168938720.53535400,0
1770228000000000,2126.07000000,2185.63000000,2076.68000000,2147.97000000,139137.57540000,1770231599999999,295385424.44620800,960360,73287.43810000,155631014.32699900,0
1770231600000000,2147.97000000,2194.71000000,2133.31000000,2188.27000000,69042.14960000,1770235199999999,149079401.47717800,562877,37261.06280000,80466076.87584900,0
1770235200000000,2188.26000000,2192.70000000,2161.79000000,2172.02000000,32577.38890000,1770238799999999,70827053.08738300,329890,15281.30640000,33214097.27749400,0
1770238800000000,2172.03000000,2180.90000000,2108.56000000,2129.80000000,41761.88340000,1770242399999999,89538307.09956800,376643,20108.43230000,43104961.12697900,0
1770242400000000,2129.80000000,2168.46000000,2088.01000000,2120.16000000,55357.06900000,1770245999999999,118018166.00869800,555218,27712.12200000,59104872.90314600,0
1770246000000000,2120.16000000,2165.65000000,2115.47000000,2148.26000000,32572.83530000,1770249599999999,69954304.87538100,398007,16351.84760000,35121521.58803900,0
1770249600000000,2148.25000000,2164.15000000,2136.81000000,2149.78000000,18420.29870000,1770253199999999,39620420.71344900,311000,9050.48830000,19468079.36004400,0
1770253200000000,2149.78000000,2173.77000000,2123.04000000,2148.55000000,37524.44430000,1770256799999999,80780369.55428200,525795,18344.88560000,39502479.29542700,0
1770256800000000,2148.54000000,2163.67000000,2113.32000000,2124.31000000,46882.72780000,1770260399999999,100266961.46945900,631267,23107.95380000,49434560.76737600,0
1770260400000000,2124.30000000,2136.68000000,2097.94000000,2110.00000000,70425.87910000,1770263999999999,148854150.20907100,662056,38529.37070000,81400772.01189700,0
1770264000000000,2110.00000000,2125.26000000,2078.32000000,2104.03000000,67759.99650000,1770267599999999,142294203.83975800,698839,31767.52020000,66722827.01465800,0
1770267600000000,2104.03000000,2124.55000000,2077.70000000,2101.42000000,54676.84490000,1770271199999999,114850492.37707200,496903,24287.84880000,51042102.86523500,0
1770271200000000,2101.42000000,2107.72000000,2068.20000000,2087.57000000,60204.59950000,1770274799999999,125584786.05847100,496334,28737.38250000,59950336.29541200,0
1770274800000000,2087.57000000,2124.32000000,2085.72000000,2091.40000000,49914.71200000,1770278399999999,105234453.86027600,447481,26476.08300000,55828784.91943700,0
1770278400000000,2091.50000000,2121.27000000,2091.32000000,2111.76000000,34195.52650000,1770281999999999,72111005.78558800,367613,17539.37020000,36987806.83421400,0
1770282000000000,2111.80000000,2149.75000000,2111.16000000,2133.45000000,34085.56560000,1770285599999999,72788623.34867800,340917,17802.75300000,38010566.11208600,0
1770285600000000,2133.46000000,2140.50000000,2086.54000000,2097.72000000,42052.91220000,1770289199999999,89050568.68670300,331732,21125.68440000,44758235.10747800,0
1770289200000000,2097.72000000,2105.30000000,2061.96000000,2079.98000000,61549.20510000,1770292799999999,128063335.98805700,590953,30203.76680000,62847329.62588400,0
1770292800000000,2079.98000000,2092.71000000,2043.16000000,2063.99000000,91567.23330000,1770296399999999,188925833.15811000,655731,51702.93410000,106676363.83611100,0
1770296400000000,2063.98000000,2080.76000000,2048.38000000,2058.64000000,43161.82740000,1770299999999999,88961265.51258800,338820,23767.64300000,49002758.24161700,0
1770300000000000,2058.64000000,2106.51000000,2042.42000000,2046.60000000,97110.52090000,1770303599999999,201578363.07506800,637377,49424.89940000,102604549.86064900,0
1770303600000000,2046.59000000,2054.16000000,1927.33000000,1961.12000000,255705.74800000,1770307199999999,505233037.54328000,1068619,119782.59550000,236618069.93832300,0
1770307200000000,1961.12000000,2018.33000000,1944.94000000,1998.68000000,116393.93240000,1770310799999999,230077817.00384100,722062,65012.29020000,128457995.00430200,0
1770310800000000,1998.68000000,2001.77000000,1943.57000000,1955.09000000,79113.87920000,1770314399999999,155900779.67222000,617313,38490.09760000,75876247.09314000,0
1770314400000000,1955.09000000,1968.73000000,1913.76000000,1950.30000000,102822.69920000,1770317999999999,199418104.05802500,607090,50529.16910000,98021383.12949000,0
1770318000000000,1950.35000000,1953.81000000,1918.14000000,1928.76000000,79191.63880000,1770321599999999,153258118.35259500,510041,42571.94480000,82379020.26671400,0
1770321600000000,1928.78000000,1943.06000000,1825.06000000,1869.59000000,221025.50400000,1770325199999999,413901008.94626800,931553,97674.11040000,183089921.09188100,0
1770325200000000,1869.60000000,1912.35000000,1840.04000000,1850.48000000,133385.25680000,1770328799999999,249946079.12458200,768696,65039.92910000,121904972.09791600,0
1770328800000000,1850.42000000,1890.17000000,1818.18000000,1870.79000000,80415.38700000,1770332399999999,149142673.44941700,442798,41821.53100000,77609081.11860800,0
1770332400000000,1870.78000000,1907.66000000,1820.46000000,1826.83000000,74700.35590000,1770335999999999,139331657.99900500,466597,35175.03090000,65636452.47502400,0
1770336000000000,1826.83000000,1892.65000000,1747.80000000,1870.61000000,251543.05770000,1770339599999999,455907543.83002800,1188115,123013.91200000,223274630.17675600,0
1770339600000000,1870.63000000,1940.16000000,1870.37000000,1932.17000000,113407.95110000,1770343199999999,216065834.68065800,774536,62826.59120000,119617798.61629600,0
1770343200000000,1932.17000000,1947.84000000,1891.46000000,1907.49000000,48456.35130000,1770346799999999,92878749.72130200,494785,24333.05720000,46665755.59036800,0
1770346800000000,1907.50000000,1917.88000000,1879.24000000,1891.82000000,54548.09560000,1770350399999999,103457044.95976200,473678,23666.17590000,44880376.82822800,0
1770350400000000,1891.81000000,1917.80000000,1885.95000000,1909.03000000,34232.05140000,1770353999999999,65184590.12456400,314347,16827.63300000,32059872.07684500,0
1770354000000000,1909.02000000,1975.75000000,1906.60000000,1958.69000000,53356.43510000,1770357599999999,103295155.35887300,398410,28190.11590000,54588478.00301700,0
1770357600000000,1958.69000000,1967.27000000,1906.89000000,1908.32000000,77948.10550000,1770361199999999,150531893.70065900,438069,45844.16400000,88516103.34563600,0
1770361200000000,1908.32000000,1915.15000000,1887.29000000,1899.42000000,102231.86400000,1770364799999999,194332677.19207700,472029,60284.81710000,114578018.53558500,0
1770364800000000,1899.41000000,1907.01000000,1866.13000000,1874.46000000,115044.06770000,1770368399999999,216801126.78634800,468606,69782.15930000,131531305.85600900,0
1770368400000000,1874.46000000,1929.18000000,1871.10000000,1919.00000000,99856.68830000,1770371999999999,189837446.36326200,388848,61296.79110000,116529633.83566900,0
1770372000000000,1919.08000000,1934.98000000,1909.69000000,1926.94000000,102748.74250000,1770375599999999,197492485.41222200,333701,68203.22040000,131067106.99441400,0
1770375600000000,1926.93000000,1939.35000000,1919.96000000,1932.68000000,54954.13280000,1770379199999999,105985413.74862800,262696,31435.35880000,60637617.46140700,0
1770379200000000,1932.67000000,1932.67000000,1914.88000000,1920.91000000,41598.40670000,1770382799999999,79935010.75731600,258218,23708.46650000,45562314.83329000,0
1770382800000000,1920.91000000,1962.39000000,1919.29000000,1950.31000000,75652.12420000,1770386399999999,147187027.46429500,519598,47059.74510000,91558655.53849400,0
1770386400000000,1950.31000000,2002.18000000,1933.33000000,1978.88000000,143645.89250000,1770389999999999,282759885.33964000,819557,84705.48690000,166724694.00640000,0
1770390000000000,1978.89000000,1997.68000000,1961.24000000,1980.81000000,86980.50600000,1770393599999999,172086844.33383700,827846,41744.94030000,82543571.96691700,0
1770393600000000,1980.80000000,2046.60000000,1970.17000000,2036.17000000,123293.16540000,1770397199999999,248791541.31878300,749127,76422.88290000,154191289.91779000,0
1770397200000000,2036.17000000,2090.13000000,2027.73000000,2067.01000000,130842.53060000,1770400799999999,269912515.05721700,702160,78497.17680000,161975541.78417900,0
1770400800000000,2067.01000000,2070.19000000,2030.59000000,2044.61000000,90216.46300000,1770404399999999,184730619.62595300,706550,48552.57770000,99463635.86093300,0
1770404400000000,2044.61000000,2072.00000000,2033.37000000,2065.63000000,63890.13380000,1770407999999999,131225273.71624800,430817,38995.09730000,80124643.20187400,0
1770408000000000,2065.63000000,2093.94000000,2043.68000000,2054.23000000,62701.25700000,1770411599999999,129805086.22284200,475278,31695.21230000,65628490.88449500,0
1770411600000000,2054.23000000,2061.99000000,2039.93000000,2053.97000000,45338.54260000,1770415199999999,93072096.58466800,297608,26072.48040000,53535038.22368000,0
1770415200000000,2053.98000000,2085.47000000,2046.08000000,2075.10000000,74012.48670000,1770418799999999,152817536.36595400,270647,45354.10840000,93615949.21898200,0
1770418800000000,2075.09000000,2087.98000000,2049.28000000,2063.38000000,55812.50580000,1770422399999999,115355272.34670300,297505,31280.40580000,64610865.99318800,0
1770422400000000,2063.37000000,2064.56000000,2036.75000000,2043.50000000,50106.17100000,1770425999999999,102608483.73386700,356332,27819.07400000,56960778.29731000,0
1770426000000000,2043.49000000,2066.64000000,2032.60000000,2061.94000000,26816.01290000,1770429599999999,54888809.84827800,241167,12838.80670000,26290631.97686400,0
1770429600000000,2061.94000000,2065.35000000,2048.78000000,2059.39000000,17033.06500000,1770433199999999,35046308.66393400,197049,6919.55250000,14237479.99233600,0
1770433200000000,2059.39000000,2086.00000000,2057.58000000,2080.81000000,29817.87300000,1770436799999999,61831890.97152200,243830,18407.21560000,38178637.88268500,0
1770436800000000,2080.80000000,2119.46000000,2078.81000000,2087.40000000,56525.08030000,1770440399999999,118539508.15634600,437692,28964.87100000,60711874.84849300,0
1770440400000000,2087.39000000,2103.99000000,2077.79000000,2083.79000000,21183.24820000,1770443999999999,44276240.99056000,249553,11091.45340000,23187302.91944200,0
1770444000000000,2083.78000000,2093.52000000,2047.20000000,2047.73000000,24691.09550000,1770447599999999,51181717.50888300,292280,10080.62100000,20903127.67274400,0
1770447600000000,2047.73000000,2055.70000000,1994.57000000,2027.10000000,78423.32220000,1770451199999999,158517946.75381900,691190,36240.35590000,73255742.18498200,0
1770451200000000,2027.10000000,2032.60000000,2015.33000000,2019.02000000,30728.19430000,1770454799999999,62185907.86545500,307942,10089.30240000,20425705.27444300,0
1770454800000000,2019.02000000,2029.84000000,2005.26000000,2014.45000000,21264.54310000,1770458399999999,42893040.83571000,231506,7943.24730000,16023954.25905100,0
1770458400000000,2014.45000000,2019.56000000,1999.57000000,2010.68000000,21711.24230000,1770461999999999,43601815.91199200,225635,8502.33390000,17074751.67025000,0
1770462000000000,2010.67000000,2021.79000000,2007.05000000,2018.77000000,16467.10970000,1770465599999999,33133550.62394100,177092,7173.78000000,14436348.08095300,0
1770465600000000,2018.77000000,2075.21000000,2017.02000000,2041.33000000,65816.00490000,1770469199999999,134809043.24837000,551225,37062.91420000,75896798.85524400,0
1770469200000000,2041.33000000,2050.43000000,2028.37000000,2041.49000000,50018.07730000,1770472799999999,101992387.62960800,275721,30541.14860000,62271744.17327400,0
1770472800000000,2041.48000000,2049.53000000,2009.82000000,2020.41000000,24158.71380000,1770476399999999,49072613.20930700,254519,9942.06090000,20187513.58647600,0
1770476400000000,2020.41000000,2063.46000000,2014.38000000,2052.54000000,31750.96130000,1770479999999999,64890561.93468100,354920,14519.12610000,29670601.88877700,0
1770480000000000,2052.55000000,2121.70000000,2009.54000000,2050.30000000,389715.08600000,1770483599999999,802133999.78558500,1262372,194505.50990000,400654211.30240500,0
1770483600000000,2050.30000000,2073.13000000,2032.96000000,2061.16000000,35198.21820000,1770487199999999,72210032.25356500,386431,16964.19750000,34784650.52943000,0
1770487200000000,2061.16000000,2109.66000000,2059.00000000,2097.10000000,57697.36400000,1770490799999999,120379317.54787500,339996,22560.11070000,47068290.69544100,0
1770490800000000,2097.10000000,2101.35000000,2083.74000000,2091.29000000,17769.76420000,1770494399999999,37180948.44170300,195190,6358.46120000,13305361.21960300,0
1770494400000000,2091.29000000,2115.00000000,2084.60000000,2105.32000000,22849.02010000,1770497999999999,47938739.72648400,177420,8906.03800000,18702660.31640000,0
1770498000000000,2105.33000000,2110.35000000,2094.46000000,2100.42000000,23918.76210000,1770501599999999,50289712.41435000,187640,7471.08750000,15712825.82565900,0
1770501600000000,2100.43000000,2107.56000000,2087.62000000,2088.58000000,12581.73650000,1770505199999999,26386741.03715600,129834,6117.34330000,12833278.61312000,0
1770505200000000,2088.58000000,2095.63000000,2073.00000000,2087.08000000,16375.78280000,1770508799999999,34141932.01851800,171824,7567.33050000,15781878.71236900,0
1770508800000000,2087.08000000,2094.60000000,2076.86000000,2084.58000000,14208.60000000,1770512399999999,29599875.96472000,150267,5446.87680000,11348142.86440200,0
1770512400000000,2084.58000000,2097.76000000,2082.23000000,2096.35000000,12761.08530000,1770515999999999,26665848.07485500,140602,6063.51640000,12673672.51868100,0
1770516000000000,2096.36000000,2107.44000000,2082.48000000,2088.84000000,13998.52510000,1770519599999999,29317485.75285300,160482,6927.96590000,14512916.48975300,0
1770519600000000,2088.90000000,2093.29000000,2077.00000000,2078.77000000,14878.02810000,1770523199999999,31038077.96972200,149603,7531.93210000,15716916.71966400,0
1770523200000000,2078.78000000,2090.01000000,2064.91000000,2087.72000000,31811.96070000,1770526799999999,66111683.21353000,134234,13658.42330000,28358788.61848300,0
1770526800000000,2087.72000000,2088.41000000,2078.76000000,2084.77000000,11329.98850000,1770530399999999,23615163.10885300,93627,6375.41410000,13288924.56947300,0
1770530400000000,2084.76000000,2089.10000000,2077.19000000,2079.30000000,8700.93540000,1770533999999999,18122009.40158500,98686,3657.65010000,7618983.96132800,0
1770534000000000,2079.30000000,2084.42000000,2064.10000000,2084.41000000,30059.00400000,1770537599999999,62329031.01633800,144459,9278.33080000,19252274.70868800,0
1770537600000000,2084.41000000,2124.55000000,2078.04000000,2116.03000000,31335.03450000,1770541199999999,65932211.20894300,293076,17725.23930000,37282558.41241600,0
1770541200000000,2116.04000000,2123.00000000,2095.53000000,2100.55000000,17224.49590000,1770544799999999,36295944.16506400,220330,8363.86590000,17624076.75073600,0
1770544800000000,2100.54000000,2114.17000000,2083.41000000,2096.08000000,17098.50350000,1770548399999999,35852194.64945200,195564,7907.99980000,16587990.22704300,0
1770548400000000,2096.08000000,2137.57000000,2094.45000000,2132.35000000,27090.56670000,1770551999999999,57538638.16788400,256512,14940.33680000,31738865.51715700,0
1770552000000000,2132.36000000,2145.26000000,2125.42000000,2131.43000000,25674.12480000,1770555599999999,54747858.51528900,233220,11808.48090000,25181869.98437400,0
1770555600000000,2131.44000000,2141.00000000,2118.39000000,2126.59000000,28849.42650000,1770559199999999,61399105.55859500,225526,14078.47580000,29967397.96537500,0
1770559200000000,2126.59000000,2129.49000000,2116.32000000,2128.62000000,13093.62030000,1770562799999999,27789839.60501500,153578,5361.90420000,11381096.48497200,0
1770562800000000,2128.61000000,2130.78000000,2097.57000000,2108.64000000,24592.32780000,1770566399999999,51949850.57968600,245479,11932.40890000,25203048.39529100,0
1770566400000000,2108.63000000,2116.08000000,2072.80000000,2080.97000000,21042.14060000,1770569999999999,44101805.39563300,229412,8671.57600000,18185927.55456200,0
1770570000000000,2080.96000000,2099.31000000,2080.10000000,2092.13000000,12984.15540000,1770573599999999,27145617.10825000,153655,5961.82190000,12464904.45124200,0
1770573600000000,2092.13000000,2122.13000000,2090.69000000,2109.47000000,16445.40410000,1770577199999999,34654410.67875300,157432,7912.33730000,16666717.82175000,0
1770577200000000,2109.47000000,2129.73000000,2107.66000000,2126.77000000,10365.00230000,1770580799999999,21949984.60109500,121660,4649.27550000,9847161.42686200,0
1770580800000000,2126.79000000,2127.25000000,2100.26000000,2104.59000000,10698.39800000,1770584399999999,22608556.37990300,132321,4163.76510000,8799537.21268900,0
1770584400000000,2104.58000000,2115.10000000,2090.00000000,2093.90000000,13436.26090000,1770587999999999,28227085.90855900,132764,6017.38310000,12646669.62457100,0
1770588000000000,2093.91000000,2112.68000000,2093.83000000,2108.43000000,12301.02520000,1770591599999999,25848171.52581500,107264,6257.40320000,13151026.72853900,0
1770591600000000,2108.45000000,2152.03000000,2071.60000000,2089.74000000,62858.63790000,1770595199999999,132528519.30850200,449292,33328.37640000,70309942.98792400,0
1770595200000000,2089.73000000,2097.20000000,2076.33000000,2084.48000000,21165.07920000,1770598799999999,44178603.21759800,239369,10817.32400000,22584308.95671000,0
1770598800000000,2084.47000000,2101.24000000,2055.01000000,2070.89000000,34537.95520000,1770602399999999,71618689.09362300,284063,17303.62130000,35870960.17327800,0
1770602400000000,2070.89000000,2095.52000000,2065.71000000,2081.29000000,17975.80140000,1770605999999999,37399469.43259200,201552,10907.08900000,22702656.88030100,0
1770606000000000,2081.29000000,2103.02000000,2081.29000000,2100.25000000,16548.28660000,1770609599999999,34604104.96822400,198000,9962.83350000,20834989.89303000,0
1770609600000000,2100.25000000,2102.03000000,2086.66000000,2090.35000000,11919.64190000,1770613199999999,24945323.44933100,114533,5073.77500000,10620657.16815200,0
1770613200000000,2090.35000000,2097.01000000,2083.75000000,2095.82000000,11072.99250000,1770616799999999,23145185.67457300,104441,6291.95120000,13155647.60475000,0
1770616800000000,2095.81000000,2095.82000000,2072.43000000,2081.43000000,23279.37330000,1770620399999999,48483918.71730300,201810,13133.78530000,27359203.22899300,0
1770620400000000,2081.43000000,2087.70000000,2064.67000000,2065.74000000,17690.15360000,1770623999999999,36706746.73884200,152054,8042.42000000,16693982.81970000,0
1770624000000000,2065.74000000,2070.21000000,2034.56000000,2050.07000000,35682.28220000,1770627599999999,73236555.46125000,270975,14996.42970000,30775502.51467400,0
1770627600000000,2050.02000000,2057.43000000,2034.61000000,2042.27000000,22439.91440000,1770631199999999,45899699.74662500,154242,10195.23600000,20849049.13805700,0
1770631200000000,2042.27000000,2047.32000000,2013.25000000,2022.70000000,32691.43240000,1770634799999999,66238119.70957900,264907,15249.54410000,30892849.37372900,0
1770634800000000,2022.70000000,2036.83000000,2020.89000000,2028.23000000,19415.23390000,1770638399999999,39375461.86755300,163870,10491.91540000,21281127.10993300,0
1770638400000000,2028.26000000,2039.40000000,2027.53000000,2035.65000000,12709.90500000,1770641999999999,25855420.11270000,140203,7041.20120000,14324652.24569600,0
1770642000000000,2035.65000000,2050.17000000,2022.30000000,2022.52000000,21963.78550000,1770645599999999,44770713.18753800,224147,10918.85900000,22262763.20559800,0
1770645600000000,2022.52000000,2049.99000000,2008.62000000,2043.70000000,49955.37660000,1770649199999999,101300626.42701500,630988,24681.24380000,50050847.60503900,0
1770649200000000,2043.71000000,2073.47000000,2032.10000000,2061.61000000,38564.15720000,1770652799999999,79209249.65315800,460205,20225.43490000,41555494.71089600,0
1770652800000000,2061.61000000,2109.57000000,2047.78000000,2091.21000000,35694.01460000,1770656399999999,74206337.26281900,455218,18895.65370000,39268885.57940800,0
1770656400000000,2091.22000000,2136.90000000,2078.00000000,2127.33000000,46013.34340000,1770659999999999,97093820.42307400,471009,24500.26980000,51688527.85575200,0
1770660000000000,2127.33000000,2143.00000000,2109.53000000,2130.67000000,39034.99700000,1770663599999999,83025269.19459500,453455,18941.73900000,40289815.06013700,0
1770663600000000,2130.67000000,2138.35000000,2119.25000000,2131.34000000,21945.89850000,1770667199999999,46735193.88761800,288531,11560.69270000,24620189.41005300,0
1770667200000000,2131.34000000,2147.73000000,2118.34000000,2124.86000000,28564.24550000,1770670799999999,60824070.63684200,291442,14041.23340000,29894868.79126500,0
1770670800000000,2124.87000000,2129.78000000,2089.00000000,2122.24000000,33056.30290000,1770674399999999,69681821.14941200,252460,15436.93310000,32580306.35990500,0
1770674400000000,2122.24000000,2125.90000000,2111.40000000,2115.22000000,20709.85150000,1770677999999999,43871456.96602300,148907,10378.74940000,21988022.00666000,0
1770678000000000,2115.22000000,2122.47000000,2101.67000000,2105.02000000,12748.53260000,1770681599999999,26910950.82739200,165523,6358.59680000,13424663.53455800,0
1770681600000000,2105.02000000,2112.92000000,2096.49000000,2096.72000000,9634.87620000,1770685199999999,20270184.78741700,141729,4959.53210000,10436185.55898800,0
1770685200000000,2096.72000000,2124.71000000,2096.40000000,2117.35000000,10400.32610000,1770688799999999,21982756.30967400,182800,6048.41190000,12784117.86470000,0
1770688800000000,2117.35000000,2121.71000000,2102.73000000,2108.18000000,8793.30490000,1770692399999999,18566643.88520700,128571,3648.14890000,7705262.98928000,0
1770692400000000,2108.18000000,2110.70000000,2052.14000000,2064.96000000,34934.11800000,1770695999999999,72422111.55514100,266597,14433.34950000,29896995.25913500,0
1770696000000000,2064.96000000,2074.35000000,2062.91000000,2070.44000000,11716.02500000,1770699599999999,24239862.10634800,121743,4473.61010000,9255313.89677600,0
1770699600000000,2070.44000000,2072.00000000,2045.57000000,2053.07000000,19759.33060000,1770703199999999,40666369.64326600,177292,8146.62360000,16759084.46531200,0
1770703200000000,2053.07000000,2057.71000000,1997.59000000,2008.79000000,122549.32090000,1770706799999999,247320963.94817400,471479,70468.81320000,141974879.16711000,0
1770706800000000,2008.79000000,2019.84000000,1999.99000000,2007.47000000,41588.88040000,1770710399999999,83611599.64474600,214507,19246.14200000,38695928.94898600,0
1770710400000000,2007.47000000,2017.47000000,1995.83000000,2014.88000000,54492.82740000,1770713999999999,109355883.29243300,222089,18307.83420000,36745425.28356400,0
1770714000000000,2014.87000000,2029.98000000,2009.87000000,2016.80000000,30100.62210000,1770717599999999,60763811.22964600,154139,14297.62270000,28864663.55388800,0
1770717600000000,2016.80000000,2022.02000000,2009.54000000,2014.01000000,14015.99750000,1770721199999999,28255357.93171900,101433,4438.72600000,8948050.46959400,0
1770721200000000,2014.00000000,2022.82000000,2001.05000000,2003.21000000,15977.34800000,1770724799999999,32127744.81694100,144837,7274.44860000,14636170.55200900,0
1770724800000000,2003.20000000,2017.52000000,2002.60000000,2008.16000000,12071.21000000,1770728399999999,24273030.24983100,149228,5864.01370000,11794095.13223400,0
1770728400000000,2008.15000000,2027.68000000,1999.00000000,2022.49000000,22866.51660000,1770731999999999,46060419.66872000,227659,13289.20540000,26779929.04960100,0
1770732000000000,2022.49000000,2040.01000000,1989.38000000,2009.80000000,39644.31290000,1770735599999999,79784471.20435300,505729,19193.99400000,38650394.02348800,0
1770735600000000,2009.79000000,2029.99000000,2004.02000000,2022.66000000,32239.06350000,1770739199999999,65143544.84948900,461448,17171.69740000,34699282.30308000,0
1770739200000000,2022.67000000,2037.75000000,2012.22000000,2026.09000000,18282.05130000,1770742799999999,37062577.41911600,291447,8520.48030000,17280435.46083900,0
1770742800000000,2026.08000000,2046.94000000,2020.00000000,2040.20000000,14256.81270000,1770746399999999,29024515.11204800,211384,7358.28910000,14985795.90250100,0
1770746400000000,2040.20000000,2042.65000000,1996.18000000,2009.44000000,20737.05450000,1770749999999999,41757715.33037900,285794,9303.82500000,18732934.67555600,0
1770750000000000,2009.44000000,2025.72000000,2003.74000000,2017.95000000,10033.89510000,1770753599999999,20204474.36393300,232206,5364.95190000,10804420.46143200,0
1770753600000000,2017.95000000,2021.52000000,2004.75000000,2011.55000000,6872.16530000,1770757199999999,13824723.07134600,149259,3522.61220000,7086855.36878900,0
1770757200000000,2011.56000000,2017.95000000,1997.00000000,2008.45000000,8420.29900000,1770760799999999,16893275.18365700,130711,4111.42480000,8250287.40780800,0
1770760800000000,2008.46000000,2020.35000000,2007.11000000,2017.95000000,7117.06810000,1770764399999999,14329093.28454900,91918,3570.74210000,7188570.23911900,0
1770764400000000,2017.95000000,2022.85000000,2012.64000000,2022.67000000,7818.26470000,1770767999999999,15769860.82043900,95395,3975.76630000,8019933.01047100,0
1770768000000000,2022.67000000,2029.66000000,2019.29000000,2025.41000000,6888.51480000,1770771599999999,13946430.78182300,111547,3054.48980000,6184209.01402100,0
1770771600000000,2025.41000000,2031.02000000,2016.60000000,2024.45000000,7138.67390000,1770775199999999,14443367.88746000,99445,2680.65340000,5425741.15252000,0
1770775200000000,2024.45000000,2032.31000000,2014.39000000,2017.85000000,6254.76260000,1770778799999999,12666381.69834900,114061,2710.04350000,5489107.25285800,0
1770778800000000,2017.84000000,2021.38000000,1998.00000000,2009.59000000,12912.15840000,1770782399999999,25961326.28629400,178828,5878.56730000,11822568.33864400,0
1770782400000000,2009.59000000,2011.23000000,1963.29000000,1971.39000000,34552.98420000,1770785999999999,68497439.88990700,297538,15659.26330000,31026874.96223400,0
1770786000000000,1971.40000000,1981.40000000,1971.28000000,1974.45000000,9363.01010000,1770789599999999,18505758.49322900,158007,4618.22830000,9128357.47845600,0
1770789600000000,1974.45000000,1977.49000000,1939.21000000,1949.19000000,40991.64620000,1770793199999999,80117497.60412200,324621,16954.12270000,33125404.84084100,0
1770793200000000,1949.19000000,1958.57000000,1945.50000000,1950.89000000,15621.03810000,1770796799999999,30503289.47135000,207238,9024.04630000,17623144.32575400,0
1770796800000000,1950.90000000,1953.72000000,1937.11000000,1950.12000000,14519.16480000,1770800399999999,28271020.93461100,173038,7510.97390000,14628298.84778000,0
1770800400000000,1950.13000000,1954.32000000,1943.31000000,1947.00000000,9783.08340000,1770803999999999,19065420.33627200,133327,5566.74360000,10848435.36453000,0
1770804000000000,1947.00000000,1947.00000000,1932.02000000,1939.30000000,13999.77930000,1770807599999999,27138055.10756900,192113,6408.13710000,12423577.25840400,0
1770807600000000,1939.29000000,1956.52000000,1936.75000000,1953.66000000,11530.92470000,1770811199999999,22465369.18899500,155334,7328.61850000,14278518.21606500,0
1770811200000000,1953.65000000,1967.10000000,1949.08000000,1952.34000000,15263.05390000,1770814799999999,29899375.75212100,175370,7858.51030000,15395949.56409500,0
1770814800000000,1952.34000000,1968.93000000,1942.82000000,1960.60000000,33012.43680000,1770818399999999,64531725.35867100,322800,16890.92060000,33018074.26310800,0
1770818400000000,1960.60000000,2015.81000000,1937.23000000,1943.30000000,75602.52020000,1770821999999999,149488657.39978100,803502,37339.78130000,73864353.57253900,0
1770822000000000,1943.34000000,1950.49000000,1903.19000000,1929.46000000,66920.57840000,1770825599999999,128782052.85208100,795969,31643.70830000,60913272.54738800,0
1770825600000000,1929.46000000,1956.34000000,1910.02000000,1915.33000000,34074.72410000,1770829199999999,65894778.42676700,448420,15596.65890000,30173415.96733700,0
1770829200000000,1915.34000000,1942.48000000,1908.80000000,1929.88000000,24595.91980000,1770832799999999,47411666.69681600,343429,11899.69800000,22939991.06327000,0
1770832800000000,1929.95000000,1948.57000000,1915.71000000,1944.03000000,22146.21390000,1770836399999999,42866077.30802300,323178,11390.90770000,22046105.09703800,0
1770836400000000,1944.02000000,1959.80000000,1938.28000000,1952.28000000,22517.94070000,1770839999999999,43922122.94198900,312257,11346.05570000,22132578.36133300,0
1770840000000000,1952.27000000,1958.84000000,1940.49000000,1954.23000000,11739.01690000,1770843599999999,22902593.06167400,217216,6451.31230000,12590064.00020100,0
1770843600000000,1954.24000000,1988.07000000,1950.92000000,1970.45000000,17835.29320000,1770847199999999,35138401.22955200,259705,10454.87840000,20601607.17347300,0
1770847200000000,1970.46000000,1973.25000000,1948.35000000,1951.47000000,10030.03850000,1770850799999999,19660547.41515100,156891,4415.69650000,8655646.86653600,0
1770850800000000,1951.47000000,1956.95000000,1932.44000000,1941.18000000,12362.34080000,1770854399999999,24021119.98026900,146976,6335.72590000,12315340.22042700,0
1770854400000000,1941.19000000,1963.53000000,1941.19000000,1958.80000000,9494.70210000,1770857999999999,18560408.02125100,169079,4994.04820000,9760249.39672400,0
1770858000000000,1958.81000000,1977.75000000,1958.81000000,1965.94000000,11412.10950000,1770861599999999,22471278.78072800,183686,6047.17790000,11908833.51286900,0
1770861600000000,1965.93000000,1971.91000000,1955.39000000,1958.69000000,12120.13210000,1770865199999999,23794503.28460700,167523,6399.50580000,12565110.78930300,0
1770865200000000,1958.70000000,1969.11000000,1957.19000000,1968.69000000,9159.66660000,1770868799999999,17987013.02201800,133430,4459.03470000,8755556.75671700,0
1770868800000000,1968.70000000,1975.35000000,1960.29000000,1965.78000000,12225.79730000,1770872399999999,24072131.82477400,156870,5612.34530000,11051653.34230400,0
1770872400000000,1965.78000000,1971.95000000,1953.14000000,1970.69000000,11882.65530000,1770875999999999,23329704.78010400,167385,6100.77850000,11978994.96001300,0
1770876000000000,1970.69000000,1983.00000000,1965.51000000,1975.06000000,13953.51820000,1770879599999999,27562336.43311400,156168,6406.51700000,12654892.57077500,0
1770879600000000,1975.06000000,1977.92000000,1966.19000000,1968.07000000,14432.72330000,1770883199999999,28449622.01458300,125564,5935.36330000,11700645.40978200,0
1770883200000000,1968.07000000,1973.92000000,1957.25000000,1965.52000000,15136.98350000,1770886799999999,29756271.55996300,138038,6670.53740000,13111813.36003100,0
1770886800000000,1965.52000000,1989.67000000,1963.28000000,1982.43000000,14651.40790000,1770890399999999,28955794.79366000,142229,7033.90120000,13903619.88969800,0
1770890400000000,1982.43000000,1995.73000000,1977.57000000,1994.15000000,12025.19800000,1770893999999999,23888794.70662800,149666,6680.96950000,13275378.80733900,0
1770894000000000,1994.16000000,2001.42000000,1983.71000000,1989.02000000,15103.49890000,1770897599999999,30111891.99059700,180456,8492.17040000,16935120.87567600,0
1770897600000000,1989.02000000,1990.75000000,1974.85000000,1980.85000000,12244.53340000,1770901199999999,24279731.04934100,146672,5691.03570000,11286672.47798500,0
1770901200000000,1980.85000000,1996.30000000,1975.50000000,1994.99000000,11624.99090000,1770904799999999,23082597.86304800,164040,6270.36530000,12454733.89689000,0
1770904800000000,1994.99000000,1996.05000000,1973.41000000,1978.50000000,23170.37300000,1770908399999999,45961870.91618400,301211,10613.63190000,21060056.91614800,0
1770908400000000,1978.50000000,1984.81000000,1945.01000000,1948.47000000,33288.18810000,1770911999999999,65388377.84262500,404425,16447.29620000,32319617.14836500,0
1770912000000000,1948.48000000,1950.16000000,1897.24000000,1909.18000000,74532.60920000,1770915599999999,142846160.46423500,759616,34288.13920000,65741944.14738500,0
1770915600000000,1909.18000000,1927.52000000,1902.90000000,1910.42000000,30755.39610000,1770919199999999,58892408.21059200,399071,16399.54370000,31410611.66373400,0
1770919200000000,1910.42000000,1925.51000000,1901.82000000,1918.65000000,22178.82190000,1770922799999999,42452455.85096200,348649,11406.51510000,21843186.23517200,0
1770922800000000,1918.66000000,1941.09000000,1911.76000000,1925.44000000,22583.62390000,1770926399999999,43593206.32440500,261572,10890.20240000,21014746.70223200,0
1770926400000000,1925.45000000,1932.16000000,1909.66000000,1915.85000000,14922.65450000,1770929999999999,28659378.39889500,215331,8566.40000000,16455412.80579100,0
1770930000000000,1915.88000000,1927.88000000,1914.37000000,1923.51000000,6977.46190000,1770933599999999,13410369.82359700,118070,3850.29880000,7400217.71595400,0
1770933600000000,1923.52000000,1945.80000000,1920.46000000,1942.97000000,10377.93610000,1770937199999999,20063319.93461500,114889,6016.01270000,11634002.13703100,0
1770937200000000,1942.96000000,1952.61000000,1939.43000000,1947.85000000,13312.16520000,1770940799999999,25911940.64149800,159168,7195.70880000,14009065.63159600,0
1770940800000000,1947.85000000,1954.54000000,1927.63000000,1933.26000000,11537.01980000,1770944399999999,22384880.89160500,166927,5183.26430000,10055722.33069300,0
1770944400000000,1933.26000000,1950.02000000,1933.26000000,1943.63000000,7599.65390000,1770947999999999,14764697.71642000,140393,3610.27880000,7015034.97827300,0
1770948000000000,1943.64000000,1952.00000000,1940.88000000,1948.30000000,7231.89170000,1770951599999999,14077895.09709500,114762,3091.88260000,6018829.41447800,0
1770951600000000,1948.31000000,1958.21000000,1944.50000000,1953.55000000,10786.23030000,1770955199999999,21049395.68760900,119058,4424.27320000,8636297.02668400,0
1770955200000000,1953.56000000,1955.80000000,1943.80000000,1944.78000000,11010.55240000,1770958799999999,21469876.54077800,116650,3678.27370000,7174141.51764700,0
1770958800000000,1944.77000000,1946.85000000,1933.41000000,1934.19000000,8403.20970000,1770962399999999,16305349.91991200,104239,3699.96740000,7179067.39531600,0
1770962400000000,1934.19000000,1939.26000000,1924.72000000,1936.57000000,10656.83880000,1770965999999999,20589337.19668200,109155,5229.97550000,10106370.47078500,0
1770966000000000,1936.57000000,1948.60000000,1932.78000000,1935.75000000,13543.54010000,1770969599999999,26275482.84735300,131346,6490.03960000,12591901.13308700,0
1770969600000000,1935.75000000,1964.04000000,1933.65000000,1958.95000000,17601.78040000,1770973199999999,34321750.53835200,155189,9602.11380000,18729980.19617600,0
1770973200000000,1958.96000000,1966.73000000,1953.04000000,1962.00000000,20596.58880000,1770976799999999,40362417.92350600,152430,10454.57440000,20489878.84520300,0
1770976800000000,1962.00000000,1969.26000000,1956.70000000,1959.40000000,11783.40920000,1770980399999999,23107193.80106200,152177,6335.05530000,12424879.96953200,0
1770980400000000,1959.41000000,1962.05000000,1945.84000000,1960.04000000,12384.64160000,1770983999999999,24216705.31163900,131943,6323.32790000,12368254.67724200,0
1770984000000000,1960.05000000,1964.59000000,1952.60000000,1960.95000000,9051.40620000,1770987599999999,17734926.40012100,120851,5260.30720000,10305999.04609300,0
1770987600000000,1960.95000000,1981.11000000,1956.02000000,1970.59000000,26265.70270000,1770991199999999,51741256.68424800,267325,14743.04090000,29043010.87788000,0
1770991200000000,1970.58000000,2002.21000000,1963.14000000,1990.86000000,51023.05240000,1770994799999999,101296461.55847400,550011,26818.10840000,53247606.83718100,0
1770994800000000,1990.88000000,2050.58000000,1987.20000000,2034.93000000,68806.41790000,1770998399999999,139422377.13118600,690073,36743.24170000,74455758.80772200,0
1770998400000000,2034.92000000,2073.68000000,2031.42000000,2061.43000000,42726.96520000,1771001999999999,87878398.68498100,413696,23618.83170000,48557095.46139500,0
1771002000000000,2061.43000000,2068.35000000,2049.64000000,2059.39000000,24152.41330000,1771005599999999,49713050.53884400,234469,12670.61890000,26077957.61080400,0
1771005600000000,2059.40000000,2064.65000000,2050.64000000,2057.40000000,11647.94760000,1771009199999999,23966518.87026100,222511,5650.90930000,11626857.87035400,0
1771009200000000,2057.41000000,2061.67000000,2052.20000000,2057.75000000,11688.64710000,1771012799999999,24047468.85993800,156084,5884.90120000,12108120.45907300,0
1771012800000000,2057.74000000,2059.65000000,2038.69000000,2045.61000000,14978.33460000,1771016399999999,30683155.23075300,166937,6099.96560000,12495089.81103600,0
1771016400000000,2045.61000000,2058.46000000,2045.04000000,2054.02000000,9217.60340000,1771019999999999,18927001.40902500,110317,4085.38170000,8387645.25183300,0
1771020000000000,2054.03000000,2059.39000000,2045.07000000,2054.20000000,7343.46500000,1771023599999999,15063919.66791700,83098,3228.64140000,6624812.06521900,0
1771023600000000,2054.20000000,2054.41000000,2046.57000000,2048.72000000,5612.45770000,1771027199999999,11508272.69941900,85930,2716.64470000,5570459.83830300,0
1771027200000000,2048.72000000,2056.06000000,2042.37000000,2055.20000000,6195.33930000,1771030799999999,12698227.58278900,103970,3317.11810000,6799716.03506400,0
1771030800000000,2055.20000000,2057.57000000,2050.29000000,2054.35000000,4889.22710000,1771034399999999,10043471.06474800,91769,2231.49070000,4584050.54245600,0
1771034400000000,2054.35000000,2054.46000000,2048.10000000,2050.22000000,5703.70060000,1771037999999999,11698489.28384100,64683,2220.84110000,4554351.36646800,0
1771038000000000,2050.22000000,2056.27000000,2048.48000000,2054.37000000,4210.92210000,1771041599999999,8641878.79726300,51551,2077.90470000,4264834.17832900,0
1771041600000000,2054.39000000,2058.00000000,2052.77000000,2053.57000000,5108.10420000,1771045199999999,10499228.40263300,64091,2170.77960000,4461475.91391300,0
1771045200000000,2053.56000000,2056.32000000,2050.86000000,2051.29000000,4685.48970000,1771048799999999,9625395.70099400,41613,1793.70810000,3684801.84154700,0
1771048800000000,2051.28000000,2054.62000000,2048.50000000,2053.68000000,3821.87780000,1771052399999999,7842302.16350400,37280,2286.19900000,4691583.53097600,0
1771052400000000,2053.68000000,2060.49000000,2050.69000000,2057.21000000,6753.72380000,1771055999999999,13881695.47593000,71860,3467.87180000,7130310.29518400,0
1771056000000000,2057.20000000,2091.32000000,2057.04000000,2082.35000000,26811.47030000,1771059599999999,55654740.66913600,268760,15127.96770000,31398855.10011000,0
1771059600000000,2082.35000000,2088.64000000,2075.91000000,2078.24000000,8333.01450000,1771063199999999,17343849.11756700,125528,4327.41800000,9008500.65511700,0
1771063200000000,2078.24000000,2078.25000000,2072.57000000,2077.42000000,4025.05170000,1771066799999999,8354443.55733800,62936,1758.79980000,3650573.67199300,0
1771066800000000,2077.43000000,2107.67000000,2077.10000000,2099.58000000,19687.41970000,1771070399999999,41282793.72807900,303062,11916.99120000,24982974.38383700,0
1771070400000000,2099.58000000,2100.39000000,2068.09000000,2070.97000000,20672.54680000,1771073999999999,43067587.68771500,228052,7293.45020000,15187421.95795400,0
1771074000000000,2070.97000000,2076.05000000,2064.58000000,2071.54000000,12885.30380000,1771077599999999,26682146.57885700,147421,5533.06390000,11458095.60384500,0
1771077600000000,2071.54000000,2088.81000000,2069.34000000,2085.09000000,10445.11530000,1771081199999999,21703801.15406700,133842,5931.15940000,12327806.91087400,0
1771081200000000,2085.10000000,2093.73000000,2080.55000000,2087.43000000,11176.67000000,1771084799999999,23321237.91956000,120491,5489.64590000,11457099.32223300,0
1771084800000000,2087.42000000,2087.89000000,2067.27000000,2082.83000000,21781.51900000,1771088399999999,45216403.58998200,150880,12228.42630000,25379418.40661300,0
1771088400000000,2082.84000000,2089.28000000,2077.49000000,2080.23000000,6872.69080000,1771091999999999,14315232.57253400,124134,3288.86960000,6851055.79154000,0
1771092000000000,2080.23000000,2086.61000000,2078.77000000,2085.39000000,4417.11960000,1771095599999999,9203875.80070600,93740,2356.44450000,4909961.80655900,0
1771095600000000,2085.39000000,2090.51000000,2078.56000000,2088.52000000,5699.56310000,1771099199999999,11891155.76601900,87716,2987.12100000,6232308.22135500,0
1771099200000000,2088.52000000,2092.95000000,2081.24000000,2089.82000000,5072.22370000,1771102799999999,10585882.65812400,63316,2541.43250000,5305048.74829300,0
1771102800000000,2089.83000000,2098.89000000,2078.63000000,2085.87000000,10624.36690000,1771106399999999,22191563.85191500,123949,4559.19640000,9526037.84995000,0
1771106400000000,2085.86000000,2094.68000000,2083.66000000,2090.47000000,5214.72060000,1771109999999999,10899055.82518200,84412,2722.41410000,5690489.16182100,0
1771110000000000,2090.46000000,2093.01000000,2083.70000000,2086.59000000,5590.05510000,1771113599999999,11674771.54587300,75215,2437.22840000,5091045.98658700,0
1771113600000000,2086.59000000,2090.50000000,2072.74000000,2080.11000000,8335.04830000,1771117199999999,17343307.74467500,111335,3571.83670000,7436760.30397000,0
1771117200000000,2080.11000000,2085.02000000,2053.81000000,2064.19000000,15258.93430000,1771120799999999,31524598.55449100,190814,5734.32080000,11844453.35975700,0
1771120800000000,2064.18000000,2072.41000000,2045.00000000,2059.58000000,49424.30310000,1771124399999999,101687344.63575800,269214,12278.86710000,25273452.02319600,0
1771124400000000,2059.59000000,2063.34000000,2030.90000000,2058.94000000,168472.10170000,1771127999999999,344105865.60344600,454402,52123.73120000,106608032.31361700,0
1771128000000000,2058.94000000,2087.13000000,2058.94000000,2076.31000000,23173.06000000,1771131599999999,48065755.01252100,279316,13242.92380000,27467702.50637600,0
1771131600000000,2076.31000000,2096.11000000,2075.12000000,2088.68000000,13517.58500000,1771135199999999,28235721.00343100,174437,7005.18760000,14632666.75102800,0
1771135200000000,2088.67000000,2094.71000000,2082.61000000,2085.85000000,9082.31900000,1771138799999999,18978971.48618100,124760,4791.41090000,10015134.32814800,0
1771138800000000,2085.85000000,2103.32000000,2082.47000000,2091.41000000,34761.72860000,1771142399999999,72655407.09296200,239473,12026.66570000,25144284.62960100,0
1771142400000000,2091.41000000,2096.82000000,2055.92000000,2069.20000000,27316.09290000,1771145999999999,56745475.96093200,251620,12336.71160000,25611501.04953700,0
1771146000000000,2069.20000000,2078.86000000,2066.02000000,2068.70000000,9469.01330000,1771149599999999,19620163.64509900,100978,5102.70480000,10572338.85708100,0
1771149600000000,2068.70000000,2070.26000000,2054.36000000,2061.57000000,10415.54930000,1771153199999999,21468419.27989200,164982,4372.24230000,9013057.17128600,0
1771153200000000,2061.56000000,2067.01000000,2058.61000000,2061.96000000,4891.91910000,1771156799999999,10090231.07627300,70367,2426.24400000,5004500.74391100,0
1771156800000000,2061.96000000,2068.63000000,2011.00000000,2011.00000000,27452.08170000,1771160399999999,55912016.77344900,237767,10033.14030000,20454812.99825300,0
1771160400000000,2011.00000000,2028.34000000,1994.05000000,2002.46000000,48992.18930000,1771163999999999,98593606.37484900,528523,24069.79970000,48462647.75178300,0
1771164000000000,2002.45000000,2012.43000000,1993.30000000,2010.32000000,23471.84990000,1771167599999999,47026580.10215400,245450,11861.60980000,23770753.50126200,0
1771167600000000,2010.32000000,2015.07000000,2002.50000000,2011.29000000,15790.39850000,1771171199999999,31735232.22072400,145614,8612.40110000,17313062.55614800,0
1771171200000000,2011.29000000,2011.30000000,1993.35000000,2006.27000000,52142.12390000,1771174799999999,104352541.54400000,227680,14857.14420000,29741945.99210100,0
1771174800000000,2006.27000000,2009.05000000,1957.90000000,1971.30000000,39397.21030000,1771178399999999,77956600.57964000,340429,16102.37070000,31810075.05453500,0
1771178400000000,1971.30000000,1981.36000000,1952.62000000,1959.24000000,86430.69250000,1771181999999999,169719691.16779300,434470,28286.72980000,55554845.58897700,0
1771182000000000,1959.24000000,1961.96000000,1928.88000000,1942.23000000,111713.68460000,1771185599999999,216723448.04029700,605333,44351.71810000,86047952.71606400,0
1771185600000000,1942.22000000,1958.54000000,1933.77000000,1950.11000000,16989.63700000,1771189199999999,33089443.87507500,198451,9420.08460000,18356157.96728000,0
1771189200000000,1950.11000000,1965.77000000,1950.00000000,1958.55000000,9995.15300000,1771192799999999,19569452.53042700,148552,5932.57230000,11616110.24639800,0
1771192800000000,1958.55000000,1974.51000000,1956.58000000,1970.27000000,9431.49630000,1771196399999999,18542155.99646400,130668,5661.82310000,11129977.23969000,0
1771196400000000,1970.27000000,1970.89000000,1944.36000000,1966.58000000,18853.92360000,1771199999999999,36912478.57994500,189676,9300.98960000,18211227.25573700,0
1771200000000000,1966.59000000,1979.30000000,1963.35000000,1969.11000000,17601.45250000,1771203599999999,34669756.19996300,178903,10184.82480000,20059617.77954200,0
1771203600000000,1969.11000000,1981.20000000,1957.00000000,1963.06000000,11795.92750000,1771207199999999,23217853.54811100,142023,5675.95160000,11175753.69541900,0
1771207200000000,1963.06000000,1966.79000000,1952.30000000,1957.00000000,8676.65990000,1771210799999999,17004019.00583800,197080,4758.51880000,9325909.48961100,0
1771210800000000,1957.01000000,1959.81000000,1948.76000000,1958.78000000,9328.32160000,1771214399999999,18226315.49920400,115559,4973.09310000,9718017.89891400,0
1771214400000000,1958.78000000,1973.19000000,1958.34000000,1973.06000000,9289.76660000,1771217999999999,18275477.39695800,119217,5486.94100000,10796082.55249200,0
1771218000000000,1973.05000000,1974.17000000,1952.91000000,1958.00000000,10870.13720000,1771221599999999,21315954.11909000,91258,3968.79720000,7778247.51603800,0
1771221600000000,1957.99000000,1967.58000000,1955.94000000,1966.69000000,6224.53020000,1771225199999999,12219948.95878000,63590,2823.04130000,5541956.87437400,0
1771225200000000,1966.69000000,1978.64000000,1964.32000000,1971.13000000,12111.04740000,1771228799999999,23875214.75581800,118576,6020.49060000,11869901.26909500,0
1771228800000000,1971.14000000,1978.51000000,1970.00000000,1977.31000000,7824.22630000,1771232399999999,15447609.89862900,73155,4708.96550000,9296847.99032600,0
1771232400000000,1977.31000000,1993.35000000,1976.16000000,1987.67000000,19499.89040000,1771235999999999,38729364.43310600,183618,10288.03540000,20432129.72433300,0
1771236000000000,1987.66000000,1988.91000000,1977.51000000,1978.88000000,7219.15250000,1771239599999999,14316107.60877200,97740,3023.79260000,5997966.13466200,0
1771239600000000,1978.88000000,1983.87000000,1957.12000000,1976.15000000,17076.63150000,1771243199999999,33632356.81129600,205634,7318.74850000,14424171.14123500,0
1771243200000000,1976.16000000,2009.52000000,1972.46000000,2006.24000000,17839.92820000,1771246799999999,35566400.08497300,258999,10424.19640000,20786777.01823500,0
1771246800000000,2006.25000000,2023.51000000,1961.23000000,1967.70000000,39101.64270000,1771250399999999,77858532.58338600,500023,18688.59550000,37228579.65848400,0
1771250400000000,1967.69000000,1983.45000000,1954.97000000,1973.13000000,18232.33400000,1771253999999999,35896511.02047200,292011,9772.12800000,19242692.48637800,0
1771254000000000,1973.13000000,1986.12000000,1937.24000000,1956.65000000,35682.81560000,1771257599999999,69849309.89129700,522398,16581.27270000,32455820.75997400,0
1771257600000000,1956.65000000,1980.04000000,1956.31000000,1973.75000000,22180.47660000,1771261199999999,43680544.30304800,287203,11509.89930000,22665335.81016700,0
1771261200000000,1973.75000000,1988.40000000,1964.48000000,1978.99000000,16573.70810000,1771264799999999,32765217.13406100,224918,7397.27570000,14631155.08990100,0
1771264800000000,1978.99000000,1985.68000000,1967.10000000,1968.93000000,10273.72270000,1771268399999999,20317448.95580400,121981,4537.10970000,8975221.38330900,0
1771268400000000,1968.94000000,1979.74000000,1966.22000000,1974.04000000,8089.60230000,1771271999999999,15967999.55639600,123814,4894.58190000,9662453.04265200,0
1771272000000000,1974.04000000,1994.34000000,1971.10000000,1993.20000000,13720.29780000,1771275599999999,27213514.20647000,156609,8317.81050000,16498112.33038500,0
1771275600000000,1993.20000000,2004.02000000,1986.20000000,1999.14000000,12003.68830000,1771279199999999,23915948.36160600,136139,6684.69830000,13321400.76495100,0
1771279200000000,1999.13000000,2002.54000000,1984.39000000,1990.19000000,11617.83390000,1771282799999999,23157971.73841500,124613,5514.65740000,10992645.83899800,0
1771282800000000,1990.19000000,2002.52000000,1988.72000000,1998.33000000,8514.14950000,1771286399999999,16996984.86877600,140965,4605.36000000,9193822.05235200,0
1771286400000000,1998.34000000,2005.77000000,1993.41000000,1998.44000000,7247.17820000,1771289999999999,14489983.77252700,125808,3301.53670000,6602157.62831500,0
1771290000000000,1998.45000000,2008.05000000,1991.00000000,1991.82000000,7619.56070000,1771293599999999,15238419.24565800,144406,3282.00210000,6565277.60342800,0
1771293600000000,1991.80000000,2008.58000000,1979.70000000,1998.59000000,16392.98060000,1771297199999999,32750281.58791300,191045,6981.66450000,13951397.85357200,0
1771297200000000,1998.60000000,1999.22000000,1984.73000000,1985.70000000,8720.57270000,1771300799999999,17361924.68252100,101417,2758.20130000,5490899.08599500,0
1771300800000000,1985.69000000,1998.48000000,1982.23000000,1989.44000000,9943.18860000,1771304399999999,19780085.15924900,97993,4426.85750000,8810471.25772100,0
1771304400000000,1989.44000000,1991.05000000,1964.72000000,1975.68000000,17831.92840000,1771307999999999,35227376.92325100,199245,6754.12790000,13339962.74700500,0
1771308000000000,1975.68000000,1985.07000000,1975.67000000,1981.02000000,6772.84040000,1771311599999999,13413355.51758400,94246,3282.55970000,6502064.00706400,0
1771311600000000,1981.02000000,1988.22000000,1973.32000000,1985.91000000,10442.22390000,1771315199999999,20687171.05740200,139936,5048.16040000,10005632.29607800,0
1771315200000000,1985.91000000,1990.88000000,1973.95000000,1977.08000000,13060.64640000,1771318799999999,25875475.21094200,181406,6738.60210000,13350116.22560400,0
1771318800000000,1977.07000000,1979.99000000,1969.79000000,1976.16000000,13678.91280000,1771322399999999,27003604.66581400,165187,6163.70850000,12165435.93634000,0
1771322400000000,1976.15000000,1978.77000000,1961.71000000,1966.93000000,13184.14190000,1771325999999999,25965044.37653600,190613,6140.51560000,12095154.02991700,0
1771326000000000,1966.92000000,1972.50000000,1964.28000000,1968.47000000,7332.66500000,1771329599999999,14435095.14334700,120586,3414.05750000,6721024.31598700,0
1771329600000000,1968.47000000,1977.02000000,1967.21000000,1969.76000000,11194.80990000,1771333199999999,22082204.89187000,190962,4522.30570000,8920604.68018200,0
1771333200000000,1969.76000000,1999.72000000,1964.74000000,1990.53000000,19708.19280000,1771336799999999,39117074.57990500,282545,11468.64690000,22766581.42869000,0
1771336800000000,1990.53000000,2002.70000000,1944.30000000,1948.49000000,50708.57110000,1771340399999999,99861848.83033900,782068,24668.47920000,48529077.87548500,0
1771340400000000,1948.50000000,1969.66000000,1941.66000000,1968.58000000,35993.69450000,1771343999999999,70390399.98990100,682867,20018.84800000,39153705.69399400,0
1771344000000000,1968.59000000,2010.47000000,1967.65000000,1980.36000000,43955.80940000,1771347599999999,87528604.85532200,670546,23366.76410000,46540793.85628200,0
1771347600000000,1980.37000000,1984.05000000,1954.03000000,1966.27000000,24967.60700000,1771351199999999,49105335.58183400,534443,12042.04700000,23684850.12758500,0
1771351200000000,1966.28000000,2007.02000000,1961.73000000,1998.69000000,25370.98190000,1771354799999999,50475151.62943500,464392,13879.59600000,27604832.73812600,0
1771354800000000,1998.70000000,2015.33000000,1995.07000000,1998.14000000,23332.82040000,1771358399999999,46772264.78089000,368598,11655.10570000,23370617.52987100,0
1771358400000000,1998.15000000,2001.50000000,1987.57000000,1994.71000000,14385.54310000,1771361999999999,28696242.31825200,313980,6554.32380000,13074787.60436300,0
1771362000000000,1994.71000000,2002.79000000,1992.34000000,1999.74000000,6350.19130000,1771365599999999,12677073.98512400,131954,3223.97530000,6436120.51363600,0
1771365600000000,1999.74000000,2004.00000000,1992.39000000,1993.92000000,6910.23580000,1771369199999999,13814833.13638900,109507,3035.67220000,6069191.54318300,0
1771369200000000,1993.91000000,1998.19000000,1989.67000000,1991.66000000,11141.64590000,1771372799999999,22212446.78777200,137091,4219.94540000,8411847.78898500,0
1771372800000000,1991.67000000,1997.89000000,1981.18000000,1981.54000000,10638.94690000,1771376399999999,21165455.39056400,178058,4717.36550000,9388488.00008100,0
1771376400000000,1981.54000000,1984.18000000,1968.68000000,1978.07000000,16454.55500000,1771379999999999,32513043.98040400,213356,6827.14740000,13490842.77974000,0
1771380000000000,1978.08000000,1992.83000000,1977.57000000,1987.61000000,12379.75100000,1771383599999999,24592204.43507000,146223,4635.06020000,9207774.79375100,0
1771383600000000,1987.61000000,2000.56000000,1986.86000000,1997.07000000,9221.41020000,1771387199999999,18404254.24555000,134877,3676.22420000,7332929.30519400,0
1771387200000000,1997.08000000,2002.78000000,1993.35000000,1999.15000000,10445.95130000,1771390799999999,20868459.08618800,132107,4432.80550000,8856023.67906400,0
1771390800000000,1999.18000000,2002.91000000,1996.00000000,1996.49000000,5731.64600000,1771394399999999,11458199.19392500,114047,3101.78520000,6201540.84686200,0
1771394400000000,1996.50000000,2008.62000000,1995.56000000,2002.06000000,5869.89550000,1771397999999999,11759137.99368200,121326,3387.16600000,6785744.21724300,0
1771398000000000,2002.06000000,2023.52000000,1996.71000000,2018.07000000,15598.02760000,1771401599999999,31366880.56575800,155334,9220.89880000,18542746.02339600,0
1771401600000000,2018.06000000,2039.05000000,2017.17000000,2020.70000000,19799.38540000,1771405199999999,40113274.70854700,268574,10380.34500000,21031657.92416400,0
1771405200000000,2020.69000000,2022.75000000,2015.82000000,2016.69000000,8508.15250000,1771408799999999,17183411.75671300,138080,3522.59820000,7114858.22115700,0
1771408800000000,2016.69000000,2018.28000000,1995.55000000,1997.27000000,13627.43990000,1771412399999999,27307258.86298600,144499,4522.38300000,9064290.97791500,0
1771412400000000,1997.27000000,1998.30000000,1976.57000000,1981.43000000,18516.98610000,1771415999999999,36750728.91726400,240895,8984.31690000,17827756.56154000,0
1771416000000000,1981.44000000,1989.38000000,1971.66000000,1982.47000000,17377.61750000,1771419599999999,34420533.90696100,186768,9013.78460000,17849204.98601600,0
1771419600000000,1982.48000000,1991.91000000,1961.56000000,1970.68000000,18828.97280000,1771423199999999,37205427.03603200,215706,9260.89380000,18304288.30225900,0
1771423200000000,1970.67000000,1976.85000000,1954.30000000,1974.66000000,38349.61290000,1771426799999999,75457364.37276300,515525,18228.67760000,35866543.15944500,0
1771426800000000,1974.65000000,2010.30000000,1973.58000000,1985.48000000,33886.80330000,1771430399999999,67489139.83863300,474698,17982.97820000,35814290.58973900,0
1771430400000000,1985.48000000,1985.67000000,1965.00000000,1971.78000000,24137.24330000,1771433999999999,47613533.65047800,334260,10769.44070000,21237839.11970800,0
1771434000000000,1971.78000000,1987.89000000,1970.81000000,1974.57000000,10635.90220000,1771437599999999,21028041.23931900,165728,5446.98890000,10768364.00978000,0
1771437600000000,1974.58000000,1977.59000000,1949.21000000,1952.62000000,25111.71240000,1771441199999999,49225660.03064700,314339,11661.25370000,22868493.81483100,0
1771441200000000,1952.62000000,1961.57000000,1923.78000000,1941.03000000,35636.13920000,1771444799999999,69150519.46670400,440005,17404.98530000,33775727.82841700,0
1771444800000000,1941.04000000,1952.79000000,1935.82000000,1939.67000000,16433.13380000,1771448399999999,31943582.10816000,239032,9013.34200000,17519373.02089800,0
1771448400000000,1939.68000000,1948.37000000,1935.94000000,1942.00000000,9781.71320000,1771451999999999,18993668.67308400,122239,5630.53940000,10930831.97310700,0
1771452000000000,1941.96000000,1950.14000000,1939.92000000,1948.24000000,5923.77360000,1771455599999999,11518932.00114700,79986,3129.79700000,6086261.59144700,0
1771455600000000,1948.24000000,1956.79000000,1944.62000000,1955.91000000,10744.23700000,1771459199999999,20962919.13898900,100875,6572.83480000,12821717.05408900,0
1771459200000000,1955.90000000,1961.22000000,1950.50000000,1956.54000000,5924.94460000,1771462799999999,11591555.92852400,97379,3410.00580000,6672254.42942100,0
1771462800000000,1956.54000000,1974.73000000,1956.42000000,1967.01000000,9009.38420000,1771466399999999,17712643.73029700,128659,5164.93380000,10154345.38536500,0
1771466400000000,1967.01000000,1973.00000000,1962.77000000,1968.06000000,6281.32200000,1771469999999999,12361957.71869800,112606,3210.88700000,6320593.24101100,0
1771470000000000,1968.06000000,1973.44000000,1963.14000000,1972.33000000,4860.72230000,1771473599999999,9572842.87102000,93953,2269.64890000,4470048.32712200,0
1771473600000000,1972.32000000,1979.84000000,1969.21000000,1969.50000000,10857.52360000,1771477199999999,21444321.50879100,112764,4344.85660000,8582715.64701500,0
1771477200000000,1969.51000000,1972.72000000,1964.20000000,1970.33000000,7950.21140000,1771480799999999,15646837.64140500,86770,2633.79960000,5183945.90258100,0
1771480800000000,1970.32000000,1985.00000000,1970.04000000,1982.92000000,7290.36900000,1771484399999999,14429474.61273000,107012,4004.78760000,7926302.97412800,0
1771484400000000,1982.93000000,1987.55000000,1979.05000000,1981.76000000,8023.79060000,1771487999999999,15908176.60592100,96152,3027.47270000,6002971.26214700,0
1771488000000000,1981.76000000,1982.54000000,1966.35000000,1970.50000000,9542.85480000,1771491599999999,18835481.87815900,99839,3642.64700000,7189823.21150000,0
1771491600000000,1970.50000000,1980.51000000,1961.64000000,1963.79000000,9144.56920000,1771495199999999,18028931.38067700,89939,3884.27130000,7660297.24240200,0
1771495200000000,1963.80000000,1968.65000000,1957.45000000,1959.64000000,10708.92310000,1771498799999999,21027960.37895800,94750,4337.50510000,8518001.91756700,0
1771498800000000,1959.65000000,1964.56000000,1948.16000000,1949.58000000,13812.27890000,1771502399999999,27018982.74768200,102332,4708.01340000,9212079.40228100,0
1771502400000000,1949.59000000,1956.18000000,1945.09000000,1947.30000000,10698.54020000,1771505999999999,20866152.42593600,141764,5330.16220000,10397161.46075200,0
1771506000000000,1947.30000000,1948.22000000,1911.49000000,1921.40000000,31694.48310000,1771509599999999,61126100.79273000,336820,13168.46730000,25389851.26893000,0
1771509600000000,1921.40000000,1948.52000000,1912.07000000,1936.87000000,29110.39820000,1771513199999999,56158366.23014600,452245,15486.85440000,29883611.86129200,0
1771513200000000,1936.87000000,1947.78000000,1913.24000000,1926.30000000,31392.06460000,1771516799999999,60421892.70486300,448432,15890.54960000,30582704.54207000,0
1771516800000000,1926.29000000,1929.93000000,1907.00000000,1922.07000000,18684.19290000,1771520399999999,35867587.02713100,266699,9847.09110000,18910513.00038100,0
1771520400000000,1922.08000000,1944.57000000,1910.77000000,1920.72000000,19336.20920000,1771523999999999,37280709.82731000,212940,9866.84040000,19026831.64426200,0
1771524000000000,1920.71000000,1944.67000000,1916.59000000,1939.99000000,14820.33730000,1771527599999999,28653252.47673900,200410,8278.23880000,16004588.77112900,0
1771527600000000,1940.00000000,1947.52000000,1927.84000000,1941.34000000,10603.46170000,1771531199999999,20550347.97380200,172245,5110.80540000,9907035.94926900,0
1771531200000000,1941.33000000,1952.00000000,1934.79000000,1950.29000000,11823.37500000,1771534799999999,22996081.62511100,121485,5155.17100000,10027202.43607000,0
1771534800000000,1950.29000000,1952.57000000,1945.77000000,1948.50000000,6871.61410000,1771538399999999,13393355.53258300,76791,3233.70970000,6302559.85172400,0
1771538400000000,1948.50000000,1948.82000000,1937.09000000,1943.96000000,6898.73470000,1771541999999999,13400010.92784100,68660,3559.58830000,6912694.60531600,0
1771542000000000,1943.96000000,1951.33000000,1942.29000000,1949.08000000,4916.76860000,1771545599999999,9576751.40068800,72962,2464.00520000,4798841.40370200,0
1771545600000000,1949.08000000,1964.54000000,1947.41000000,1957.56000000,9537.71650000,1771549199999999,18669611.10452900,133819,5208.77840000,10195047.29069300,0
1771549200000000,1957.57000000,1961.56000000,1950.03000000,1953.76000000,5450.54480000,1771552799999999,10662877.08550500,95611,2441.39810000,4776642.27311100,0
1771552800000000,1953.77000000,1956.70000000,1948.17000000,1949.69000000,6151.30610000,1771556399999999,12008963.77660500,83675,2370.64330000,4628119.59697700,0
1771556400000000,1949.69000000,1960.64000000,1949.69000000,1954.85000000,7546.80540000,1771559999999999,14763069.66151800,85481,3473.96730000,6795835.69304200,0
1771560000000000,1954.85000000,1956.15000000,1931.01000000,1939.17000000,17059.94240000,1771563599999999,33121711.47740900,142798,6101.36350000,11843670.46005000,0
1771563600000000,1939.17000000,1965.50000000,1936.21000000,1955.23000000,13605.43020000,1771567199999999,26571857.68088500,141722,7085.83550000,13843362.00405300,0
1771567200000000,1955.23000000,1960.36000000,1949.82000000,1958.47000000,11046.30060000,1771570799999999,21612125.61708800,97572,5892.04290000,11527003.24216200,0
1771570800000000,1958.47000000,1968.55000000,1956.98000000,1960.97000000,14254.44930000,1771574399999999,27967290.56273200,104370,7133.59870000,13994605.26546700,0
1771574400000000,1960.93000000,1966.32000000,1957.12000000,1960.00000000,8987.28220000,1771577999999999,17625402.36364100,73741,3004.14080000,5892191.77737700,0
1771578000000000,1960.00000000,1972.27000000,1959.91000000,1968.15000000,17267.75880000,1771581599999999,33981660.62326600,124388,7655.73770000,15066281.38680400,0
1771581600000000,1968.15000000,1973.86000000,1956.55000000,1957.54000000,13226.20330000,1771585199999999,26011873.88167800,106953,4516.70850000,8884742.60266700,0
1771585200000000,1957.53000000,1957.58000000,1940.58000000,1943.98000000,19265.15710000,1771588799999999,37568571.07892900,123580,8434.85810000,16442794.88987600,0
1771588800000000,1943.99000000,1951.65000000,1942.39000000,1949.82000000,14375.62020000,1771592399999999,27988671.04880600,98961,7875.77020000,15333981.58291000,0
1771592400000000,1949.82000000,1949.83000000,1922.97000000,1934.11000000,25969.82410000,1771595999999999,50282292.08058800,246353,13197.46260000,25544427.70814500,0
1771596000000000,1934.11000000,1954.28000000,1933.07000000,1943.70000000,18771.15650000,1771599599999999,36483557.27239700,272016,9784.83380000,19021097.30545600,0
1771599600000000,1943.70000000,1980.49000000,1935.40000000,1963.95000000,62826.67430000,1771603199999999,123052212.84196200,634034,29043.91310000,56875509.20355200,0
1771603200000000,1963.96000000,1973.50000000,1953.86000000,1968.62000000,31207.24090000,1771606799999999,61288597.94687100,310535,19071.72890000,37457819.65401200,0
1771606800000000,1968.62000000,1970.94000000,1939.21000000,1966.57000000,28092.67340000,1771610399999999,54968004.45874900,319552,13584.28650000,26576978.92432400,0
1771610400000000,1966.56000000,1981.18000000,1959.89000000,1975.56000000,26074.15180000,1771613999999999,51371970.80156700,297811,12476.31460000,24591920.98879600,0
1771614000000000,1975.55000000,1978.15000000,1961.67000000,1963.69000000,9581.14650000,1771617599999999,18857860.01731500,135569,4870.99570000,9586026.64367000,0
1771617600000000,1963.69000000,1971.36000000,1961.60000000,1971.05000000,5525.90520000,1771621199999999,10872220.25662200,96261,2972.43780000,5848943.19592600,0
1771621200000000,1971.04000000,1975.27000000,1967.19000000,1974.38000000,5270.03430000,1771624799999999,10391832.55513200,78794,2978.15210000,5873217.55720800,0
1771624800000000,1974.37000000,1974.37000000,1964.40000000,1971.40000000,7586.04040000,1771628399999999,14941380.61433900,77169,2978.55170000,5864099.03324000,0
1771628400000000,1971.39000000,1973.27000000,1963.54000000,1968.88000000,7574.19140000,1771631999999999,14905317.66539300,67496,4270.70590000,8403453.84318600,0
1771632000000000,1968.88000000,1969.47000000,1961.47000000,1963.22000000,3689.91730000,1771635599999999,7252741.96629500,60275,1458.89260000,2867326.26038200,0
1771635600000000,1963.23000000,1969.09000000,1963.00000000,1966.24000000,4693.70260000,1771639199999999,9225186.24449000,46690,2707.86620000,5321570.58263100,0
1771639200000000,1966.25000000,1970.70000000,1964.83000000,1965.69000000,2629.85570000,1771642799999999,5175279.80237500,35055,1276.07630000,2511366.58073600,0
1771642800000000,1965.69000000,1966.00000000,1955.62000000,1959.03000000,5567.72170000,1771646399999999,10912262.20465200,57911,2207.51740000,4326732.02500800,0
1771646400000000,1959.03000000,1963.29000000,1956.21000000,1962.40000000,4120.70060000,1771649999999999,8075822.72448900,39927,2740.99550000,5372004.29338100,0
1771650000000000,1962.40000000,1964.43000000,1961.20000000,1962.86000000,3515.36060000,1771653599999999,6898061.70649000,31904,2264.72030000,4443421.29113700,0
1771653600000000,1962.86000000,1966.09000000,1960.52000000,1961.50000000,4038.74320000,1771657199999999,7928825.36302500,40191,2186.23110000,4292353.07906100,0
1771657200000000,1961.50000000,1964.84000000,1960.00000000,1962.71000000,2646.77880000,1771660799999999,5194845.75796300,31034,1049.11460000,2059059.14065800,0
1771660800000000,1962.70000000,1971.18000000,1962.00000000,1969.00000000,7080.48190000,1771664399999999,13917719.47907600,36501,4509.97660000,8864215.79301300,0
1771664400000000,1969.01000000,1977.66000000,1967.20000000,1970.28000000,12055.13180000,1771667999999999,23788340.21741800,65148,5619.38090000,11089543.38342800,0
1771668000000000,1970.28000000,1974.88000000,1969.09000000,1974.17000000,6008.23940000,1771671599999999,11850887.50024900,38158,2358.36270000,4652664.27913600,0
1771671600000000,1974.17000000,1988.60000000,1973.85000000,1977.02000000,15667.89250000,1771675199999999,31046273.21393800,100794,7287.97130000,14442621.80653700,0
1771675200000000,1977.02000000,1978.17000000,1969.49000000,1975.99000000,6999.56330000,1771678799999999,13813807.27139600,54340,3260.12300000,6434606.52247900,0
1771678800000000,1975.99000000,1981.40000000,1972.63000000,1981.18000000,6317.42350000,1771682399999999,12496195.57835000,46879,3014.04750000,5961552.29128000,0
1771682400000000,1981.18000000,1995.56000000,1978.09000000,1987.52000000,24404.42090000,1771685999999999,48522612.07927900,144696,12542.57680000,24937732.03609500,0
1771686000000000,1987.51000000,1993.00000000,1984.25000000,1988.13000000,11101.62530000,1771689599999999,22078272.09556800,78124,5789.62020000,11513400.46310700,0
1771689600000000,1988.13000000,1989.64000000,1976.41000000,1986.33000000,13460.13350000,1771693199999999,26692269.69172400,101947,7069.15050000,14020074.32410600,0
1771693200000000,1986.34000000,1992.10000000,1984.26000000,1988.95000000,6840.05620000,1771696799999999,13598490.76632000,58968,4088.56890000,8128655.22090200,0
1771696800000000,1988.95000000,1995.31000000,1987.77000000,1991.97000000,7986.10330000,1771700399999999,15908394.83879300,48794,5436.58950000,10830503.51531100,0
1771700400000000,1991.97000000,1994.77000000,1987.86000000,1988.35000000,5053.46600000,1771703999999999,10062802.34307100,31061,3287.34340000,6546362.14020300,0
1771704000000000,1988.34000000,1990.41000000,1973.53000000,1974.14000000,9505.75520000,1771707599999999,18846068.83881900,60072,3282.78060000,6512535.78494000,0
1771707600000000,1974.14000000,1982.79000000,1970.00000000,1982.04000000,6233.46200000,1771711199999999,12323746.51235600,59796,3438.62180000,6800152.29587300,0
1771711200000000,1982.04000000,1982.47000000,1972.02000000,1974.40000000,6109.63670000,1771714799999999,12074063.03743400,53802,2905.90100000,5743832.50135600,0
1771714800000000,1974.39000000,1977.78000000,1971.08000000,1973.35000000,3447.67360000,1771718399999999,6806385.41466500,40163,1753.48200000,3461924.21019300,0
1771718400000000,1973.35000000,1975.60000000,1967.75000000,1972.87000000,6008.30150000,1771721999999999,11842859.54439200,56633,2854.18840000,5627066.68974800,0
1771722000000000,1972.87000000,1979.87000000,1972.61000000,1977.37000000,5083.13730000,1771725599999999,10048267.94969300,46696,3133.43450000,6193751.12746700,0
1771725600000000,1977.38000000,1982.99000000,1972.21000000,1972.23000000,4860.79580000,1771729199999999,9610017.33304400,51099,2655.12470000,5250275.07787200,0
1771729200000000,1972.23000000,1976.26000000,1967.40000000,1974.71000000,4955.89850000,1771732799999999,9773790.27772800,59984,2468.85130000,4869233.13075000,0
1771732800000000,1974.71000000,1976.16000000,1970.20000000,1973.62000000,4191.90920000,1771736399999999,8273194.55546200,33670,2385.68880000,4709523.63414700,0
1771736400000000,1973.63000000,1975.11000000,1971.06000000,1974.97000000,3675.85650000,1771739999999999,7253334.86326900,26200,2659.37280000,5247685.08811500,0
1771740000000000,1974.97000000,1979.54000000,1974.29000000,1976.05000000,4322.97720000,1771743599999999,8544221.99032800,34428,2023.92260000,4000283.20436800,0
1771743600000000,1976.06000000,1978.78000000,1974.58000000,1975.88000000,4020.65840000,1771747199999999,7946738.72677600,36856,1633.78700000,3229020.33677800,0
1771747200000000,1975.87000000,1977.05000000,1970.58000000,1973.39000000,3464.46990000,1771750799999999,6837861.55423200,46715,1309.82380000,2584765.14748600,0
1771750800000000,1973.40000000,1976.26000000,1971.72000000,1975.83000000,3255.75160000,1771754399999999,6426635.96233200,54013,1694.82130000,3345389.75250900,0
1771754400000000,1975.83000000,1980.01000000,1975.02000000,1977.50000000,4793.50560000,1771757999999999,9480198.12476000,43685,2187.14190000,4325556.97045200,0
1771758000000000,1977.51000000,1983.13000000,1977.51000000,1980.78000000,6265.08420000,1771761599999999,12411558.57252400,64564,3303.03160000,6543725.73080000,0
1771761600000000,1980.79000000,1981.60000000,1961.84000000,1966.37000000,12687.47590000,1771765199999999,24986802.43090500,141794,6033.38750000,11885052.68467100,0
1771765200000000,1966.37000000,1968.69000000,1945.00000000,1950.95000000,17873.02430000,1771768799999999,34937712.11331200,212262,8074.44820000,15780842.57502500,0
1771768800000000,1950.95000000,1954.60000000,1943.53000000,1950.64000000,10915.59280000,1771772399999999,21281453.64773000,166765,4839.30950000,9435705.96396500,0
1771772400000000,1950.65000000,1958.72000000,1945.86000000,1953.98000000,8948.80480000,1771775999999999,17469675.53211000,113215,4034.11150000,7877071.16146900,0
1771776000000000,1953.99000000,1955.56000000,1947.53000000,1952.53000000,10039.44990000,1771779599999999,19588232.23389100,69649,5733.53850000,11186628.62728500,0
1771779600000000,1952.52000000,1953.60000000,1935.00000000,1940.27000000,12200.52950000,1771783199999999,23691250.15339700,141393,4528.92770000,8789473.82849800,0
1771783200000000,1940.27000000,1944.11000000,1938.39000000,1942.95000000,4324.00720000,1771786799999999,8395778.71437200,58111,1893.29820000,3676069.83362800,0
1771786800000000,1942.95000000,1945.92000000,1940.05000000,1943.74000000,2450.50430000,1771790399999999,4762269.45947100,49322,1430.65370000,2780418.27255500,0
1771790400000000,1943.73000000,1945.98000000,1939.81000000,1940.99000000,2422.20640000,1771793999999999,4706806.30077900,52878,1193.86140000,2319941.07006800,0
1771794000000000,1941.00000000,1952.27000000,1941.00000000,1950.39000000,5948.99900000,1771797599999999,11587850.88402100,63645,4053.95630000,7898851.01898700,0
1771797600000000,1950.40000000,1960.89000000,1946.61000000,1958.54000000,6012.48200000,1771801199999999,11752588.92773500,90583,3183.72080000,6223474.45459700,0
1771801200000000,1958.53000000,1960.95000000,1948.62000000,1957.82000000,6604.22640000,1771804799999999,12908450.44630900,135913,3931.71040000,7684269.56379900,0
1771804800000000,1957.82000000,1958.33000000,1928.71000000,1929.42000000,18435.23980000,1771808399999999,35765364.78602800,191943,10829.09150000,20998738.61632900,0
1771808400000000,1929.42000000,1929.42000000,1847.46000000,1856.88000000,107679.14400000,1771811999999999,202755598.56927400,1041436,51667.92740000,97368279.62550800,0
1771812000000000,1856.88000000,1868.67000000,1851.39000000,1863.24000000,24157.73760000,1771815599999999,44966881.41400800,370585,12286.61300000,22872455.23427700,0
1771815600000000,1863.25000000,1871.98000000,1856.17000000,1862.87000000,17198.76990000,1771819199999999,32061968.78177600,174928,8454.12820000,15753886.24653300,0
1771819200000000,1862.88000000,1864.94000000,1853.34000000,1860.17000000,11872.43870000,1771822799999999,22077678.40092200,114329,4490.47350000,8355274.25811600,0
1771822800000000,1860.17000000,1870.67000000,1860.00000000,1866.08000000,15346.92530000,1771826399999999,28646930.54834400,117200,8499.59260000,15864794.02757000,0
1771826400000000,1866.08000000,1883.20000000,1864.29000000,1879.52000000,17881.71230000,1771829999999999,33548637.56914500,160191,11989.19660000,22495279.20095100,0
1771830000000000,1879.52000000,1888.71000000,1876.93000000,1885.50000000,21104.99960000,1771833599999999,39722141.33077400,163901,12556.66060000,23632049.59733800,0
1771833600000000,1885.50000000,1889.77000000,1877.23000000,1880.62000000,12507.74690000,1771837199999999,23556128.90792900,120177,7571.83230000,14264683.56307400,0
1771837200000000,1880.63000000,1918.82000000,1880.63000000,1918.00000000,18360.47070000,1771840799999999,34940823.34498800,240058,11518.54680000,21921192.03727600,0
1771840800000000,1917.99000000,1928.19000000,1912.29000000,1913.94000000,23296.54450000,1771844399999999,44710243.47063000,212205,8459.49630000,16241027.08436200,0
1771844400000000,1913.95000000,1920.59000000,1911.10000000,1915.30000000,15298.79910000,1771847999999999,29284154.84191200,123116,5877.59560000,11253452.43769600,0
1771848000000000,1915.29000000,1926.53000000,1905.71000000,1919.99000000,29364.53850000,1771851599999999,56256642.06854900,232755,11080.37600000,21231980.28779500,0
1771851600000000,1920.00000000,1935.52000000,1918.78000000,1921.90000000,16082.05400000,1771855199999999,30958002.65554200,184725,8139.43830000,15665077.37437200,0
1771855200000000,1921.90000000,1925.48000000,1895.00000000,1906.92000000,25345.28720000,1771858799999999,48408495.37698300,516697,11351.96180000,21682226.72305100,0
1771858800000000,1906.92000000,1913.23000000,1892.68000000,1895.65000000,17508.22110000,1771862399999999,33328753.32492700,429238,8305.54930000,15814512.63674000,0
1771862400000000,1895.65000000,1900.18000000,1881.20000000,1884.72000000,27144.35340000,1771865999999999,51278464.40116600,452381,13650.24650000,25789961.99002100,0
1771866000000000,1884.73000000,1888.17000000,1837.13000000,1863.92000000,49519.88900000,1771869599999999,92150211.15152300,594225,21949.98810000,40825296.78262300,0
1771869600000000,1863.92000000,1874.12000000,1854.60000000,1857.75000000,23279.09070000,1771873199999999,43414613.95431200,352127,9582.36560000,17864559.83649900,0
1771873200000000,1857.75000000,1864.75000000,1847.20000000,1857.19000000,18636.57230000,1771876799999999,34586768.78305500,264119,8380.51480000,15555276.22293600,0
1771876800000000,1857.19000000,1862.49000000,1846.80000000,1860.56000000,14636.34650000,1771880399999999,27145181.67836800,256293,8549.16050000,15858243.43104900,0
1771880400000000,1860.55000000,1869.31000000,1858.56000000,1863.59000000,8570.39310000,1771883999999999,15977259.17632300,137349,4423.63890000,8247975.96073900,0
1771884000000000,1863.59000000,1870.00000000,1859.72000000,1859.93000000,6871.88350000,1771887599999999,12822477.98128900,124315,3504.73400000,6540014.15851200,0
1771887600000000,1859.94000000,1866.95000000,1850.95000000,1856.30000000,7260.32920000,1771891199999999,13496281.52798600,110460,3379.65690000,6282244.07857200,0
1771891200000000,1856.30000000,1869.58000000,1855.34000000,1867.96000000,9157.30620000,1771894799999999,17067628.88033300,115272,4911.41720000,9154312.11352600,0
1771894800000000,1867.95000000,1867.99000000,1811.81000000,1840.95000000,40396.05860000,1771898399999999,74274231.52369900,540752,19238.41190000,35371560.96715600,0
1771898400000000,1840.95000000,1854.46000000,1837.15000000,1843.54000000,12161.91000000,1771901999999999,22437698.63333500,230339,6495.86050000,11985652.58528800,0
1771902000000000,1843.54000000,1843.54000000,1823.24000000,1832.03000000,18172.79460000,1771905599999999,33304053.24716400,352523,8492.32490000,15562072.24828800,0
1771905600000000,1832.03000000,1833.82000000,1813.77000000,1830.81000000,19146.11980000,1771909199999999,34956379.12778400,316034,10140.64140000,18520177.62979500,0
1771909200000000,1830.80000000,1840.79000000,1814.01000000,1826.26000000,22890.47500000,1771912799999999,41792524.47689400,283879,12090.43330000,22077661.01174100,0
1771912800000000,1826.25000000,1831.35000000,1817.99000000,1820.86000000,12662.40300000,1771916399999999,23119479.16047900,200304,5472.22500000,9993854.44393700,0
1771916400000000,1820.87000000,1831.89000000,1815.23000000,1825.70000000,18837.26920000,1771919999999999,34383688.91991500,235085,8939.48420000,16318092.61478500,0
1771920000000000,1825.70000000,1836.18000000,1818.52000000,1831.57000000,15506.61590000,1771923599999999,28363300.60965000,191593,6353.07860000,11616677.98233100,0
1771923600000000,1831.56000000,1834.69000000,1815.22000000,1827.14000000,15818.86830000,1771927199999999,28853600.02341700,236927,7156.49150000,13054437.71799200,0
1771927200000000,1827.15000000,1829.68000000,1820.57000000,1825.88000000,13127.00180000,1771930799999999,23962407.52557200,166990,5447.22670000,9943668.73979100,0
1771930800000000,1825.88000000,1827.36000000,1818.08000000,1826.75000000,19078.33840000,1771934399999999,34775155.40259600,150446,6082.23190000,11086431.42446400,0
1771934400000000,1826.75000000,1830.29000000,1821.07000000,1823.92000000,11156.18800000,1771937999999999,20366859.24071100,155852,5341.53300000,9753767.02137200,0
1771938000000000,1823.92000000,1827.50000000,1800.00000000,1815.73000000,27668.23310000,1771941599999999,50157720.73333200,380836,11187.49030000,20289407.15329100,0
1771941600000000,1815.72000000,1847.99000000,1803.48000000,1834.73000000,40891.53990000,1771945199999999,74571048.96774700,725081,18480.37610000,33693174.91259000,0
1771945200000000,1834.73000000,1850.29000000,1828.46000000,1847.59000000,31496.78870000,1771948799999999,58006890.58713000,522367,15318.08620000,28204674.51376200,0
1771948800000000,1847.59000000,1863.33000000,1838.36000000,1858.56000000,27165.20430000,1771952399999999,50319590.20304000,461552,13787.85360000,25550663.26312400,0
1771952400000000,1858.57000000,1865.38000000,1849.55000000,1855.43000000,25214.29160000,1771955999999999,46891186.29061900,320332,12152.02180000,22595159.89585000,0
1771956000000000,1855.43000000,1860.67000000,1845.46000000,1855.08000000,12199.65860000,1771959599999999,22619423.00228600,219577,5698.53030000,10563486.54071200,0
1771959600000000,1855.08000000,1862.63000000,1847.05000000,1852.46000000,9800.18970000,1771963199999999,18164961.00496100,216163,4313.74780000,7997301.96804400,0
1771963200000000,1852.47000000,1862.36000000,1849.50000000,1858.58000000,6842.40440000,1771966799999999,12701446.97991500,206455,4210.03220000,7814781.70214900,0
1771966800000000,1858.57000000,1858.57000000,1845.41000000,1854.17000000,8846.67930000,1771970399999999,16376677.78142000,155499,3762.55760000,6965421.25751900,0
1771970400000000,1854.17000000,1864.11000000,1852.92000000,1860.56000000,7923.14680000,1771973999999999,14727875.25723800,119807,3971.74620000,7382891.87180900,0
1771974000000000,1860.56000000,1860.61000000,1851.63000000,1851.94000000,11904.54320000,1771977599999999,22086866.24997900,103694,6806.60790000,12626925.85041300,0
1771977600000000,1851.95000000,1856.68000000,1846.74000000,1851.98000000,5821.55120000,1771981199999999,10776800.35807700,118615,2682.40670000,4967416.83028800,0
1771981200000000,1851.98000000,1924.84000000,1850.49000000,1918.34000000,52073.99220000,1771984799999999,99057986.83241000,691458,28358.28530000,53915663.35468900,0
1771984800000000,1918.34000000,1944.86000000,1918.12000000,1920.97000000,30910.28200000,1771988399999999,59678733.62317800,378080,16407.87820000,31673458.76610200,0
1771988400000000,1920.97000000,1922.81000000,1903.35000000,1906.14000000,16453.46180000,1771991999999999,31439125.58868600,250757,7771.76190000,14849439.84852700,0
1771992000000000,1906.14000000,1914.35000000,1894.37000000,1906.30000000,16090.41730000,1771995599999999,30690646.59255500,221237,8587.28090000,16384114.95354300,0
1771995600000000,1906.31000000,1908.30000000,1878.02000000,1887.98000000,18671.36540000,1771999199999999,35322649.29540000,266285,8013.48980000,15160729.03727200,0
1771999200000000,1887.98000000,1896.71000000,1884.83000000,1885.05000000,9969.67510000,1772002799999999,18847771.35642000,148507,4739.97790000,8962828.44131900,0
1772002800000000,1885.06000000,1895.58000000,1882.44000000,1893.31000000,10031.50140000,1772006399999999,18957629.53520500,137745,4697.29480000,8878331.95209400,0
1772006400000000,1893.32000000,1913.90000000,1890.27000000,1910.29000000,13325.29260000,1772009999999999,25350037.24155600,183542,7931.56110000,15087085.49021700,0
1772010000000000,1910.29000000,1917.83000000,1907.49000000,1915.19000000,12124.81110000,1772013599999999,23186993.60019400,177649,5453.62560000,10429254.03841800,0
1772013600000000,1915.18000000,1923.43000000,1910.22000000,1912.61000000,10393.53160000,1772017199999999,19910602.80145400,159045,4942.87580000,9470397.77087400,0
1772017200000000,1912.62000000,1928.45000000,1907.76000000,1926.48000000,13682.71330000,1772020799999999,26265388.12563400,174107,6860.89390000,13168376.68529600,0
1772020800000000,1926.48000000,1956.79000000,1922.28000000,1953.43000000,28466.24330000,1772024399999999,55273593.37507000,346256,17077.46270000,33174824.64818800,0
1772024400000000,1953.44000000,1976.89000000,1952.47000000,1964.57000000,29844.23990000,1772027999999999,58581111.75483600,370823,14737.34270000,28933485.08782200,0
1772028000000000,1964.57000000,2001.65000000,1962.14000000,1997.38000000,46629.00120000,1772031599999999,92312332.42035300,656795,24822.23480000,49161999.58509400,0
1772031600000000,1997.38000000,2028.70000000,1986.72000000,2013.73000000,54106.00040000,1772035199999999,108675223.94259000,818545,25969.15560000,52169206.27393000,0
1772035200000000,2013.69000000,2049.18000000,2013.36000000,2046.33000000,41815.86190000,1772038799999999,84955432.01722100,586597,21227.31530000,43132328.46443500,0
1772038800000000,2046.34000000,2086.17000000,2044.28000000,2073.90000000,52395.62230000,1772042399999999,108232961.89764600,686165,25117.63700000,51888389.60088000,0
1772042400000000,2073.90000000,2081.20000000,2056.93000000,2074.12000000,30666.63170000,1772045999999999,63471297.76124100,457436,14683.04610000,30396533.94372400,0
1772046000000000,2074.11000000,2074.90000000,2060.05000000,2071.10000000,20148.64450000,1772049599999999,41657088.36987800,296074,8157.00530000,16864908.65564100,0
1772049600000000,2071.10000000,2083.99000000,2058.37000000,2075.00000000,28425.54920000,1772053199999999,58845891.73074000,330119,14797.30170000,30624950.70971700,0
1772053200000000,2074.99000000,2148.39000000,2065.84000000,2100.33000000,72931.05040000,1772056799999999,153455031.10957200,727925,39974.95870000,84083648.69319000,0
1772056800000000,2100.33000000,2115.41000000,2073.79000000,2083.15000000,34986.58860000,1772060399999999,73427745.61582600,372642,14419.78760000,30259780.24906700,0
1772060400000000,2083.14000000,2087.00000000,2034.39000000,2057.48000000,33015.40940000,1772063999999999,67984258.20593000,468342,15799.96960000,32519579.74352100,0
1772064000000000,2057.48000000,2076.60000000,2047.83000000,2062.36000000,22284.19840000,1772067599999999,45974785.72149800,459558,11752.60260000,24253870.32347400,0
1772067600000000,2062.36000000,2066.95000000,2049.74000000,2058.34000000,15006.95450000,1772071199999999,30898873.43833600,294474,7335.54090000,15105548.09932100,0
1772071200000000,2058.35000000,2059.06000000,2039.37000000,2053.28000000,12368.78590000,1772074799999999,25341571.78697300,280201,6016.95160000,12331751.43966800,0
1772074800000000,2053.28000000,2059.35000000,2047.35000000,2054.55000000,9377.37410000,1772078399999999,19257064.07137200,187444,4598.08420000,9443361.30658600,0
1772078400000000,2054.55000000,2082.81000000,2051.92000000,2075.01000000,23573.52540000,1772081999999999,48805053.24377900,278104,16486.33630000,34129689.77280700,0
1772082000000000,2075.00000000,2075.55000000,2056.70000000,2066.13000000,11872.47050000,1772085599999999,24513683.61380200,268537,5544.74000000,11446825.14520600,0
1772085600000000,2066.13000000,2076.50000000,2059.54000000,2062.54000000,12915.98000000,1772089199999999,26680890.67460900,217677,5891.08460000,12170130.09268800,0
1772089200000000,2062.54000000,2068.29000000,2051.55000000,2053.37000000,12926.63510000,1772092799999999,26630225.07897700,177661,4375.38410000,9016114.43990200,0
1772092800000000,2053.36000000,2059.00000000,2044.36000000,2054.43000000,18628.81110000,1772096399999999,38211034.11138500,262707,9522.70740000,19533696.49301900,0
1772096400000000,2054.43000000,2078.24000000,2052.79000000,2074.94000000,16397.10810000,1772099999999999,33912581.19720400,217545,9826.61140000,20329392.73416200,0
1772100000000000,2074.93000000,2083.33000000,2062.19000000,2065.31000000,11777.50460000,1772103599999999,24398553.65902100,235259,5649.21290000,11705990.72373700,0
1772103600000000,2065.31000000,2067.45000000,2053.46000000,2057.66000000,10700.83540000,1772107199999999,22042193.40472400,172681,3754.41980000,7732947.02723800,0
1772107200000000,2057.65000000,2071.76000000,2055.53000000,2070.00000000,8818.23510000,1772110799999999,18214209.09279100,184800,5543.80100000,11449966.43740100,0
1772110800000000,2069.99000000,2073.95000000,2061.09000000,2065.23000000,10459.46680000,1772114399999999,21626407.02752700,201240,6586.25880000,13620997.28947300,0
1772114400000000,2065.22000000,2077.81000000,2034.63000000,2051.19000000,38526.43650000,1772117999999999,79263319.78211500,680171,19059.17490000,39248714.06947700,0
1772118000000000,2051.19000000,2053.43000000,2011.56000000,2033.34000000,53604.68830000,1772121599999999,108743273.80162900,722311,25793.28300000,52329864.30359400,0
1772121600000000,2033.34000000,2037.78000000,1978.77000000,1983.80000000,46583.75660000,1772125199999999,93453333.17197700,656646,21560.20810000,43271432.84881500,0
1772125200000000,1983.80000000,1998.98000000,1982.30000000,1988.43000000,22310.03910000,1772128799999999,44406444.59015900,412340,11789.85920000,23468836.75970400,0
1772128800000000,1988.42000000,2009.45000000,1975.35000000,2004.23000000,23771.16830000,1772132399999999,47346776.18585500,385447,13506.77450000,26907093.95969000,0
1772132400000000,2004.23000000,2034.40000000,2003.58000000,2030.14000000,26957.79290000,1772135999999999,54527869.41941800,317895,15073.11110000,30478669.18874200,0
1772136000000000,2030.13000000,2042.75000000,2021.64000000,2023.67000000,16050.13300000,1772139599999999,32638552.79473700,212437,7812.67450000,15895277.71063900,0
1772139600000000,2023.67000000,2034.99000000,2018.33000000,2030.36000000,5486.34810000,1772143199999999,11122661.36671900,132391,2919.60750000,5919991.36708600,0
1772143200000000,2030.36000000,2037.51000000,2027.26000000,2033.29000000,4396.40270000,1772146799999999,8933730.37638300,77608,2466.61910000,5013238.95502500,0
1772146800000000,2033.29000000,2033.64000000,2024.38000000,2027.68000000,4988.70610000,1772150399999999,10119265.63119900,107182,1916.86240000,3888343.49487300,0
1772150400000000,2027.68000000,2030.86000000,2008.34000000,2014.79000000,7570.59450000,1772153999999999,15291112.99299000,175211,3140.62430000,6344471.26124900,0
1772154000000000,2014.79000000,2022.60000000,2000.02000000,2021.90000000,28681.50960000,1772157599999999,57750806.48692000,270552,13955.30730000,28108119.78960700,0
1772157600000000,2021.89000000,2034.52000000,2019.37000000,2026.00000000,8985.70770000,1772161199999999,18217854.40346400,173221,5532.43580000,11217647.01892000,0
1772161200000000,2026.01000000,2049.48000000,2019.50000000,2045.39000000,9221.79610000,1772164799999999,18748283.81030800,139472,5404.11100000,10988456.29531100,0
1772164800000000,2045.39000000,2063.52000000,2039.84000000,2042.64000000,21685.06350000,1772168399999999,44516454.70654200,241523,11691.66930000,24020419.23340600,0
1772168400000000,2042.64000000,2049.43000000,2038.71000000,2041.61000000,7895.43300000,1772171999999999,16139584.27447100,104753,2980.49620000,6094019.80692300,0
1772172000000000,2041.60000000,2042.95000000,2027.53000000,2035.91000000,13142.50530000,1772175599999999,26743082.23484400,119052,3830.06270000,7797991.19930400,0
1772175600000000,2035.92000000,2041.43000000,2022.16000000,2032.69000000,20364.88050000,1772179199999999,41335412.18093800,126003,9326.60730000,18927353.15791000,0
1772179200000000,2032.69000000,2045.93000000,2028.08000000,2033.38000000,12966.00150000,1772182799999999,26395573.61306100,108154,5260.41450000,10714235.16977700,0
1772182800000000,2033.39000000,2042.43000000,2008.41000000,2010.01000000,15280.48440000,1772186399999999,30951190.63197100,162116,6158.28260000,12479155.27710800,0
1772186400000000,2010.00000000,2013.69000000,1978.39000000,1980.80000000,32169.54420000,1772189999999999,64125622.87906900,240203,14615.41430000,29127612.18608200,0
1772190000000000,1980.80000000,1984.12000000,1953.37000000,1962.08000000,32125.25520000,1772193599999999,63255118.60807500,231455,16235.30070000,31961625.62005300,0
1772193600000000,1962.08000000,1969.00000000,1949.32000000,1959.92000000,21054.26310000,1772197199999999,41247892.96017200,150684,11295.62640000,22136224.86034200,0
1772197200000000,1959.91000000,1967.71000000,1938.82000000,1963.35000000,29787.95540000,1772200799999999,58229085.19715200,229396,16308.69400000,31883658.14126200,0
1772200800000000,1963.35000000,1964.30000000,1940.03000000,1942.95000000,27171.01230000,1772204399999999,53014560.64058400,492852,14037.21960000,27388637.17415800,0
1772204400000000,1942.94000000,1959.24000000,1940.62000000,1948.59000000,27110.31890000,1772207999999999,52865239.68385000,436735,15225.27070000,29692768.59582100,0
1772208000000000,1948.59000000,1948.86000000,1924.61000000,1927.15000000,24245.91060000,1772211599999999,46921470.51043400,400296,12195.03110000,23603366.51436900,0
1772211600000000,1927.14000000,1934.98000000,1907.48000000,1932.35000000,22942.99840000,1772215199999999,44060242.70460500,420139,13227.57460000,25405969.99328900,0
1772215200000000,1932.35000000,1933.06000000,1915.81000000,1918.02000000,9761.76610000,1772218799999999,18779483.58519600,216223,5102.84790000,9817691.14863500,0
1772218800000000,1918.02000000,1923.46000000,1912.32000000,1921.10000000,7072.28310000,1772222399999999,13570220.66580300,144574,3854.55230000,7397520.68154400,0
1772222400000000,1921.11000000,1926.78000000,1920.43000000,1923.14000000,6910.18110000,1772225999999999,13291000.96910100,148350,3572.27750000,6871086.30855800,0
1772226000000000,1923.16000000,1933.64000000,1917.11000000,1921.26000000,9233.38020000,1772229599999999,17788515.01762900,131251,5178.59500000,9979483.13783000,0
1772229600000000,1921.26000000,1927.72000000,1887.00000000,1921.40000000,25905.38380000,1772233199999999,49405341.63233000,239913,11970.59530000,22845185.14343600,0
1772233200000000,1921.39000000,1933.55000000,1919.96000000,1929.84000000,7403.00550000,1772236799999999,14276571.49493500,111030,4188.61600000,8078178.78529200,0
1772236800000000,1929.84000000,1937.17000000,1924.45000000,1932.40000000,7134.03550000,1772240399999999,13778348.62724500,92751,4401.61760000,8502952.00813300,0
1772240400000000,1932.41000000,1936.18000000,1919.80000000,1924.61000000,6271.23260000,1772243999999999,12094143.66982100,98691,2744.75590000,5293578.15381100,0
1772244000000000,1924.61000000,1932.54000000,1922.64000000,1930.36000000,3152.51860000,1772247599999999,6080652.62029900,70261,1981.47870000,3822587.40419400,0
1772247600000000,1930.36000000,1931.27000000,1920.61000000,1924.49000000,4541.76860000,1772251199999999,8747818.97149400,68906,2007.81380000,3867838.37049900,0
1772251200000000,1924.49000000,1931.62000000,1914.73000000,1925.12000000,6577.65950000,1772254799999999,12652993.44989200,87670,3362.63850000,6471353.50276100,0
1772254800000000,1925.12000000,1928.20000000,1914.56000000,1919.94000000,5792.26430000,1772258399999999,11129464.57717200,81486,2180.52210000,4190456.33160900,0
1772258400000000,1919.95000000,1920.25000000,1835.36000000,1842.45000000,78375.96360000,1772261999999999,146743185.61426000,905018,34726.31860000,64942893.81301700,0
1772262000000000,1842.46000000,1885.00000000,1835.55000000,1866.73000000,44514.72020000,1772265599999999,83004535.35078800,529938,23404.18590000,43621856.29542700,0
1772265600000000,1866.73000000,1868.76000000,1848.48000000,1852.48000000,20274.76320000,1772269199999999,37666088.15778300,263534,9930.16860000,18451709.49271600,0
1772269200000000,1852.47000000,1863.51000000,1845.05000000,1854.98000000,15840.99530000,1772272799999999,29366136.48498900,229801,7422.64970000,13763328.26331900,0
1772272800000000,1854.99000000,1868.45000000,1849.15000000,1865.09000000,14486.75130000,1772276399999999,26926100.01360100,184710,7823.26800000,14543388.38689600,0
1772276400000000,1865.09000000,1881.00000000,1861.68000000,1863.31000000,15745.27420000,1772279999999999,29481633.37063800,195414,8126.77030000,15221150.46586700,0
1772280000000000,1863.32000000,1874.20000000,1862.47000000,1868.53000000,8483.75750000,1772283599999999,15848115.05855300,120149,4813.01160000,8990087.28183700,0
1772283600000000,1868.53000000,1910.20000000,1865.25000000,1905.58000000,30939.71000000,1772287199999999,58450777.91668600,288705,16429.91450000,31033024.35730900,0
1772287200000000,1905.58000000,1915.95000000,1883.20000000,1887.75000000,32925.62590000,1772290799999999,62572298.92760800,478278,15756.74420000,29960518.05655400,0
1772290800000000,1887.76000000,1903.91000000,1873.83000000,1898.88000000,19462.89010000,1772294399999999,36832261.21847200,297359,10991.85740000,20813448.81139500,0
1772294400000000,1898.87000000,1910.20000000,1891.72000000,1903.98000000,9989.03480000,1772297999999999,18987130.75031700,208600,5178.45140000,9845336.97969200,0
1772298000000000,1903.97000000,1911.62000000,1886.02000000,1906.91000000,15394.34560000,1772301599999999,29213791.88069800,191517,6319.90520000,11997616.64737100,0
1772301600000000,1906.90000000,1947.00000000,1901.27000000,1936.08000000,23930.69350000,1772305199999999,46061882.48293300,333336,12653.58820000,24344163.58354200,0
1772305200000000,1936.08000000,1955.04000000,1920.38000000,1947.02000000,23857.50310000,1772308799999999,46285594.24970000,353972,11660.71730000,22625434.05842300,0
1772308800000000,1947.03000000,1972.44000000,1938.76000000,1965.96000000,23243.33400000,1772312399999999,45526372.36537400,395556,12501.22780000,24493913.77844900,0
1772312400000000,1965.96000000,1967.76000000,1945.39000000,1957.69000000,17733.40680000,1772315999999999,34666866.26156000,269090,7596.51780000,14858173.17966300,0
1772316000000000,1957.70000000,1984.99000000,1955.75000000,1965.48000000,25696.49410000,1772319599999999,50646832.87103500,312005,14713.34510000,29014603.39830100,0
1772319600000000,1965.48000000,1969.97000000,1956.84000000,1964.51000000,7316.24120000,1772323199999999,14365258.34279400,129295,3250.95560000,6384110.46226700,0
