1756684800000000,0.00755000,0.00757000,0.00745000,0.00749000,12514145.70000000,1756688399999999,93867.36982400,647,5606465.60000000,42098.38190800,0
1756688400000000,0.00748000,0.00754000,0.00745000,0.00747000,4210969.00000000,1756691999999999,31573.03964500,243,3195555.70000000,23984.80128200,0
1756692000000000,0.00746000,0.00748000,0.00734000,0.00736000,12676551.00000000,1756695599999999,93804.67571600,573,3857251.30000000,28523.54637700,0
1756695600000000,0.00738000,0.00741000,0.00734000,0.00738000,5254178.20000000,1756699199999999,38793.36290700,288,3697836.70000000,27316.93704100,0
1756699200000000,0.00738000,0.00740000,0.00728000,0.00729000,8635889.70000000,1756702799999999,63155.87351700,280,1783204.30000000,13059.61445100,0
1756702800000000,0.00730000,0.00735000,0.00724000,0.00731000,4016486.00000000,1756706399999999,29266.08237900,243,1105408.60000000,8066.34056100,0
1756706400000000,0.00730000,0.00739000,0.00723000,0.00736000,6400034.60000000,1756709999999999,46932.52846600,369,3892194.90000000,28503.49501600,0
1756710000000000,0.00736000,0.00763000,0.00731000,0.00762000,4829684.10000000,1756713599999999,36061.10035100,268,2904991.60000000,21807.75287800,0
1756713600000000,0.00763000,0.00772000,0.00760000,0.00771000,8990101.10000000,1756717199999999,68728.02279500,325,4181034.20000000,31994.49385100,0
1756717200000000,0.00771000,0.00774000,0.00764000,0.00764000,3612319.70000000,1756720799999999,27740.37707200,186,1115708.20000000,8578.93686800,0
1756720800000000,0.00763000,0.00763000,0.00752000,0.00755000,5738633.60000000,1756724399999999,43534.20514100,289,3265819.80000000,24778.81369500,0
1756724400000000,0.00755000,0.00757000,0.00749000,0.00751000,3318356.70000000,1756727999999999,24993.52366900,158,1180409.70000000,8898.76867300,0
1756728000000000,0.00750000,0.00756000,0.00748000,0.00750000,3182363.60000000,1756731599999999,23893.85675200,112,1199048.20000000,9006.08699600,0
1756731600000000,0.00749000,0.00751000,0.00741000,0.00743000,7524719.00000000,1756735199999999,56079.68026400,252,2635422.70000000,19663.72457400,0
1756735200000000,0.00743000,0.00747000,0.00736000,0.00739000,2330307.20000000,1756738799999999,17238.74392500,153,951121.60000000,7047.73120900,0
1756738800000000,0.00740000,0.00742000,0.00735000,0.00737000,2797171.00000000,1756742399999999,20667.32535600,138,489340.20000000,3615.21076800,0
1756742400000000,0.00737000,0.00741000,0.00733000,0.00736000,2073140.00000000,1756745999999999,15281.53631600,209,1488317.00000000,10973.71513600,0
1756746000000000,0.00736000,0.00740000,0.00732000,0.00734000,3361156.20000000,1756749599999999,24709.42042100,410,1292817.80000000,9511.90868900,0
1756749600000000,0.00734000,0.00742000,0.00734000,0.00741000,2028320.50000000,1756753199999999,14978.42151500,244,1544698.60000000,11410.48593400,0
1756753200000000,0.00741000,0.00747000,0.00741000,0.00747000,1795600.60000000,1756756799999999,13363.30290900,538,1461411.60000000,10877.66982000,0
1756756800000000,0.00747000,0.00747000,0.00723000,0.00730000,8129407.00000000,1756760399999999,59440.75693600,1206,3649490.30000000,26668.00192800,0
1756760400000000,0.00731000,0.00731000,0.00715000,0.00723000,4939216.10000000,1756763999999999,35712.39181500,550,2115010.80000000,15310.95795100,0
1756764000000000,0.00723000,0.00727000,0.00720000,0.00726000,4965819.70000000,1756767599999999,35939.38653100,594,2784136.90000000,20141.65859500,0
1756767600000000,0.00726000,0.00738000,0.00726000,0.00738000,4592211.90000000,1756771199999999,33516.80119800,659,2473222.40000000,18037.73450900,0
1756771200000000,0.00738000,0.00738000,0.00733000,0.00736000,2031814.60000000,1756774799999999,14951.79257300,173,545460.40000000,4015.11039500,0
1756774800000000,0.00737000,0.00748000,0.00734000,0.00744000,1649605.70000000,1756778399999999,12231.49282100,192,1051850.60000000,7804.25787400,0
1756778400000000,0.00743000,0.00752000,0.00741000,0.00751000,1736519.90000000,1756781999999999,12953.28188100,199,1077033.00000000,8033.36307400,0
1756782000000000,0.00752000,0.00757000,0.00749000,0.00756000,2326117.40000000,1756785599999999,17532.94185600,250,930445.60000000,7019.70235000,0
1756785600000000,0.00756000,0.00760000,0.00753000,0.00758000,2663115.30000000,1756789199999999,20086.19786100,174,1216202.40000000,9171.26863700,0
1756789200000000,0.00760000,0.00760000,0.00752000,0.00754000,3343985.90000000,1756792799999999,25195.24414100,248,1891542.40000000,14244.01283400,0
1756792800000000,0.00755000,0.00758000,0.00753000,0.00756000,2295198.90000000,1756796399999999,17336.88226900,289,1338624.00000000,10110.69683500,0
1756796400000000,0.00756000,0.00756000,0.00747000,0.00748000,2213413.80000000,1756799999999999,16634.74789100,342,657787.90000000,4950.33768800,0
1756800000000000,0.00749000,0.00756000,0.00749000,0.00752000,4519081.70000000,1756803599999999,34001.58569400,352,2817446.90000000,21207.95731400,0
1756803600000000,0.00752000,0.00758000,0.00752000,0.00758000,1097109.50000000,1756807199999999,8288.32721700,107,470332.20000000,3554.16129400,0
1756807200000000,0.00758000,0.00758000,0.00753000,0.00757000,979768.40000000,1756810799999999,7403.98635300,83,430307.60000000,3251.45690600,0
1756810800000000,0.00757000,0.00757000,0.00750000,0.00750000,1123611.70000000,1756814399999999,8463.11862800,194,371375.70000000,2791.54251900,0
1756814400000000,0.00752000,0.00752000,0.00734000,0.00735000,5443420.60000000,1756817999999999,40172.41528000,334,1347185.00000000,9949.69549100,0
1756818000000000,0.00736000,0.00760000,0.00736000,0.00759000,5772437.60000000,1756821599999999,43181.58541700,728,3581813.30000000,26813.06774100,0
1756821600000000,0.00759000,0.00763000,0.00753000,0.00754000,4688507.10000000,1756825199999999,35463.44384600,596,2738358.20000000,20726.70507900,0
1756825200000000,0.00755000,0.00755000,0.00740000,0.00740000,3403966.60000000,1756828799999999,25396.00144000,211,2546475.50000000,18992.47932400,0
1756828800000000,0.00740000,0.00747000,0.00740000,0.00746000,1500456.80000000,1756832399999999,11166.05464400,94,685778.60000000,5107.79167000,0
1756832400000000,0.00747000,0.00753000,0.00746000,0.00749000,3042363.30000000,1756835999999999,22751.82570500,219,856421.00000000,6415.36578100,0
1756836000000000,0.00750000,0.00752000,0.00741000,0.00749000,2086844.10000000,1756839599999999,15576.29149900,295,899346.10000000,6719.61138100,0
1756839600000000,0.00749000,0.00753000,0.00745000,0.00749000,3264612.80000000,1756843199999999,24417.62785800,197,2273712.40000000,17000.10428900,0
1756843200000000,0.00750000,0.00760000,0.00748000,0.00757000,3112683.00000000,1756846799999999,23496.32873000,345,706915.80000000,5324.19221400,0
1756846800000000,0.00758000,0.00761000,0.00755000,0.00757000,4011226.10000000,1756850399999999,30396.16559900,495,2357714.30000000,17867.12630400,0
1756850400000000,0.00757000,0.00759000,0.00753000,0.00757000,2795351.20000000,1756853999999999,21146.33410800,452,1062546.90000000,8039.67439400,0
1756854000000000,0.00757000,0.00758000,0.00755000,0.00757000,2647135.80000000,1756857599999999,20028.17569500,511,906475.70000000,6859.53308000,0
1756857600000000,0.00758000,0.00762000,0.00756000,0.00757000,2192921.40000000,1756861199999999,16634.46988900,301,926114.10000000,7018.60906900,0
1756861200000000,0.00758000,0.00764000,0.00755000,0.00763000,1772328.20000000,1756864799999999,13430.46017500,298,832430.70000000,6298.83695000,0
1756864800000000,0.00764000,0.00767000,0.00759000,0.00765000,2019069.90000000,1756868399999999,15429.56405000,154,1196531.60000000,9156.50517300,0
1756868400000000,0.00765000,0.00767000,0.00759000,0.00764000,4027095.60000000,1756871999999999,30712.88999200,339,2464100.30000000,18787.63704900,0
1756872000000000,0.00764000,0.00764000,0.00759000,0.00761000,977002.70000000,1756875599999999,7436.66250900,121,413572.50000000,3146.70216300,0
1756875600000000,0.00762000,0.00762000,0.00758000,0.00758000,1264692.20000000,1756879199999999,9601.26497200,63,465712.50000000,3534.25887200,0
1756879200000000,0.00757000,0.00763000,0.00755000,0.00759000,1920268.10000000,1756882799999999,14569.41756000,149,578532.20000000,4395.61891200,0
1756882800000000,0.00759000,0.00762000,0.00756000,0.00760000,2880754.50000000,1756886399999999,21831.80840900,314,1826849.30000000,13845.78151300,0
1756886400000000,0.00760000,0.00765000,0.00758000,0.00758000,2646506.50000000,1756889999999999,20154.21293500,233,1385363.80000000,10555.39074400,0
1756890000000000,0.00759000,0.00760000,0.00752000,0.00759000,4060063.30000000,1756893599999999,30693.23308400,219,2361017.10000000,17849.08224500,0
1756893600000000,0.00760000,0.00760000,0.00757000,0.00758000,1638397.20000000,1756897199999999,12440.16253900,197,776058.30000000,5891.62332800,0
1756897200000000,0.00759000,0.00764000,0.00758000,0.00760000,1688620.10000000,1756900799999999,12867.30355300,79,800710.60000000,6101.96365300,0
1756900800000000,0.00761000,0.00765000,0.00757000,0.00759000,6189213.60000000,1756904399999999,47063.32256600,429,3570782.10000000,27134.59150900,0
1756904400000000,0.00759000,0.00770000,0.00759000,0.00766000,3817535.10000000,1756907999999999,29188.45341700,250,2003545.40000000,15318.32813300,0
1756908000000000,0.00767000,0.00777000,0.00764000,0.00776000,4216229.20000000,1756911599999999,32445.90282700,314,2451193.10000000,18867.87956300,0
1756911600000000,0.00776000,0.00780000,0.00772000,0.00776000,3810093.40000000,1756915199999999,29562.94342400,260,1986807.20000000,15426.72994800,0
1756915200000000,0.00776000,0.00777000,0.00767000,0.00769000,4853969.50000000,1756918799999999,37521.16580400,357,2080296.40000000,16102.59313100,0
1756918800000000,0.00769000,0.00775000,0.00769000,0.00772000,3711835.80000000,1756922399999999,28677.72961400,417,2122481.60000000,16400.64084000,0
1756922400000000,0.00771000,0.00774000,0.00767000,0.00771000,2364103.10000000,1756925999999999,18236.53158900,243,1328833.20000000,10250.96121300,0
1756926000000000,0.00769000,0.00774000,0.00769000,0.00774000,1035986.50000000,1756929599999999,7986.90987100,126,435814.90000000,3361.20110100,0
1756929600000000,0.00774000,0.00774000,0.00769000,0.00772000,1687104.90000000,1756933199999999,13027.67556200,239,483560.60000000,3733.47620000,0
1756933200000000,0.00773000,0.00776000,0.00770000,0.00775000,1873232.50000000,1756936799999999,14482.71861300,312,536350.80000000,4151.29993800,0
1756936800000000,0.00776000,0.00778000,0.00770000,0.00774000,2062011.80000000,1756940399999999,15970.33236500,351,705968.00000000,5466.24259800,0
1756940400000000,0.00775000,0.00775000,0.00771000,0.00774000,857123.70000000,1756943999999999,6628.31257600,159,299999.90000000,2319.05486900,0
1756944000000000,0.00773000,0.00779000,0.00773000,0.00776000,2370072.20000000,1756947599999999,18385.89210100,280,1006090.00000000,7799.02484900,0
1756947600000000,0.00776000,0.00776000,0.00771000,0.00773000,1756806.10000000,1756951199999999,13593.30248700,135,866208.30000000,6697.19345100,0
1756951200000000,0.00773000,0.00773000,0.00763000,0.00765000,3447345.30000000,1756954799999999,26446.46407400,253,1123194.90000000,8619.48037800,0
1756954800000000,0.00764000,0.00764000,0.00756000,0.00758000,3213311.00000000,1756958399999999,24410.32030900,264,1600550.60000000,12154.28448700,0
1756958400000000,0.00758000,0.00761000,0.00755000,0.00756000,5261585.70000000,1756961999999999,39856.97441300,338,3568674.50000000,27034.70445000,0
1756962000000000,0.00756000,0.00756000,0.00746000,0.00748000,4770486.70000000,1756965599999999,35777.83040200,399,2128878.90000000,15960.68488800,0
1756965600000000,0.00748000,0.00749000,0.00744000,0.00747000,3381336.20000000,1756969199999999,25251.68063800,302,1599912.40000000,11951.29060500,0
1756969200000000,0.00747000,0.00749000,0.00746000,0.00748000,1013017.20000000,1756972799999999,7574.80895000,159,651445.40000000,4870.77132200,0
1756972800000000,0.00748000,0.00753000,0.00747000,0.00747000,2117107.20000000,1756976399999999,15890.30500900,233,978520.80000000,7344.63256200,0
1756976400000000,0.00747000,0.00749000,0.00747000,0.00749000,1904291.50000000,1756979999999999,14242.80070000,147,1197481.30000000,8957.77034000,0
1756980000000000,0.00749000,0.00752000,0.00748000,0.00748000,2769563.90000000,1756983599999999,20757.21969800,222,813095.10000000,6096.07467700,0
1756983600000000,0.00746000,0.00753000,0.00746000,0.00749000,2436709.10000000,1756987199999999,18290.07359500,180,1123736.10000000,8431.33392100,0
1756987200000000,0.00748000,0.00753000,0.00744000,0.00753000,4177059.40000000,1756990799999999,31230.72344100,300,1681175.70000000,12583.30491900,0
1756990800000000,0.00752000,0.00753000,0.00744000,0.00747000,2513352.20000000,1756994399999999,18829.71399000,232,1011329.80000000,7572.25091600,0
1756994400000000,0.00746000,0.00748000,0.00739000,0.00744000,5020073.30000000,1756997999999999,37330.47338800,462,3215270.50000000,23916.23575600,0
1756998000000000,0.00743000,0.00744000,0.00737000,0.00740000,4860923.80000000,1757001599999999,36033.77493500,279,2714592.40000000,20134.22822400,0
1757001600000000,0.00739000,0.00742000,0.00735000,0.00742000,2197795.30000000,1757005199999999,16247.29333900,251,1280662.10000000,9468.03732400,0
1757005200000000,0.00742000,0.00745000,0.00738000,0.00739000,2579344.00000000,1757008799999999,19133.38180200,259,1475706.60000000,10954.45547300,0
1757008800000000,0.00739000,0.00741000,0.00732000,0.00735000,3558366.00000000,1757012399999999,26202.28315500,253,1144418.60000000,8440.89108600,0
1757012400000000,0.00736000,0.00739000,0.00735000,0.00736000,1767005.40000000,1757015999999999,13016.52148700,199,1024141.90000000,7543.07270400,0
1757016000000000,0.00735000,0.00742000,0.00734000,0.00738000,1675778.90000000,1757019599999999,12375.35090700,212,919073.60000000,6788.95559800,0
1757019600000000,0.00739000,0.00743000,0.00738000,0.00743000,1395665.30000000,1757023199999999,10328.49901400,130,1135149.80000000,8401.53149000,0
1757023200000000,0.00743000,0.00749000,0.00742000,0.00749000,1766625.00000000,1757026799999999,13150.27676500,311,1199906.30000000,8935.73683500,0
1757026800000000,0.00749000,0.00752000,0.00744000,0.00745000,1989282.60000000,1757030399999999,14882.12428600,402,1175528.80000000,8796.98256300,0
1757030400000000,0.00745000,0.00752000,0.00742000,0.00749000,4234625.20000000,1757033999999999,31686.99351800,370,1986790.10000000,14850.82448500,0
1757034000000000,0.00749000,0.00751000,0.00747000,0.00749000,1840049.30000000,1757037599999999,13778.48586800,179,939395.60000000,7038.68583200,0
1757037600000000,0.00749000,0.00753000,0.00747000,0.00753000,3075508.70000000,1757041199999999,23089.32321700,282,1075128.20000000,8070.84918000,0
1757041200000000,0.00753000,0.00755000,0.00749000,0.00755000,2160699.80000000,1757044799999999,16252.10835400,218,978808.60000000,7361.85990100,0
1757044800000000,0.00756000,0.00759000,0.00752000,0.00759000,3075180.30000000,1757048399999999,23232.24249700,332,2122598.00000000,16038.55867500,0
1757048400000000,0.00758000,0.00759000,0.00754000,0.00757000,4736691.40000000,1757051999999999,35808.56599800,469,1594924.80000000,12061.84382400,0
1757052000000000,0.00757000,0.00760000,0.00755000,0.00758000,2485016.20000000,1757055599999999,18819.35504900,175,1496018.70000000,11333.27176000,0
1757055600000000,0.00758000,0.00777000,0.00757000,0.00776000,8895404.10000000,1757059199999999,68255.48800600,743,5138037.40000000,39447.24975800,0
1757059200000000,0.00776000,0.00777000,0.00769000,0.00769000,4750679.30000000,1757062799999999,36665.39899200,315,1626979.80000000,12558.85972600,0
1757062800000000,0.00769000,0.00769000,0.00764000,0.00768000,2114215.20000000,1757066399999999,16201.02263400,126,1156425.10000000,8862.87031100,0
1757066400000000,0.00769000,0.00772000,0.00767000,0.00768000,1984905.00000000,1757069999999999,15269.11313100,213,984876.20000000,7576.58681400,0
1757070000000000,0.00769000,0.00773000,0.00767000,0.00772000,2228586.20000000,1757073599999999,17162.92735100,171,1043012.10000000,8037.39502200,0
1757073600000000,0.00772000,0.00782000,0.00769000,0.00780000,12795217.10000000,1757077199999999,99313.07643400,1091,6340559.80000000,49235.90691100,0
1757077200000000,0.00780000,0.00781000,0.00774000,0.00776000,6643966.50000000,1757080799999999,51644.89631400,405,2820533.70000000,21924.54772300,0
1757080800000000,0.00777000,0.00777000,0.00747000,0.00749000,14585347.60000000,1757084399999999,110586.41259400,1048,5449737.30000000,41306.10223800,0
1757084400000000,0.00750000,0.00758000,0.00748000,0.00755000,5144401.60000000,1757087999999999,38768.30494300,282,3118851.40000000,23512.39936700,0
1757088000000000,0.00755000,0.00756000,0.00751000,0.00753000,4463789.00000000,1757091599999999,33644.52473100,289,2346920.40000000,17696.10192500,0
1757091600000000,0.00752000,0.00756000,0.00751000,0.00753000,3933954.90000000,1757095199999999,29626.18340400,258,1726551.20000000,13013.25927100,0
1757095200000000,0.00753000,0.00763000,0.00752000,0.00762000,4008654.50000000,1757098799999999,30308.22501400,217,2536422.60000000,19181.29857000,0
1757098800000000,0.00763000,0.00768000,0.00763000,0.00767000,5835268.20000000,1757102399999999,44673.41982500,398,3446974.70000000,26381.55644500,0
1757102400000000,0.00768000,0.00770000,0.00763000,0.00768000,4529536.70000000,1757105999999999,34742.18602700,266,2166360.60000000,16622.53929600,0
1757106000000000,0.00769000,0.00769000,0.00761000,0.00761000,3476063.60000000,1757109599999999,26586.21196600,384,1188123.40000000,9091.03867200,0
1757109600000000,0.00763000,0.00766000,0.00758000,0.00765000,1558560.50000000,1757113199999999,11896.83218900,171,754768.90000000,5761.73847200,0
1757113200000000,0.00766000,0.00767000,0.00762000,0.00762000,905160.90000000,1757116799999999,6924.82105900,143,394831.40000000,3021.73627200,0
1757116800000000,0.00763000,0.00767000,0.00760000,0.00765000,1540143.30000000,1757120399999999,11759.14745100,193,676025.00000000,5157.83404300,0
1757120400000000,0.00765000,0.00768000,0.00764000,0.00767000,1657162.90000000,1757123999999999,12703.11495400,233,1024720.60000000,7860.54663000,0
1757124000000000,0.00768000,0.00769000,0.00762000,0.00763000,3242499.40000000,1757127599999999,24805.05789500,217,493675.00000000,3779.50246900,0
1757127600000000,0.00763000,0.00764000,0.00762000,0.00762000,790350.70000000,1757131199999999,6029.72334300,106,377726.40000000,2881.63773400,0
1757131200000000,0.00762000,0.00762000,0.00754000,0.00757000,1082854.20000000,1757134799999999,8195.57597000,148,588230.00000000,4452.48567800,0
1757134800000000,0.00757000,0.00758000,0.00754000,0.00755000,675162.50000000,1757138399999999,5104.61963900,63,258199.90000000,1951.99662600,0
1757138400000000,0.00755000,0.00757000,0.00754000,0.00757000,239459.70000000,1757141999999999,1810.07647800,32,168969.40000000,1277.53132500,0
1757142000000000,0.00756000,0.00758000,0.00754000,0.00755000,2708216.00000000,1757145599999999,20453.60739600,231,1045093.80000000,7901.96995500,0
1757145600000000,0.00756000,0.00760000,0.00756000,0.00760000,2368449.20000000,1757149199999999,17955.76015600,258,1625605.60000000,12321.91023200,0
1757149200000000,0.00759000,0.00759000,0.00753000,0.00754000,1677496.70000000,1757152799999999,12663.97652200,191,713012.70000000,5380.59181900,0
1757152800000000,0.00753000,0.00759000,0.00751000,0.00759000,2703046.90000000,1757156399999999,20383.98289100,268,755308.10000000,5690.83964500,0
1757156400000000,0.00759000,0.00759000,0.00755000,0.00758000,2065068.50000000,1757159999999999,15630.82734500,180,648439.90000000,4908.99014900,0
1757160000000000,0.00758000,0.00760000,0.00755000,0.00756000,1839046.20000000,1757163599999999,13951.29036300,180,1309519.70000000,9936.47389300,0
1757163600000000,0.00756000,0.00757000,0.00754000,0.00756000,1468751.10000000,1757167199999999,11104.96279900,132,455940.00000000,3448.91058600,0
1757167200000000,0.00756000,0.00769000,0.00756000,0.00767000,3435110.60000000,1757170799999999,26257.15266800,505,2026209.20000000,15493.17983600,0
1757170800000000,0.00766000,0.00767000,0.00756000,0.00758000,1805538.50000000,1757174399999999,13737.49296600,153,680400.40000000,5186.45695200,0
1757174400000000,0.00758000,0.00765000,0.00753000,0.00764000,3295070.00000000,1757177999999999,25062.04201800,340,1062854.50000000,8083.20046700,0
1757178000000000,0.00764000,0.00766000,0.00760000,0.00761000,6986135.90000000,1757181599999999,53436.79800100,305,5234088.60000000,40030.54401900,0
1757181600000000,0.00762000,0.00764000,0.00761000,0.00764000,986806.90000000,1757185199999999,7533.93168400,124,299793.20000000,2287.35331000,0
1757185200000000,0.00763000,0.00765000,0.00758000,0.00758000,4787191.40000000,1757188799999999,36537.68051500,306,3598162.70000000,27478.45171200,0
1757188800000000,0.00759000,0.00767000,0.00759000,0.00766000,1046776.00000000,1757192399999999,8000.26168800,57,899074.20000000,6873.12028700,0
1757192400000000,0.00767000,0.00769000,0.00764000,0.00769000,836366.50000000,1757195999999999,6406.03874900,147,443584.10000000,3401.27031600,0
1757196000000000,0.00767000,0.00768000,0.00763000,0.00766000,2936636.60000000,1757199599999999,22486.56673800,430,1295625.80000000,9925.94253300,0
1757199600000000,0.00766000,0.00769000,0.00763000,0.00765000,2247235.50000000,1757203199999999,17217.13232300,301,1695593.20000000,12991.52875400,0
1757203200000000,0.00766000,0.00772000,0.00766000,0.00769000,872179.90000000,1757206799999999,6700.65279500,163,532043.70000000,4088.41410400,0
1757206800000000,0.00770000,0.00773000,0.00769000,0.00773000,994186.90000000,1757210399999999,7664.39142000,168,596989.30000000,4603.79399200,0
1757210400000000,0.00772000,0.00778000,0.00772000,0.00778000,813394.00000000,1757213999999999,6303.22253100,121,598918.80000000,4644.06751100,0
1757214000000000,0.00777000,0.00779000,0.00776000,0.00779000,1321357.50000000,1757217599999999,10274.77976500,160,544023.60000000,4232.18386800,0
1757217600000000,0.00780000,0.00780000,0.00778000,0.00778000,1318955.10000000,1757221199999999,10277.18613500,224,533237.60000000,4155.61532600,0
1757221200000000,0.00778000,0.00788000,0.00775000,0.00785000,16777050.30000000,1757224799999999,131322.50013900,1295,12036347.20000000,94190.38490100,0
1757224800000000,0.00785000,0.00787000,0.00778000,0.00779000,2442849.00000000,1757228399999999,19095.91293000,348,1071345.40000000,8383.16763700,0
1757228400000000,0.00779000,0.00780000,0.00773000,0.00774000,2276574.80000000,1757231999999999,17664.81429900,323,1151928.90000000,8934.65529900,0
1757232000000000,0.00775000,0.00784000,0.00775000,0.00782000,2975129.20000000,1757235599999999,23247.73372800,541,2245335.00000000,17545.62037400,0
1757235600000000,0.00782000,0.00785000,0.00777000,0.00778000,3023183.50000000,1757239199999999,23611.56560400,419,1834891.80000000,14320.64948000,0
1757239200000000,0.00779000,0.00780000,0.00777000,0.00777000,1084748.70000000,1757242799999999,8441.30447400,115,341420.10000000,2657.99312500,0
1757242800000000,0.00778000,0.00781000,0.00776000,0.00781000,1381238.20000000,1757246399999999,10759.13880100,240,1024949.50000000,7987.21064300,0
1757246400000000,0.00781000,0.00782000,0.00777000,0.00779000,3167873.30000000,1757249999999999,24684.46088200,194,1341195.50000000,10448.37188900,0
1757250000000000,0.00779000,0.00784000,0.00779000,0.00781000,1152715.20000000,1757253599999999,9007.44299700,229,327238.00000000,2556.23394400,0
1757253600000000,0.00782000,0.00783000,0.00778000,0.00781000,1263665.80000000,1757257199999999,9868.57805600,115,710695.10000000,5551.58180100,0
1757257200000000,0.00781000,0.00783000,0.00778000,0.00779000,1024110.60000000,1757260799999999,7993.18467600,92,512417.80000000,4000.34673300,0
1757260800000000,0.00780000,0.00783000,0.00778000,0.00779000,2148427.30000000,1757264399999999,16750.86858000,311,1442342.60000000,11245.10916800,0
1757264400000000,0.00779000,0.00779000,0.00772000,0.00773000,2111079.90000000,1757267999999999,16385.13140800,264,688492.60000000,5348.45032900,0
1757268000000000,0.00774000,0.00774000,0.00768000,0.00772000,2839733.90000000,1757271599999999,21884.79515500,263,1253705.70000000,9663.69995900,0
1757271600000000,0.00771000,0.00780000,0.00771000,0.00777000,2184851.80000000,1757275199999999,16968.65865300,247,1438709.20000000,11166.13787600,0
1757275200000000,0.00778000,0.00785000,0.00775000,0.00783000,8447901.80000000,1757278799999999,66020.66988100,782,5224632.40000000,40810.37510900,0
1757278800000000,0.00783000,0.00783000,0.00778000,0.00778000,4197030.80000000,1757282399999999,32699.61516200,400,1844475.10000000,14383.16706000,0
1757282400000000,0.00778000,0.00782000,0.00777000,0.00782000,1195177.60000000,1757285999999999,9310.19662200,238,823788.50000000,6420.31587300,0
1757286000000000,0.00783000,0.00786000,0.00781000,0.00781000,924916.00000000,1757289599999999,7250.38722900,193,357160.40000000,2799.52213300,0
1757289600000000,0.00782000,0.00783000,0.00776000,0.00778000,5807789.60000000,1757293199999999,45219.60959600,346,1704417.10000000,13278.05915000,0
1757293200000000,0.00777000,0.00779000,0.00776000,0.00776000,679363.90000000,1757296799999999,5278.42549000,103,295374.30000000,2295.03196200,0
1757296800000000,0.00777000,0.00787000,0.00776000,0.00784000,4438303.90000000,1757300399999999,34687.22779800,485,2269742.70000000,17748.56903500,0
1757300400000000,0.00785000,0.00795000,0.00785000,0.00790000,2039866.10000000,1757303999999999,16113.14070300,265,1008605.30000000,7967.24721600,0
1757304000000000,0.00791000,0.00791000,0.00785000,0.00786000,1944551.50000000,1757307599999999,15327.90718100,201,1139290.70000000,8976.75143000,0
1757307600000000,0.00787000,0.00789000,0.00783000,0.00787000,3193993.40000000,1757311199999999,25137.51955400,409,1626538.70000000,12811.79285100,0
1757311200000000,0.00787000,0.00791000,0.00782000,0.00787000,2123002.70000000,1757314799999999,16714.63377200,327,1268606.80000000,9997.76057700,0
1757314800000000,0.00786000,0.00793000,0.00786000,0.00787000,3253866.70000000,1757318399999999,25698.12809800,384,2590064.00000000,20459.02602000,0
1757318400000000,0.00788000,0.00795000,0.00788000,0.00792000,3410631.10000000,1757321999999999,27008.45492800,271,938921.90000000,7423.97265800,0
1757322000000000,0.00792000,0.00799000,0.00791000,0.00796000,2241040.40000000,1757325599999999,17853.05536400,263,1316350.10000000,10492.09438300,0
1757325600000000,0.00796000,0.00799000,0.00795000,0.00795000,1898003.80000000,1757329199999999,15140.07040200,283,897702.00000000,7163.43501600,0
1757329200000000,0.00795000,0.00798000,0.00791000,0.00795000,2458903.50000000,1757332799999999,19504.65602100,227,1038621.90000000,8240.75132300,0
1757332800000000,0.00796000,0.00798000,0.00792000,0.00796000,2543540.00000000,1757336399999999,20209.55209500,217,1304618.80000000,10369.77272400,0
1757336400000000,0.00796000,0.00804000,0.00794000,0.00795000,6082204.30000000,1757339999999999,48632.39236700,664,3006310.50000000,24070.51114800,0
1757340000000000,0.00794000,0.00806000,0.00794000,0.00806000,3130275.00000000,1757343599999999,25105.58413700,454,1305016.80000000,10460.77692600,0
1757343600000000,0.00806000,0.00813000,0.00806000,0.00812000,4208911.40000000,1757347199999999,34077.10334400,403,2541617.30000000,20583.19465300,0
1757347200000000,0.00811000,0.00818000,0.00806000,0.00806000,5631469.80000000,1757350799999999,45745.19849500,502,1913396.30000000,15525.98862900,0
1757350800000000,0.00805000,0.00812000,0.00803000,0.00806000,3608523.10000000,1757354399999999,29100.50616500,487,2010202.80000000,16212.37119900,0
1757354400000000,0.00806000,0.00808000,0.00803000,0.00806000,3025180.80000000,1757357999999999,24388.29076200,249,1884689.00000000,15197.49677700,0
1757358000000000,0.00807000,0.00807000,0.00798000,0.00800000,2348712.70000000,1757361599999999,18854.25639700,421,945158.70000000,7581.29195200,0
1757361600000000,0.00801000,0.00804000,0.00797000,0.00800000,7464143.40000000,1757365199999999,59703.96099800,779,4227341.60000000,33836.93149700,0
1757365200000000,0.00800000,0.00808000,0.00799000,0.00805000,1950919.60000000,1757368799999999,15693.86697100,326,1067549.60000000,8586.76591900,0
1757368800000000,0.00806000,0.00809000,0.00803000,0.00804000,1191265.20000000,1757372399999999,9599.92377000,202,612073.60000000,4934.65389100,0
1757372400000000,0.00805000,0.00806000,0.00800000,0.00801000,2144612.30000000,1757375999999999,17204.46667400,282,1413105.00000000,11331.99367100,0
1757376000000000,0.00802000,0.00807000,0.00800000,0.00805000,2030056.90000000,1757379599999999,16328.00950600,240,1135497.70000000,9131.71789800,0
1757379600000000,0.00805000,0.00808000,0.00800000,0.00802000,2727167.00000000,1757383199999999,21893.77288700,213,1059290.00000000,8502.30704400,0
1757383200000000,0.00802000,0.00803000,0.00793000,0.00797000,3035472.60000000,1757386799999999,24205.20615100,266,1040376.50000000,8303.08565300,0
1757386800000000,0.00796000,0.00806000,0.00796000,0.00805000,3580226.60000000,1757390399999999,28683.39880200,441,1871783.90000000,14996.62261500,0
1757390400000000,0.00805000,0.00811000,0.00803000,0.00811000,2106560.50000000,1757393999999999,17008.03535500,336,1350693.80000000,10906.88106600,0
1757394000000000,0.00812000,0.00816000,0.00810000,0.00816000,2176279.40000000,1757397599999999,17689.34798300,247,1182179.30000000,9609.34165000,0
1757397600000000,0.00817000,0.00829000,0.00817000,0.00823000,9338708.30000000,1757401199999999,77014.19777900,968,5406718.20000000,44580.31205100,0
1757401200000000,0.00824000,0.00833000,0.00824000,0.00829000,5128974.70000000,1757404799999999,42556.50666000,520,2447501.10000000,20304.96383900,0
1757404800000000,0.00831000,0.00860000,0.00831000,0.00843000,44017657.50000000,1757408399999999,373842.55740800,2692,27151109.80000000,230427.78278000,0
1757408400000000,0.00844000,0.00848000,0.00838000,0.00840000,5979733.00000000,1757411999999999,50385.87243200,613,1686302.70000000,14228.05731900,0
1757412000000000,0.00840000,0.00843000,0.00832000,0.00836000,7322259.60000000,1757415599999999,61319.74654200,900,2510616.80000000,21071.72230200,0
1757415600000000,0.00837000,0.00839000,0.00832000,0.00832000,3900780.50000000,1757419199999999,32558.53655600,392,887716.20000000,7427.40880000,0
1757419200000000,0.00832000,0.00842000,0.00828000,0.00830000,8238277.50000000,1757422799999999,68745.49101700,961,4034093.90000000,33738.85791700,0
1757422800000000,0.00829000,0.00831000,0.00824000,0.00828000,4128007.50000000,1757426399999999,34147.44792900,674,2272832.70000000,18811.90865700,0
1757426400000000,0.00829000,0.00829000,0.00813000,0.00816000,10263064.50000000,1757429999999999,84110.36382000,1114,4728317.30000000,38759.64721400,0
1757430000000000,0.00817000,0.00818000,0.00808000,0.00811000,2091942.00000000,1757433599999999,17013.59453900,258,948115.80000000,7710.89856400,0
1757433600000000,0.00811000,0.00814000,0.00808000,0.00813000,2555400.00000000,1757437199999999,20720.88519800,371,1021449.00000000,8285.31349200,0
1757437200000000,0.00814000,0.00819000,0.00812000,0.00813000,1971633.10000000,1757440799999999,16082.65478700,379,696534.90000000,5679.44017500,0
1757440800000000,0.00814000,0.00818000,0.00813000,0.00814000,4614080.40000000,1757444399999999,37591.56791700,414,2576817.50000000,20994.31086800,0
1757444400000000,0.00814000,0.00818000,0.00813000,0.00815000,3610277.50000000,1757447999999999,29440.20963300,549,1500940.00000000,12232.14061300,0
1757448000000000,0.00815000,0.00815000,0.00811000,0.00815000,1341213.60000000,1757451599999999,10907.99146900,283,624288.10000000,5073.52453500,0
1757451600000000,0.00816000,0.00818000,0.00812000,0.00813000,1395034.20000000,1757455199999999,11384.00089900,141,420112.40000000,3428.99572400,0
1757455200000000,0.00812000,0.00816000,0.00809000,0.00816000,2302411.00000000,1757458799999999,18695.76835900,450,1274502.20000000,10350.97414500,0
1757458800000000,0.00815000,0.00817000,0.00810000,0.00813000,2303131.00000000,1757462399999999,18738.56962900,317,1060370.80000000,8633.27329000,0
1757462400000000,0.00814000,0.00817000,0.00809000,0.00813000,3903475.60000000,1757465999999999,31762.42947900,399,1854501.20000000,15094.36630200,0
1757466000000000,0.00813000,0.00822000,0.00811000,0.00818000,4118539.00000000,1757469599999999,33684.90562400,498,2746890.80000000,22493.35345000,0
1757469600000000,0.00819000,0.00826000,0.00819000,0.00825000,3379872.10000000,1757473199999999,27824.24718700,366,1898580.80000000,15623.03376200,0
1757473200000000,0.00824000,0.00828000,0.00820000,0.00825000,2767179.00000000,1757476799999999,22833.93798600,387,1802501.50000000,14883.67800800,0
1757476800000000,0.00825000,0.00825000,0.00819000,0.00825000,3207259.60000000,1757480399999999,26394.00587400,194,2594533.40000000,21353.36374200,0
1757480400000000,0.00825000,0.00827000,0.00820000,0.00825000,1805840.30000000,1757483999999999,14860.10223400,288,814712.30000000,6704.52433800,0
1757484000000000,0.00825000,0.00828000,0.00822000,0.00827000,1578161.10000000,1757487599999999,13022.85114800,155,708295.20000000,5849.54416700,0
1757487600000000,0.00827000,0.00831000,0.00823000,0.00828000,4737206.70000000,1757491199999999,39100.38901200,509,2238361.10000000,18490.22431100,0
1757491200000000,0.00827000,0.00828000,0.00820000,0.00820000,3664281.40000000,1757494799999999,30168.67777200,539,727846.00000000,5996.18235600,0
1757494800000000,0.00820000,0.00823000,0.00816000,0.00822000,2248968.50000000,1757498399999999,18425.92642900,197,1229720.40000000,10082.61848500,0
1757498400000000,0.00822000,0.00823000,0.00818000,0.00818000,2903487.60000000,1757501999999999,23822.51001100,475,712182.40000000,5849.80000800,0
1757502000000000,0.00817000,0.00827000,0.00816000,0.00825000,2411737.70000000,1757505599999999,19830.18230300,343,1441655.70000000,11843.52499500,0
1757505600000000,0.00825000,0.00837000,0.00823000,0.00833000,7094415.50000000,1757509199999999,58961.13597500,889,2977913.90000000,24770.72633000,0
1757509200000000,0.00834000,0.00837000,0.00829000,0.00833000,4556902.80000000,1757512799999999,38009.98764500,477,2490348.20000000,20772.99818400,0
1757512800000000,0.00833000,0.00838000,0.00832000,0.00833000,2615069.00000000,1757516399999999,21824.43123800,399,1128909.20000000,9422.54291800,0
1757516400000000,0.00833000,0.00837000,0.00830000,0.00834000,1848880.50000000,1757519999999999,15421.99021400,232,974439.40000000,8125.79008100,0
1757520000000000,0.00834000,0.00839000,0.00827000,0.00837000,5126065.70000000,1757523599999999,42774.38765900,662,2154606.10000000,17957.19364000,0
1757523600000000,0.00838000,0.00841000,0.00831000,0.00835000,2374336.40000000,1757527199999999,19851.64916100,309,1104867.30000000,9255.73548600,0
1757527200000000,0.00835000,0.00840000,0.00834000,0.00838000,4643090.70000000,1757530799999999,38892.29426200,470,1739050.50000000,14555.72362700,0
1757530800000000,0.00839000,0.00839000,0.00826000,0.00830000,4272670.90000000,1757534399999999,35490.98564800,484,1075973.50000000,8924.18866600,0
1757534400000000,0.00830000,0.00830000,0.00801000,0.00825000,25813520.20000000,1757537999999999,210556.76738100,3082,9667827.40000000,78748.01772400,0
1757538000000000,0.00826000,0.00832000,0.00826000,0.00831000,1930453.50000000,1757541599999999,16035.81218200,315,806742.40000000,6695.17755700,0
1757541600000000,0.00832000,0.00836000,0.00830000,0.00834000,3328397.00000000,1757545199999999,27765.14204900,348,1712525.30000000,14291.36936700,0
1757545200000000,0.00835000,0.00838000,0.00834000,0.00836000,1394155.10000000,1757548799999999,11651.60290700,108,609305.70000000,5096.79606500,0
1757548800000000,0.00836000,0.00838000,0.00835000,0.00837000,593310.30000000,1757552399999999,4961.39750700,99,303615.70000000,2540.54396200,0
1757552400000000,0.00838000,0.00841000,0.00838000,0.00841000,985459.80000000,1757555999999999,8273.09041900,222,329280.90000000,2764.67332400,0
1757556000000000,0.00841000,0.00844000,0.00840000,0.00842000,1452310.90000000,1757559599999999,12227.91259000,254,836425.70000000,7043.92763500,0
1757559600000000,0.00842000,0.00848000,0.00841000,0.00846000,3473078.20000000,1757563199999999,29343.41225600,568,2328760.00000000,19675.69298400,0
1757563200000000,0.00845000,0.00845000,0.00841000,0.00842000,801263.90000000,1757566799999999,6759.90561200,130,125452.70000000,1059.68293400,0
1757566800000000,0.00842000,0.00844000,0.00835000,0.00836000,1595039.10000000,1757570399999999,13360.77411500,277,1093186.10000000,9157.77853500,0
1757570400000000,0.00837000,0.00846000,0.00837000,0.00846000,2920428.90000000,1757573999999999,24591.55028900,323,1946242.40000000,16388.04592200,0
1757574000000000,0.00845000,0.00850000,0.00843000,0.00846000,6992314.90000000,1757577599999999,59197.60288700,718,2810907.90000000,23799.21547400,0
1757577600000000,0.00846000,0.00846000,0.00840000,0.00841000,3038168.80000000,1757581199999999,25636.42253200,373,953707.00000000,8049.56904900,0
1757581200000000,0.00840000,0.00840000,0.00835000,0.00836000,3051363.20000000,1757584799999999,25587.34819400,266,1808597.40000000,15169.67125900,0
1757584800000000,0.00835000,0.00835000,0.00827000,0.00830000,3402435.50000000,1757588399999999,28288.73711300,319,978348.60000000,8134.25101600,0
1757588400000000,0.00830000,0.00831000,0.00821000,0.00822000,2148420.00000000,1757591999999999,17775.11283900,211,789824.90000000,6535.72318400,0
1757592000000000,0.00822000,0.00831000,0.00813000,0.00825000,10354615.40000000,1757595599999999,85104.15178500,1588,4701427.30000000,38614.74986800,0
1757595600000000,0.00824000,0.00825000,0.00812000,0.00824000,5565931.40000000,1757599199999999,45508.43616700,723,2570431.20000000,21026.42740200,0
1757599200000000,0.00824000,0.00824000,0.00810000,0.00817000,2927440.00000000,1757602799999999,23930.78171200,396,1313277.20000000,10728.56774400,0
1757602800000000,0.00816000,0.00820000,0.00814000,0.00817000,4109633.00000000,1757606399999999,33633.28818300,322,3077689.20000000,25201.05485300,0
1757606400000000,0.00816000,0.00826000,0.00816000,0.00821000,4542958.50000000,1757609999999999,37357.20235200,377,3462065.20000000,28471.90983200,0
1757610000000000,0.00820000,0.00828000,0.00818000,0.00822000,2167967.00000000,1757613599999999,17841.08083800,297,947873.00000000,7813.10102200,0
1757613600000000,0.00822000,0.00825000,0.00819000,0.00823000,3675980.70000000,1757617199999999,30230.08076200,467,2195072.30000000,18064.23298300,0
1757617200000000,0.00822000,0.00830000,0.00822000,0.00830000,3471302.60000000,1757620799999999,28680.98309100,429,1997256.90000000,16498.33217300,0
1757620800000000,0.00829000,0.00832000,0.00826000,0.00828000,2932389.10000000,1757624399999999,24298.23835800,353,1990140.90000000,16486.48835200,0
1757624400000000,0.00828000,0.00831000,0.00827000,0.00829000,1759317.70000000,1757627999999999,14573.99211200,317,482164.00000000,3997.99290500,0
1757628000000000,0.00826000,0.00835000,0.00826000,0.00834000,2045881.60000000,1757631599999999,17005.49406500,314,1343246.60000000,11165.27489500,0
1757631600000000,0.00833000,0.00834000,0.00831000,0.00831000,1252678.90000000,1757635199999999,10428.89803400,202,672364.10000000,5596.55167300,0
1757635200000000,0.00832000,0.00845000,0.00831000,0.00842000,3300043.80000000,1757638799999999,27630.47841700,521,1421564.30000000,11901.12681800,0
1757638800000000,0.00841000,0.00842000,0.00835000,0.00836000,1146824.40000000,1757642399999999,9619.41750700,231,375556.80000000,3150.96577800,0
1757642400000000,0.00836000,0.00841000,0.00835000,0.00836000,1221836.70000000,1757645999999999,10219.91739000,147,274925.50000000,2301.47976000,0
1757646000000000,0.00836000,0.00838000,0.00833000,0.00836000,3252199.90000000,1757649599999999,27174.24974500,249,2070506.60000000,17310.49922100,0
1757649600000000,0.00836000,0.00839000,0.00832000,0.00836000,1781855.40000000,1757653199999999,14888.93952400,207,820720.60000000,6860.03766700,0
1757653200000000,0.00837000,0.00847000,0.00834000,0.00845000,2122063.80000000,1757656799999999,17851.46400100,255,1447189.00000000,12184.17048600,0
1757656800000000,0.00846000,0.00846000,0.00841000,0.00841000,1685957.20000000,1757660399999999,14226.80742600,262,765712.10000000,6460.15818700,0
1757660400000000,0.00841000,0.00842000,0.00833000,0.00836000,3339509.80000000,1757663999999999,27998.94622700,288,775196.30000000,6481.65471700,0
1757664000000000,0.00836000,0.00836000,0.00826000,0.00830000,1914487.40000000,1757667599999999,15895.49130500,340,867292.90000000,7198.44274400,0
1757667600000000,0.00829000,0.00830000,0.00823000,0.00824000,1450458.00000000,1757671199999999,11988.14236300,256,683620.00000000,5650.03827800,0
1757671200000000,0.00824000,0.00826000,0.00821000,0.00823000,2751286.80000000,1757674799999999,22653.72734100,373,1445151.20000000,11897.73959600,0
1757674800000000,0.00823000,0.00827000,0.00821000,0.00821000,1282877.40000000,1757678399999999,10572.22541900,271,739456.40000000,6097.88898200,0
1757678400000000,0.00821000,0.00827000,0.00816000,0.00825000,2256899.00000000,1757681999999999,18531.62781300,317,1047870.10000000,8607.19713600,0
1757682000000000,0.00826000,0.00827000,0.00824000,0.00827000,1093969.70000000,1757685599999999,9030.24084300,187,611889.50000000,5053.09073800,0
1757685600000000,0.00827000,0.00831000,0.00825000,0.00828000,3533119.80000000,1757689199999999,29272.21960400,553,1610870.80000000,13344.38530200,0
1757689200000000,0.00828000,0.00828000,0.00822000,0.00827000,1516880.40000000,1757692799999999,12513.13443000,355,852577.30000000,7029.88048900,0
1757692800000000,0.00827000,0.00832000,0.00824000,0.00830000,1969194.10000000,1757696399999999,16293.97942700,463,1185468.20000000,9806.82703600,0
1757696400000000,0.00831000,0.00836000,0.00828000,0.00836000,6911844.00000000,1757699999999999,57589.73238400,710,4200167.30000000,35000.98170800,0
1757700000000000,0.00836000,0.00840000,0.00835000,0.00840000,2054372.60000000,1757703599999999,17206.19374200,247,1323666.50000000,11087.07221400,0
1757703600000000,0.00839000,0.00841000,0.00837000,0.00841000,2138864.50000000,1757707199999999,17938.33144200,229,1503182.50000000,12606.39499100,0
1757707200000000,0.00841000,0.00841000,0.00835000,0.00839000,3246685.80000000,1757710799999999,27162.98294700,325,761474.10000000,6383.18676100,0
1757710800000000,0.00837000,0.00838000,0.00834000,0.00837000,1157764.40000000,1757714399999999,9683.43914000,249,639527.10000000,5354.49640000,0
1757714400000000,0.00837000,0.00844000,0.00836000,0.00840000,3196322.00000000,1757717999999999,26892.99624700,315,2334917.30000000,19652.58529600,0
1757718000000000,0.00840000,0.00842000,0.00836000,0.00842000,1297368.00000000,1757721599999999,10876.70831700,159,601436.80000000,5048.10589200,0
1757721600000000,0.00841000,0.00842000,0.00837000,0.00842000,1234723.30000000,1757725199999999,10358.46451000,168,499183.70000000,4187.10926000,0
1757725200000000,0.00842000,0.00845000,0.00841000,0.00842000,1362107.40000000,1757728799999999,11484.42627100,237,490095.00000000,4132.30409900,0
1757728800000000,0.00840000,0.00843000,0.00839000,0.00843000,465539.70000000,1757732399999999,3917.28593200,75,186736.60000000,1571.74319500,0
1757732400000000,0.00843000,0.00847000,0.00842000,0.00847000,1858357.70000000,1757735999999999,15704.31259000,225,1257527.60000000,10629.02583400,0
1757736000000000,0.00846000,0.00847000,0.00840000,0.00841000,3090568.40000000,1757739599999999,26040.43942900,168,546311.60000000,4609.43524200,0
1757739600000000,0.00841000,0.00842000,0.00838000,0.00841000,904402.60000000,1757743199999999,7597.08596000,137,298831.80000000,2509.87960500,0
1757743200000000,0.00842000,0.00844000,0.00837000,0.00841000,1715382.20000000,1757746799999999,14408.23307200,266,597651.20000000,5013.29516100,0
1757746800000000,0.00840000,0.00844000,0.00840000,0.00842000,1173266.60000000,1757750399999999,9876.39011500,194,223436.70000000,1881.67567700,0
1757750400000000,0.00841000,0.00845000,0.00832000,0.00844000,9319014.40000000,1757753999999999,78063.04823100,691,4565561.60000000,38238.59480800,0
1757754000000000,0.00844000,0.00856000,0.00843000,0.00852000,16642705.80000000,1757757599999999,141663.71195100,1198,11420510.60000000,97244.85594700,0
1757757600000000,0.00852000,0.00856000,0.00850000,0.00856000,4933683.00000000,1757761199999999,42073.48524100,415,2393702.50000000,20425.58850900,0
1757761200000000,0.00854000,0.00859000,0.00849000,0.00858000,3351221.20000000,1757764799999999,28621.01979700,300,1582063.40000000,13527.50741200,0
1757764800000000,0.00858000,0.00859000,0.00853000,0.00856000,1615185.20000000,1757768399999999,13820.74803200,218,594863.30000000,5093.83246800,0
1757768400000000,0.00856000,0.00858000,0.00838000,0.00849000,5758392.00000000,1757771999999999,48872.93987300,688,2398680.70000000,20334.74719500,0
1757772000000000,0.00848000,0.00855000,0.00844000,0.00853000,4501023.90000000,1757775599999999,38233.42089400,470,1855569.00000000,15764.15369800,0
1757775600000000,0.00852000,0.00856000,0.00845000,0.00847000,6614543.30000000,1757779199999999,56233.03047200,460,2635373.10000000,22412.76611000,0
1757779200000000,0.00848000,0.00853000,0.00842000,0.00843000,3944568.30000000,1757782799999999,33508.53483000,416,2133478.80000000,18138.42489900,0
1757782800000000,0.00846000,0.00848000,0.00836000,0.00848000,3842131.80000000,1757786399999999,32347.87152300,563,1506795.30000000,12701.75713100,0
1757786400000000,0.00847000,0.00851000,0.00843000,0.00850000,1781871.10000000,1757789999999999,15086.58909200,352,1054242.70000000,8929.06225000,0
1757790000000000,0.00850000,0.00853000,0.00849000,0.00851000,613054.60000000,1757793599999999,5220.35816400,79,335468.20000000,2856.77179100,0
1757793600000000,0.00852000,0.00857000,0.00852000,0.00855000,931514.50000000,1757797199999999,7961.19889100,111,435195.00000000,3718.72084100,0
1757797200000000,0.00856000,0.00860000,0.00851000,0.00852000,4171384.40000000,1757800799999999,35724.21302200,378,2620236.80000000,22456.18202100,0
1757800800000000,0.00853000,0.00859000,0.00851000,0.00853000,1879293.10000000,1757804399999999,16078.90162600,115,592685.20000000,5075.69251200,0
1757804400000000,0.00852000,0.00853000,0.00850000,0.00850000,901426.00000000,1757807999999999,7676.34992900,102,374588.40000000,3190.18131800,0
1757808000000000,0.00852000,0.00853000,0.00845000,0.00849000,1225954.00000000,1757811599999999,10421.98230300,233,400254.90000000,3403.36092200,0
1757811600000000,0.00848000,0.00848000,0.00840000,0.00848000,2411113.30000000,1757815199999999,20318.61467400,215,952724.80000000,8029.87537600,0
1757815200000000,0.00848000,0.00852000,0.00844000,0.00847000,750267.10000000,1757818799999999,6359.70165300,130,320099.10000000,2714.89768100,0
1757818800000000,0.00846000,0.00850000,0.00827000,0.00827000,23428775.50000000,1757822399999999,197070.39463200,1504,7855673.60000000,66425.80102800,0
1757822400000000,0.00829000,0.00836000,0.00824000,0.00835000,8155484.80000000,1757825999999999,67506.46915400,969,2285115.20000000,18940.68291000,0
1757826000000000,0.00834000,0.00840000,0.00834000,0.00840000,1051268.30000000,1757829599999999,8800.44321500,135,603940.60000000,5059.41757300,0
1757829600000000,0.00839000,0.00841000,0.00831000,0.00832000,2885838.90000000,1757833199999999,24083.87266600,250,649868.70000000,5429.05573700,0
1757833200000000,0.00833000,0.00834000,0.00828000,0.00830000,1426042.60000000,1757836799999999,11862.52579200,184,667665.10000000,5555.58534000,0
1757836800000000,0.00828000,0.00832000,0.00828000,0.00830000,1698344.70000000,1757840399999999,14081.48644400,124,1163951.20000000,9652.08978200,0
1757840400000000,0.00827000,0.00834000,0.00826000,0.00833000,2024547.50000000,1757843999999999,16838.71335100,206,999925.50000000,8316.33832600,0
1757844000000000,0.00834000,0.00834000,0.00829000,0.00831000,1249590.30000000,1757847599999999,10399.95925600,109,620155.60000000,5156.89708500,0
1757847600000000,0.00830000,0.00831000,0.00816000,0.00816000,7042728.10000000,1757851199999999,57849.40610700,633,3630191.30000000,29820.39896500,0
1757851200000000,0.00816000,0.00822000,0.00809000,0.00812000,3034470.60000000,1757854799999999,24719.98048000,579,1493576.70000000,12169.54004300,0
1757854800000000,0.00812000,0.00818000,0.00805000,0.00809000,2236323.00000000,1757858399999999,18132.55176600,440,1156207.00000000,9379.31833300,0
1757858400000000,0.00809000,0.00815000,0.00803000,0.00806000,7120704.80000000,1757861999999999,57377.18236600,838,2873225.70000000,23189.21949900,0
1757862000000000,0.00806000,0.00809000,0.00802000,0.00805000,2123076.30000000,1757865599999999,17081.91056300,333,911895.30000000,7339.29315300,0
1757865600000000,0.00804000,0.00808000,0.00801000,0.00804000,2880137.80000000,1757869199999999,23165.21895100,272,1287917.20000000,10365.39907300,0
1757869200000000,0.00804000,0.00817000,0.00804000,0.00813000,3515276.50000000,1757872799999999,28512.79842000,408,2682794.30000000,21752.56820300,0
1757872800000000,0.00813000,0.00813000,0.00805000,0.00806000,3088992.70000000,1757876399999999,25011.33523300,255,1095589.20000000,8860.31404900,0
1757876400000000,0.00807000,0.00812000,0.00806000,0.00809000,1731764.70000000,1757879999999999,14015.06168700,261,1183004.30000000,9567.31661000,0
1757880000000000,0.00809000,0.00815000,0.00809000,0.00810000,1748349.20000000,1757883599999999,14178.21910200,295,1372409.40000000,11132.17934500,0
1757883600000000,0.00810000,0.00816000,0.00806000,0.00813000,2065037.30000000,1757887199999999,16734.58903600,290,992252.80000000,8042.59307800,0
1757887200000000,0.00813000,0.00818000,0.00810000,0.00814000,767025.10000000,1757890799999999,6237.11103100,157,459659.00000000,3738.74448900,0
1757890800000000,0.00815000,0.00815000,0.00803000,0.00806000,2281941.00000000,1757894399999999,18431.86418000,267,809394.10000000,6539.52326300,0
1757894400000000,0.00806000,0.00811000,0.00805000,0.00806000,2394349.60000000,1757897999999999,19345.80949700,297,1195977.60000000,9661.23499700,0
1757898000000000,0.00806000,0.00811000,0.00799000,0.00808000,2108341.80000000,1757901599999999,16916.50113100,414,1215473.20000000,9744.69928000,0
1757901600000000,0.00808000,0.00812000,0.00805000,0.00807000,993305.80000000,1757905199999999,8025.19577100,181,527297.20000000,4259.65344300,0
1757905200000000,0.00807000,0.00815000,0.00807000,0.00814000,1702013.80000000,1757908799999999,13792.76428600,177,812171.30000000,6589.63770700,0
1757908800000000,0.00812000,0.00816000,0.00811000,0.00812000,701214.20000000,1757912399999999,5704.05805100,131,248040.60000000,2018.55986800,0
1757912400000000,0.00811000,0.00822000,0.00811000,0.00820000,2398184.40000000,1757915999999999,19611.87092000,358,1282202.10000000,10489.31606900,0
1757916000000000,0.00819000,0.00819000,0.00802000,0.00805000,2348622.20000000,1757919599999999,19034.90806400,224,705385.50000000,5721.62853900,0
1757919600000000,0.00806000,0.00809000,0.00792000,0.00795000,8932080.80000000,1757923199999999,71315.20752000,968,2303986.30000000,18400.40118900,0
1757923200000000,0.00795000,0.00796000,0.00773000,0.00774000,18609545.60000000,1757926799999999,145369.25562500,1760,6619669.70000000,51711.93782000,0
1757926800000000,0.00774000,0.00781000,0.00773000,0.00780000,3561527.30000000,1757930399999999,27694.27468700,597,1895124.30000000,14744.06874000,0
1757930400000000,0.00780000,0.00780000,0.00760000,0.00769000,16291010.60000000,1757933999999999,125342.90415800,1005,4708884.30000000,36178.05433600,0
1757934000000000,0.00769000,0.00771000,0.00768000,0.00770000,1034620.50000000,1757937599999999,7957.83902700,190,572638.40000000,4404.33063200,0
1757937600000000,0.00770000,0.00773000,0.00763000,0.00764000,2963348.90000000,1757941199999999,22728.12664300,263,971573.00000000,7459.09397900,0
1757941200000000,0.00764000,0.00772000,0.00762000,0.00768000,4422423.50000000,1757944799999999,33976.26829400,501,2952463.20000000,22696.86953100,0
1757944800000000,0.00767000,0.00768000,0.00753000,0.00759000,7469229.30000000,1757948399999999,56804.23084400,659,2412776.50000000,18351.46676100,0
1757948400000000,0.00759000,0.00761000,0.00750000,0.00757000,2374044.00000000,1757951999999999,17941.52135000,340,1594640.80000000,12053.67238600,0
1757952000000000,0.00756000,0.00760000,0.00750000,0.00752000,5206192.20000000,1757955599999999,39353.40808400,438,2325407.40000000,17565.29276600,0
1757955600000000,0.00753000,0.00759000,0.00752000,0.00759000,3160193.40000000,1757959199999999,23865.09734700,340,2159712.90000000,16315.14069100,0
1757959200000000,0.00758000,0.00764000,0.00757000,0.00764000,1525093.50000000,1757962799999999,11583.05854600,268,749910.70000000,5700.96289800,0
1757962800000000,0.00764000,0.00766000,0.00758000,0.00764000,1971859.20000000,1757966399999999,15085.84307900,162,1261255.90000000,9648.24935600,0
1757966400000000,0.00764000,0.00769000,0.00763000,0.00768000,694726.90000000,1757969999999999,5324.69062700,117,456859.60000000,3503.42128800,0
1757970000000000,0.00767000,0.00767000,0.00764000,0.00767000,742129.80000000,1757973599999999,5685.80689300,69,512551.70000000,3928.44157000,0
1757973600000000,0.00768000,0.00769000,0.00765000,0.00767000,3590255.40000000,1757977199999999,27509.72038500,162,1905255.10000000,14590.36474300,0
1757977200000000,0.00766000,0.00766000,0.00764000,0.00765000,878164.70000000,1757980799999999,6719.92299300,134,374003.80000000,2862.81496800,0
1757980800000000,0.00765000,0.00769000,0.00763000,0.00768000,1042782.40000000,1757984399999999,7986.29109400,173,491482.10000000,3763.89721500,0
1757984400000000,0.00768000,0.00770000,0.00765000,0.00765000,1898271.50000000,1757987999999999,14582.50971900,332,1040250.20000000,7996.31818500,0
1757988000000000,0.00764000,0.00767000,0.00764000,0.00765000,1119377.40000000,1757991599999999,8564.61031600,201,696894.40000000,5333.79700500,0
1757991600000000,0.00764000,0.00766000,0.00763000,0.00763000,959456.10000000,1757995199999999,7335.02326000,195,518515.50000000,3964.51969900,0
1757995200000000,0.00763000,0.00766000,0.00759000,0.00766000,3543728.30000000,1757998799999999,26973.93708600,278,955565.80000000,7290.82000300,0
1757998800000000,0.00766000,0.00771000,0.00766000,0.00771000,1098091.20000000,1758002399999999,8437.33464100,130,659436.50000000,5069.79083500,0
1758002400000000,0.00770000,0.00772000,0.00767000,0.00768000,1238965.70000000,1758005999999999,9526.34087900,197,375097.00000000,2886.78391800,0
1758006000000000,0.00769000,0.00773000,0.00768000,0.00770000,884541.90000000,1758009599999999,6814.98407700,124,423373.50000000,3264.48342200,0
1758009600000000,0.00770000,0.00777000,0.00770000,0.00775000,4936286.50000000,1758013199999999,38167.75154700,292,2852575.50000000,22060.37804100,0
1758013200000000,0.00775000,0.00776000,0.00773000,0.00774000,1178012.10000000,1758016799999999,9124.94308100,110,693107.10000000,5369.87242700,0
1758016800000000,0.00774000,0.00774000,0.00768000,0.00771000,3017385.80000000,1758020399999999,23245.71880400,215,672963.90000000,5187.36737900,0
1758020400000000,0.00771000,0.00772000,0.00768000,0.00771000,2825761.70000000,1758023999999999,21762.17627100,113,491428.40000000,3787.26466100,0
1758024000000000,0.00771000,0.00775000,0.00770000,0.00774000,1121161.60000000,1758027599999999,8665.31914300,120,689560.10000000,5332.47716300,0
1758027600000000,0.00774000,0.00777000,0.00767000,0.00774000,4536359.80000000,1758031199999999,34967.63972400,312,1121424.40000000,8655.67782000,0
1758031200000000,0.00773000,0.00773000,0.00766000,0.00773000,4352676.90000000,1758034799999999,33452.95020700,180,1310428.00000000,10076.87186500,0
1758034800000000,0.00772000,0.00779000,0.00768000,0.00779000,2276076.30000000,1758038399999999,17610.70905700,281,1755861.20000000,13585.49204400,0
1758038400000000,0.00778000,0.00779000,0.00772000,0.00774000,1187524.40000000,1758041999999999,9204.73283100,129,390965.60000000,3032.92141200,0
1758042000000000,0.00774000,0.00786000,0.00774000,0.00780000,1739924.10000000,1758045599999999,13591.20891600,151,982947.80000000,7676.35983800,0
1758045600000000,0.00780000,0.00783000,0.00778000,0.00780000,449601.10000000,1758049199999999,3508.50386600,70,233517.30000000,1823.98816100,0
1758049200000000,0.00780000,0.00782000,0.00778000,0.00782000,1959162.30000000,1758052799999999,15283.34275200,92,1549666.10000000,12091.32180900,0
1758052800000000,0.00782000,0.00783000,0.00780000,0.00783000,1184726.60000000,1758056399999999,9260.42968800,85,704610.80000000,5508.04765700,0
1758056400000000,0.00782000,0.00784000,0.00780000,0.00784000,827748.60000000,1758059999999999,6481.01666800,116,526961.10000000,4127.50694100,0
1758060000000000,0.00784000,0.00786000,0.00783000,0.00784000,1273468.50000000,1758063599999999,9988.20359200,149,1007047.40000000,7897.42490900,0
1758063600000000,0.00784000,0.00785000,0.00780000,0.00782000,804703.10000000,1758067199999999,6289.36435000,102,291733.60000000,2281.09785600,0
1758067200000000,0.00782000,0.00786000,0.00780000,0.00782000,554523.80000000,1758070799999999,4343.52913500,91,382119.40000000,2994.20227100,0
1758070800000000,0.00783000,0.00785000,0.00780000,0.00781000,449589.20000000,1758074399999999,3516.79003200,75,167708.70000000,1312.56608800,0
1758074400000000,0.00782000,0.00792000,0.00780000,0.00790000,2527314.20000000,1758077999999999,19929.23523300,277,1666921.20000000,13145.76930800,0
1758078000000000,0.00790000,0.00793000,0.00782000,0.00783000,1557672.70000000,1758081599999999,12273.60774600,274,756575.10000000,5962.40469300,0
1758081600000000,0.00783000,0.00786000,0.00775000,0.00779000,2901285.10000000,1758085199999999,22663.90601500,370,1197551.50000000,9365.50731100,0
1758085200000000,0.00779000,0.00786000,0.00777000,0.00786000,1504302.80000000,1758088799999999,11742.09469700,260,905092.70000000,7065.34907900,0
1758088800000000,0.00786000,0.00795000,0.00783000,0.00794000,2567256.20000000,1758092399999999,20231.60552800,361,1638355.60000000,12928.99666500,0
1758092400000000,0.00794000,0.00794000,0.00782000,0.00783000,5237258.10000000,1758095999999999,41204.83005900,410,782171.50000000,6167.93932900,0
1758096000000000,0.00783000,0.00784000,0.00776000,0.00779000,2015528.00000000,1758099599999999,15721.60885800,301,874687.60000000,6825.88513900,0
1758099600000000,0.00779000,0.00779000,0.00773000,0.00774000,4875807.40000000,1758103199999999,37794.56410500,226,998610.70000000,7750.00805800,0
1758103200000000,0.00773000,0.00776000,0.00768000,0.00770000,7035498.30000000,1758106799999999,54217.51182600,338,2015897.00000000,15561.48424500,0
1758106800000000,0.00770000,0.00772000,0.00767000,0.00768000,1204434.20000000,1758110399999999,9264.22338400,252,355002.50000000,2732.24894100,0
1758110400000000,0.00768000,0.00770000,0.00765000,0.00769000,1465555.60000000,1758113999999999,11244.96466500,242,693368.60000000,5321.29538700,0
1758114000000000,0.00768000,0.00770000,0.00762000,0.00765000,6701227.60000000,1758117599999999,51334.78158800,318,1803425.00000000,13833.04962600,0
1758117600000000,0.00764000,0.00767000,0.00762000,0.00763000,3379746.00000000,1758121199999999,25893.55513800,242,685302.00000000,5245.26083400,0
1758121200000000,0.00762000,0.00766000,0.00761000,0.00764000,1388067.30000000,1758124799999999,10597.11870000,195,774316.30000000,5914.18341300,0
1758124800000000,0.00762000,0.00769000,0.00760000,0.00769000,2907313.40000000,1758128399999999,22205.21038200,162,1665333.90000000,12725.14566200,0
1758128400000000,0.00768000,0.00777000,0.00765000,0.00767000,6667121.50000000,1758131999999999,51185.10004100,261,4456573.00000000,34200.92241500,0
1758132000000000,0.00766000,0.00779000,0.00765000,0.00771000,10034100.40000000,1758135599999999,77399.27907400,656,5763631.70000000,44446.96064200,0
1758135600000000,0.00770000,0.00789000,0.00770000,0.00786000,14223861.50000000,1758139199999999,111201.71938600,1078,7652244.70000000,59841.93186800,0
1758139200000000,0.00787000,0.00800000,0.00784000,0.00784000,10220995.10000000,1758142799999999,81204.00332000,874,6434843.20000000,51189.25895300,0
1758142800000000,0.00786000,0.00799000,0.00777000,0.00798000,3673829.00000000,1758146399999999,28867.15564600,328,1102003.60000000,8696.70683600,0
1758146400000000,0.00799000,0.00809000,0.00798000,0.00808000,8372507.60000000,1758149999999999,67283.31326900,840,4679410.40000000,37589.97538500,0
1758150000000000,0.00809000,0.00814000,0.00804000,0.00806000,3360973.40000000,1758153599999999,27207.41288100,477,1472741.00000000,11944.46333700,0
1758153600000000,0.00807000,0.00812000,0.00803000,0.00804000,2013281.30000000,1758157199999999,16257.24376500,344,876835.00000000,7078.40295300,0
1758157200000000,0.00805000,0.00809000,0.00804000,0.00807000,830278.80000000,1758160799999999,6699.85877300,134,365853.10000000,2950.71573500,0
1758160800000000,0.00807000,0.00811000,0.00805000,0.00811000,783609.30000000,1758164399999999,6322.62215300,158,494168.20000000,3986.39795700,0
1758164400000000,0.00810000,0.00815000,0.00810000,0.00812000,962465.70000000,1758167999999999,7829.11473100,157,551137.70000000,4483.61271800,0
1758168000000000,0.00813000,0.00815000,0.00809000,0.00811000,1227777.30000000,1758171599999999,9973.16966700,231,485731.30000000,3942.04709800,0
1758171600000000,0.00811000,0.00812000,0.00807000,0.00809000,1580505.70000000,1758175199999999,12808.21910800,275,740751.70000000,6004.13730600,0
1758175200000000,0.00809000,0.00810000,0.00799000,0.00804000,1807164.30000000,1758178799999999,14525.87333700,322,412771.30000000,3318.59401000,0
1758178800000000,0.00804000,0.00810000,0.00803000,0.00805000,2302571.20000000,1758182399999999,18551.68739100,302,902665.70000000,7279.52676600,0
1758182400000000,0.00805000,0.00809000,0.00804000,0.00807000,6731183.40000000,1758185999999999,54262.33950800,894,4051926.30000000,32662.97622700,0
1758186000000000,0.00808000,0.00808000,0.00804000,0.00804000,2144668.00000000,1758189599999999,17302.39576800,375,1123743.00000000,9068.14286000,0
1758189600000000,0.00805000,0.00806000,0.00799000,0.00802000,3475881.80000000,1758193199999999,27896.97913700,425,1879329.70000000,15089.64962200,0
1758193200000000,0.00802000,0.00804000,0.00800000,0.00800000,1281858.40000000,1758196799999999,10280.77628300,269,389236.50000000,3122.24106000,0
1758196800000000,0.00801000,0.00805000,0.00800000,0.00803000,3140897.70000000,1758200399999999,25223.42295000,472,1715149.70000000,13780.63443100,0
1758200400000000,0.00803000,0.00807000,0.00800000,0.00803000,5338996.50000000,1758203999999999,42944.19715300,641,3120588.30000000,25105.09273200,0
1758204000000000,0.00803000,0.00809000,0.00803000,0.00807000,4772782.30000000,1758207599999999,38521.32471900,584,2974863.60000000,24018.87075200,0
1758207600000000,0.00807000,0.00811000,0.00806000,0.00810000,3858147.80000000,1758211199999999,31197.11337800,418,2458121.40000000,19890.60818000,0
1758211200000000,0.00809000,0.00814000,0.00808000,0.00814000,5705077.60000000,1758214799999999,46284.20622000,482,2864309.50000000,23257.21437700,0
1758214800000000,0.00815000,0.00822000,0.00815000,0.00819000,14065979.50000000,1758218399999999,115148.82053700,1628,6518066.70000000,53341.73961800,0
1758218400000000,0.00820000,0.00823000,0.00819000,0.00821000,3149341.30000000,1758221999999999,25863.07200400,462,1463002.70000000,12019.86131200,0
1758222000000000,0.00822000,0.00825000,0.00812000,0.00817000,4805122.40000000,1758225599999999,39398.49759300,433,2706584.50000000,22230.98211600,0
1758225600000000,0.00817000,0.00823000,0.00817000,0.00822000,3573354.30000000,1758229199999999,29254.43862300,450,1487991.80000000,12180.91147100,0
1758229200000000,0.00821000,0.00824000,0.00821000,0.00821000,1032322.60000000,1758232799999999,8483.48558600,189,146853.90000000,1207.38680100,0
1758232800000000,0.00821000,0.00825000,0.00819000,0.00820000,4104141.60000000,1758236399999999,33727.36796400,538,2181980.70000000,17930.42735800,0
1758236400000000,0.00821000,0.00822000,0.00816000,0.00820000,2790821.40000000,1758239999999999,22830.69942100,182,1066393.70000000,8736.28348100,0
1758240000000000,0.00820000,0.00830000,0.00820000,0.00830000,4932076.90000000,1758243599999999,40801.67403500,529,2896996.40000000,23969.11548400,0
1758243600000000,0.00830000,0.00833000,0.00826000,0.00829000,3355022.80000000,1758247199999999,27826.70015400,409,1520729.50000000,12611.95723300,0
1758247200000000,0.00829000,0.00834000,0.00823000,0.00824000,4508472.90000000,1758250799999999,37394.17135000,579,2020948.20000000,16791.84863900,0
1758250800000000,0.00824000,0.00829000,0.00813000,0.00814000,5050498.30000000,1758254399999999,41404.97434800,649,1804418.30000000,14799.87418900,0
1758254400000000,0.00814000,0.00824000,0.00806000,0.00824000,4556189.20000000,1758257999999999,37002.64856600,431,2240616.50000000,18233.23640200,0
1758258000000000,0.00824000,0.00825000,0.00813000,0.00817000,4638629.70000000,1758261599999999,37997.47057500,376,1332880.70000000,10915.69253800,0
1758261600000000,0.00816000,0.00819000,0.00811000,0.00811000,4191659.50000000,1758265199999999,34154.85954500,389,1652453.50000000,13475.16465600,0
1758265200000000,0.00811000,0.00821000,0.00810000,0.00819000,4268352.40000000,1758268799999999,34841.70240300,460,2473622.40000000,20198.04912600,0
1758268800000000,0.00818000,0.00824000,0.00817000,0.00817000,3116169.60000000,1758272399999999,25546.01252300,308,1427219.90000000,11711.95584100,0
1758272400000000,0.00817000,0.00825000,0.00809000,0.00813000,5134764.70000000,1758275999999999,41896.47742200,602,3087300.30000000,25168.62324100,0
1758276000000000,0.00813000,0.00815000,0.00809000,0.00811000,4420148.80000000,1758279599999999,35846.47772900,631,2918482.00000000,23664.73695000,0
1758279600000000,0.00811000,0.00811000,0.00798000,0.00801000,6346018.10000000,1758283199999999,51029.99287600,759,3095056.30000000,24891.08742200,0
1758283200000000,0.00801000,0.00806000,0.00799000,0.00801000,3430121.50000000,1758286799999999,27510.10415900,327,1458779.80000000,11705.31462900,0
1758286800000000,0.00801000,0.00808000,0.00800000,0.00806000,2587079.20000000,1758290399999999,20811.24824000,426,1757936.10000000,14147.59372400,0
1758290400000000,0.00806000,0.00808000,0.00795000,0.00798000,4462732.50000000,1758293999999999,35722.85041300,481,1995009.70000000,15993.66869800,0
1758294000000000,0.00798000,0.00798000,0.00788000,0.00798000,6975329.50000000,1758297599999999,55160.98721700,488,3368753.10000000,26663.46795800,0
1758297600000000,0.00796000,0.00803000,0.00796000,0.00802000,2609777.70000000,1758301199999999,20882.06892600,354,1776377.20000000,14213.14794900,0
1758301200000000,0.00802000,0.00803000,0.00795000,0.00796000,1767480.30000000,1758304799999999,14128.64124100,189,847250.80000000,6772.78975000,0
1758304800000000,0.00796000,0.00798000,0.00790000,0.00794000,2128075.90000000,1758308399999999,16919.52977000,291,1596056.80000000,12695.15419800,0
1758308400000000,0.00795000,0.00802000,0.00795000,0.00796000,2768419.00000000,1758311999999999,22107.24235300,370,1273789.20000000,10166.99081900,0
1758312000000000,0.00797000,0.00802000,0.00794000,0.00795000,2881357.10000000,1758315599999999,22971.40416300,299,1267764.40000000,10111.29780800,0
1758315600000000,0.00795000,0.00800000,0.00793000,0.00800000,1227856.20000000,1758319199999999,9781.56250900,257,794950.30000000,6328.19118400,0
1758319200000000,0.00799000,0.00802000,0.00798000,0.00800000,910558.10000000,1758322799999999,7286.20199300,153,551311.90000000,4413.65014300,0
1758322800000000,0.00798000,0.00799000,0.00787000,0.00794000,4727802.90000000,1758326399999999,37383.84200400,428,1304469.20000000,10305.73060900,0
1758326400000000,0.00793000,0.00794000,0.00786000,0.00793000,3353287.60000000,1758329999999999,26488.20617000,271,1126556.40000000,8901.71584900,0
1758330000000000,0.00791000,0.00792000,0.00785000,0.00788000,2949787.60000000,1758333599999999,23227.36849400,377,1181768.20000000,9317.60360900,0
1758333600000000,0.00786000,0.00787000,0.00779000,0.00785000,5684093.20000000,1758337199999999,44529.54575300,633,3178882.60000000,24912.98279000,0
1758337200000000,0.00787000,0.00787000,0.00780000,0.00786000,2460482.70000000,1758340799999999,19279.45975200,341,1317639.00000000,10324.27234800,0
1758340800000000,0.00786000,0.00795000,0.00785000,0.00794000,5577317.30000000,1758344399999999,44041.85056400,710,3333090.20000000,26311.84692000,0
1758344400000000,0.00794000,0.00802000,0.00794000,0.00800000,1324537.50000000,1758347999999999,10563.07143800,219,740007.40000000,5902.90182500,0
1758348000000000,0.00800000,0.00804000,0.00797000,0.00803000,2534493.50000000,1758351599999999,20314.51258200,355,1546093.40000000,12392.32989200,0
1758351600000000,0.00803000,0.00810000,0.00802000,0.00806000,2442090.10000000,1758355199999999,19671.78125500,271,900671.40000000,7260.76502000,0
1758355200000000,0.00807000,0.00807000,0.00801000,0.00801000,1813399.10000000,1758358799999999,14579.79102900,236,830800.70000000,6677.95025800,0
1758358800000000,0.00802000,0.00804000,0.00796000,0.00798000,1962078.20000000,1758362399999999,15686.53723700,287,695771.60000000,5567.27369800,0
1758362400000000,0.00799000,0.00801000,0.00788000,0.00794000,12303755.80000000,1758365999999999,97525.71786100,931,6885235.80000000,54624.37108800,0
1758366000000000,0.00794000,0.00798000,0.00787000,0.00794000,13817239.20000000,1758369599999999,109669.90178400,2303,7725013.80000000,61379.95324900,0
1758369600000000,0.00794000,0.00797000,0.00792000,0.00796000,2334659.40000000,1758373199999999,18557.98332200,443,1270536.10000000,10098.82625700,0
1758373200000000,0.00795000,0.00799000,0.00794000,0.00796000,1776170.00000000,1758376799999999,14136.99668800,382,964361.10000000,7677.77574200,0
1758376800000000,0.00796000,0.00813000,0.00791000,0.00808000,8550392.10000000,1758380399999999,68774.16135400,951,5510473.10000000,44397.11485200,0
1758380400000000,0.00808000,0.00814000,0.00807000,0.00810000,1749804.20000000,1758383999999999,14193.11882200,410,1096454.70000000,8893.20182400,0
1758384000000000,0.00810000,0.00813000,0.00806000,0.00810000,1761396.40000000,1758387599999999,14268.03032100,422,967943.70000000,7841.93413700,0
1758387600000000,0.00810000,0.00810000,0.00803000,0.00808000,1868839.60000000,1758391199999999,15086.87681400,296,978611.90000000,7902.78141200,0
1758391200000000,0.00807000,0.00809000,0.00804000,0.00806000,1040170.00000000,1758394799999999,8389.19398700,191,722849.60000000,5827.88320800,0
1758394800000000,0.00805000,0.00809000,0.00803000,0.00804000,1257755.90000000,1758398399999999,10123.57724100,189,785993.80000000,6325.15233400,0
1758398400000000,0.00804000,0.00813000,0.00804000,0.00811000,1594237.50000000,1758401999999999,12885.81121200,264,1017488.40000000,8226.89031000,0
1758402000000000,0.00810000,0.00815000,0.00810000,0.00812000,1473935.00000000,1758405599999999,11972.07957100,216,754423.60000000,6130.06310000,0
1758405600000000,0.00811000,0.00814000,0.00811000,0.00814000,577456.40000000,1758409199999999,4694.00000700,159,407423.80000000,3312.85288200,0
1758409200000000,0.00813000,0.00814000,0.00808000,0.00810000,2047806.50000000,1758412799999999,16594.87600900,221,1089761.50000000,8835.28944300,0
1758412800000000,0.00809000,0.00815000,0.00807000,0.00811000,944057.40000000,1758416399999999,7659.86886500,127,721087.60000000,5851.32751500,0
1758416400000000,0.00812000,0.00814000,0.00808000,0.00810000,1566502.80000000,1758419999999999,12701.44395000,237,478862.50000000,3884.49614400,0
1758420000000000,0.00812000,0.00812000,0.00806000,0.00811000,2267331.60000000,1758423599999999,18356.63651800,355,842683.20000000,6820.21541000,0
1758423600000000,0.00811000,0.00815000,0.00808000,0.00813000,2777476.00000000,1758427199999999,22543.31325400,351,1253130.20000000,10184.10131900,0
1758427200000000,0.00813000,0.00814000,0.00808000,0.00811000,3239840.50000000,1758430799999999,26232.71306600,556,1372581.20000000,11113.32500100,0
1758430800000000,0.00811000,0.00815000,0.00809000,0.00815000,1539351.40000000,1758434399999999,12493.88074800,275,1031313.10000000,8371.48744700,0
1758434400000000,0.00815000,0.00821000,0.00814000,0.00818000,2987766.10000000,1758437999999999,24435.82174500,405,1356046.40000000,11106.23863200,0
1758438000000000,0.00817000,0.00828000,0.00817000,0.00824000,5682160.30000000,1758441599999999,46827.73334000,608,3337467.80000000,27506.58525600,0
1758441600000000,0.00824000,0.00828000,0.00819000,0.00820000,4122994.70000000,1758445199999999,33966.34626800,716,1657358.00000000,13654.40094600,0
1758445200000000,0.00820000,0.00824000,0.00801000,0.00812000,5549791.80000000,1758448799999999,44952.62576300,758,2538934.10000000,20541.83658300,0
1758448800000000,0.00812000,0.00816000,0.00808000,0.00809000,2073066.00000000,1758452399999999,16831.05646700,335,679018.30000000,5525.05953700,0
1758452400000000,0.00808000,0.00813000,0.00804000,0.00807000,2597931.30000000,1758455999999999,21000.46572200,265,1321481.80000000,10685.57405400,0
1758456000000000,0.00808000,0.00816000,0.00807000,0.00810000,1227709.10000000,1758459599999999,9966.33592900,174,732229.70000000,5944.07307600,0
1758459600000000,0.00809000,0.00815000,0.00809000,0.00814000,1564820.80000000,1758463199999999,12717.54580000,175,1048232.20000000,8519.72668500,0
1758463200000000,0.00814000,0.00815000,0.00810000,0.00810000,1328550.50000000,1758466799999999,10793.11503400,127,1010750.90000000,8211.93293700,0
1758466800000000,0.00809000,0.00816000,0.00809000,0.00814000,2535579.30000000,1758470399999999,20644.46010900,228,1920576.10000000,15640.70412700,0
1758470400000000,0.00814000,0.00822000,0.00807000,0.00811000,7580643.00000000,1758473999999999,61814.34521700,728,3766867.20000000,30778.74694900,0
1758474000000000,0.00813000,0.00816000,0.00805000,0.00815000,1797586.20000000,1758477599999999,14551.16758700,238,879068.00000000,7122.76935900,0
1758477600000000,0.00816000,0.00817000,0.00812000,0.00815000,1627644.80000000,1758481199999999,13251.94052500,307,350123.10000000,2849.10342000,0
1758481200000000,0.00816000,0.00826000,0.00808000,0.00813000,12917219.30000000,1758484799999999,105390.94744100,681,6367586.80000000,52166.62314600,0
1758484800000000,0.00814000,0.00815000,0.00809000,0.00809000,1683156.30000000,1758488399999999,13664.09133100,240,792251.90000000,6434.10414800,0
1758488400000000,0.00809000,0.00817000,0.00809000,0.00816000,2241846.60000000,1758491999999999,18224.39248800,313,2002814.20000000,16283.97653800,0
1758492000000000,0.00817000,0.00817000,0.00806000,0.00815000,4332676.10000000,1758495599999999,35065.54262100,555,2193329.40000000,17755.15438900,0
1758495600000000,0.00815000,0.00815000,0.00808000,0.00811000,1697656.60000000,1758499199999999,13764.48353200,413,951461.00000000,7717.28760300,0
1758499200000000,0.00809000,0.00813000,0.00784000,0.00784000,13507929.40000000,1758502799999999,107339.38317200,1506,4839465.00000000,38473.03366500,0
1758502800000000,0.00784000,0.00784000,0.00770000,0.00775000,17277480.20000000,1758506399999999,134155.74189000,1711,5025568.60000000,38954.08671200,0
1758506400000000,0.00774000,0.00777000,0.00761000,0.00764000,16910039.20000000,1758509999999999,129627.69028000,1447,4501860.20000000,34598.41921700,0
1758510000000000,0.00763000,0.00770000,0.00761000,0.00766000,2123468.00000000,1758513599999999,16254.19536500,280,1646272.20000000,12603.20706600,0
1758513600000000,0.00765000,0.00770000,0.00763000,0.00767000,2139813.90000000,1758517199999999,16427.29034000,203,936188.40000000,7188.43004200,0
1758517200000000,0.00765000,0.00769000,0.00753000,0.00753000,6552630.30000000,1758520799999999,49873.63143900,370,2223520.80000000,17011.18494300,0
1758520800000000,0.00753000,0.00753000,0.00711000,0.00739000,23335152.10000000,1758524399999999,170598.80223400,1346,7715473.20000000,56267.83527200,0
1758524400000000,0.00739000,0.00739000,0.00724000,0.00726000,4352085.60000000,1758527999999999,31902.85979100,482,2587646.80000000,19012.23541500,0
1758528000000000,0.00725000,0.00725000,0.00700000,0.00712000,39028198.90000000,1758531599999999,277343.62810700,3239,11256158.20000000,80039.54503900,0
1758531600000000,0.00713000,0.00713000,0.00696000,0.00700000,6475530.90000000,1758535199999999,45628.27321000,427,2852809.30000000,20078.47970100,0
1758535200000000,0.00700000,0.00708000,0.00698000,0.00705000,3595978.90000000,1758538799999999,25328.24420600,297,1673701.20000000,11786.88061600,0
1758538800000000,0.00705000,0.00706000,0.00698000,0.00705000,3660962.50000000,1758542399999999,25720.09858100,455,2188672.30000000,15380.21289900,0
1758542400000000,0.00704000,0.00710000,0.00703000,0.00708000,2977791.00000000,1758545999999999,21051.80686200,402,2518974.10000000,17815.39701100,0
1758546000000000,0.00708000,0.00714000,0.00705000,0.00713000,3054149.10000000,1758549599999999,21703.47871200,483,2289743.80000000,16274.78847700,0
1758549600000000,0.00714000,0.00714000,0.00709000,0.00710000,3939405.30000000,1758553199999999,27979.09164300,387,2309018.80000000,16407.37204500,0
1758553200000000,0.00709000,0.00710000,0.00703000,0.00706000,2085586.20000000,1758556799999999,14721.95119300,187,566975.10000000,4009.65284200,0
1758556800000000,0.00705000,0.00708000,0.00702000,0.00704000,2543261.50000000,1758560399999999,17929.95718500,201,1620576.30000000,11431.17098600,0
1758560400000000,0.00704000,0.00710000,0.00701000,0.00708000,1289344.10000000,1758563999999999,9081.21502900,133,724347.20000000,5099.19778400,0
1758564000000000,0.00708000,0.00709000,0.00704000,0.00704000,1486741.90000000,1758567599999999,10503.30468300,222,412519.40000000,2917.76268300,0
1758567600000000,0.00704000,0.00707000,0.00700000,0.00701000,3283478.70000000,1758571199999999,23075.57903400,219,1246199.50000000,8761.84979200,0
1758571200000000,0.00701000,0.00711000,0.00701000,0.00709000,5143552.30000000,1758574799999999,36260.87687300,241,3456450.60000000,24336.82865100,0
1758574800000000,0.00710000,0.00715000,0.00708000,0.00715000,1274446.90000000,1758578399999999,9065.91795600,121,552684.80000000,3938.23375000,0
1758578400000000,0.00714000,0.00714000,0.00710000,0.00711000,809454.20000000,1758581999999999,5761.08552200,89,270187.50000000,1923.42836700,0
1758582000000000,0.00710000,0.00714000,0.00709000,0.00712000,968234.40000000,1758585599999999,6894.32161900,91,359017.10000000,2558.23777700,0
1758585600000000,0.00712000,0.00717000,0.00705000,0.00705000,1841442.20000000,1758589199999999,13128.77809800,145,711243.00000000,5084.24998500,0
1758589200000000,0.00706000,0.00706000,0.00700000,0.00700000,4718459.70000000,1758592799999999,33128.40114400,201,1789842.10000000,12590.46718900,0
1758592800000000,0.00700000,0.00702000,0.00692000,0.00694000,6798473.50000000,1758596399999999,47490.34315200,386,2665279.10000000,18636.30087700,0
1758596400000000,0.00692000,0.00706000,0.00689000,0.00702000,6207738.50000000,1758599999999999,43239.55938900,470,4994774.50000000,34754.25338100,0
1758600000000000,0.00702000,0.00704000,0.00696000,0.00697000,2427561.00000000,1758603599999999,16977.96379700,200,1316029.50000000,9203.83191200,0
1758603600000000,0.00698000,0.00703000,0.00695000,0.00700000,1729696.60000000,1758607199999999,12084.29996300,199,1437496.30000000,10042.30060100,0
1758607200000000,0.00699000,0.00709000,0.00698000,0.00708000,1836250.10000000,1758610799999999,12973.68426900,231,1553007.10000000,10977.44829100,0
1758610800000000,0.00707000,0.00710000,0.00706000,0.00706000,1151299.70000000,1758614399999999,8148.98591200,97,402064.40000000,2848.44387000,0
1758614400000000,0.00707000,0.00710000,0.00705000,0.00708000,2771763.20000000,1758617999999999,19582.29693000,137,669962.70000000,4740.17344000,0
1758618000000000,0.00708000,0.00711000,0.00703000,0.00704000,2309349.80000000,1758621599999999,16289.07473000,229,1351337.80000000,9539.65194500,0
1758621600000000,0.00703000,0.00713000,0.00703000,0.00710000,6392362.00000000,1758625199999999,45300.66681100,201,5277753.00000000,37408.45208500,0
1758625200000000,0.00710000,0.00710000,0.00704000,0.00710000,930420.60000000,1758628799999999,6586.83523000,83,377565.80000000,2671.15983700,0
1758628800000000,0.00709000,0.00714000,0.00703000,0.00711000,6278858.10000000,1758632399999999,44384.47217900,431,1349965.50000000,9572.77197600,0
1758632400000000,0.00711000,0.00714000,0.00708000,0.00712000,3629949.40000000,1758635999999999,25789.80890200,274,2187839.40000000,15554.94457400,0
1758636000000000,0.00713000,0.00720000,0.00710000,0.00713000,2809052.30000000,1758639599999999,20075.59988900,282,1432995.10000000,10242.31777800,0
1758639600000000,0.00711000,0.00720000,0.00708000,0.00718000,1870637.70000000,1758643199999999,13332.32986400,129,667785.40000000,4772.93939900,0
1758643200000000,0.00720000,0.00726000,0.00715000,0.00723000,2249616.10000000,1758646799999999,16200.00327700,429,559944.70000000,4033.71055400,0
1758646800000000,0.00724000,0.00724000,0.00710000,0.00710000,908090.60000000,1758650399999999,6482.64725900,116,265912.70000000,1905.14616300,0
1758650400000000,0.00711000,0.00712000,0.00706000,0.00708000,1345880.60000000,1758653999999999,9537.60254000,187,504098.10000000,3573.39790100,0
1758654000000000,0.00709000,0.00713000,0.00703000,0.00704000,2546048.50000000,1758657599999999,17995.88508300,160,819426.90000000,5804.88254000,0
1758657600000000,0.00704000,0.00710000,0.00704000,0.00709000,1631325.40000000,1758661199999999,11537.16419500,101,1210665.90000000,8567.79268200,0
1758661200000000,0.00709000,0.00714000,0.00706000,0.00713000,499079.20000000,1758664799999999,3542.96401000,58,168881.50000000,1197.96738000,0
1758664800000000,0.00712000,0.00713000,0.00708000,0.00709000,1297220.90000000,1758668399999999,9208.64153100,74,436347.70000000,3099.22153900,0
1758668400000000,0.00709000,0.00712000,0.00704000,0.00707000,632388.70000000,1758671999999999,4474.96727300,75,336992.10000000,2384.74821800,0
1758672000000000,0.00706000,0.00714000,0.00706000,0.00708000,1656172.10000000,1758675599999999,11747.81953200,142,833472.10000000,5916.05918000,0
1758675600000000,0.00707000,0.00714000,0.00706000,0.00713000,1250118.10000000,1758679199999999,8908.42636600,193,762803.40000000,5438.37399500,0
1758679200000000,0.00714000,0.00715000,0.00708000,0.00712000,673781.80000000,1758682799999999,4787.76261200,111,320469.20000000,2276.37835900,0
1758682800000000,0.00710000,0.00712000,0.00700000,0.00701000,1940840.30000000,1758686399999999,13663.73366000,125,994025.40000000,6995.51126600,0
1758686400000000,0.00701000,0.00709000,0.00692000,0.00703000,3682978.90000000,1758689999999999,25741.44902700,204,2076123.70000000,14517.32149700,0
1758690000000000,0.00703000,0.00712000,0.00703000,0.00712000,1217214.40000000,1758693599999999,8612.24662600,97,710564.90000000,5031.28362700,0
1758693600000000,0.00712000,0.00713000,0.00710000,0.00711000,565080.20000000,1758697199999999,4019.62282600,56,354517.30000000,2521.72945300,0
1758697200000000,0.00712000,0.00716000,0.00711000,0.00715000,1139624.90000000,1758700799999999,8127.66429400,65,296531.30000000,2114.82292800,0
1758700800000000,0.00716000,0.00718000,0.00711000,0.00714000,2637391.10000000,1758704399999999,18851.80640700,164,968908.90000000,6933.39727100,0
1758704400000000,0.00713000,0.00720000,0.00713000,0.00717000,3002187.90000000,1758707999999999,21542.74262800,193,2275504.90000000,16333.48613600,0
1758708000000000,0.00715000,0.00718000,0.00713000,0.00717000,1742550.20000000,1758711599999999,12465.45523400,127,897098.70000000,6418.76623000,0
1758711600000000,0.00718000,0.00726000,0.00714000,0.00722000,5675757.00000000,1758715199999999,40829.93559000,273,4206374.10000000,30270.52262700,0
1758715200000000,0.00722000,0.00724000,0.00716000,0.00717000,2429847.70000000,1758718799999999,17471.06322200,139,1757766.70000000,12636.69297500,0
1758718800000000,0.00717000,0.00721000,0.00715000,0.00715000,2984998.20000000,1758722399999999,21467.79710800,168,1770385.70000000,12737.27898000,0
1758722400000000,0.00715000,0.00726000,0.00715000,0.00724000,2628593.70000000,1758725999999999,18945.75168100,155,1175808.20000000,8476.17208800,0
1758726000000000,0.00725000,0.00725000,0.00719000,0.00719000,1838154.40000000,1758729599999999,13287.82456900,130,657498.50000000,4750.23409300,0
1758729600000000,0.00719000,0.00721000,0.00717000,0.00717000,3208490.50000000,1758733199999999,23069.76174100,288,949604.10000000,6826.86433200,0
1758733200000000,0.00718000,0.00722000,0.00714000,0.00715000,2871490.30000000,1758736799999999,20619.58876300,239,1030901.00000000,7405.34233200,0
1758736800000000,0.00716000,0.00716000,0.00711000,0.00712000,986048.80000000,1758740399999999,7036.86133200,137,402410.90000000,2872.37988900,0
1758740400000000,0.00713000,0.00714000,0.00709000,0.00711000,2307721.60000000,1758743999999999,16413.39556700,433,495052.10000000,3523.48909500,0
1758744000000000,0.00711000,0.00714000,0.00708000,0.00711000,2150258.30000000,1758747599999999,15287.09448100,375,896002.10000000,6364.69528600,0
1758747600000000,0.00711000,0.00713000,0.00703000,0.00703000,2411310.50000000,1758751199999999,17096.23105400,279,905599.00000000,6441.93616900,0
1758751200000000,0.00704000,0.00709000,0.00703000,0.00707000,868285.20000000,1758754799999999,6133.89278300,86,663076.30000000,4684.91489000,0
1758754800000000,0.00707000,0.00712000,0.00707000,0.00712000,1585114.30000000,1758758399999999,11229.85960200,193,1099706.00000000,7794.11477800,0
1758758400000000,0.00711000,0.00712000,0.00703000,0.00704000,2759556.20000000,1758761999999999,19479.51424500,290,669552.70000000,4729.48913600,0
1758762000000000,0.00704000,0.00705000,0.00698000,0.00700000,1839218.10000000,1758765599999999,12915.53868200,277,1253387.90000000,8806.46224600,0
1758765600000000,0.00700000,0.00708000,0.00696000,0.00705000,1957272.90000000,1758769199999999,13739.65622500,148,1048151.50000000,7348.25119400,0
1758769200000000,0.00706000,0.00706000,0.00695000,0.00701000,2363086.00000000,1758772799999999,16532.05211900,128,1129958.90000000,7904.90062100,0
1758772800000000,0.00700000,0.00703000,0.00688000,0.00693000,4675745.60000000,1758776399999999,32440.42834700,301,2291050.00000000,15890.47060600,0
1758776400000000,0.00693000,0.00702000,0.00689000,0.00700000,1661139.90000000,1758779999999999,11554.92297100,117,862913.20000000,5983.26694400,0
1758780000000000,0.00699000,0.00699000,0.00690000,0.00692000,1210254.50000000,1758783599999999,8404.30871900,129,519262.60000000,3605.38569300,0
1758783600000000,0.00691000,0.00697000,0.00690000,0.00691000,1977376.50000000,1758787199999999,13702.90074700,197,1076774.00000000,7469.08245000,0
1758787200000000,0.00692000,0.00696000,0.00690000,0.00692000,1800886.60000000,1758790799999999,12474.01456200,116,1028858.80000000,7127.87643800,0
1758790800000000,0.00691000,0.00700000,0.00690000,0.00692000,3640864.90000000,1758794399999999,25313.26988500,167,1458386.20000000,10153.36396900,0
1758794400000000,0.00692000,0.00701000,0.00691000,0.00699000,2410377.20000000,1758797999999999,16802.88983400,139,1583168.10000000,11038.45786600,0
1758798000000000,0.00698000,0.00700000,0.00692000,0.00694000,1831008.80000000,1758801599999999,12758.57185000,94,807326.10000000,5625.23833400,0
1758801600000000,0.00695000,0.00697000,0.00680000,0.00693000,4302660.30000000,1758805199999999,29667.54285900,268,2085884.10000000,14399.60364200,0
1758805200000000,0.00694000,0.00698000,0.00688000,0.00692000,2563755.70000000,1758808799999999,17747.99938300,152,1200653.00000000,8325.86984900,0
1758808800000000,0.00693000,0.00701000,0.00693000,0.00694000,3584132.90000000,1758812399999999,24999.88025200,171,1316255.60000000,9192.56328400,0
1758812400000000,0.00694000,0.00696000,0.00690000,0.00693000,1888484.90000000,1758815999999999,13083.57471300,116,954016.30000000,6610.75135100,0
1758816000000000,0.00692000,0.00695000,0.00681000,0.00684000,3490410.70000000,1758819599999999,23992.59290000,216,1929494.70000000,13261.79378700,0
1758819600000000,0.00683000,0.00685000,0.00663000,0.00668000,9408959.80000000,1758823199999999,63727.28307100,479,4126879.10000000,28011.80966800,0
1758823200000000,0.00667000,0.00686000,0.00663000,0.00686000,6340604.40000000,1758826799999999,42573.62456300,375,2556425.90000000,17182.97891800,0
1758826800000000,0.00685000,0.00688000,0.00680000,0.00683000,1836598.20000000,1758830399999999,12583.44568400,119,893313.50000000,6126.99109800,0
1758830400000000,0.00682000,0.00682000,0.00658000,0.00664000,46861264.40000000,1758833999999999,311456.28132900,3021,10270495.20000000,68324.72312700,0
1758834000000000,0.00664000,0.00674000,0.00660000,0.00669000,6083183.30000000,1758837599999999,40565.72701100,219,1765691.40000000,11752.77255800,0
1758837600000000,0.00669000,0.00675000,0.00665000,0.00669000,4069176.10000000,1758841199999999,27274.34494600,366,1874045.50000000,12556.84667700,0
1758841200000000,0.00669000,0.00674000,0.00662000,0.00666000,6626431.90000000,1758844799999999,44206.36113900,858,3184617.20000000,21239.00396500,0
1758844800000000,0.00667000,0.00678000,0.00666000,0.00677000,1261790.10000000,1758848399999999,8469.10099100,233,704848.60000000,4729.38911100,0
1758848400000000,0.00677000,0.00679000,0.00673000,0.00676000,2310377.70000000,1758851999999999,15613.36506500,260,509201.50000000,3446.49243500,0
1758852000000000,0.00677000,0.00679000,0.00673000,0.00674000,855655.30000000,1758855599999999,5786.68284100,176,583060.30000000,3943.42076800,0
1758855600000000,0.00675000,0.00678000,0.00673000,0.00676000,747490.60000000,1758859199999999,5047.70304200,95,419101.70000000,2830.08843600,0
1758859200000000,0.00676000,0.00679000,0.00672000,0.00672000,595058.20000000,1758862799999999,4016.69476100,68,303274.90000000,2049.85207600,0
1758862800000000,0.00672000,0.00680000,0.00672000,0.00672000,1699161.10000000,1758866399999999,11458.23157000,232,832305.40000000,5620.52916300,0
1758866400000000,0.00672000,0.00677000,0.00669000,0.00669000,2521084.40000000,1758869999999999,16963.34480100,262,987907.30000000,6640.35903300,0
1758870000000000,0.00671000,0.00676000,0.00669000,0.00672000,978560.50000000,1758873599999999,6580.33961800,70,726660.00000000,4886.35435800,0
1758873600000000,0.00675000,0.00679000,0.00675000,0.00675000,3101829.00000000,1758877199999999,20985.16542700,409,1787761.40000000,12102.15523500,0
1758877200000000,0.00676000,0.00678000,0.00671000,0.00673000,1773220.20000000,1758880799999999,11962.58707700,192,843992.90000000,5697.24412500,0
1758880800000000,0.00673000,0.00673000,0.00666000,0.00669000,1484162.00000000,1758884399999999,9922.88758000,189,774353.70000000,5181.15034400,0
1758884400000000,0.00669000,0.00673000,0.00667000,0.00672000,1402699.20000000,1758887999999999,9413.87816200,221,735964.10000000,4936.06226800,0
1758888000000000,0.00671000,0.00679000,0.00663000,0.00676000,2713679.00000000,1758891599999999,18176.69996100,353,1271388.80000000,8542.54065100,0
1758891600000000,0.00676000,0.00687000,0.00673000,0.00686000,4553917.00000000,1758895199999999,30944.50544700,332,2487908.00000000,16931.61203600,0
1758895200000000,0.00687000,0.00698000,0.00682000,0.00685000,9037755.20000000,1758898799999999,62445.44295400,789,4300470.10000000,29722.24901100,0
1758898800000000,0.00685000,0.00691000,0.00685000,0.00690000,2108902.20000000,1758902399999999,14538.23945600,335,887550.80000000,6120.28929000,0
1758902400000000,0.00690000,0.00698000,0.00690000,0.00696000,2310058.40000000,1758905999999999,15996.93217900,238,762134.20000000,5282.48345400,0
1758906000000000,0.00696000,0.00715000,0.00696000,0.00705000,17665694.50000000,1758909599999999,124895.10992000,1356,9448720.30000000,66726.53999500,0
1758909600000000,0.00706000,0.00711000,0.00704000,0.00708000,2199506.90000000,1758913199999999,15573.12244400,344,1000989.90000000,7095.49928700,0
1758913200000000,0.00708000,0.00709000,0.00703000,0.00707000,1193979.30000000,1758916799999999,8429.93193500,192,381375.00000000,2693.33391900,0
1758916800000000,0.00707000,0.00710000,0.00704000,0.00705000,888150.60000000,1758920399999999,6282.90354100,149,462628.10000000,3274.27557800,0
1758920400000000,0.00705000,0.00707000,0.00704000,0.00707000,939987.70000000,1758923999999999,6630.17077900,151,132774.50000000,937.33488100,0
1758924000000000,0.00707000,0.00712000,0.00706000,0.00707000,1268071.70000000,1758927599999999,8985.99098200,132,623486.20000000,4416.24371000,0
1758927600000000,0.00706000,0.00710000,0.00706000,0.00709000,507213.00000000,1758931199999999,3589.80455000,52,277279.40000000,1961.28993700,0
1758931200000000,0.00708000,0.00713000,0.00706000,0.00713000,1204701.10000000,1758934799999999,8537.08139300,272,418274.90000000,2965.86791400,0
1758934800000000,0.00713000,0.00720000,0.00713000,0.00719000,9307174.80000000,1758938399999999,66721.75157200,734,5588227.10000000,40062.03540100,0
1758938400000000,0.00718000,0.00721000,0.00716000,0.00717000,3949908.00000000,1758941999999999,28401.77743700,440,2250280.40000000,16173.38897300,0
1758942000000000,0.00716000,0.00721000,0.00716000,0.00718000,1283663.70000000,1758945599999999,9223.58850000,243,675977.60000000,4857.70634300,0
1758945600000000,0.00719000,0.00721000,0.00718000,0.00720000,1021443.40000000,1758949199999999,7351.54523600,221,677247.30000000,4875.02506000,0
1758949200000000,0.00721000,0.00722000,0.00716000,0.00720000,1683183.80000000,1758952799999999,12116.64904200,176,689807.00000000,4960.82046200,0
1758952800000000,0.00719000,0.00721000,0.00717000,0.00720000,2159797.10000000,1758956399999999,15537.07332700,406,873246.80000000,6284.63902500,0
1758956400000000,0.00721000,0.00723000,0.00719000,0.00721000,1564484.10000000,1758959999999999,11273.62852800,234,600192.60000000,4323.37202500,0
1758960000000000,0.00723000,0.00723000,0.00714000,0.00715000,2263552.00000000,1758963599999999,16252.62699000,256,659989.20000000,4740.79344600,0
1758963600000000,0.00715000,0.00720000,0.00711000,0.00719000,831931.80000000,1758967199999999,5948.05971500,86,287027.40000000,2052.70000200,0
1758967200000000,0.00719000,0.00726000,0.00718000,0.00726000,2021477.70000000,1758970799999999,14579.10808700,356,1206161.70000000,8706.43876500,0
1758970800000000,0.00726000,0.00727000,0.00721000,0.00721000,1728841.60000000,1758974399999999,12493.04675600,200,882990.40000000,6382.20368100,0
1758974400000000,0.00722000,0.00725000,0.00718000,0.00724000,1731795.60000000,1758977999999999,12500.98918400,237,874412.30000000,6313.42905300,0
1758978000000000,0.00723000,0.00725000,0.00719000,0.00720000,1545343.00000000,1758981599999999,11147.46179000,389,432826.90000000,3121.73957300,0
1758981600000000,0.00720000,0.00722000,0.00718000,0.00719000,2012779.20000000,1758985199999999,14482.56136500,288,1132586.40000000,8147.95893000,0
1758985200000000,0.00718000,0.00724000,0.00713000,0.00723000,1479431.90000000,1758988799999999,10630.83032400,296,1035934.50000000,7448.40937500,0
1758988800000000,0.00724000,0.00724000,0.00719000,0.00721000,917076.00000000,1758992399999999,6617.78950800,90,448836.60000000,3239.27653700,0
1758992400000000,0.00720000,0.00721000,0.00714000,0.00719000,2260411.20000000,1758995999999999,16223.60189500,284,909793.80000000,6532.16240100,0
1758996000000000,0.00718000,0.00720000,0.00716000,0.00717000,966616.10000000,1758999599999999,6932.86810500,151,329214.00000000,2363.89265100,0
1758999600000000,0.00716000,0.00718000,0.00715000,0.00716000,1705318.50000000,1759003199999999,12224.50208700,356,764547.50000000,5480.01678800,0
1759003200000000,0.00717000,0.00717000,0.00712000,0.00713000,1348679.60000000,1759006799999999,9627.61057200,163,365619.40000000,2614.56119200,0
1759006800000000,0.00713000,0.00716000,0.00713000,0.00716000,464355.40000000,1759010399999999,3315.97628400,64,199033.30000000,1421.88384900,0
1759010400000000,0.00716000,0.00722000,0.00716000,0.00718000,789754.90000000,1759013999999999,5677.14020100,200,297468.00000000,2137.73019100,0
1759014000000000,0.00717000,0.00718000,0.00715000,0.00717000,415655.40000000,1759017599999999,2976.96271300,70,158960.20000000,1139.16819800,0
1759017600000000,0.00716000,0.00717000,0.00711000,0.00711000,1147168.30000000,1759021199999999,8196.32324400,237,475559.10000000,3398.79328900,0
1759021200000000,0.00711000,0.00711000,0.00704000,0.00708000,999137.70000000,1759024799999999,7066.58335000,95,359308.00000000,2542.39260800,0
1759024800000000,0.00706000,0.00708000,0.00705000,0.00706000,865634.30000000,1759028399999999,6110.55348700,107,553997.00000000,3910.19590600,0
1759028400000000,0.00706000,0.00706000,0.00703000,0.00706000,435901.50000000,1759031999999999,3071.50086000,48,261829.90000000,1844.47237100,0
1759032000000000,0.00705000,0.00706000,0.00702000,0.00705000,668410.40000000,1759035599999999,4705.49677200,106,362736.50000000,2554.49285700,0
1759035600000000,0.00705000,0.00707000,0.00702000,0.00704000,798405.60000000,1759039199999999,5629.69127300,141,369600.00000000,2604.25989300,0
1759039200000000,0.00704000,0.00705000,0.00700000,0.00703000,1317666.80000000,1759042799999999,9250.89950900,205,976217.40000000,6853.34814900,0
1759042800000000,0.00703000,0.00704000,0.00698000,0.00701000,1081017.80000000,1759046399999999,7565.45915300,92,405462.90000000,2842.89334300,0
1759046400000000,0.00701000,0.00702000,0.00698000,0.00701000,548822.20000000,1759049999999999,3844.24614000,77,337200.70000000,2361.83889800,0
1759050000000000,0.00701000,0.00701000,0.00696000,0.00698000,291163.60000000,1759053599999999,2033.54505300,49,95411.70000000,666.42325100,0
1759053600000000,0.00697000,0.00703000,0.00695000,0.00703000,1081087.40000000,1759057199999999,7565.36392500,224,507826.10000000,3552.66822500,0
1759057200000000,0.00701000,0.00702000,0.00696000,0.00698000,1141595.70000000,1759060799999999,7979.75885600,149,283958.30000000,1985.64264000,0
1759060800000000,0.00698000,0.00698000,0.00693000,0.00695000,1422346.10000000,1759064399999999,9889.02318100,226,308167.90000000,2144.67755800,0
1759064400000000,0.00696000,0.00707000,0.00694000,0.00704000,2242009.90000000,1759067999999999,15706.92501900,283,1315620.10000000,9221.02771300,0
1759068000000000,0.00705000,0.00708000,0.00702000,0.00705000,6349057.40000000,1759071599999999,44774.69401800,674,3553708.60000000,25069.91299800,0
1759071600000000,0.00705000,0.00707000,0.00704000,0.00707000,623756.20000000,1759075199999999,4399.65234000,177,115406.00000000,814.30484300,0
1759075200000000,0.00707000,0.00711000,0.00706000,0.00708000,3362302.70000000,1759078799999999,23792.17950300,604,1708339.40000000,12091.80735700,0
1759078800000000,0.00709000,0.00712000,0.00707000,0.00710000,1646837.70000000,1759082399999999,11685.93695300,357,550496.10000000,3908.89797500,0
1759082400000000,0.00710000,0.00712000,0.00708000,0.00708000,2361440.40000000,1759085999999999,16750.08691700,366,614289.80000000,4362.11753900,0
1759086000000000,0.00708000,0.00710000,0.00706000,0.00709000,1862854.40000000,1759089599999999,13206.17402800,377,892267.70000000,6328.07782200,0
1759089600000000,0.00710000,0.00714000,0.00709000,0.00711000,1904650.50000000,1759093199999999,13537.78952200,386,952805.70000000,6769.19296000,0
1759093200000000,0.00712000,0.00716000,0.00710000,0.00711000,1583625.50000000,1759096799999999,11291.58772800,381,564083.20000000,4026.61322500,0
1759096800000000,0.00711000,0.00724000,0.00711000,0.00722000,3587996.50000000,1759100399999999,25787.86949600,701,1898421.70000000,13633.45492300,0
1759100400000000,0.00723000,0.00725000,0.00722000,0.00723000,1177118.30000000,1759103999999999,8517.30726900,268,347838.10000000,2516.63250600,0
1759104000000000,0.00723000,0.00723000,0.00719000,0.00722000,809515.90000000,1759107599999999,5842.02765400,273,149336.90000000,1077.38866500,0
1759107600000000,0.00722000,0.00723000,0.00719000,0.00719000,1875327.30000000,1759111199999999,13517.07211100,341,781545.60000000,5641.87269200,0
1759111200000000,0.00719000,0.00724000,0.00718000,0.00722000,633870.00000000,1759114799999999,4569.26297900,191,283052.00000000,2040.44189200,0
1759114800000000,0.00722000,0.00722000,0.00719000,0.00721000,664852.00000000,1759118399999999,4790.62082500,187,134035.60000000,966.61624200,0
1759118400000000,0.00721000,0.00721000,0.00717000,0.00717000,1295584.40000000,1759121999999999,9302.47268200,298,571191.00000000,4098.76080400,0
1759122000000000,0.00717000,0.00718000,0.00712000,0.00715000,965655.80000000,1759125599999999,6897.28670500,290,365701.30000000,2614.50138900,0
1759125600000000,0.00715000,0.00716000,0.00706000,0.00709000,6292194.60000000,1759129199999999,44653.12470900,557,982272.50000000,6985.56081000,0
1759129200000000,0.00709000,0.00711000,0.00707000,0.00709000,1741949.80000000,1759132799999999,12343.38276700,431,562846.60000000,3994.60932800,0
1759132800000000,0.00709000,0.00714000,0.00708000,0.00713000,1338363.40000000,1759136399999999,9528.15288300,322,794822.40000000,5663.53683800,0
1759136400000000,0.00712000,0.00717000,0.00710000,0.00712000,3318788.40000000,1759139999999999,23691.56148100,488,2051611.00000000,14651.30315600,0
1759140000000000,0.00712000,0.00714000,0.00706000,0.00706000,3046090.90000000,1759143599999999,21614.15118800,537,1197798.90000000,8508.86346900,0
1759143600000000,0.00706000,0.00709000,0.00700000,0.00705000,4590170.10000000,1759147199999999,32390.78891900,798,2216181.40000000,15660.30129400,0
1759147200000000,0.00704000,0.00708000,0.00695000,0.00695000,2643566.10000000,1759150799999999,18623.40917300,295,1746177.30000000,12321.98770500,0
1759150800000000,0.00696000,0.00710000,0.00692000,0.00707000,7192396.40000000,1759154399999999,50528.91868700,731,3954374.20000000,27909.31346900,0
1759154400000000,0.00706000,0.00719000,0.00706000,0.00718000,7954693.20000000,1759157999999999,56641.40071700,801,5930958.50000000,42225.68941600,0
1759158000000000,0.00717000,0.00719000,0.00711000,0.00711000,2919520.40000000,1759161599999999,20891.09774400,458,1173613.80000000,8395.63956900,0
1759161600000000,0.00711000,0.00715000,0.00705000,0.00706000,1954357.20000000,1759165199999999,13842.36029400,127,342685.50000000,2440.67649700,0
1759165200000000,0.00706000,0.00711000,0.00704000,0.00709000,1911815.70000000,1759168799999999,13494.53255900,280,698346.90000000,4932.79488400,0
1759168800000000,0.00709000,0.00710000,0.00706000,0.00708000,991128.90000000,1759172399999999,7020.33454900,159,543734.20000000,3852.50648300,0
1759172400000000,0.00709000,0.00719000,0.00709000,0.00719000,1062284.10000000,1759175999999999,7586.55702200,100,707948.30000000,5055.32516900,0
1759176000000000,0.00720000,0.00733000,0.00719000,0.00733000,6592729.60000000,1759179599999999,47818.55609100,415,3830226.20000000,27744.26972400,0
1759179600000000,0.00734000,0.00737000,0.00733000,0.00734000,1640989.70000000,1759183199999999,12057.93094000,221,686425.30000000,5042.43813200,0
1759183200000000,0.00736000,0.00741000,0.00734000,0.00740000,4023912.50000000,1759186799999999,29714.31799400,542,2478191.90000000,18302.12323900,0
1759186800000000,0.00740000,0.00747000,0.00731000,0.00735000,11977426.60000000,1759190399999999,88537.50247400,969,7528171.40000000,55662.83257500,0
1759190400000000,0.00735000,0.00738000,0.00725000,0.00725000,2540379.90000000,1759193999999999,18563.81932200,370,1055950.00000000,7721.54255400,0
1759194000000000,0.00725000,0.00731000,0.00722000,0.00724000,4221231.00000000,1759197599999999,30657.64412200,151,238937.70000000,1736.16968300,0
1759197600000000,0.00724000,0.00731000,0.00723000,0.00726000,1687821.60000000,1759201199999999,12268.54614600,409,614769.60000000,4476.01806500,0
1759201200000000,0.00727000,0.00734000,0.00725000,0.00727000,1331615.10000000,1759204799999999,9735.18398200,280,864462.50000000,6327.55606900,0
1759204800000000,0.00728000,0.00731000,0.00724000,0.00724000,1371995.50000000,1759208399999999,9975.72704600,327,668909.90000000,4866.05811600,0
1759208400000000,0.00725000,0.00728000,0.00724000,0.00727000,1673975.40000000,1759211999999999,12148.62784900,216,567398.20000000,4117.01017900,0
1759212000000000,0.00726000,0.00730000,0.00726000,0.00726000,1187803.70000000,1759215599999999,8645.98046400,198,609368.60000000,4439.44443100,0
1759215600000000,0.00727000,0.00730000,0.00720000,0.00720000,7776389.10000000,1759219199999999,56279.24094100,349,5015099.20000000,36297.12297200,0
1759219200000000,0.00720000,0.00722000,0.00713000,0.00713000,2161298.30000000,1759222799999999,15512.35221800,194,1300100.60000000,9341.14877500,0
1759222800000000,0.00713000,0.00718000,0.00711000,0.00713000,2597694.10000000,1759226399999999,18560.15060700,296,2047693.70000000,14636.61962000,0
1759226400000000,0.00713000,0.00715000,0.00712000,0.00715000,714338.20000000,1759229999999999,5095.77517000,97,264684.60000000,1889.30553800,0
1759230000000000,0.00714000,0.00714000,0.00706000,0.00714000,3462827.50000000,1759233599999999,24552.41288100,294,1224196.40000000,8680.10103000,0
1759233600000000,0.00714000,0.00715000,0.00706000,0.00708000,1129547.50000000,1759237199999999,8033.49706800,391,606129.00000000,4310.60945500,0
1759237200000000,0.00707000,0.00712000,0.00705000,0.00709000,2074376.90000000,1759240799999999,14657.30011000,269,627186.70000000,4440.00700900,0
1759240800000000,0.00709000,0.00709000,0.00704000,0.00708000,2136591.60000000,1759244399999999,15084.71753400,210,1196793.90000000,8461.36897700,0
1759244400000000,0.00707000,0.00709000,0.00694000,0.00702000,5347376.30000000,1759247999999999,37392.96497000,472,2131111.40000000,14931.87424200,0
1759248000000000,0.00701000,0.00703000,0.00697000,0.00700000,2768258.20000000,1759251599999999,19382.94091200,457,1891458.00000000,13250.77674900,0
1759251600000000,0.00701000,0.00705000,0.00700000,0.00702000,1949366.80000000,1759255199999999,13689.21970100,501,768849.60000000,5398.52703400,0
1759255200000000,0.00702000,0.00708000,0.00700000,0.00705000,1265202.70000000,1759258799999999,8914.61006900,344,702281.20000000,4948.10125600,0
1759258800000000,0.00707000,0.00720000,0.00706000,0.00720000,3899521.70000000,1759262399999999,27779.29099800,460,2474592.90000000,17645.18922500,0
1759262400000000,0.00720000,0.00728000,0.00719000,0.00728000,1619653.50000000,1759265999999999,11688.05102900,217,581845.20000000,4202.97168400,0
1759266000000000,0.00729000,0.00729000,0.00720000,0.00720000,1860663.80000000,1759269599999999,13474.19670300,434,927076.90000000,6712.90208500,0
1759269600000000,0.00721000,0.00722000,0.00714000,0.00714000,1560050.10000000,1759273199999999,11224.37294900,161,1243604.70000000,8948.41355100,0
1759273200000000,0.00714000,0.00718000,0.00712000,0.00718000,421810.50000000,1759276799999999,3013.62040700,131,335103.40000000,2394.29546600,0
