1748736000000000,0.00813000,0.00814000,0.00806000,0.00808000,2130443.70000000,1748739599999999,17234.50793400,408,848837.30000000,6866.50143300,0
1748739600000000,0.00809000,0.00814000,0.00800000,0.00802000,1606571.00000000,1748743199999999,12983.45623600,361,880873.20000000,7125.26567600,0
1748743200000000,0.00802000,0.00807000,0.00794000,0.00805000,3725611.30000000,1748746799999999,29791.15862300,440,1104613.80000000,8840.17433800,0
1748746800000000,0.00806000,0.00808000,0.00799000,0.00804000,1508188.10000000,1748750399999999,12151.10700800,313,905074.60000000,7296.12845100,0
1748750400000000,0.00804000,0.00813000,0.00802000,0.00812000,846299.50000000,1748753999999999,6837.06996800,327,323847.50000000,2618.41294600,0
1748754000000000,0.00811000,0.00821000,0.00811000,0.00817000,6511928.90000000,1748757599999999,53180.12489400,572,3738805.30000000,30541.06198000,0
1748757600000000,0.00818000,0.00824000,0.00809000,0.00809000,19840897.70000000,1748761199999999,162384.93729700,1275,8473641.00000000,69399.33337300,0
1748761200000000,0.00809000,0.00811000,0.00804000,0.00806000,3552607.00000000,1748764799999999,28674.39361000,611,1113963.90000000,8992.41915900,0
1748764800000000,0.00806000,0.00808000,0.00795000,0.00796000,7700829.10000000,1748768399999999,61594.29838000,613,1552949.10000000,12405.56670600,0
1748768400000000,0.00798000,0.00800000,0.00783000,0.00790000,4386515.60000000,1748771999999999,34722.32601000,607,1487300.50000000,11777.14781200,0
1748772000000000,0.00790000,0.00794000,0.00786000,0.00791000,2821205.90000000,1748775599999999,22282.04220500,425,1560368.50000000,12327.63620000,0
1748775600000000,0.00792000,0.00806000,0.00788000,0.00802000,6558787.00000000,1748779199999999,52301.98170800,575,5079780.70000000,40497.26226600,0
1748779200000000,0.00802000,0.00804000,0.00793000,0.00798000,3069661.30000000,1748782799999999,24531.20614300,560,1392444.00000000,11140.87860400,0
1748782800000000,0.00797000,0.00812000,0.00797000,0.00807000,3892565.60000000,1748786399999999,31410.09235700,534,1829133.60000000,14763.22671600,0
1748786400000000,0.00808000,0.00820000,0.00807000,0.00815000,2321198.60000000,1748789999999999,18905.95388300,429,1057202.40000000,8600.26431200,0
1748790000000000,0.00815000,0.00818000,0.00812000,0.00814000,1254515.90000000,1748793599999999,10227.17984700,374,381276.90000000,3110.09962600,0
1748793600000000,0.00814000,0.00823000,0.00812000,0.00819000,5231361.60000000,1748797199999999,42869.14276200,568,1791386.40000000,14674.96591200,0
1748797200000000,0.00820000,0.00824000,0.00818000,0.00818000,1801470.90000000,1748800799999999,14773.70083100,454,687983.50000000,5644.99927400,0
1748800800000000,0.00817000,0.00820000,0.00808000,0.00813000,2471188.90000000,1748804399999999,20115.75157000,606,901829.10000000,7345.89276300,0
1748804400000000,0.00813000,0.00822000,0.00813000,0.00821000,1650659.40000000,1748807999999999,13507.64798400,354,1087401.20000000,8903.82177900,0
1748808000000000,0.00821000,0.00831000,0.00818000,0.00826000,2483401.50000000,1748811599999999,20493.03715600,612,973318.80000000,8030.69527700,0
1748811600000000,0.00826000,0.00835000,0.00825000,0.00833000,1814895.20000000,1748815199999999,15084.72529200,465,1090966.60000000,9082.60871900,0
1748815200000000,0.00831000,0.00836000,0.00831000,0.00834000,1240095.00000000,1748818799999999,10330.97627500,500,631266.10000000,5258.81042600,0
1748818800000000,0.00833000,0.00838000,0.00832000,0.00834000,1262978.00000000,1748822399999999,10546.43790800,463,259325.20000000,2168.22444300,0
1748822400000000,0.00834000,0.00838000,0.00830000,0.00835000,2473617.80000000,1748825999999999,20630.77340600,678,759228.40000000,6346.77133100,0
1748826000000000,0.00835000,0.00843000,0.00835000,0.00837000,1357525.80000000,1748829599999999,11388.87449300,597,320098.20000000,2686.58951300,0
1748829600000000,0.00836000,0.00848000,0.00826000,0.00831000,7926013.10000000,1748833199999999,66210.37502000,889,3647455.20000000,30526.19491800,0
1748833200000000,0.00830000,0.00835000,0.00824000,0.00831000,2761277.30000000,1748836799999999,22881.59113600,401,1557506.60000000,12914.67155000,0
1748836800000000,0.00830000,0.00834000,0.00827000,0.00828000,1485712.20000000,1748840399999999,12341.34702800,260,355840.90000000,2960.75033000,0
1748840400000000,0.00828000,0.00835000,0.00825000,0.00831000,2132547.40000000,1748843999999999,17703.34954800,368,625987.40000000,5201.99126000,0
1748844000000000,0.00830000,0.00838000,0.00823000,0.00831000,4976699.30000000,1748847599999999,41259.84920000,471,1613529.50000000,13406.98937800,0
1748847600000000,0.00832000,0.00843000,0.00831000,0.00835000,3584874.50000000,1748851199999999,30049.27513100,320,2387421.60000000,20022.83696400,0
1748851200000000,0.00836000,0.00838000,0.00825000,0.00829000,2495993.00000000,1748854799999999,20747.55273000,273,803324.80000000,6686.33783400,0
1748854800000000,0.00828000,0.00829000,0.00813000,0.00813000,5308848.50000000,1748858399999999,43476.49908500,373,1350929.40000000,11080.77566900,0
1748858400000000,0.00813000,0.00819000,0.00810000,0.00812000,3235417.60000000,1748861999999999,26317.56731400,209,925928.30000000,7539.84295000,0
1748862000000000,0.00812000,0.00819000,0.00812000,0.00819000,853339.00000000,1748865599999999,6955.95917200,129,509154.90000000,4150.29106900,0
1748865600000000,0.00819000,0.00839000,0.00817000,0.00830000,5101793.60000000,1748869199999999,42311.88672700,359,2630035.20000000,21812.79659100,0
1748869200000000,0.00831000,0.00844000,0.00829000,0.00829000,11401745.80000000,1748872799999999,95070.19526800,759,6377998.30000000,53209.38543400,0
1748872800000000,0.00829000,0.00842000,0.00827000,0.00838000,4662420.00000000,1748876399999999,38880.68784000,492,2545882.60000000,21225.83707200,0
1748876400000000,0.00838000,0.00843000,0.00834000,0.00837000,3427831.50000000,1748879999999999,28708.79027700,331,1942051.10000000,16271.04044300,0
1748880000000000,0.00837000,0.00843000,0.00833000,0.00842000,1348847.60000000,1748883599999999,11300.46288500,238,900928.00000000,7552.00597500,0
1748883600000000,0.00843000,0.00845000,0.00837000,0.00841000,1402203.40000000,1748887199999999,11794.74362900,238,669866.10000000,5637.48007900,0
1748887200000000,0.00840000,0.00849000,0.00837000,0.00839000,2368261.40000000,1748890799999999,19947.81889000,296,1588570.00000000,13374.11133900,0
1748890800000000,0.00839000,0.00842000,0.00829000,0.00834000,4036301.40000000,1748894399999999,33700.92673800,281,1756800.50000000,14716.61143200,0
1748894400000000,0.00835000,0.00852000,0.00835000,0.00849000,2684884.00000000,1748897999999999,22761.55464400,270,1100792.10000000,9324.38824300,0
1748898000000000,0.00849000,0.00863000,0.00849000,0.00862000,3819455.20000000,1748901599999999,32704.02691900,289,2574303.10000000,22021.54848300,0
1748901600000000,0.00863000,0.00877000,0.00863000,0.00875000,4300919.40000000,1748905199999999,37422.84558000,451,1567228.40000000,13636.64803200,0
1748905200000000,0.00875000,0.00878000,0.00870000,0.00871000,1141129.50000000,1748908799999999,9969.94698000,206,600143.40000000,5244.60820200,0
1748908800000000,0.00871000,0.00878000,0.00866000,0.00878000,3234303.30000000,1748912399999999,28144.88633400,292,1974085.10000000,17163.67535500,0
1748912400000000,0.00878000,0.00894000,0.00876000,0.00889000,8759471.30000000,1748915999999999,77603.82614400,695,4768615.30000000,42239.15182000,0
1748916000000000,0.00891000,0.00892000,0.00882000,0.00883000,3190114.90000000,1748919599999999,28325.16815000,410,1316707.60000000,11680.63276600,0
1748919600000000,0.00883000,0.00884000,0.00877000,0.00882000,1565949.60000000,1748923199999999,13776.90248900,249,558524.50000000,4918.34887900,0
1748923200000000,0.00881000,0.00882000,0.00871000,0.00874000,2116152.80000000,1748926799999999,18553.96360500,232,1460019.10000000,12806.81666100,0
1748926800000000,0.00874000,0.00888000,0.00874000,0.00887000,3542886.60000000,1748930399999999,31263.41301400,366,2935627.00000000,25909.66240700,0
1748930400000000,0.00887000,0.00890000,0.00883000,0.00888000,2217873.50000000,1748933999999999,19668.95323000,229,834435.60000000,7404.71711800,0
1748934000000000,0.00888000,0.00889000,0.00881000,0.00882000,812524.80000000,1748937599999999,7197.88776200,156,334405.00000000,2965.50731600,0
1748937600000000,0.00882000,0.00885000,0.00875000,0.00884000,1439437.90000000,1748941199999999,12651.17353800,146,348126.50000000,3069.36935500,0
1748941200000000,0.00884000,0.00893000,0.00883000,0.00891000,2041109.70000000,1748944799999999,18108.06530900,154,1392224.50000000,12351.69749400,0
1748944800000000,0.00890000,0.00892000,0.00887000,0.00888000,2177957.80000000,1748948399999999,19360.50949700,131,647117.30000000,5755.72568900,0
1748948400000000,0.00888000,0.00890000,0.00884000,0.00885000,1541323.40000000,1748951999999999,13660.15860300,100,946670.60000000,8390.06946000,0
1748952000000000,0.00884000,0.00889000,0.00883000,0.00887000,636410.60000000,1748955599999999,5647.39336700,82,453469.60000000,4024.97573500,0
1748955600000000,0.00888000,0.00902000,0.00888000,0.00893000,3964574.00000000,1748959199999999,35496.03794000,317,2607302.00000000,23390.78920900,0
1748959200000000,0.00894000,0.00896000,0.00885000,0.00896000,3285032.00000000,1748962799999999,29253.07365500,231,1576963.00000000,14053.29551400,0
1748962800000000,0.00897000,0.00897000,0.00888000,0.00889000,1171586.90000000,1748966399999999,10454.32976400,132,452121.00000000,4035.09081000,0
1748966400000000,0.00888000,0.00892000,0.00885000,0.00885000,2501830.60000000,1748969999999999,22220.90361700,185,1086809.50000000,9657.27323500,0
1748970000000000,0.00885000,0.00896000,0.00885000,0.00893000,1030952.50000000,1748973599999999,9186.60510800,81,714049.30000000,6362.78038300,0
1748973600000000,0.00894000,0.00894000,0.00887000,0.00892000,1342426.70000000,1748977199999999,11958.65118700,113,910725.10000000,8116.94596700,0
1748977200000000,0.00893000,0.00897000,0.00889000,0.00893000,1170918.20000000,1748980799999999,10452.65608100,149,676847.70000000,6044.57090700,0
1748980800000000,0.00893000,0.00894000,0.00876000,0.00883000,1815261.00000000,1748984399999999,16066.23248100,123,372359.30000000,3290.65194400,0
1748984400000000,0.00883000,0.00884000,0.00870000,0.00874000,2970482.90000000,1748987999999999,26051.51545800,216,1327866.50000000,11649.50950300,0
1748988000000000,0.00876000,0.00881000,0.00876000,0.00879000,2369280.00000000,1748991599999999,20817.25374600,90,1324659.80000000,11645.59913700,0
1748991600000000,0.00878000,0.00881000,0.00874000,0.00874000,839879.10000000,1748995199999999,7361.48409600,66,425274.40000000,3728.31753600,0
1748995200000000,0.00873000,0.00878000,0.00870000,0.00877000,1607043.30000000,1748998799999999,14050.19758000,212,1017747.30000000,8899.41231100,0
1748998800000000,0.00877000,0.00890000,0.00877000,0.00882000,1817080.40000000,1749002399999999,16028.88132000,170,1267106.60000000,11161.54241200,0
1749002400000000,0.00883000,0.00890000,0.00883000,0.00884000,912740.20000000,1749005999999999,8087.43964400,203,649152.50000000,5750.54529400,0
1749006000000000,0.00884000,0.00890000,0.00883000,0.00884000,1398544.30000000,1749009599999999,12405.08896300,326,1001136.50000000,8881.91181100,0
1749009600000000,0.00884000,0.00890000,0.00884000,0.00888000,1511126.40000000,1749013199999999,13405.77460100,150,1140534.30000000,10119.45769200,0
1749013200000000,0.00890000,0.00892000,0.00886000,0.00890000,1304815.90000000,1749016799999999,11601.36627600,213,690317.00000000,6142.62771300,0
1749016800000000,0.00889000,0.00892000,0.00884000,0.00886000,1268544.20000000,1749020399999999,11256.60603800,220,832540.40000000,7390.01384600,0
1749020400000000,0.00886000,0.00888000,0.00880000,0.00885000,2197583.40000000,1749023999999999,19416.26205900,243,1134322.20000000,10022.28684100,0
1749024000000000,0.00885000,0.00900000,0.00884000,0.00896000,6370988.20000000,1749027599999999,56996.25363600,470,3682972.80000000,32944.95358000,0
1749027600000000,0.00896000,0.00896000,0.00886000,0.00892000,2615447.90000000,1749031199999999,23319.30265500,311,413964.20000000,3692.70217700,0
1749031200000000,0.00893000,0.00894000,0.00883000,0.00883000,1214873.70000000,1749034799999999,10801.69941200,200,547436.50000000,4872.09285900,0
1749034800000000,0.00883000,0.00885000,0.00875000,0.00875000,1302494.50000000,1749038399999999,11446.23635000,122,395753.50000000,3487.85034700,0
1749038400000000,0.00874000,0.00878000,0.00866000,0.00869000,5482377.20000000,1749041999999999,47714.80462300,471,1788654.20000000,15565.82116600,0
1749042000000000,0.00868000,0.00874000,0.00861000,0.00866000,5840738.10000000,1749045599999999,50686.65225500,353,1883137.80000000,16370.85652000,0
1749045600000000,0.00866000,0.00876000,0.00858000,0.00874000,4755352.00000000,1749049199999999,41329.34011700,327,3570942.80000000,31097.90774200,0
1749049200000000,0.00876000,0.00890000,0.00875000,0.00887000,3268951.50000000,1749052799999999,28882.99041600,273,1994180.70000000,17611.44115600,0
1749052800000000,0.00886000,0.00892000,0.00884000,0.00890000,3332533.60000000,1749056399999999,29602.08670600,275,1825623.70000000,16229.69494500,0
1749056400000000,0.00890000,0.00890000,0.00874000,0.00879000,3093056.40000000,1749059999999999,27206.82116200,216,614577.10000000,5401.00210900,0
1749060000000000,0.00879000,0.00883000,0.00874000,0.00875000,532577.30000000,1749063599999999,4681.39449400,96,290322.40000000,2554.16853600,0
1749063600000000,0.00875000,0.00876000,0.00866000,0.00867000,1884492.80000000,1749067199999999,16410.56251900,123,1080524.10000000,9412.30405500,0
1749067200000000,0.00866000,0.00866000,0.00847000,0.00857000,6161294.20000000,1749070799999999,52693.95813200,535,1413490.10000000,12085.46432900,0
1749070800000000,0.00855000,0.00864000,0.00846000,0.00862000,2566440.10000000,1749074399999999,21913.73086200,308,1721844.00000000,14704.03097100,0
1749074400000000,0.00861000,0.00863000,0.00854000,0.00855000,1289155.50000000,1749077999999999,11063.27590400,146,501982.20000000,4314.60498900,0
1749078000000000,0.00855000,0.00858000,0.00853000,0.00854000,1046376.40000000,1749081599999999,8954.37837700,104,395982.70000000,3389.06856700,0
1749081600000000,0.00852000,0.00856000,0.00849000,0.00856000,801409.50000000,1749085199999999,6840.00473300,123,519964.30000000,4437.36054000,0
1749085200000000,0.00856000,0.00858000,0.00850000,0.00854000,3552944.50000000,1749088799999999,30302.72107900,268,1057875.80000000,9030.47652000,0
1749088800000000,0.00854000,0.00861000,0.00854000,0.00857000,2639558.90000000,1749092399999999,22660.59713000,254,1774103.30000000,15230.70871700,0
1749092400000000,0.00856000,0.00859000,0.00852000,0.00859000,962918.60000000,1749095999999999,8252.14079800,115,589716.10000000,5055.97441300,0
1749096000000000,0.00858000,0.00862000,0.00857000,0.00861000,2015643.40000000,1749099599999999,17329.47593200,106,983103.70000000,8446.92389500,0
1749099600000000,0.00860000,0.00860000,0.00848000,0.00850000,994675.50000000,1749103199999999,8498.04020400,254,536225.30000000,4586.14658300,0
1749103200000000,0.00850000,0.00854000,0.00844000,0.00845000,2466409.90000000,1749106799999999,20967.87547400,318,1172599.90000000,9989.99322200,0
1749106800000000,0.00846000,0.00876000,0.00845000,0.00862000,13570969.00000000,1749110399999999,117512.19586300,953,5823263.00000000,50402.20411800,0
1749110400000000,0.00861000,0.00866000,0.00859000,0.00863000,1332911.10000000,1749113999999999,11499.89427300,170,673971.50000000,5816.94499100,0
1749114000000000,0.00863000,0.00870000,0.00862000,0.00868000,750240.50000000,1749117599999999,6501.27557900,89,401720.70000000,3480.61739000,0
1749117600000000,0.00868000,0.00869000,0.00857000,0.00861000,1150347.80000000,1749121199999999,9903.17734200,105,347089.40000000,2990.35625800,0
1749121200000000,0.00862000,0.00863000,0.00855000,0.00862000,1131827.80000000,1749124799999999,9718.99886800,113,448610.90000000,3857.39671500,0
1749124800000000,0.00861000,0.00876000,0.00860000,0.00873000,4151837.90000000,1749128399999999,36175.88195300,243,2231309.50000000,19436.88230300,0
1749128400000000,0.00873000,0.00877000,0.00852000,0.00853000,2642055.80000000,1749131999999999,22841.02400700,321,558500.90000000,4832.07357800,0
1749132000000000,0.00854000,0.00862000,0.00836000,0.00854000,10878972.50000000,1749135599999999,92137.81975000,608,6539080.70000000,55401.18696000,0
1749135600000000,0.00853000,0.00859000,0.00849000,0.00853000,2342573.70000000,1749139199999999,20020.46501700,159,1030453.30000000,8826.46075900,0
1749139200000000,0.00852000,0.00858000,0.00836000,0.00838000,2430655.80000000,1749142799999999,20570.07960300,290,891451.10000000,7545.16998400,0
1749142800000000,0.00839000,0.00845000,0.00837000,0.00840000,1080005.60000000,1749146399999999,9091.58766300,147,428603.30000000,3608.56010900,0
1749146400000000,0.00841000,0.00844000,0.00833000,0.00841000,1756172.30000000,1749149999999999,14737.09387000,207,949705.40000000,7976.84086200,0
1749150000000000,0.00840000,0.00842000,0.00809000,0.00823000,8730125.10000000,1749153599999999,71682.07376800,902,3634606.10000000,29821.48277600,0
1749153600000000,0.00824000,0.00826000,0.00794000,0.00794000,8859346.30000000,1749157199999999,71479.47138200,723,3170725.80000000,25599.33702200,0
1749157200000000,0.00795000,0.00810000,0.00790000,0.00809000,4918168.30000000,1749160799999999,39357.92684300,374,1985189.80000000,15905.41025200,0
1749160800000000,0.00805000,0.00807000,0.00800000,0.00800000,1655353.20000000,1749164399999999,13284.90329100,101,835118.70000000,6705.57776600,0
1749164400000000,0.00800000,0.00805000,0.00793000,0.00794000,1651467.80000000,1749167999999999,13207.88697400,187,887207.80000000,7098.57997800,0
1749168000000000,0.00794000,0.00797000,0.00785000,0.00796000,4698173.40000000,1749171599999999,37142.66039500,381,1699758.50000000,13463.21632400,0
1749171600000000,0.00795000,0.00798000,0.00792000,0.00795000,2065755.30000000,1749175199999999,16419.78903900,239,984538.70000000,7829.27951300,0
1749175200000000,0.00794000,0.00799000,0.00786000,0.00798000,2918865.70000000,1749178799999999,23219.06408700,274,991986.20000000,7877.98168900,0
1749178800000000,0.00798000,0.00802000,0.00793000,0.00801000,1274116.30000000,1749182399999999,10152.06774100,188,688793.50000000,5492.40833400,0
1749182400000000,0.00799000,0.00806000,0.00798000,0.00803000,2380628.40000000,1749185999999999,19094.01959800,333,1420383.00000000,11398.26635600,0
1749186000000000,0.00802000,0.00804000,0.00798000,0.00802000,1411182.00000000,1749189599999999,11314.31163600,124,916418.70000000,7350.03746800,0
1749189600000000,0.00800000,0.00805000,0.00799000,0.00804000,1522135.00000000,1749193199999999,12207.70718900,187,527069.00000000,4229.37086700,0
1749193200000000,0.00804000,0.00806000,0.00796000,0.00798000,6046780.70000000,1749196799999999,48498.69655100,531,3664114.90000000,29412.02821200,0
1749196800000000,0.00799000,0.00803000,0.00798000,0.00802000,835114.90000000,1749200399999999,6688.02892500,135,320983.30000000,2572.92157100,0
1749200400000000,0.00802000,0.00808000,0.00799000,0.00803000,1347469.50000000,1749203999999999,10841.65026200,154,785556.50000000,6325.69570600,0
1749204000000000,0.00803000,0.00808000,0.00802000,0.00807000,715833.40000000,1749207599999999,5767.23134600,119,459805.30000000,3704.53035600,0
1749207600000000,0.00807000,0.00814000,0.00807000,0.00811000,863275.50000000,1749211199999999,6995.50870200,97,630237.90000000,5106.72131300,0
1749211200000000,0.00811000,0.00823000,0.00810000,0.00815000,2804207.20000000,1749214799999999,22890.98682400,234,1151981.10000000,9414.11095900,0
1749214800000000,0.00816000,0.00829000,0.00815000,0.00824000,1337273.00000000,1749218399999999,11004.50365700,134,409334.60000000,3368.60009900,0
1749218400000000,0.00824000,0.00830000,0.00822000,0.00829000,955063.40000000,1749221999999999,7892.36611700,83,666694.10000000,5513.36878900,0
1749222000000000,0.00829000,0.00834000,0.00823000,0.00825000,1352405.90000000,1749225599999999,11195.37248400,150,524029.90000000,4339.35389300,0
1749225600000000,0.00826000,0.00828000,0.00816000,0.00817000,1393248.00000000,1749229199999999,11452.50073900,126,460760.60000000,3793.91758300,0
1749229200000000,0.00818000,0.00818000,0.00802000,0.00811000,3655917.60000000,1749232799999999,29514.79163200,244,900294.40000000,7288.69764800,0
1749232800000000,0.00812000,0.00812000,0.00801000,0.00802000,1729243.10000000,1749236399999999,13910.44012200,174,987276.60000000,7942.16825000,0
1749236400000000,0.00801000,0.00807000,0.00800000,0.00805000,1783351.30000000,1749239999999999,14336.54828500,148,1100286.40000000,8851.69064200,0
1749240000000000,0.00805000,0.00816000,0.00804000,0.00812000,3141768.20000000,1749243599999999,25507.90458500,162,2668523.90000000,21673.52452800,0
1749243600000000,0.00812000,0.00814000,0.00808000,0.00811000,781908.00000000,1749247199999999,6341.18110100,101,401925.00000000,3261.82747600,0
1749247200000000,0.00810000,0.00811000,0.00805000,0.00808000,3717657.10000000,1749250799999999,30014.11995200,382,2286813.70000000,18471.35817100,0
1749250800000000,0.00808000,0.00809000,0.00805000,0.00805000,1071618.00000000,1749254399999999,8646.33626400,125,818666.80000000,6605.38514000,0
1749254400000000,0.00806000,0.00821000,0.00803000,0.00820000,3137295.10000000,1749257999999999,25461.75547400,359,2699820.10000000,21933.38403200,0
1749258000000000,0.00819000,0.00822000,0.00814000,0.00818000,995652.40000000,1749261599999999,8149.00661300,150,508638.90000000,4165.44039700,0
1749261600000000,0.00817000,0.00823000,0.00815000,0.00823000,1512694.10000000,1749265199999999,12386.15169200,245,1033528.30000000,8470.49521200,0
1749265200000000,0.00822000,0.00826000,0.00821000,0.00824000,1186709.60000000,1749268799999999,9761.11561200,273,517231.50000000,4258.54003200,0
1749268800000000,0.00823000,0.00825000,0.00820000,0.00825000,1098121.20000000,1749272399999999,9036.82515900,131,745300.30000000,6134.73178700,0
1749272400000000,0.00825000,0.00827000,0.00823000,0.00827000,499567.40000000,1749275999999999,4123.47816600,137,357777.10000000,2953.70816600,0
1749276000000000,0.00826000,0.00847000,0.00824000,0.00836000,4589516.30000000,1749279599999999,38306.44677500,290,3719958.00000000,31076.98079500,0
1749279600000000,0.00835000,0.00837000,0.00831000,0.00835000,1510245.70000000,1749283199999999,12594.17602000,229,684308.20000000,5707.98017500,0
1749283200000000,0.00836000,0.00836000,0.00832000,0.00832000,1246733.10000000,1749286799999999,10401.48500600,166,362539.80000000,3024.02953300,0
1749286800000000,0.00832000,0.00833000,0.00827000,0.00829000,924089.40000000,1749290399999999,7667.28536600,131,352693.30000000,2927.55939000,0
1749290400000000,0.00829000,0.00834000,0.00827000,0.00834000,2849950.80000000,1749293999999999,23645.22215100,269,678548.30000000,5635.75946600,0
1749294000000000,0.00833000,0.00835000,0.00829000,0.00831000,1875672.20000000,1749297599999999,15590.46938100,226,364587.40000000,3034.89765200,0
1749297600000000,0.00831000,0.00839000,0.00831000,0.00833000,3015682.40000000,1749301199999999,25183.18204600,352,1327160.60000000,11088.70697100,0
1749301200000000,0.00833000,0.00839000,0.00832000,0.00838000,768628.90000000,1749304799999999,6427.14064500,104,311143.60000000,2601.29497300,0
1749304800000000,0.00838000,0.00838000,0.00832000,0.00832000,1191313.30000000,1749308399999999,9962.88929400,287,542275.30000000,4534.39600300,0
1749308400000000,0.00833000,0.00833000,0.00827000,0.00831000,1521120.10000000,1749311999999999,12619.69693700,236,633207.90000000,5254.40039900,0
1749312000000000,0.00831000,0.00833000,0.00826000,0.00827000,1051668.70000000,1749315599999999,8743.60726600,150,648522.70000000,5395.99107700,0
1749315600000000,0.00829000,0.00831000,0.00823000,0.00825000,767944.60000000,1749319199999999,6348.31062300,158,284028.40000000,2348.80085200,0
1749319200000000,0.00825000,0.00833000,0.00825000,0.00829000,1649744.20000000,1749322799999999,13682.23769200,240,744818.80000000,6177.79803100,0
1749322800000000,0.00830000,0.00834000,0.00828000,0.00830000,833967.30000000,1749326399999999,6929.47035900,102,452345.70000000,3761.02097200,0
1749326400000000,0.00830000,0.00833000,0.00828000,0.00831000,1387823.40000000,1749329999999999,11529.40822300,194,1017503.90000000,8455.54197100,0
1749330000000000,0.00831000,0.00836000,0.00829000,0.00833000,1224802.20000000,1749333599999999,10188.31286200,226,299222.30000000,2491.04305400,0
1749333600000000,0.00833000,0.00837000,0.00828000,0.00834000,1750395.80000000,1749337199999999,14599.22808300,233,1300334.70000000,10848.77446200,0
1749337200000000,0.00833000,0.00834000,0.00830000,0.00830000,589676.30000000,1749340799999999,4905.85965300,92,371050.80000000,3087.61433300,0
1749340800000000,0.00831000,0.00831000,0.00825000,0.00826000,827854.30000000,1749344399999999,6844.67914200,145,458396.30000000,3788.87808500,0
1749344400000000,0.00827000,0.00830000,0.00825000,0.00830000,586264.90000000,1749347999999999,4852.58588800,105,368095.60000000,3048.43878200,0
1749348000000000,0.00831000,0.00831000,0.00824000,0.00825000,1061457.00000000,1749351599999999,8777.06104400,94,261864.90000000,2167.55902700,0
1749351600000000,0.00825000,0.00827000,0.00823000,0.00823000,287831.20000000,1749355199999999,2375.67714500,51,153496.10000000,1267.38974900,0
1749355200000000,0.00823000,0.00829000,0.00823000,0.00828000,645457.30000000,1749358799999999,5329.17328000,86,487450.40000000,4026.37238300,0
1749358800000000,0.00828000,0.00828000,0.00818000,0.00820000,1020401.10000000,1749362399999999,8393.91260800,153,305235.10000000,2512.40937800,0
1749362400000000,0.00820000,0.00825000,0.00820000,0.00821000,814482.90000000,1749365999999999,6704.70868100,93,616063.50000000,5072.20086600,0
1749366000000000,0.00821000,0.00822000,0.00816000,0.00816000,971173.30000000,1749369599999999,7946.12666100,133,156521.90000000,1282.68204300,0
1749369600000000,0.00818000,0.00821000,0.00817000,0.00819000,560332.20000000,1749373199999999,4591.87359100,83,283645.50000000,2326.55697600,0
1749373200000000,0.00819000,0.00820000,0.00813000,0.00816000,2784633.60000000,1749376799999999,22721.32403600,230,1489379.70000000,12151.93435000,0
1749376800000000,0.00816000,0.00821000,0.00813000,0.00821000,1887121.20000000,1749380399999999,15383.35039400,210,518303.00000000,4233.61555300,0
1749380400000000,0.00821000,0.00828000,0.00821000,0.00827000,1876225.60000000,1749383999999999,15459.27331700,167,1561063.60000000,12864.05664300,0
1749384000000000,0.00826000,0.00829000,0.00822000,0.00822000,1013647.00000000,1749387599999999,8349.33571400,112,330989.70000000,2728.82853800,0
1749387600000000,0.00823000,0.00833000,0.00821000,0.00825000,1447761.80000000,1749391199999999,11969.46809800,250,911686.10000000,7536.11035000,0
1749391200000000,0.00823000,0.00829000,0.00823000,0.00827000,699161.00000000,1749394799999999,5773.89671200,110,323703.90000000,2675.47715300,0
1749394800000000,0.00827000,0.00830000,0.00822000,0.00823000,3709249.80000000,1749398399999999,30584.47204400,160,269717.10000000,2227.00290100,0
1749398400000000,0.00825000,0.00832000,0.00825000,0.00831000,2338026.40000000,1749401999999999,19363.50951400,181,1101905.30000000,9128.97998700,0
1749402000000000,0.00832000,0.00838000,0.00829000,0.00829000,5317173.20000000,1749405599999999,44380.96583100,424,3087835.90000000,25805.09083400,0
1749405600000000,0.00830000,0.00831000,0.00825000,0.00827000,3310215.90000000,1749409199999999,27374.79658500,299,809878.30000000,6708.60697700,0
1749409200000000,0.00828000,0.00831000,0.00827000,0.00829000,712860.50000000,1749412799999999,5906.25909100,105,500453.60000000,4146.50176400,0
1749412800000000,0.00830000,0.00833000,0.00825000,0.00826000,1247583.90000000,1749416399999999,10348.29695900,266,546377.20000000,4535.78978800,0
1749416400000000,0.00827000,0.00832000,0.00827000,0.00831000,361972.00000000,1749419999999999,3003.47192200,130,144747.00000000,1201.46865700,0
1749420000000000,0.00830000,0.00830000,0.00821000,0.00821000,822686.40000000,1749423599999999,6774.89300700,136,336545.30000000,2772.90171900,0
1749423600000000,0.00821000,0.00822000,0.00818000,0.00822000,1289092.90000000,1749427199999999,10576.20529700,167,615722.80000000,5049.93333700,0
1749427200000000,0.00822000,0.00828000,0.00820000,0.00826000,1301670.80000000,1749430799999999,10725.57719700,216,581619.20000000,4793.78530700,0
1749430800000000,0.00827000,0.00828000,0.00821000,0.00821000,948084.40000000,1749434399999999,7821.86003700,112,619194.90000000,5112.58498200,0
1749434400000000,0.00822000,0.00825000,0.00818000,0.00819000,1233837.60000000,1749437999999999,10149.67787200,188,502755.30000000,4139.74450000,0
1749438000000000,0.00819000,0.00821000,0.00814000,0.00819000,788879.90000000,1749441599999999,6445.56193200,304,270968.60000000,2216.01925600,0
1749441600000000,0.00819000,0.00824000,0.00811000,0.00811000,5859459.70000000,1749445199999999,47983.02393600,630,3366293.10000000,27614.48068000,0
1749445200000000,0.00811000,0.00812000,0.00803000,0.00804000,2537985.70000000,1749448799999999,20486.31091100,660,649631.40000000,5243.32924000,0
1749448800000000,0.00804000,0.00811000,0.00801000,0.00810000,2008525.30000000,1749452399999999,16190.55710000,526,1117185.70000000,9010.78055600,0
1749452400000000,0.00810000,0.00811000,0.00804000,0.00809000,903565.90000000,1749455999999999,7297.35928500,373,182291.70000000,1472.91240100,0
1749456000000000,0.00809000,0.00816000,0.00806000,0.00815000,1218007.20000000,1749459599999999,9874.89456400,400,533198.50000000,4322.91921700,0
1749459600000000,0.00815000,0.00823000,0.00812000,0.00820000,2317679.00000000,1749463199999999,18961.92446400,420,973766.00000000,7971.09343700,0
1749463200000000,0.00821000,0.00827000,0.00818000,0.00826000,2414882.50000000,1749466799999999,19902.01875500,475,1180739.90000000,9734.50947900,0
1749466800000000,0.00826000,0.00832000,0.00824000,0.00830000,2177373.30000000,1749470399999999,18053.62605600,311,1516046.70000000,12580.27058700,0
1749470400000000,0.00830000,0.00840000,0.00828000,0.00838000,1874661.30000000,1749473999999999,15624.81854400,276,1075900.50000000,8970.85050900,0
1749474000000000,0.00840000,0.00840000,0.00826000,0.00827000,1340074.70000000,1749477599999999,11170.33923700,432,214778.60000000,1796.17074900,0
1749477600000000,0.00828000,0.00838000,0.00826000,0.00835000,1094131.90000000,1749481199999999,9114.83460400,284,400305.10000000,3339.06647100,0
1749481200000000,0.00834000,0.00839000,0.00833000,0.00835000,1375214.40000000,1749484799999999,11503.73388800,340,517020.00000000,4328.10410100,0
1749484800000000,0.00835000,0.00851000,0.00835000,0.00847000,6613326.30000000,1749488399999999,55857.19124700,870,4367268.00000000,36894.22015900,0
1749488400000000,0.00848000,0.00859000,0.00848000,0.00852000,2506366.80000000,1749491999999999,21438.77970200,456,1078328.80000000,9227.80127300,0
1749492000000000,0.00853000,0.00857000,0.00851000,0.00857000,1448005.50000000,1749495599999999,12373.37071700,305,711535.90000000,6081.60175100,0
1749495600000000,0.00857000,0.00859000,0.00851000,0.00855000,1416283.00000000,1749499199999999,12119.64235600,299,611423.00000000,5237.92118800,0
1749499200000000,0.00856000,0.00860000,0.00853000,0.00859000,1162388.50000000,1749502799999999,9955.50695800,253,561986.10000000,4817.62921700,0
1749502800000000,0.00859000,0.00881000,0.00859000,0.00881000,3144440.20000000,1749506399999999,27406.21868300,573,1872130.80000000,16297.78094200,0
1749506400000000,0.00880000,0.00891000,0.00880000,0.00890000,2475116.30000000,1749509999999999,21932.05549100,452,1349031.80000000,11959.75982900,0
1749510000000000,0.00891000,0.00903000,0.00890000,0.00901000,3201827.10000000,1749513599999999,28676.21813300,569,1758289.90000000,15766.53994000,0
1749513600000000,0.00900000,0.00914000,0.00900000,0.00910000,6738622.50000000,1749517199999999,61121.16060800,1283,2727673.30000000,24752.01017800,0
1749517200000000,0.00910000,0.00913000,0.00902000,0.00904000,11215050.20000000,1749520799999999,101686.72214800,1784,4386436.70000000,39794.70927200,0
1749520800000000,0.00905000,0.00906000,0.00895000,0.00897000,7783706.00000000,1749524399999999,69976.21088400,1287,3023102.90000000,27166.26677900,0
1749524400000000,0.00896000,0.00899000,0.00890000,0.00892000,4729639.20000000,1749527999999999,42359.88598400,982,1628239.30000000,14592.79014500,0
1749528000000000,0.00893000,0.00898000,0.00891000,0.00897000,2231597.40000000,1749531599999999,19954.87167000,432,919004.70000000,8216.31415300,0
1749531600000000,0.00898000,0.00905000,0.00891000,0.00895000,5263022.50000000,1749535199999999,47272.64828700,575,3707770.10000000,33311.69407500,0
1749535200000000,0.00895000,0.00900000,0.00885000,0.00895000,10628626.80000000,1749538799999999,94814.80689700,732,5382842.40000000,48163.11862100,0
1749538800000000,0.00896000,0.00900000,0.00891000,0.00894000,4379771.30000000,1749542399999999,39177.78690900,620,2546635.60000000,22791.15586600,0
1749542400000000,0.00895000,0.00900000,0.00890000,0.00891000,3189777.60000000,1749545999999999,28510.36182500,435,1275669.90000000,11413.11789700,0
1749546000000000,0.00892000,0.00903000,0.00892000,0.00903000,1990434.60000000,1749549599999999,17854.49338900,378,1240320.50000000,11124.43854400,0
1749549600000000,0.00903000,0.00905000,0.00898000,0.00904000,1730847.90000000,1749553199999999,15618.57268500,254,1030015.70000000,9297.49487800,0
1749553200000000,0.00904000,0.00928000,0.00901000,0.00926000,7588036.30000000,1749556799999999,69740.04405400,1070,5519939.50000000,50746.84045600,0
1749556800000000,0.00928000,0.00936000,0.00923000,0.00935000,28150823.00000000,1749560399999999,261984.00920000,2605,14403169.50000000,134320.36953300,0
1749560400000000,0.00935000,0.00937000,0.00912000,0.00918000,4808291.20000000,1749563999999999,44299.81459200,433,1884880.50000000,17353.68896200,0
1749564000000000,0.00919000,0.00924000,0.00909000,0.00915000,3051323.70000000,1749567599999999,27919.68977300,298,2140981.20000000,19602.34426600,0
1749567600000000,0.00913000,0.00923000,0.00905000,0.00918000,3382473.30000000,1749571199999999,30897.61478700,442,1201488.60000000,10994.26117300,0
1749571200000000,0.00920000,0.00923000,0.00914000,0.00916000,1327231.40000000,1749574799999999,12195.68843500,174,1009922.50000000,9286.87212600,0
1749574800000000,0.00917000,0.00921000,0.00914000,0.00916000,2324553.10000000,1749578399999999,21350.20777700,185,726495.50000000,6674.10868100,0
1749578400000000,0.00916000,0.00932000,0.00915000,0.00931000,2886366.70000000,1749581999999999,26609.48839500,305,2307900.50000000,21282.26151200,0
1749582000000000,0.00932000,0.00935000,0.00923000,0.00926000,1878665.00000000,1749585599999999,17437.84780800,178,454935.10000000,4239.26154400,0
1749585600000000,0.00924000,0.00928000,0.00919000,0.00928000,838429.40000000,1749589199999999,7747.97600500,126,578468.20000000,5348.63384600,0
1749589200000000,0.00931000,0.00933000,0.00920000,0.00932000,1780085.80000000,1749592799999999,16485.30561000,112,790895.20000000,7353.04044700,0
1749592800000000,0.00930000,0.00939000,0.00930000,0.00939000,3084373.40000000,1749596399999999,28842.49589100,203,1345529.40000000,12581.74400400,0
1749596400000000,0.00939000,0.00941000,0.00935000,0.00939000,1171280.10000000,1749599999999999,10990.67205200,115,636510.30000000,5975.71551000,0
1749600000000000,0.00941000,0.00941000,0.00927000,0.00927000,2077301.00000000,1749603599999999,19415.30916800,237,910783.20000000,8516.60191800,0
1749603600000000,0.00929000,0.00929000,0.00921000,0.00923000,1568756.40000000,1749607199999999,14514.27184100,124,838742.40000000,7759.26516500,0
1749607200000000,0.00923000,0.00928000,0.00919000,0.00924000,1553696.70000000,1749610799999999,14331.10130600,87,239373.80000000,2209.30416000,0
1749610800000000,0.00924000,0.00937000,0.00924000,0.00934000,2443585.70000000,1749614399999999,22815.52816700,214,1646657.50000000,15372.85536800,0
1749614400000000,0.00934000,0.00936000,0.00924000,0.00926000,1795529.00000000,1749617999999999,16658.34434800,218,563021.70000000,5226.96989500,0
1749618000000000,0.00926000,0.00928000,0.00924000,0.00926000,1194377.40000000,1749621599999999,11057.21381300,53,330061.80000000,3055.13259200,0
1749621600000000,0.00927000,0.00932000,0.00923000,0.00929000,1196189.50000000,1749625199999999,11105.27884400,96,879199.00000000,8168.82460300,0
1749625200000000,0.00927000,0.00929000,0.00924000,0.00925000,456948.20000000,1749628799999999,4233.29992800,48,300238.70000000,2780.44121700,0
1749628800000000,0.00925000,0.00929000,0.00920000,0.00921000,2015596.20000000,1749632399999999,18643.18872300,127,845808.60000000,7839.75688200,0
1749632400000000,0.00921000,0.00921000,0.00908000,0.00908000,2224938.10000000,1749635999999999,20382.36137600,167,968686.40000000,8880.95405200,0
1749636000000000,0.00910000,0.00912000,0.00905000,0.00910000,1602113.80000000,1749639599999999,14549.68744000,207,687696.10000000,6253.30964100,0
1749639600000000,0.00910000,0.00912000,0.00899000,0.00906000,3223047.30000000,1749643199999999,29110.16862200,231,682861.50000000,6181.55649900,0
1749643200000000,0.00905000,0.00925000,0.00899000,0.00917000,9592749.10000000,1749646799999999,87565.26854900,808,6250310.90000000,57090.98701400,0
1749646800000000,0.00917000,0.00928000,0.00916000,0.00928000,3064706.60000000,1749650399999999,28245.36374100,343,898210.10000000,8295.03749500,0
1749650400000000,0.00929000,0.00950000,0.00925000,0.00943000,8535420.70000000,1749653999999999,80327.45555100,604,5975013.30000000,56275.27382000,0
1749654000000000,0.00942000,0.00947000,0.00936000,0.00944000,3552612.50000000,1749657599999999,33463.02041400,351,1795759.40000000,16901.44296200,0
1749657600000000,0.00944000,0.00944000,0.00936000,0.00937000,3275095.50000000,1749661199999999,30757.15336300,354,557134.40000000,5232.94244300,0
1749661200000000,0.00936000,0.00938000,0.00925000,0.00925000,3873343.00000000,1749664799999999,36078.46080900,506,840061.80000000,7832.20828000,0
1749664800000000,0.00924000,0.00925000,0.00911000,0.00912000,4064470.80000000,1749668399999999,37249.07731100,436,854965.30000000,7836.26268300,0
1749668400000000,0.00911000,0.00911000,0.00902000,0.00903000,2386677.20000000,1749671999999999,21658.20606900,427,862612.30000000,7833.05705800,0
1749672000000000,0.00905000,0.00912000,0.00900000,0.00905000,1398215.10000000,1749675599999999,12672.58759000,176,666708.40000000,6034.67777100,0
1749675600000000,0.00906000,0.00915000,0.00890000,0.00893000,2469888.30000000,1749679199999999,22192.22404400,311,525996.60000000,4767.49366400,0
1749679200000000,0.00893000,0.00893000,0.00878000,0.00880000,8594944.90000000,1749682799999999,75954.33294900,976,2455578.50000000,21696.37226500,0
1749682800000000,0.00882000,0.00894000,0.00882000,0.00891000,2456548.20000000,1749686399999999,21845.53279300,193,2183620.10000000,19424.08359600,0
1749686400000000,0.00891000,0.00891000,0.00882000,0.00890000,1427492.00000000,1749689999999999,12683.89449100,227,639032.30000000,5676.77937700,0
1749690000000000,0.00890000,0.00892000,0.00882000,0.00890000,1114772.10000000,1749693599999999,9905.82682100,209,523787.70000000,4653.90347700,0
1749693600000000,0.00889000,0.00890000,0.00882000,0.00886000,803094.30000000,1749697199999999,7116.68831600,138,489904.80000000,4339.41928500,0
1749697200000000,0.00886000,0.00886000,0.00870000,0.00875000,4723005.30000000,1749700799999999,41368.04650000,317,1922289.00000000,16802.87847000,0
1749700800000000,0.00874000,0.00875000,0.00868000,0.00874000,727718.10000000,1749704399999999,6342.90868800,168,223153.40000000,1947.22875900,0
1749704400000000,0.00874000,0.00879000,0.00868000,0.00875000,1484504.60000000,1749707999999999,12968.38230100,293,930371.80000000,8134.69180500,0
1749708000000000,0.00873000,0.00879000,0.00870000,0.00874000,2098439.60000000,1749711599999999,18332.64598200,250,1126186.80000000,9835.86546100,0
1749711600000000,0.00873000,0.00877000,0.00864000,0.00865000,2050655.40000000,1749715199999999,17820.77206100,234,517010.60000000,4515.64423700,0
1749715200000000,0.00866000,0.00866000,0.00859000,0.00864000,1519557.20000000,1749718799999999,13110.38940500,255,623886.10000000,5385.53503400,0
1749718800000000,0.00864000,0.00868000,0.00863000,0.00863000,465370.10000000,1749722399999999,4022.86954900,102,187587.20000000,1622.51115900,0
1749722400000000,0.00862000,0.00862000,0.00853000,0.00856000,3859830.20000000,1749725999999999,33048.66282500,266,872983.20000000,7471.52399300,0
1749726000000000,0.00856000,0.00856000,0.00843000,0.00849000,2546112.40000000,1749729599999999,21629.87181600,228,685288.60000000,5816.38439800,0
1749729600000000,0.00846000,0.00855000,0.00839000,0.00848000,5738472.40000000,1749733199999999,48460.90929000,303,2204776.60000000,18702.94577700,0
1749733200000000,0.00847000,0.00857000,0.00847000,0.00853000,2310835.00000000,1749736799999999,19696.96515200,192,1424832.90000000,12157.83321400,0
1749736800000000,0.00854000,0.00865000,0.00853000,0.00860000,1314778.40000000,1749740399999999,11303.00764100,180,850917.10000000,7320.07341000,0
1749740400000000,0.00859000,0.00861000,0.00837000,0.00842000,3546676.70000000,1749743999999999,30159.69448600,282,875887.00000000,7442.81877300,0
1749744000000000,0.00841000,0.00852000,0.00838000,0.00850000,2307461.60000000,1749747599999999,19461.71064000,168,887322.20000000,7507.64288900,0
1749747600000000,0.00850000,0.00860000,0.00849000,0.00856000,1217121.20000000,1749751199999999,10402.65118500,129,750238.50000000,6418.59230000,0
1749751200000000,0.00855000,0.00855000,0.00840000,0.00844000,2983340.00000000,1749754799999999,25235.70870600,226,728845.10000000,6180.83731300,0
1749754800000000,0.00843000,0.00847000,0.00828000,0.00831000,6543643.10000000,1749758399999999,54746.77973000,429,2544140.20000000,21233.83655200,0
1749758400000000,0.00831000,0.00834000,0.00813000,0.00817000,5026178.50000000,1749761999999999,41499.38124200,409,1747844.90000000,14410.57509300,0
1749762000000000,0.00816000,0.00829000,0.00815000,0.00819000,3220553.50000000,1749765599999999,26411.29060400,154,1295374.30000000,10665.84054900,0
1749765600000000,0.00817000,0.00821000,0.00814000,0.00816000,1416411.00000000,1749769199999999,11584.17560700,186,501034.70000000,4098.66824600,0
1749769200000000,0.00816000,0.00821000,0.00813000,0.00813000,1645795.30000000,1749772799999999,13434.33672000,215,618438.30000000,5055.42994100,0
1749772800000000,0.00813000,0.00813000,0.00760000,0.00772000,25717746.80000000,1749776399999999,201132.39778400,1328,9211201.70000000,72104.82117400,0
1749776400000000,0.00772000,0.00772000,0.00753000,0.00761000,6261322.60000000,1749779999999999,47751.64069500,475,3701113.70000000,28227.86937200,0
1749780000000000,0.00762000,0.00763000,0.00750000,0.00760000,5693280.30000000,1749783599999999,43132.17310900,387,2004896.10000000,15186.94498100,0
1749783600000000,0.00760000,0.00774000,0.00759000,0.00770000,4463356.30000000,1749787199999999,34133.80861800,237,2086061.10000000,15997.07367700,0
1749787200000000,0.00770000,0.00770000,0.00761000,0.00765000,3488436.50000000,1749790799999999,26672.29654000,254,1169369.70000000,8961.82866000,0
1749790800000000,0.00765000,0.00765000,0.00758000,0.00758000,3631982.60000000,1749794399999999,27676.77062100,235,780985.70000000,5948.03816800,0
1749794400000000,0.00758000,0.00759000,0.00747000,0.00755000,12949017.20000000,1749797999999999,97633.55866800,583,5334302.80000000,40208.20134300,0
1749798000000000,0.00755000,0.00755000,0.00747000,0.00748000,3127254.40000000,1749801599999999,23461.79055800,470,1633776.90000000,12264.81947900,0
1749801600000000,0.00745000,0.00762000,0.00741000,0.00747000,10535696.70000000,1749805199999999,79205.24933600,633,6237896.30000000,46988.10706500,0
1749805200000000,0.00747000,0.00747000,0.00742000,0.00745000,2750823.80000000,1749808799999999,20483.46696800,381,2157493.70000000,16068.76513200,0
1749808800000000,0.00745000,0.00745000,0.00734000,0.00742000,4985261.40000000,1749812399999999,36798.06540500,509,3108671.10000000,22971.29313100,0
1749812400000000,0.00744000,0.00757000,0.00741000,0.00755000,3833442.20000000,1749815999999999,28662.45624900,311,1766658.50000000,13252.28395800,0
1749816000000000,0.00755000,0.00762000,0.00753000,0.00753000,7299754.00000000,1749819599999999,55289.62930300,483,5576786.20000000,42251.84104000,0
1749819600000000,0.00753000,0.00759000,0.00749000,0.00751000,4084163.00000000,1749823199999999,30698.46025300,179,808521.10000000,6095.65136600,0
1749823200000000,0.00753000,0.00766000,0.00752000,0.00766000,9962731.20000000,1749826799999999,75345.35723100,524,6743982.30000000,50970.18940400,0
1749826800000000,0.00765000,0.00776000,0.00763000,0.00773000,5414665.20000000,1749830399999999,41695.09536400,245,4572550.50000000,35210.72443800,0
1749830400000000,0.00772000,0.00780000,0.00759000,0.00769000,5040880.60000000,1749833999999999,38837.65914300,412,931315.90000000,7179.63220200,0
1749834000000000,0.00769000,0.00773000,0.00758000,0.00772000,3553542.10000000,1749837599999999,27254.87456500,368,1896216.30000000,14563.17278100,0
1749837600000000,0.00771000,0.00772000,0.00758000,0.00766000,4298274.40000000,1749841199999999,32877.15651800,645,2102316.40000000,16086.32573600,0
1749841200000000,0.00766000,0.00770000,0.00761000,0.00766000,3047591.60000000,1749844799999999,23343.97971400,817,933790.90000000,7156.21182300,0
1749844800000000,0.00766000,0.00778000,0.00764000,0.00775000,3720557.30000000,1749848399999999,28694.24473200,942,1637560.20000000,12637.18074100,0
1749848400000000,0.00776000,0.00778000,0.00772000,0.00772000,3726825.10000000,1749851999999999,28877.41788600,595,2002294.60000000,15522.67819000,0
1749852000000000,0.00773000,0.00778000,0.00771000,0.00775000,4345607.20000000,1749855599999999,33687.59253600,1036,2200355.30000000,17074.12159900,0
1749855600000000,0.00775000,0.00778000,0.00772000,0.00776000,2566128.10000000,1749859199999999,19904.12057900,554,1245654.40000000,9661.16116700,0
1749859200000000,0.00777000,0.00778000,0.00766000,0.00766000,4541741.10000000,1749862799999999,35089.31963000,946,1499245.60000000,11597.80123700,0
1749862800000000,0.00767000,0.00768000,0.00761000,0.00764000,3575434.50000000,1749866399999999,27327.24414400,677,1264760.70000000,9667.45450700,0
1749866400000000,0.00763000,0.00768000,0.00762000,0.00764000,2336022.80000000,1749869999999999,17855.10372000,565,748310.80000000,5720.76467600,0
1749870000000000,0.00764000,0.00769000,0.00762000,0.00766000,1173169.00000000,1749873599999999,8979.87042500,239,577961.40000000,4427.01130100,0
1749873600000000,0.00766000,0.00769000,0.00765000,0.00767000,1091401.00000000,1749877199999999,8368.97295300,274,597278.70000000,4581.88817600,0
1749877200000000,0.00766000,0.00770000,0.00765000,0.00767000,993802.50000000,1749880799999999,7620.15879300,405,421201.60000000,3230.44274300,0
1749880800000000,0.00767000,0.00768000,0.00762000,0.00763000,1912512.70000000,1749884399999999,14619.18931300,466,701899.10000000,5362.31623100,0
1749884400000000,0.00763000,0.00763000,0.00756000,0.00761000,1742473.90000000,1749887999999999,13222.79492000,320,575564.90000000,4367.20976900,0
1749888000000000,0.00759000,0.00759000,0.00754000,0.00758000,1890852.50000000,1749891599999999,14311.51435800,391,1126174.80000000,8526.60520600,0
1749891600000000,0.00758000,0.00759000,0.00748000,0.00753000,4912575.60000000,1749895199999999,37008.06172400,588,1220809.30000000,9218.93325000,0
1749895200000000,0.00751000,0.00756000,0.00751000,0.00754000,1393030.40000000,1749898799999999,10493.90590700,272,843888.70000000,6362.65360500,0
1749898800000000,0.00754000,0.00758000,0.00750000,0.00752000,5068863.80000000,1749902399999999,38178.46754500,553,1262493.00000000,9533.25517000,0
1749902400000000,0.00752000,0.00757000,0.00750000,0.00757000,7871161.40000000,1749905999999999,59381.37279500,938,5119427.60000000,38640.68904500,0
1749906000000000,0.00757000,0.00760000,0.00750000,0.00754000,1655098.90000000,1749909599999999,12498.59628000,455,677744.90000000,5116.98737300,0
1749909600000000,0.00755000,0.00758000,0.00752000,0.00755000,3870549.10000000,1749913199999999,29232.38788900,681,3185335.90000000,24064.63217200,0
1749913200000000,0.00755000,0.00757000,0.00746000,0.00750000,4174726.40000000,1749916799999999,31354.16418000,819,2808757.20000000,21105.83893700,0
1749916800000000,0.00750000,0.00752000,0.00738000,0.00739000,6068194.40000000,1749920399999999,45152.99412000,717,2207930.50000000,16466.78474000,0
1749920400000000,0.00740000,0.00748000,0.00738000,0.00747000,2005317.40000000,1749923999999999,14938.01823200,351,1577154.40000000,11748.35242200,0
1749924000000000,0.00746000,0.00751000,0.00740000,0.00744000,3037112.50000000,1749927599999999,22637.69908600,356,1923546.20000000,14343.10778500,0
1749927600000000,0.00745000,0.00751000,0.00743000,0.00747000,2075539.80000000,1749931199999999,15493.09631400,453,1355302.30000000,10119.85427000,0
1749931200000000,0.00748000,0.00752000,0.00742000,0.00750000,2667520.90000000,1749934799999999,19891.26410400,755,1768651.40000000,13183.74982000,0
1749934800000000,0.00749000,0.00761000,0.00748000,0.00761000,874186.60000000,1749938399999999,6602.11070600,151,565393.90000000,4276.19850300,0
1749938400000000,0.00760000,0.00762000,0.00757000,0.00760000,455137.20000000,1749941999999999,3459.50188500,94,203694.00000000,1549.95007800,0
1749942000000000,0.00760000,0.00762000,0.00757000,0.00759000,3276758.50000000,1749945599999999,24885.17387300,561,1651587.90000000,12540.99648400,0
1749945600000000,0.00759000,0.00765000,0.00758000,0.00764000,1991253.20000000,1749949199999999,15144.09822600,454,879024.70000000,6687.52476300,0
1749949200000000,0.00764000,0.00765000,0.00756000,0.00758000,1424402.70000000,1749952799999999,10829.00120500,382,577803.90000000,4392.63733800,0
1749952800000000,0.00759000,0.00763000,0.00759000,0.00760000,1319849.10000000,1749956399999999,10046.03123900,380,553347.00000000,4212.08309600,0
1749956400000000,0.00760000,0.00763000,0.00759000,0.00762000,1425119.60000000,1749959999999999,10843.43543400,337,586368.70000000,4460.22914100,0
1749960000000000,0.00761000,0.00765000,0.00760000,0.00762000,1125942.20000000,1749963599999999,8587.14832100,248,581768.50000000,4438.23914200,0
1749963600000000,0.00763000,0.00770000,0.00757000,0.00770000,1632745.60000000,1749967199999999,12447.90661100,454,1013241.40000000,7728.77357600,0
1749967200000000,0.00770000,0.00772000,0.00761000,0.00762000,1414875.10000000,1749970799999999,10844.77569600,337,688950.30000000,5280.61684000,0
1749970800000000,0.00762000,0.00764000,0.00758000,0.00761000,3016107.40000000,1749974399999999,22988.53641300,270,1594900.50000000,12155.91392000,0
1749974400000000,0.00763000,0.00763000,0.00759000,0.00763000,1080960.70000000,1749977999999999,8225.97950500,131,552983.70000000,4209.98315900,0
1749978000000000,0.00762000,0.00762000,0.00755000,0.00756000,2851725.70000000,1749981599999999,21615.58644500,389,1012915.20000000,7681.81512900,0
1749981600000000,0.00757000,0.00767000,0.00757000,0.00767000,3817793.80000000,1749985199999999,29176.67336800,231,3023999.80000000,23124.17310900,0
1749985200000000,0.00766000,0.00768000,0.00762000,0.00766000,1882080.70000000,1749988799999999,14399.86000000,376,547450.70000000,4185.88130100,0
1749988800000000,0.00766000,0.00768000,0.00762000,0.00768000,831242.60000000,1749992399999999,6357.38489300,157,269636.50000000,2062.55039900,0
1749992400000000,0.00768000,0.00770000,0.00760000,0.00765000,2947432.50000000,1749995999999999,22553.26772500,371,1154977.30000000,8844.61489100,0
1749996000000000,0.00765000,0.00771000,0.00758000,0.00769000,4295441.70000000,1749999599999999,32797.61946600,356,2947305.60000000,22516.99368000,0
1749999600000000,0.00770000,0.00772000,0.00764000,0.00765000,1525451.50000000,1750003199999999,11705.12645200,163,612498.70000000,4701.53390500,0
1750003200000000,0.00765000,0.00767000,0.00758000,0.00760000,2168331.30000000,1750006799999999,16516.67498700,246,759087.10000000,5789.82636100,0
1750006800000000,0.00760000,0.00761000,0.00754000,0.00760000,2077391.20000000,1750010399999999,15723.01414900,251,790202.60000000,5993.66584300,0
1750010400000000,0.00761000,0.00761000,0.00755000,0.00760000,1739326.10000000,1750013999999999,13195.38177600,213,1353256.50000000,10270.51380900,0
1750014000000000,0.00760000,0.00763000,0.00745000,0.00747000,9365799.80000000,1750017599999999,70612.46106400,1557,1438424.90000000,10855.24656400,0
1750017600000000,0.00747000,0.00747000,0.00741000,0.00746000,4201194.00000000,1750021199999999,31270.86292700,411,2239611.30000000,16675.11132300,0
1750021200000000,0.00746000,0.00748000,0.00741000,0.00748000,5558528.60000000,1750024799999999,41439.60542000,485,3725939.80000000,27794.27693400,0
1750024800000000,0.00747000,0.00761000,0.00746000,0.00758000,3692765.40000000,1750028399999999,27852.16238400,429,1987257.60000000,14978.59808900,0
1750028400000000,0.00759000,0.00762000,0.00756000,0.00759000,1626503.40000000,1750031999999999,12352.42103900,235,1159432.40000000,8805.35175700,0
1750032000000000,0.00760000,0.00760000,0.00754000,0.00758000,1821925.90000000,1750035599999999,13783.78800600,335,1347279.40000000,10196.15953000,0
1750035600000000,0.00758000,0.00766000,0.00750000,0.00766000,2535173.80000000,1750039199999999,19205.33381900,185,1546770.50000000,11721.33221400,0
1750039200000000,0.00767000,0.00774000,0.00767000,0.00768000,2070361.40000000,1750042799999999,15958.83411300,190,1276197.00000000,9837.80045000,0
1750042800000000,0.00768000,0.00771000,0.00767000,0.00767000,415069.10000000,1750046399999999,3191.49086300,94,281952.10000000,2168.15039300,0
1750046400000000,0.00767000,0.00776000,0.00767000,0.00774000,1137335.40000000,1750049999999999,8787.78845100,124,570042.20000000,4408.25660300,0
1750050000000000,0.00775000,0.00785000,0.00773000,0.00784000,1960940.40000000,1750053599999999,15305.77384100,234,1204677.30000000,9405.78184100,0
1750053600000000,0.00784000,0.00792000,0.00784000,0.00791000,1979148.00000000,1750057199999999,15630.37173200,190,972594.20000000,7677.55807200,0
1750057200000000,0.00789000,0.00798000,0.00789000,0.00796000,902697.10000000,1750060799999999,7173.11600700,148,410347.10000000,3260.53279100,0
1750060800000000,0.00797000,0.00805000,0.00795000,0.00804000,2854973.20000000,1750064399999999,22851.52585800,178,1823593.80000000,14607.40511200,0
1750064400000000,0.00805000,0.00814000,0.00804000,0.00812000,3834984.80000000,1750067999999999,31036.60339200,280,2778242.80000000,22491.79109000,0
1750068000000000,0.00811000,0.00813000,0.00801000,0.00801000,1606632.30000000,1750071599999999,12958.71502500,200,692736.20000000,5594.39322200,0
1750071600000000,0.00801000,0.00804000,0.00795000,0.00800000,1874191.10000000,1750075199999999,14994.57420800,132,450752.90000000,3603.96763000,0
1750075200000000,0.00802000,0.00802000,0.00792000,0.00797000,2970335.90000000,1750078799999999,23692.13955600,237,967277.60000000,7721.02040500,0
1750078800000000,0.00797000,0.00803000,0.00794000,0.00801000,1846259.70000000,1750082399999999,14748.11669500,183,1085759.40000000,8679.10661800,0
1750082400000000,0.00804000,0.00810000,0.00801000,0.00807000,2921811.30000000,1750085999999999,23550.99609100,326,1883034.00000000,15178.04944100,0
1750086000000000,0.00807000,0.00813000,0.00806000,0.00807000,2217861.30000000,1750089599999999,17949.45771400,200,1646647.90000000,13331.89553200,0
1750089600000000,0.00807000,0.00813000,0.00801000,0.00806000,3861412.70000000,1750093199999999,31130.80461200,262,889707.00000000,7196.67254700,0
1750093200000000,0.00807000,0.00807000,0.00803000,0.00803000,732793.80000000,1750096799999999,5900.84097400,144,289566.50000000,2332.69880800,0
1750096800000000,0.00804000,0.00810000,0.00803000,0.00810000,1194253.10000000,1750100399999999,9630.14169900,136,822705.90000000,6635.34383100,0
1750100400000000,0.00808000,0.00810000,0.00805000,0.00809000,1347813.90000000,1750103999999999,10889.52034100,181,974106.80000000,7869.12038900,0
1750104000000000,0.00809000,0.00813000,0.00805000,0.00812000,2377519.50000000,1750107599999999,19242.30420600,210,1302987.10000000,10547.42617400,0
1750107600000000,0.00812000,0.00820000,0.00808000,0.00811000,6495715.30000000,1750111199999999,52836.21180100,268,2702333.70000000,22035.12673000,0
1750111200000000,0.00813000,0.00815000,0.00787000,0.00797000,6784862.20000000,1750114799999999,54100.07514700,631,4002701.60000000,31865.23698700,0
1750114800000000,0.00796000,0.00800000,0.00780000,0.00782000,2998678.40000000,1750118399999999,23655.65565100,211,715313.60000000,5676.47829000,0
1750118400000000,0.00782000,0.00786000,0.00762000,0.00786000,10703605.20000000,1750121999999999,82702.27316200,773,3574575.30000000,27696.50903900,0
1750122000000000,0.00785000,0.00790000,0.00782000,0.00782000,1636836.10000000,1750125599999999,12855.06204200,142,1142520.60000000,8977.56444000,0
1750125600000000,0.00781000,0.00793000,0.00780000,0.00792000,1170472.30000000,1750129199999999,9175.75411500,173,603170.40000000,4735.57989000,0
1750129200000000,0.00792000,0.00793000,0.00787000,0.00788000,1699381.90000000,1750132799999999,13410.13693200,221,1044771.90000000,8245.83124100,0
1750132800000000,0.00789000,0.00790000,0.00782000,0.00783000,3340906.10000000,1750136399999999,26214.77961300,357,2630092.90000000,20637.73109800,0
1750136400000000,0.00782000,0.00784000,0.00777000,0.00778000,4521918.70000000,1750139999999999,35278.57064200,645,3039155.60000000,23717.57313800,0
1750140000000000,0.00778000,0.00780000,0.00771000,0.00772000,3901810.30000000,1750143599999999,30258.79669100,384,2625483.00000000,20369.51890500,0
1750143600000000,0.00772000,0.00776000,0.00769000,0.00770000,6270984.80000000,1750147199999999,48449.75771000,521,4502336.10000000,34792.59534400,0
1750147200000000,0.00769000,0.00771000,0.00760000,0.00761000,3613766.40000000,1750150799999999,27668.38515000,285,2394893.40000000,18336.76735100,0
1750150800000000,0.00762000,0.00762000,0.00754000,0.00756000,4800714.00000000,1750154399999999,36433.59137400,471,3095891.10000000,23501.17413500,0
1750154400000000,0.00755000,0.00756000,0.00744000,0.00750000,7342102.70000000,1750157999999999,54999.94926000,624,2971454.40000000,22315.61139400,0
1750158000000000,0.00750000,0.00750000,0.00741000,0.00742000,7681642.60000000,1750161599999999,57109.08096300,852,4396184.30000000,32673.04331500,0
1750161600000000,0.00743000,0.00743000,0.00729000,0.00730000,15684915.10000000,1750165199999999,115484.45314800,1333,7647908.60000000,56307.77601900,0
1750165200000000,0.00729000,0.00733000,0.00720000,0.00721000,18047177.20000000,1750168799999999,131210.58416400,1434,12037975.60000000,87643.60962600,0
1750168800000000,0.00721000,0.00726000,0.00716000,0.00716000,18460076.80000000,1750172399999999,133274.23171500,1202,11190778.10000000,80806.07464500,0
1750172400000000,0.00716000,0.00718000,0.00704000,0.00706000,16485219.70000000,1750175999999999,116873.43803100,1288,10521603.50000000,74585.19600300,0
1750176000000000,0.00706000,0.00708000,0.00693000,0.00693000,30682706.20000000,1750179599999999,215521.97149300,1484,15813770.30000000,111186.28127800,0
1750179600000000,0.00692000,0.00702000,0.00691000,0.00696000,16390036.00000000,1750183199999999,114052.35332900,1238,10899083.40000000,75843.83802500,0
1750183200000000,0.00696000,0.00707000,0.00692000,0.00705000,10356245.70000000,1750186799999999,72236.90133400,1103,6362833.70000000,44403.42915400,0
1750186800000000,0.00706000,0.00720000,0.00705000,0.00713000,13409666.70000000,1750190399999999,95862.69097800,1286,8552705.50000000,61143.14775500,0
1750190400000000,0.00713000,0.00717000,0.00706000,0.00706000,5184019.80000000,1750193999999999,36928.74277500,584,1493136.00000000,10634.26576600,0
1750194000000000,0.00707000,0.00711000,0.00701000,0.00705000,8728453.30000000,1750197599999999,61653.05050900,615,4496165.30000000,31753.32045200,0
1750197600000000,0.00703000,0.00704000,0.00698000,0.00701000,7542766.80000000,1750201199999999,52942.09154100,672,2094444.50000000,14705.21297700,0
1750201200000000,0.00700000,0.00709000,0.00700000,0.00704000,1934348.90000000,1750204799999999,13645.94784900,303,1363695.70000000,9624.76726100,0
1750204800000000,0.00704000,0.00709000,0.00700000,0.00707000,4037026.90000000,1750208399999999,28491.99197100,745,2236168.80000000,15794.05641200,0
1750208400000000,0.00708000,0.00714000,0.00705000,0.00706000,3613707.90000000,1750211999999999,25609.43983300,493,1730943.70000000,12278.88206900,0
1750212000000000,0.00706000,0.00710000,0.00702000,0.00705000,2137793.90000000,1750215599999999,15103.07694700,281,1602781.90000000,11326.20148100,0
1750215600000000,0.00704000,0.00713000,0.00704000,0.00711000,2627445.30000000,1750219199999999,18584.03281600,232,1182339.60000000,8371.11390400,0
1750219200000000,0.00711000,0.00718000,0.00710000,0.00718000,2592335.10000000,1750222799999999,18505.97841000,348,1796999.40000000,12834.31739800,0
1750222800000000,0.00719000,0.00722000,0.00716000,0.00717000,1500557.40000000,1750226399999999,10792.63029000,196,1023178.30000000,7361.42543500,0
1750226400000000,0.00716000,0.00719000,0.00711000,0.00713000,1505907.70000000,1750229999999999,10757.09232000,238,469236.00000000,3355.21305600,0
1750230000000000,0.00713000,0.00715000,0.00711000,0.00713000,2265705.80000000,1750233599999999,16153.37072600,244,817519.90000000,5829.36016700,0
1750233600000000,0.00713000,0.00717000,0.00707000,0.00708000,2549522.40000000,1750237199999999,18106.98273500,287,1344004.80000000,9551.12989000,0
1750237200000000,0.00709000,0.00711000,0.00698000,0.00699000,6232275.60000000,1750240799999999,43927.52128200,405,696129.30000000,4904.14204000,0
1750240800000000,0.00699000,0.00699000,0.00690000,0.00691000,4226582.60000000,1750244399999999,29308.61115000,300,1726391.60000000,11968.68794800,0
1750244400000000,0.00690000,0.00694000,0.00686000,0.00693000,5823257.40000000,1750247999999999,40137.46569300,489,2167361.10000000,14951.73754800,0
1750248000000000,0.00693000,0.00698000,0.00688000,0.00688000,5426937.90000000,1750251599999999,37605.56728600,431,4300390.20000000,29810.09261600,0
1750251600000000,0.00688000,0.00694000,0.00677000,0.00694000,6408419.80000000,1750255199999999,43819.86360400,615,2993958.00000000,20536.49666900,0
1750255200000000,0.00693000,0.00707000,0.00692000,0.00699000,6030894.00000000,1750258799999999,42364.01314400,712,3370369.10000000,23680.20216200,0
1750258800000000,0.00699000,0.00706000,0.00694000,0.00702000,1428449.90000000,1750262399999999,9972.83940500,165,668652.00000000,4676.66707100,0
1750262400000000,0.00701000,0.00703000,0.00696000,0.00700000,1159929.40000000,1750265999999999,8120.76251900,179,456062.00000000,3192.26789900,0
1750266000000000,0.00699000,0.00708000,0.00693000,0.00705000,2391184.20000000,1750269599999999,16737.31337100,221,1876630.80000000,13133.14059500,0
1750269600000000,0.00706000,0.00712000,0.00696000,0.00696000,3180086.80000000,1750273199999999,22443.80144700,310,1492818.50000000,10557.76395700,0
1750273200000000,0.00695000,0.00707000,0.00694000,0.00699000,2332352.90000000,1750276799999999,16363.35058100,210,972409.40000000,6820.20147400,0
1750276800000000,0.00700000,0.00724000,0.00696000,0.00721000,10632491.20000000,1750280399999999,76267.89132200,408,5144268.70000000,36781.70434000,0
1750280400000000,0.00722000,0.00726000,0.00718000,0.00723000,3860046.20000000,1750283999999999,27882.35590400,325,1589684.40000000,11493.68392200,0
1750284000000000,0.00724000,0.00726000,0.00720000,0.00724000,2722234.30000000,1750287599999999,19695.13668000,150,1230304.70000000,8915.67125400,0
1750287600000000,0.00724000,0.00728000,0.00721000,0.00726000,5053294.70000000,1750291199999999,36584.80601100,361,1424437.00000000,10337.45424600,0
1750291200000000,0.00726000,0.00737000,0.00724000,0.00733000,4324224.40000000,1750294799999999,31646.15507100,652,2774629.20000000,20299.95722200,0
1750294800000000,0.00733000,0.00733000,0.00724000,0.00725000,4651605.00000000,1750298399999999,33857.25033600,608,1106945.10000000,8065.42903800,0
1750298400000000,0.00724000,0.00729000,0.00720000,0.00724000,6329909.60000000,1750301999999999,45874.58591700,504,3921931.40000000,28440.22540800,0
1750302000000000,0.00724000,0.00735000,0.00724000,0.00734000,5514661.00000000,1750305599999999,40313.94202900,417,3991959.00000000,29199.08295000,0
1750305600000000,0.00734000,0.00734000,0.00729000,0.00732000,1833510.30000000,1750309199999999,13437.89914900,209,318463.70000000,2330.49042500,0
1750309200000000,0.00733000,0.00737000,0.00729000,0.00729000,2599899.70000000,1750312799999999,19088.75311500,227,1243323.70000000,9139.27182600,0
1750312800000000,0.00730000,0.00732000,0.00723000,0.00725000,7812040.30000000,1750316399999999,56721.29032300,355,3418436.70000000,24858.20532700,0
1750316400000000,0.00725000,0.00728000,0.00722000,0.00723000,1868380.60000000,1750319999999999,13556.56598800,153,525008.40000000,3814.62058800,0
1750320000000000,0.00724000,0.00729000,0.00722000,0.00725000,1978329.80000000,1750323599999999,14360.96958900,228,915195.60000000,6649.72041700,0
1750323600000000,0.00722000,0.00730000,0.00721000,0.00728000,1394127.70000000,1750327199999999,10139.60805300,194,693053.50000000,5044.21944000,0
1750327200000000,0.00728000,0.00728000,0.00720000,0.00723000,3658243.40000000,1750330799999999,26492.84308900,244,1784132.00000000,12946.41091800,0
1750330800000000,0.00724000,0.00724000,0.00715000,0.00715000,3965639.50000000,1750334399999999,28419.48423000,260,518854.90000000,3723.78802000,0
1750334400000000,0.00716000,0.00719000,0.00711000,0.00715000,3019644.80000000,1750337999999999,21564.90213600,249,558563.30000000,4000.05651700,0
1750338000000000,0.00715000,0.00715000,0.00705000,0.00706000,1459973.90000000,1750341599999999,10352.08224800,218,289790.90000000,2057.30849300,0
1750341600000000,0.00705000,0.00713000,0.00705000,0.00706000,6480501.60000000,1750345199999999,46002.98051700,303,4462940.00000000,31667.22236800,0
1750345200000000,0.00706000,0.00709000,0.00704000,0.00705000,1228753.10000000,1750348799999999,8697.35348000,134,1070321.30000000,7576.97585100,0
1750348800000000,0.00705000,0.00707000,0.00699000,0.00699000,6359888.80000000,1750352399999999,44727.93268300,303,2514630.40000000,17728.18722200,0
1750352400000000,0.00699000,0.00713000,0.00697000,0.00709000,3209473.70000000,1750355999999999,22616.44077600,303,1439663.50000000,10140.31268200,0
1750356000000000,0.00708000,0.00717000,0.00707000,0.00713000,6251898.60000000,1750359599999999,44662.68573300,285,3789800.60000000,27083.99756200,0
1750359600000000,0.00713000,0.00715000,0.00709000,0.00711000,620264.60000000,1750363199999999,4418.26886400,118,195625.90000000,1394.15699900,0
1750363200000000,0.00712000,0.00716000,0.00710000,0.00713000,1399092.50000000,1750366799999999,9987.24566600,111,1159099.60000000,8274.79919600,0
1750366800000000,0.00713000,0.00718000,0.00713000,0.00717000,1193791.20000000,1750370399999999,8554.97718100,114,441009.80000000,3159.46714700,0
1750370400000000,0.00717000,0.00723000,0.00715000,0.00720000,1166725.70000000,1750373999999999,8405.68794300,112,447199.50000000,3222.51289600,0
1750374000000000,0.00719000,0.00721000,0.00716000,0.00721000,337687.50000000,1750377599999999,2427.24435400,46,111523.40000000,801.22003500,0
1750377600000000,0.00721000,0.00724000,0.00717000,0.00723000,2294934.10000000,1750381199999999,16522.41339000,113,821945.90000000,5925.37553300,0
1750381200000000,0.00723000,0.00723000,0.00718000,0.00723000,554962.10000000,1750384799999999,4000.53350000,70,421425.50000000,3036.66030200,0
1750384800000000,0.00724000,0.00725000,0.00719000,0.00722000,1511507.60000000,1750388399999999,10918.30842700,149,697033.20000000,5036.96334600,0
1750388400000000,0.00722000,0.00724000,0.00718000,0.00723000,969900.70000000,1750391999999999,6996.99502100,111,287652.60000000,2076.58606900,0
1750392000000000,0.00722000,0.00723000,0.00714000,0.00714000,1002649.50000000,1750395599999999,7204.11729900,132,476442.00000000,3423.24267900,0
1750395600000000,0.00714000,0.00720000,0.00710000,0.00720000,2636096.50000000,1750399199999999,18836.94634400,400,2305331.20000000,16474.77812300,0
1750399200000000,0.00720000,0.00721000,0.00718000,0.00720000,879437.30000000,1750402799999999,6330.34294000,87,468884.00000000,3375.80476000,0
1750402800000000,0.00721000,0.00739000,0.00720000,0.00739000,4253888.90000000,1750406399999999,31169.63855500,191,3577708.60000000,26232.77971800,0
1750406400000000,0.00739000,0.00744000,0.00735000,0.00736000,5652627.10000000,1750409999999999,41893.69051500,335,3792593.60000000,28120.32030300,0
1750410000000000,0.00737000,0.00738000,0.00735000,0.00737000,902760.60000000,1750413599999999,6649.20838200,71,574290.10000000,4231.62414400,0
1750413600000000,0.00737000,0.00741000,0.00735000,0.00739000,3006355.20000000,1750417199999999,22188.60005000,170,2187132.00000000,16135.63186900,0
1750417200000000,0.00739000,0.00740000,0.00736000,0.00740000,1504922.40000000,1750420799999999,11103.46709100,133,574435.90000000,4240.74289100,0
1750420800000000,0.00740000,0.00744000,0.00740000,0.00742000,1578283.80000000,1750424399999999,11702.98462600,115,794752.10000000,5897.53295700,0
1750424400000000,0.00742000,0.00745000,0.00733000,0.00736000,12160235.80000000,1750427999999999,89743.16225700,532,5228754.60000000,38679.30686800,0
1750428000000000,0.00736000,0.00738000,0.00714000,0.00714000,5804784.30000000,1750431599999999,41966.49253400,340,1143778.20000000,8250.76818100,0
1750431600000000,0.00713000,0.00717000,0.00707000,0.00710000,7541671.30000000,1750435199999999,53659.53036700,378,2402780.40000000,17125.90763400,0
1750435200000000,0.00709000,0.00711000,0.00696000,0.00696000,5320132.40000000,1750438799999999,37340.65761300,372,1829215.10000000,12881.97182100,0
1750438800000000,0.00697000,0.00697000,0.00679000,0.00696000,7181242.70000000,1750442399999999,49275.01752500,557,3967279.70000000,27256.45485600,0
1750442400000000,0.00695000,0.00708000,0.00695000,0.00705000,6295496.70000000,1750445999999999,44354.09556100,355,4782771.40000000,33716.95012200,0
1750446000000000,0.00705000,0.00707000,0.00701000,0.00707000,2044276.40000000,1750449599999999,14400.57524400,147,1522954.50000000,10733.79660100,0
1750449600000000,0.00707000,0.00718000,0.00706000,0.00713000,1966548.20000000,1750453199999999,14037.92615300,218,1332263.50000000,9512.67424300,0
1750453200000000,0.00713000,0.00715000,0.00708000,0.00708000,692729.50000000,1750456799999999,4929.71827500,78,120494.00000000,859.00268500,0
1750456800000000,0.00708000,0.00708000,0.00699000,0.00702000,2905239.30000000,1750460399999999,20403.16934800,219,1484249.00000000,10415.74914900,0
1750460400000000,0.00701000,0.00706000,0.00699000,0.00704000,1246553.50000000,1750463999999999,8769.77423500,130,587815.00000000,4140.45308700,0
1750464000000000,0.00704000,0.00708000,0.00702000,0.00704000,1341259.70000000,1750467599999999,9453.92376800,159,466636.00000000,3290.44018000,0
1750467600000000,0.00706000,0.00713000,0.00704000,0.00712000,823845.20000000,1750471199999999,5831.63612100,77,567643.70000000,4018.31185900,0
1750471200000000,0.00712000,0.00718000,0.00712000,0.00714000,690881.00000000,1750474799999999,4941.90017100,96,477307.70000000,3414.07578400,0
1750474800000000,0.00714000,0.00720000,0.00714000,0.00717000,267941.40000000,1750478399999999,1923.00455800,56,200256.90000000,1436.32276300,0
1750478400000000,0.00717000,0.00718000,0.00715000,0.00716000,361830.00000000,1750481999999999,2593.13133300,59,75910.90000000,544.01251400,0
1750482000000000,0.00717000,0.00718000,0.00713000,0.00718000,4311139.50000000,1750485599999999,30812.15926700,148,892259.90000000,6392.77295400,0
1750485600000000,0.00717000,0.00719000,0.00714000,0.00717000,396134.60000000,1750489199999999,2838.76375200,52,195304.60000000,1399.11782600,0
1750489200000000,0.00716000,0.00717000,0.00713000,0.00715000,219396.00000000,1750492799999999,1568.00747500,50,95737.40000000,684.13493100,0
1750492800000000,0.00716000,0.00719000,0.00713000,0.00719000,380823.20000000,1750496399999999,2724.13688200,73,283736.80000000,2029.90758700,0
1750496400000000,0.00719000,0.00719000,0.00715000,0.00717000,670046.80000000,1750499999999999,4803.40495500,53,474035.60000000,3399.58438100,0
1750500000000000,0.00717000,0.00717000,0.00714000,0.00714000,908382.30000000,1750503599999999,6498.44619700,98,313058.70000000,2240.37424400,0
1750503600000000,0.00714000,0.00717000,0.00714000,0.00715000,1603787.30000000,1750507199999999,11478.26629400,223,357329.60000000,2559.42913100,0
1750507200000000,0.00714000,0.00717000,0.00707000,0.00708000,1688684.20000000,1750510799999999,12009.50766200,315,233968.00000000,1665.24889100,0
1750510800000000,0.00709000,0.00710000,0.00698000,0.00699000,2650006.70000000,1750514399999999,18616.65367900,251,1601701.70000000,11235.84156800,0
1750514400000000,0.00699000,0.00703000,0.00695000,0.00698000,1727870.70000000,1750517999999999,12057.15125400,281,676215.10000000,4720.82198000,0
1750518000000000,0.00699000,0.00701000,0.00691000,0.00695000,2539765.70000000,1750521599999999,17647.95170400,265,863300.50000000,6001.24021700,0
1750521600000000,0.00696000,0.00698000,0.00691000,0.00693000,2403891.50000000,1750525199999999,16703.64895000,165,1041523.20000000,7236.70507800,0
1750525200000000,0.00691000,0.00694000,0.00679000,0.00685000,4958442.50000000,1750528799999999,33970.92269200,224,3309912.20000000,22645.29772200,0
1750528800000000,0.00685000,0.00689000,0.00680000,0.00682000,3086066.30000000,1750532399999999,21127.05567800,148,1953568.50000000,13376.15442800,0
1750532400000000,0.00681000,0.00683000,0.00673000,0.00674000,3450754.70000000,1750535999999999,23391.40983300,367,780793.50000000,5301.51335000,0
1750536000000000,0.00674000,0.00683000,0.00673000,0.00682000,2413967.90000000,1750539599999999,16374.38812400,199,1863563.10000000,12642.12156000,0
1750539600000000,0.00680000,0.00680000,0.00653000,0.00661000,14352696.20000000,1750543199999999,95244.99571300,487,5276522.80000000,34938.93288100,0
1750543200000000,0.00660000,0.00665000,0.00658000,0.00661000,1938811.30000000,1750546799999999,12820.62142400,106,874810.80000000,5790.77020800,0
1750546800000000,0.00662000,0.00670000,0.00652000,0.00668000,4886712.50000000,1750550399999999,32156.94797900,278,2004064.50000000,13227.72945300,0
1750550400000000,0.00669000,0.00677000,0.00663000,0.00674000,2500114.80000000,1750553999999999,16803.90106400,207,1426912.40000000,9612.60114100,0
1750554000000000,0.00673000,0.00675000,0.00664000,0.00664000,1337682.40000000,1750557599999999,8937.01436500,194,342331.70000000,2289.49764400,0
1750557600000000,0.00665000,0.00668000,0.00655000,0.00660000,3804150.10000000,1750561199999999,25207.65277700,259,1821137.20000000,12085.06331100,0
1750561200000000,0.00660000,0.00662000,0.00654000,0.00656000,2054797.30000000,1750564799999999,13491.61664500,179,993670.80000000,6523.39206900,0
1750564800000000,0.00658000,0.00666000,0.00652000,0.00664000,5186803.30000000,1750568399999999,34226.13797200,373,2733723.80000000,18080.99134200,0
1750568400000000,0.00663000,0.00667000,0.00658000,0.00663000,1053598.10000000,1750571999999999,6982.53412800,122,549423.80000000,3644.19063500,0
1750572000000000,0.00662000,0.00670000,0.00661000,0.00668000,1993959.70000000,1750575599999999,13291.30550800,202,1166778.10000000,7782.60829300,0
1750575600000000,0.00668000,0.00669000,0.00659000,0.00661000,785197.50000000,1750579199999999,5208.93242100,99,226852.60000000,1508.82841800,0
1750579200000000,0.00661000,0.00664000,0.00658000,0.00660000,1062561.70000000,1750582799999999,7018.16406400,110,582382.50000000,3850.07952900,0
1750582800000000,0.00660000,0.00662000,0.00649000,0.00650000,4385591.50000000,1750586399999999,28678.40061800,310,1274013.50000000,8334.01946600,0
1750586400000000,0.00651000,0.00661000,0.00650000,0.00658000,6855970.90000000,1750589999999999,45065.35912700,294,4536826.20000000,29841.52379200,0
1750590000000000,0.00657000,0.00664000,0.00655000,0.00658000,2280327.70000000,1750593599999999,15047.88971500,202,1070345.00000000,7078.43946800,0
1750593600000000,0.00658000,0.00662000,0.00648000,0.00657000,3435354.80000000,1750597199999999,22484.63932800,189,1852209.20000000,12152.83595900,0
1750597200000000,0.00658000,0.00660000,0.00627000,0.00632000,13522487.70000000,1750600799999999,85914.23150400,706,5795933.10000000,36719.38748400,0
1750600800000000,0.00633000,0.00640000,0.00620000,0.00640000,7507006.70000000,1750604399999999,47521.51279500,583,4167624.00000000,26460.22052700,0
1750604400000000,0.00640000,0.00641000,0.00629000,0.00629000,5719143.50000000,1750607999999999,36397.80230700,534,1957155.20000000,12447.39921100,0
1750608000000000,0.00629000,0.00632000,0.00622000,0.00627000,5525028.30000000,1750611599999999,34602.25074800,260,754647.00000000,4734.90321700,0
1750611600000000,0.00627000,0.00635000,0.00623000,0.00631000,4471812.90000000,1750615199999999,28111.93679600,439,2142375.20000000,13503.01957300,0
1750615200000000,0.00632000,0.00633000,0.00625000,0.00626000,1197820.50000000,1750618799999999,7535.52492600,258,752698.90000000,4741.30650200,0
1750618800000000,0.00627000,0.00634000,0.00623000,0.00626000,10585649.60000000,1750622399999999,66591.59925900,534,6673191.50000000,41974.44018900,0
1750622400000000,0.00625000,0.00633000,0.00608000,0.00630000,9522512.90000000,1750625999999999,59193.10469500,1088,4154886.30000000,25817.23535600,0
1750626000000000,0.00630000,0.00632000,0.00620000,0.00620000,3538918.00000000,1750629599999999,22125.77793900,594,1576188.70000000,9866.76500400,0
1750629600000000,0.00620000,0.00639000,0.00620000,0.00638000,8056583.90000000,1750633199999999,50628.11012400,1202,3947952.90000000,24788.04096000,0
1750633200000000,0.00639000,0.00646000,0.00638000,0.00643000,7061194.90000000,1750636799999999,45354.84690700,606,4627224.60000000,29722.19176000,0
1750636800000000,0.00643000,0.00653000,0.00643000,0.00649000,3641312.50000000,1750640399999999,23563.21795800,477,1361036.80000000,8809.80245800,0
1750640400000000,0.00648000,0.00651000,0.00644000,0.00651000,467932.40000000,1750643999999999,3028.60411600,110,80664.20000000,522.66873600,0
1750644000000000,0.00651000,0.00653000,0.00649000,0.00652000,2098551.80000000,1750647599999999,13664.92749100,283,1462839.00000000,9526.77833700,0
1750647600000000,0.00652000,0.00656000,0.00651000,0.00655000,2026922.70000000,1750651199999999,13243.72347500,364,1242325.60000000,8113.55873500,0
1750651200000000,0.00655000,0.00659000,0.00654000,0.00657000,821581.40000000,1750654799999999,5392.07845300,193,282135.60000000,1852.20640700,0
1750654800000000,0.00658000,0.00665000,0.00658000,0.00664000,2212422.30000000,1750658399999999,14621.28170200,517,1075528.70000000,7106.08341300,0
1750658400000000,0.00663000,0.00666000,0.00662000,0.00664000,3347560.80000000,1750661999999999,22210.06135000,203,1232870.50000000,8186.18570500,0
1750662000000000,0.00664000,0.00668000,0.00662000,0.00663000,1156864.70000000,1750665599999999,7689.69867400,162,661082.70000000,4395.54878300,0
1750665600000000,0.00663000,0.00665000,0.00658000,0.00662000,1467980.30000000,1750669199999999,9717.23183600,172,486910.40000000,3227.49916200,0
1750669200000000,0.00662000,0.00663000,0.00657000,0.00662000,3668050.00000000,1750672799999999,24201.81579600,294,873799.60000000,5768.61593300,0
1750672800000000,0.00661000,0.00662000,0.00656000,0.00658000,3108574.90000000,1750676399999999,20458.26281500,351,1095512.10000000,7216.85993200,0
1750676400000000,0.00660000,0.00663000,0.00656000,0.00662000,1584199.60000000,1750679999999999,10433.75775800,267,1289317.80000000,8492.34320000,0
1750680000000000,0.00662000,0.00668000,0.00658000,0.00668000,2042513.30000000,1750683599999999,13530.99381400,144,1164760.10000000,7719.79124100,0
1750683600000000,0.00669000,0.00679000,0.00655000,0.00678000,7853112.70000000,1750687199999999,52580.15126300,727,5600602.40000000,37575.51820700,0
1750687200000000,0.00678000,0.00681000,0.00670000,0.00670000,5938194.70000000,1750690799999999,40156.67944000,501,2568775.20000000,17366.72878900,0
1750690800000000,0.00670000,0.00673000,0.00663000,0.00664000,3456373.60000000,1750694399999999,23080.00946600,585,2126759.60000000,14198.72446100,0
1750694400000000,0.00664000,0.00664000,0.00643000,0.00650000,6267619.10000000,1750697999999999,41172.68969700,449,1963127.90000000,12827.38668500,0
1750698000000000,0.00650000,0.00678000,0.00650000,0.00677000,7671449.60000000,1750701599999999,51214.90700500,355,4878904.80000000,32574.86338600,0
1750701600000000,0.00677000,0.00686000,0.00677000,0.00683000,3697804.60000000,1750705199999999,25241.28540500,454,2002985.20000000,13671.57629500,0
1750705200000000,0.00683000,0.00689000,0.00681000,0.00687000,3289733.50000000,1750708799999999,22546.89554800,396,2114054.80000000,14503.21989500,0
1750708800000000,0.00688000,0.00703000,0.00688000,0.00700000,8194805.00000000,1750712399999999,57288.05564500,526,5953392.50000000,41658.51235700,0
1750712400000000,0.00700000,0.00704000,0.00697000,0.00700000,2450422.50000000,1750715999999999,17175.46461100,213,1300065.00000000,9122.85859800,0
1750716000000000,0.00698000,0.00731000,0.00698000,0.00724000,18642377.40000000,1750719599999999,134279.01106200,1158,9644275.60000000,69505.41598100,0
1750719600000000,0.00726000,0.00727000,0.00723000,0.00724000,2525590.40000000,1750723199999999,18319.47931300,136,1416897.20000000,10286.60414900,0
1750723200000000,0.00725000,0.00734000,0.00723000,0.00734000,4052964.90000000,1750726799999999,29582.33122700,310,2433620.20000000,17792.95853300,0
1750726800000000,0.00734000,0.00741000,0.00732000,0.00738000,4004786.30000000,1750730399999999,29537.58348200,298,2047227.10000000,15119.16688000,0
1750730400000000,0.00739000,0.00741000,0.00736000,0.00738000,3212820.90000000,1750733999999999,23754.53884800,186,1375650.90000000,10174.63171000,0
1750734000000000,0.00738000,0.00741000,0.00736000,0.00737000,2519193.30000000,1750737599999999,18597.03412400,187,518681.20000000,3834.60474500,0
1750737600000000,0.00737000,0.00738000,0.00733000,0.00738000,1318262.90000000,1750741199999999,9696.74295100,118,776731.60000000,5720.10658600,0
1750741200000000,0.00738000,0.00754000,0.00737000,0.00754000,2210117.30000000,1750744799999999,16487.21031100,201,1589404.30000000,11856.48946400,0
1750744800000000,0.00753000,0.00760000,0.00752000,0.00758000,5849836.60000000,1750748399999999,44206.83151700,234,4480459.70000000,33863.64951900,0
1750748400000000,0.00757000,0.00757000,0.00746000,0.00746000,5603397.50000000,1750751999999999,42041.79194500,238,1153998.10000000,8664.26037100,0
1750752000000000,0.00747000,0.00747000,0.00737000,0.00741000,4036044.20000000,1750755599999999,29969.19944200,294,2009998.50000000,14939.10914700,0
1750755600000000,0.00741000,0.00751000,0.00740000,0.00742000,2133187.30000000,1750759199999999,15878.20368100,173,1384779.80000000,10320.39281700,0
1750759200000000,0.00743000,0.00744000,0.00738000,0.00740000,1178580.30000000,1750762799999999,8724.51516500,98,626266.80000000,4637.62131100,0
1750762800000000,0.00741000,0.00743000,0.00737000,0.00739000,2416869.40000000,1750766399999999,17892.61768500,176,1635572.90000000,12114.21577700,0
1750766400000000,0.00738000,0.00742000,0.00737000,0.00739000,1391683.20000000,1750769999999999,10299.65657900,215,694313.50000000,5136.10504400,0
1750770000000000,0.00740000,0.00741000,0.00733000,0.00736000,2357204.50000000,1750773599999999,17356.32049300,242,1075563.70000000,7926.48650300,0
1750773600000000,0.00736000,0.00744000,0.00735000,0.00735000,4679340.70000000,1750777199999999,34645.75703000,276,2801803.60000000,20787.13426800,0
1750777200000000,0.00737000,0.00741000,0.00730000,0.00731000,1876303.00000000,1750780799999999,13748.59888100,147,883952.00000000,6487.80851100,0
1750780800000000,0.00733000,0.00737000,0.00721000,0.00737000,21813396.80000000,1750784399999999,158502.65658000,1144,4849382.40000000,35279.51984500,0
1750784400000000,0.00737000,0.00737000,0.00725000,0.00728000,2023465.50000000,1750787999999999,14801.00359200,242,966553.10000000,7064.15268600,0
1750788000000000,0.00728000,0.00728000,0.00722000,0.00722000,1388457.90000000,1750791599999999,10052.18862900,76,345347.50000000,2501.98697100,0
1750791600000000,0.00722000,0.00726000,0.00714000,0.00723000,3898377.80000000,1750795199999999,28053.42491500,261,1077403.30000000,7770.97936400,0
1750795200000000,0.00721000,0.00727000,0.00719000,0.00727000,1174307.10000000,1750798799999999,8485.94378800,161,627281.70000000,4536.73491300,0
1750798800000000,0.00726000,0.00732000,0.00723000,0.00731000,6655951.10000000,1750802399999999,48589.17675600,248,4453895.60000000,32490.54085700,0
1750802400000000,0.00731000,0.00733000,0.00727000,0.00733000,5192608.00000000,1750805999999999,37955.71927800,203,3090555.70000000,22599.78186800,0
1750806000000000,0.00733000,0.00737000,0.00730000,0.00737000,1601104.90000000,1750809599999999,11729.19363200,172,677064.40000000,4965.42795400,0
1750809600000000,0.00737000,0.00739000,0.00734000,0.00739000,894052.60000000,1750813199999999,6584.27983600,120,637870.10000000,4698.53765200,0
1750813200000000,0.00739000,0.00739000,0.00732000,0.00735000,1014841.90000000,1750816799999999,7463.78841300,131,456537.70000000,3363.01164200,0
1750816800000000,0.00735000,0.00740000,0.00735000,0.00736000,2096075.90000000,1750820399999999,15454.53403700,235,1273707.10000000,9401.57491900,0
1750820400000000,0.00735000,0.00739000,0.00734000,0.00734000,790758.60000000,1750823999999999,5831.95177400,90,635025.70000000,4685.21962000,0
1750824000000000,0.00734000,0.00736000,0.00732000,0.00736000,1978153.70000000,1750827599999999,14525.53148800,154,365802.50000000,2688.96078400,0
1750827600000000,0.00735000,0.00736000,0.00732000,0.00734000,1466387.80000000,1750831199999999,10756.75029600,100,910678.00000000,6683.15951600,0
1750831200000000,0.00734000,0.00737000,0.00732000,0.00735000,807684.60000000,1750834799999999,5928.51660400,58,302246.60000000,2220.53064700,0
1750834800000000,0.00734000,0.00739000,0.00733000,0.00738000,1770710.90000000,1750838399999999,13027.55640700,124,1097976.80000000,8071.20197900,0
1750838400000000,0.00738000,0.00739000,0.00728000,0.00731000,1787063.20000000,1750841999999999,13115.42706400,135,573021.20000000,4218.97619700,0
1750842000000000,0.00731000,0.00735000,0.00723000,0.00726000,1537124.20000000,1750845599999999,11189.60234200,96,461124.70000000,3358.16662700,0
1750845600000000,0.00726000,0.00731000,0.00726000,0.00729000,981184.50000000,1750849199999999,7143.14218600,82,548246.10000000,3990.04392900,0
1750849200000000,0.00729000,0.00733000,0.00727000,0.00733000,1269394.10000000,1750852799999999,9250.03143900,110,399690.90000000,2915.74876600,0
1750852800000000,0.00733000,0.00733000,0.00727000,0.00731000,916809.00000000,1750856399999999,6697.53411500,71,429100.70000000,3136.31036200,0
1750856400000000,0.00731000,0.00737000,0.00730000,0.00735000,2152914.00000000,1750859999999999,15802.09904400,248,1557869.90000000,11437.40059100,0
1750860000000000,0.00734000,0.00735000,0.00720000,0.00727000,6357178.40000000,1750863599999999,46241.55122100,359,1786464.40000000,13028.90542700,0
1750863600000000,0.00727000,0.00727000,0.00709000,0.00712000,8975325.90000000,1750867199999999,64234.21896500,524,1656607.60000000,11876.54116300,0
1750867200000000,0.00712000,0.00715000,0.00707000,0.00708000,1349402.00000000,1750870799999999,9600.92986400,127,814620.90000000,5791.81884500,0
1750870800000000,0.00708000,0.00721000,0.00707000,0.00715000,2039322.90000000,1750874399999999,14581.00693700,122,1660430.80000000,11875.09388400,0
1750874400000000,0.00716000,0.00717000,0.00712000,0.00716000,3168420.00000000,1750877999999999,22644.36399800,132,2681173.30000000,19161.92340800,0
1750878000000000,0.00717000,0.00721000,0.00716000,0.00716000,1184875.40000000,1750881599999999,8507.73481500,71,943943.20000000,6777.03105700,0
1750881600000000,0.00716000,0.00721000,0.00715000,0.00721000,1811127.40000000,1750885199999999,13005.94347500,127,1092248.40000000,7848.22047100,0
1750885200000000,0.00721000,0.00724000,0.00715000,0.00715000,961134.30000000,1750888799999999,6886.87011500,82,216074.80000000,1553.01510100,0
1750888800000000,0.00714000,0.00716000,0.00709000,0.00715000,5626601.30000000,1750892399999999,40153.40078100,142,4389134.40000000,31352.00156800,0
1750892400000000,0.00714000,0.00715000,0.00711000,0.00714000,883938.70000000,1750895999999999,6301.02805400,74,670255.90000000,4777.53797700,0
1750896000000000,0.00713000,0.00718000,0.00712000,0.00717000,578996.10000000,1750899599999999,4139.20732000,61,315389.70000000,2254.65905700,0
1750899600000000,0.00716000,0.00725000,0.00711000,0.00720000,649204.50000000,1750903199999999,4670.19128100,66,485890.80000000,3499.52752400,0
1750903200000000,0.00720000,0.00727000,0.00718000,0.00727000,1487674.40000000,1750906799999999,10768.06928400,102,1103348.50000000,7988.38671000,0
1750906800000000,0.00727000,0.00733000,0.00721000,0.00724000,1253150.90000000,1750910399999999,9129.60872300,91,737575.70000000,5382.28940800,0
1750910400000000,0.00726000,0.00727000,0.00716000,0.00719000,1119987.10000000,1750913999999999,8086.31122700,79,729707.60000000,5267.56345100,0
1750914000000000,0.00720000,0.00721000,0.00715000,0.00716000,707146.70000000,1750917599999999,5077.78254000,54,392407.20000000,2817.41226200,0
1750917600000000,0.00716000,0.00722000,0.00716000,0.00721000,925609.50000000,1750921199999999,6667.50012500,92,605815.60000000,4364.99221000,0
1750921200000000,0.00721000,0.00735000,0.00720000,0.00732000,2299556.50000000,1750924799999999,16781.48778600,136,1046117.60000000,7620.15939900,0
1750924800000000,0.00733000,0.00738000,0.00729000,0.00729000,1194125.50000000,1750928399999999,8757.05589000,80,718655.90000000,5279.73701800,0
1750928400000000,0.00729000,0.00729000,0.00721000,0.00723000,2220274.00000000,1750931999999999,16051.17927700,77,496971.70000000,3590.61392400,0
1750932000000000,0.00723000,0.00726000,0.00721000,0.00724000,1262205.80000000,1750935599999999,9142.15075500,96,460542.70000000,3337.37807700,0
1750935600000000,0.00723000,0.00724000,0.00719000,0.00721000,3540196.40000000,1750939199999999,25538.63853500,149,487446.60000000,3517.45354200,0
1750939200000000,0.00721000,0.00721000,0.00703000,0.00705000,7691566.50000000,1750942799999999,54713.58250300,204,3026997.20000000,21549.98216900,0
1750942800000000,0.00705000,0.00706000,0.00698000,0.00701000,5665062.60000000,1750946399999999,39768.51413500,227,4799438.20000000,33688.47582500,0
1750946400000000,0.00701000,0.00713000,0.00697000,0.00707000,9226684.60000000,1750949999999999,65355.47658800,368,5285460.50000000,37523.54280000,0
1750950000000000,0.00706000,0.00710000,0.00699000,0.00708000,4370212.80000000,1750953599999999,30924.41150200,215,3434270.90000000,24322.93912800,0
1750953600000000,0.00707000,0.00708000,0.00697000,0.00702000,3310582.40000000,1750957199999999,23238.94869000,151,1189445.50000000,8374.47209600,0
1750957200000000,0.00703000,0.00709000,0.00701000,0.00701000,1340246.80000000,1750960799999999,9445.33196900,86,505215.50000000,3561.22572700,0
1750960800000000,0.00701000,0.00707000,0.00700000,0.00702000,1967458.80000000,1750964399999999,13851.00612200,147,1312617.10000000,9242.30045400,0
1750964400000000,0.00705000,0.00713000,0.00703000,0.00710000,2997702.20000000,1750967999999999,21303.46580500,110,2615645.90000000,18593.64958600,0
1750968000000000,0.00710000,0.00729000,0.00708000,0.00722000,16724445.40000000,1750971599999999,120614.67418200,603,10933561.00000000,78899.98344200,0
1750971600000000,0.00722000,0.00722000,0.00704000,0.00711000,6656751.90000000,1750975199999999,47346.81062600,317,669053.50000000,4757.59586800,0
1750975200000000,0.00711000,0.00713000,0.00705000,0.00705000,555809.40000000,1750978799999999,3939.70649500,94,213474.60000000,1516.41167300,0
1750978800000000,0.00705000,0.00706000,0.00702000,0.00704000,1273341.80000000,1750982399999999,8963.12711900,81,750469.40000000,5286.13932700,0
1750982400000000,0.00703000,0.00707000,0.00697000,0.00697000,2233299.60000000,1750985999999999,15705.86569300,119,878175.70000000,6170.93949800,0
1750986000000000,0.00696000,0.00709000,0.00694000,0.00708000,4098325.50000000,1750989599999999,28746.66307500,130,2454398.60000000,17226.58492700,0
1750989600000000,0.00708000,0.00716000,0.00708000,0.00714000,1663663.70000000,1750993199999999,11834.10184400,83,1425763.10000000,10141.10109700,0
1750993200000000,0.00715000,0.00715000,0.00710000,0.00712000,714010.60000000,1750996799999999,5082.61341500,40,202596.60000000,1443.69196800,0
1750996800000000,0.00712000,0.00713000,0.00709000,0.00713000,1420104.30000000,1751000399999999,10086.70112000,50,490494.80000000,3490.17807600,0
1751000400000000,0.00711000,0.00717000,0.00707000,0.00708000,758157.10000000,1751003999999999,5394.48549000,61,329987.70000000,2353.41087800,0
1751004000000000,0.00707000,0.00711000,0.00706000,0.00710000,443680.60000000,1751007599999999,3145.24429100,55,318335.90000000,2257.90206700,0
1751007600000000,0.00710000,0.00713000,0.00703000,0.00704000,466834.00000000,1751011199999999,3298.60405600,52,320667.00000000,2263.36793200,0
1751011200000000,0.00704000,0.00711000,0.00699000,0.00709000,4028383.20000000,1751014799999999,28261.09566200,153,1288428.30000000,9062.83833900,0
1751014800000000,0.00709000,0.00710000,0.00703000,0.00705000,969355.20000000,1751018399999999,6840.02509000,83,626135.30000000,4415.76317600,0
1751018400000000,0.00704000,0.00705000,0.00700000,0.00700000,1064313.60000000,1751021999999999,7475.05851000,57,387977.80000000,2725.81696100,0
1751022000000000,0.00699000,0.00704000,0.00699000,0.00701000,1439752.00000000,1751025599999999,10096.72582000,96,867892.60000000,6088.08294800,0
1751025600000000,0.00701000,0.00706000,0.00694000,0.00695000,1029703.50000000,1751029199999999,7224.37853800,73,391187.20000000,2745.38733300,0
1751029200000000,0.00695000,0.00700000,0.00694000,0.00700000,1051845.50000000,1751032799999999,7330.75695500,86,405963.70000000,2833.20094200,0
1751032800000000,0.00699000,0.00707000,0.00699000,0.00702000,2387470.00000000,1751036399999999,16812.77713100,93,1305775.00000000,9198.82290400,0
1751036400000000,0.00702000,0.00719000,0.00699000,0.00716000,3735804.40000000,1751039999999999,26547.42524400,114,2605473.10000000,18497.15825300,0
1751040000000000,0.00716000,0.00729000,0.00713000,0.00718000,22977127.20000000,1751043599999999,166304.56353900,934,11413700.50000000,82794.90653900,0
1751043600000000,0.00717000,0.00718000,0.00699000,0.00703000,4221449.70000000,1751047199999999,29810.30909500,198,1725243.60000000,12177.99393000,0
1751047200000000,0.00702000,0.00704000,0.00684000,0.00687000,9073840.80000000,1751050799999999,62761.37868200,291,2592585.20000000,17934.32973800,0
1751050800000000,0.00687000,0.00698000,0.00684000,0.00698000,5144765.40000000,1751054399999999,35512.29746500,161,3485853.10000000,24047.59044400,0
1751054400000000,0.00697000,0.00704000,0.00693000,0.00704000,3385787.90000000,1751057999999999,23621.31500600,144,1519193.70000000,10614.31152400,0
1751058000000000,0.00704000,0.00707000,0.00703000,0.00707000,1855264.20000000,1751061599999999,13080.97508800,67,1072888.00000000,7571.42015100,0
1751061600000000,0.00707000,0.00710000,0.00706000,0.00710000,495948.70000000,1751065199999999,3509.32860800,43,239591.70000000,1697.07227900,0
1751065200000000,0.00709000,0.00709000,0.00706000,0.00708000,876044.40000000,1751068799999999,6190.30313400,41,77298.10000000,547.54954000,0
1751068800000000,0.00709000,0.00712000,0.00707000,0.00709000,865264.10000000,1751072399999999,6143.90962100,68,640021.80000000,4543.94360900,0
1751072400000000,0.00708000,0.00711000,0.00706000,0.00711000,916469.40000000,1751075999999999,6495.29588300,52,314956.00000000,2233.73443300,0
1751076000000000,0.00710000,0.00712000,0.00706000,0.00707000,939560.20000000,1751079599999999,6660.95579100,62,287129.90000000,2036.35560100,0
1751079600000000,0.00706000,0.00707000,0.00703000,0.00703000,1785683.80000000,1751083199999999,12579.90491100,102,929951.30000000,6550.72585400,0
1751083200000000,0.00704000,0.00706000,0.00701000,0.00703000,1446691.50000000,1751086799999999,10176.47817200,81,654912.10000000,4611.33669300,0
1751086800000000,0.00702000,0.00706000,0.00699000,0.00700000,1979292.60000000,1751090399999999,13898.01092600,69,489292.60000000,3440.67397100,0
1751090400000000,0.00700000,0.00702000,0.00699000,0.00701000,1198998.10000000,1751093999999999,8398.04673700,44,339796.10000000,2383.00623200,0
1751094000000000,0.00701000,0.00707000,0.00698000,0.00707000,1163976.70000000,1751097599999999,8176.53899600,58,926891.00000000,6516.82435500,0
1751097600000000,0.00706000,0.00706000,0.00695000,0.00698000,4003123.10000000,1751101199999999,27955.61927700,150,916664.50000000,6409.64776900,0
1751101200000000,0.00698000,0.00705000,0.00697000,0.00704000,3770517.60000000,1751104799999999,26458.39807300,166,2847403.80000000,19980.99841500,0
1751104800000000,0.00704000,0.00706000,0.00702000,0.00706000,802681.90000000,1751108399999999,5656.81260900,60,385593.40000000,2719.57064700,0
1751108400000000,0.00706000,0.00714000,0.00706000,0.00709000,1526202.90000000,1751111999999999,10832.02699600,87,1060283.90000000,7522.24386800,0
1751112000000000,0.00710000,0.00714000,0.00709000,0.00713000,1123113.30000000,1751115599999999,7994.03678500,60,879693.60000000,6264.25315200,0
1751115600000000,0.00715000,0.00715000,0.00708000,0.00709000,956331.70000000,1751119199999999,6812.10752600,56,237155.00000000,1687.01395900,0
1751119200000000,0.00709000,0.00717000,0.00709000,0.00717000,3023340.90000000,1751122799999999,21559.11279100,158,2474952.00000000,17639.87377400,0
1751122800000000,0.00716000,0.00720000,0.00712000,0.00719000,3865348.40000000,1751126399999999,27672.75458500,345,2592567.80000000,18584.63511000,0
1751126400000000,0.00719000,0.00725000,0.00718000,0.00720000,1844572.90000000,1751129999999999,13306.71670500,174,800687.20000000,5781.71872400,0
1751130000000000,0.00719000,0.00723000,0.00714000,0.00723000,1533415.50000000,1751133599999999,11009.34421300,94,693692.90000000,4989.58919700,0
1751133600000000,0.00722000,0.00723000,0.00719000,0.00721000,959168.90000000,1751137199999999,6913.75456700,81,391135.20000000,2819.66437900,0
1751137200000000,0.00721000,0.00724000,0.00717000,0.00720000,7100758.20000000,1751140799999999,51238.73554500,498,2295558.20000000,16596.28149200,0
1751140800000000,0.00722000,0.00722000,0.00715000,0.00715000,630000.80000000,1751144399999999,4531.14197900,141,133154.00000000,957.74399300,0
1751144400000000,0.00715000,0.00720000,0.00714000,0.00720000,815766.10000000,1751147999999999,5852.91147800,112,134139.80000000,963.11084300,0
1751148000000000,0.00720000,0.00727000,0.00719000,0.00724000,1672417.50000000,1751151599999999,12120.33977500,299,638874.10000000,4628.93761300,0
1751151600000000,0.00724000,0.00726000,0.00720000,0.00720000,654584.10000000,1751155199999999,4726.46423300,114,201852.40000000,1459.85552600,0
1751155200000000,0.00721000,0.00721000,0.00718000,0.00718000,668095.50000000,1751158799999999,4805.79151200,173,75221.50000000,541.99502000,0
1751158800000000,0.00719000,0.00720000,0.00712000,0.00712000,1886442.00000000,1751162399999999,13485.91377800,288,225877.30000000,1618.95053700,0
1751162400000000,0.00711000,0.00712000,0.00707000,0.00711000,3747875.40000000,1751165999999999,26619.02061800,312,2326308.50000000,16518.80192600,0
1751166000000000,0.00712000,0.00714000,0.00711000,0.00711000,2573195.60000000,1751169599999999,18349.47487800,153,1638984.10000000,11692.57538500,0
1751169600000000,0.00711000,0.00714000,0.00710000,0.00711000,2752824.90000000,1751173199999999,19599.97915100,161,1591023.10000000,11336.42305900,0
1751173200000000,0.00712000,0.00712000,0.00708000,0.00710000,1685505.60000000,1751176799999999,11955.53144200,174,281984.70000000,2001.02385800,0
1751176800000000,0.00710000,0.00713000,0.00710000,0.00712000,1315399.30000000,1751180399999999,9346.58517300,158,771904.70000000,5483.82045100,0
1751180400000000,0.00713000,0.00722000,0.00713000,0.00722000,3142145.30000000,1751183999999999,22548.13073700,299,2152191.90000000,15451.37471500,0
1751184000000000,0.00723000,0.00735000,0.00723000,0.00732000,3631590.60000000,1751187599999999,26425.74065100,498,1632320.90000000,11877.96934700,0
1751187600000000,0.00733000,0.00736000,0.00728000,0.00728000,1312968.70000000,1751191199999999,9619.78327600,162,360318.10000000,2642.58881500,0
1751191200000000,0.00729000,0.00729000,0.00725000,0.00727000,2452147.10000000,1751194799999999,17830.74990500,351,741229.20000000,5394.95491200,0
1751194800000000,0.00727000,0.00727000,0.00716000,0.00719000,10606143.90000000,1751198399999999,76490.18261900,496,1879414.10000000,13582.49351900,0
1751198400000000,0.00719000,0.00725000,0.00718000,0.00720000,2987108.40000000,1751201999999999,21531.51078800,574,1233596.80000000,8890.72951800,0
1751202000000000,0.00722000,0.00724000,0.00719000,0.00719000,2136942.80000000,1751205599999999,15419.75476100,314,857444.70000000,6188.88277700,0
1751205600000000,0.00719000,0.00723000,0.00711000,0.00712000,2862072.70000000,1751209199999999,20505.21076300,368,779540.40000000,5600.14872100,0
1751209200000000,0.00712000,0.00712000,0.00705000,0.00708000,2226377.10000000,1751212799999999,15781.61075600,360,909818.80000000,6451.63961500,0
1751212800000000,0.00707000,0.00713000,0.00705000,0.00712000,2861224.60000000,1751216399999999,20263.32866400,366,1264919.80000000,8959.07640800,0
1751216400000000,0.00712000,0.00718000,0.00712000,0.00718000,1623175.50000000,1751219999999999,11595.57419400,340,592439.30000000,4231.95480800,0
1751220000000000,0.00716000,0.00722000,0.00715000,0.00720000,2010602.90000000,1751223599999999,14438.42241100,253,1172602.30000000,8423.88388100,0
1751223600000000,0.00721000,0.00723000,0.00718000,0.00722000,2280988.90000000,1751227199999999,16447.35113100,272,937133.80000000,6760.82469900,0
1751227200000000,0.00723000,0.00723000,0.00718000,0.00719000,1250025.80000000,1751230799999999,9010.16696600,220,390691.50000000,2818.45858800,0
1751230800000000,0.00719000,0.00727000,0.00714000,0.00726000,2657631.70000000,1751234399999999,19174.38483000,299,1433391.60000000,10366.41782600,0
1751234400000000,0.00726000,0.00760000,0.00726000,0.00758000,15014131.20000000,1751237999999999,112152.58757200,1284,8204359.60000000,61131.78146300,0
1751238000000000,0.00760000,0.00773000,0.00760000,0.00767000,17885130.40000000,1751241599999999,137333.01823500,1598,9314524.10000000,71456.62129300,0
1751241600000000,0.00768000,0.00772000,0.00763000,0.00767000,4810957.30000000,1751245199999999,36912.88719600,599,2652859.10000000,20358.87619000,0
1751245200000000,0.00767000,0.00768000,0.00755000,0.00759000,2627444.90000000,1751248799999999,19964.21673700,393,1568393.20000000,11931.49708000,0
1751248800000000,0.00759000,0.00770000,0.00755000,0.00758000,9674046.30000000,1751252399999999,73506.20667700,1004,6989948.10000000,53069.70619700,0
1751252400000000,0.00757000,0.00760000,0.00754000,0.00757000,1160568.80000000,1751255999999999,8782.03960900,170,594715.90000000,4502.89024800,0
1751256000000000,0.00757000,0.00758000,0.00751000,0.00753000,1945024.60000000,1751259599999999,14648.56604900,270,729986.00000000,5497.12421300,0
1751259600000000,0.00753000,0.00756000,0.00750000,0.00755000,1363278.40000000,1751263199999999,10265.44405100,281,877514.20000000,6608.30135100,0
1751263200000000,0.00755000,0.00758000,0.00742000,0.00748000,8616671.20000000,1751266799999999,64922.48096800,816,4255402.40000000,32089.66280000,0
1751266800000000,0.00749000,0.00760000,0.00747000,0.00758000,3512493.30000000,1751270399999999,26462.84114400,373,2992259.20000000,22553.48248200,0
1751270400000000,0.00757000,0.00757000,0.00742000,0.00742000,17178244.20000000,1751273999999999,129060.35906900,1437,11005117.00000000,82688.94304200,0
1751274000000000,0.00743000,0.00751000,0.00739000,0.00740000,11943634.20000000,1751277599999999,89100.93043900,1133,6891522.00000000,51489.21154600,0
1751277600000000,0.00739000,0.00743000,0.00738000,0.00742000,4159313.70000000,1751281199999999,30791.03545800,508,1523184.50000000,11276.78000700,0
1751281200000000,0.00742000,0.00745000,0.00737000,0.00737000,2497065.40000000,1751284799999999,18505.67919400,422,1502818.70000000,11143.74772300,0
1751284800000000,0.00737000,0.00740000,0.00730000,0.00732000,1945830.30000000,1751288399999999,14317.07497200,192,1028884.80000000,7573.01820000,0
1751288400000000,0.00731000,0.00734000,0.00725000,0.00727000,7905876.90000000,1751291999999999,57632.78555600,836,4908803.80000000,35795.40598600,0
1751292000000000,0.00727000,0.00731000,0.00724000,0.00725000,2340085.50000000,1751295599999999,17017.94625200,304,1398722.20000000,10173.15116200,0
1751295600000000,0.00727000,0.00742000,0.00722000,0.00733000,7122836.80000000,1751299199999999,52206.09443600,786,4239979.50000000,31041.15784000,0
1751299200000000,0.00732000,0.00740000,0.00728000,0.00739000,5598427.50000000,1751302799999999,41183.21861000,597,2939802.00000000,21646.04461300,0
1751302800000000,0.00739000,0.00743000,0.00736000,0.00736000,2749106.70000000,1751306399999999,20301.82706900,346,1774227.00000000,13110.13848100,0
1751306400000000,0.00736000,0.00738000,0.00733000,0.00736000,1886358.60000000,1751309999999999,13871.01383500,268,1328933.40000000,9775.29062300,0
1751310000000000,0.00735000,0.00746000,0.00735000,0.00746000,3246663.30000000,1751313599999999,24037.30804900,446,2158795.90000000,16004.05350000,0
1751313600000000,0.00745000,0.00748000,0.00743000,0.00743000,2002689.20000000,1751317199999999,14930.29091100,322,1470698.80000000,10966.46148500,0
1751317200000000,0.00744000,0.00746000,0.00736000,0.00736000,1418698.20000000,1751320799999999,10533.84330200,145,500674.70000000,3717.03199300,0
1751320800000000,0.00738000,0.00738000,0.00733000,0.00735000,5747768.20000000,1751324399999999,42232.29147400,306,1237081.00000000,9103.92671000,0
1751324400000000,0.00735000,0.00738000,0.00731000,0.00734000,1854600.70000000,1751327999999999,13614.90817900,115,722720.60000000,5301.37999400,0
