1761955200000000,0.00530700,0.00533800,0.00528200,0.00533800,446450.50000000,1761958799999999,2367.47767000,114,319700.10000000,1695.84080020,0
1761958800000000,0.00533800,0.00540300,0.00533400,0.00536100,2535697.20000000,1761962399999999,13633.69165530,238,842350.10000000,4528.40112930,0
1761962400000000,0.00536500,0.00539600,0.00533400,0.00539600,765252.70000000,1761965999999999,4098.79736940,83,293621.90000000,1570.92472340,0
1761966000000000,0.00539600,0.00541700,0.00539300,0.00541700,149099.10000000,1761969599999999,806.47978680,41,104203.40000000,563.83661110,0
1761969600000000,0.00540500,0.00545700,0.00536700,0.00544900,3128076.20000000,1761973199999999,16920.79201120,174,858426.00000000,4649.33292450,0
1761973200000000,0.00545600,0.00547100,0.00545500,0.00546600,1561654.60000000,1761976799999999,8534.36167730,100,285775.00000000,1561.83891750,0
1761976800000000,0.00546600,0.00547700,0.00546500,0.00547300,1111856.60000000,1761980399999999,6080.92937760,143,874576.80000000,4783.18925920,0
1761980400000000,0.00547900,0.00553200,0.00547400,0.00550900,3399986.50000000,1761983999999999,18702.26946840,286,1524404.80000000,8384.92127690,0
1761984000000000,0.00552100,0.00552100,0.00545700,0.00549300,13002711.50000000,1761987599999999,71144.37754560,439,6116258.80000000,33482.44258890,0
1761987600000000,0.00549300,0.00551800,0.00544000,0.00544500,6448108.60000000,1761991199999999,35213.33112190,623,2266884.20000000,12382.64930230,0
1761991200000000,0.00545200,0.00548400,0.00543600,0.00547900,4863556.70000000,1761994799999999,26581.87757250,677,2278524.80000000,12446.14786100,0
1761994800000000,0.00547300,0.00551300,0.00545700,0.00545900,2404625.20000000,1761998399999999,13182.95561540,155,1178573.50000000,6454.31803370,0
1761998400000000,0.00547300,0.00550300,0.00547100,0.00549600,460656.00000000,1762001999999999,2526.97462730,67,177303.60000000,973.01608350,0
1762002000000000,0.00548200,0.00551200,0.00544600,0.00547200,1767742.50000000,1762005599999999,9694.47403370,132,735265.60000000,4040.13516760,0
1762005600000000,0.00548200,0.00549600,0.00544100,0.00547500,807842.30000000,1762009199999999,4411.04995200,97,276558.10000000,1510.68242680,0
1762009200000000,0.00547400,0.00551200,0.00545300,0.00551200,1273826.80000000,1762012799999999,6973.66644120,139,420651.90000000,2303.65241770,0
1762012800000000,0.00550200,0.00553700,0.00550200,0.00551200,2147873.10000000,1762016399999999,11853.63527240,332,667125.00000000,3683.58129710,0
1762016400000000,0.00551300,0.00556200,0.00549300,0.00556000,5380053.80000000,1762019999999999,29767.68993530,331,1111966.60000000,6154.21000030,0
1762020000000000,0.00556300,0.00568500,0.00556100,0.00568500,6788824.60000000,1762023599999999,38259.38395480,445,3301450.90000000,18595.68118200,0
1762023600000000,0.00568300,0.00573800,0.00560000,0.00565500,8372845.40000000,1762027199999999,47478.48685080,571,4160095.10000000,23622.48227170,0
1762027200000000,0.00566100,0.00568000,0.00558400,0.00562400,3036848.80000000,1762030799999999,17117.26593390,223,1783095.80000000,10059.16773270,0
1762030800000000,0.00562600,0.00563800,0.00554100,0.00554100,5004473.40000000,1762034399999999,28048.91075110,393,2358861.60000000,13237.10749910,0
1762034400000000,0.00554100,0.00556200,0.00552100,0.00554100,8499794.70000000,1762037999999999,47060.00618550,668,5267889.30000000,29167.04498560,0
1762038000000000,0.00553000,0.00556000,0.00552600,0.00555300,4452184.20000000,1762041599999999,24667.17169650,293,2332565.60000000,12919.38943380,0
1762041600000000,0.00554600,0.00555000,0.00551900,0.00552200,2229499.80000000,1762045199999999,12334.38910440,132,1256564.50000000,6951.11236490,0
1762045200000000,0.00552900,0.00553800,0.00550900,0.00551700,1696836.00000000,1762048799999999,9375.07249100,100,725503.00000000,4010.37756740,0
1762048800000000,0.00551400,0.00556000,0.00550600,0.00553800,1908740.40000000,1762052399999999,10576.54199380,172,1153491.30000000,6393.37128250,0
1762052400000000,0.00553700,0.00555500,0.00544400,0.00551700,6854952.30000000,1762055999999999,37681.79079860,216,467987.30000000,2588.82372390,0
1762056000000000,0.00551400,0.00559500,0.00551300,0.00558500,1159532.10000000,1762059599999999,6432.35392890,109,516321.90000000,2865.76812680,0
1762059600000000,0.00558500,0.00559600,0.00554400,0.00558700,1487362.70000000,1762063199999999,8294.54462500,131,711618.00000000,3968.92720410,0
1762063200000000,0.00558600,0.00567400,0.00558200,0.00565900,2573657.80000000,1762066799999999,14474.52573460,253,1415935.30000000,7959.85935960,0
1762066800000000,0.00565300,0.00569000,0.00563700,0.00568000,2695944.30000000,1762070399999999,15288.90251590,176,1737836.90000000,9855.23061590,0
1762070400000000,0.00568500,0.00568800,0.00563500,0.00564400,1436269.50000000,1762073999999999,8141.37353860,112,674870.90000000,3824.47974820,0
1762074000000000,0.00564900,0.00566900,0.00559100,0.00559600,1370609.90000000,1762077599999999,7718.99524250,131,681351.60000000,3836.19637010,0
1762077600000000,0.00559400,0.00562500,0.00556800,0.00559600,1346835.60000000,1762081199999999,7542.96829110,121,665555.80000000,3730.19883020,0
1762081200000000,0.00560500,0.00574700,0.00559800,0.00571600,5237940.80000000,1762084799999999,29796.15435110,349,3591814.80000000,20441.64576450,0
1762084800000000,0.00572300,0.00580600,0.00572300,0.00578700,15753954.60000000,1762088399999999,90741.90436620,643,7505813.80000000,43247.61201380,0
1762088400000000,0.00579100,0.00580800,0.00567700,0.00571400,12721111.30000000,1762091999999999,73153.94568290,725,5475597.30000000,31451.84066910,0
1762092000000000,0.00571300,0.00571900,0.00550000,0.00554100,6219267.20000000,1762095599999999,34781.89134880,589,2420414.20000000,13549.46688840,0
1762095600000000,0.00553500,0.00556700,0.00549200,0.00552800,2981927.80000000,1762099199999999,16483.43827600,285,1323022.60000000,7314.97003270,0
1762099200000000,0.00550600,0.00551900,0.00539700,0.00547700,2860467.40000000,1762102799999999,15628.78911770,262,1194648.60000000,6517.79873080,0
1762102800000000,0.00548300,0.00550000,0.00544200,0.00547200,904087.30000000,1762106399999999,4949.14788960,102,448873.60000000,2456.21345090,0
1762106400000000,0.00547700,0.00557600,0.00547200,0.00553700,5198789.90000000,1762109999999999,28684.26173620,307,2826826.50000000,15602.54242620,0
1762110000000000,0.00554400,0.00555600,0.00549100,0.00551300,1031552.00000000,1762113599999999,5693.90281460,112,526698.90000000,2904.95081480,0
1762113600000000,0.00551900,0.00555000,0.00550800,0.00555000,1928242.10000000,1762117199999999,10649.88400170,196,705291.70000000,3898.28237000,0
1762117200000000,0.00554500,0.00554500,0.00548800,0.00550400,3187189.90000000,1762120799999999,17563.65155400,383,440318.20000000,2431.25497110,0
1762120800000000,0.00550400,0.00568800,0.00549900,0.00565300,8148385.70000000,1762124399999999,45646.43047090,669,4884711.90000000,27332.65708930,0
1762124400000000,0.00565300,0.00573900,0.00565300,0.00573000,1687620.90000000,1762127999999999,9607.72238470,183,623861.00000000,3550.99140960,0
1762128000000000,0.00573100,0.00574000,0.00565800,0.00567200,2431775.00000000,1762131599999999,13855.73056150,203,1345976.70000000,7673.67826900,0
1762131600000000,0.00565800,0.00568600,0.00557400,0.00558900,2305781.70000000,1762135199999999,12988.44507280,194,1101637.50000000,6207.75870210,0
1762135200000000,0.00558900,0.00560000,0.00549700,0.00552300,959890.30000000,1762138799999999,5314.10768420,159,295202.00000000,1637.07033310,0
1762138800000000,0.00552500,0.00553300,0.00531700,0.00532400,4055414.60000000,1762142399999999,21897.54866080,312,1941649.60000000,10461.87301550,0
1762142400000000,0.00531000,0.00534400,0.00526600,0.00534400,5777185.70000000,1762145999999999,30594.59333370,283,1997100.00000000,10583.41154400,0
1762146000000000,0.00535000,0.00540000,0.00526500,0.00527600,5560891.10000000,1762149599999999,29780.59755490,347,3054349.40000000,16363.84813990,0
1762149600000000,0.00526700,0.00530800,0.00517700,0.00526100,8624007.50000000,1762153199999999,45093.19981260,651,3212542.40000000,16849.34108210,0
1762153200000000,0.00525500,0.00530400,0.00522700,0.00527200,4775009.50000000,1762156799999999,25068.22895390,306,3962832.90000000,20804.11620910,0
1762156800000000,0.00525200,0.00528900,0.00523000,0.00525700,2258903.50000000,1762160399999999,11884.70628380,235,1657588.20000000,8723.18094120,0
1762160400000000,0.00524800,0.00533000,0.00519700,0.00520100,2277387.50000000,1762163999999999,11978.34823270,146,893250.50000000,4717.88131830,0
1762164000000000,0.00520100,0.00522400,0.00513700,0.00516000,1730613.60000000,1762167599999999,8971.09446720,144,644648.50000000,3345.00086910,0
1762167600000000,0.00516900,0.00526900,0.00516700,0.00520500,2756806.10000000,1762171199999999,14419.36013660,165,1778071.10000000,9297.30193920,0
1762171200000000,0.00521400,0.00526200,0.00520900,0.00520900,1009699.80000000,1762174799999999,5279.67300220,88,631208.50000000,3300.89684080,0
1762174800000000,0.00519100,0.00523400,0.00516900,0.00517200,1317567.30000000,1762178399999999,6843.82841560,114,642867.60000000,3340.67794660,0
1762178400000000,0.00519500,0.00523600,0.00516800,0.00520300,1227718.20000000,1762181999999999,6386.14719290,132,406081.70000000,2111.16523780,0
1762182000000000,0.00521600,0.00521600,0.00482500,0.00491900,17646365.30000000,1762185599999999,87549.69617200,1774,8597894.70000000,42421.23289510,0
1762185600000000,0.00490700,0.00504000,0.00486700,0.00501500,4668740.00000000,1762189199999999,23229.61758580,504,2715972.40000000,13540.40162030,0
1762189200000000,0.00501200,0.00512100,0.00500000,0.00508400,1183276.30000000,1762192799999999,5988.32053560,161,683436.10000000,3456.55306680,0
1762192800000000,0.00508100,0.00510200,0.00502200,0.00502200,543420.60000000,1762196399999999,2750.39669960,81,231213.10000000,1169.81283750,0
1762196400000000,0.00501800,0.00504500,0.00495600,0.00495600,761351.30000000,1762199999999999,3810.34185240,127,363948.00000000,1825.62552980,0
1762200000000000,0.00495800,0.00495900,0.00488100,0.00490700,1799271.00000000,1762203599999999,8879.07735170,302,1048183.80000000,5176.19569270,0
1762203600000000,0.00490500,0.00496700,0.00486500,0.00496400,4306761.80000000,1762207199999999,21131.11938210,234,1107905.10000000,5461.04662220,0
1762207200000000,0.00495800,0.00495800,0.00487700,0.00492500,1236327.30000000,1762210799999999,6091.06837470,306,380014.90000000,1871.58846280,0
1762210800000000,0.00491400,0.00497400,0.00489000,0.00495600,3249023.60000000,1762214399999999,16083.60980250,256,1832512.90000000,9070.48033080,0
1762214400000000,0.00496500,0.00505100,0.00493000,0.00503500,4456280.70000000,1762217999999999,22300.42631720,397,3245280.20000000,16230.68934580,0
1762218000000000,0.00502900,0.00505000,0.00500900,0.00501700,543471.80000000,1762221599999999,2732.84054090,86,295869.20000000,1488.52148830,0
1762221600000000,0.00501900,0.00502600,0.00499200,0.00500800,2337489.70000000,1762225199999999,11695.56506500,189,1280090.90000000,6406.14387710,0
1762225200000000,0.00500700,0.00504800,0.00498500,0.00502800,3063187.50000000,1762228799999999,15401.06151630,286,1660521.90000000,8351.46644330,0
1762228800000000,0.00503100,0.00511900,0.00502800,0.00503000,6533662.70000000,1762232399999999,33203.58122080,463,3179268.70000000,16171.25653520,0
1762232400000000,0.00504300,0.00506100,0.00480400,0.00481400,5588534.30000000,1762235999999999,27383.63355870,359,2821899.80000000,13828.06878360,0
1762236000000000,0.00481000,0.00500300,0.00481000,0.00488000,10272045.70000000,1762239599999999,50406.95756360,773,3366402.90000000,16535.18008120,0
1762239600000000,0.00487300,0.00492200,0.00473800,0.00481400,17458447.30000000,1762243199999999,84134.16315950,775,4587119.00000000,22282.13849080,0
1762243200000000,0.00482300,0.00493700,0.00481100,0.00490300,4460771.40000000,1762246799999999,21792.00907890,310,1569050.80000000,7648.81617020,0
1762246800000000,0.00490400,0.00493000,0.00488700,0.00491900,1167997.30000000,1762250399999999,5736.70159450,107,738019.30000000,3625.28416880,0
1762250400000000,0.00491900,0.00495000,0.00491000,0.00492900,4173596.60000000,1762253999999999,20536.07461940,195,2998793.80000000,14753.55961390,0
1762254000000000,0.00492500,0.00497600,0.00490500,0.00493200,4933864.70000000,1762257599999999,24365.41598280,245,1181116.50000000,5838.30264510,0
1762257600000000,0.00492400,0.00493300,0.00486500,0.00489100,11348581.70000000,1762261199999999,55486.11710680,579,6729973.20000000,32935.75688990,0
1762261200000000,0.00489000,0.00492200,0.00483800,0.00491700,7177506.40000000,1762264799999999,35034.61552470,340,2490795.10000000,12178.99766950,0
1762264800000000,0.00491800,0.00508300,0.00488500,0.00505900,10103517.30000000,1762268399999999,50130.04448660,614,5438408.70000000,27039.74409700,0
1762268400000000,0.00505800,0.00512000,0.00498900,0.00499300,5111343.90000000,1762271999999999,25876.24143590,470,1514180.70000000,7667.43793910,0
1762272000000000,0.00500600,0.00506700,0.00492900,0.00495700,3407336.40000000,1762275599999999,17067.76684640,349,1305577.80000000,6519.98318350,0
1762275600000000,0.00496000,0.00496300,0.00481500,0.00491600,3840399.50000000,1762279199999999,18815.00701820,386,2185396.70000000,10719.08561340,0
1762279200000000,0.00491300,0.00491300,0.00465500,0.00481100,15402018.80000000,1762282799999999,73998.74172610,889,4858222.90000000,23227.42688870,0
1762282800000000,0.00481400,0.00487000,0.00475200,0.00475200,4060586.80000000,1762286399999999,19613.44255070,253,1800814.80000000,8683.67260850,0
1762286400000000,0.00475400,0.00476300,0.00452900,0.00475600,18054628.90000000,1762289999999999,84627.48380000,932,8850337.30000000,41480.35231220,0
1762290000000000,0.00474300,0.00476300,0.00451000,0.00468800,14938684.40000000,1762293599999999,68659.27763830,725,6783086.70000000,31339.43793490,0
1762293600000000,0.00468400,0.00482700,0.00466300,0.00479200,15105280.20000000,1762297199999999,71872.37226670,577,10748362.60000000,51136.68268120,0
1762297200000000,0.00478700,0.00484700,0.00478700,0.00480600,5843614.80000000,1762300799999999,28177.36538870,380,2278374.30000000,11007.52698000,0
1762300800000000,0.00481300,0.00482300,0.00470500,0.00472400,1947061.00000000,1762304399999999,9290.82299970,200,734392.20000000,3520.39921640,0
1762304400000000,0.00473500,0.00473500,0.00450000,0.00468700,6291139.50000000,1762307999999999,28876.39728940,493,1690659.30000000,7815.99328460,0
1762308000000000,0.00469000,0.00485600,0.00469000,0.00484600,5052722.20000000,1762311599999999,24210.64052210,434,1577247.20000000,7543.54258960,0
1762311600000000,0.00485100,0.00486600,0.00481200,0.00483900,1416441.80000000,1762315199999999,6859.08300690,153,429756.10000000,2080.79605970,0
1762315200000000,0.00484800,0.00485400,0.00480400,0.00482200,1320320.40000000,1762318799999999,6380.41906510,127,405929.20000000,1958.89094930,0
1762318800000000,0.00483800,0.00489500,0.00483300,0.00488500,1933326.20000000,1762322399999999,9428.70793280,264,1541622.10000000,7519.46931110,0
1762322400000000,0.00488500,0.00489600,0.00485100,0.00488400,1264450.00000000,1762325999999999,6156.34906970,194,907508.40000000,4416.17789360,0
1762326000000000,0.00489500,0.00489500,0.00483100,0.00488100,1402810.00000000,1762329599999999,6819.54435980,207,865231.80000000,4211.09689340,0
1762329600000000,0.00486300,0.00487100,0.00476100,0.00479800,1971549.10000000,1762333199999999,9507.33902650,162,870466.00000000,4188.35472440,0
1762333200000000,0.00478400,0.00486300,0.00478400,0.00483400,1851807.50000000,1762336799999999,8957.72774820,145,1192612.90000000,5769.85874000,0
1762336800000000,0.00483100,0.00485900,0.00475200,0.00475200,2236094.50000000,1762340399999999,10774.53501690,406,1334462.10000000,6440.82257640,0
1762340400000000,0.00475400,0.00486200,0.00475300,0.00484500,7647281.70000000,1762343999999999,37025.77853850,362,4949404.80000000,23971.77862860,0
1762344000000000,0.00483400,0.00485600,0.00479200,0.00482900,14417311.40000000,1762347599999999,69566.68502740,538,7938279.70000000,38296.42829670,0
1762347600000000,0.00482300,0.00490400,0.00480700,0.00489500,5591096.30000000,1762351199999999,27155.74357790,352,2963358.60000000,14373.29488460,0
1762351200000000,0.00489400,0.00495700,0.00483500,0.00493200,7071639.00000000,1762354799999999,34710.06471330,519,3374729.90000000,16574.91600910,0
1762354800000000,0.00493200,0.00510600,0.00492900,0.00509400,6403967.50000000,1762358399999999,32234.17973590,751,2842768.60000000,14294.63732050,0
1762358400000000,0.00509100,0.00513200,0.00504600,0.00513200,3494731.70000000,1762361999999999,17788.44691640,368,1083042.40000000,5522.27684510,0
1762362000000000,0.00512600,0.00522600,0.00510200,0.00521700,12071323.10000000,1762365599999999,62500.29829370,882,6090874.90000000,31579.90378360,0
1762365600000000,0.00522700,0.00525600,0.00519400,0.00525500,5106718.50000000,1762369199999999,26691.68115330,389,2135618.90000000,11170.14797740,0
1762369200000000,0.00525600,0.00526500,0.00522100,0.00524000,7410548.60000000,1762372799999999,38881.12576520,452,2439252.70000000,12786.30094170,0
1762372800000000,0.00523600,0.00525700,0.00518400,0.00520700,2197934.60000000,1762376399999999,11455.85439620,194,1255687.20000000,6551.26108810,0
1762376400000000,0.00520700,0.00530600,0.00519000,0.00526500,1230368.70000000,1762379999999999,6469.25117920,158,514110.10000000,2705.12117000,0
1762380000000000,0.00526200,0.00532300,0.00523700,0.00532300,6031236.60000000,1762383599999999,31802.31849700,366,3417349.30000000,18013.28370080,0
1762383600000000,0.00531700,0.00532700,0.00521300,0.00523200,1642479.50000000,1762387199999999,8622.15936460,230,492666.00000000,2583.04256230,0
1762387200000000,0.00524100,0.00526700,0.00521600,0.00522600,2668608.70000000,1762390799999999,13995.20247210,295,1038420.60000000,5447.61282340,0
1762390800000000,0.00522300,0.00522300,0.00512900,0.00518000,2954597.90000000,1762394399999999,15230.99293460,294,1220289.60000000,6283.26874280,0
1762394400000000,0.00517900,0.00527600,0.00512200,0.00521500,27615996.50000000,1762397999999999,144514.21973920,2054,17332630.90000000,90734.50920100,0
1762398000000000,0.00520500,0.00523000,0.00514000,0.00520100,26849389.40000000,1762401599999999,138907.94637840,1909,6985185.90000000,36188.62045270,0
1762401600000000,0.00519200,0.00522200,0.00517600,0.00522200,1907586.80000000,1762405199999999,9923.17339840,418,753554.30000000,3920.87289860,0
1762405200000000,0.00521400,0.00521400,0.00506200,0.00506400,3754914.00000000,1762408799999999,19230.58915550,345,926573.50000000,4734.78513500,0
1762408800000000,0.00506500,0.00512200,0.00506300,0.00510400,1633487.70000000,1762412399999999,8327.54497060,138,1066779.70000000,5441.07968110,0
1762412400000000,0.00510300,0.00511600,0.00505500,0.00506300,2813630.90000000,1762415999999999,14287.44175940,229,1703432.20000000,8662.67264080,0
1762416000000000,0.00505100,0.00507300,0.00503800,0.00505200,810937.50000000,1762419599999999,4095.30540390,105,321349.40000000,1625.23859500,0
1762419600000000,0.00506400,0.00507300,0.00503200,0.00505400,2594271.70000000,1762423199999999,13124.12188830,298,1085300.50000000,5492.64535580,0
1762423200000000,0.00504700,0.00507300,0.00501500,0.00504600,1578076.80000000,1762426799999999,7956.54318130,210,798706.10000000,4030.34295740,0
1762426800000000,0.00504600,0.00510200,0.00501900,0.00508600,1606402.90000000,1762430399999999,8143.15501590,160,1021555.10000000,5174.06676020,0
1762430400000000,0.00508800,0.00508800,0.00503700,0.00505200,4407409.50000000,1762433999999999,22289.92219940,196,2270024.00000000,11467.92851070,0
1762434000000000,0.00505100,0.00519200,0.00504700,0.00516300,5470276.90000000,1762437599999999,28018.60348970,227,1388230.60000000,7115.49574990,0
1762437600000000,0.00516300,0.00523300,0.00512900,0.00519900,13626115.60000000,1762441199999999,70577.88691950,1351,9830990.70000000,50943.39594030,0
1762441200000000,0.00519900,0.00522000,0.00513200,0.00515700,8603204.40000000,1762444799999999,44488.08597310,814,5530934.40000000,28620.71244470,0
1762444800000000,0.00515400,0.00521200,0.00511100,0.00512300,11875512.10000000,1762448399999999,61364.26610970,1160,8935133.70000000,46194.10173260,0
1762448400000000,0.00512200,0.00521100,0.00510100,0.00520900,4969396.90000000,1762451999999999,25623.55393940,248,2864278.40000000,14780.85040310,0
1762452000000000,0.00520000,0.00523000,0.00513300,0.00518500,4396137.60000000,1762455599999999,22858.60410460,214,2265949.20000000,11798.12392730,0
1762455600000000,0.00518500,0.00520800,0.00516000,0.00519200,1646382.10000000,1762459199999999,8541.56305190,100,878250.50000000,4555.43952870,0
1762459200000000,0.00519400,0.00520900,0.00510300,0.00513500,2617165.70000000,1762462799999999,13530.67543240,184,1096549.40000000,5680.49389650,0
1762462800000000,0.00513600,0.00522000,0.00511200,0.00519300,1065389.30000000,1762466399999999,5508.61582590,169,419752.10000000,2173.25326100,0
1762466400000000,0.00520000,0.00521500,0.00514300,0.00521400,1544615.50000000,1762469999999999,8031.70193180,143,657677.90000000,3416.07294870,0
1762470000000000,0.00520600,0.00523000,0.00514200,0.00522800,702190.00000000,1762473599999999,3641.75166450,120,484190.20000000,2516.86355290,0
1762473600000000,0.00523200,0.00534400,0.00522400,0.00532600,7308974.10000000,1762477199999999,38811.09844020,618,2199627.70000000,11664.27462170,0
1762477200000000,0.00532500,0.00532800,0.00523500,0.00530500,2030835.30000000,1762480799999999,10715.71044630,157,431000.10000000,2276.70387700,0
1762480800000000,0.00529700,0.00532800,0.00526400,0.00531700,1239501.70000000,1762484399999999,6568.62467800,111,1084397.20000000,5748.56392630,0
1762484400000000,0.00531700,0.00537700,0.00531200,0.00536900,1920498.50000000,1762487999999999,10273.79786390,124,1414368.00000000,7564.44915360,0
1762488000000000,0.00536800,0.00537300,0.00530000,0.00533800,1690290.70000000,1762491599999999,9009.19786960,119,853022.40000000,4543.68207650,0
1762491600000000,0.00533400,0.00542300,0.00533400,0.00542300,1513066.80000000,1762495199999999,8164.15843400,122,694374.50000000,3749.21751430,0
1762495200000000,0.00542100,0.00544600,0.00540300,0.00540700,2022702.00000000,1762498799999999,10976.53606320,184,1084356.10000000,5887.30748280,0
1762498800000000,0.00540300,0.00546600,0.00538500,0.00546600,2215964.40000000,1762502399999999,12001.97828400,136,674556.80000000,3656.43056450,0
1762502400000000,0.00545900,0.00548100,0.00539200,0.00540000,1262931.70000000,1762505999999999,6866.60902050,101,432188.00000000,2353.41988530,0
1762506000000000,0.00540000,0.00542300,0.00529400,0.00536000,2338409.50000000,1762509599999999,12516.37095330,163,1199201.50000000,6429.01352520,0
1762509600000000,0.00536000,0.00537900,0.00528200,0.00528200,948247.50000000,1762513199999999,5057.91683630,74,293965.30000000,1567.11945170,0
1762513200000000,0.00530000,0.00530300,0.00518400,0.00527000,3664021.70000000,1762516799999999,19141.18333550,371,1631835.80000000,8526.37797320,0
1762516800000000,0.00524900,0.00526600,0.00515200,0.00518600,2906575.90000000,1762520399999999,15088.45682390,217,1132937.40000000,5869.32207220,0
1762520400000000,0.00519100,0.00528100,0.00517100,0.00525100,2040301.20000000,1762523999999999,10632.64552770,196,1076938.60000000,5619.88057850,0
1762524000000000,0.00525000,0.00538300,0.00518400,0.00535700,8036278.80000000,1762527599999999,42543.69606340,544,5316285.30000000,28159.12494040,0
1762527600000000,0.00536400,0.00547800,0.00532400,0.00545700,8307089.30000000,1762531199999999,44942.46966180,479,5065896.20000000,27408.03348170,0
1762531200000000,0.00545800,0.00577000,0.00544900,0.00575000,14087426.40000000,1762534799999999,78691.16839950,1093,7977465.60000000,44460.21859700,0
1762534800000000,0.00573600,0.00611400,0.00572500,0.00587200,107416082.20000000,1762538399999999,632174.01336590,5197,60241382.50000000,355370.16832500,0
1762538400000000,0.00588000,0.00598600,0.00588000,0.00590400,6062079.00000000,1762541999999999,35929.23852100,663,3443937.30000000,20413.85446910,0
1762542000000000,0.00589800,0.00593600,0.00588800,0.00591300,2783234.10000000,1762545599999999,16458.75957780,330,1225425.60000000,7255.01501620,0
1762545600000000,0.00591600,0.00597300,0.00589500,0.00597300,3621259.00000000,1762549199999999,21500.70739130,234,2932936.10000000,17420.36988640,0
1762549200000000,0.00596600,0.00602000,0.00595600,0.00599800,5009092.40000000,1762552799999999,30008.20113980,311,2759727.30000000,16536.34514440,0
1762552800000000,0.00599200,0.00602700,0.00594500,0.00599200,8439665.40000000,1762556399999999,50494.53047340,371,2517019.50000000,15076.24953690,0
1762556400000000,0.00598300,0.00599800,0.00585800,0.00588700,7698323.10000000,1762559999999999,45441.32607410,520,3857697.20000000,22795.43277590,0
1762560000000000,0.00589800,0.00603700,0.00587900,0.00588100,3566146.50000000,1762563599999999,21238.89402800,634,1048230.60000000,6241.55071430,0
1762563600000000,0.00586300,0.00601100,0.00585500,0.00601100,2404894.40000000,1762567199999999,14328.11692260,511,753801.90000000,4495.36637990,0
1762567200000000,0.00601700,0.00615900,0.00601300,0.00610600,4258231.30000000,1762570799999999,25990.92411550,770,2712249.90000000,16548.67816240,0
1762570800000000,0.00608600,0.00617000,0.00600000,0.00600000,3001929.70000000,1762574399999999,18336.93013380,304,1925263.10000000,11758.86996580,0
1762574400000000,0.00600000,0.00611000,0.00600000,0.00602300,1307513.40000000,1762577999999999,7911.54356460,265,605216.30000000,3663.79807010,0
1762578000000000,0.00603400,0.00604300,0.00585000,0.00589000,5025828.70000000,1762581599999999,29700.60813380,486,983914.10000000,5833.79180780,0
1762581600000000,0.00588700,0.00588800,0.00575600,0.00581900,6050554.80000000,1762585199999999,35174.41306320,404,3220052.90000000,18751.89240200,0
1762585200000000,0.00582900,0.00589300,0.00580500,0.00588300,3301300.10000000,1762588799999999,19276.52140940,269,1451090.30000000,8472.14981890,0
1762588800000000,0.00588800,0.00590300,0.00582900,0.00586400,1722320.10000000,1762592399999999,10133.13432220,217,1354965.40000000,7973.15062180,0
1762592400000000,0.00586300,0.00590100,0.00582100,0.00585900,3788065.20000000,1762595999999999,22192.71239570,255,1776708.50000000,10424.70732850,0
1762596000000000,0.00584800,0.00598100,0.00582700,0.00594000,5362458.50000000,1762599599999999,31672.68163270,568,2914956.20000000,17249.10404480,0
1762599600000000,0.00593700,0.00597400,0.00590300,0.00592100,2264417.40000000,1762603199999999,13470.03277670,180,1926214.70000000,11461.25223590,0
1762603200000000,0.00593800,0.00596600,0.00589200,0.00592300,2574300.30000000,1762606799999999,15295.00921900,279,2049462.20000000,12181.43458880,0
1762606800000000,0.00593300,0.00594000,0.00581100,0.00581100,5337745.60000000,1762610399999999,31214.25406460,544,3610506.40000000,21109.86734420,0
1762610400000000,0.00581700,0.00582100,0.00571900,0.00576300,5557742.20000000,1762613999999999,31987.15777270,431,2707255.40000000,15560.84376030,0
1762614000000000,0.00576300,0.00580300,0.00570700,0.00575900,4009646.90000000,1762617599999999,23100.85070460,460,1339880.70000000,7721.06585000,0
1762617600000000,0.00576700,0.00583000,0.00573800,0.00576400,7126871.80000000,1762621199999999,41073.07168560,435,2884539.00000000,16610.05615280,0
1762621200000000,0.00576500,0.00585200,0.00575200,0.00582700,1694376.10000000,1762624799999999,9830.65211280,285,620253.90000000,3600.24625740,0
1762624800000000,0.00582700,0.00587900,0.00582000,0.00586500,2625536.40000000,1762628399999999,15332.85845480,182,1333561.50000000,7794.06482270,0
1762628400000000,0.00587200,0.00593000,0.00583000,0.00591500,1496876.60000000,1762631999999999,8789.30999020,188,876279.80000000,5152.44713160,0
1762632000000000,0.00592800,0.00598500,0.00590300,0.00596600,1373611.10000000,1762635599999999,8175.99693540,198,435751.10000000,2594.93277870,0
1762635600000000,0.00595400,0.00603800,0.00594900,0.00603700,2770015.80000000,1762639199999999,16658.44671550,256,782940.80000000,4705.23112630,0
1762639200000000,0.00603500,0.00612100,0.00602200,0.00611100,3449924.90000000,1762642799999999,20947.03169040,314,842836.80000000,5115.10039940,0
1762642800000000,0.00611100,0.00630600,0.00610700,0.00619000,22567921.20000000,1762646399999999,140619.18963140,2752,14042135.30000000,87518.21339200,0
1762646400000000,0.00618900,0.00628100,0.00598200,0.00601300,21363008.80000000,1762649999999999,131387.05458840,3683,8625715.70000000,53126.24861480,0
1762650000000000,0.00601200,0.00623600,0.00596800,0.00601600,30991401.80000000,1762653599999999,189766.85493590,4272,17833415.10000000,109270.39258640,0
1762653600000000,0.00601300,0.00602000,0.00576500,0.00578300,8582578.10000000,1762657199999999,50718.68352730,1595,2815430.30000000,16573.10620680,0
1762657200000000,0.00578400,0.00580800,0.00570900,0.00570900,4547353.50000000,1762660799999999,26128.05073910,970,2084707.00000000,11970.36385650,0
1762660800000000,0.00570900,0.00580100,0.00568600,0.00579500,9212271.70000000,1762664399999999,53056.60232820,1063,3391596.10000000,19545.80394490,0
1762664400000000,0.00579600,0.00579600,0.00573300,0.00578100,2602668.30000000,1762667999999999,15019.78618040,661,1348963.90000000,7785.92677510,0
1762668000000000,0.00578000,0.00587500,0.00575000,0.00579800,6475916.90000000,1762671599999999,37490.07961980,885,2994019.30000000,17384.34026560,0
1762671600000000,0.00579600,0.00589400,0.00578300,0.00588900,3075468.00000000,1762675199999999,17996.87715920,759,1803342.20000000,10559.99882260,0
1762675200000000,0.00589000,0.00590100,0.00578400,0.00579800,1988865.10000000,1762678799999999,11632.25092480,709,941451.20000000,5500.18523640,0
1762678800000000,0.00579900,0.00586300,0.00573200,0.00573700,5709238.50000000,1762682399999999,33008.98020080,971,1759012.80000000,10225.25913160,0
1762682400000000,0.00573600,0.00576900,0.00567100,0.00576900,3395625.00000000,1762685999999999,19396.31553440,816,1647556.90000000,9424.17439390,0
1762686000000000,0.00577000,0.00585800,0.00577000,0.00584000,2538046.80000000,1762689599999999,14764.65001090,710,1511683.80000000,8790.72034830,0
1762689600000000,0.00583900,0.00590800,0.00583400,0.00587500,3131737.10000000,1762693199999999,18388.05802330,690,1473732.80000000,8651.61875580,0
1762693200000000,0.00586500,0.00593900,0.00585100,0.00593400,2176698.10000000,1762696799999999,12850.07392800,583,1387817.30000000,8194.15128210,0
1762696800000000,0.00593400,0.00597300,0.00585600,0.00588500,10513308.70000000,1762700399999999,62067.63268000,1812,3742324.40000000,22106.68725480,0
1762700400000000,0.00588500,0.00603000,0.00588500,0.00599300,7741697.40000000,1762703999999999,46295.47027010,1404,4788692.00000000,28644.03775120,0
1762704000000000,0.00599400,0.00606900,0.00596200,0.00605900,5330522.50000000,1762707599999999,32120.51311690,1189,3864052.00000000,23277.08640260,0
1762707600000000,0.00606000,0.00606400,0.00596600,0.00598800,3809122.70000000,1762711199999999,22871.52243390,865,1765532.40000000,10599.94560710,0
1762711200000000,0.00598800,0.00602300,0.00594700,0.00601800,2151315.10000000,1762714799999999,12867.38020860,508,1296516.50000000,7760.84160930,0
1762714800000000,0.00601900,0.00609500,0.00596900,0.00608500,4726267.00000000,1762718399999999,28499.63774630,1002,2865972.60000000,17294.63246470,0
1762718400000000,0.00608600,0.00609300,0.00602200,0.00602800,1666007.40000000,1762721999999999,10088.72134190,421,498566.20000000,3018.67829760,0
1762722000000000,0.00602900,0.00603300,0.00599000,0.00600600,2074256.20000000,1762725599999999,12458.50319900,411,756673.40000000,4544.56723930,0
1762725600000000,0.00600700,0.00601600,0.00592500,0.00600000,1144520.10000000,1762729199999999,6846.71138920,182,717864.10000000,4294.97599290,0
1762729200000000,0.00601700,0.00608300,0.00597100,0.00600600,2076907.80000000,1762732799999999,12522.62745830,275,786323.80000000,4732.83773440,0
1762732800000000,0.00599100,0.00610000,0.00593800,0.00608500,2222819.50000000,1762736399999999,13469.20601480,323,1433862.50000000,8706.87227900,0
1762736400000000,0.00607500,0.00608200,0.00601300,0.00602700,1659454.80000000,1762739999999999,10027.57044450,236,699608.20000000,4226.83829620,0
1762740000000000,0.00601300,0.00603900,0.00599200,0.00601500,253556.70000000,1762743599999999,1526.27384160,119,151690.10000000,913.93298720,0
1762743600000000,0.00602500,0.00608600,0.00601800,0.00607300,3455060.60000000,1762747199999999,20918.37242300,385,1773880.10000000,10753.59599420,0
1762747200000000,0.00606700,0.00607800,0.00597500,0.00604500,4184911.20000000,1762750799999999,25220.88040500,292,2340563.50000000,14121.48094580,0
1762750800000000,0.00605300,0.00607800,0.00594400,0.00602400,2650913.80000000,1762754399999999,15990.41292130,282,881273.10000000,5333.61359950,0
1762754400000000,0.00601000,0.00603700,0.00597000,0.00600700,701863.70000000,1762757999999999,4211.18750360,117,459721.90000000,2759.46838200,0
1762758000000000,0.00599300,0.00601600,0.00595400,0.00599600,1438232.30000000,1762761599999999,8611.79727770,178,834407.70000000,4999.24308220,0
1762761600000000,0.00598600,0.00598600,0.00589000,0.00592300,530492.70000000,1762765199999999,3148.19305480,166,255211.80000000,1514.35185460,0
1762765200000000,0.00590800,0.00607400,0.00590500,0.00605400,1172494.70000000,1762768799999999,7045.01041120,155,806273.30000000,4849.45094630,0
1762768800000000,0.00606000,0.00606600,0.00595500,0.00599700,1047838.00000000,1762772399999999,6305.21171080,174,409010.10000000,2463.02213150,0
1762772400000000,0.00598800,0.00603600,0.00598800,0.00600800,895197.60000000,1762775999999999,5378.41235490,147,274162.70000000,1647.45139490,0
1762776000000000,0.00601000,0.00602100,0.00597300,0.00598800,446199.80000000,1762779599999999,2676.72093160,109,192847.20000000,1158.36023860,0
1762779600000000,0.00597800,0.00606700,0.00597300,0.00603500,1496003.10000000,1762783199999999,9026.11992490,245,701710.40000000,4235.95334060,0
1762783200000000,0.00602700,0.00602700,0.00587400,0.00592600,2402906.80000000,1762786799999999,14311.44810770,286,905955.70000000,5373.91514900,0
1762786800000000,0.00591900,0.00600100,0.00591900,0.00595700,1010337.60000000,1762790399999999,6023.65451670,176,510952.40000000,3051.52623880,0
1762790400000000,0.00595600,0.00600500,0.00587800,0.00589500,803627.20000000,1762793999999999,4767.07725550,178,515343.90000000,3055.85131840,0
1762794000000000,0.00589000,0.00601500,0.00588700,0.00597800,438264.90000000,1762797599999999,2614.00026380,119,346432.80000000,2066.96484730,0
1762797600000000,0.00597300,0.00598000,0.00591500,0.00591500,3378465.00000000,1762801199999999,20128.63821390,150,1936899.60000000,11539.42353950,0
1762801200000000,0.00590200,0.00599400,0.00590100,0.00595800,1143584.70000000,1762804799999999,6791.31618090,170,705063.40000000,4188.08611830,0
1762804800000000,0.00595800,0.00598200,0.00593300,0.00595300,983325.80000000,1762808399999999,5858.63457280,163,565714.40000000,3369.58788950,0
1762808400000000,0.00595300,0.00595300,0.00584100,0.00588200,1339117.80000000,1762811999999999,7872.01830970,214,391645.40000000,2302.88102130,0
1762812000000000,0.00588200,0.00610000,0.00586100,0.00605600,2994813.10000000,1762815599999999,17974.17332920,682,1651876.50000000,9888.45551120,0
1762815600000000,0.00605600,0.00605600,0.00598200,0.00601100,3229311.60000000,1762819199999999,19447.82128240,801,1405656.60000000,8461.21540330,0
1762819200000000,0.00601100,0.00605400,0.00585800,0.00589200,6197780.90000000,1762822799999999,36964.92719780,1318,3198803.00000000,19087.01251540,0
1762822800000000,0.00589500,0.00604100,0.00586700,0.00588400,5310812.70000000,1762826399999999,31570.65890140,1485,2175264.50000000,12981.01378580,0
1762826400000000,0.00587800,0.00598200,0.00586000,0.00595700,4800343.10000000,1762829999999999,28386.14323720,1286,2587101.40000000,15333.42434100,0
1762830000000000,0.00595700,0.00601400,0.00595100,0.00598700,2635218.30000000,1762833599999999,15774.28753950,923,1472485.80000000,8815.76901470,0
1762833600000000,0.00598800,0.00600400,0.00588700,0.00588700,3218709.50000000,1762837199999999,19144.33711290,847,1590924.70000000,9464.50021520,0
1762837200000000,0.00588700,0.00588700,0.00576600,0.00579200,6222472.30000000,1762840799999999,36111.50135080,1437,2740066.20000000,15897.87589380,0
1762840800000000,0.00578500,0.00584900,0.00576500,0.00583700,3776358.60000000,1762844399999999,21939.70784160,1064,2385657.10000000,13864.27010330,0
1762844400000000,0.00583400,0.00584100,0.00571400,0.00572600,5505986.90000000,1762847999999999,31702.00480060,1327,2009851.90000000,11587.31368380,0
1762848000000000,0.00572500,0.00587800,0.00572200,0.00586800,5207808.70000000,1762851599999999,30228.42917520,1120,3417877.70000000,19816.55332890,0
1762851600000000,0.00586700,0.00590400,0.00583900,0.00586400,4905173.70000000,1762855199999999,28824.90207760,1018,2468981.20000000,14505.31733880,0
1762855200000000,0.00585900,0.00587300,0.00581700,0.00584100,3324782.80000000,1762858799999999,19424.68320770,978,1718550.30000000,10043.92148640,0
1762858800000000,0.00584200,0.00589200,0.00583900,0.00586700,3924917.50000000,1762862399999999,23025.18380260,747,2012066.70000000,11801.21111230,0
1762862400000000,0.00586300,0.00591200,0.00577700,0.00580900,4397265.20000000,1762865999999999,25674.98333300,841,1437938.60000000,8396.69188160,0
1762866000000000,0.00580900,0.00585800,0.00578300,0.00578400,4645532.40000000,1762869599999999,27012.51217790,617,1617328.80000000,9423.08059460,0
1762869600000000,0.00578600,0.00587100,0.00574600,0.00587100,4704314.50000000,1762873199999999,27314.66446410,797,3112415.20000000,18105.16445140,0
1762873200000000,0.00586700,0.00587500,0.00578200,0.00586100,11782905.90000000,1762876799999999,68797.88867550,1466,7569091.30000000,44252.92336740,0
1762876800000000,0.00585300,0.00587900,0.00574400,0.00584800,9589495.90000000,1762880399999999,55785.60562970,1772,2743570.70000000,16006.98851700,0
1762880400000000,0.00584800,0.00591800,0.00579400,0.00584100,4668294.80000000,1762883999999999,27358.55717180,1025,3355960.70000000,19680.13993320,0
1762884000000000,0.00584300,0.00586900,0.00576600,0.00576700,5542615.30000000,1762887599999999,32113.12916640,867,1537225.70000000,8927.45920730,0
1762887600000000,0.00577800,0.00577800,0.00570900,0.00571400,5604719.50000000,1762891199999999,32236.68478880,830,1716547.40000000,9864.60332650,0
1762891200000000,0.00571400,0.00571700,0.00557200,0.00558200,8461051.90000000,1762894799999999,47812.12345570,1518,3545463.70000000,20006.24472680,0
1762894800000000,0.00558700,0.00563400,0.00556400,0.00558900,1931109.20000000,1762898399999999,10801.79110850,683,793843.10000000,4445.91289820,0
1762898400000000,0.00558800,0.00564900,0.00555400,0.00561700,1252876.80000000,1762901999999999,7002.62626850,322,622628.10000000,3480.83691180,0
1762902000000000,0.00563200,0.00563400,0.00555200,0.00557500,877670.30000000,1762905599999999,4908.04582400,276,340703.00000000,1907.09467850,0
1762905600000000,0.00557500,0.00559000,0.00546300,0.00549800,2212157.60000000,1762909199999999,12218.24328940,487,816525.90000000,4519.09414540,0
1762909200000000,0.00549900,0.00560000,0.00548300,0.00557100,1527399.60000000,1762912799999999,8495.76003760,293,574461.60000000,3200.75973410,0
1762912800000000,0.00557100,0.00561800,0.00554900,0.00560000,1234442.00000000,1762916399999999,6895.65629810,427,761910.80000000,4258.19230460,0
1762916400000000,0.00559000,0.00564500,0.00556900,0.00560900,2285998.40000000,1762919999999999,12794.86206410,485,778776.00000000,4369.83939530,0
1762920000000000,0.00560500,0.00562500,0.00557300,0.00560200,1783869.20000000,1762923599999999,9992.18276980,270,661797.60000000,3712.06015470,0
1762923600000000,0.00560100,0.00563700,0.00558400,0.00562300,868305.30000000,1762927199999999,4869.22569840,122,330444.20000000,1852.23097090,0
1762927200000000,0.00560900,0.00565000,0.00560400,0.00561000,748153.60000000,1762930799999999,4204.93287500,171,197411.00000000,1112.26153070,0
1762930800000000,0.00561500,0.00562100,0.00555100,0.00555100,1495022.80000000,1762934399999999,8360.19127760,169,199825.20000000,1119.48041950,0
1762934400000000,0.00554900,0.00574300,0.00554000,0.00571600,2188783.90000000,1762937999999999,12367.55375450,302,1497552.00000000,8480.18497660,0
1762938000000000,0.00571600,0.00578600,0.00570000,0.00575500,2474208.80000000,1762941599999999,14260.68320830,250,1948794.50000000,11246.56463450,0
1762941600000000,0.00576700,0.00582400,0.00576200,0.00580400,1464599.10000000,1762945199999999,8479.56596950,216,880344.60000000,5102.52200010,0
1762945200000000,0.00579600,0.00582400,0.00577400,0.00578800,756241.20000000,1762948799999999,4384.88116890,149,586855.80000000,3404.07928210,0
1762948800000000,0.00578800,0.00583100,0.00574400,0.00578600,399977.20000000,1762952399999999,2315.61416620,116,284337.80000000,1647.46857830,0
1762952400000000,0.00577700,0.00580900,0.00574300,0.00579800,864774.00000000,1762955999999999,4999.63250720,155,675848.00000000,3908.87333090,0
1762956000000000,0.00579300,0.00580100,0.00559300,0.00565900,2437877.40000000,1762959599999999,13824.17603560,249,1107527.10000000,6292.27735440,0
1762959600000000,0.00567300,0.00572400,0.00555900,0.00556700,1700662.60000000,1762963199999999,9625.73562280,256,991401.60000000,5637.17053560,0
1762963200000000,0.00557200,0.00559300,0.00541100,0.00542300,5909066.00000000,1762966799999999,32278.87552490,450,4071193.20000000,22253.35321530,0
1762966800000000,0.00541900,0.00549900,0.00537800,0.00547600,5888344.80000000,1762970399999999,31888.21854980,304,2166766.00000000,11743.17471670,0
1762970400000000,0.00547600,0.00549300,0.00541700,0.00541700,1092975.20000000,1762973999999999,5970.44520810,180,505079.50000000,2758.76462140,0
1762974000000000,0.00540900,0.00541300,0.00531600,0.00537300,3644533.30000000,1762977599999999,19547.85621020,391,1826229.80000000,9798.65678110,0
1762977600000000,0.00537200,0.00548100,0.00535300,0.00545300,2365138.70000000,1762981199999999,12828.57684260,301,1320085.70000000,7176.13589400,0
1762981200000000,0.00545200,0.00546600,0.00541700,0.00544900,1278184.10000000,1762984799999999,6948.71568750,170,464160.90000000,2527.68894510,0
1762984800000000,0.00543300,0.00544400,0.00539600,0.00543700,913398.00000000,1762988399999999,4944.43214780,117,563231.30000000,3050.83714560,0
1762988400000000,0.00542600,0.00542600,0.00535400,0.00537100,1497225.00000000,1762991999999999,8062.67112280,243,787495.00000000,4231.31517140,0
1762992000000000,0.00537000,0.00544900,0.00536800,0.00539800,3696084.30000000,1762995599999999,19991.46087810,702,2308379.70000000,12490.20686200,0
1762995600000000,0.00538700,0.00547500,0.00537900,0.00539700,2389635.40000000,1762999199999999,12972.42878140,461,1210803.60000000,6572.95054140,0
1762999200000000,0.00539600,0.00544400,0.00537000,0.00537900,2361356.60000000,1763002799999999,12747.40732590,197,1110843.40000000,5998.15137170,0
1763002800000000,0.00537300,0.00548800,0.00529200,0.00545400,4093703.00000000,1763006399999999,21866.68866670,272,1109422.60000000,5961.54876480,0
1763006400000000,0.00542000,0.00545900,0.00539800,0.00543900,1419323.50000000,1763009999999999,7693.81643650,295,1153749.40000000,6254.55156110,0
1763010000000000,0.00543800,0.00552200,0.00539900,0.00552100,1300667.10000000,1763013599999999,7066.10683850,160,418977.00000000,2282.72942790,0
1763013600000000,0.00552500,0.00552700,0.00549700,0.00551000,1280884.20000000,1763017199999999,7057.69327780,144,722022.80000000,3979.59505710,0
1763017200000000,0.00550200,0.00553500,0.00537200,0.00540000,4640364.20000000,1763020799999999,25298.34635810,480,1710201.00000000,9358.21973770,0
1763020800000000,0.00541000,0.00547000,0.00540100,0.00544800,2279735.90000000,1763024399999999,12416.20198330,231,1293966.10000000,7036.71016180,0
1763024400000000,0.00545000,0.00545000,0.00535300,0.00536100,852118.90000000,1763027999999999,4588.54064280,165,462018.30000000,2487.88721340,0
1763028000000000,0.00536600,0.00542100,0.00534800,0.00534900,539297.20000000,1763031599999999,2901.05049510,114,292249.30000000,1572.28364300,0
1763031600000000,0.00535800,0.00539700,0.00535800,0.00538900,1430987.20000000,1763035199999999,7703.88612800,119,1259184.70000000,6779.81004810,0
1763035200000000,0.00538900,0.00546700,0.00538700,0.00544000,1498636.30000000,1763038799999999,8105.35543650,150,714058.60000000,3863.53562690,0
1763038800000000,0.00544500,0.00548300,0.00538100,0.00543200,1360807.50000000,1763042399999999,7395.48255520,156,631466.00000000,3432.12913920,0
1763042400000000,0.00543200,0.00550300,0.00536500,0.00547900,3766417.60000000,1763045999999999,20570.59788040,410,1900376.10000000,10364.88185570,0
1763046000000000,0.00548200,0.00551300,0.00536300,0.00538500,2020662.50000000,1763049599999999,10970.07252830,234,789196.10000000,4295.90444890,0
1763049600000000,0.00538000,0.00540000,0.00527500,0.00527900,2323609.90000000,1763053199999999,12383.65200670,217,1234876.50000000,6576.16828850,0
1763053200000000,0.00527500,0.00528200,0.00515700,0.00515800,5308310.70000000,1763056799999999,27704.00753900,449,1771142.70000000,9262.81034880,0
1763056800000000,0.00515700,0.00517600,0.00506900,0.00512700,3688598.70000000,1763060399999999,18914.91731090,344,1727001.70000000,8846.62454160,0
1763060400000000,0.00512200,0.00514100,0.00504800,0.00506700,3072743.50000000,1763063999999999,15618.89313180,374,1807073.80000000,9190.63423110,0
1763064000000000,0.00505600,0.00511100,0.00502600,0.00506900,6250761.90000000,1763067599999999,31712.50107050,444,2603205.50000000,13223.82812010,0
1763067600000000,0.00506700,0.00508500,0.00500000,0.00503300,3745611.60000000,1763071199999999,18841.19969390,336,1725050.70000000,8686.14892420,0
1763071200000000,0.00502600,0.00517900,0.00502300,0.00516900,4787519.70000000,1763074799999999,24503.50936570,445,3165651.60000000,16239.56468190,0
1763074800000000,0.00515600,0.00524200,0.00515400,0.00518400,898255.00000000,1763078399999999,4673.74215680,141,696903.30000000,3628.09002680,0
1763078400000000,0.00517000,0.00522300,0.00513600,0.00516600,1136969.30000000,1763081999999999,5892.55762080,187,703665.50000000,3647.08593020,0
1763082000000000,0.00516300,0.00520400,0.00514000,0.00515700,449514.90000000,1763085599999999,2323.64026560,115,220710.40000000,1140.20391450,0
1763085600000000,0.00515600,0.00521400,0.00515600,0.00516800,426791.80000000,1763089199999999,2210.87477970,67,292566.30000000,1515.32521290,0
1763089200000000,0.00516400,0.00517000,0.00511500,0.00514200,1314898.40000000,1763092799999999,6769.69537860,106,210138.10000000,1080.49823270,0
1763092800000000,0.00513400,0.00513400,0.00492000,0.00502800,4014289.50000000,1763096399999999,20118.98321180,492,1410489.20000000,7065.27731250,0
1763096400000000,0.00502500,0.00511900,0.00502400,0.00510000,2373559.20000000,1763099999999999,12034.81153620,429,1072689.90000000,5442.41304330,0
1763100000000000,0.00509900,0.00518600,0.00504000,0.00518600,1550853.10000000,1763103599999999,7905.00968870,240,873493.90000000,4459.83130070,0
1763103600000000,0.00518000,0.00520700,0.00513700,0.00514800,3343900.00000000,1763107199999999,17277.89950230,325,1147522.00000000,5935.70604940,0
1763107200000000,0.00514400,0.00515400,0.00510300,0.00511900,957890.70000000,1763110799999999,4910.95120600,159,206446.20000000,1059.33446580,0
1763110800000000,0.00511900,0.00512300,0.00504900,0.00505600,875858.40000000,1763114399999999,4452.73986390,188,621919.80000000,3159.07100910,0
1763114400000000,0.00505800,0.00511600,0.00505700,0.00506600,2842087.50000000,1763117999999999,14422.60792590,170,1987045.90000000,10070.02899100,0
1763118000000000,0.00506300,0.00506800,0.00501000,0.00503400,1792332.00000000,1763121599999999,9027.45089390,241,548100.70000000,2764.69651540,0
1763121600000000,0.00503300,0.00505200,0.00493000,0.00503600,7333912.90000000,1763125199999999,36429.12291550,493,2985674.30000000,14836.98242240,0
1763125200000000,0.00504100,0.00508600,0.00498900,0.00506400,3554876.60000000,1763128799999999,17871.73969220,252,1394265.80000000,7016.35746320,0
1763128800000000,0.00505700,0.00520700,0.00503700,0.00517800,9057894.70000000,1763132399999999,46677.15751320,523,3628049.30000000,18657.55716930,0
1763132400000000,0.00518100,0.00537100,0.00508900,0.00518400,33378806.80000000,1763135999999999,173041.78187620,1544,21433796.50000000,111296.88677680,0
1763136000000000,0.00518200,0.00522500,0.00516000,0.00517800,1708111.90000000,1763139599999999,8864.30620480,245,642200.10000000,3332.23751950,0
1763139600000000,0.00517300,0.00519600,0.00507900,0.00507900,853556.60000000,1763143199999999,4386.43973960,222,198956.50000000,1023.44202780,0
1763143200000000,0.00508200,0.00516400,0.00506600,0.00508400,1320338.00000000,1763146799999999,6729.83038300,152,968449.20000000,4933.97893200,0
1763146800000000,0.00509300,0.00518100,0.00507700,0.00515000,1058597.60000000,1763150399999999,5440.00318410,155,446139.80000000,2296.93690540,0
1763150400000000,0.00516300,0.00518000,0.00502300,0.00508400,1576594.30000000,1763153999999999,8073.09434850,212,912168.40000000,4687.64999880,0
1763154000000000,0.00507300,0.00513400,0.00504600,0.00509400,1347108.80000000,1763157599999999,6855.43893570,286,470402.20000000,2394.47144450,0
1763157600000000,0.00508800,0.00513400,0.00505400,0.00505400,1132069.30000000,1763161199999999,5756.10276860,101,90348.40000000,460.11245290,0
1763161200000000,0.00505600,0.00506300,0.00492700,0.00498700,3204026.80000000,1763164799999999,15964.16529580,418,577658.00000000,2875.27600450,0
1763164800000000,0.00498200,0.00504800,0.00497500,0.00504600,1856359.00000000,1763168399999999,9302.46041140,248,558213.00000000,2799.29385340,0
1763168400000000,0.00504600,0.00515500,0.00503900,0.00513400,1158699.40000000,1763171999999999,5906.84102390,172,575025.30000000,2929.68983150,0
1763172000000000,0.00513600,0.00515800,0.00511500,0.00515600,2089322.90000000,1763175599999999,10726.93493570,252,974387.20000000,5010.55890330,0
1763175600000000,0.00515900,0.00520000,0.00514900,0.00518300,858170.20000000,1763179199999999,4443.06834810,153,469240.70000000,2431.37091050,0
1763179200000000,0.00518400,0.00519900,0.00516500,0.00516600,267608.10000000,1763182799999999,1385.78231410,73,104797.10000000,543.14960560,0
1763182800000000,0.00516200,0.00518600,0.00515200,0.00518600,180023.00000000,1763186399999999,930.49141610,61,107941.40000000,558.05548860,0
1763186400000000,0.00518300,0.00523300,0.00517600,0.00519200,1088566.30000000,1763189999999999,5667.99045450,83,179732.30000000,937.57409730,0
1763190000000000,0.00518400,0.00519800,0.00515400,0.00516200,299877.50000000,1763193599999999,1552.05196510,49,137626.10000000,713.10396480,0
1763193600000000,0.00515600,0.00516000,0.00504900,0.00506200,1236152.90000000,1763197199999999,6321.67499440,230,328938.60000000,1686.33525070,0
1763197200000000,0.00506200,0.00510400,0.00504700,0.00505100,529705.60000000,1763200799999999,2692.02012490,169,207583.90000000,1056.36498860,0
1763200800000000,0.00505200,0.00509300,0.00503400,0.00508300,854724.30000000,1763204399999999,4318.17088790,177,562427.30000000,2840.26278220,0
1763204400000000,0.00507700,0.00508400,0.00502700,0.00504200,427099.70000000,1763207999999999,2160.23045610,151,117037.60000000,590.64247210,0
1763208000000000,0.00503700,0.00510900,0.00502700,0.00509500,364768.10000000,1763211599999999,1851.76872310,134,217121.70000000,1102.37244910,0
1763211600000000,0.00509300,0.00514800,0.00507800,0.00512000,1051584.40000000,1763215199999999,5388.79461080,165,434009.00000000,2221.01027670,0
1763215200000000,0.00512000,0.00516700,0.00507700,0.00509300,6137488.10000000,1763218799999999,31432.85182410,490,3776706.30000000,19347.00231380,0
1763218800000000,0.00508800,0.00510900,0.00508000,0.00510800,554122.00000000,1763222399999999,2823.64621150,71,452742.60000000,2307.73485300,0
1763222400000000,0.00509100,0.00510700,0.00504900,0.00510700,319910.10000000,1763225999999999,1623.16398930,79,165130.30000000,837.99563270,0
1763226000000000,0.00510500,0.00515700,0.00509700,0.00515700,836124.30000000,1763229599999999,4293.07226710,121,550325.30000000,2829.53956660,0
1763229600000000,0.00515800,0.00518300,0.00514700,0.00515700,644234.90000000,1763233199999999,3325.86973680,93,323774.80000000,1672.81217540,0
1763233200000000,0.00516300,0.00518400,0.00514100,0.00517600,758517.50000000,1763236799999999,3914.33211220,110,410951.80000000,2123.18352870,0
1763236800000000,0.00515700,0.00516700,0.00509700,0.00510200,510053.00000000,1763240399999999,2613.45452310,99,145594.70000000,746.21512400,0
1763240400000000,0.00509700,0.00514000,0.00505300,0.00505400,4342053.80000000,1763243999999999,22134.35823600,202,1947802.10000000,9987.25875800,0
1763244000000000,0.00505500,0.00511600,0.00505300,0.00511600,264875.50000000,1763247599999999,1345.65570370,77,197773.60000000,1004.90047170,0
1763247600000000,0.00511800,0.00513700,0.00511500,0.00512800,666918.70000000,1763251199999999,3419.16386440,71,390551.20000000,2003.85050500,0
1763251200000000,0.00512900,0.00512900,0.00505600,0.00510400,1390919.20000000,1763254799999999,7073.75143730,131,859691.50000000,4368.35455160,0
1763254800000000,0.00509300,0.00510500,0.00500000,0.00505500,2739393.20000000,1763258399999999,13773.97596470,251,780360.80000000,3949.09611540,0
1763258400000000,0.00506200,0.00515300,0.00505200,0.00513200,840863.20000000,1763261999999999,4297.72867130,104,251051.10000000,1280.46259670,0
1763262000000000,0.00513600,0.00519900,0.00512200,0.00518900,2931178.30000000,1763265599999999,15121.12783250,233,1123366.90000000,5794.55830730,0
1763265600000000,0.00518800,0.00518900,0.00514500,0.00518000,357557.60000000,1763269199999999,1847.87791170,130,186148.00000000,962.82693230,0
1763269200000000,0.00518000,0.00522500,0.00518000,0.00519800,831337.90000000,1763272799999999,4319.43235070,95,577420.60000000,2996.67436600,0
1763272800000000,0.00519600,0.00523000,0.00518800,0.00518800,707895.70000000,1763276399999999,3692.47995650,145,510720.40000000,2664.14768440,0
1763276400000000,0.00518900,0.00521800,0.00516100,0.00520800,1266092.30000000,1763279999999999,6567.29931090,202,501329.20000000,2599.71681120,0
1763280000000000,0.00521400,0.00521900,0.00516700,0.00518300,357702.70000000,1763283599999999,1854.12227910,69,82405.60000000,427.37581040,0
1763283600000000,0.00519500,0.00522300,0.00514100,0.00519600,14276508.90000000,1763287199999999,73972.32272060,501,6444710.70000000,33361.47878130,0
1763287200000000,0.00519400,0.00520600,0.00517700,0.00517700,212384.10000000,1763290799999999,1102.08987320,66,61087.10000000,317.42732660,0
1763290800000000,0.00518500,0.00518800,0.00506000,0.00507800,750307.20000000,1763294399999999,3831.24498660,145,400790.10000000,2040.26023600,0
1763294400000000,0.00506900,0.00510600,0.00504400,0.00507700,438418.20000000,1763297999999999,2228.73399020,90,169046.30000000,859.91527320,0
1763298000000000,0.00507900,0.00509600,0.00501900,0.00503000,669495.70000000,1763301599999999,3387.67960030,106,315323.10000000,1597.98553430,0
1763301600000000,0.00502800,0.00509800,0.00502600,0.00507200,1323890.60000000,1763305199999999,6701.33588910,219,531107.30000000,2695.80291900,0
1763305200000000,0.00506000,0.00506700,0.00493500,0.00495900,1063903.90000000,1763308799999999,5317.17711540,205,405121.10000000,2025.10059280,0
1763308800000000,0.00494900,0.00499700,0.00488200,0.00489000,3353475.70000000,1763312399999999,16478.34222080,331,383387.00000000,1894.44054700,0
1763312400000000,0.00489000,0.00493900,0.00483900,0.00491300,5133154.10000000,1763315999999999,25060.05392040,458,2215967.90000000,10838.23321540,0
1763316000000000,0.00490600,0.00501100,0.00487200,0.00489900,3737503.80000000,1763319599999999,18616.34362480,283,1596050.20000000,7952.54340460,0
1763319600000000,0.00490900,0.00497300,0.00489400,0.00492900,2678052.90000000,1763323199999999,13144.92844620,135,2472065.10000000,12126.43432060,0
1763323200000000,0.00491400,0.00496900,0.00490300,0.00492600,417933.80000000,1763326799999999,2060.51980590,87,322409.50000000,1589.17736810,0
1763326800000000,0.00491300,0.00491400,0.00486400,0.00491400,768880.80000000,1763330399999999,3759.57098190,173,495414.20000000,2422.78971910,0
1763330400000000,0.00490800,0.00497800,0.00487900,0.00497000,531471.70000000,1763333999999999,2631.07739370,154,212515.00000000,1051.36894460,0
1763334000000000,0.00496900,0.00504800,0.00488100,0.00499800,665656.70000000,1763337599999999,3312.17629520,181,393597.70000000,1966.96340220,0
1763337600000000,0.00500000,0.00507500,0.00495200,0.00505600,1267782.60000000,1763341199999999,6340.44081230,121,671106.40000000,3363.75663760,0
1763341200000000,0.00504800,0.00508000,0.00502900,0.00503000,343082.20000000,1763344799999999,1732.86729480,95,199794.20000000,1009.82143700,0
1763344800000000,0.00503100,0.00507100,0.00501900,0.00504100,330907.10000000,1763348399999999,1670.81875680,117,181867.80000000,917.65529420,0
1763348400000000,0.00504800,0.00508900,0.00504800,0.00507900,186582.80000000,1763351999999999,946.01757390,89,104576.10000000,530.29562090,0
1763352000000000,0.00506700,0.00507900,0.00505500,0.00505500,232464.90000000,1763355599999999,1177.47348110,78,128609.30000000,651.42823110,0
1763355600000000,0.00505700,0.00507700,0.00502800,0.00505000,294311.30000000,1763359199999999,1485.74966390,72,109634.80000000,554.21975810,0
1763359200000000,0.00505200,0.00505400,0.00501800,0.00504800,362316.00000000,1763362799999999,1823.59602090,100,134422.10000000,676.88528920,0
1763362800000000,0.00504600,0.00506900,0.00503800,0.00506900,307270.60000000,1763366399999999,1553.06869590,72,67126.70000000,339.68113160,0
1763366400000000,0.00504700,0.00506900,0.00503000,0.00506500,1008256.80000000,1763369999999999,5096.39451950,119,572642.50000000,2897.12133310,0
1763370000000000,0.00505600,0.00507200,0.00503700,0.00504900,438456.40000000,1763373599999999,2217.04928710,89,230044.50000000,1163.94925810,0
1763373600000000,0.00505000,0.00508600,0.00504400,0.00505500,886028.80000000,1763377199999999,4487.98835200,102,118968.70000000,603.03716880,0
1763377200000000,0.00505400,0.00511700,0.00504800,0.00508500,1987007.40000000,1763380799999999,10117.92900990,175,1525403.90000000,7777.19682080,0
1763380800000000,0.00509000,0.00510100,0.00508200,0.00508700,423164.40000000,1763384399999999,2152.27193870,68,139806.30000000,711.30090570,0
1763384400000000,0.00508800,0.00509800,0.00493800,0.00497900,1647247.10000000,1763387999999999,8253.25272440,234,491666.80000000,2468.63679810,0
1763388000000000,0.00498500,0.00520000,0.00494000,0.00510100,12117399.90000000,1763391599999999,62265.34894940,780,6626575.60000000,34139.70306330,0
1763391600000000,0.00510000,0.00513000,0.00503900,0.00506700,4633067.50000000,1763395199999999,23632.77134010,255,1044287.10000000,5311.77016180,0
1763395200000000,0.00505300,0.00511400,0.00498000,0.00506400,22291667.40000000,1763398799999999,112135.64376800,1098,8848469.00000000,44663.65982450,0
1763398800000000,0.00505600,0.00506700,0.00491100,0.00492500,5720612.10000000,1763402399999999,28491.98768390,482,2969868.40000000,14753.19554740,0
1763402400000000,0.00492100,0.00493800,0.00484800,0.00486300,1894010.40000000,1763405999999999,9258.82412510,262,877872.00000000,4284.89339200,0
1763406000000000,0.00485900,0.00488500,0.00480700,0.00482200,2313162.90000000,1763409599999999,11193.79357900,273,1463962.90000000,7085.50072500,0
1763409600000000,0.00481200,0.00485200,0.00479800,0.00484100,3220849.70000000,1763413199999999,15517.89644750,287,1837350.10000000,8864.94559490,0
1763413200000000,0.00483900,0.00486300,0.00479000,0.00481100,3083252.10000000,1763416799999999,14857.85478490,266,1697278.20000000,8193.20142040,0
1763416800000000,0.00480600,0.00484800,0.00476400,0.00484400,2438717.00000000,1763420399999999,11678.49555410,292,927767.10000000,4446.40193090,0
1763420400000000,0.00483000,0.00485300,0.00482000,0.00485000,689311.40000000,1763423999999999,3332.75130210,98,466471.70000000,2255.81976390,0
1763424000000000,0.00484200,0.00486100,0.00477300,0.00484300,3255795.50000000,1763427599999999,15729.98912410,258,1004587.90000000,4857.56453430,0
1763427600000000,0.00484300,0.00490000,0.00483200,0.00486500,3320472.00000000,1763431199999999,16197.30874070,259,2732423.80000000,13334.30010280,0
1763431200000000,0.00485900,0.00494700,0.00481200,0.00483700,1774622.90000000,1763434799999999,8618.42252940,144,362371.50000000,1771.51609580,0
1763434800000000,0.00483600,0.00489200,0.00475800,0.00487400,7812109.50000000,1763438399999999,37625.86912900,1117,4095237.00000000,19764.93509530,0
1763438400000000,0.00486800,0.00491200,0.00477500,0.00491100,7182372.40000000,1763441999999999,34777.65459730,645,2810414.50000000,13647.08863220,0
1763442000000000,0.00489700,0.00493800,0.00486800,0.00487200,1632887.60000000,1763445599999999,8004.30000830,267,728097.60000000,3567.03261800,0
1763445600000000,0.00486600,0.00488700,0.00480200,0.00480200,2222369.50000000,1763449199999999,10803.43107390,259,602411.90000000,2921.33176040,0
1763449200000000,0.00479100,0.00481700,0.00475000,0.00477200,3170467.00000000,1763452799999999,15150.68450710,412,1130305.20000000,5412.89653340,0
1763452800000000,0.00478900,0.00484000,0.00476500,0.00483000,4078940.30000000,1763456399999999,19604.31261350,418,2138141.40000000,10259.22559900,0
1763456400000000,0.00483700,0.00483700,0.00475100,0.00476500,4460079.00000000,1763459999999999,21417.88522810,353,1995982.70000000,9551.70206810,0
1763460000000000,0.00476600,0.00480200,0.00474500,0.00477700,4572945.20000000,1763463599999999,21893.19339550,298,4164408.80000000,19944.75926180,0
1763463600000000,0.00477000,0.00477900,0.00472800,0.00472800,1198784.00000000,1763467199999999,5697.80053320,184,598264.20000000,2845.05239990,0
1763467200000000,0.00472800,0.00476800,0.00470700,0.00474900,1528558.60000000,1763470799999999,7238.16579960,225,746429.20000000,3535.78391150,0
1763470800000000,0.00474000,0.00474800,0.00467700,0.00471400,2518440.10000000,1763474399999999,11826.59702280,204,1082606.70000000,5090.79100940,0
1763474400000000,0.00471600,0.00478400,0.00469600,0.00471100,2278628.80000000,1763477999999999,10796.61679160,345,1220016.70000000,5786.48585460,0
1763478000000000,0.00469900,0.00483300,0.00469200,0.00481100,7252230.50000000,1763481599999999,34785.19754830,513,5249358.50000000,25193.31713370,0
1763481600000000,0.00482600,0.00489200,0.00480400,0.00487300,7759347.40000000,1763485199999999,37645.91112490,559,5982473.40000000,29010.25733000,0
1763485200000000,0.00487500,0.00488100,0.00483100,0.00485700,800559.00000000,1763488799999999,3890.60872140,209,451272.70000000,2193.45411880,0
1763488800000000,0.00486700,0.00490600,0.00486200,0.00489300,1416389.20000000,1763492399999999,6922.04556620,254,860586.70000000,4208.89600710,0
1763492400000000,0.00488600,0.00491800,0.00488100,0.00490000,1108577.10000000,1763495999999999,5434.71525150,198,441411.90000000,2165.72901280,0
1763496000000000,0.00490600,0.00491800,0.00483700,0.00483800,2729844.50000000,1763499599999999,13315.94365750,497,911495.40000000,4444.06582830,0
1763499600000000,0.00483600,0.00485400,0.00479400,0.00480000,4269738.00000000,1763503199999999,20608.23654070,513,1847119.10000000,8932.00956770,0
1763503200000000,0.00479700,0.00489000,0.00479400,0.00486900,2442051.70000000,1763506799999999,11800.73814660,200,1539781.10000000,7452.98060650,0
1763506800000000,0.00486200,0.00488300,0.00484200,0.00486900,1034486.50000000,1763510399999999,5030.20697000,309,388994.40000000,1891.41181280,0
1763510400000000,0.00485800,0.00485800,0.00479000,0.00482900,656019.90000000,1763513999999999,3166.16957250,114,289795.70000000,1394.61990870,0
1763514000000000,0.00482200,0.00483000,0.00477300,0.00479900,7974797.20000000,1763517599999999,38238.61014550,590,1881623.20000000,9027.75363670,0
1763517600000000,0.00479200,0.00481300,0.00474700,0.00476100,2858231.40000000,1763521199999999,13633.38280870,380,1448129.80000000,6906.37713860,0
1763521200000000,0.00475900,0.00475900,0.00459200,0.00466900,7725381.30000000,1763524799999999,36111.07521970,491,4248881.30000000,19835.86989070,0
1763524800000000,0.00466000,0.00466000,0.00461000,0.00462000,3544440.80000000,1763528399999999,16430.07470580,280,1444827.80000000,6700.46923180,0
1763528400000000,0.00460700,0.00462000,0.00451400,0.00455300,3383080.80000000,1763531999999999,15427.44974990,304,2459819.20000000,11214.43023930,0
1763532000000000,0.00453700,0.00461800,0.00453000,0.00461100,1181750.80000000,1763535599999999,5405.18758820,178,940976.90000000,4306.70051130,0
1763535600000000,0.00461900,0.00465800,0.00461900,0.00465100,2184098.80000000,1763539199999999,10136.19639270,191,1517483.00000000,7044.79740890,0
1763539200000000,0.00466000,0.00466900,0.00463000,0.00464400,1665709.50000000,1763542799999999,7732.07221440,89,180174.10000000,838.14162440,0
1763542800000000,0.00464100,0.00464900,0.00461400,0.00464600,629435.90000000,1763546399999999,2914.97578250,114,227469.40000000,1053.84791670,0
1763546400000000,0.00464700,0.00466400,0.00463400,0.00464200,3271024.30000000,1763549999999999,15234.02333940,77,3123238.20000000,14547.00405390,0
1763550000000000,0.00464600,0.00466300,0.00463300,0.00463900,1322356.10000000,1763553599999999,6143.18293290,177,616366.50000000,2862.25560950,0
1763553600000000,0.00463900,0.00466800,0.00463500,0.00466200,1461947.10000000,1763557199999999,6794.92944900,349,510487.30000000,2374.26480990,0
1763557200000000,0.00466200,0.00467400,0.00464300,0.00465300,677907.20000000,1763560799999999,3155.89866740,92,161887.60000000,754.25603160,0
1763560800000000,0.00464400,0.00469000,0.00460200,0.00468300,4237036.20000000,1763564399999999,19687.66943450,532,1493505.30000000,6957.14136230,0
1763564400000000,0.00468300,0.00474600,0.00457700,0.00458200,1708158.20000000,1763567999999999,7934.19114130,257,1059682.50000000,4933.92840080,0
1763568000000000,0.00458600,0.00460300,0.00447100,0.00448700,3420475.80000000,1763571599999999,15514.68240910,291,1938503.90000000,8801.81128630,0
1763571600000000,0.00449700,0.00451800,0.00438800,0.00444400,2972448.60000000,1763575199999999,13196.77422610,315,843545.10000000,3745.12388290,0
1763575200000000,0.00443900,0.00447900,0.00438700,0.00442400,1645371.20000000,1763578799999999,7305.86510970,192,1098607.40000000,4877.42487090,0
1763578800000000,0.00442200,0.00445400,0.00439800,0.00443200,993782.20000000,1763582399999999,4396.86888340,143,652249.10000000,2887.56340040,0
1763582400000000,0.00443800,0.00454200,0.00443600,0.00454200,2114683.50000000,1763585999999999,9497.59812080,302,990343.50000000,4442.97364880,0
1763586000000000,0.00454800,0.00474400,0.00453500,0.00463300,53424924.90000000,1763589599999999,249322.45665370,5693,30908579.60000000,144489.14544160,0
1763589600000000,0.00464000,0.00465400,0.00458300,0.00462900,7483443.90000000,1763593199999999,34568.67445940,728,1916643.50000000,8857.47398380,0
1763593200000000,0.00462200,0.00468700,0.00462200,0.00468700,3387301.30000000,1763596799999999,15755.57722190,334,1551932.50000000,7220.20973390,0
1763596800000000,0.00467200,0.00472800,0.00466300,0.00471300,1081026.10000000,1763600399999999,5083.95306640,175,326376.20000000,1534.39097740,0
1763600400000000,0.00470600,0.00476700,0.00470600,0.00475600,2414740.60000000,1763603999999999,11465.65011580,288,736665.60000000,3494.83938480,0
1763604000000000,0.00476000,0.00479200,0.00475200,0.00478800,2027240.60000000,1763607599999999,9679.79298190,253,666789.80000000,3184.75476570,0
1763607600000000,0.00478400,0.00480700,0.00477300,0.00479400,973722.60000000,1763611199999999,4665.26911390,170,412655.70000000,1978.87693140,0
1763611200000000,0.00479100,0.00480700,0.00477500,0.00480700,744207.00000000,1763614799999999,3565.80680130,79,265344.30000000,1273.44477820,0
1763614800000000,0.00482000,0.00482100,0.00478000,0.00481300,577616.90000000,1763618399999999,2774.16044360,85,324582.60000000,1560.41984880,0
1763618400000000,0.00480200,0.00483200,0.00479700,0.00482200,1110809.40000000,1763621999999999,5353.16658460,260,298496.80000000,1439.56340040,0
1763622000000000,0.00482200,0.00487500,0.00481700,0.00487200,3241945.50000000,1763625599999999,15700.02671940,241,2366198.70000000,11453.93927720,0
1763625600000000,0.00486600,0.00487500,0.00481600,0.00485100,2265816.60000000,1763629199999999,10980.79602350,185,1246934.60000000,6041.04705460,0
1763629200000000,0.00485200,0.00485500,0.00481800,0.00483600,5043058.70000000,1763632799999999,24380.69321780,292,717669.80000000,3475.11523510,0
1763632800000000,0.00483000,0.00486400,0.00481600,0.00485300,1176763.00000000,1763636399999999,5681.94840290,175,549438.90000000,2654.02034190,0
1763636400000000,0.00486500,0.00491000,0.00484200,0.00489400,4556638.90000000,1763639999999999,22247.58552140,342,1468227.30000000,7184.18240030,0
1763640000000000,0.00489600,0.00512500,0.00489600,0.00501300,62016766.00000000,1763643599999999,313345.34220640,3401,30034654.10000000,151864.58371460,0
1763643600000000,0.00502100,0.00511100,0.00497000,0.00501100,26081555.80000000,1763647199999999,131434.66357280,1615,11786310.50000000,59452.98820210,0
1763647200000000,0.00499300,0.00505300,0.00489300,0.00495400,15253708.40000000,1763650799999999,75691.87350920,980,5627524.60000000,27965.98243410,0
1763650800000000,0.00494300,0.00494300,0.00486300,0.00488500,3478359.60000000,1763654399999999,17041.18675580,208,1387086.00000000,6799.48764750,0
1763654400000000,0.00485600,0.00486900,0.00458000,0.00461000,16146787.30000000,1763657999999999,76362.11446460,1249,4550287.40000000,21406.56350090,0
1763658000000000,0.00461500,0.00463400,0.00453800,0.00456700,3193523.50000000,1763661599999999,14591.87703690,371,2104855.60000000,9624.05760600,0
1763661600000000,0.00456700,0.00461200,0.00453200,0.00456400,2728984.30000000,1763665199999999,12502.47562440,387,1773485.80000000,8121.95674330,0
1763665200000000,0.00454600,0.00463300,0.00452000,0.00463200,3861972.00000000,1763668799999999,17756.60674430,369,2917428.70000000,13414.71332450,0
1763668800000000,0.00462100,0.00462100,0.00457200,0.00458900,2035962.50000000,1763672399999999,9353.95846310,210,1769930.60000000,8133.22355890,0
1763672400000000,0.00458900,0.00467000,0.00458200,0.00464600,2520121.60000000,1763675999999999,11638.31921370,237,1722266.10000000,7943.53245010,0
1763676000000000,0.00464800,0.00478100,0.00464200,0.00473800,2183260.10000000,1763679599999999,10365.28592740,292,1608705.40000000,7637.86365790,0
1763679600000000,0.00473800,0.00473800,0.00465200,0.00465500,1402352.70000000,1763683199999999,6587.57287740,206,937333.90000000,4409.49113920,0
1763683200000000,0.00467200,0.00475000,0.00464600,0.00473300,2327711.40000000,1763686799999999,10955.87434370,384,1791653.90000000,8429.85066970,0
1763686800000000,0.00473600,0.00480300,0.00472800,0.00473800,2566067.00000000,1763690399999999,12192.65797820,316,764247.50000000,3638.50099300,0
1763690400000000,0.00473600,0.00474300,0.00460000,0.00462500,1587955.40000000,1763693999999999,7431.01258030,246,850483.60000000,3999.57826040,0
1763694000000000,0.00462800,0.00470200,0.00461700,0.00469300,1881092.40000000,1763697599999999,8768.05877310,298,979198.80000000,4569.31849020,0
1763697600000000,0.00468200,0.00470500,0.00463300,0.00469500,3523321.50000000,1763701199999999,16452.42343200,435,2074591.20000000,9700.99555050,0
1763701200000000,0.00470100,0.00475400,0.00466400,0.00466700,2988008.90000000,1763704799999999,14101.67133780,227,2167895.00000000,10234.78589210,0
1763704800000000,0.00467200,0.00478100,0.00466100,0.00471700,3620170.40000000,1763708399999999,17115.62182690,373,1719681.00000000,8108.11489860,0
1763708400000000,0.00471300,0.00472000,0.00428500,0.00448700,24340171.60000000,1763711999999999,108193.70878450,1598,15106914.60000000,66748.03230660,0
1763712000000000,0.00448100,0.00457900,0.00445600,0.00445600,5460948.90000000,1763715599999999,24646.98463200,469,3290893.90000000,14880.54264910,0
1763715600000000,0.00446300,0.00450300,0.00436200,0.00437200,5071708.10000000,1763719199999999,22322.07899930,575,1172966.90000000,5160.66418500,0
1763719200000000,0.00436900,0.00441900,0.00432600,0.00438200,4323663.00000000,1763722799999999,18855.04875310,387,1359259.80000000,5931.76628390,0
1763722800000000,0.00437600,0.00441200,0.00429300,0.00431400,1690038.70000000,1763726399999999,7342.20732270,225,420517.30000000,1832.62831590,0
1763726400000000,0.00431700,0.00445700,0.00427400,0.00442300,6982938.40000000,1763729999999999,30498.39496150,743,1830249.90000000,7955.77170800,0
1763730000000000,0.00442400,0.00446400,0.00440500,0.00442200,3276498.10000000,1763733599999999,14528.75061760,385,1126765.50000000,5000.57649190,0
1763733600000000,0.00441900,0.00449500,0.00439300,0.00447800,2056817.80000000,1763737199999999,9136.79101470,308,1263063.10000000,5610.02191190,0
1763737200000000,0.00447800,0.00447800,0.00435400,0.00436500,3110806.30000000,1763740799999999,13690.40322660,390,1220968.00000000,5362.79330650,0
1763740800000000,0.00436000,0.00444200,0.00429200,0.00443800,5298561.70000000,1763744399999999,22908.96617180,785,3701833.50000000,16004.27419010,0
1763744400000000,0.00443700,0.00448800,0.00440700,0.00441200,3303968.90000000,1763747999999999,14721.79146700,537,1185025.70000000,5288.60834810,0
1763748000000000,0.00442200,0.00445200,0.00431800,0.00441200,3653946.80000000,1763751599999999,15990.89348120,558,1133254.80000000,4949.33464340,0
1763751600000000,0.00441900,0.00447900,0.00438800,0.00444300,9839461.60000000,1763755199999999,43796.89065230,563,2606004.80000000,11604.03026830,0
1763755200000000,0.00444900,0.00446400,0.00433000,0.00437500,4328189.10000000,1763758799999999,19093.66384820,668,2042284.00000000,9028.31330940,0
1763758800000000,0.00437300,0.00444500,0.00435100,0.00443100,2873371.40000000,1763762399999999,12616.60454570,405,939809.90000000,4131.87426620,0
1763762400000000,0.00443200,0.00444300,0.00430000,0.00431800,3026291.00000000,1763765999999999,13217.00669530,626,746485.60000000,3274.92602560,0
1763766000000000,0.00432200,0.00442000,0.00426200,0.00440300,3503457.20000000,1763769599999999,15172.57487210,479,1089636.00000000,4707.77097190,0
1763769600000000,0.00440500,0.00441800,0.00435200,0.00438700,2837142.80000000,1763773199999999,12462.72155770,618,995091.40000000,4376.66096680,0
1763773200000000,0.00440000,0.00442700,0.00437900,0.00441200,3071951.20000000,1763776799999999,13527.66348080,456,804973.30000000,3548.97283640,0
1763776800000000,0.00441300,0.00441900,0.00435700,0.00438600,1190582.80000000,1763780399999999,5220.05967260,322,113109.60000000,495.79738930,0
1763780400000000,0.00438600,0.00439200,0.00429500,0.00429900,3833066.60000000,1763783999999999,16634.37030570,621,1610497.30000000,6966.57024280,0
1763784000000000,0.00429300,0.00430200,0.00421000,0.00427700,5467735.30000000,1763787599999999,23222.28312770,788,1953084.40000000,8294.72456370,0
1763787600000000,0.00427400,0.00428300,0.00420500,0.00422800,8435321.00000000,1763791199999999,35702.57815860,405,3329613.90000000,14056.08606870,0
1763791200000000,0.00423400,0.00428800,0.00419000,0.00427800,4559509.60000000,1763794799999999,19217.31538890,333,1284260.10000000,5435.09452180,0
1763794800000000,0.00428500,0.00431200,0.00427700,0.00429900,633266.10000000,1763798399999999,2719.90466710,108,334532.20000000,1437.94749640,0
1763798400000000,0.00429700,0.00429700,0.00420000,0.00423400,1097762.80000000,1763801999999999,4652.27996410,231,398462.00000000,1689.71703450,0
1763802000000000,0.00423500,0.00431500,0.00422300,0.00428200,962673.90000000,1763805599999999,4105.94916870,159,524886.30000000,2236.02236050,0
1763805600000000,0.00428000,0.00429600,0.00423900,0.00425300,735542.60000000,1763809199999999,3136.36028420,103,266675.90000000,1139.16789910,0
1763809200000000,0.00426300,0.00432800,0.00425300,0.00430000,928803.30000000,1763812799999999,3986.53481830,136,539454.20000000,2316.16616800,0
1763812800000000,0.00429400,0.00429500,0.00426400,0.00427500,681883.80000000,1763816399999999,2917.30335300,170,342816.50000000,1466.61567090,0
1763816400000000,0.00427600,0.00429600,0.00425600,0.00429300,1436245.40000000,1763819999999999,6139.09662940,162,512939.20000000,2193.62542440,0
1763820000000000,0.00430100,0.00436200,0.00429900,0.00434600,724406.30000000,1763823599999999,3138.21281480,162,289694.40000000,1257.64087830,0
1763823600000000,0.00434500,0.00434500,0.00427500,0.00429700,5132176.60000000,1763827199999999,22140.58626390,227,887493.70000000,3822.12117070,0
1763827200000000,0.00429700,0.00435900,0.00429700,0.00435600,822323.60000000,1763830799999999,3562.94541900,204,448089.40000000,1943.06146990,0
1763830800000000,0.00435600,0.00437600,0.00433600,0.00435800,4040173.30000000,1763834399999999,17600.47881390,264,1758521.30000000,7663.62389900,0
1763834400000000,0.00435000,0.00436100,0.00431600,0.00434900,4137804.10000000,1763837999999999,17951.22533400,311,1315879.50000000,5700.92563540,0
1763838000000000,0.00435100,0.00435900,0.00429500,0.00429500,2173517.90000000,1763841599999999,9373.24220040,381,1090600.10000000,4710.22939760,0
1763841600000000,0.00429700,0.00433500,0.00425800,0.00426800,950092.90000000,1763845199999999,4081.54784170,233,504515.50000000,2167.52890270,0
1763845200000000,0.00427100,0.00429700,0.00427100,0.00428700,930838.70000000,1763848799999999,3988.36458530,218,363340.10000000,1557.03401250,0
1763848800000000,0.00429400,0.00437400,0.00427400,0.00436700,1519342.00000000,1763852399999999,6556.04979070,249,872875.80000000,3764.48473220,0
1763852400000000,0.00435900,0.00436000,0.00430600,0.00430600,519932.90000000,1763855999999999,2250.69235010,158,248293.00000000,1075.37898210,0
1763856000000000,0.00431600,0.00432700,0.00428400,0.00430700,1574306.70000000,1763859599999999,6767.26412120,327,1243410.20000000,5344.19904160,0
1763859600000000,0.00429800,0.00435900,0.00429800,0.00433600,743454.40000000,1763863199999999,3213.77535740,166,570658.50000000,2465.42549520,0
1763863200000000,0.00433800,0.00438400,0.00432600,0.00436000,4025897.00000000,1763866799999999,17576.88261880,430,3060311.20000000,13367.96297870,0
1763866800000000,0.00436000,0.00437900,0.00433100,0.00435100,4445258.60000000,1763870399999999,19347.59874600,314,2194896.10000000,9570.27049520,0
1763870400000000,0.00435500,0.00442000,0.00435000,0.00439800,3654610.20000000,1763873999999999,16050.82312690,319,2468466.40000000,10846.41266270,0
1763874000000000,0.00439700,0.00439900,0.00437000,0.00439400,512470.30000000,1763877599999999,2245.45566810,90,187734.10000000,822.79612600,0
1763877600000000,0.00439500,0.00440500,0.00435600,0.00436800,587008.40000000,1763881199999999,2564.99948890,77,481484.30000000,2103.02682720,0
1763881200000000,0.00436800,0.00443800,0.00433900,0.00443100,4070106.50000000,1763884799999999,17795.30497960,405,2040188.70000000,8937.62808930,0
1763884800000000,0.00443500,0.00447800,0.00442000,0.00446700,2854827.30000000,1763888399999999,12714.67453960,227,749540.50000000,3337.86513810,0
1763888400000000,0.00446600,0.00446600,0.00444200,0.00444800,1048927.00000000,1763891999999999,4674.94395280,85,329040.50000000,1467.07792030,0
1763892000000000,0.00444200,0.00447500,0.00444100,0.00446700,601748.00000000,1763895599999999,2681.16883610,69,501515.10000000,2234.60936910,0
1763895600000000,0.00447000,0.00449800,0.00444000,0.00448900,4967876.20000000,1763899199999999,22229.13220390,215,2895082.40000000,12943.32367420,0
1763899200000000,0.00449700,0.00451700,0.00449200,0.00450000,3228681.50000000,1763902799999999,14535.29524550,162,2505272.00000000,11278.72353660,0
1763902800000000,0.00451500,0.00451500,0.00446200,0.00448300,2192144.00000000,1763906399999999,9819.35203390,132,1512116.10000000,6765.47812330,0
1763906400000000,0.00449900,0.00451500,0.00446500,0.00446700,1024888.50000000,1763909999999999,4606.33754650,197,286053.10000000,1284.65942390,0
1763910000000000,0.00446700,0.00451500,0.00446500,0.00450400,784628.60000000,1763913599999999,3525.67786530,159,222181.40000000,997.18514790,0
1763913600000000,0.00449600,0.00451100,0.00447300,0.00447300,1820452.00000000,1763917199999999,8162.70708010,167,924161.30000000,4141.45689110,0
1763917200000000,0.00446500,0.00447000,0.00443800,0.00444600,2496403.50000000,1763920799999999,11108.06158330,113,96575.00000000,429.76976870,0
1763920800000000,0.00444500,0.00448900,0.00444400,0.00445900,2104487.20000000,1763924399999999,9407.03937100,165,965994.60000000,4325.63806960,0
1763924400000000,0.00447600,0.00451700,0.00447300,0.00450700,437653.00000000,1763927999999999,1969.72132910,85,262460.10000000,1180.41675110,0
1763928000000000,0.00450600,0.00451900,0.00449600,0.00450100,664613.10000000,1763931599999999,2993.81228800,94,553162.10000000,2491.96292230,0
1763931600000000,0.00450000,0.00452000,0.00447800,0.00451200,6815722.30000000,1763935199999999,30685.98271890,143,6270183.40000000,28234.97297810,0
1763935200000000,0.00450800,0.00450800,0.00449100,0.00450300,3169269.20000000,1763938799999999,14262.39455680,117,228689.60000000,1029.74515850,0
1763938800000000,0.00449400,0.00450700,0.00445000,0.00446400,4404098.20000000,1763942399999999,19748.27346700,203,561944.70000000,2511.47957800,0
1763942400000000,0.00445600,0.00447700,0.00440800,0.00444600,4342786.60000000,1763945999999999,19224.14815850,367,2183479.70000000,9670.81872230,0
1763946000000000,0.00444000,0.00446800,0.00443300,0.00446400,1818089.90000000,1763949599999999,8078.20396750,291,651129.50000000,2896.85462340,0
1763949600000000,0.00447200,0.00454200,0.00447200,0.00451200,3372045.30000000,1763953199999999,15233.66772140,238,2763156.70000000,12482.85125370,0
1763953200000000,0.00451200,0.00454500,0.00449700,0.00452400,673118.50000000,1763956799999999,3049.13764560,91,225965.50000000,1022.79959300,0
1763956800000000,0.00452400,0.00453800,0.00443900,0.00446100,1476903.00000000,1763960399999999,6603.92680410,242,705362.90000000,3162.10398490,0
1763960400000000,0.00446700,0.00453400,0.00446700,0.00450600,588170.90000000,1763963999999999,2652.69473050,113,256482.40000000,1155.23543110,0
1763964000000000,0.00450800,0.00451300,0.00446500,0.00449200,1543048.30000000,1763967599999999,6937.24017770,311,537865.60000000,2418.91872890,0
1763967600000000,0.00449200,0.00452300,0.00447100,0.00450500,1566966.80000000,1763971199999999,7057.25761820,260,883407.30000000,3984.55121780,0
1763971200000000,0.00449800,0.00452100,0.00449000,0.00452100,605656.00000000,1763974799999999,2725.82457510,174,465602.70000000,2095.95433790,0
1763974800000000,0.00451600,0.00451600,0.00441500,0.00443200,6597970.90000000,1763978399999999,29481.76710760,245,1892795.30000000,8406.10348000,0
1763978400000000,0.00443100,0.00447300,0.00443100,0.00445500,1418917.80000000,1763981999999999,6314.29808440,416,883889.30000000,3934.05169590,0
1763982000000000,0.00445200,0.00448700,0.00444000,0.00446600,1587839.60000000,1763985599999999,7089.24954100,430,820399.20000000,3664.87992560,0
1763985600000000,0.00446500,0.00447100,0.00442600,0.00443300,1217484.00000000,1763989199999999,5420.83876280,327,654197.70000000,2914.02628670,0
1763989200000000,0.00443600,0.00448500,0.00442700,0.00446200,1401563.90000000,1763992799999999,6254.32544820,328,784391.00000000,3500.51319410,0
1763992800000000,0.00444800,0.00449400,0.00439400,0.00445100,6462654.40000000,1763996399999999,28749.17154510,578,3598274.10000000,16024.25598750,0
1763996400000000,0.00446100,0.00452300,0.00444800,0.00449700,2329825.90000000,1763999999999999,10445.44474030,495,1231292.90000000,5522.73937380,0
1764000000000000,0.00449700,0.00456900,0.00449700,0.00454600,3965997.60000000,1764003599999999,18000.00146180,544,2357254.30000000,10687.72435140,0
1764003600000000,0.00455200,0.00464700,0.00453500,0.00464100,9087011.00000000,1764007199999999,41784.91971810,948,5705516.20000000,26211.60779540,0
1764007200000000,0.00464200,0.00466000,0.00461800,0.00462500,2627687.90000000,1764010799999999,12186.99355910,549,1023967.00000000,4751.01580380,0
1764010800000000,0.00463100,0.00465200,0.00461000,0.00461800,1346490.90000000,1764014399999999,6236.75642440,318,581943.50000000,2697.86689270,0
1764014400000000,0.00461900,0.00465100,0.00460100,0.00463900,2654871.70000000,1764017999999999,12289.27884710,365,1406363.00000000,6512.55806840,0
1764018000000000,0.00463500,0.00464400,0.00458700,0.00459700,1796063.30000000,1764021599999999,8290.35453980,354,594124.30000000,2749.42852970,0
1764021600000000,0.00459200,0.00462200,0.00458200,0.00459200,1217434.70000000,1764025199999999,5596.14125710,267,785414.00000000,3611.44875250,0
1764025200000000,0.00459400,0.00460300,0.00454200,0.00455400,1394481.40000000,1764028799999999,6371.23705100,323,592963.70000000,2709.02039650,0
1764028800000000,0.00455700,0.00458400,0.00455300,0.00457500,1589557.60000000,1764032399999999,7261.05369070,370,802113.70000000,3665.71359030,0
1764032400000000,0.00457500,0.00459000,0.00453500,0.00454000,1473005.00000000,1764035999999999,6728.28720390,346,648956.10000000,2966.17949720,0
1764036000000000,0.00453500,0.00454800,0.00448700,0.00453200,3884319.90000000,1764039599999999,17549.32695420,482,1006156.10000000,4546.73954350,0
1764039600000000,0.00452800,0.00455300,0.00452200,0.00453000,1347810.80000000,1764043199999999,6116.42568600,334,618919.00000000,2810.46954410,0
1764043200000000,0.00452500,0.00455600,0.00451300,0.00454900,1662691.20000000,1764046799999999,7538.35235620,345,828818.40000000,3760.46228530,0
1764046800000000,0.00454300,0.00455700,0.00452400,0.00454800,1202256.40000000,1764050399999999,5461.53933900,312,526284.20000000,2392.40351270,0
1764050400000000,0.00453900,0.00454600,0.00450400,0.00453100,1465067.60000000,1764053999999999,6630.78776600,348,753173.20000000,3411.68477220,0
1764054000000000,0.00452500,0.00455800,0.00451400,0.00453100,2115722.90000000,1764057599999999,9613.41903630,452,1085452.10000000,4932.98930570,0
1764057600000000,0.00452500,0.00454000,0.00447300,0.00448300,4522481.50000000,1764061199999999,20360.52525530,527,1470782.80000000,6621.52231080,0
1764061200000000,0.00448700,0.00453100,0.00447300,0.00453100,1837565.10000000,1764064799999999,8263.63351400,355,846548.20000000,3806.99269520,0
1764064800000000,0.00452600,0.00453800,0.00450500,0.00453200,3073160.10000000,1764068399999999,13908.40824640,386,2170696.10000000,9826.07680590,0
1764068400000000,0.00452800,0.00455300,0.00451300,0.00452200,5101455.50000000,1764071999999999,23130.21889690,481,3341270.10000000,15161.11782330,0
1764072000000000,0.00452200,0.00457800,0.00451600,0.00456300,2278052.90000000,1764075599999999,10366.80358830,459,919897.00000000,4187.91069470,0
1764075600000000,0.00455700,0.00458000,0.00451700,0.00452400,1382345.40000000,1764079199999999,6295.77927540,326,606564.10000000,2762.38866150,0
1764079200000000,0.00452600,0.00456200,0.00445600,0.00451500,2537168.40000000,1764082799999999,11471.03289510,448,1314496.80000000,5952.14009970,0
1764082800000000,0.00451800,0.00457000,0.00447700,0.00455300,3034061.00000000,1764086399999999,13747.74861010,458,1711125.80000000,7753.86268180,0
1764086400000000,0.00456400,0.00459700,0.00453900,0.00459300,1534588.80000000,1764089999999999,7014.02664860,376,625050.90000000,2857.84933150,0
1764090000000000,0.00459100,0.00464600,0.00456700,0.00462700,2453313.10000000,1764093599999999,11335.01610790,442,1196317.00000000,5532.94882290,0
1764093600000000,0.00462400,0.00464500,0.00458300,0.00459100,1763193.30000000,1764097199999999,8152.50206460,345,579413.20000000,2681.84036590,0
1764097200000000,0.00459300,0.00459700,0.00451300,0.00457500,1673077.20000000,1764100799999999,7612.49131110,410,789621.30000000,3592.26116910,0
1764100800000000,0.00457900,0.00462100,0.00457300,0.00460900,1409859.80000000,1764104399999999,6476.72305680,334,591255.00000000,2717.53563770,0
1764104400000000,0.00460500,0.00462000,0.00459600,0.00460600,1676625.90000000,1764107999999999,7730.18379950,364,677558.30000000,3124.80468510,0
1764108000000000,0.00460200,0.00464900,0.00456500,0.00464800,4833873.10000000,1764111599999999,22293.48927710,646,3199628.60000000,14757.83759820,0
1764111600000000,0.00464500,0.00469200,0.00464100,0.00465800,2039076.80000000,1764115199999999,9508.32632470,457,650499.10000000,3035.43171150,0
1764115200000000,0.00465400,0.00468100,0.00464600,0.00465900,1328866.70000000,1764118799999999,6194.37215720,328,569253.20000000,2654.62689580,0
1764118800000000,0.00465400,0.00469900,0.00463400,0.00467800,1248381.50000000,1764122399999999,5821.32694560,323,624577.70000000,2913.05241250,0
1764122400000000,0.00467300,0.00468300,0.00465800,0.00466200,1459747.60000000,1764125999999999,6815.94672020,345,705535.50000000,3295.81472760,0
1764126000000000,0.00465600,0.00466400,0.00460600,0.00462000,3360202.70000000,1764129599999999,15586.66382360,422,1072623.40000000,4971.19408620,0
1764129600000000,0.00461600,0.00462400,0.00459500,0.00461800,1585665.60000000,1764133199999999,7315.49593940,353,704898.70000000,3252.92520220,0
1764133200000000,0.00461300,0.00465500,0.00461100,0.00464500,1433335.70000000,1764136799999999,6642.87444650,363,715538.50000000,3316.87788950,0
1764136800000000,0.00464700,0.00465200,0.00462700,0.00464300,1300002.70000000,1764140399999999,6027.08181390,331,636900.00000000,2953.94601360,0
1764140400000000,0.00463800,0.00466000,0.00462800,0.00465400,1162489.20000000,1764143999999999,5396.17568890,294,552375.00000000,2564.72487440,0
1764144000000000,0.00465400,0.00465400,0.00460300,0.00460500,2015652.00000000,1764147599999999,9313.97746980,344,857044.20000000,3957.74313620,0
1764147600000000,0.00460200,0.00461200,0.00455000,0.00455500,2611698.30000000,1764151199999999,11954.42630210,433,1224442.00000000,5606.85336310,0
1764151200000000,0.00456000,0.00458000,0.00454800,0.00457500,2283657.50000000,1764154799999999,10428.33122590,391,1487598.90000000,6794.98348240,0
1764154800000000,0.00457100,0.00457500,0.00453600,0.00453800,1958880.50000000,1764158399999999,8915.58966020,353,949445.20000000,4321.91009110,0
1764158400000000,0.00453600,0.00454300,0.00449700,0.00454100,4824312.10000000,1764161999999999,21769.69184320,473,1336940.70000000,6047.58804410,0
1764162000000000,0.00453700,0.00459000,0.00453200,0.00458600,2410058.30000000,1764165599999999,10972.07185050,452,1251707.30000000,5701.77469960,0
1764165600000000,0.00458800,0.00462400,0.00455100,0.00455600,2691359.50000000,1764169199999999,12362.70150450,448,1692755.60000000,7779.32943950,0
1764169200000000,0.00456200,0.00457800,0.00453400,0.00456800,7473461.50000000,1764172799999999,34052.13875120,765,2534045.90000000,11552.49862290,0
1764172800000000,0.00456700,0.00460400,0.00454200,0.00459000,3036484.20000000,1764176399999999,13891.22555930,536,1634469.40000000,7479.44298800,0
1764176400000000,0.00459000,0.00469800,0.00458800,0.00468900,3339862.50000000,1764179999999999,15513.47099190,521,1816152.00000000,8433.90465580,0
1764180000000000,0.00469900,0.00475600,0.00468400,0.00474900,5728717.30000000,1764183599999999,27113.64264850,507,3994803.00000000,18920.90075970,0
1764183600000000,0.00475100,0.00477100,0.00474200,0.00476600,2875222.70000000,1764187199999999,13664.95603340,484,1288527.60000000,6126.96009800,0
1764187200000000,0.00476200,0.00476800,0.00472100,0.00474100,2701854.10000000,1764190799999999,12808.34433550,406,1115134.20000000,5284.48342970,0
1764190800000000,0.00473600,0.00476900,0.00472000,0.00474500,2248200.30000000,1764194399999999,10669.79930250,408,766067.30000000,3634.92023180,0
1764194400000000,0.00474900,0.00476800,0.00473100,0.00474500,1302884.40000000,1764197999999999,6182.25480640,335,491330.60000000,2332.54911590,0
1764198000000000,0.00474200,0.00477300,0.00473300,0.00476900,3029063.30000000,1764201599999999,14405.69760680,497,971482.90000000,4619.44402390,0
1764201600000000,0.00477200,0.00479200,0.00475500,0.00476900,4231298.10000000,1764205199999999,20203.29018960,439,2786384.50000000,13311.22414720,0
1764205200000000,0.00477200,0.00479800,0.00476700,0.00479800,1845205.00000000,1764208799999999,8833.17633610,332,653809.70000000,3129.37384300,0
1764208800000000,0.00479400,0.00479800,0.00476200,0.00476200,2079560.00000000,1764212399999999,9945.89330630,433,632044.40000000,3021.89650600,0
1764212400000000,0.00476700,0.00478600,0.00474200,0.00474700,1839251.30000000,1764215999999999,8767.23349580,371,808535.50000000,3857.08675970,0
1764216000000000,0.00475100,0.00477700,0.00474600,0.00475500,1698260.90000000,1764219599999999,8090.07350350,320,889443.30000000,4239.99238020,0
1764219600000000,0.00475800,0.00475800,0.00471200,0.00471200,1630192.70000000,1764223199999999,7711.90087590,344,562825.00000000,2662.12468930,0
1764223200000000,0.00471200,0.00473600,0.00471200,0.00472600,1819035.00000000,1764226799999999,8589.94992390,309,640264.20000000,3025.26951070,0
1764226800000000,0.00472600,0.00473800,0.00468400,0.00472400,3955419.20000000,1764230399999999,18657.38395780,559,2132163.40000000,10063.13980320,0
1764230400000000,0.00471900,0.00473400,0.00468600,0.00470000,2983373.90000000,1764233999999999,14029.53040730,416,1561633.30000000,7347.67530940,0
1764234000000000,0.00470300,0.00472400,0.00469100,0.00469700,1862869.10000000,1764237599999999,8763.75609100,406,875072.90000000,4119.19557560,0
1764237600000000,0.00469800,0.00471800,0.00468700,0.00471500,2580931.60000000,1764241199999999,12139.91967300,418,950847.10000000,4475.44531620,0
1764241200000000,0.00471100,0.00472800,0.00470400,0.00471900,1770877.00000000,1764244799999999,8351.93265790,328,1199893.20000000,5660.25657370,0
1764244800000000,0.00471800,0.00472600,0.00467600,0.00467600,1851700.50000000,1764248399999999,8706.88687560,397,938203.60000000,4412.42746270,0
1764248400000000,0.00468300,0.00471200,0.00467500,0.00469600,2585620.90000000,1764251999999999,12150.84739440,425,1807491.90000000,8497.97233270,0
1764252000000000,0.00469600,0.00471300,0.00467500,0.00470100,2791793.30000000,1764255599999999,13102.71116720,485,1244563.60000000,5841.40992710,0
1764255600000000,0.00469800,0.00475500,0.00469700,0.00475000,1917148.90000000,1764259199999999,9054.91300300,391,1064120.70000000,5029.10604430,0
1764259200000000,0.00474700,0.00478400,0.00473200,0.00478300,1825415.30000000,1764262799999999,8684.50432170,403,972389.80000000,4628.89352410,0
1764262800000000,0.00478000,0.00479300,0.00476600,0.00478700,1934405.80000000,1764266399999999,9250.93938660,381,983472.60000000,4704.72793590,0
1764266400000000,0.00478800,0.00482500,0.00478500,0.00478500,2117904.90000000,1764269999999999,10165.32282360,360,979306.00000000,4704.01358030,0
1764270000000000,0.00479000,0.00482200,0.00478600,0.00481200,1548451.80000000,1764273599999999,7447.52417210,340,745128.30000000,3584.32963060,0
1764273600000000,0.00481800,0.00482100,0.00479200,0.00480700,1932650.70000000,1764277199999999,9296.60685860,342,738728.20000000,3553.81214260,0
1764277200000000,0.00481100,0.00483200,0.00479700,0.00479700,2237051.50000000,1764280799999999,10777.20731800,390,1302123.00000000,6275.99764920,0
1764280800000000,0.00479700,0.00480700,0.00474400,0.00475400,1541443.20000000,1764284399999999,7372.48889810,330,537383.50000000,2573.63871520,0
1764284400000000,0.00475200,0.00477700,0.00474400,0.00477600,2162062.80000000,1764287999999999,10296.20614700,345,1104185.80000000,5260.22515600,0
1764288000000000,0.00477500,0.00480700,0.00475700,0.00478000,2715108.60000000,1764291599999999,12984.45997580,436,1313917.10000000,6286.76261030,0
1764291600000000,0.00477900,0.00479400,0.00474400,0.00474800,2877240.40000000,1764295199999999,13721.02023480,490,1432354.80000000,6833.54666290,0
1764295200000000,0.00475400,0.00476600,0.00472100,0.00475100,2926858.50000000,1764298799999999,13879.36229840,527,1422335.40000000,6748.17328410,0
1764298800000000,0.00474800,0.00476500,0.00474000,0.00475100,2806694.10000000,1764302399999999,13327.73232150,455,1383613.40000000,6574.75862090,0
1764302400000000,0.00475600,0.00477400,0.00474000,0.00474200,2158467.60000000,1764305999999999,10265.06806420,397,1217346.00000000,5789.50149220,0
1764306000000000,0.00474500,0.00476400,0.00471000,0.00474200,3046835.00000000,1764309599999999,14419.02861600,464,1328105.20000000,6285.66227010,0
1764309600000000,0.00474100,0.00474200,0.00468600,0.00470100,2268316.40000000,1764313199999999,10681.07823680,378,1042189.90000000,4908.71543770,0
1764313200000000,0.00469300,0.00472500,0.00467600,0.00470400,2877146.90000000,1764316799999999,13531.73769950,406,1291998.70000000,6077.63953840,0
1764316800000000,0.00470300,0.00480400,0.00468000,0.00476500,5763820.90000000,1764320399999999,27392.22739630,698,3154147.30000000,15009.69549830,0
1764320400000000,0.00478100,0.00478100,0.00474600,0.00475200,1743064.20000000,1764323999999999,8288.67407510,308,1021548.10000000,4858.14540340,0
1764324000000000,0.00475200,0.00475800,0.00472600,0.00473700,2206515.00000000,1764327599999999,10466.99572540,388,1073624.00000000,5095.49399190,0
1764327600000000,0.00473600,0.00473700,0.00465500,0.00469700,3831512.90000000,1764331199999999,18004.72107430,430,2217060.00000000,10418.38025780,0
1764331200000000,0.00469400,0.00470300,0.00467900,0.00468500,1604059.50000000,1764334799999999,7528.08012030,314,764695.50000000,3589.58095660,0
1764334800000000,0.00468100,0.00472700,0.00463600,0.00470200,4032204.40000000,1764338399999999,18833.27660950,532,2369965.10000000,11069.13239600,0
1764338400000000,0.00470600,0.00474000,0.00468200,0.00470100,2867587.60000000,1764341999999999,13500.76570950,418,1326114.00000000,6245.78071270,0
1764342000000000,0.00470000,0.00475100,0.00468800,0.00470500,2490492.80000000,1764345599999999,11748.67834970,376,1442405.60000000,6804.84806450,0
1764345600000000,0.00470500,0.00470500,0.00462400,0.00462400,2167208.10000000,1764349199999999,10112.38873470,427,887192.60000000,4137.41967300,0
1764349200000000,0.00462300,0.00462600,0.00455800,0.00456400,2986666.60000000,1764352799999999,13707.48083400,487,1294550.20000000,5944.25774670,0
1764352800000000,0.00456700,0.00462700,0.00454100,0.00459700,3634179.80000000,1764356399999999,16648.91589680,587,2057786.30000000,9434.34521400,0
1764356400000000,0.00459300,0.00467100,0.00459300,0.00466400,3265813.90000000,1764359999999999,15173.75829540,575,1588630.10000000,7374.21682500,0
1764360000000000,0.00466200,0.00467700,0.00463300,0.00466700,2549216.80000000,1764363599999999,11861.63412600,458,1164084.90000000,5419.06411580,0
1764363600000000,0.00466500,0.00467600,0.00464800,0.00465300,1924978.50000000,1764367199999999,8977.50141760,364,823870.10000000,3842.58389450,0
1764367200000000,0.00464900,0.00466400,0.00462600,0.00465600,2386109.30000000,1764370799999999,11071.25059710,331,1542517.30000000,7148.08664880,0
1764370800000000,0.00465600,0.00467200,0.00465300,0.00466100,916903.80000000,1764374399999999,4275.92390970,251,496811.10000000,2317.25605240,0
1764374400000000,0.00466000,0.00466700,0.00464500,0.00466200,1114096.20000000,1764377999999999,5188.36528510,237,678260.20000000,3159.51492350,0
1764378000000000,0.00466200,0.00469000,0.00465800,0.00467200,1279642.40000000,1764381599999999,5979.30344540,316,649689.80000000,3036.70197790,0
1764381600000000,0.00467200,0.00468900,0.00465000,0.00468700,3576756.10000000,1764385199999999,16686.45293730,391,1328890.00000000,6199.41872840,0
1764385200000000,0.00468700,0.00471800,0.00467400,0.00470700,2305662.50000000,1764388799999999,10826.77531280,454,705925.00000000,3317.11412810,0
1764388800000000,0.00470300,0.00472800,0.00469700,0.00472800,1176787.20000000,1764392399999999,5541.99629790,335,615348.10000000,2898.81294090,0
1764392400000000,0.00472800,0.00473000,0.00470900,0.00471900,2130254.00000000,1764395999999999,10062.99638660,577,1122376.90000000,5303.57980780,0
1764396000000000,0.00472200,0.00473500,0.00468700,0.00471300,3339941.20000000,1764399599999999,15728.54425900,919,1614169.50000000,7598.81336460,0
1764399600000000,0.00471000,0.00471000,0.00467900,0.00470200,2989811.20000000,1764403199999999,14040.37926050,943,1385880.50000000,6507.77199680,0
1764403200000000,0.00469900,0.00470100,0.00467500,0.00468300,3784625.20000000,1764406799999999,17735.92167550,989,1948860.90000000,9132.89912920,0
1764406800000000,0.00468400,0.00469500,0.00467100,0.00469000,2003812.80000000,1764410399999999,9382.17303070,508,836632.40000000,3917.95933000,0
1764410400000000,0.00468900,0.00470600,0.00466400,0.00467600,3052176.00000000,1764413999999999,14283.08548330,501,1040327.90000000,4870.11855030,0
1764414000000000,0.00467500,0.00469500,0.00467100,0.00469300,1026057.00000000,1764417599999999,4803.62850840,279,627825.20000000,2939.39098290,0
1764417600000000,0.00469300,0.00469700,0.00462900,0.00463100,2366764.20000000,1764421199999999,11018.65074290,410,960381.90000000,4471.00278560,0
1764421200000000,0.00463000,0.00463000,0.00460300,0.00461900,2520091.10000000,1764424799999999,11630.41526370,365,1005684.10000000,4642.17232800,0
1764424800000000,0.00461500,0.00461700,0.00459800,0.00460100,1341185.40000000,1764428399999999,6179.17871100,270,507510.80000000,2338.74104960,0
1764428400000000,0.00460300,0.00463600,0.00459600,0.00461800,2112064.90000000,1764431999999999,9744.54308930,398,1388129.90000000,6404.98182160,0
1764432000000000,0.00461500,0.00462800,0.00459800,0.00460800,1929181.70000000,1764435599999999,8902.37741510,328,1050084.80000000,4849.13564650,0
1764435600000000,0.00460700,0.00460900,0.00454900,0.00455200,1972390.20000000,1764439199999999,9017.66075570,396,744351.60000000,3404.16733730,0
1764439200000000,0.00455200,0.00455900,0.00450300,0.00452000,3231654.70000000,1764442799999999,14641.60782270,597,1329298.60000000,6026.70539350,0
1764442800000000,0.00452000,0.00452600,0.00447400,0.00447900,1832355.50000000,1764446399999999,8257.08605570,380,850741.70000000,3836.96108060,0
1764446400000000,0.00448200,0.00448700,0.00446100,0.00448000,3496966.00000000,1764449999999999,15639.76045260,530,2325727.90000000,10401.47195830,0
1764450000000000,0.00448300,0.00450000,0.00447300,0.00447400,1830733.30000000,1764453599999999,8214.73994470,338,1243545.30000000,5580.62963450,0
1764453600000000,0.00447200,0.00447200,0.00443100,0.00444800,2741352.60000000,1764457199999999,12220.81204210,533,1331260.00000000,5936.54570570,0
1764457200000000,0.00444300,0.00446900,0.00442700,0.00443800,3340029.20000000,1764460799999999,14851.39086040,667,1609865.00000000,7161.42203910,0
1764460800000000,0.00444700,0.00448000,0.00443400,0.00445300,3171965.90000000,1764464399999999,14147.30605760,536,2229029.20000000,9946.61163180,0
1764464400000000,0.00445400,0.00448800,0.00444800,0.00447000,2256738.30000000,1764467999999999,10094.08360330,361,1121376.80000000,5017.31310140,0
1764468000000000,0.00447300,0.00450000,0.00447300,0.00449100,2290884.50000000,1764471599999999,10287.67624860,434,1428559.60000000,6416.11705890,0
1764471600000000,0.00448600,0.00450700,0.00444800,0.00450200,3582437.00000000,1764475199999999,16036.28914760,423,1860326.40000000,8330.52758820,0
1764475200000000,0.00450200,0.00450500,0.00448000,0.00448800,2201305.00000000,1764478799999999,9887.23007770,357,1001301.00000000,4499.59335200,0
1764478800000000,0.00449000,0.00449000,0.00445500,0.00445500,1994622.10000000,1764482399999999,8918.81272770,370,975167.80000000,4361.73714580,0
1764482400000000,0.00445500,0.00449700,0.00445100,0.00447600,1570943.70000000,1764485999999999,7028.87379720,295,835279.90000000,3737.73392190,0
1764486000000000,0.00447100,0.00449400,0.00447100,0.00448200,1435080.00000000,1764489599999999,6433.39388160,269,778602.40000000,3491.43875800,0
1764489600000000,0.00448100,0.00453000,0.00447800,0.00449800,1907278.60000000,1764493199999999,8579.43233260,345,1165842.40000000,5245.57425940,0
1764493200000000,0.00450200,0.00451000,0.00447300,0.00448500,1867256.60000000,1764496799999999,8375.47961830,342,962019.60000000,4317.82500490,0
1764496800000000,0.00448500,0.00448700,0.00446000,0.00447700,1918373.50000000,1764500399999999,8585.10994810,312,1058144.70000000,4736.56208870,0
1764500400000000,0.00447100,0.00449000,0.00446300,0.00447400,3183999.20000000,1764503999999999,14258.51671180,464,1504675.30000000,6735.57924400,0
1764504000000000,0.00446900,0.00448500,0.00444800,0.00445800,3261028.90000000,1764507599999999,14559.69754880,563,1975379.40000000,8820.42415650,0
1764507600000000,0.00445700,0.00449700,0.00444800,0.00447800,4560917.40000000,1764511199999999,20413.16365190,573,3470508.50000000,15537.69699180,0
1764511200000000,0.00447800,0.00447900,0.00444400,0.00445300,2601094.70000000,1764514799999999,11606.12171360,407,1684592.90000000,7518.63504810,0
1764514800000000,0.00444900,0.00445700,0.00441600,0.00444800,3502981.60000000,1764518399999999,15547.32713540,580,1769802.40000000,7857.74881870,0
1764518400000000,0.00444500,0.00448000,0.00444100,0.00447200,2914048.30000000,1764521999999999,13011.10593790,368,1561602.80000000,6972.18046700,0
1764522000000000,0.00447100,0.00447900,0.00444100,0.00447000,2065713.50000000,1764525599999999,9221.15101910,403,973933.90000000,4350.19414870,0
1764525600000000,0.00447400,0.00447600,0.00445200,0.00446700,1754051.60000000,1764529199999999,7835.01383830,358,836765.50000000,3739.68315440,0
1764529200000000,0.00447100,0.00448400,0.00446200,0.00448200,1453189.90000000,1764532799999999,6501.41997820,289,752578.50000000,3368.26989470,0
1764532800000000,0.00448200,0.00449400,0.00445100,0.00447500,3129596.50000000,1764536399999999,13995.48406920,379,1609503.70000000,7204.19710170,0
1764536400000000,0.00447200,0.00447900,0.00444900,0.00446500,2362023.00000000,1764539999999999,10550.14356710,416,1385012.70000000,6187.54467880,0
1764540000000000,0.00446500,0.00449000,0.00442300,0.00444900,1204011.80000000,1764543599999999,5375.49914370,250,531255.70000000,2372.94047200,0
1764543600000000,0.00445200,0.00446000,0.00437000,0.00437800,5180872.40000000,1764547199999999,22785.59413670,446,1176513.70000000,5186.66606390,0
