1775001600000000,0.00244600,0.00245400,0.00244100,0.00245100,1668890.50000000,1775005199999999,4081.92788400,267,1016249.10000000,2485.96557340,0
1775005200000000,0.00245300,0.00245700,0.00242100,0.00242100,5366987.80000000,1775008799999999,13081.74343710,518,2269764.30000000,5529.88518760,0
1775008800000000,0.00242300,0.00242500,0.00239900,0.00240400,4487700.40000000,1775012399999999,10830.58749600,593,2009247.20000000,4844.58225780,0
1775012400000000,0.00240500,0.00243300,0.00240100,0.00242700,6785979.50000000,1775015999999999,16369.95103110,740,4225610.30000000,10197.72866120,0
1775016000000000,0.00242400,0.00244200,0.00241700,0.00244200,8766133.90000000,1775019599999999,21285.20066520,919,4575716.10000000,11104.56804620,0
1775019600000000,0.00244000,0.00246800,0.00243400,0.00246100,6265703.80000000,1775023199999999,15385.82605160,751,3509727.00000000,8618.38657760,0
1775023200000000,0.00246200,0.00249200,0.00246100,0.00248900,5743897.30000000,1775026799999999,14226.21596590,776,2435331.60000000,6030.53170350,0
1775026800000000,0.00248800,0.00250700,0.00248800,0.00249800,5394171.40000000,1775030399999999,13467.20023750,782,2721809.90000000,6797.88538750,0
1775030400000000,0.00250000,0.00250200,0.00248100,0.00248500,4918365.90000000,1775033999999999,12247.77875630,774,2307751.00000000,5747.57572730,0
1775034000000000,0.00248300,0.00248700,0.00244100,0.00244400,6858593.90000000,1775037599999999,16857.60862590,733,2392053.90000000,5867.07214300,0
1775037600000000,0.00244600,0.00244900,0.00243100,0.00243600,4569289.60000000,1775041199999999,11146.71925510,733,1934273.70000000,4720.92967910,0
1775041200000000,0.00243400,0.00244400,0.00243100,0.00244000,4006624.50000000,1775044799999999,9769.19049550,726,2098848.70000000,5118.96737010,0
1775044800000000,0.00244100,0.00245100,0.00241300,0.00241400,9662577.90000000,1775048399999999,23497.63116800,864,4528485.40000000,11026.95974520,0
1775048400000000,0.00241600,0.00243400,0.00239100,0.00241400,7441548.80000000,1775051999999999,17979.86374660,888,3005527.00000000,7269.68031580,0
1775052000000000,0.00241600,0.00248100,0.00241400,0.00246400,7032009.40000000,1775055599999999,17148.61868210,938,4165581.60000000,10165.60999880,0
1775055600000000,0.00246500,0.00248000,0.00244400,0.00248000,6328172.60000000,1775059199999999,15537.65562140,758,2422982.10000000,5956.56007160,0
1775059200000000,0.00247800,0.00250700,0.00247500,0.00248500,9223133.10000000,1775062799999999,22973.06131950,954,5051123.20000000,12579.11876560,0
1775062800000000,0.00248700,0.00250100,0.00247300,0.00247300,7136607.80000000,1775066399999999,17755.01600750,834,3126517.60000000,7793.67410220,0
1775066400000000,0.00247300,0.00247500,0.00245900,0.00246100,7661001.50000000,1775069999999999,18865.99752390,705,5547449.20000000,13657.64231180,0
1775070000000000,0.00246300,0.00247700,0.00245900,0.00246500,4542834.70000000,1775073599999999,11210.82242020,765,1778127.40000000,4388.99943860,0
1775073600000000,0.00246700,0.00246700,0.00244100,0.00245100,5943605.80000000,1775077199999999,14579.28255090,771,2169164.50000000,5318.76679510,0
1775077200000000,0.00245300,0.00246200,0.00245100,0.00245200,3421887.00000000,1775080799999999,8399.98215530,588,1430207.80000000,3512.66541790,0
1775080800000000,0.00245400,0.00245400,0.00244100,0.00244600,3429830.90000000,1775084399999999,8390.07148310,617,1564508.10000000,3827.65952290,0
1775084400000000,0.00244800,0.00244900,0.00243700,0.00244200,3586682.60000000,1775087999999999,8773.23658810,670,1673344.80000000,4094.56206840,0
1775088000000000,0.00243900,0.00253600,0.00243200,0.00251600,14336710.60000000,1775091599999999,35507.29546750,1162,8029379.30000000,19906.95320150,0
1775091600000000,0.00251200,0.00251800,0.00243900,0.00244500,10310426.20000000,1775095199999999,25453.25798800,1154,4474385.50000000,11028.32621070,0
1775095200000000,0.00244600,0.00245100,0.00240000,0.00242200,8290738.50000000,1775098799999999,20051.94374260,935,4010393.80000000,9708.36381890,0
1775098800000000,0.00242200,0.00242400,0.00239100,0.00240200,7536385.20000000,1775102399999999,18156.22889390,917,3344057.90000000,8064.20126480,0
1775102400000000,0.00240000,0.00241400,0.00237100,0.00237400,7032536.30000000,1775105999999999,16807.42918080,889,3202695.20000000,7655.78891380,0
1775106000000000,0.00237400,0.00238700,0.00236100,0.00238000,6915324.60000000,1775109599999999,16419.48051930,914,3628179.60000000,8616.82680970,0
1775109600000000,0.00238100,0.00241400,0.00237800,0.00241100,4234366.00000000,1775113199999999,10148.75694030,693,2534950.90000000,6077.46686500,0
1775113200000000,0.00241300,0.00245000,0.00241200,0.00244700,6524768.40000000,1775116799999999,15878.05576380,852,3687115.00000000,8975.11355300,0
1775116800000000,0.00244700,0.00245700,0.00243100,0.00243800,5463876.80000000,1775120399999999,13349.21449480,723,2622378.90000000,6409.21517990,0
1775120400000000,0.00243900,0.00244100,0.00240200,0.00240200,7099699.60000000,1775123999999999,17193.06070490,826,2715906.50000000,6581.38716280,0
1775124000000000,0.00240100,0.00241100,0.00237800,0.00238000,5175454.50000000,1775127599999999,12391.26618610,693,2214950.00000000,5307.36428660,0
1775127600000000,0.00238200,0.00239300,0.00236700,0.00237100,7040951.10000000,1775131199999999,16765.44397210,878,3113530.40000000,7417.12903010,0
1775131200000000,0.00236900,0.00237700,0.00235400,0.00235500,4418346.80000000,1775134799999999,10451.24211370,710,2454292.90000000,5806.94861580,0
1775134800000000,0.00235500,0.00235800,0.00232600,0.00234200,9399875.90000000,1775138399999999,22002.39661400,1239,5131340.90000000,12010.96175590,0
1775138400000000,0.00234000,0.00238900,0.00233500,0.00238300,6608635.70000000,1775141999999999,15601.13455670,829,3763292.40000000,8891.90783540,0
1775142000000000,0.00238700,0.00250200,0.00237400,0.00245100,27008523.20000000,1775145599999999,65964.30919340,1787,15170848.70000000,37059.62969680,0
1775145600000000,0.00245600,0.00251700,0.00244100,0.00247800,18392227.10000000,1775149199999999,45624.24661970,1278,8256711.80000000,20470.30513470,0
1775149200000000,0.00247700,0.00250200,0.00245500,0.00250100,15909466.50000000,1775152799999999,39573.04947970,1533,8315903.60000000,20703.02248360,0
1775152800000000,0.00250000,0.00253200,0.00247800,0.00252200,19315505.10000000,1775156399999999,48314.68571870,1091,12294831.80000000,30755.98421170,0
1775156400000000,0.00252400,0.00253200,0.00250100,0.00251400,7759051.40000000,1775159999999999,19506.86146630,771,4008557.40000000,10079.11430280,0
1775160000000000,0.00251400,0.00252900,0.00249000,0.00251900,6071120.80000000,1775163599999999,15266.72919330,672,1924515.50000000,4847.79411180,0
1775163600000000,0.00251800,0.00252500,0.00249400,0.00249600,4756140.00000000,1775167199999999,11917.45479890,690,2087440.70000000,5232.88836560,0
1775167200000000,0.00250100,0.00250900,0.00248400,0.00249100,4064220.00000000,1775170799999999,10128.55545070,598,2054361.20000000,5122.08406220,0
1775170800000000,0.00249200,0.00249200,0.00245000,0.00245900,13810684.20000000,1775174399999999,34061.69547920,959,3068092.20000000,7566.26747030,0
1775174400000000,0.00245900,0.00247300,0.00245200,0.00245500,10192940.80000000,1775177999999999,25063.88400230,717,7690957.60000000,18901.64944990,0
1775178000000000,0.00245300,0.00247200,0.00245000,0.00245700,4597941.40000000,1775181599999999,11299.92990970,727,2280513.00000000,5608.51177590,0
1775181600000000,0.00245500,0.00247500,0.00243300,0.00246200,11054278.70000000,1775185199999999,27143.55640260,984,3214277.90000000,7897.15907690,0
1775185200000000,0.00245700,0.00247400,0.00245600,0.00247100,3544131.00000000,1775188799999999,8733.67548220,558,1652527.00000000,4073.59413570,0
1775188800000000,0.00247200,0.00255700,0.00246900,0.00254400,9842591.60000000,1775192399999999,24769.85422330,1000,5283559.00000000,13261.51700910,0
1775192400000000,0.00254700,0.00254700,0.00252300,0.00252600,4785294.80000000,1775195999999999,12129.43248040,698,1856185.20000000,4707.22837360,0
1775196000000000,0.00252800,0.00259100,0.00252500,0.00257600,5647187.30000000,1775199599999999,14474.00004350,706,3529164.80000000,9046.92386050,0
1775199600000000,0.00257900,0.00259700,0.00254900,0.00255200,4702320.50000000,1775203199999999,12076.71933000,703,2257089.80000000,5804.37259370,0
1775203200000000,0.00255300,0.00256300,0.00253600,0.00254300,3338447.70000000,1775206799999999,8510.62220050,610,1678934.20000000,4281.47074270,0
1775206800000000,0.00254100,0.00254800,0.00252800,0.00253400,6090237.70000000,1775210399999999,15451.51267560,745,2377674.60000000,6036.21033520,0
1775210400000000,0.00253600,0.00255700,0.00252700,0.00255400,7393710.80000000,1775213999999999,18773.73461760,689,3256491.20000000,8284.25100530,0
1775214000000000,0.00255200,0.00258100,0.00253500,0.00255900,7474711.50000000,1775217599999999,19084.79301290,808,4147905.30000000,10599.04019350,0
1775217600000000,0.00255900,0.00257300,0.00252900,0.00253000,8857911.40000000,1775221199999999,22641.09881900,926,5695678.00000000,14572.48719240,0
1775221200000000,0.00253200,0.00264300,0.00252400,0.00256200,22369301.60000000,1775224799999999,57880.03641000,1377,14933129.80000000,38828.36445510,0
1775224800000000,0.00256200,0.00266700,0.00254900,0.00256200,16996787.80000000,1775228399999999,44129.19138480,1589,8431198.20000000,21898.01181840,0
1775228400000000,0.00256400,0.00258700,0.00250500,0.00252600,15643655.00000000,1775231999999999,39757.40479680,1244,6922865.30000000,17600.05898500,0
1775232000000000,0.00252200,0.00253200,0.00250200,0.00251900,8446938.00000000,1775235599999999,21271.56888760,840,4268342.10000000,10754.20710290,0
1775235600000000,0.00251700,0.00252200,0.00247700,0.00249600,7846955.30000000,1775239199999999,19577.64795310,741,3658295.70000000,9137.29553790,0
1775239200000000,0.00249500,0.00251300,0.00249100,0.00249600,4099184.40000000,1775242799999999,10266.01497230,674,2216792.10000000,5554.30141490,0
1775242800000000,0.00249100,0.00249700,0.00248100,0.00249300,4631960.10000000,1775246399999999,11528.81156740,650,2349384.80000000,5850.13671530,0
1775246400000000,0.00249500,0.00249700,0.00247600,0.00247900,5600336.00000000,1775249999999999,13922.05564850,692,2325325.40000000,5783.65898060,0
1775250000000000,0.00247700,0.00252200,0.00247600,0.00251500,7015377.60000000,1775253599999999,17472.18745160,803,4206504.40000000,10479.97649090,0
1775253600000000,0.00251500,0.00252200,0.00249700,0.00251700,2883503.50000000,1775257199999999,7247.57373430,470,1429475.50000000,3595.85355280,0
1775257200000000,0.00251400,0.00252300,0.00249000,0.00249500,4481344.30000000,1775260799999999,11216.73998910,715,2008853.10000000,5029.61007000,0
1775260800000000,0.00249500,0.00249900,0.00247600,0.00248500,6289768.90000000,1775264399999999,15623.26816240,642,3264500.90000000,8110.02474810,0
1775264400000000,0.00248700,0.00249100,0.00248200,0.00249000,3374267.70000000,1775267999999999,8389.70818130,619,1583009.10000000,3937.39057570,0
1775268000000000,0.00249000,0.00252100,0.00248700,0.00251000,5423903.90000000,1775271599999999,13585.04897460,712,3070046.00000000,7692.85035420,0
1775271600000000,0.00250900,0.00251900,0.00249900,0.00250300,5312251.00000000,1775275199999999,13333.54592950,756,2063204.30000000,5180.78866780,0
1775275200000000,0.00250400,0.00251600,0.00250100,0.00250400,3926969.20000000,1775278799999999,9855.48283520,715,1610306.10000000,4042.74218330,0
1775278800000000,0.00250400,0.00251100,0.00250000,0.00250200,3765353.90000000,1775282399999999,9426.36129030,663,1732073.30000000,4338.96739590,0
1775282400000000,0.00250100,0.00251400,0.00249000,0.00251400,3897182.50000000,1775285999999999,9752.01531900,640,2019377.10000000,5055.10048820,0
1775286000000000,0.00251300,0.00253000,0.00251200,0.00252500,4160705.00000000,1775289599999999,10489.36807240,648,1800176.80000000,4538.88087070,0
1775289600000000,0.00252400,0.00253300,0.00252100,0.00252400,3296897.60000000,1775293199999999,8331.00977480,639,1631348.70000000,4123.39165210,0
1775293200000000,0.00252300,0.00254400,0.00250700,0.00253400,6858755.80000000,1775296799999999,17337.48363550,810,4029729.10000000,10193.58720060,0
1775296800000000,0.00253400,0.00254700,0.00253100,0.00254000,6058940.10000000,1775300399999999,15372.30730540,736,3500451.00000000,8882.41890640,0
1775300400000000,0.00254000,0.00257700,0.00253100,0.00254500,7068557.10000000,1775303999999999,18021.05376580,964,2892157.80000000,7375.92457060,0
1775304000000000,0.00254400,0.00255000,0.00249600,0.00249600,4803877.90000000,1775307599999999,12107.58533150,721,1880673.30000000,4743.92365460,0
1775307600000000,0.00249800,0.00250000,0.00247400,0.00247600,4491759.50000000,1775311199999999,11187.67817930,736,1929228.40000000,4807.53027420,0
1775311200000000,0.00247600,0.00249400,0.00246800,0.00248700,4041677.20000000,1775314799999999,10007.90563450,653,2213457.60000000,5484.69915250,0
1775314800000000,0.00248600,0.00250400,0.00248300,0.00248800,5239758.10000000,1775318399999999,13059.03670750,749,2577870.40000000,6427.30488780,0
1775318400000000,0.00248500,0.00250300,0.00246500,0.00248900,8952728.00000000,1775321999999999,22257.67790530,764,4163224.90000000,10340.98981860,0
1775322000000000,0.00249000,0.00250100,0.00248500,0.00249500,3669878.80000000,1775325599999999,9153.97644410,684,1894570.90000000,4727.12201680,0
1775325600000000,0.00249400,0.00250000,0.00249200,0.00249600,3330050.70000000,1775329199999999,8309.20197930,627,1715736.30000000,4282.39586470,0
1775329200000000,0.00249500,0.00250400,0.00249200,0.00249700,3326109.50000000,1775332799999999,8304.07111390,636,1652608.90000000,4127.12617580,0
1775332800000000,0.00249600,0.00249800,0.00248200,0.00248600,3808009.90000000,1775336399999999,9474.41347540,632,1720027.70000000,4279.98479960,0
1775336400000000,0.00248800,0.00249300,0.00245700,0.00247200,5821083.40000000,1775339999999999,14430.30741790,763,2544106.10000000,6307.30731000,0
1775340000000000,0.00247600,0.00248300,0.00246100,0.00246600,3988618.10000000,1775343599999999,9859.79397610,605,1795473.20000000,4440.95848100,0
1775343600000000,0.00246300,0.00247100,0.00246000,0.00246600,4345253.50000000,1775347199999999,10705.84152400,697,2183354.50000000,5380.91633770,0
1775347200000000,0.00246600,0.00247900,0.00246000,0.00247400,3711283.80000000,1775350799999999,9169.41593060,633,1833212.10000000,4530.95259570,0
1775350800000000,0.00247400,0.00247700,0.00247100,0.00247500,3143999.30000000,1775354399999999,7778.36141550,620,1568776.70000000,3882.39842220,0
1775354400000000,0.00247300,0.00247400,0.00245900,0.00246700,4940558.50000000,1775357999999999,12180.61467550,703,2222488.90000000,5478.17076610,0
1775358000000000,0.00246600,0.00246800,0.00244900,0.00245500,3908425.60000000,1775361599999999,9616.66094350,745,1633895.00000000,4022.48960830,0
1775361600000000,0.00245400,0.00245500,0.00243000,0.00243200,4456872.70000000,1775365199999999,10883.57314170,726,1626822.30000000,3973.60577220,0
1775365200000000,0.00243400,0.00244300,0.00242400,0.00242700,3403826.60000000,1775368799999999,8284.24604920,609,1760294.80000000,4286.51353950,0
1775368800000000,0.00242900,0.00243100,0.00239600,0.00241600,6692790.70000000,1775372399999999,16176.84258910,888,3242875.10000000,7842.88869590,0
1775372400000000,0.00241500,0.00242000,0.00239000,0.00239000,5258981.70000000,1775375999999999,12646.92592420,1023,1868253.00000000,4498.38375970,0
1775376000000000,0.00239000,0.00239000,0.00235900,0.00236200,10291889.10000000,1775379599999999,24461.06205490,1282,2339580.00000000,5562.12393930,0
1775379600000000,0.00236400,0.00238500,0.00236100,0.00236500,6318007.20000000,1775383199999999,14989.90070080,1232,2267248.00000000,5383.95228580,0
1775383200000000,0.00236200,0.00237400,0.00234000,0.00234500,8341558.00000000,1775386799999999,19608.95573150,1290,2316975.80000000,5450.80525290,0
1775386800000000,0.00234500,0.00236100,0.00232900,0.00233000,7385400.80000000,1775390399999999,17273.25308290,1397,2780498.70000000,6509.12346400,0
1775390400000000,0.00233300,0.00234800,0.00229300,0.00230600,8711955.40000000,1775393999999999,20175.76459820,1450,3030105.20000000,7018.01230030,0
1775394000000000,0.00230400,0.00232100,0.00229400,0.00230800,8332171.30000000,1775397599999999,19220.50067940,1328,2669125.20000000,6162.96433780,0
1775397600000000,0.00230600,0.00238500,0.00230300,0.00232100,22256548.30000000,1775401199999999,51984.07768260,2060,7397558.00000000,17283.56908450,0
1775401200000000,0.00232100,0.00236000,0.00230900,0.00230900,8287879.80000000,1775404799999999,19244.10252240,1518,2221265.80000000,5162.18242000,0
1775404800000000,0.00230900,0.00233500,0.00230900,0.00232300,4919260.40000000,1775408399999999,11425.10155070,951,2057716.60000000,4782.96348220,0
1775408400000000,0.00232500,0.00240200,0.00232200,0.00239200,14794972.00000000,1775411999999999,35043.91564260,1714,7956145.70000000,18850.86318960,0
1775412000000000,0.00239500,0.00239600,0.00236200,0.00237500,12204975.40000000,1775415599999999,29053.86947700,1091,5105885.00000000,12155.12329280,0
1775415600000000,0.00237300,0.00240000,0.00236500,0.00238400,8608474.50000000,1775419199999999,20527.51465280,1076,5283145.20000000,12600.31594180,0
1775419200000000,0.00238900,0.00238900,0.00237900,0.00238300,4548310.40000000,1775422799999999,10840.48759090,697,1694698.90000000,4042.22794860,0
1775422800000000,0.00238500,0.00239200,0.00236200,0.00237400,4779696.40000000,1775426399999999,11380.33589160,634,2353515.60000000,5605.70284530,0
1775426400000000,0.00237900,0.00241400,0.00237000,0.00241100,5187951.70000000,1775429999999999,12403.06037370,767,3087735.00000000,7391.00460040,0
1775430000000000,0.00241200,0.00243500,0.00240800,0.00242900,4542816.50000000,1775433599999999,10999.51035790,757,2572389.80000000,6229.43824350,0
1775433600000000,0.00242700,0.00246400,0.00240600,0.00242100,13670988.50000000,1775437199999999,33298.98394010,1002,5374475.30000000,13103.23247440,0
1775437200000000,0.00241900,0.00242300,0.00240300,0.00240600,5474065.30000000,1775440799999999,13204.45166830,677,2491603.50000000,6010.07720050,0
1775440800000000,0.00240800,0.00242500,0.00240500,0.00241700,4983663.80000000,1775444399999999,12037.63731160,775,2607812.60000000,6300.26864640,0
1775444400000000,0.00241800,0.00241900,0.00238800,0.00239700,5536543.90000000,1775447999999999,13315.06368340,739,2274583.40000000,5473.81384510,0
1775448000000000,0.00239700,0.00240500,0.00237900,0.00239600,5923185.80000000,1775451599999999,14176.73370720,783,3360222.10000000,8044.36536200,0
1775451600000000,0.00239800,0.00240100,0.00239200,0.00239700,3437983.50000000,1775455199999999,8238.90807680,640,1884101.80000000,4516.22159530,0
1775455200000000,0.00239800,0.00240000,0.00237800,0.00239700,4775298.50000000,1775458799999999,11420.40528450,731,2089265.70000000,5000.03699400,0
1775458800000000,0.00239800,0.00242500,0.00239200,0.00241800,6665378.40000000,1775462399999999,16073.74084180,736,4688477.60000000,11309.74437760,0
1775462400000000,0.00241700,0.00242000,0.00241100,0.00241600,3823224.20000000,1775465999999999,9239.42122000,718,1823920.40000000,4408.94471910,0
1775466000000000,0.00241800,0.00246000,0.00241600,0.00245700,4621725.20000000,1775469599999999,11297.80656320,804,2186403.30000000,5346.56060360,0
1775469600000000,0.00245700,0.00247800,0.00244100,0.00244200,6855698.50000000,1775473199999999,16910.09054640,870,3139910.50000000,7751.60279450,0
1775473200000000,0.00244500,0.00246900,0.00242700,0.00244300,10420531.30000000,1775476799999999,25474.20683500,1295,5030916.40000000,12298.53943540,0
1775476800000000,0.00244600,0.00246700,0.00244100,0.00244600,4522763.80000000,1775480399999999,11075.13171650,749,2060424.70000000,5045.45660720,0
1775480400000000,0.00244500,0.00244600,0.00242000,0.00242800,7331342.20000000,1775483999999999,17828.12071830,1210,2959046.20000000,7197.73095540,0
1775484000000000,0.00242400,0.00242900,0.00240000,0.00240400,4435282.20000000,1775487599999999,10711.56284210,659,1835520.90000000,4439.08394830,0
1775487600000000,0.00240600,0.00242400,0.00240300,0.00240600,4965943.60000000,1775491199999999,11964.11648230,837,2407035.10000000,5802.74050010,0
1775491200000000,0.00240800,0.00241300,0.00238900,0.00239400,4371069.80000000,1775494799999999,10508.35285710,745,1830068.80000000,4403.72133060,0
1775494800000000,0.00239100,0.00243100,0.00236700,0.00241500,10322353.90000000,1775498399999999,24719.54428190,977,5716978.50000000,13722.51889540,0
1775498400000000,0.00241700,0.00242000,0.00241200,0.00241800,3609854.70000000,1775501999999999,8721.98091220,664,1941034.90000000,4691.06221650,0
1775502000000000,0.00241900,0.00244400,0.00241400,0.00244400,4141731.70000000,1775505599999999,10059.88692840,773,2200000.80000000,5346.07533490,0
1775505600000000,0.00244300,0.00245400,0.00243900,0.00245100,3375343.00000000,1775509199999999,8257.46905850,615,1844507.30000000,4513.62667010,0
1775509200000000,0.00245300,0.00245300,0.00242500,0.00243700,3857714.50000000,1775512799999999,9402.08054900,719,1740268.20000000,4244.69555820,0
1775512800000000,0.00243100,0.00244300,0.00240600,0.00240700,5511906.80000000,1775516399999999,13363.95936790,761,1662130.50000000,4042.36972030,0
1775516400000000,0.00240400,0.00240900,0.00238500,0.00239900,5019770.80000000,1775519999999999,12032.89047350,794,3088816.80000000,7407.99469740,0
1775520000000000,0.00239700,0.00240400,0.00239500,0.00240200,3316395.30000000,1775523599999999,7961.85277790,606,1741841.40000000,4183.11784770,0
1775523600000000,0.00240100,0.00241600,0.00239800,0.00240100,4871363.40000000,1775527199999999,11724.69222090,753,2611586.60000000,6290.10549730,0
1775527200000000,0.00240200,0.00240400,0.00238100,0.00238400,4319320.10000000,1775530799999999,10315.04871430,678,1883007.10000000,4499.81655730,0
1775530800000000,0.00238200,0.00238800,0.00238100,0.00238600,3990988.70000000,1775534399999999,9519.18894300,688,2222173.60000000,5301.76785400,0
1775534400000000,0.00238600,0.00238800,0.00236000,0.00237200,5920049.40000000,1775537999999999,14051.92303200,721,2293603.90000000,5442.23314800,0
1775538000000000,0.00237100,0.00237300,0.00235200,0.00236100,3992246.40000000,1775541599999999,9426.92197770,687,1932642.40000000,4564.89336560,0
1775541600000000,0.00236000,0.00236400,0.00234300,0.00236400,4582157.00000000,1775545199999999,10789.64494510,704,2671498.20000000,6294.06994320,0
1775545200000000,0.00236400,0.00238400,0.00235500,0.00238300,4658083.60000000,1775548799999999,11025.71930350,723,2599689.70000000,6158.93460820,0
1775548800000000,0.00238100,0.00244200,0.00238000,0.00241100,8268664.30000000,1775552399999999,19949.01629200,972,5128444.90000000,12372.98139500,0
1775552400000000,0.00241100,0.00241400,0.00238300,0.00238800,5764111.80000000,1775555999999999,13833.54497380,683,1838776.20000000,4417.07717600,0
1775556000000000,0.00238900,0.00239100,0.00234100,0.00234700,9668381.90000000,1775559599999999,22811.94318000,1188,4326945.70000000,10226.20137990,0
1775559600000000,0.00234900,0.00235000,0.00233000,0.00233900,6109082.10000000,1775563199999999,14304.74883100,808,2630539.50000000,6163.53949820,0
1775563200000000,0.00234100,0.00234100,0.00230100,0.00230600,5422224.90000000,1775566799999999,12554.17137040,890,3049382.80000000,7063.38660860,0
1775566800000000,0.00230400,0.00232600,0.00229800,0.00231200,5421712.90000000,1775570399999999,12534.27128370,862,3320154.50000000,7680.72085440,0
1775570400000000,0.00230900,0.00235300,0.00230500,0.00232900,9289960.00000000,1775573999999999,21665.39684160,921,3728543.10000000,8691.35573340,0
1775574000000000,0.00232900,0.00236300,0.00231700,0.00233800,6600223.00000000,1775577599999999,15395.46204320,982,3928291.90000000,9167.29159020,0
1775577600000000,0.00233800,0.00234400,0.00232200,0.00232700,4633601.90000000,1775581199999999,10788.93898850,830,1956679.10000000,4558.00546070,0
1775581200000000,0.00232800,0.00239400,0.00232800,0.00238300,5153545.60000000,1775584799999999,12152.15172120,785,3308792.10000000,7792.30033730,0
1775584800000000,0.00238100,0.00240000,0.00237200,0.00237400,4396839.50000000,1775588399999999,10486.51548460,698,1831433.90000000,4369.51409000,0
1775588400000000,0.00237500,0.00239400,0.00237100,0.00239400,3966697.90000000,1775591999999999,9445.58502540,667,2041462.00000000,4864.32305090,0
1775592000000000,0.00239200,0.00240500,0.00238900,0.00239100,4531661.20000000,1775595599999999,10867.09322250,795,2322248.80000000,5570.62732580,0
1775595600000000,0.00239400,0.00245400,0.00238900,0.00245000,4614377.10000000,1775599199999999,11164.58581310,761,2832102.70000000,6850.01578270,0
1775599200000000,0.00245100,0.00248000,0.00244600,0.00247300,6642920.90000000,1775602799999999,16349.91116470,833,3129933.60000000,7712.05699750,0
1775602800000000,0.00248000,0.00250700,0.00246700,0.00250400,8759215.60000000,1775606399999999,21774.07564520,909,4550102.00000000,11310.83067120,0
1775606400000000,0.00250400,0.00252500,0.00249300,0.00251400,9007652.30000000,1775609999999999,22584.14186980,848,6109637.50000000,15326.83413350,0
1775610000000000,0.00251100,0.00252800,0.00251000,0.00252300,4067321.00000000,1775613599999999,10247.30345890,763,2199143.60000000,5543.58421550,0
1775613600000000,0.00252400,0.00252500,0.00250000,0.00250400,5156111.70000000,1775617199999999,12937.29611980,721,1712624.60000000,4302.64946640,0
1775617200000000,0.00250400,0.00253400,0.00250200,0.00252200,6202289.00000000,1775620799999999,15659.44630520,773,2789832.60000000,7039.07111020,0
1775620800000000,0.00252400,0.00255700,0.00252000,0.00255100,10828471.00000000,1775624399999999,27503.61986960,810,4230849.60000000,10733.91508450,0
1775624400000000,0.00254800,0.00255200,0.00250500,0.00251300,4692444.20000000,1775627999999999,11862.96779240,778,1816277.90000000,4595.07704660,0
1775628000000000,0.00250900,0.00252300,0.00247900,0.00250100,12697048.20000000,1775631599999999,31667.82852940,1040,5006144.30000000,12501.46779080,0
1775631600000000,0.00249800,0.00251200,0.00249700,0.00251200,4276564.40000000,1775635199999999,10704.80210600,756,2482507.90000000,6215.85092340,0
1775635200000000,0.00251000,0.00251200,0.00249600,0.00251000,3955416.90000000,1775638799999999,9906.26812890,762,1896654.90000000,4751.40079020,0
1775638800000000,0.00250900,0.00251600,0.00246800,0.00250100,8848145.00000000,1775642399999999,22174.84898370,936,3052937.80000000,7654.05118230,0
1775642400000000,0.00250300,0.00251600,0.00248500,0.00250000,7869862.70000000,1775645999999999,19647.88880210,697,5552753.80000000,13856.93277400,0
1775646000000000,0.00250000,0.00251300,0.00249500,0.00250900,3340908.60000000,1775649599999999,8369.85977090,648,1681478.00000000,4214.17149210,0
1775649600000000,0.00251100,0.00251400,0.00249800,0.00250500,3362523.20000000,1775653199999999,8421.16975770,722,1733298.40000000,4342.23826380,0
1775653200000000,0.00249800,0.00251200,0.00245200,0.00245600,7501341.70000000,1775656799999999,18615.32862630,898,3412462.40000000,8494.30863130,0
1775656800000000,0.00245700,0.00246400,0.00242100,0.00243300,6399170.50000000,1775660399999999,15618.57355200,938,3223140.40000000,7866.97336550,0
1775660400000000,0.00243300,0.00246200,0.00241800,0.00245700,7228747.30000000,1775663999999999,17639.26257960,857,5083640.60000000,12406.59545020,0
1775664000000000,0.00245400,0.00246800,0.00244500,0.00246500,4390831.10000000,1775667599999999,10778.66043810,805,2160469.80000000,5307.44849450,0
1775667600000000,0.00246700,0.00249000,0.00246100,0.00249000,4355221.70000000,1775671199999999,10771.46539010,726,2569128.20000000,6358.75652100,0
1775671200000000,0.00249000,0.00251500,0.00247000,0.00247200,5091779.20000000,1775674799999999,12701.08943390,768,2566971.00000000,6411.22005800,0
1775674800000000,0.00246900,0.00247200,0.00245100,0.00245900,4733693.90000000,1775678399999999,11650.19257480,754,2457104.30000000,6050.49579310,0
1775678400000000,0.00245700,0.00246100,0.00244200,0.00244700,4295304.50000000,1775681999999999,10526.48417900,706,1828203.80000000,4482.46594890,0
1775682000000000,0.00244600,0.00246500,0.00244100,0.00246100,3649248.70000000,1775685599999999,8959.99351550,572,2166801.80000000,5321.90939940,0
1775685600000000,0.00245500,0.00246400,0.00243400,0.00244500,5943694.30000000,1775689199999999,14558.91030680,805,2705180.20000000,6631.07522820,0
1775689200000000,0.00244800,0.00244800,0.00240200,0.00240700,9178438.60000000,1775692799999999,22278.76017380,855,2557864.30000000,6210.27080880,0
1775692800000000,0.00240500,0.00241400,0.00237800,0.00239300,5336118.70000000,1775696399999999,12798.22011860,784,2658183.70000000,6379.16652080,0
1775696400000000,0.00239700,0.00239800,0.00237500,0.00239100,6953498.30000000,1775699999999999,16580.41260970,718,2216619.50000000,5290.19523630,0
1775700000000000,0.00239200,0.00240900,0.00238400,0.00239500,6037124.20000000,1775703599999999,14463.58241890,827,3363394.30000000,8060.11895650,0
1775703600000000,0.00239700,0.00241200,0.00239400,0.00240200,4064190.90000000,1775707199999999,9775.26550340,707,2164516.20000000,5207.81339600,0
1775707200000000,0.00240400,0.00241200,0.00240000,0.00240600,3712117.20000000,1775710799999999,8928.13023700,721,2009522.10000000,4834.82747270,0
1775710800000000,0.00240400,0.00243000,0.00240100,0.00240700,5222045.20000000,1775714399999999,12599.90921820,796,2686853.90000000,6486.19069490,0
1775714400000000,0.00240800,0.00243400,0.00240500,0.00242600,3724753.10000000,1775717999999999,9013.87601320,693,2056178.20000000,4976.65927670,0
1775718000000000,0.00242800,0.00244700,0.00241200,0.00243900,7960409.90000000,1775721599999999,19375.66858220,912,3355255.60000000,8167.48629740,0
1775721600000000,0.00244100,0.00244100,0.00240800,0.00241400,11660970.10000000,1775725199999999,28225.69927450,902,2482937.20000000,6015.93813180,0
1775725200000000,0.00241300,0.00245500,0.00240900,0.00241900,6200407.80000000,1775728799999999,15006.65970480,853,3410940.40000000,8263.51309350,0
1775728800000000,0.00241700,0.00243500,0.00241000,0.00241300,4826223.50000000,1775732399999999,11662.90772330,801,1884451.80000000,4555.79275010,0
1775732400000000,0.00241300,0.00241600,0.00237100,0.00238800,7930295.60000000,1775735999999999,18996.16309400,993,4390233.40000000,10519.48321000,0
1775736000000000,0.00239300,0.00239400,0.00237200,0.00237700,4712307.60000000,1775739599999999,11229.26180520,799,1951774.10000000,4653.73329060,0
1775739600000000,0.00237700,0.00238800,0.00236300,0.00237800,5598341.80000000,1775743199999999,13293.57682040,819,2696333.50000000,6406.41464940,0
1775743200000000,0.00237700,0.00239600,0.00236500,0.00239400,5330080.60000000,1775746799999999,12690.16103860,841,3117045.80000000,7427.92200620,0
1775746800000000,0.00239500,0.00243500,0.00237900,0.00242900,4650779.10000000,1775750399999999,11168.69549590,792,2415769.10000000,5808.33646340,0
1775750400000000,0.00243300,0.00244600,0.00240800,0.00241100,5532117.80000000,1775753999999999,13418.94322490,810,2669349.00000000,6479.43706800,0
1775754000000000,0.00241100,0.00241900,0.00238500,0.00239400,4717646.20000000,1775757599999999,11313.22100600,786,2280744.80000000,5471.65863050,0
1775757600000000,0.00239200,0.00239700,0.00238300,0.00239300,3637834.00000000,1775761199999999,8693.37290380,725,1802836.10000000,4310.09765630,0
1775761200000000,0.00239300,0.00240400,0.00238700,0.00239700,3142125.40000000,1775764799999999,7532.52704520,672,1698528.10000000,4072.28264390,0
1775764800000000,0.00239800,0.00240800,0.00239000,0.00239300,3870664.30000000,1775768399999999,9281.32497970,701,1537664.70000000,3689.19547160,0
1775768400000000,0.00239400,0.00239700,0.00238000,0.00239200,5318009.30000000,1775771999999999,12715.51337990,836,2689316.40000000,6432.23582250,0
1775772000000000,0.00239100,0.00242800,0.00239100,0.00240300,4420617.50000000,1775775599999999,10652.30178850,725,2821544.50000000,6795.75266590,0
1775775600000000,0.00240300,0.00240900,0.00237700,0.00238600,4453531.20000000,1775779199999999,10648.15133310,852,2679491.90000000,6406.29013080,0
1775779200000000,0.00238800,0.00239400,0.00234700,0.00238400,6215583.10000000,1775782799999999,14728.72390350,889,2811237.30000000,6664.17587320,0
1775782800000000,0.00238400,0.00242000,0.00237500,0.00240800,5388166.80000000,1775786399999999,12900.64360460,764,3015624.30000000,7224.24885900,0
1775786400000000,0.00240800,0.00242800,0.00240500,0.00242100,3678897.30000000,1775789999999999,8896.79877750,716,1788527.40000000,4326.72343890,0
1775790000000000,0.00242100,0.00243000,0.00240300,0.00242200,3730542.10000000,1775793599999999,9016.42658110,760,1600368.40000000,3870.07289160,0
1775793600000000,0.00242200,0.00242400,0.00240000,0.00240900,3997522.80000000,1775797199999999,9643.16373060,754,1700324.00000000,4103.80481360,0
1775797200000000,0.00241100,0.00241600,0.00239200,0.00240900,4290493.30000000,1775800799999999,10321.37005520,707,1827234.20000000,4397.35553930,0
1775800800000000,0.00240900,0.00242800,0.00240000,0.00241900,6239036.40000000,1775804399999999,15064.52056870,829,3076199.70000000,7431.17540890,0
1775804400000000,0.00241800,0.00242000,0.00237400,0.00237500,5331637.40000000,1775807999999999,12755.22212890,845,2285564.00000000,5473.41824770,0
1775808000000000,0.00237300,0.00239900,0.00237300,0.00239800,3668588.00000000,1775811599999999,8760.87410390,813,1970796.70000000,4707.82460560,0
1775811600000000,0.00239700,0.00244100,0.00239700,0.00241600,6831639.20000000,1775815199999999,16514.21824350,956,3867913.00000000,9352.21337640,0
1775815200000000,0.00241600,0.00243000,0.00240300,0.00240700,3667496.70000000,1775818799999999,8857.68838020,741,2007725.00000000,4849.61495240,0
1775818800000000,0.00241000,0.00243100,0.00240500,0.00241300,6510405.80000000,1775822399999999,15723.88626630,818,3111276.00000000,7516.24700650,0
1775822400000000,0.00241200,0.00243500,0.00240600,0.00242100,6327803.60000000,1775825999999999,15301.62800080,896,3547257.80000000,8584.89816740,0
1775826000000000,0.00241900,0.00242400,0.00240600,0.00241900,5553981.10000000,1775829599999999,13414.33278360,865,2205400.70000000,5328.98849080,0
1775829600000000,0.00241700,0.00243500,0.00240700,0.00243400,4544092.40000000,1775833199999999,10987.46226070,663,2305247.40000000,5579.88502060,0
1775833200000000,0.00243400,0.00244600,0.00241700,0.00242700,6360728.80000000,1775836799999999,15458.98970480,810,2783978.60000000,6766.46867900,0
1775836800000000,0.00242700,0.00245500,0.00242600,0.00243000,6526043.20000000,1775840399999999,15897.51742740,966,3044958.90000000,7416.23030450,0
1775840400000000,0.00243000,0.00243700,0.00241700,0.00242300,4642929.60000000,1775843999999999,11268.01591200,804,2555725.20000000,6203.25928840,0
1775844000000000,0.00242300,0.00242500,0.00241600,0.00241700,4868600.20000000,1775847599999999,11782.22561660,853,2074548.00000000,5022.17810860,0
1775847600000000,0.00241800,0.00243900,0.00241800,0.00243900,3940052.70000000,1775851199999999,9571.18608130,724,2008999.00000000,4881.12305860,0
1775851200000000,0.00243900,0.00245000,0.00242400,0.00244500,3709640.30000000,1775854799999999,9032.02974380,732,1923493.90000000,4684.62202200,0
1775854800000000,0.00244500,0.00245000,0.00243100,0.00244900,3318103.90000000,1775858399999999,8099.71216070,627,1665761.30000000,4066.20876890,0
1775858400000000,0.00245000,0.00245000,0.00241800,0.00242700,4844946.00000000,1775861999999999,11766.31994720,702,3076049.20000000,7469.65098540,0
1775862000000000,0.00242600,0.00243700,0.00242500,0.00243700,4455628.50000000,1775865599999999,10831.60825280,681,1678483.00000000,4080.01630680,0
1775865600000000,0.00243800,0.00243800,0.00240600,0.00241100,6411309.60000000,1775869199999999,15549.82358610,870,1983374.80000000,4814.14793650,0
1775869200000000,0.00241200,0.00241300,0.00239400,0.00239500,4440906.60000000,1775872799999999,10672.26245210,753,2132111.50000000,5125.96323880,0
1775872800000000,0.00239600,0.00240700,0.00238800,0.00239900,4375143.80000000,1775876399999999,10478.01304540,710,2520907.60000000,6038.63145400,0
1775876400000000,0.00240000,0.00240800,0.00239100,0.00240600,4288556.30000000,1775879999999999,10290.94668170,626,1784372.20000000,4284.47848340,0
1775880000000000,0.00240500,0.00240900,0.00238700,0.00239800,3484722.00000000,1775883599999999,8353.90307190,611,1563502.20000000,3750.74180660,0
1775883600000000,0.00239700,0.00241200,0.00238800,0.00240000,3665665.70000000,1775887199999999,8801.91876650,624,1931011.30000000,4637.15466590,0
1775887200000000,0.00239900,0.00241700,0.00239200,0.00239600,3655883.10000000,1775890799999999,8774.71289330,652,1972464.00000000,4736.10473130,0
1775890800000000,0.00239500,0.00240400,0.00238700,0.00239200,4024506.50000000,1775894399999999,9625.94949040,701,1636602.90000000,3914.62732880,0
1775894400000000,0.00239200,0.00239500,0.00238600,0.00238800,3199164.80000000,1775897999999999,7643.20692930,641,1609951.80000000,3847.35573280,0
1775898000000000,0.00238700,0.00239400,0.00238100,0.00239100,3324726.90000000,1775901599999999,7941.48667710,631,1482849.20000000,3543.11310900,0
1775901600000000,0.00239200,0.00239300,0.00238000,0.00238700,2690564.80000000,1775905199999999,6427.07753830,562,1251832.80000000,2990.84734480,0
1775905200000000,0.00238600,0.00239200,0.00237900,0.00238800,3102749.20000000,1775908799999999,7400.58456990,564,1372999.00000000,3277.45731470,0
1775908800000000,0.00238800,0.00239300,0.00237500,0.00238200,2348243.90000000,1775912399999999,5595.94018000,513,1366011.40000000,3256.06753300,0
1775912400000000,0.00238000,0.00238500,0.00236800,0.00238400,3055717.70000000,1775915999999999,7262.28019520,537,1641096.90000000,3903.07524180,0
1775916000000000,0.00238600,0.00241900,0.00238300,0.00238900,5419466.80000000,1775919599999999,13011.39088950,675,2134604.30000000,5117.72934630,0
1775919600000000,0.00238800,0.00240500,0.00238500,0.00240300,2769419.50000000,1775923199999999,6628.15594810,643,1381715.20000000,3307.81813250,0
1775923200000000,0.00240100,0.00241300,0.00239300,0.00241000,3543441.80000000,1775926799999999,8516.02180500,632,1602024.90000000,3850.71972320,0
1775926800000000,0.00240800,0.00243100,0.00240400,0.00242300,4044170.30000000,1775930399999999,9768.08894800,673,2580553.50000000,6236.08309180,0
1775930400000000,0.00242100,0.00244200,0.00242100,0.00242900,2966357.30000000,1775933999999999,7209.02663070,534,1813585.80000000,4407.74938350,0
1775934000000000,0.00242900,0.00244000,0.00242500,0.00243200,3344522.20000000,1775937599999999,8136.37857650,591,1715215.80000000,4174.17418260,0
1775937600000000,0.00243200,0.00244100,0.00242300,0.00243000,2920795.10000000,1775941199999999,7100.66475190,548,1315459.70000000,3198.32528800,0
1775941200000000,0.00243100,0.00244900,0.00242100,0.00243000,2306905.70000000,1775944799999999,5614.97938080,453,1162055.90000000,2829.30913730,0
1775944800000000,0.00242800,0.00244400,0.00241900,0.00242400,2357764.20000000,1775948399999999,5724.67900700,468,1140072.00000000,2769.48708410,0
1775948400000000,0.00242200,0.00242500,0.00240800,0.00242100,1589625.60000000,1775951999999999,3842.00879180,452,831379.00000000,2009.78734660,0
1775952000000000,0.00241900,0.00243300,0.00241900,0.00243300,1671257.30000000,1775955599999999,4059.89756250,493,857201.60000000,2082.75264820,0
1775955600000000,0.00243200,0.00244500,0.00235000,0.00236000,4189837.90000000,1775959199999999,10039.94545790,821,1543283.80000000,3713.02090470,0
1775959200000000,0.00236300,0.00238400,0.00235100,0.00238100,2922977.10000000,1775962799999999,6928.91663480,662,1354665.50000000,3212.37157930,0
1775962800000000,0.00238100,0.00238700,0.00237300,0.00238400,2450836.90000000,1775966399999999,5833.84315630,538,1137307.00000000,2708.06683980,0
1775966400000000,0.00238300,0.00246600,0.00238100,0.00245700,9047839.80000000,1775969999999999,22005.00234830,1015,5557380.30000000,13503.69962400,0
1775970000000000,0.00246000,0.00246800,0.00241200,0.00245100,4585658.60000000,1775973599999999,11184.64329850,732,2584614.30000000,6305.67042660,0
1775973600000000,0.00245200,0.00246400,0.00242100,0.00242300,4149428.00000000,1775977199999999,10153.40858090,645,1619466.20000000,3960.92518340,0
1775977200000000,0.00242000,0.00243500,0.00240200,0.00242400,5988147.80000000,1775980799999999,14459.94889140,780,3324172.70000000,8027.67806740,0
1775980800000000,0.00242400,0.00245600,0.00242200,0.00245000,4805685.10000000,1775984399999999,11717.94500670,700,3156744.00000000,7699.88891500,0
1775984400000000,0.00245000,0.00246000,0.00243500,0.00244200,4033731.90000000,1775987999999999,9872.44088610,762,2175050.20000000,5327.28012860,0
1775988000000000,0.00244300,0.00244300,0.00237800,0.00239300,4879076.60000000,1775991599999999,11732.74336750,737,1161159.70000000,2797.18324620,0
1775991600000000,0.00239400,0.00240000,0.00237900,0.00238900,3944278.50000000,1775995199999999,9437.52176120,718,2159993.60000000,5172.05942720,0
1775995200000000,0.00238700,0.00240500,0.00236600,0.00238000,13707345.90000000,1775998799999999,32738.13129770,892,9437065.50000000,22543.37397020,0
1775998800000000,0.00237800,0.00240400,0.00236900,0.00240300,3240759.70000000,1776002399999999,7741.03265900,585,2115386.00000000,5056.26969540,0
1776002400000000,0.00240500,0.00240700,0.00235200,0.00235600,6315583.40000000,1776005999999999,15043.69315730,697,2154738.00000000,5125.63921960,0
1776006000000000,0.00235700,0.00240600,0.00235500,0.00239500,4899552.40000000,1776009599999999,11655.03630730,804,2943132.20000000,7004.92516060,0
1776009600000000,0.00239600,0.00241200,0.00238100,0.00239300,3251305.00000000,1776013199999999,7779.89702590,637,1760728.60000000,4216.82883430,0
1776013200000000,0.00239400,0.00240400,0.00238100,0.00239900,3133928.40000000,1776016799999999,7482.75047330,551,1586519.80000000,3790.71232790,0
1776016800000000,0.00239800,0.00241600,0.00239200,0.00240500,3615730.00000000,1776020399999999,8685.85802710,690,2317882.30000000,5571.29796440,0
1776020400000000,0.00240300,0.00240400,0.00239100,0.00239500,3789095.70000000,1776023999999999,9072.88169960,804,1413600.30000000,3384.97275570,0
1776024000000000,0.00239500,0.00241600,0.00239100,0.00241100,3063051.00000000,1776027599999999,7354.94967490,746,1722488.00000000,4136.49275420,0
1776027600000000,0.00241000,0.00241800,0.00238700,0.00239600,3338755.10000000,1776031199999999,8007.84803390,676,1567203.40000000,3757.92484380,0
1776031200000000,0.00239600,0.00239600,0.00235200,0.00235700,4258436.60000000,1776034799999999,10100.08705900,639,1461839.40000000,3463.96480970,0
1776034800000000,0.00235600,0.00235700,0.00233500,0.00233600,3573562.60000000,1776038399999999,8385.28764300,584,1496013.20000000,3511.05874810,0
1776038400000000,0.00233600,0.00236300,0.00232900,0.00236100,2445281.10000000,1776041999999999,5731.19609180,505,1431185.40000000,3356.51770120,0
1776042000000000,0.00236000,0.00237600,0.00235200,0.00237600,3051527.50000000,1776045599999999,7206.96652470,552,1926873.50000000,4553.34044910,0
1776045600000000,0.00237500,0.00238800,0.00236200,0.00236700,2535947.80000000,1776049199999999,6024.71911520,552,947518.10000000,2251.22644900,0
1776049200000000,0.00236800,0.00237200,0.00236000,0.00236200,3056827.40000000,1776052799999999,7231.89253780,627,1313643.70000000,3110.36990450,0
1776052800000000,0.00236300,0.00237100,0.00234100,0.00234500,8884069.60000000,1776056399999999,20926.51394520,625,4970318.10000000,11704.84736520,0
1776056400000000,0.00234600,0.00235000,0.00233200,0.00234700,2997549.80000000,1776059999999999,7017.76141260,538,1172984.40000000,2747.46363170,0
1776060000000000,0.00234700,0.00238400,0.00234700,0.00238000,5451951.40000000,1776063599999999,12902.12937360,734,3205793.30000000,7585.95587180,0
1776063600000000,0.00238000,0.00238400,0.00235100,0.00235300,3130676.80000000,1776067199999999,7415.70888950,512,1031269.90000000,2445.72918620,0
1776067200000000,0.00235100,0.00236400,0.00234300,0.00235200,2899254.10000000,1776070799999999,6822.40901450,527,1506835.00000000,3547.28929440,0
1776070800000000,0.00235300,0.00235600,0.00233900,0.00234800,5058360.00000000,1776074399999999,11875.85684300,770,1834596.60000000,4307.63463320,0
1776074400000000,0.00235000,0.00235100,0.00234100,0.00234300,2185731.80000000,1776077999999999,5128.43687640,509,1107017.00000000,2597.98048400,0
1776078000000000,0.00234500,0.00234800,0.00234100,0.00234300,2478701.70000000,1776081599999999,5810.45731530,573,1196074.00000000,2804.82729170,0
1776081600000000,0.00234300,0.00235400,0.00233400,0.00235100,4891211.30000000,1776085199999999,11469.89224100,701,2302171.00000000,5405.53068100,0
1776085200000000,0.00235100,0.00235500,0.00233100,0.00234900,4730718.70000000,1776088799999999,11095.54477550,742,1950518.50000000,4573.02362980,0
1776088800000000,0.00234800,0.00235600,0.00233500,0.00234900,3512859.20000000,1776092399999999,8243.27412190,623,1876426.30000000,4403.76361810,0
1776092400000000,0.00234900,0.00235500,0.00233800,0.00234500,4328335.60000000,1776095999999999,10154.89751200,650,1418579.50000000,3328.11420010,0
1776096000000000,0.00234400,0.00235600,0.00232800,0.00234900,8238444.80000000,1776099599999999,19285.47058960,651,3667531.30000000,8572.90700920,0
1776099600000000,0.00234900,0.00235300,0.00233400,0.00233500,2989669.50000000,1776103199999999,7012.64351050,578,1256071.40000000,2946.50118010,0
1776103200000000,0.00233700,0.00235300,0.00233300,0.00235000,4051689.90000000,1776106799999999,9489.20888330,578,2799817.30000000,6560.38809570,0
1776106800000000,0.00234800,0.00235800,0.00234600,0.00234900,3009880.60000000,1776110399999999,7072.44043680,623,1618517.30000000,3803.84289110,0
1776110400000000,0.00235000,0.00235100,0.00234400,0.00234600,2280567.70000000,1776113999999999,5354.81543350,508,1172864.90000000,2754.51532500,0
1776114000000000,0.00234700,0.00235800,0.00234200,0.00234900,2698448.60000000,1776117599999999,6331.35716270,570,1430927.00000000,3358.63171950,0
1776117600000000,0.00235000,0.00238000,0.00234600,0.00236400,4794209.00000000,1776121199999999,11333.57234580,789,2265047.50000000,5356.13248100,0
1776121200000000,0.00236300,0.00237900,0.00236300,0.00237400,4048390.60000000,1776124799999999,9607.29832290,817,1952798.50000000,4635.40393570,0
1776124800000000,0.00237500,0.00237700,0.00237100,0.00237200,5129972.30000000,1776128399999999,12169.45943140,978,1468097.10000000,3483.38446010,0
1776128400000000,0.00237100,0.00237300,0.00237000,0.00237100,3698910.90000000,1776131999999999,8771.91977920,719,857580.90000000,2034.40789920,0
1776132000000000,0.00237100,0.00238200,0.00236900,0.00237300,4565414.10000000,1776135599999999,10835.31391630,827,2339998.90000000,5556.29601860,0
1776135600000000,0.00237200,0.00237700,0.00237000,0.00237600,3405012.00000000,1776139199999999,8081.68880550,726,1562305.60000000,3709.07981230,0
1776139200000000,0.00237700,0.00238400,0.00237500,0.00238100,3810704.90000000,1776142799999999,9073.09933120,615,2101814.50000000,5005.37843510,0
1776142800000000,0.00238300,0.00238300,0.00236400,0.00237200,4685778.10000000,1776146399999999,11135.85983590,658,2146526.20000000,5102.64322440,0
1776146400000000,0.00237300,0.00237900,0.00237100,0.00237600,3528061.60000000,1776149999999999,8383.16121060,686,1636440.90000000,3889.71831530,0
1776150000000000,0.00237500,0.00238200,0.00237000,0.00237500,4437170.90000000,1776153599999999,10539.53686380,682,2699488.80000000,6412.90867950,0
1776153600000000,0.00237300,0.00238100,0.00237100,0.00237600,3355756.00000000,1776157199999999,7974.02523780,557,1693273.00000000,4024.22890980,0
1776157200000000,0.00237600,0.00238000,0.00236900,0.00237700,3777121.70000000,1776160799999999,8965.21017490,642,1914838.70000000,4546.34378190,0
1776160800000000,0.00237800,0.00239000,0.00237000,0.00237400,3810975.40000000,1776164399999999,9052.29901720,661,2059061.80000000,4893.65767160,0
1776164400000000,0.00237500,0.00237900,0.00236900,0.00237500,3435219.20000000,1776167999999999,8161.76158460,621,1582407.10000000,3760.91806080,0
1776168000000000,0.00237600,0.00238000,0.00236900,0.00237700,3499621.20000000,1776171599999999,8307.62263400,651,1641784.40000000,3899.14089540,0
1776171600000000,0.00237800,0.00239300,0.00237100,0.00239100,3243216.10000000,1776175199999999,7723.27978640,640,1676350.80000000,3993.17649140,0
1776175200000000,0.00238900,0.00239700,0.00238300,0.00239200,2956518.90000000,1776178799999999,7065.45348940,561,1416416.10000000,3386.14301830,0
1776178800000000,0.00239300,0.00241500,0.00238700,0.00241200,4447915.40000000,1776182399999999,10686.54761590,763,2800745.80000000,6730.54931220,0
1776182400000000,0.00241400,0.00243900,0.00240500,0.00243100,6380920.60000000,1776185999999999,15461.28709020,800,3568188.90000000,8647.16258840,0
1776186000000000,0.00243300,0.00244400,0.00241900,0.00242200,5995984.20000000,1776189599999999,14591.91243640,829,2926939.10000000,7131.02554990,0
1776189600000000,0.00242400,0.00243500,0.00238200,0.00238700,6208359.00000000,1776193199999999,14987.10757460,817,2414537.20000000,5837.52284930,0
1776193200000000,0.00238700,0.00244500,0.00238700,0.00244200,4919650.60000000,1776196799999999,11870.47784830,792,3056771.80000000,7376.92511860,0
1776196800000000,0.00244200,0.00245100,0.00240000,0.00242000,6959262.80000000,1776200399999999,16877.82544520,819,2588341.40000000,6272.86360790,0
1776200400000000,0.00241900,0.00243400,0.00240600,0.00242700,6815318.60000000,1776203999999999,16471.55002680,783,3482281.60000000,8411.87062680,0
1776204000000000,0.00242500,0.00243100,0.00240700,0.00241100,4851029.60000000,1776207599999999,11725.76663730,671,1978853.60000000,4784.08121500,0
1776207600000000,0.00241300,0.00241400,0.00240000,0.00241000,5475247.10000000,1776211199999999,13169.92879670,756,1990881.70000000,4791.26898790,0
1776211200000000,0.00241100,0.00242600,0.00240000,0.00241300,5090829.70000000,1776214799999999,12273.67516360,750,2540942.50000000,6129.16510960,0
1776214800000000,0.00241200,0.00243200,0.00240000,0.00242500,4823310.80000000,1776218399999999,11628.56175770,768,2961294.20000000,7140.70227300,0
1776218400000000,0.00242300,0.00244000,0.00240800,0.00241100,6541884.90000000,1776221999999999,15847.10393150,743,3557313.80000000,8621.89819470,0
1776222000000000,0.00241200,0.00242200,0.00240400,0.00241900,3814282.80000000,1776225599999999,9192.99821840,652,2045032.80000000,4931.06257170,0
1776225600000000,0.00241800,0.00241900,0.00238000,0.00238300,7582591.60000000,1776229199999999,18173.39745320,964,2745784.50000000,6582.44840830,0
1776229200000000,0.00238400,0.00239300,0.00237600,0.00239000,6254749.50000000,1776232799999999,14900.92188840,830,2769618.40000000,6600.27549710,0
1776232800000000,0.00239100,0.00241200,0.00238800,0.00240200,7271269.00000000,1776236399999999,17443.68321980,1029,4419095.80000000,10602.42937850,0
1776236400000000,0.00240100,0.00241000,0.00238000,0.00238500,7244939.60000000,1776239999999999,17357.04188130,832,3090501.90000000,7416.69659330,0
1776240000000000,0.00238500,0.00238500,0.00236400,0.00238300,5635706.10000000,1776243599999999,13390.56565580,795,2387853.50000000,5678.26593190,0
1776243600000000,0.00238400,0.00239400,0.00238100,0.00238800,3739440.60000000,1776247199999999,8931.14921500,665,1970173.80000000,4705.77682810,0
1776247200000000,0.00238700,0.00239600,0.00238400,0.00239200,3528690.30000000,1776250799999999,8434.00489870,624,1971618.40000000,4713.61592590,0
1776250800000000,0.00239100,0.00239800,0.00237500,0.00238200,4394907.60000000,1776254399999999,10483.57600060,667,2259749.70000000,5393.96760380,0
1776254400000000,0.00238200,0.00238700,0.00237500,0.00238300,4211047.70000000,1776257999999999,10027.74178920,662,2197258.50000000,5234.18788770,0
1776258000000000,0.00238100,0.00238500,0.00237800,0.00238100,3441095.40000000,1776261599999999,8194.35272180,619,1672441.40000000,3983.58357990,0
1776261600000000,0.00238000,0.00238800,0.00237700,0.00237900,3791823.10000000,1776265199999999,9029.34793030,709,1960102.10000000,4668.49945530,0
1776265200000000,0.00238300,0.00238300,0.00236200,0.00236500,8845247.40000000,1776268799999999,20962.45783320,1063,2237035.10000000,5304.69405920,0
1776268800000000,0.00236700,0.00238700,0.00236300,0.00237900,6513306.70000000,1776272399999999,15435.95013380,1216,3796546.30000000,9002.22946070,0
1776272400000000,0.00237900,0.00239000,0.00236900,0.00238100,5159527.50000000,1776275999999999,12282.32587980,1066,2705549.30000000,6443.95881780,0
1776276000000000,0.00238100,0.00240100,0.00238000,0.00239800,3372723.10000000,1776279599999999,8067.59327970,747,1968806.00000000,4711.47807750,0
1776279600000000,0.00239900,0.00245500,0.00239300,0.00244400,10066927.40000000,1776283199999999,24373.05928670,1171,4597236.10000000,11119.63238630,0
1776283200000000,0.00244400,0.00245200,0.00242100,0.00243300,6552640.60000000,1776286799999999,15952.44370280,852,3730945.10000000,9084.80074860,0
1776286800000000,0.00243300,0.00244600,0.00241800,0.00243900,5103407.60000000,1776290399999999,12419.14199640,764,3084505.10000000,7503.96330080,0
1776290400000000,0.00244300,0.00246200,0.00243900,0.00244800,4983546.90000000,1776293999999999,12224.28765430,799,2665927.70000000,6539.87614230,0
1776294000000000,0.00244900,0.00245500,0.00244100,0.00245100,4498154.50000000,1776297599999999,11001.56210360,767,2233044.50000000,5463.85498110,0
1776297600000000,0.00245200,0.00245600,0.00243400,0.00245100,5751698.60000000,1776301199999999,14059.41063450,847,1982946.30000000,4846.87834410,0
1776301200000000,0.00245100,0.00246700,0.00245000,0.00246700,4374686.40000000,1776304799999999,10739.62941050,788,1836423.20000000,4510.63636310,0
1776304800000000,0.00246500,0.00249200,0.00246500,0.00248500,6704943.30000000,1776308399999999,16627.63783720,851,3232134.50000000,8017.53052740,0
1776308400000000,0.00248700,0.00249600,0.00247900,0.00248600,4698081.00000000,1776311999999999,11675.26453430,745,2032354.20000000,5053.86225630,0
1776312000000000,0.00248400,0.00252800,0.00247900,0.00250700,12917453.20000000,1776315599999999,32323.84497550,1059,4846584.00000000,12125.66304650,0
1776315600000000,0.00250700,0.00252100,0.00249200,0.00251300,4248884.60000000,1776319199999999,10625.36900280,710,2023262.40000000,5060.71763060,0
1776319200000000,0.00251400,0.00253500,0.00249400,0.00249900,5684768.70000000,1776322799999999,14249.79181280,730,1940212.40000000,4866.98320580,0
1776322800000000,0.00250000,0.00252400,0.00249400,0.00250100,10989093.80000000,1776326399999999,27516.81015810,1166,4953821.70000000,12402.15425630,0
1776326400000000,0.00250100,0.00250900,0.00249900,0.00250100,5065795.70000000,1776329999999999,12674.67305040,869,1941131.20000000,4857.78562160,0
1776330000000000,0.00250100,0.00253700,0.00250000,0.00250200,6932038.60000000,1776333599999999,17464.59378290,967,2880420.50000000,7258.95050230,0
1776333600000000,0.00250000,0.00250500,0.00248900,0.00249300,4321819.20000000,1776337199999999,10789.31277090,689,1903350.10000000,4752.98848250,0
1776337200000000,0.00249500,0.00250800,0.00248900,0.00249900,4394595.40000000,1776340799999999,10975.58661570,685,2464207.00000000,6155.51619070,0
1776340800000000,0.00250000,0.00251700,0.00250000,0.00250300,4643999.30000000,1776344399999999,11643.68213920,685,2356538.20000000,5909.93629960,0
1776344400000000,0.00250300,0.00252200,0.00247000,0.00249300,7219444.00000000,1776347999999999,18053.35560450,1034,3674535.80000000,9171.85552540,0
1776348000000000,0.00249400,0.00250600,0.00247600,0.00249900,8042964.70000000,1776351599999999,20048.79145560,1015,2852437.00000000,7117.03404640,0
1776351600000000,0.00249700,0.00255300,0.00248500,0.00253200,9990898.10000000,1776355199999999,25218.56525440,1327,5218644.90000000,13187.57679140,0
1776355200000000,0.00253300,0.00256100,0.00252600,0.00254700,6213696.80000000,1776358799999999,15785.28048040,1046,2459782.20000000,6251.76696450,0
1776358800000000,0.00254600,0.00257700,0.00253500,0.00256200,4272048.50000000,1776362399999999,10918.13128890,804,2020662.10000000,5168.17806470,0
1776362400000000,0.00256400,0.00256900,0.00254800,0.00256400,4404317.20000000,1776365999999999,11258.75744640,830,1919785.00000000,4911.88967200,0
1776366000000000,0.00256500,0.00257100,0.00256100,0.00256100,3025063.90000000,1776369599999999,7753.58808440,708,1316401.60000000,3375.13153430,0
1776369600000000,0.00256100,0.00258300,0.00255900,0.00256400,4660706.90000000,1776373199999999,11970.19716680,788,1996643.20000000,5129.06319990,0
1776373200000000,0.00256200,0.00256900,0.00255200,0.00256300,4440977.50000000,1776376799999999,11378.63911540,758,2166144.40000000,5551.38723560,0
1776376800000000,0.00256200,0.00258900,0.00255200,0.00257800,7391440.50000000,1776380399999999,18961.88741980,844,4918986.80000000,12628.74176090,0
1776380400000000,0.00257800,0.00261200,0.00257300,0.00260500,9137465.30000000,1776383999999999,23695.86416220,852,4708693.70000000,12214.61632040,0
1776384000000000,0.00260300,0.00261000,0.00260000,0.00260200,7063483.70000000,1776387599999999,18387.52330810,643,2649240.70000000,6897.93523470,0
1776387600000000,0.00260300,0.00261400,0.00257300,0.00258400,12109149.00000000,1776391199999999,31463.70624630,963,4690074.90000000,12177.17569260,0
1776391200000000,0.00258300,0.00258800,0.00256100,0.00256400,4182590.00000000,1776394799999999,10744.31578650,756,1590643.50000000,4086.72563930,0
1776394800000000,0.00256400,0.00257000,0.00255800,0.00256400,4279596.00000000,1776398399999999,10967.13530830,825,2175120.60000000,5575.53161700,0
1776398400000000,0.00256100,0.00256500,0.00254900,0.00255300,3460401.30000000,1776401999999999,8843.09205420,647,1682995.90000000,4301.82992680,0
1776402000000000,0.00255400,0.00255600,0.00252400,0.00255200,6467591.70000000,1776405599999999,16446.53013190,861,3790774.50000000,9639.27335390,0
1776405600000000,0.00254900,0.00261400,0.00254600,0.00257700,10979115.90000000,1776409199999999,28406.08043990,1087,6321099.00000000,16368.63491310,0
1776409200000000,0.00257700,0.00265900,0.00257300,0.00263900,9395292.60000000,1776412799999999,24570.66378590,1063,5576386.30000000,14564.25376470,0
1776412800000000,0.00263500,0.00266000,0.00261900,0.00264100,8335603.60000000,1776416399999999,22002.53665960,827,2986239.30000000,7887.87814800,0
1776416400000000,0.00264100,0.00264200,0.00260500,0.00261600,7626453.20000000,1776419999999999,19986.89325450,968,4022266.30000000,10534.52673200,0
1776420000000000,0.00261700,0.00262000,0.00259300,0.00260000,7169743.80000000,1776423599999999,18696.80956670,790,3883485.30000000,10129.41521560,0
1776423600000000,0.00260100,0.00265600,0.00259800,0.00265200,6197339.10000000,1776427199999999,16291.07642110,863,3891621.50000000,10229.54611070,0
1776427200000000,0.00265100,0.00268400,0.00262800,0.00263500,8189534.80000000,1776430799999999,21759.25318210,1167,3748573.70000000,9966.56621080,0
1776430800000000,0.00263500,0.00267100,0.00262100,0.00266500,6430969.30000000,1776434399999999,16978.40040730,916,3284497.50000000,8676.03081620,0
1776434400000000,0.00266900,0.00268400,0.00265100,0.00266900,7657878.70000000,1776437999999999,20411.91280090,926,4241940.20000000,11309.50756680,0
1776438000000000,0.00267200,0.00267200,0.00262100,0.00263300,10543221.90000000,1776441599999999,27880.59794990,1230,4681885.10000000,12384.29491880,0
1776441600000000,0.00263600,0.00269300,0.00263200,0.00265900,13344353.90000000,1776445199999999,35502.66580910,1223,8179211.40000000,21776.88540690,0
1776445200000000,0.00265700,0.00266000,0.00261200,0.00261700,9028534.50000000,1776448799999999,23780.59798010,914,5303247.20000000,13962.92633680,0
1776448800000000,0.00261700,0.00266600,0.00259100,0.00264100,9191208.60000000,1776452399999999,24110.14339180,967,4431241.10000000,11649.15136130,0
1776452400000000,0.00264100,0.00266200,0.00263300,0.00264300,7396751.00000000,1776455999999999,19528.05762370,976,3459859.50000000,9136.79089390,0
1776456000000000,0.00263900,0.00265200,0.00262400,0.00264700,5973192.50000000,1776459599999999,15749.15022160,801,2203543.10000000,5814.41036750,0
1776459600000000,0.00264600,0.00266400,0.00264000,0.00264900,5002646.50000000,1776463199999999,13252.78958780,740,2441883.20000000,6470.94579850,0
1776463200000000,0.00265200,0.00268300,0.00264200,0.00268000,6139480.10000000,1776466799999999,16379.78704650,842,3304204.40000000,8819.91849990,0
1776466800000000,0.00268000,0.00271100,0.00265100,0.00270800,15953112.90000000,1776470399999999,42783.51814980,1265,7501176.50000000,20126.79424930,0
1776470400000000,0.00270500,0.00273800,0.00268200,0.00271000,13324299.80000000,1776473999999999,36072.93032930,1089,6691658.30000000,18124.21843100,0
1776474000000000,0.00271300,0.00272600,0.00267500,0.00272100,8024900.30000000,1776477599999999,21737.10887790,889,2790764.40000000,7571.58865000,0
1776477600000000,0.00271800,0.00272500,0.00268300,0.00272000,7092864.90000000,1776481199999999,19161.07449470,925,3846393.50000000,10390.67098690,0
1776481200000000,0.00272000,0.00272400,0.00268700,0.00268800,5635262.20000000,1776484799999999,15239.20695370,681,2197941.30000000,5951.92842980,0
1776484800000000,0.00268700,0.00270400,0.00267700,0.00268500,6472340.90000000,1776488399999999,17410.83356510,827,3454650.10000000,9293.67225930,0
1776488400000000,0.00268600,0.00272600,0.00268100,0.00271600,4631105.80000000,1776491999999999,12527.56185680,865,2534733.40000000,6860.32348770,0
1776492000000000,0.00271700,0.00276500,0.00271500,0.00274900,8420997.00000000,1776495599999999,23069.25498990,901,4162670.50000000,11390.75674410,0
1776495600000000,0.00275100,0.00286100,0.00274600,0.00280000,29771924.40000000,1776499199999999,83722.29066780,1966,20352013.80000000,57319.13690200,0
1776499200000000,0.00279900,0.00280300,0.00272500,0.00272600,9794298.60000000,1776502799999999,27056.44554430,1306,4269026.80000000,11788.91237750,0
1776502800000000,0.00272800,0.00273200,0.00269800,0.00270000,14072314.30000000,1776506399999999,38172.78802440,1242,6627424.40000000,17978.55454790,0
1776506400000000,0.00269800,0.00272900,0.00265800,0.00266100,13768530.00000000,1776509999999999,37045.36731510,1118,5528989.80000000,14902.20327380,0
1776510000000000,0.00266300,0.00267200,0.00261900,0.00263500,11846445.90000000,1776513599999999,31323.89274760,1185,5851051.70000000,15495.71460090,0
1776513600000000,0.00263300,0.00265300,0.00262300,0.00264200,7634621.60000000,1776517199999999,20123.00048150,874,3848658.90000000,10150.21334290,0
1776517200000000,0.00264000,0.00264300,0.00261600,0.00262800,6288430.30000000,1776520799999999,16533.95068290,948,3290729.00000000,8655.26773140,0
1776520800000000,0.00263000,0.00266300,0.00262900,0.00266100,4606985.90000000,1776524399999999,12184.74597290,759,2760586.80000000,7302.15920320,0
1776524400000000,0.00266100,0.00272600,0.00264700,0.00265900,13451317.80000000,1776527999999999,36117.02639000,1233,7689725.10000000,20689.42124550,0
1776528000000000,0.00266000,0.00266400,0.00263200,0.00263500,6352046.20000000,1776531599999999,16811.38452670,904,2295869.20000000,6079.54817930,0
1776531600000000,0.00263400,0.00266100,0.00262300,0.00264700,7888937.90000000,1776535199999999,20825.69779130,973,4119645.00000000,10883.78239950,0
1776535200000000,0.00264600,0.00264700,0.00256500,0.00256900,7233633.10000000,1776538799999999,18823.76590020,995,2441554.80000000,6374.37175940,0
1776538800000000,0.00257100,0.00258200,0.00256000,0.00257900,3688171.80000000,1776542399999999,9490.78113600,647,2358217.70000000,6069.65475850,0
1776542400000000,0.00257800,0.00261400,0.00256800,0.00259600,4044814.00000000,1776545999999999,10470.92556010,666,2043608.10000000,5297.32949010,0
1776546000000000,0.00259300,0.00262000,0.00258900,0.00261700,4404480.00000000,1776549599999999,11447.38476450,582,1864271.80000000,4850.10796910,0
1776549600000000,0.00261800,0.00263100,0.00261600,0.00262400,3348788.90000000,1776553199999999,8788.32517050,558,1280756.00000000,3359.94445790,0
1776553200000000,0.00262400,0.00262900,0.00259700,0.00259900,2926183.80000000,1776556799999999,7649.87616310,552,1247427.70000000,3262.82716570,0
1776556800000000,0.00259700,0.00260500,0.00253800,0.00255200,11559312.50000000,1776560399999999,29584.28353230,828,4922321.60000000,12575.90439940,0
1776560400000000,0.00255200,0.00256800,0.00253400,0.00254300,4838565.90000000,1776563999999999,12364.46481070,710,3036751.70000000,7768.01543900,0
1776564000000000,0.00254400,0.00255000,0.00250900,0.00254500,7627815.20000000,1776567599999999,19297.90065960,885,3243222.00000000,8214.15311830,0
1776567600000000,0.00254300,0.00257600,0.00253900,0.00254600,4748648.60000000,1776571199999999,12136.98806550,715,2690495.40000000,6878.18114520,0
1776571200000000,0.00254600,0.00256500,0.00252800,0.00254900,10780481.80000000,1776574799999999,27428.91452530,1045,5557588.90000000,14151.65210320,0
1776574800000000,0.00254800,0.00256000,0.00253400,0.00253800,5064607.00000000,1776578399999999,12901.73978970,622,3076401.80000000,7840.98476530,0
1776578400000000,0.00253700,0.00256700,0.00252100,0.00255800,5134214.70000000,1776581999999999,13056.18290730,691,2132573.40000000,5432.30026970,0
1776582000000000,0.00255600,0.00256000,0.00253700,0.00254900,5351541.70000000,1776585599999999,13641.82616070,718,3030597.30000000,7726.98139620,0
1776585600000000,0.00254800,0.00256900,0.00254500,0.00255400,4051657.10000000,1776589199999999,10353.69672860,717,2108448.10000000,5390.45406950,0
1776589200000000,0.00255500,0.00255600,0.00253600,0.00255000,3659800.30000000,1776592799999999,9319.57333660,599,1370697.40000000,3491.75716140,0
1776592800000000,0.00254900,0.00257400,0.00254800,0.00257100,3662827.50000000,1776596399999999,9374.91134290,663,2109713.20000000,5402.07671020,0
1776596400000000,0.00256900,0.00259100,0.00256100,0.00258500,5471298.10000000,1776599999999999,14111.97494600,726,2108773.40000000,5444.38346520,0
1776600000000000,0.00258600,0.00259400,0.00257300,0.00258300,5800406.30000000,1776603599999999,14986.24269340,646,2356526.40000000,6087.74946830,0
1776603600000000,0.00258200,0.00261300,0.00257800,0.00260000,5718855.90000000,1776607199999999,14836.26088480,757,2956651.30000000,7668.56993220,0
1776607200000000,0.00259900,0.00261200,0.00257500,0.00257800,8958438.10000000,1776610799999999,23235.67582160,850,3445607.70000000,8940.68135080,0
1776610800000000,0.00257900,0.00258700,0.00256900,0.00258000,5016480.40000000,1776614399999999,12928.59343690,731,2363232.00000000,6094.37549190,0
1776614400000000,0.00258100,0.00258700,0.00256600,0.00257100,2099701.80000000,1776617999999999,5407.82657160,541,1094631.90000000,2819.87674690,0
1776618000000000,0.00257100,0.00257100,0.00254200,0.00254300,3146643.50000000,1776621599999999,8046.27685700,692,1517507.00000000,3879.90928520,0
1776621600000000,0.00254400,0.00255400,0.00252900,0.00253100,3203450.80000000,1776625199999999,8146.82433230,755,1376473.80000000,3500.67799330,0
1776625200000000,0.00253200,0.00256600,0.00252300,0.00255800,4784141.60000000,1776628799999999,12179.35756800,730,2148135.00000000,5469.46951660,0
1776628800000000,0.00255700,0.00256400,0.00254000,0.00254400,3298242.80000000,1776632399999999,8407.80364690,606,1778219.10000000,4535.49385530,0
1776632400000000,0.00254400,0.00256400,0.00254000,0.00255600,3092681.40000000,1776635999999999,7889.77742680,541,1864397.50000000,4756.64592390,0
1776636000000000,0.00255500,0.00255500,0.00246000,0.00248500,13064806.00000000,1776639599999999,32608.07023810,1070,5730528.70000000,14287.26646210,0
1776639600000000,0.00248400,0.00249000,0.00245500,0.00246600,4523779.20000000,1776643199999999,11217.02005680,708,2713020.80000000,6732.50250640,0
1776643200000000,0.00246800,0.00251100,0.00245700,0.00250800,5213084.70000000,1776646799999999,12940.39780020,739,3607225.40000000,8958.95882210,0
1776646800000000,0.00250700,0.00253100,0.00250500,0.00252400,3844839.00000000,1776650399999999,9685.95995230,658,2043618.40000000,5148.43917970,0
1776650400000000,0.00252300,0.00252400,0.00250300,0.00250400,5155574.40000000,1776653999999999,12963.87451680,708,2384360.00000000,5998.09802440,0
1776654000000000,0.00250700,0.00252500,0.00249900,0.00252200,4817657.10000000,1776657599999999,12089.74578630,716,2546807.60000000,6393.68409070,0
1776657600000000,0.00252000,0.00253900,0.00251100,0.00253600,4116771.30000000,1776661199999999,10391.26950700,720,2101704.20000000,5306.18084870,0
1776661200000000,0.00253700,0.00253800,0.00249500,0.00249500,6412173.70000000,1776664799999999,16157.72917440,849,2818805.30000000,7105.53255660,0
1776664800000000,0.00249700,0.00252700,0.00248400,0.00251200,7240195.30000000,1776668399999999,18134.76239100,821,4110396.20000000,10306.58072410,0
1776668400000000,0.00251300,0.00253800,0.00248800,0.00250200,10468341.70000000,1776671999999999,26244.10293090,1000,5053407.40000000,12666.05530590,0
1776672000000000,0.00249900,0.00252900,0.00249400,0.00252200,5702618.00000000,1776675599999999,14307.41655460,747,3287565.80000000,8251.27612950,0
1776675600000000,0.00251700,0.00257500,0.00251700,0.00256500,12585558.10000000,1776679199999999,32151.40126570,1095,6802984.30000000,17369.05915080,0
1776679200000000,0.00256200,0.00259300,0.00256000,0.00258600,4936162.60000000,1776682799999999,12728.17714590,703,3001294.80000000,7741.56380460,0
1776682800000000,0.00258400,0.00263300,0.00258300,0.00262100,10864231.10000000,1776686399999999,28363.08623370,1308,5670839.50000000,14800.54177400,0
1776686400000000,0.00262500,0.00273000,0.00262100,0.00269500,13634222.40000000,1776689999999999,36531.68699900,1341,7480000.70000000,20020.87670380,0
1776690000000000,0.00269300,0.00269300,0.00264100,0.00265400,10301374.10000000,1776693599999999,27419.38675240,1117,4588139.60000000,12214.84575760,0
1776693600000000,0.00265400,0.00281600,0.00263200,0.00281300,36855139.40000000,1776697199999999,100694.04889630,1863,21127693.20000000,58055.52280620,0
1776697200000000,0.00281400,0.00281600,0.00269400,0.00271800,34464933.00000000,1776700799999999,94807.59501710,1832,13102915.80000000,35980.84102360,0
1776700800000000,0.00271800,0.00278800,0.00267700,0.00278200,29048293.80000000,1776704399999999,79308.80337720,1593,16175390.60000000,44175.05066160,0
1776704400000000,0.00278800,0.00283200,0.00274400,0.00278200,19151793.30000000,1776707999999999,53253.48476600,1394,10021311.10000000,27951.86725490,0
1776708000000000,0.00278500,0.00283600,0.00277000,0.00283200,13498897.00000000,1776711599999999,37747.87790030,1074,8435436.60000000,23587.70900090,0
1776711600000000,0.00282900,0.00283200,0.00274100,0.00274900,11878739.20000000,1776715199999999,32988.13886010,974,4406903.80000000,12203.07435020,0
1776715200000000,0.00274300,0.00275500,0.00273000,0.00274000,6660029.10000000,1776718799999999,18264.34764730,765,3528315.60000000,9681.04069490,0
1776718800000000,0.00273600,0.00276600,0.00273100,0.00275100,5594446.10000000,1776722399999999,15395.09097870,833,2936634.50000000,8083.66533170,0
1776722400000000,0.00275100,0.00277400,0.00272500,0.00272500,5677411.50000000,1776725999999999,15618.95957830,830,2256048.80000000,6213.93742420,0
1776726000000000,0.00272800,0.00273700,0.00267500,0.00268200,12609009.50000000,1776729599999999,34074.80839170,999,4893391.80000000,13210.31805470,0
1776729600000000,0.00268400,0.00272700,0.00267700,0.00272700,7131669.10000000,1776733199999999,19223.97310060,771,4063411.20000000,10950.37468500,0
1776733200000000,0.00272300,0.00279900,0.00272000,0.00273000,13055887.70000000,1776736799999999,36062.34594710,1251,7236765.80000000,19985.83031260,0
1776736800000000,0.00272900,0.00273200,0.00267100,0.00267400,7165909.70000000,1776740399999999,19401.62953750,978,3205568.00000000,8687.94440330,0
1776740400000000,0.00267700,0.00272600,0.00267200,0.00271900,9543261.50000000,1776743999999999,25746.19171310,1055,4635339.00000000,12515.75431990,0
1776744000000000,0.00271300,0.00271900,0.00268000,0.00268600,5452174.60000000,1776747599999999,14672.63119720,767,2504346.00000000,6739.33541600,0
1776747600000000,0.00268300,0.00273300,0.00268100,0.00269800,9568521.60000000,1776751199999999,25911.15270280,841,5919234.90000000,16025.56152870,0
1776751200000000,0.00270100,0.00270400,0.00265600,0.00267000,11558354.50000000,1776754799999999,30922.02004620,958,4093084.40000000,10949.65928310,0
1776754800000000,0.00266800,0.00268500,0.00263200,0.00263200,8376440.10000000,1776758399999999,22322.85435510,895,4584713.50000000,12228.10769320,0
1776758400000000,0.00263600,0.00268400,0.00262700,0.00267300,12770550.60000000,1776761999999999,33866.29701610,1209,6921953.30000000,18376.19590560,0
1776762000000000,0.00266900,0.00268400,0.00264600,0.00265400,6230428.10000000,1776765599999999,16576.34512820,1000,2590739.10000000,6896.70895550,0
1776765600000000,0.00265200,0.00265900,0.00264500,0.00265200,4271084.10000000,1776769199999999,11316.59532840,750,2066053.30000000,5475.13830490,0
1776769200000000,0.00265000,0.00267300,0.00263600,0.00266800,7768751.00000000,1776772799999999,20617.75006080,879,4368234.10000000,11601.22915620,0
1776772800000000,0.00266800,0.00266900,0.00261000,0.00263000,7842619.80000000,1776776399999999,20667.65415960,1040,3440059.80000000,9069.07640190,0
1776776400000000,0.00262900,0.00263100,0.00260300,0.00260500,6128490.90000000,1776779999999999,16017.86555290,902,2981602.80000000,7796.83804490,0
1776780000000000,0.00260600,0.00266500,0.00259100,0.00263500,6720237.30000000,1776783599999999,17607.17855230,867,2961655.30000000,7779.43874310,0
1776783600000000,0.00263700,0.00263700,0.00259300,0.00261900,9785980.40000000,1776787199999999,25620.23604970,1076,5329942.00000000,13955.88807460,0
1776787200000000,0.00262100,0.00266400,0.00261700,0.00263500,5317998.80000000,1776790799999999,14045.89679620,825,2828287.60000000,7462.99031260,0
1776790800000000,0.00263600,0.00265900,0.00262200,0.00264700,7494002.70000000,1776794399999999,19798.68431900,869,4026766.80000000,10631.31380180,0
1776794400000000,0.00264600,0.00266500,0.00263200,0.00264900,6413162.60000000,1776797999999999,16990.64825300,783,2879187.40000000,7627.93365980,0
1776798000000000,0.00264700,0.00267900,0.00263400,0.00264200,5514458.80000000,1776801599999999,14664.93491520,875,2553190.70000000,6791.03849470,0
1776801600000000,0.00264400,0.00268600,0.00264200,0.00267700,5253205.90000000,1776805199999999,14029.02281060,832,3153705.20000000,8425.01305340,0
1776805200000000,0.00267500,0.00270900,0.00267100,0.00269600,3373729.30000000,1776808799999999,9078.44076180,739,1516321.70000000,4081.31944880,0
1776808800000000,0.00269600,0.00269700,0.00267000,0.00269200,5103130.00000000,1776812399999999,13701.94786060,721,2728883.20000000,7318.71079850,0
1776812400000000,0.00269100,0.00271500,0.00268000,0.00270400,6162605.20000000,1776815999999999,16599.79915710,844,3036740.00000000,8184.54860940,0
1776816000000000,0.00270600,0.00273000,0.00270300,0.00270700,7113238.40000000,1776819599999999,19328.10036930,887,3404999.10000000,9254.81998790,0
1776819600000000,0.00270900,0.00271000,0.00267100,0.00268600,8382255.30000000,1776823199999999,22569.41135210,980,4429123.20000000,11927.62479410,0
1776823200000000,0.00268900,0.00271100,0.00267700,0.00269900,9577989.00000000,1776826799999999,25785.41951000,922,4456155.70000000,12007.44912530,0
1776826800000000,0.00270000,0.00272100,0.00268700,0.00271500,5231627.90000000,1776830399999999,14143.54380070,787,3076240.10000000,8317.62990660,0
1776830400000000,0.00271300,0.00274700,0.00271300,0.00272700,8961504.70000000,1776833999999999,24447.50440300,1049,4547972.40000000,12408.40477030,0
1776834000000000,0.00272900,0.00276400,0.00272800,0.00275300,7166781.50000000,1776837599999999,19672.46139430,945,3585606.70000000,9839.43860530,0
1776837600000000,0.00275300,0.00275400,0.00272800,0.00274200,5387359.40000000,1776841199999999,14767.32277700,779,2708862.20000000,7425.95841260,0
1776841200000000,0.00274400,0.00274800,0.00272300,0.00273700,9999227.90000000,1776844799999999,27351.26695970,1343,5066969.80000000,13867.75361850,0
1776844800000000,0.00273800,0.00274200,0.00271600,0.00271600,7051782.20000000,1776848399999999,19247.61155520,923,3426453.60000000,9358.66339430,0
1776848400000000,0.00271400,0.00271900,0.00269000,0.00269000,7404513.70000000,1776851999999999,20028.73755470,859,3060950.20000000,8283.06456810,0
1776852000000000,0.00269200,0.00269700,0.00268200,0.00268800,5711733.00000000,1776855599999999,15361.10875440,853,3083478.90000000,8294.36334240,0
1776855600000000,0.00268800,0.00270600,0.00267100,0.00267500,9061713.70000000,1776859199999999,24318.42302800,939,4800302.00000000,12889.48480100,0
1776859200000000,0.00267500,0.00268600,0.00267100,0.00267300,5575027.90000000,1776862799999999,14934.15275140,757,2622655.60000000,7026.28497820,0
1776862800000000,0.00267500,0.00269400,0.00266400,0.00266700,7339546.80000000,1776866399999999,19627.84612570,813,3995839.90000000,10683.93400570,0
1776866400000000,0.00266900,0.00269800,0.00266800,0.00269000,5622363.70000000,1776869999999999,15095.58684270,750,2746020.40000000,7372.58699270,0
1776870000000000,0.00269000,0.00269300,0.00266900,0.00266900,5468009.60000000,1776873599999999,14669.89311350,777,2245280.60000000,6025.71930130,0
1776873600000000,0.00267100,0.00268800,0.00267000,0.00267000,8064500.90000000,1776877199999999,21601.28230090,829,4093781.90000000,10965.79220010,0
1776877200000000,0.00267200,0.00268700,0.00266600,0.00268700,4412753.80000000,1776880799999999,11807.65801660,674,2336535.20000000,6252.95277560,0
1776880800000000,0.00268300,0.00272700,0.00268100,0.00271000,7393829.70000000,1776884399999999,20013.30430680,850,3734435.60000000,10103.38585190,0
1776884400000000,0.00270800,0.00272000,0.00268700,0.00269700,9142722.10000000,1776887999999999,24695.71319020,1111,3984855.20000000,10762.58461960,0
1776888000000000,0.00269800,0.00270900,0.00269300,0.00269400,4893008.80000000,1776891599999999,13210.71762150,695,2158638.60000000,5827.59395030,0
1776891600000000,0.00269300,0.00273400,0.00269200,0.00272500,6616845.40000000,1776895199999999,17935.56440450,847,3255848.80000000,8821.26920700,0
1776895200000000,0.00272000,0.00272000,0.00269400,0.00270400,6431974.50000000,1776898799999999,17394.60304370,805,3292777.40000000,8903.30891870,0
1776898800000000,0.00270300,0.00270800,0.00266000,0.00267000,9276898.90000000,1776902399999999,24876.74210710,1046,4113191.90000000,11022.35964110,0
1776902400000000,0.00266900,0.00268200,0.00264100,0.00267300,10316814.40000000,1776905999999999,27504.80528100,1079,5351322.90000000,14263.53819000,0
1776906000000000,0.00267400,0.00269000,0.00265800,0.00268500,6410858.20000000,1776909599999999,17139.29066570,794,3205407.10000000,8568.26225320,0
1776909600000000,0.00268700,0.00269200,0.00264500,0.00266400,7250084.60000000,1776913199999999,19360.81920520,871,3557474.10000000,9494.15893920,0
1776913200000000,0.00266400,0.00268000,0.00264700,0.00267700,6705551.50000000,1776916799999999,17858.91064110,882,3484363.70000000,9282.64528060,0
1776916800000000,0.00267700,0.00269100,0.00266700,0.00267200,5775684.40000000,1776920399999999,15465.17961350,757,2821663.10000000,7555.74230500,0
1776920400000000,0.00267100,0.00269600,0.00266800,0.00268300,4660917.90000000,1776923999999999,12516.10066760,726,2389532.10000000,6415.57727540,0
1776924000000000,0.00268200,0.00270700,0.00268100,0.00270400,5626781.40000000,1776927599999999,15177.66972120,754,2579728.40000000,6957.64810770,0
1776927600000000,0.00270600,0.00270800,0.00269100,0.00269200,5291028.80000000,1776931199999999,14281.27998440,754,2169318.50000000,5855.69588250,0
1776931200000000,0.00269300,0.00274000,0.00269000,0.00270700,10656329.30000000,1776934799999999,28976.65899410,1025,5708829.20000000,15522.75057440,0
1776934800000000,0.00270800,0.00274500,0.00267900,0.00269200,8476217.20000000,1776938399999999,22872.58186570,770,4234428.50000000,11422.89058190,0
1776938400000000,0.00269400,0.00270100,0.00266200,0.00266800,6474933.70000000,1776941999999999,17334.32243920,696,2734956.60000000,7322.41978710,0
1776942000000000,0.00266800,0.00269500,0.00266400,0.00268400,4428958.30000000,1776945599999999,11868.31371500,596,2259696.70000000,6054.12105960,0
1776945600000000,0.00268300,0.00270600,0.00268000,0.00269500,6049588.70000000,1776949199999999,16302.47253680,737,3377539.60000000,9100.46166860,0
1776949200000000,0.00269600,0.00270700,0.00269000,0.00270400,8168424.80000000,1776952799999999,22035.95931340,720,4252685.10000000,11474.97216090,0
1776952800000000,0.00270400,0.00271000,0.00268800,0.00270800,6637962.70000000,1776956399999999,17901.17182270,761,2919116.60000000,7874.80738780,0
1776956400000000,0.00270700,0.00274900,0.00269900,0.00274900,9245939.50000000,1776959999999999,25154.73197130,867,4137071.80000000,11265.04976420,0
1776960000000000,0.00274700,0.00276300,0.00271700,0.00272600,15281060.70000000,1776963599999999,41897.96887410,828,6549726.90000000,17896.59248440,0
1776963600000000,0.00272700,0.00274000,0.00269000,0.00270700,9735664.20000000,1776967199999999,26464.34780910,788,4266414.60000000,11599.76091800,0
1776967200000000,0.00270600,0.00271600,0.00267200,0.00267300,5819301.70000000,1776970799999999,15678.64876810,711,2353011.10000000,6345.03837720,0
1776970800000000,0.00267300,0.00270500,0.00265700,0.00269300,7265835.60000000,1776974399999999,19488.44051990,785,3658913.50000000,9811.28550250,0
1776974400000000,0.00269400,0.00271300,0.00269100,0.00270300,5686875.80000000,1776977999999999,15369.51674500,697,2315952.50000000,6258.70167870,0
1776978000000000,0.00270300,0.00271300,0.00266500,0.00267500,6513852.20000000,1776981599999999,17512.73173260,743,3303856.70000000,8881.57265760,0
1776981600000000,0.00267500,0.00268600,0.00266800,0.00267500,5227494.20000000,1776985199999999,13989.74331220,668,3121771.40000000,8354.19309650,0
1776985200000000,0.00267400,0.00271400,0.00267400,0.00270600,5601163.50000000,1776988799999999,15068.11730420,775,3629371.30000000,9761.82057020,0
1776988800000000,0.00270800,0.00271100,0.00268600,0.00269600,5625725.70000000,1776992399999999,15171.73028480,683,2401442.10000000,6477.67191430,0
1776992400000000,0.00269700,0.00270700,0.00268600,0.00270500,4564943.90000000,1776995999999999,12305.68620400,631,2642749.90000000,7125.58918250,0
1776996000000000,0.00270700,0.00272000,0.00269200,0.00271200,5727823.40000000,1776999599999999,15493.81392420,688,2708510.20000000,7327.19592410,0
1776999600000000,0.00271100,0.00275700,0.00270100,0.00274300,6411630.60000000,1777003199999999,17494.73962730,712,3572900.90000000,9747.51426030,0
1777003200000000,0.00274600,0.00275800,0.00272700,0.00273000,6036051.10000000,1777006799999999,16556.25463550,646,2435124.40000000,6677.97288970,0
1777006800000000,0.00272900,0.00273200,0.00270900,0.00272800,6131572.90000000,1777010399999999,16684.31519050,687,2674113.00000000,7274.76991730,0
1777010400000000,0.00272900,0.00272900,0.00270100,0.00270400,5181438.80000000,1777013999999999,14062.74487130,682,1895219.30000000,5145.77291470,0
1777014000000000,0.00270400,0.00271000,0.00269000,0.00269900,6776139.80000000,1777017599999999,18280.54155010,721,3081602.70000000,8313.58694640,0
1777017600000000,0.00270000,0.00271900,0.00268000,0.00271600,7197077.30000000,1777021199999999,19380.35701380,766,4164652.20000000,11218.96778920,0
1777021200000000,0.00271500,0.00272500,0.00269200,0.00271400,5836148.60000000,1777024799999999,15797.79377650,693,2987333.50000000,8090.97222210,0
1777024800000000,0.00271400,0.00272100,0.00269700,0.00271700,4543977.90000000,1777028399999999,12306.12827920,651,2476017.70000000,6706.56531970,0
1777028400000000,0.00271900,0.00273000,0.00271000,0.00272600,6873812.80000000,1777031999999999,18709.31573290,767,3323456.70000000,9046.67267330,0
1777032000000000,0.00272400,0.00273700,0.00271200,0.00272300,5741894.90000000,1777035599999999,15627.33065690,741,3339717.30000000,9092.83240110,0
1777035600000000,0.00272500,0.00272500,0.00270500,0.00271500,5119635.70000000,1777039199999999,13905.00551590,696,2652929.50000000,7205.70879390,0
1777039200000000,0.00271500,0.00274000,0.00271300,0.00273400,5031297.60000000,1777042799999999,13721.61628610,730,2697706.90000000,7357.48983960,0
1777042800000000,0.00273300,0.00277500,0.00271100,0.00277200,8317880.20000000,1777046399999999,22833.08773420,985,4675309.60000000,12828.94600240,0
1777046400000000,0.00277200,0.00280700,0.00275000,0.00277500,15297784.50000000,1777049999999999,42573.81058210,1360,7848737.10000000,21870.89551350,0
1777050000000000,0.00278000,0.00279200,0.00275400,0.00276300,6576848.40000000,1777053599999999,18224.13941090,723,2881333.70000000,7984.40998450,0
1777053600000000,0.00276400,0.00277300,0.00275100,0.00275400,5665395.10000000,1777057199999999,15637.62679960,671,2285653.10000000,6307.15408250,0
1777057200000000,0.00275300,0.00277400,0.00275000,0.00277200,4554326.20000000,1777060799999999,12560.03092050,639,2237218.20000000,6172.65925870,0
1777060800000000,0.00277100,0.00277900,0.00276100,0.00276900,5195040.70000000,1777064399999999,14386.76584210,695,2294015.60000000,6354.46260760,0
1777064400000000,0.00276900,0.00276900,0.00275000,0.00276200,6785675.50000000,1777067999999999,18721.67487460,825,2831387.10000000,7814.07973300,0
1777068000000000,0.00276300,0.00278000,0.00275000,0.00275100,7258524.30000000,1777071599999999,20059.69597630,796,3683034.20000000,10177.68304250,0
1777071600000000,0.00275100,0.00275700,0.00273700,0.00274400,5570260.80000000,1777075199999999,15301.32905390,757,3059869.60000000,8405.10337620,0
1777075200000000,0.00274500,0.00276900,0.00273700,0.00276900,6706768.80000000,1777078799999999,18458.82651370,881,3693431.30000000,10165.12508720,0
1777078800000000,0.00277100,0.00280300,0.00276500,0.00280000,6582368.00000000,1777082399999999,18330.87917070,732,4067136.20000000,11330.72255000,0
1777082400000000,0.00279900,0.00282200,0.00278100,0.00281600,7710819.90000000,1777085999999999,21587.31669380,896,3764952.30000000,10543.91104980,0
1777086000000000,0.00281800,0.00284500,0.00281400,0.00283400,7432398.70000000,1777089599999999,21038.01576760,833,3073968.40000000,8701.65572700,0
1777089600000000,0.00283400,0.00284600,0.00278900,0.00279400,8271014.40000000,1777093199999999,23286.13039080,841,2210287.10000000,6231.93478670,0
1777093200000000,0.00279300,0.00283500,0.00278800,0.00283500,6180683.70000000,1777096799999999,17372.33104540,799,2971158.30000000,8350.39865470,0
1777096800000000,0.00283500,0.00286400,0.00280800,0.00281100,6760117.00000000,1777100399999999,19183.43726280,781,3375646.40000000,9589.14414110,0
1777100400000000,0.00281000,0.00285600,0.00280400,0.00284100,7485892.30000000,1777103999999999,21187.79334600,816,3317429.50000000,9382.25596380,0
1777104000000000,0.00284200,0.00286300,0.00282400,0.00282600,8000270.30000000,1777107599999999,22780.10138880,882,3513764.50000000,10005.17767760,0
1777107600000000,0.00282700,0.00285000,0.00278500,0.00279800,15414519.00000000,1777111199999999,43499.82626290,1356,6789362.60000000,19130.78478750,0
1777111200000000,0.00280100,0.00281600,0.00277800,0.00278400,6305523.50000000,1777114799999999,17638.87139910,713,2944575.00000000,8243.55911080,0
1777114800000000,0.00278100,0.00278200,0.00274600,0.00276700,6976378.00000000,1777118399999999,19269.48017370,662,2344105.60000000,6489.62538090,0
1777118400000000,0.00276700,0.00278400,0.00275100,0.00275800,7989334.00000000,1777121999999999,22080.86123380,843,3883317.50000000,10735.49250060,0
1777122000000000,0.00275900,0.00277100,0.00274000,0.00277000,6181919.10000000,1777125599999999,17037.80561970,845,3056598.30000000,8430.91268210,0
1777125600000000,0.00277000,0.00278400,0.00274300,0.00276700,6896554.80000000,1777129199999999,19066.67827940,899,3896808.00000000,10772.90545040,0
1777129200000000,0.00276700,0.00277000,0.00274100,0.00274500,3732128.70000000,1777132799999999,10305.03064070,582,1887468.30000000,5211.32778660,0
1777132800000000,0.00274400,0.00275400,0.00270500,0.00271100,5464810.20000000,1777136399999999,14924.55979130,628,2685016.60000000,7331.16310060,0
1777136400000000,0.00271200,0.00272700,0.00269600,0.00270500,5129154.50000000,1777139999999999,13920.97073360,638,2414029.50000000,6554.74785650,0
1777140000000000,0.00270500,0.00273400,0.00270200,0.00272200,6455168.10000000,1777143599999999,17557.24621420,716,3434464.80000000,9338.46262250,0
1777143600000000,0.00272100,0.00272700,0.00270000,0.00271000,5730075.10000000,1777147199999999,15556.11331770,638,2236692.70000000,6073.81797100,0
1777147200000000,0.00270800,0.00271100,0.00269500,0.00270600,3968268.20000000,1777150799999999,10728.30222440,620,1767680.20000000,4779.78258090,0
1777150800000000,0.00270600,0.00272300,0.00270500,0.00271400,5040899.40000000,1777154399999999,13677.55384190,687,2097613.50000000,5692.95253710,0
1777154400000000,0.00271400,0.00273600,0.00271200,0.00272800,3722232.50000000,1777157999999999,10148.78323220,594,2183269.00000000,5951.37304810,0
1777158000000000,0.00272700,0.00273700,0.00272200,0.00273600,4218604.60000000,1777161599999999,11518.00304150,664,2103563.20000000,5744.11165850,0
1777161600000000,0.00273600,0.00273700,0.00270800,0.00271500,3930597.60000000,1777165199999999,10696.01481480,570,1777817.60000000,4836.27046130,0
1777165200000000,0.00271500,0.00272700,0.00271200,0.00271800,3510356.20000000,1777168799999999,9541.84074460,586,1849196.10000000,5026.81188100,0
1777168800000000,0.00271900,0.00274000,0.00271800,0.00274000,2695290.00000000,1777172399999999,7366.49798570,511,1389579.00000000,3798.18262430,0
1777172400000000,0.00274000,0.00274000,0.00271100,0.00273700,3862162.20000000,1777175999999999,10537.62005820,552,2065254.00000000,5631.51924920,0
1777176000000000,0.00273800,0.00276400,0.00273300,0.00275400,4373085.20000000,1777179599999999,12002.30256170,615,2146842.30000000,5890.45657230,0
1777179600000000,0.00275300,0.00277300,0.00274000,0.00276600,4326227.70000000,1777183199999999,11940.87882530,640,2359087.40000000,6509.99693930,0
1777183200000000,0.00276600,0.00279300,0.00276600,0.00278700,4265654.60000000,1777186799999999,11851.78932130,645,2143513.00000000,5958.72507940,0
1777186800000000,0.00278700,0.00279900,0.00278300,0.00279700,4571437.90000000,1777190399999999,12763.62605960,682,2169244.30000000,6057.65019700,0
1777190400000000,0.00279700,0.00281700,0.00279700,0.00281100,2885753.30000000,1777193999999999,8102.93162630,575,1409369.30000000,3957.25029820,0
1777194000000000,0.00280900,0.00281200,0.00278000,0.00279900,5543392.70000000,1777197599999999,15494.93144650,788,2661807.90000000,7438.44372230,0
1777197600000000,0.00280000,0.00283200,0.00279500,0.00282000,5403052.30000000,1777201199999999,15228.30821060,972,2493801.90000000,7027.78970030,0
1777201200000000,0.00282200,0.00284400,0.00281400,0.00283500,4846321.80000000,1777204799999999,13703.59906140,725,2503703.10000000,7081.23269040,0
1777204800000000,0.00283400,0.00283900,0.00282400,0.00282800,4315058.60000000,1777208399999999,12215.49696840,558,2242784.30000000,6348.31549680,0
1777208400000000,0.00282700,0.00285000,0.00282200,0.00282900,6726313.60000000,1777211999999999,19090.88636150,815,2437510.50000000,6921.99846950,0
1777212000000000,0.00283000,0.00283400,0.00281200,0.00281300,5641899.50000000,1777215599999999,15922.13778520,767,3199642.70000000,9029.95320610,0
1777215600000000,0.00281200,0.00283500,0.00280700,0.00282800,4612274.90000000,1777219199999999,12987.38824680,753,2663155.80000000,7501.60509930,0
1777219200000000,0.00282900,0.00282900,0.00281300,0.00282900,3245900.90000000,1777222799999999,9155.24049970,507,1592384.00000000,4491.78567800,0
1777222800000000,0.00283100,0.00284400,0.00281600,0.00284400,4055109.10000000,1777226399999999,11474.19019980,591,1966217.30000000,5563.88462230,0
1777226400000000,0.00284600,0.00292500,0.00284500,0.00291900,11222145.50000000,1777229999999999,32370.75962020,1121,8041273.50000000,23224.56896540,0
1777230000000000,0.00291900,0.00295700,0.00286200,0.00286500,16371223.90000000,1777233599999999,47607.50912900,1572,7380236.00000000,21511.69713430,0
1777233600000000,0.00286600,0.00291900,0.00285000,0.00286300,11595207.00000000,1777237199999999,33341.53603920,1017,6207297.60000000,17866.48798810,0
1777237200000000,0.00286400,0.00289900,0.00286000,0.00288800,13073665.80000000,1777240799999999,37662.03068050,1024,6230945.20000000,17936.96369340,0
1777240800000000,0.00288800,0.00290900,0.00286000,0.00288400,6081155.50000000,1777244399999999,17535.92906380,796,2933171.10000000,8460.51546350,0
1777244400000000,0.00288500,0.00292100,0.00287300,0.00292100,5608447.70000000,1777247999999999,16246.45314100,797,3095105.50000000,8968.51698670,0
1777248000000000,0.00291800,0.00292300,0.00283200,0.00285300,10303493.50000000,1777251599999999,29496.40975210,1242,4766751.30000000,13644.72298110,0
1777251600000000,0.00285400,0.00287300,0.00283700,0.00286500,7663414.30000000,1777255199999999,21888.21095870,906,3542237.10000000,10117.79102580,0
1777255200000000,0.00286300,0.00286400,0.00282200,0.00282600,6241502.40000000,1777258799999999,17689.82136620,727,2317896.60000000,6564.57642130,0
1777258800000000,0.00282600,0.00282900,0.00279800,0.00280700,5350655.10000000,1777262399999999,15059.36225440,718,2076249.20000000,5845.94290830,0
1777262400000000,0.00280500,0.00280600,0.00278600,0.00279300,4371520.20000000,1777265999999999,12219.24500930,677,2020777.40000000,5648.11311060,0
1777266000000000,0.00279500,0.00279500,0.00273300,0.00276400,10005234.20000000,1777269599999999,27566.75874960,1280,4631494.50000000,12754.67680680,0
1777269600000000,0.00276400,0.00276700,0.00273200,0.00273500,6487070.80000000,1777273199999999,17777.35171950,914,3072280.60000000,8425.81182980,0
1777273200000000,0.00273400,0.00274800,0.00273200,0.00274300,7968031.00000000,1777276799999999,21808.53367130,809,3456965.40000000,9468.86460330,0
1777276800000000,0.00274000,0.00274300,0.00269200,0.00270800,14035426.60000000,1777280399999999,38240.89590840,1004,2572438.80000000,6987.62324790,0
1777280400000000,0.00270900,0.00272900,0.00270000,0.00272300,3947803.20000000,1777283999999999,10709.50410770,760,2013209.70000000,5463.13648560,0
1777284000000000,0.00272100,0.00272600,0.00271100,0.00271600,5122192.10000000,1777287599999999,13924.18241350,760,2710512.20000000,7369.70724190,0
1777287600000000,0.00271500,0.00272100,0.00269400,0.00270600,4714069.40000000,1777291199999999,12777.06799930,871,2003734.70000000,5432.38159370,0
1777291200000000,0.00270800,0.00270800,0.00268600,0.00269900,5510867.10000000,1777294799999999,14865.32011210,867,2519585.70000000,6795.64575430,0
1777294800000000,0.00270000,0.00271600,0.00269300,0.00270000,6569810.10000000,1777298399999999,17777.73490110,888,3668200.00000000,9923.84303660,0
1777298400000000,0.00269900,0.00272400,0.00269800,0.00271500,4248278.80000000,1777301999999999,11513.14759540,677,2024375.20000000,5482.47468760,0
1777302000000000,0.00271500,0.00271600,0.00266600,0.00267000,8009658.40000000,1777305599999999,21518.10010660,875,3255835.10000000,8749.34473160,0
1777305600000000,0.00267000,0.00270400,0.00265300,0.00269800,6808144.00000000,1777309199999999,18244.25751680,864,4274170.10000000,11455.22609750,0
1777309200000000,0.00269700,0.00274400,0.00269700,0.00272200,6610028.50000000,1777312799999999,17942.67459440,729,3920898.20000000,10637.83577380,0
1777312800000000,0.00272200,0.00275300,0.00269800,0.00273600,12168782.00000000,1777316399999999,33090.69647440,1082,6375103.90000000,17342.10029230,0
1777316400000000,0.00273600,0.00276900,0.00273500,0.00275700,6469744.70000000,1777319999999999,17810.54979410,817,3352386.80000000,9229.34857450,0
1777320000000000,0.00275700,0.00277300,0.00274000,0.00275500,10668704.20000000,1777323599999999,29364.16897920,821,5112916.00000000,14075.87540160,0
1777323600000000,0.00275700,0.00277300,0.00274500,0.00275500,6233903.30000000,1777327199999999,17195.82239490,744,2711797.10000000,7485.80095710,0
1777327200000000,0.00275300,0.00277400,0.00275300,0.00277000,3956993.80000000,1777330799999999,10935.23026240,649,1487773.20000000,4110.28220210,0
1777330800000000,0.00277000,0.00278000,0.00276500,0.00276900,5051807.90000000,1777334399999999,14008.07335080,650,2760635.30000000,7654.68324290,0
1777334400000000,0.00276700,0.00276900,0.00273900,0.00274100,4822661.70000000,1777337999999999,13277.76658010,616,2140215.50000000,5897.33234030,0
1777338000000000,0.00274200,0.00275400,0.00273400,0.00275200,3648614.90000000,1777341599999999,10014.63746040,652,1850177.90000000,5079.66397120,0
1777341600000000,0.00275200,0.00276900,0.00273900,0.00274700,4530536.70000000,1777345199999999,12466.00239020,727,2508647.80000000,6901.14270890,0
1777345200000000,0.00274900,0.00275300,0.00273300,0.00274600,3773815.20000000,1777348799999999,10344.62360700,750,1637590.70000000,4489.40895080,0
1777348800000000,0.00274700,0.00275100,0.00272600,0.00274700,5320477.30000000,1777352399999999,14567.87933660,749,2267113.50000000,6207.03532720,0
1777352400000000,0.00274600,0.00277300,0.00274300,0.00275500,5057659.50000000,1777355999999999,13946.93730930,743,2742500.20000000,7560.44233260,0
1777356000000000,0.00275500,0.00275800,0.00273400,0.00273800,3959144.80000000,1777359599999999,10879.38052780,648,1831773.60000000,5034.05393830,0
1777359600000000,0.00273700,0.00275000,0.00273200,0.00273500,3563951.50000000,1777363199999999,9765.37349760,695,1740510.40000000,4768.72989720,0
1777363200000000,0.00273400,0.00275800,0.00273300,0.00274000,3437241.40000000,1777366799999999,9432.85541190,646,1789893.90000000,4909.80938360,0
1777366800000000,0.00274100,0.00275000,0.00272300,0.00272600,3258076.70000000,1777370399999999,8923.48068130,619,1461381.70000000,4004.49664140,0
1777370400000000,0.00272800,0.00275000,0.00272600,0.00273400,5921514.40000000,1777373999999999,16215.56573320,818,3381594.50000000,9260.36218940,0
1777374000000000,0.00273600,0.00273600,0.00269500,0.00270100,4211338.00000000,1777377599999999,11428.75525140,663,1541958.60000000,4183.22291870,0
1777377600000000,0.00270000,0.00273100,0.00269500,0.00273000,6685626.80000000,1777381199999999,18159.17235750,839,3808043.30000000,10341.54259100,0
1777381200000000,0.00273100,0.00273100,0.00270200,0.00272600,4973506.20000000,1777384799999999,13520.15444270,811,2718293.40000000,7388.46714060,0
1777384800000000,0.00272500,0.00272700,0.00270700,0.00272400,4079983.60000000,1777388399999999,11089.03105450,733,2284597.60000000,6209.27394410,0
1777388400000000,0.00272400,0.00278700,0.00272400,0.00277900,6389074.80000000,1777391999999999,17549.61425810,883,3662015.10000000,10059.22254390,0
1777392000000000,0.00277900,0.00291200,0.00274000,0.00275400,101046133.40000000,1777395599999999,286223.99333820,6013,60382630.80000000,171697.25776760,0
1777395600000000,0.00275400,0.00280200,0.00275300,0.00278700,10245462.20000000,1777399199999999,28505.39225340,1379,4503451.40000000,12531.14847110,0
1777399200000000,0.00278700,0.00280100,0.00277600,0.00278300,11592893.80000000,1777402799999999,32325.43903710,1166,5676687.80000000,15833.11616520,0
1777402800000000,0.00278300,0.00280300,0.00278300,0.00279900,8033691.80000000,1777406399999999,22430.30099590,950,3925149.60000000,10960.90848060,0
1777406400000000,0.00280000,0.00284800,0.00279900,0.00281500,10799683.30000000,1777409999999999,30510.04960560,1219,4863872.70000000,13742.73012290,0
1777410000000000,0.00281700,0.00284800,0.00278900,0.00282800,8078036.80000000,1777413599999999,22716.57503720,1092,3925373.70000000,11040.45649420,0
1777413600000000,0.00282700,0.00285300,0.00282700,0.00284600,6884997.70000000,1777417199999999,19562.80834720,958,3050308.20000000,8666.94460380,0
1777417200000000,0.00284600,0.00287700,0.00284400,0.00285500,6397039.50000000,1777420799999999,18270.33932190,938,2843219.90000000,8116.50750030,0
1777420800000000,0.00285300,0.00287600,0.00283300,0.00284700,7933514.00000000,1777424399999999,22677.31160490,1026,3322285.50000000,9491.83899290,0
1777424400000000,0.00284700,0.00287200,0.00282400,0.00287200,7552492.50000000,1777427999999999,21514.40143700,969,4231796.80000000,12061.52944980,0
1777428000000000,0.00287300,0.00289800,0.00283700,0.00288600,11069063.50000000,1777431599999999,31730.33363380,1030,4526586.20000000,12963.00073620,0
1777431600000000,0.00288600,0.00289700,0.00286800,0.00288400,8055810.50000000,1777435199999999,23254.74192770,1049,3361363.50000000,9702.54905610,0
1777435200000000,0.00288400,0.00289800,0.00287900,0.00289600,10038527.90000000,1777438799999999,28975.75544480,800,6416335.60000000,18510.81662350,0
1777438800000000,0.00289700,0.00294900,0.00288800,0.00294700,12038158.00000000,1777442399999999,35146.94996590,1158,6335037.30000000,18497.31956680,0
1777442400000000,0.00294700,0.00294900,0.00288900,0.00290300,10334719.50000000,1777445999999999,30106.29939830,1116,4885977.10000000,14235.56014060,0
1777446000000000,0.00290100,0.00290400,0.00282600,0.00283200,12939819.20000000,1777449599999999,37113.94252220,1040,4998354.80000000,14355.13926070,0
1777449600000000,0.00283300,0.00285500,0.00282800,0.00284400,7778747.80000000,1777453199999999,22104.64601440,833,4527100.10000000,12865.50427240,0
1777453200000000,0.00284400,0.00286900,0.00282900,0.00285700,13755902.60000000,1777456799999999,39182.37602840,1165,7435085.20000000,21175.40183920,0
1777456800000000,0.00285800,0.00287500,0.00284500,0.00284700,8203578.80000000,1777460399999999,23473.63348150,824,3633408.80000000,10397.87882740,0
1777460400000000,0.00284300,0.00284800,0.00281100,0.00282400,10747492.10000000,1777463999999999,30351.99089680,864,5956530.90000000,16816.41764050,0
1777464000000000,0.00282400,0.00284000,0.00281200,0.00283100,8466316.00000000,1777467599999999,23939.54248030,896,4513687.60000000,12763.00501320,0
1777467600000000,0.00282700,0.00284500,0.00278500,0.00278800,9939966.90000000,1777471199999999,27939.50428100,990,4140932.20000000,11650.78214670,0
1777471200000000,0.00278900,0.00281900,0.00277200,0.00280800,7565444.90000000,1777474799999999,21133.92998500,834,4753497.60000000,13289.53567950,0
1777474800000000,0.00280500,0.00280800,0.00274900,0.00275500,12278730.80000000,1777478399999999,34107.34369620,1040,5831874.10000000,16188.81118600,0
1777478400000000,0.00275400,0.00277100,0.00274200,0.00276000,9057955.00000000,1777481999999999,24999.98952760,805,4190435.40000000,11563.93929370,0
1777482000000000,0.00276100,0.00279000,0.00276100,0.00277600,6780409.20000000,1777485599999999,18815.56761190,744,3618172.30000000,10039.98654870,0
1777485600000000,0.00277600,0.00277700,0.00268700,0.00273400,14753586.50000000,1777489199999999,40099.79372760,1210,7045475.60000000,19145.53080580,0
1777489200000000,0.00273700,0.00273800,0.00271900,0.00272200,5569803.80000000,1777492799999999,15190.52320650,833,2439450.10000000,6653.38612050,0
1777492800000000,0.00272200,0.00282800,0.00271800,0.00279600,19160679.60000000,1777496399999999,53585.62068850,1549,9052551.30000000,25257.66027890,0
1777496400000000,0.00279600,0.00282300,0.00279300,0.00279800,7680154.30000000,1777499999999999,21556.28053490,813,3489000.00000000,9796.92714600,0
1777500000000000,0.00279900,0.00282700,0.00279700,0.00282500,5098439.60000000,1777503599999999,14369.73789690,698,2370435.50000000,6681.16686850,0
1777503600000000,0.00282500,0.00282900,0.00281800,0.00282200,5752699.00000000,1777507199999999,16240.47774940,695,2830473.60000000,7991.68398350,0
1777507200000000,0.00282200,0.00290900,0.00282200,0.00290700,12514211.60000000,1777510799999999,35924.81695470,1134,7082395.90000000,20337.27351500,0
1777510800000000,0.00290800,0.00297500,0.00290300,0.00296500,18776632.60000000,1777514399999999,55363.89941070,1353,8613179.90000000,25382.09272050,0
1777514400000000,0.00296400,0.00297500,0.00286800,0.00292900,13287108.50000000,1777517999999999,38750.80595190,1281,7290854.10000000,21234.78738320,0
1777518000000000,0.00293100,0.00297300,0.00291200,0.00294600,14488719.30000000,1777521599999999,42694.73030720,1368,6890005.30000000,20285.00959020,0
1777521600000000,0.00294700,0.00295800,0.00290100,0.00290800,14956073.20000000,1777525199999999,43822.79506100,1375,6683036.40000000,19572.57726360,0
1777525200000000,0.00290800,0.00292800,0.00283600,0.00284900,13411342.30000000,1777528799999999,38576.08801540,1359,6691740.00000000,19249.26503020,0
1777528800000000,0.00284900,0.00287500,0.00284100,0.00287400,7513097.70000000,1777532399999999,21454.55860580,867,3600589.20000000,10286.35012000,0
1777532400000000,0.00287200,0.00289000,0.00284400,0.00287700,7547393.20000000,1777535999999999,21613.87665020,943,3395949.40000000,9730.13314190,0
1777536000000000,0.00287600,0.00288800,0.00283400,0.00287600,10080430.40000000,1777539599999999,28837.86112220,1142,5733820.20000000,16413.92970830,0
1777539600000000,0.00287700,0.00294800,0.00287600,0.00294500,8404916.30000000,1777543199999999,24492.45164310,1033,4488713.00000000,13073.72446870,0
1777543200000000,0.00294200,0.00294200,0.00291000,0.00291800,8139056.30000000,1777546799999999,23807.18064440,1002,3997200.90000000,11692.53822790,0
1777546800000000,0.00291900,0.00291900,0.00286800,0.00288400,5611131.60000000,1777550399999999,16207.13749490,789,1973396.80000000,5695.76799340,0
1777550400000000,0.00288400,0.00289700,0.00285000,0.00287400,21179567.90000000,1777553999999999,60827.58038190,1278,13401099.60000000,38474.94164390,0
1777554000000000,0.00287300,0.00289000,0.00284700,0.00285900,12915000.90000000,1777557599999999,37036.01387850,1042,4605667.70000000,13202.34118260,0
1777557600000000,0.00285800,0.00287200,0.00282200,0.00284500,17366233.60000000,1777561199999999,49404.19950010,1159,7129356.10000000,20297.38738120,0
1777561200000000,0.00284400,0.00285200,0.00282700,0.00283300,7229119.40000000,1777564799999999,20523.76026610,807,3022979.10000000,8586.97896220,0
1777564800000000,0.00283400,0.00284800,0.00281600,0.00282300,8811022.40000000,1777568399999999,24950.56649950,765,4380202.50000000,12406.73774550,0
1777568400000000,0.00282400,0.00282400,0.00277000,0.00279400,10176818.80000000,1777571999999999,28438.92097930,901,4730767.00000000,13227.73606300,0
1777572000000000,0.00279200,0.00279500,0.00277300,0.00277400,6042074.50000000,1777575599999999,16812.52935440,639,2338546.10000000,6509.88318390,0
1777575600000000,0.00277500,0.00277900,0.00276400,0.00277100,4592934.50000000,1777579199999999,12729.18971410,601,2197038.90000000,6090.16688000,0
1777579200000000,0.00277100,0.00277700,0.00276600,0.00276900,3913277.80000000,1777582799999999,10843.37775610,599,2091181.00000000,5796.12729710,0
1777582800000000,0.00276900,0.00279800,0.00276400,0.00277200,8489721.30000000,1777586399999999,23623.91239340,772,4632549.00000000,12891.71692720,0
1777586400000000,0.00277400,0.00278700,0.00277200,0.00278500,4994148.70000000,1777589999999999,13876.13974940,710,2615542.10000000,7267.98858050,0
1777590000000000,0.00278300,0.00278800,0.00275100,0.00275300,8999617.60000000,1777593599999999,24924.32582900,761,2789762.30000000,7724.01435650,0
