1767225600000000,0.00364300,0.00366400,0.00363700,0.00365600,3189562.80000000,1767229199999999,11639.83340990,577,1308502.20000000,4777.04252210,0
1767229200000000,0.00365400,0.00367700,0.00365000,0.00366300,3537452.90000000,1767232799999999,12962.09946480,570,1000723.90000000,3667.52502820,0
1767232800000000,0.00366100,0.00367900,0.00366000,0.00366500,2119563.70000000,1767236399999999,7779.26931980,422,1352603.20000000,4966.09510380,0
1767236400000000,0.00366700,0.00370500,0.00363700,0.00364300,10566600.90000000,1767239999999999,38773.95552190,1092,4593219.30000000,16864.56722350,0
1767240000000000,0.00364500,0.00365700,0.00363500,0.00365000,3445418.60000000,1767243599999999,12556.64407500,592,1369435.00000000,4991.70214400,0
1767243600000000,0.00364700,0.00368400,0.00364600,0.00367200,3245082.50000000,1767247199999999,11902.01400000,561,2113222.70000000,7753.19368320,0
1767247200000000,0.00367200,0.00368500,0.00365900,0.00366800,1556458.50000000,1767250799999999,5712.28253690,417,822799.90000000,3019.78840830,0
1767250800000000,0.00366500,0.00369100,0.00366100,0.00368900,3535984.90000000,1767254399999999,12995.97034910,568,2072824.30000000,7621.57956970,0
1767254400000000,0.00368500,0.00369800,0.00367900,0.00369500,2064809.80000000,1767257999999999,7612.35961880,544,1197019.20000000,4413.68334830,0
1767258000000000,0.00369600,0.00371000,0.00369600,0.00370400,3373867.60000000,1767261599999999,12501.56231180,420,1943285.30000000,7203.20732080,0
1767261600000000,0.00370600,0.00372100,0.00370400,0.00371800,2692371.00000000,1767265199999999,9990.35123960,479,1927752.50000000,7153.88373210,0
1767265200000000,0.00371900,0.00373400,0.00369300,0.00370200,2498332.60000000,1767268799999999,9264.08606220,451,804694.40000000,2984.80415690,0
1767268800000000,0.00370200,0.00371000,0.00368500,0.00368800,1898458.30000000,1767272399999999,7016.05460410,413,1028120.80000000,3800.65401520,0
1767272400000000,0.00368600,0.00371700,0.00368100,0.00371500,2453525.70000000,1767275999999999,9082.27575760,418,1274149.10000000,4720.65145310,0
1767276000000000,0.00371500,0.00373500,0.00369500,0.00373500,2337970.80000000,1767279599999999,8670.52391240,411,1370959.90000000,5086.34963030,0
1767279600000000,0.00373500,0.00378300,0.00372500,0.00376800,5383270.30000000,1767283199999999,20181.49462420,1158,3411375.50000000,12794.40777610,0
1767283200000000,0.00376900,0.00378000,0.00373300,0.00377400,4398930.40000000,1767286799999999,16526.59429090,872,2539204.60000000,9545.94521430,0
1767286800000000,0.00377300,0.00379500,0.00376600,0.00378200,3072935.00000000,1767290399999999,11613.19039900,699,1625292.30000000,6143.80976800,0
1767290400000000,0.00378300,0.00380500,0.00377200,0.00379600,2791862.50000000,1767293999999999,10576.66605540,532,1639375.80000000,6213.57414370,0
1767294000000000,0.00379600,0.00381400,0.00378800,0.00380500,3099177.00000000,1767297599999999,11779.29086020,623,1691979.40000000,6432.83118200,0
1767297600000000,0.00380500,0.00382500,0.00380500,0.00382100,2847521.70000000,1767301199999999,10864.37577930,578,1332738.80000000,5085.15972840,0
1767301200000000,0.00382100,0.00385600,0.00382100,0.00384600,6813743.20000000,1767304799999999,26192.45737500,1089,2865633.40000000,11009.68645550,0
1767304800000000,0.00384500,0.00386700,0.00383800,0.00386600,2544536.60000000,1767308399999999,9799.56677700,441,1286009.90000000,4954.66131020,0
1767308400000000,0.00386600,0.00387700,0.00386100,0.00387400,2589332.10000000,1767311999999999,10016.69255270,465,1160251.50000000,4491.51225960,0
1767312000000000,0.00387600,0.00389400,0.00385900,0.00389300,5038023.10000000,1767315599999999,19525.31247630,710,2413367.80000000,9363.72812830,0
1767315600000000,0.00389300,0.00392000,0.00388300,0.00390000,13344259.00000000,1767319199999999,52089.09607530,958,6504038.70000000,25385.23939670,0
1767319200000000,0.00390000,0.00391200,0.00386100,0.00391200,3832261.10000000,1767322799999999,14881.36590300,611,1475400.90000000,5742.49381840,0
1767322800000000,0.00391500,0.00397900,0.00390600,0.00393700,12745443.00000000,1767326399999999,50196.73372730,1501,7643960.40000000,30105.91355480,0
1767326400000000,0.00394000,0.00395000,0.00392200,0.00393000,3642477.50000000,1767329999999999,14350.96752420,635,1250277.00000000,4922.24866470,0
1767330000000000,0.00392700,0.00394400,0.00391200,0.00392300,4549100.00000000,1767333599999999,17862.87040230,556,3234901.70000000,12709.28872270,0
1767333600000000,0.00392200,0.00393900,0.00391100,0.00391100,5211360.50000000,1767337199999999,20474.45605540,731,1874186.40000000,7362.42402270,0
1767337200000000,0.00391500,0.00394200,0.00390200,0.00392700,6513445.70000000,1767340799999999,25522.65693130,712,2085120.50000000,8171.33132340,0
1767340800000000,0.00393400,0.00397800,0.00393400,0.00396400,3752654.60000000,1767344399999999,14855.65918110,727,1809608.50000000,7163.41267760,0
1767344400000000,0.00396600,0.00403800,0.00396100,0.00399100,11103272.50000000,1767347999999999,44365.61816050,1495,6516840.60000000,26051.15286160,0
1767348000000000,0.00399500,0.00401200,0.00398500,0.00399400,9432069.10000000,1767351599999999,37717.21556740,1475,5274345.70000000,21099.91643540,0
1767351600000000,0.00399100,0.00399500,0.00395400,0.00397100,3041929.30000000,1767355199999999,12100.50606980,704,1349149.60000000,5371.05275430,0
1767355200000000,0.00397200,0.00400900,0.00395900,0.00399600,5485943.30000000,1767358799999999,21878.96643520,807,3733676.20000000,14898.47329820,0
1767358800000000,0.00400200,0.00401600,0.00397600,0.00398400,3548490.30000000,1767362399999999,14191.53645940,432,1641745.30000000,6571.84794690,0
1767362400000000,0.00398500,0.00401000,0.00393200,0.00398300,6208188.10000000,1767365999999999,24680.21544630,1455,1612892.20000000,6413.08583310,0
1767366000000000,0.00398400,0.00399500,0.00392800,0.00395100,6158591.80000000,1767369599999999,24400.50772740,1129,3147092.30000000,12466.98250050,0
1767369600000000,0.00395400,0.00401800,0.00392900,0.00399800,8921490.30000000,1767373199999999,35538.87750120,1623,4685467.70000000,18706.82903200,0
1767373200000000,0.00399800,0.00401100,0.00397500,0.00398500,3815969.10000000,1767376799999999,15252.22923520,874,1718192.80000000,6870.62620820,0
1767376800000000,0.00398200,0.00399400,0.00394200,0.00395500,5784201.90000000,1767380399999999,22949.68918570,809,1631355.80000000,6481.50820640,0
1767380400000000,0.00395800,0.00399200,0.00395700,0.00398500,4451766.10000000,1767383999999999,17696.85557920,858,2221438.20000000,8833.58566570,0
1767384000000000,0.00398400,0.00399700,0.00397200,0.00398400,3814866.90000000,1767387599999999,15205.20249620,854,1946673.10000000,7761.93437420,0
1767387600000000,0.00398200,0.00402400,0.00398000,0.00400700,4619400.20000000,1767391199999999,18509.24656760,638,3270911.80000000,13117.40462300,0
1767391200000000,0.00400700,0.00403200,0.00400700,0.00402900,4153977.40000000,1767394799999999,16715.42094900,803,2122419.70000000,8547.50672740,0
1767394800000000,0.00403200,0.00403800,0.00400100,0.00402200,3761061.00000000,1767398399999999,15111.52988860,648,1945491.00000000,7823.75959990,0
1767398400000000,0.00401900,0.00404300,0.00401900,0.00402600,3139766.00000000,1767401999999999,12655.90086640,498,1440764.90000000,5807.16321410,0
1767402000000000,0.00402600,0.00404000,0.00401800,0.00403400,3936359.80000000,1767405599999999,15860.65154510,645,1754249.30000000,7070.90727970,0
1767405600000000,0.00403400,0.00405600,0.00402400,0.00405000,3968621.80000000,1767409199999999,16039.83325720,576,1269814.70000000,5138.07261610,0
1767409200000000,0.00405000,0.00405500,0.00403200,0.00404300,2636919.20000000,1767412799999999,10659.61636690,522,1340487.70000000,5419.50206150,0
1767412800000000,0.00404200,0.00406500,0.00402700,0.00405100,3480056.70000000,1767416399999999,14085.80482970,604,1868972.20000000,7565.83499500,0
1767416400000000,0.00405200,0.00406000,0.00403200,0.00404700,2225280.30000000,1767419999999999,9001.86410020,481,1036948.20000000,4196.87488210,0
1767420000000000,0.00404700,0.00405500,0.00399700,0.00400300,4804542.20000000,1767423599999999,19330.68207590,660,1689367.90000000,6797.56281830,0
1767423600000000,0.00400100,0.00401500,0.00395500,0.00397600,5630444.40000000,1767427199999999,22421.71502770,1042,2914269.20000000,11602.16701730,0
1767427200000000,0.00397200,0.00402700,0.00396600,0.00401500,3896748.60000000,1767430799999999,15594.55414340,824,2460074.60000000,9850.67191420,0
1767430800000000,0.00401500,0.00403800,0.00400900,0.00401300,2884867.40000000,1767434399999999,11608.96862740,681,1570919.60000000,6324.78596780,0
1767434400000000,0.00401600,0.00401900,0.00400300,0.00400600,2213498.70000000,1767437999999999,8878.61750750,481,685579.60000000,2750.39104180,0
1767438000000000,0.00400600,0.00401900,0.00399400,0.00401400,3208120.10000000,1767441599999999,12846.41664460,558,1493634.00000000,5981.32309840,0
1767441600000000,0.00401300,0.00405500,0.00401000,0.00404700,2997675.70000000,1767445199999999,12088.42895840,696,1094911.40000000,4415.50179070,0
1767445200000000,0.00404400,0.00405500,0.00403700,0.00405000,2046665.90000000,1767448799999999,8283.67537720,473,987625.60000000,3998.63589850,0
1767448800000000,0.00405100,0.00405800,0.00404000,0.00405300,3597046.70000000,1767452399999999,14571.80159420,740,2584976.10000000,10473.92002020,0
1767452400000000,0.00405500,0.00405600,0.00403000,0.00403500,3656699.90000000,1767455999999999,14782.77095380,586,2092133.50000000,8462.35969820,0
1767456000000000,0.00403800,0.00406300,0.00402300,0.00405100,4048486.40000000,1767459599999999,16387.07679010,801,2106879.50000000,8534.65334220,0
1767459600000000,0.00405100,0.00406600,0.00404400,0.00405900,1962501.30000000,1767463199999999,7954.92415640,466,1025007.00000000,4155.51107010,0
1767463200000000,0.00405900,0.00406000,0.00404100,0.00404900,1768992.30000000,1767466799999999,7166.41578200,394,918384.20000000,3721.10784040,0
1767466800000000,0.00404800,0.00405700,0.00404200,0.00405300,1459153.20000000,1767470399999999,5908.80521230,349,766993.10000000,3106.96639540,0
1767470400000000,0.00405300,0.00406200,0.00403600,0.00406000,2691624.20000000,1767473999999999,10909.16607230,476,1824938.70000000,7396.55668790,0
1767474000000000,0.00406000,0.00406600,0.00404500,0.00405200,1619368.10000000,1767477599999999,6562.96809780,361,887388.70000000,3597.38423010,0
1767477600000000,0.00405200,0.00406900,0.00404400,0.00406500,1376872.60000000,1767481199999999,5580.52300230,327,816433.20000000,3310.66545600,0
1767481200000000,0.00406500,0.00407500,0.00405600,0.00406800,2689171.40000000,1767484799999999,10935.58676370,520,1337884.40000000,5442.30484960,0
1767484800000000,0.00406800,0.00411900,0.00405600,0.00409500,7820358.60000000,1767488399999999,32019.15896960,1540,4475388.00000000,18326.52807860,0
1767488400000000,0.00409100,0.00409900,0.00406100,0.00408900,3041138.30000000,1767491999999999,12409.02520720,757,1380017.70000000,5633.38014570,0
1767492000000000,0.00408900,0.00410400,0.00406500,0.00408500,2986541.20000000,1767495599999999,12204.19549450,639,1415847.20000000,5788.61446110,0
1767495600000000,0.00408300,0.00413500,0.00408300,0.00410700,6762810.70000000,1767499199999999,27813.91274820,1182,3682946.30000000,15153.29118000,0
1767499200000000,0.00410900,0.00412400,0.00410100,0.00410300,3671730.00000000,1767502799999999,15089.33245810,628,1555603.50000000,6392.36115650,0
1767502800000000,0.00410400,0.00412200,0.00409600,0.00411500,3166947.60000000,1767506399999999,13018.01629640,580,1466038.80000000,6026.53302640,0
1767506400000000,0.00411800,0.00412700,0.00407400,0.00408500,3226802.60000000,1767509999999999,13239.43269540,648,1424080.00000000,5844.22404320,0
1767510000000000,0.00408600,0.00411700,0.00408000,0.00410900,2542046.70000000,1767513599999999,10412.57981440,570,1303658.00000000,5339.86915480,0
1767513600000000,0.00410900,0.00413900,0.00408600,0.00412200,6183342.80000000,1767517199999999,25432.15100470,1248,3221287.80000000,13257.44337900,0
1767517200000000,0.00412200,0.00414400,0.00410300,0.00412900,3702401.90000000,1767520799999999,15283.02734770,812,2477823.50000000,10231.58937380,0
1767520800000000,0.00413000,0.00413300,0.00410600,0.00411400,3199472.70000000,1767524399999999,13181.11208990,662,1767958.00000000,7286.75318840,0
1767524400000000,0.00411300,0.00411500,0.00409800,0.00410700,2405749.40000000,1767527999999999,9881.69539930,489,1312589.10000000,5392.06875890,0
1767528000000000,0.00410700,0.00413100,0.00409500,0.00410200,4043293.00000000,1767531599999999,16625.81810200,693,2423942.60000000,9967.11164260,0
1767531600000000,0.00410000,0.00410000,0.00406800,0.00408700,5131799.90000000,1767535199999999,20945.10055540,792,1700358.00000000,6945.61682910,0
1767535200000000,0.00408700,0.00411300,0.00407900,0.00411300,3331306.00000000,1767538799999999,13636.34071900,705,1443116.90000000,5911.19084850,0
1767538800000000,0.00411200,0.00413300,0.00409900,0.00412700,3124426.70000000,1767542399999999,12851.16987980,776,1815836.80000000,7469.12251900,0
1767542400000000,0.00412600,0.00423600,0.00412200,0.00423600,5964318.00000000,1767545999999999,24909.97439090,1080,3314125.90000000,13824.71592060,0
1767546000000000,0.00423300,0.00432400,0.00423200,0.00431500,7987759.20000000,1767549599999999,34148.50069980,1366,3032211.20000000,12942.51238100,0
1767549600000000,0.00431500,0.00435700,0.00429600,0.00432900,13228268.20000000,1767553199999999,57263.56207390,1384,5432687.70000000,23533.19717900,0
1767553200000000,0.00432900,0.00432900,0.00423200,0.00424300,6609756.80000000,1767556799999999,28207.36423480,1207,3875727.10000000,16572.41895620,0
1767556800000000,0.00424200,0.00426800,0.00423600,0.00426700,2984626.10000000,1767560399999999,12698.86388490,668,1549886.00000000,6595.39317240,0
1767560400000000,0.00426600,0.00429000,0.00424700,0.00426400,4224723.50000000,1767563999999999,18042.96460970,571,1883918.90000000,8039.80118190,0
1767564000000000,0.00426400,0.00427100,0.00421100,0.00422100,3199252.80000000,1767567599999999,13552.85137980,666,1302346.00000000,5526.01087370,0
1767567600000000,0.00421900,0.00423500,0.00419200,0.00420000,6728766.80000000,1767571199999999,28344.18870430,903,2582402.40000000,10883.26133630,0
1767571200000000,0.00420100,0.00423700,0.00417600,0.00421300,7496768.40000000,1767574799999999,31499.74549290,1257,4186623.60000000,17590.64380900,0
1767574800000000,0.00421500,0.00428400,0.00421200,0.00425200,6154908.30000000,1767578399999999,26187.51426320,986,3747592.50000000,15950.01140780,0
1767578400000000,0.00425400,0.00427300,0.00421500,0.00424400,4491131.30000000,1767581999999999,19052.43704530,916,2178213.30000000,9241.12787070,0
1767582000000000,0.00424200,0.00425200,0.00421500,0.00422600,4396505.60000000,1767585599999999,18601.66863950,677,1953239.10000000,8263.92460680,0
1767585600000000,0.00422400,0.00422900,0.00415300,0.00417300,3579052.70000000,1767589199999999,14985.76001840,959,1940212.30000000,8114.64265640,0
1767589200000000,0.00417400,0.00419400,0.00415300,0.00415400,3401569.90000000,1767592799999999,14204.51976440,644,1341135.60000000,5603.28931240,0
1767592800000000,0.00415400,0.00416800,0.00408000,0.00411900,8033067.30000000,1767596399999999,33069.45305000,1232,3493061.00000000,14398.58072200,0
1767596400000000,0.00411500,0.00414600,0.00410400,0.00413100,6241714.40000000,1767599999999999,25769.75844200,1054,2377197.70000000,9820.26344640,0
1767600000000000,0.00412800,0.00416100,0.00409700,0.00410600,4332644.20000000,1767603599999999,17893.42416710,769,2387307.20000000,9861.68930920,0
1767603600000000,0.00410600,0.00411200,0.00404800,0.00408400,8434116.40000000,1767607199999999,34370.61867060,1386,4499126.90000000,18336.12413580,0
1767607200000000,0.00408500,0.00411200,0.00406300,0.00410200,4558074.50000000,1767610799999999,18655.66240120,835,2572569.20000000,10529.44471640,0
1767610800000000,0.00410400,0.00414600,0.00408500,0.00414400,3571697.00000000,1767614399999999,14699.68875550,741,1691876.90000000,6965.52471710,0
1767614400000000,0.00414400,0.00419200,0.00412900,0.00419000,3250069.10000000,1767617999999999,13521.91806310,708,1827767.60000000,7605.14551520,0
1767618000000000,0.00419200,0.00421500,0.00416800,0.00418400,4467239.80000000,1767621599999999,18691.03834860,1053,2626995.40000000,10991.53252840,0
1767621600000000,0.00418200,0.00421800,0.00414600,0.00420700,5375808.00000000,1767625199999999,22489.30689910,1296,2688730.50000000,11247.49320170,0
1767625200000000,0.00420800,0.00425300,0.00417300,0.00423900,5354416.00000000,1767628799999999,22577.23338970,1250,2220277.70000000,9353.82880480,0
1767628800000000,0.00424200,0.00425900,0.00421900,0.00422700,5072620.80000000,1767632399999999,21485.68675620,1043,2652218.20000000,11237.98203450,0
1767632400000000,0.00422600,0.00427600,0.00418600,0.00427200,4245811.70000000,1767635999999999,17941.69160170,1013,2372047.80000000,10023.10661050,0
1767636000000000,0.00427200,0.00434600,0.00424200,0.00433700,7777777.20000000,1767639599999999,33427.97566490,1395,4642321.90000000,19942.25903730,0
1767639600000000,0.00433600,0.00434500,0.00430600,0.00432000,3675631.90000000,1767643199999999,15899.02562870,770,1738640.30000000,7525.11414890,0
1767643200000000,0.00432000,0.00436400,0.00429400,0.00431000,4141549.10000000,1767646799999999,17939.84048580,889,2037678.40000000,8828.10994700,0
1767646800000000,0.00430500,0.00432800,0.00429400,0.00432100,3152359.10000000,1767650399999999,13586.81284600,660,1798735.90000000,7755.47406920,0
1767650400000000,0.00432400,0.00438000,0.00430600,0.00436300,2064348.80000000,1767653999999999,8957.05420560,500,1014726.30000000,4402.41219720,0
1767654000000000,0.00436300,0.00436900,0.00431800,0.00432500,2179163.60000000,1767657599999999,9459.35747040,499,925210.30000000,4016.29508490,0
1767657600000000,0.00432800,0.00434700,0.00426400,0.00430800,6435222.20000000,1767661199999999,27680.28390940,1137,3558792.60000000,15304.07141420,0
1767661200000000,0.00430900,0.00435800,0.00429800,0.00433400,4093384.30000000,1767664799999999,17734.40057310,912,1930131.50000000,8361.95870060,0
1767664800000000,0.00432900,0.00434400,0.00427000,0.00429500,7124172.40000000,1767668399999999,30596.93599800,1226,2175311.50000000,9351.95667860,0
1767668400000000,0.00429800,0.00436800,0.00429100,0.00435400,5461651.50000000,1767671999999999,23647.76045150,891,3746251.60000000,16234.05026080,0
1767672000000000,0.00435300,0.00437700,0.00434100,0.00435900,4383726.30000000,1767675599999999,19112.22887920,902,2342101.90000000,10209.65039910,0
1767675600000000,0.00435900,0.00436900,0.00433200,0.00433800,3324819.50000000,1767679199999999,14466.31525140,772,1435859.60000000,6249.24824300,0
1767679200000000,0.00434000,0.00436800,0.00430600,0.00434500,3479819.70000000,1767682799999999,15104.39128960,820,2289160.70000000,9937.70163320,0
1767682800000000,0.00434300,0.00434500,0.00427600,0.00429900,5473093.50000000,1767686399999999,23550.79567750,1093,2916515.60000000,12549.57028870,0
1767686400000000,0.00430000,0.00433900,0.00429600,0.00433100,4262368.80000000,1767689999999999,18390.49759870,1112,2693488.50000000,11618.83414270,0
1767690000000000,0.00432800,0.00438500,0.00432800,0.00437900,3925591.90000000,1767693599999999,17127.01727360,785,1991928.70000000,8690.63084610,0
1767693600000000,0.00437900,0.00438500,0.00435600,0.00437300,3039690.70000000,1767697199999999,13280.10876020,706,1549980.50000000,6772.56957640,0
1767697200000000,0.00438000,0.00442900,0.00437200,0.00441700,6154997.80000000,1767700799999999,27101.99148150,909,3729834.70000000,16423.69690750,0
1767700800000000,0.00441600,0.00444300,0.00440200,0.00442300,4406989.50000000,1767704399999999,19477.08452540,914,1967657.20000000,8698.60186880,0
1767704400000000,0.00442700,0.00451000,0.00441700,0.00446500,11322057.10000000,1767707999999999,50501.62056690,1926,6839059.80000000,30485.49303210,0
1767708000000000,0.00446500,0.00457800,0.00446200,0.00448100,13499377.40000000,1767711599999999,61142.58853680,2299,5718946.10000000,25897.00498870,0
1767711600000000,0.00448200,0.00451000,0.00437300,0.00440800,9075453.50000000,1767715199999999,40234.85694820,1572,4569366.80000000,20228.43227340,0
1767715200000000,0.00441200,0.00442200,0.00430600,0.00431500,10635412.10000000,1767718799999999,46355.59523400,2128,4755937.50000000,20702.29438430,0
1767718800000000,0.00431500,0.00434000,0.00417900,0.00418900,7094307.20000000,1767722399999999,30405.57256860,1457,3591220.90000000,15428.68548780,0
1767722400000000,0.00419000,0.00431600,0.00417800,0.00429300,7547199.60000000,1767725999999999,32229.94202660,996,2998089.60000000,12807.90814450,0
1767726000000000,0.00429600,0.00436200,0.00428600,0.00432900,4541177.10000000,1767729599999999,19666.23938350,795,2924495.70000000,12665.31923280,0
1767729600000000,0.00432700,0.00443000,0.00432700,0.00441900,4555550.10000000,1767733199999999,19977.42054470,1058,2491707.20000000,10915.32696660,0
1767733200000000,0.00441800,0.00456700,0.00439800,0.00455600,16840101.30000000,1767736799999999,75579.60901770,1676,9938183.40000000,44542.64013440,0
1767736800000000,0.00455500,0.00459000,0.00452900,0.00454100,5395985.90000000,1767740399999999,24656.82597500,914,2473682.90000000,11309.06879800,0
1767740400000000,0.00454100,0.00459200,0.00453100,0.00457400,5749149.00000000,1767743999999999,26300.01873410,1028,2525838.60000000,11560.80748330,0
1767744000000000,0.00457500,0.00459100,0.00446500,0.00446700,6032294.30000000,1767747599999999,27364.48825200,1378,3446082.00000000,15633.68143930,0
1767747600000000,0.00447000,0.00450700,0.00442900,0.00444600,8765313.80000000,1767751199999999,39132.29718200,1395,2951828.10000000,13180.01637590,0
1767751200000000,0.00444500,0.00447100,0.00441700,0.00446100,4606704.40000000,1767754799999999,20456.49420170,975,1857694.50000000,8251.86615370,0
1767754800000000,0.00446200,0.00447700,0.00441900,0.00443600,6277145.00000000,1767758399999999,27891.29340650,1055,2375852.90000000,10557.53971110,0
1767758400000000,0.00443700,0.00445500,0.00440100,0.00441400,4214250.10000000,1767761999999999,18663.79842610,850,1983699.20000000,8784.00904770,0
1767762000000000,0.00441400,0.00445600,0.00440200,0.00441800,3343626.80000000,1767765599999999,14799.73656450,932,1524852.50000000,6752.03416170,0
1767765600000000,0.00442000,0.00443700,0.00439400,0.00440900,4342078.00000000,1767769199999999,19193.02432410,809,1950318.30000000,8624.92991620,0
1767769200000000,0.00440800,0.00449500,0.00440200,0.00448600,4285022.80000000,1767772799999999,19125.84771340,892,1859945.60000000,8298.20562770,0
1767772800000000,0.00448800,0.00451100,0.00447300,0.00449400,4288106.40000000,1767776399999999,19251.91160430,939,2487636.40000000,11165.80884590,0
1767776400000000,0.00449400,0.00449400,0.00436700,0.00437300,5659109.00000000,1767779999999999,25018.41733530,1291,3174432.40000000,14019.71741760,0
1767780000000000,0.00437200,0.00442400,0.00435400,0.00441800,4747964.50000000,1767783599999999,20794.87392550,1158,2150705.60000000,9423.45657910,0
1767783600000000,0.00442100,0.00443100,0.00440300,0.00442500,3696237.40000000,1767787199999999,16331.53519770,742,2149818.90000000,9500.45397020,0
1767787200000000,0.00442500,0.00442600,0.00435000,0.00435500,4880780.10000000,1767790799999999,21416.53782310,951,1845377.20000000,8102.30310500,0
1767790800000000,0.00435600,0.00438700,0.00432600,0.00433700,4422673.80000000,1767794399999999,19258.00624560,1087,2460239.80000000,10717.11574580,0
1767794400000000,0.00434100,0.00435400,0.00427200,0.00434500,5980032.50000000,1767797999999999,25788.99156270,1493,3214148.30000000,13868.38259080,0
1767798000000000,0.00434500,0.00435100,0.00426200,0.00428800,5275340.00000000,1767801599999999,22652.26529990,1449,2984846.60000000,12821.62554970,0
1767801600000000,0.00428400,0.00432200,0.00427800,0.00431600,4064772.00000000,1767805199999999,17491.89218650,1034,2242782.50000000,9651.50307180,0
1767805200000000,0.00431600,0.00437600,0.00429800,0.00434900,7943477.20000000,1767808799999999,34505.66021460,1358,3802088.00000000,16534.55556390,0
1767808800000000,0.00435000,0.00442000,0.00434300,0.00437200,4520523.70000000,1767812399999999,19783.94608170,1142,2567750.70000000,11235.79340130,0
1767812400000000,0.00437200,0.00439900,0.00433300,0.00438000,4080149.90000000,1767815999999999,17832.66189130,1057,2362568.40000000,10324.36583990,0
1767816000000000,0.00438300,0.00439100,0.00431000,0.00432000,7137164.80000000,1767819599999999,30961.03518870,1369,3628721.20000000,15743.66054740,0
1767819600000000,0.00431800,0.00434500,0.00431100,0.00431300,3840168.50000000,1767823199999999,16616.41888020,856,1690466.20000000,7316.46071280,0
1767823200000000,0.00431200,0.00434300,0.00429500,0.00431200,2271795.10000000,1767826799999999,9794.03762100,655,1381726.50000000,5955.98876090,0
1767826800000000,0.00431200,0.00434100,0.00427500,0.00433100,3764163.40000000,1767830399999999,16234.29389570,595,2740239.40000000,11813.79691490,0
1767830400000000,0.00432900,0.00435200,0.00430000,0.00434800,3036109.70000000,1767833999999999,13123.25670090,764,1294391.70000000,5598.43877180,0
1767834000000000,0.00434800,0.00436200,0.00433600,0.00435400,2502348.90000000,1767837599999999,10886.03999640,650,1081936.20000000,4708.03732230,0
1767837600000000,0.00435400,0.00436900,0.00431000,0.00431700,3080671.00000000,1767841199999999,13368.02067070,685,1544426.00000000,6710.82112430,0
1767841200000000,0.00431600,0.00434100,0.00425300,0.00425300,4200597.40000000,1767844799999999,18022.47180520,796,2657433.60000000,11393.84557270,0
1767844800000000,0.00425200,0.00427200,0.00422700,0.00425600,3713292.70000000,1767848399999999,15774.17331980,786,1499345.10000000,6373.93961590,0
1767848400000000,0.00425600,0.00436700,0.00425600,0.00432500,4875169.80000000,1767851999999999,21051.07258690,1215,2499976.50000000,10796.78139010,0
1767852000000000,0.00432600,0.00432900,0.00424800,0.00424800,3536623.90000000,1767855599999999,15191.95188850,919,1527961.40000000,6565.88735950,0
1767855600000000,0.00425300,0.00431900,0.00421700,0.00430000,3768037.20000000,1767859199999999,16094.84417810,959,1734684.10000000,7409.42819750,0
1767859200000000,0.00430200,0.00434100,0.00423800,0.00424200,6410816.50000000,1767862799999999,27411.67179330,863,4121636.50000000,17600.50174310,0
1767862800000000,0.00424400,0.00426900,0.00420200,0.00420700,3970541.60000000,1767866399999999,16800.14453530,817,1891999.20000000,8004.22345950,0
1767866400000000,0.00420700,0.00424200,0.00417200,0.00423000,3740229.00000000,1767869999999999,15720.62701500,892,1746701.30000000,7347.74746150,0
1767870000000000,0.00423100,0.00423300,0.00416600,0.00421800,3032308.60000000,1767873599999999,12728.34039000,672,1456787.90000000,6118.77720300,0
1767873600000000,0.00421900,0.00421900,0.00416400,0.00416700,3297484.10000000,1767877199999999,13803.52674030,830,1537993.00000000,6439.56081740,0
1767877200000000,0.00416700,0.00418800,0.00411700,0.00412300,3336306.80000000,1767880799999999,13850.32401660,747,1587809.40000000,6596.27757540,0
1767880800000000,0.00412100,0.00413800,0.00406400,0.00411400,10260175.50000000,1767884399999999,42105.53758650,1669,3739917.60000000,15351.97651080,0
1767884400000000,0.00411500,0.00431600,0.00410500,0.00431400,6623235.40000000,1767887999999999,27962.74888660,1355,4135452.70000000,17483.24828090,0
1767888000000000,0.00431400,0.00434500,0.00428500,0.00432400,4465389.90000000,1767891599999999,19252.27679980,973,2642471.90000000,11394.58672990,0
1767891600000000,0.00432300,0.00433900,0.00428800,0.00432500,4167312.40000000,1767895199999999,17968.75108130,905,1835728.90000000,7919.50117660,0
1767895200000000,0.00432500,0.00432500,0.00424600,0.00427500,4962823.30000000,1767898799999999,21187.82374200,861,1779023.80000000,7604.15452210,0
1767898800000000,0.00427500,0.00430400,0.00426800,0.00429000,2165316.20000000,1767902399999999,9283.85984300,528,1155450.30000000,4956.02634470,0
1767902400000000,0.00429000,0.00431800,0.00425300,0.00431200,3979403.20000000,1767905999999999,17050.98417900,868,2091112.50000000,8966.10559020,0
1767906000000000,0.00431100,0.00436300,0.00430600,0.00434900,2315304.90000000,1767909599999999,10046.63561880,565,1101891.80000000,4781.83388850,0
1767909600000000,0.00435100,0.00435200,0.00428600,0.00430100,1457653.80000000,1767913199999999,6302.13930500,466,755755.90000000,3271.22313950,0
1767913200000000,0.00430200,0.00431700,0.00428500,0.00429400,3486152.00000000,1767916799999999,14987.73466020,595,1415150.40000000,6088.09458350,0
1767916800000000,0.00429200,0.00430600,0.00426600,0.00426700,3189061.40000000,1767920399999999,13686.84538120,731,1553101.10000000,6667.32306830,0
1767920400000000,0.00427000,0.00431000,0.00422200,0.00423200,5677999.70000000,1767923999999999,24197.89803250,1353,3474925.80000000,14824.58427120,0
1767924000000000,0.00422700,0.00427300,0.00422000,0.00423500,4261670.50000000,1767927599999999,18130.17474620,785,2175277.00000000,9253.20078550,0
1767927600000000,0.00423600,0.00428300,0.00422700,0.00426500,4267152.10000000,1767931199999999,18151.98162300,1317,1166160.70000000,4958.14335690,0
1767931200000000,0.00426900,0.00427300,0.00421700,0.00421700,4026043.70000000,1767934799999999,17065.83634940,1038,1164949.80000000,4951.73988120,0
1767934800000000,0.00421700,0.00423700,0.00419900,0.00419900,2938226.30000000,1767938399999999,12382.20365140,877,932340.70000000,3931.46134710,0
1767938400000000,0.00419900,0.00421400,0.00414900,0.00417500,9763321.40000000,1767941999999999,40848.82891460,1784,2052214.90000000,8593.21968550,0
1767942000000000,0.00417900,0.00418400,0.00414500,0.00414500,4750269.40000000,1767945599999999,19788.39713070,1210,958828.50000000,3994.97181120,0
1767945600000000,0.00414800,0.00415500,0.00403400,0.00405300,9410882.80000000,1767949199999999,38657.77355120,1461,2505185.50000000,10234.03727810,0
1767949200000000,0.00405200,0.00411500,0.00404300,0.00409300,5215634.10000000,1767952799999999,21321.39690080,1270,1409394.80000000,5764.74382930,0
1767952800000000,0.00409400,0.00413300,0.00407600,0.00409700,3883196.00000000,1767956399999999,15937.17128990,781,2460654.10000000,10100.51815970,0
1767956400000000,0.00409800,0.00413500,0.00408400,0.00408400,3881768.10000000,1767959999999999,15944.17811580,906,1662923.00000000,6836.36635740,0
1767960000000000,0.00408600,0.00410900,0.00407100,0.00409200,3494768.90000000,1767963599999999,14306.55841490,839,1932277.10000000,7908.70397810,0
1767963600000000,0.00409200,0.00416300,0.00409100,0.00415200,4684115.60000000,1767967199999999,19389.51749270,880,2727694.20000000,11301.74342280,0
1767967200000000,0.00415000,0.00415500,0.00409900,0.00412000,3885051.30000000,1767970799999999,16036.34684420,848,1946668.40000000,8037.93613850,0
1767970800000000,0.00412000,0.00425800,0.00410000,0.00420300,7981750.20000000,1767974399999999,33483.93781950,1567,3843000.00000000,16104.64757150,0
1767974400000000,0.00421000,0.00426300,0.00420100,0.00425000,3498989.30000000,1767977999999999,14839.82785300,789,1959703.00000000,8314.50997570,0
1767978000000000,0.00425000,0.00425400,0.00419100,0.00422800,3139498.50000000,1767981599999999,13236.51145660,763,1389297.40000000,5865.81057450,0
1767981600000000,0.00422800,0.00423300,0.00414500,0.00419300,4010553.40000000,1767985199999999,16792.16832590,1017,2212163.90000000,9250.89061400,0
1767985200000000,0.00419200,0.00419800,0.00416100,0.00417400,4645289.80000000,1767988799999999,19418.55610050,876,1724041.60000000,7209.35569540,0
1767988800000000,0.00417200,0.00422500,0.00416800,0.00419200,2290268.70000000,1767992399999999,9604.86682250,638,1042230.40000000,4369.51871560,0
1767992400000000,0.00419000,0.00423300,0.00418800,0.00422800,2025481.30000000,1767995999999999,8532.16563720,517,1325272.00000000,5582.90107270,0
1767996000000000,0.00422800,0.00425300,0.00420900,0.00424300,2041784.90000000,1767999599999999,8618.10698690,459,1197041.90000000,5051.61446660,0
1767999600000000,0.00424300,0.00424800,0.00422100,0.00422600,1808705.90000000,1768003199999999,7653.92602670,406,1051451.20000000,4450.92136320,0
1768003200000000,0.00422500,0.00423500,0.00420100,0.00420600,2127545.80000000,1768006799999999,8960.93548330,429,1236690.30000000,5208.13147120,0
1768006800000000,0.00420600,0.00423200,0.00420100,0.00422700,1464445.60000000,1768010399999999,6178.53882260,329,766022.20000000,3232.38183360,0
1768010400000000,0.00422800,0.00423500,0.00419500,0.00420600,2642350.20000000,1768013999999999,11133.67259160,454,1358665.50000000,5721.39968420,0
1768014000000000,0.00420800,0.00421200,0.00419500,0.00420800,1642030.90000000,1768017599999999,6901.60130550,397,824503.70000000,3465.91518940,0
1768017600000000,0.00420800,0.00420900,0.00417600,0.00418400,2366409.00000000,1768021199999999,9909.17569310,646,1542851.20000000,6461.27608270,0
1768021200000000,0.00418500,0.00419300,0.00416100,0.00416200,2090053.20000000,1768024799999999,8730.93249730,479,1196116.70000000,4997.60782920,0
1768024800000000,0.00416200,0.00417100,0.00414700,0.00416300,1556143.60000000,1768028399999999,6474.16946840,343,941314.90000000,3916.55364030,0
1768028400000000,0.00416800,0.00421600,0.00416500,0.00421100,2076705.10000000,1768031999999999,8711.94586360,427,1087098.80000000,4560.48694330,0
1768032000000000,0.00421300,0.00421600,0.00419800,0.00421600,2235715.50000000,1768035599999999,9410.22055830,364,1028936.60000000,4331.67082670,0
1768035600000000,0.00421600,0.00421900,0.00418100,0.00419000,2736996.30000000,1768039199999999,11479.30258590,572,1522105.80000000,6383.04518830,0
1768039200000000,0.00418900,0.00422500,0.00418200,0.00421200,2256356.00000000,1768042799999999,9481.11141590,440,1576227.60000000,6627.87684470,0
1768042800000000,0.00421300,0.00421400,0.00419000,0.00420000,1472834.90000000,1768046399999999,6182.09895480,354,716198.00000000,3006.42567930,0
1768046400000000,0.00420000,0.00421100,0.00418000,0.00419600,1843248.20000000,1768049999999999,7734.70781610,447,830392.90000000,3486.06213010,0
1768050000000000,0.00419600,0.00421100,0.00418900,0.00419900,2248838.20000000,1768053599999999,9446.77417820,511,921271.20000000,3870.63177920,0
1768053600000000,0.00419800,0.00420800,0.00418100,0.00418700,1730337.10000000,1768057199999999,7262.15394970,391,833628.50000000,3499.04204860,0
1768057200000000,0.00418700,0.00420900,0.00417800,0.00419200,2586612.40000000,1768060799999999,10841.86782250,470,1233288.20000000,5171.29272210,0
1768060800000000,0.00419300,0.00420100,0.00416000,0.00417500,1671466.20000000,1768064399999999,6969.73939140,341,636262.10000000,2653.14357850,0
1768064400000000,0.00417600,0.00419900,0.00414900,0.00415200,1472544.90000000,1768067999999999,6160.09731250,344,849787.10000000,3555.48941190,0
1768068000000000,0.00415200,0.00418200,0.00414800,0.00417400,2146870.10000000,1768071599999999,8939.34245130,520,1248111.10000000,5196.84540340,0
1768071600000000,0.00417600,0.00419900,0.00417100,0.00419700,1470100.30000000,1768075199999999,6155.44508830,356,626806.70000000,2624.98930120,0
1768075200000000,0.00419800,0.00420000,0.00418000,0.00418200,1122730.80000000,1768078799999999,4700.42761160,258,521975.20000000,2185.67458690,0
1768078800000000,0.00418200,0.00418200,0.00413500,0.00414400,2870449.80000000,1768082399999999,11940.56264020,668,1585986.80000000,6596.67011130,0
1768082400000000,0.00414500,0.00415200,0.00413500,0.00413500,1208257.30000000,1768085999999999,5006.03733400,253,451655.80000000,1872.33821950,0
1768086000000000,0.00413500,0.00414200,0.00413000,0.00414000,1337304.90000000,1768089599999999,5530.97905190,316,741016.80000000,3065.22041590,0
1768089600000000,0.00413800,0.00415500,0.00413100,0.00414800,1723271.10000000,1768093199999999,7144.28095960,446,832316.00000000,3449.81423920,0
1768093200000000,0.00414700,0.00416300,0.00413600,0.00415900,2246296.30000000,1768096799999999,9326.24155720,454,1226540.50000000,5093.07055280,0
1768096800000000,0.00416000,0.00416600,0.00414300,0.00415200,1757628.30000000,1768100399999999,7305.94927860,416,952306.20000000,3958.95125810,0
1768100400000000,0.00415200,0.00416200,0.00414300,0.00414800,1217300.90000000,1768103999999999,5053.21475740,262,535037.20000000,2221.49076300,0
1768104000000000,0.00414900,0.00414900,0.00412800,0.00414400,1546378.40000000,1768107599999999,6398.56435760,392,877664.40000000,3631.58117220,0
1768107600000000,0.00414400,0.00414900,0.00413000,0.00414000,1762356.30000000,1768111199999999,7297.43564200,358,987571.30000000,4089.54286460,0
1768111200000000,0.00413900,0.00415900,0.00412100,0.00415600,1797357.70000000,1768114799999999,7439.44681340,428,1005710.40000000,4165.46775140,0
1768114800000000,0.00415500,0.00415900,0.00414100,0.00415500,1616243.50000000,1768118399999999,6707.80063590,354,894256.10000000,3711.42059170,0
1768118400000000,0.00415500,0.00416400,0.00414100,0.00415700,1996221.60000000,1768121999999999,8291.81001370,396,819464.50000000,3404.98250640,0
1768122000000000,0.00415800,0.00419600,0.00414900,0.00417500,3089340.60000000,1768125599999999,12894.54440750,615,1753231.30000000,7318.69391220,0
1768125600000000,0.00417500,0.00418600,0.00416400,0.00417300,1571138.60000000,1768129199999999,6558.16034600,357,669535.30000000,2794.99496760,0
1768129200000000,0.00417100,0.00418800,0.00415800,0.00417600,1863397.30000000,1768132799999999,7775.84903710,402,1001536.20000000,4180.74187880,0
1768132800000000,0.00417800,0.00419100,0.00416500,0.00418500,2359384.10000000,1768136399999999,9863.48285000,502,1076162.30000000,4501.26267130,0
1768136400000000,0.00418700,0.00419100,0.00412800,0.00413700,3267702.70000000,1768139999999999,13581.19348190,455,1238655.70000000,5161.23690940,0
1768140000000000,0.00413700,0.00418000,0.00412400,0.00417200,2338290.20000000,1768143599999999,9696.69452250,566,1252940.40000000,5200.63533670,0
1768143600000000,0.00417300,0.00418000,0.00410500,0.00412900,2639148.20000000,1768147199999999,10919.05099390,595,1126390.50000000,4664.03439550,0
1768147200000000,0.00412900,0.00418900,0.00412300,0.00415900,2874235.70000000,1768150799999999,11932.32158630,505,1845951.10000000,7663.04584020,0
1768150800000000,0.00416000,0.00416000,0.00412400,0.00414200,2484512.10000000,1768154399999999,10283.49607730,471,1590404.50000000,6579.09025260,0
1768154400000000,0.00414300,0.00415000,0.00412500,0.00413500,2333088.10000000,1768157999999999,9651.69271040,358,893027.70000000,3696.30106290,0
1768158000000000,0.00413500,0.00415600,0.00412100,0.00412500,2116407.20000000,1768161599999999,8760.04003190,459,993045.90000000,4113.66433870,0
1768161600000000,0.00412500,0.00412500,0.00406100,0.00408400,4279382.50000000,1768165199999999,17468.47974130,902,1963277.80000000,8011.40241540,0
1768165200000000,0.00408300,0.00408900,0.00405400,0.00407400,2729781.10000000,1768168799999999,11102.14368720,606,1193205.00000000,4852.58493500,0
1768168800000000,0.00407400,0.00407400,0.00401600,0.00404000,2189630.20000000,1768172399999999,8836.84117380,623,1095318.10000000,4421.22145240,0
1768172400000000,0.00403600,0.00406300,0.00400000,0.00405800,4428515.50000000,1768175999999999,17915.58309810,907,2312379.60000000,9361.85900490,0
1768176000000000,0.00405900,0.00410900,0.00400200,0.00405700,7010769.50000000,1768179599999999,28526.64041710,1457,3486090.40000000,14169.43061750,0
1768179600000000,0.00405600,0.00409600,0.00404600,0.00408300,4338212.20000000,1768183199999999,17670.67364670,1103,2289785.00000000,9329.52080110,0
1768183200000000,0.00408600,0.00413400,0.00407500,0.00412300,3702551.20000000,1768186799999999,15193.52200560,923,1789342.30000000,7340.22972350,0
1768186800000000,0.00412500,0.00414600,0.00408700,0.00408900,3617496.00000000,1768190399999999,14925.32120950,862,1493889.80000000,6163.19046550,0
1768190400000000,0.00408900,0.00412400,0.00408200,0.00411200,3681847.30000000,1768193999999999,15110.42279890,853,1700612.10000000,6977.72127080,0
1768194000000000,0.00411200,0.00411700,0.00408800,0.00409600,2966846.40000000,1768197599999999,12170.02892560,664,1502299.50000000,6163.80226610,0
1768197600000000,0.00409500,0.00409600,0.00405800,0.00406900,2438855.60000000,1768201199999999,9942.53433730,544,1198611.40000000,4886.23222890,0
1768201200000000,0.00406800,0.00408500,0.00402800,0.00403200,3145622.60000000,1768204799999999,12751.85897220,728,1718337.80000000,6963.32813940,0
1768204800000000,0.00403200,0.00404200,0.00398300,0.00400700,7597859.70000000,1768208399999999,30473.25325010,1433,5245630.90000000,21037.09662940,0
1768208400000000,0.00400500,0.00404600,0.00400200,0.00400600,6167824.20000000,1768211999999999,24816.35865470,956,3939495.60000000,15854.45193830,0
1768212000000000,0.00400600,0.00402300,0.00400000,0.00400600,3547322.00000000,1768215599999999,14232.74188680,701,2292645.40000000,9197.97092250,0
1768215600000000,0.00400500,0.00403500,0.00400400,0.00403100,3288210.00000000,1768219199999999,13209.02462380,798,1408306.70000000,5657.68119740,0
1768219200000000,0.00403000,0.00408200,0.00402200,0.00405500,4652705.40000000,1768222799999999,18859.63942460,1280,2014920.60000000,8172.78421460,0
1768222800000000,0.00405200,0.00407300,0.00396500,0.00397500,4961163.20000000,1768226399999999,19889.48601270,1106,2652190.70000000,10639.93867470,0
1768226400000000,0.00397400,0.00402200,0.00395100,0.00400600,6724015.30000000,1768229999999999,26820.94176890,1529,4051565.10000000,16159.31428510,0
1768230000000000,0.00400400,0.00405300,0.00399400,0.00404500,4875066.80000000,1768233599999999,19645.55434850,1052,1871043.30000000,7538.34829320,0
1768233600000000,0.00404300,0.00408100,0.00402200,0.00406900,3782119.20000000,1768237199999999,15330.14965330,949,2223151.10000000,9011.99229250,0
1768237200000000,0.00406900,0.00407700,0.00400400,0.00404000,4203364.90000000,1768240799999999,16990.02738070,1009,1781263.60000000,7204.12444120,0
1768240800000000,0.00403900,0.00409600,0.00403900,0.00406600,3999231.60000000,1768244399999999,16261.42984020,972,1738078.60000000,7068.74575770,0
1768244400000000,0.00406200,0.00407500,0.00404500,0.00406200,2935732.50000000,1768247999999999,11919.43437010,673,1434927.30000000,5826.49217590,0
1768248000000000,0.00406400,0.00406900,0.00399000,0.00399700,4893850.90000000,1768251599999999,19705.72479210,1123,2515478.90000000,10129.30344540,0
1768251600000000,0.00399500,0.00400800,0.00395000,0.00396800,3381794.40000000,1768255199999999,13464.51533300,838,1675947.00000000,6671.23895740,0
1768255200000000,0.00396700,0.00399700,0.00396700,0.00399700,1616684.70000000,1768258799999999,6432.28856110,420,622476.50000000,2476.66739620,0
1768258800000000,0.00399100,0.00399800,0.00396300,0.00399100,2667846.10000000,1768262399999999,10623.45623070,633,1216614.30000000,4846.69517700,0
1768262400000000,0.00399100,0.00401800,0.00398400,0.00399900,4042481.70000000,1768265999999999,16182.43798180,798,1673053.70000000,6698.80451650,0
1768266000000000,0.00400000,0.00400900,0.00397800,0.00398700,2788912.90000000,1768269599999999,11144.67295500,633,1255358.40000000,5016.58123110,0
1768269600000000,0.00398800,0.00402700,0.00398300,0.00401300,2587499.20000000,1768273199999999,10383.48804510,550,1200268.50000000,4818.10254470,0
1768273200000000,0.00401100,0.00401500,0.00398600,0.00400500,4006599.00000000,1768276799999999,16032.21170870,932,1768317.60000000,7075.79883040,0
1768276800000000,0.00400500,0.00403800,0.00399700,0.00403400,3560800.00000000,1768280399999999,14303.97742730,852,1485731.90000000,5971.96201530,0
1768280400000000,0.00403600,0.00406600,0.00402000,0.00402800,3073198.20000000,1768283999999999,12413.82294050,705,1541993.70000000,6228.54640600,0
1768284000000000,0.00403000,0.00406300,0.00401800,0.00405800,3093305.10000000,1768287599999999,12489.42772150,787,1648008.30000000,6655.88550900,0
1768287600000000,0.00406000,0.00406000,0.00403200,0.00403900,2843848.80000000,1768291199999999,11494.09625640,782,1347183.70000000,5444.62377820,0
1768291200000000,0.00403800,0.00404900,0.00402500,0.00403900,2848403.20000000,1768294799999999,11502.34730250,654,1600308.80000000,6463.21913940,0
1768294800000000,0.00403800,0.00406000,0.00403000,0.00405300,3403468.30000000,1768298399999999,13764.65807340,628,1705945.30000000,6899.83022110,0
1768298400000000,0.00405300,0.00409700,0.00404900,0.00407700,3585559.00000000,1768301999999999,14608.02978550,687,1682236.80000000,6849.13757600,0
1768302000000000,0.00407700,0.00413600,0.00407700,0.00411000,3055312.80000000,1768305599999999,12548.47743070,759,1493626.70000000,6136.55225930,0
1768305600000000,0.00411000,0.00416600,0.00410600,0.00415700,3776906.80000000,1768309199999999,15622.07808010,867,1938572.60000000,8021.42177010,0
1768309200000000,0.00415800,0.00420100,0.00414900,0.00419900,3648914.90000000,1768312799999999,15238.57049260,864,2000787.50000000,8359.65209090,0
1768312800000000,0.00419900,0.00435600,0.00419800,0.00429000,15935422.60000000,1768316399999999,68359.21399110,1811,8165101.00000000,35045.71683660,0
1768316400000000,0.00429000,0.00438600,0.00425500,0.00431300,11480748.70000000,1768319999999999,49337.07498560,2033,5955269.50000000,25562.39158100,0
1768320000000000,0.00431300,0.00435400,0.00430400,0.00432900,5104003.60000000,1768323599999999,22121.71168400,1347,1892913.60000000,8204.28848960,0
1768323600000000,0.00433000,0.00434900,0.00430900,0.00432700,4372702.50000000,1768327199999999,18947.10348070,978,2146699.60000000,9299.91923930,0
1768327200000000,0.00432600,0.00435100,0.00431000,0.00431800,3052691.90000000,1768330799999999,13222.48363550,776,1194477.90000000,5174.45712590,0
1768330800000000,0.00431700,0.00435700,0.00431200,0.00434100,3515878.20000000,1768334399999999,15223.57336080,796,1697395.10000000,7349.45777950,0
1768334400000000,0.00434300,0.00435800,0.00430400,0.00433200,4013614.60000000,1768337999999999,17403.00118960,933,1762565.40000000,7639.74309870,0
1768338000000000,0.00433200,0.00437400,0.00432500,0.00436700,3098149.50000000,1768341599999999,13492.79900100,908,1282328.70000000,5585.40004220,0
1768341600000000,0.00436700,0.00451300,0.00436700,0.00447500,14122658.50000000,1768345199999999,63095.52638460,2864,5711062.80000000,25506.88682620,0
1768345200000000,0.00447200,0.00450200,0.00440300,0.00441000,6005004.70000000,1768348799999999,26711.04556680,1238,2262005.10000000,10059.12595460,0
1768348800000000,0.00441400,0.00448000,0.00441000,0.00447400,4546127.70000000,1768352399999999,20241.08872430,1087,2473970.90000000,11018.58943280,0
1768352400000000,0.00447300,0.00449300,0.00443300,0.00443300,3642473.70000000,1768355999999999,16256.38060050,855,1833999.60000000,8187.12333140,0
1768356000000000,0.00443900,0.00444600,0.00440900,0.00443700,3695012.40000000,1768359599999999,16358.16351560,927,1815476.20000000,8042.01145480,0
1768359600000000,0.00443200,0.00446200,0.00441600,0.00445300,2861702.60000000,1768363199999999,12692.88546340,635,1520529.50000000,6747.40426510,0
1768363200000000,0.00445300,0.00446300,0.00440300,0.00441400,3416578.30000000,1768366799999999,15117.83960910,611,1897145.30000000,8394.00097540,0
1768366800000000,0.00441400,0.00446300,0.00440300,0.00446000,3538979.20000000,1768370399999999,15652.42140810,731,2033516.40000000,8993.67197370,0
1768370400000000,0.00446100,0.00447200,0.00442100,0.00444700,3128119.20000000,1768373999999999,13910.84110360,701,1256730.50000000,5591.20186380,0
1768374000000000,0.00444000,0.00449300,0.00440500,0.00441400,4452898.30000000,1768377599999999,19795.54507510,788,2725856.70000000,12126.15087490,0
1768377600000000,0.00441500,0.00447100,0.00441200,0.00445500,3712548.70000000,1768381199999999,16536.85908590,686,1346498.70000000,5994.08490600,0
1768381200000000,0.00445500,0.00451100,0.00444500,0.00448200,3203359.30000000,1768384799999999,14342.64506660,671,1448232.30000000,6487.09386760,0
1768384800000000,0.00448200,0.00451200,0.00446100,0.00446700,3754414.00000000,1768388399999999,16834.44563530,687,2252344.90000000,10099.43798910,0
1768388400000000,0.00446600,0.00448100,0.00444200,0.00445200,2855639.30000000,1768391999999999,12733.92154270,560,1787097.20000000,7968.39865370,0
1768392000000000,0.00445400,0.00448000,0.00445200,0.00445900,1965742.50000000,1768395599999999,8775.66853990,469,1015877.30000000,4536.57782200,0
1768395600000000,0.00445800,0.00445900,0.00438300,0.00438300,2175623.70000000,1768399199999999,9630.74490540,435,531401.80000000,2353.08969590,0
1768399200000000,0.00438200,0.00447400,0.00437700,0.00445400,3441341.90000000,1768402799999999,15261.62937270,876,1333343.80000000,5912.84433490,0
1768402800000000,0.00445200,0.00448800,0.00442400,0.00444600,4305332.90000000,1768406399999999,19189.31212340,861,1901024.70000000,8475.84122480,0
1768406400000000,0.00444500,0.00447700,0.00442300,0.00443500,3841872.20000000,1768409999999999,17102.76373280,798,1407628.90000000,6265.34936970,0
1768410000000000,0.00443000,0.00444800,0.00435600,0.00436600,3648556.80000000,1768413599999999,16024.17286500,542,1204075.30000000,5307.78132560,0
1768413600000000,0.00436300,0.00438500,0.00430600,0.00434600,3409122.20000000,1768417199999999,14805.41807770,529,1816997.50000000,7883.10657380,0
1768417200000000,0.00433600,0.00441900,0.00433400,0.00439700,2427471.20000000,1768420799999999,10617.02240320,346,1360482.70000000,5955.31979690,0
1768420800000000,0.00439700,0.00441600,0.00436200,0.00437900,1404663.20000000,1768424399999999,6162.97863970,429,935991.50000000,4107.37290550,0
1768424400000000,0.00437900,0.00440700,0.00436200,0.00437700,1562436.10000000,1768427999999999,6851.94184790,372,630964.80000000,2767.13199420,0
1768428000000000,0.00437700,0.00437700,0.00432600,0.00433700,254880.70000000,1768431599999999,1112.03593690,96,120614.80000000,526.00022560,0
1768431600000000,0.00434000,0.00437300,0.00433100,0.00436400,807382.10000000,1768435199999999,3513.59708220,188,408100.70000000,1773.88137700,0
1768435200000000,0.00436500,0.00437300,0.00432200,0.00433800,774948.30000000,1768438799999999,3364.88744830,201,434737.00000000,1887.73459540,0
1768438800000000,0.00433900,0.00435900,0.00431300,0.00432600,1221873.20000000,1768442399999999,5303.02356150,348,388348.10000000,1682.69334040,0
1768442400000000,0.00432300,0.00432600,0.00427700,0.00429400,2186772.10000000,1768445999999999,9406.43790190,433,1766608.40000000,7599.40050550,0
1768446000000000,0.00428600,0.00428900,0.00418700,0.00419700,4037986.60000000,1768449599999999,17050.43861000,647,1426458.20000000,6033.38261020,0
1768449600000000,0.00419600,0.00422900,0.00419100,0.00422600,1266866.80000000,1768453199999999,5334.35870660,251,872703.70000000,3676.05667510,0
1768453200000000,0.00422500,0.00424400,0.00421900,0.00424400,744809.60000000,1768456799999999,3146.45247510,197,276462.90000000,1167.92242020,0
1768456800000000,0.00424500,0.00424500,0.00421200,0.00423200,1243160.90000000,1768460399999999,5258.24097690,96,780556.70000000,3299.60458820,0
1768460400000000,0.00423100,0.00428900,0.00423100,0.00428600,1323116.90000000,1768463999999999,5636.57164700,146,502499.00000000,2134.92262210,0
1768464000000000,0.00428400,0.00428900,0.00423800,0.00426700,1156041.80000000,1768467599999999,4924.78940400,217,378060.60000000,1613.42944790,0
1768467600000000,0.00426300,0.00429900,0.00425700,0.00429100,1207089.20000000,1768471199999999,5160.17600360,199,739673.70000000,3158.83654610,0
1768471200000000,0.00429400,0.00431600,0.00428900,0.00431500,1237847.90000000,1768474799999999,5325.80684680,192,476262.70000000,2049.09012440,0
1768474800000000,0.00431900,0.00433500,0.00430100,0.00431500,1227221.00000000,1768478399999999,5290.60201720,240,476570.00000000,2057.00131890,0
1768478400000000,0.00431500,0.00434700,0.00430800,0.00434700,2155045.40000000,1768481999999999,9341.64840060,494,1020841.60000000,4426.40149240,0
1768482000000000,0.00434500,0.00435500,0.00432100,0.00432600,1820207.10000000,1768485599999999,7893.80035700,362,1078075.70000000,4674.70687040,0
1768485600000000,0.00432300,0.00433500,0.00426000,0.00429100,3062924.20000000,1768489199999999,13168.63166800,708,1522100.90000000,6542.37694340,0
1768489200000000,0.00429300,0.00430500,0.00414700,0.00421500,6605151.10000000,1768492799999999,27880.74532010,1060,2414121.20000000,10206.69453460,0
1768492800000000,0.00421800,0.00426100,0.00417800,0.00425300,5738612.70000000,1768496399999999,24272.95169930,1050,3757856.30000000,15905.40891140,0
1768496400000000,0.00425300,0.00426200,0.00420000,0.00420700,5409459.80000000,1768499999999999,22958.14937150,973,3603645.10000000,15300.37099180,0
1768500000000000,0.00420800,0.00422900,0.00413700,0.00414500,3972625.20000000,1768503599999999,16600.99550450,927,2183470.20000000,9130.81897210,0
1768503600000000,0.00414100,0.00414300,0.00405400,0.00408100,7877360.60000000,1768507199999999,32222.61858780,1427,3602351.50000000,14732.51630090,0
1768507200000000,0.00407900,0.00410900,0.00405000,0.00405200,3921964.10000000,1768510799999999,16013.33102530,934,2151855.10000000,8786.05449780,0
1768510800000000,0.00405500,0.00408300,0.00405100,0.00407400,2807611.30000000,1768514399999999,11427.14547410,484,1108996.80000000,4514.71209000,0
1768514400000000,0.00407500,0.00413900,0.00407000,0.00411900,2182494.30000000,1768517999999999,8979.71045850,526,1288175.90000000,5301.25722620,0
1768518000000000,0.00411800,0.00413900,0.00410500,0.00413700,1420963.90000000,1768521599999999,5856.88177680,368,992881.80000000,4094.47813300,0
1768521600000000,0.00413700,0.00417700,0.00412800,0.00417200,2588956.50000000,1768525199999999,10759.95804540,520,1282078.30000000,5329.98752180,0
1768525200000000,0.00417100,0.00417200,0.00413700,0.00416600,1737783.80000000,1768528799999999,7217.80453800,368,792027.50000000,3289.99660570,0
1768528800000000,0.00416300,0.00416300,0.00409700,0.00415100,2718350.90000000,1768532399999999,11196.69200940,665,1471948.10000000,6064.54516910,0
1768532400000000,0.00415300,0.00417700,0.00413600,0.00414900,2200452.20000000,1768535999999999,9141.29085920,552,1238888.20000000,5149.73030430,0
1768536000000000,0.00415000,0.00418300,0.00411000,0.00413400,3224538.20000000,1768539599999999,13376.18600640,701,1350436.80000000,5607.99917480,0
1768539600000000,0.00413300,0.00420700,0.00412700,0.00420100,1838769.00000000,1768543199999999,7658.02998720,504,1076954.40000000,4481.35917660,0
1768543200000000,0.00420000,0.00422500,0.00417200,0.00421500,1962284.30000000,1768546799999999,8239.00081240,450,1088197.00000000,4568.88579980,0
1768546800000000,0.00421900,0.00424500,0.00418100,0.00419800,3478375.20000000,1768550399999999,14650.04386510,718,1781876.10000000,7510.51091190,0
1768550400000000,0.00419700,0.00427100,0.00419700,0.00424800,4064848.40000000,1768553999999999,17222.99122260,966,2579513.70000000,10924.07465950,0
1768554000000000,0.00424500,0.00426400,0.00421900,0.00425700,2292476.50000000,1768557599999999,9717.50955290,686,1429626.20000000,6059.45308150,0
1768557600000000,0.00425800,0.00426400,0.00422500,0.00422900,1991247.30000000,1768561199999999,8456.27619760,499,778040.20000000,3306.52394620,0
1768561200000000,0.00423200,0.00425300,0.00420600,0.00424100,3201574.90000000,1768564799999999,13550.62894660,874,2379624.70000000,10072.02674950,0
1768564800000000,0.00423900,0.00425800,0.00422500,0.00423200,3156376.40000000,1768568399999999,13391.25623390,689,1689900.30000000,7168.63582810,0
1768568400000000,0.00423400,0.00424000,0.00421300,0.00422700,3838602.90000000,1768571999999999,16231.66313920,952,2071784.70000000,8759.65566090,0
1768572000000000,0.00422800,0.00424400,0.00420800,0.00422600,2614226.60000000,1768575599999999,11043.70645540,615,1374350.70000000,5808.75844640,0
1768575600000000,0.00422600,0.00425000,0.00409600,0.00412200,4341642.60000000,1768579199999999,18047.45938010,1013,2409255.70000000,10000.28975460,0
1768579200000000,0.00411500,0.00418200,0.00410000,0.00415800,3942697.80000000,1768582799999999,16337.28471600,836,2497001.40000000,10352.14022780,0
1768582800000000,0.00415500,0.00415900,0.00411000,0.00415700,3108237.90000000,1768586399999999,12862.86738280,640,1197196.30000000,4954.15540010,0
1768586400000000,0.00415800,0.00417100,0.00411000,0.00411000,2645566.90000000,1768589999999999,10955.02991680,585,1328715.20000000,5506.25190500,0
1768590000000000,0.00411000,0.00417900,0.00410100,0.00417500,4253736.80000000,1768593599999999,17613.75902130,767,2443797.20000000,10120.81736030,0
1768593600000000,0.00417500,0.00425100,0.00415300,0.00424500,4401182.10000000,1768597199999999,18459.74359030,932,2204073.20000000,9252.69617680,0
1768597200000000,0.00424600,0.00424600,0.00421400,0.00423900,2102617.30000000,1768600799999999,8902.41272070,538,912474.60000000,3864.46743720,0
1768600800000000,0.00424100,0.00425200,0.00422500,0.00424400,1688369.90000000,1768604399999999,7159.48200490,474,920614.40000000,3905.15980120,0
1768604400000000,0.00424500,0.00428100,0.00423600,0.00427400,2273487.00000000,1768607999999999,9682.47177850,334,996469.20000000,4245.47680310,0
1768608000000000,0.00427200,0.00434500,0.00427100,0.00432500,7927747.10000000,1768611599999999,34161.67572130,1379,4302176.90000000,18533.58091570,0
1768611600000000,0.00432200,0.00434900,0.00429600,0.00431700,3846111.60000000,1768615199999999,16630.93184680,515,2582403.60000000,11174.02355460,0
1768615200000000,0.00431200,0.00432900,0.00425600,0.00427900,4043794.60000000,1768618799999999,17351.03667890,754,1886661.70000000,8098.03709560,0
1768618800000000,0.00428500,0.00430000,0.00428300,0.00429400,2329599.10000000,1768622399999999,9998.77628440,538,1238948.50000000,5318.12496010,0
1768622400000000,0.00429400,0.00430500,0.00425600,0.00429400,3042738.00000000,1768625999999999,13019.04778960,570,1417409.10000000,6067.48533630,0
1768626000000000,0.00429700,0.00432800,0.00428400,0.00432200,2940540.00000000,1768629599999999,12649.29155990,668,1263501.40000000,5437.37505880,0
1768629600000000,0.00432400,0.00432900,0.00428900,0.00429200,3783555.70000000,1768633199999999,16302.01649650,639,1605753.80000000,6918.62741620,0
1768633200000000,0.00429200,0.00433700,0.00428400,0.00433400,2257306.90000000,1768636799999999,9737.28819320,492,1074017.60000000,4631.45015590,0
1768636800000000,0.00433400,0.00435800,0.00431600,0.00434600,4124593.40000000,1768640399999999,17888.95596880,783,2240363.40000000,9719.88108960,0
1768640400000000,0.00434700,0.00436100,0.00432700,0.00434000,2615035.40000000,1768643999999999,11363.35235300,448,1467314.60000000,6378.79773440,0
1768644000000000,0.00434200,0.00435500,0.00429500,0.00430500,2805393.40000000,1768647599999999,12129.84114100,577,1568933.10000000,6781.75552480,0
1768647600000000,0.00430500,0.00432500,0.00427900,0.00429400,6167029.80000000,1768651199999999,26527.27344650,764,2841967.30000000,12232.73978810,0
1768651200000000,0.00429500,0.00437600,0.00428500,0.00437300,4385306.10000000,1768654799999999,19051.06311360,718,2821348.80000000,12260.96728070,0
1768654800000000,0.00437300,0.00438800,0.00434500,0.00436400,4667827.60000000,1768658399999999,20369.54845710,846,2268983.50000000,9903.51291720,0
1768658400000000,0.00436300,0.00441000,0.00436100,0.00440500,4079610.30000000,1768661999999999,17891.39620520,819,2383584.80000000,10453.67460510,0
1768662000000000,0.00440200,0.00444400,0.00439400,0.00441900,8681022.60000000,1768665599999999,38398.15775940,1112,5088205.60000000,22504.19445380,0
1768665600000000,0.00441900,0.00443300,0.00432900,0.00436100,12013300.90000000,1768669199999999,52584.15231850,1401,3787213.60000000,16584.33964030,0
1768669200000000,0.00435800,0.00439000,0.00435600,0.00436800,2603142.00000000,1768672799999999,11383.01858020,640,1557875.90000000,6812.45151180,0
1768672800000000,0.00436800,0.00438400,0.00433600,0.00437400,5180358.20000000,1768676399999999,22601.32359280,892,3318389.00000000,14473.96369510,0
1768676400000000,0.00437400,0.00440000,0.00436100,0.00439300,4134482.40000000,1768679999999999,18127.99467460,849,2096434.50000000,9191.12238170,0
1768680000000000,0.00439300,0.00440900,0.00436400,0.00437700,4584623.10000000,1768683599999999,20078.59093760,896,2248441.70000000,9845.93864330,0
1768683600000000,0.00437800,0.00438800,0.00435600,0.00436800,3721339.40000000,1768687199999999,16253.04889510,758,1933675.50000000,8445.39381700,0
1768687200000000,0.00436800,0.00437000,0.00429400,0.00431500,3426292.70000000,1768690799999999,14854.17398980,729,1703713.70000000,7381.23303520,0
1768690800000000,0.00431500,0.00432500,0.00429200,0.00431100,3909972.50000000,1768694399999999,16838.60268770,666,1875331.40000000,8078.15636610,0
1768694400000000,0.00431300,0.00434700,0.00429100,0.00431600,5581159.60000000,1768697999999999,24108.07392960,948,3105118.30000000,13411.82018840,0
1768698000000000,0.00431600,0.00432100,0.00425600,0.00426200,6381180.50000000,1768701599999999,27368.73578050,1105,3207846.70000000,13761.96058090,0
1768701600000000,0.00426300,0.00430100,0.00423200,0.00427500,5345602.50000000,1768705199999999,22796.98911550,1014,2895376.30000000,12347.56870220,0
1768705200000000,0.00427500,0.00429900,0.00426500,0.00427400,3733778.80000000,1768708799999999,15991.43997800,733,1911292.30000000,8186.72021270,0
1768708800000000,0.00427300,0.00427400,0.00423500,0.00426100,4343354.90000000,1768712399999999,18467.17987240,827,2367879.10000000,10068.54705110,0
1768712400000000,0.00426300,0.00426300,0.00420400,0.00421900,5519928.90000000,1768715999999999,23357.23149280,963,2484939.90000000,10518.97246390,0
1768716000000000,0.00422300,0.00423200,0.00419100,0.00419500,4791551.40000000,1768719599999999,20154.75075380,883,2255285.10000000,9489.41285470,0
1768719600000000,0.00419400,0.00423900,0.00416900,0.00422800,6127707.20000000,1768723199999999,25778.56009670,948,3263702.90000000,13727.80118790,0
1768723200000000,0.00422400,0.00425400,0.00420800,0.00423300,5395513.40000000,1768726799999999,22823.07577970,853,2877187.00000000,12168.91811390,0
1768726800000000,0.00423400,0.00424300,0.00420300,0.00423600,4480335.90000000,1768730399999999,18940.79816650,823,2497412.90000000,10557.67313510,0
1768730400000000,0.00423500,0.00426500,0.00420700,0.00426400,5590125.90000000,1768733999999999,23710.10860660,940,3275509.80000000,13897.12679020,0
1768734000000000,0.00426300,0.00429700,0.00423000,0.00423700,7262348.90000000,1768737599999999,30968.34063440,1041,3161969.30000000,13496.72339710,0
1768737600000000,0.00423300,0.00426900,0.00423000,0.00423600,3664201.00000000,1768741199999999,15579.42678690,767,1865513.30000000,7932.46054810,0
1768741200000000,0.00423500,0.00424900,0.00421200,0.00422000,4645911.70000000,1768744799999999,19652.71768340,791,2688403.70000000,11371.34099400,0
1768744800000000,0.00421800,0.00424000,0.00418400,0.00419400,7092092.20000000,1768748399999999,29883.58250290,1056,3196581.10000000,13478.11818670,0
1768748400000000,0.00419300,0.00425500,0.00417400,0.00425500,9952182.50000000,1768751999999999,41967.50010580,1128,4466562.30000000,18807.64201890,0
1768752000000000,0.00425000,0.00426600,0.00422500,0.00423200,6195209.50000000,1768755599999999,26305.45268170,910,2693019.60000000,11435.77487420,0
1768755600000000,0.00423400,0.00424600,0.00421100,0.00423700,4389464.50000000,1768759199999999,18574.59168200,778,2490771.10000000,10542.57869110,0
1768759200000000,0.00424300,0.00429000,0.00422600,0.00427800,5309469.60000000,1768762799999999,22643.49641250,1075,2168411.70000000,9246.92219930,0
1768762800000000,0.00427600,0.00429000,0.00425600,0.00427300,4272952.30000000,1768766399999999,18250.70551720,707,1892862.30000000,8086.14266580,0
1768766400000000,0.00427200,0.00430600,0.00426200,0.00428300,3449342.60000000,1768769999999999,14773.37122630,625,2007182.20000000,8598.22171540,0
1768770000000000,0.00428400,0.00429800,0.00426700,0.00427800,3568869.80000000,1768773599999999,15286.35522220,699,1977170.70000000,8468.43190030,0
1768773600000000,0.00428000,0.00433100,0.00428000,0.00432200,3714866.30000000,1768777199999999,15994.90702710,592,1638456.20000000,7056.47031350,0
1768777200000000,0.00431100,0.00431100,0.00398800,0.00399000,17067348.80000000,1768780799999999,70285.35240150,2913,8460108.80000000,34869.19232420,0
1768780800000000,0.00399000,0.00399000,0.00362500,0.00383100,40918134.30000000,1768784399999999,155934.58088220,5471,20213736.50000000,76964.27478260,0
1768784400000000,0.00383000,0.00384500,0.00377000,0.00378300,8890122.10000000,1768787999999999,33848.89313730,1587,4726521.20000000,18007.97712800,0
1768788000000000,0.00378200,0.00382200,0.00377000,0.00380900,6235757.70000000,1768791599999999,23679.84966990,912,3645745.70000000,13857.79837820,0
1768791600000000,0.00380800,0.00385300,0.00378900,0.00383800,6188200.50000000,1768795199999999,23596.98357620,927,2577279.30000000,9833.78121610,0
1768795200000000,0.00383700,0.00383700,0.00375800,0.00376000,5631121.10000000,1768798799999999,21374.77496880,1101,3419825.00000000,12980.92946200,0
1768798800000000,0.00376200,0.00381700,0.00375400,0.00380000,7609903.40000000,1768802399999999,28811.18554020,1168,3846396.20000000,14559.35665820,0
1768802400000000,0.00380000,0.00383400,0.00377300,0.00377900,10954053.80000000,1768805999999999,41608.41299860,1034,5716888.70000000,21707.97159820,0
1768806000000000,0.00377500,0.00380700,0.00377000,0.00379500,8459675.30000000,1768809599999999,32086.95039330,955,5749701.10000000,21818.76686520,0
1768809600000000,0.00379700,0.00384800,0.00378400,0.00383200,8705340.20000000,1768813199999999,33230.92635010,1129,5420908.90000000,20712.82291580,0
1768813200000000,0.00383000,0.00384800,0.00381200,0.00383700,5002543.40000000,1768816799999999,19180.73935300,1054,2120655.40000000,8132.86515650,0
1768816800000000,0.00383600,0.00384100,0.00378100,0.00379300,4411737.00000000,1768820399999999,16798.11335860,757,2424775.20000000,9229.38084160,0
1768820400000000,0.00379200,0.00383100,0.00378700,0.00380900,4922271.00000000,1768823999999999,18744.93966270,841,2119979.10000000,8076.49029670,0
1768824000000000,0.00380800,0.00382600,0.00377900,0.00380300,8240134.20000000,1768827599999999,31343.15861710,1119,3785121.10000000,14396.89583620,0
1768827600000000,0.00380200,0.00383700,0.00379300,0.00382200,7204763.90000000,1768831199999999,27516.85474370,1126,3694014.60000000,14108.91843290,0
1768831200000000,0.00382600,0.00386500,0.00381700,0.00383900,5001368.20000000,1768834799999999,19216.06927020,850,2257111.30000000,8674.83224940,0
1768834800000000,0.00384200,0.00385100,0.00382800,0.00384300,3329932.40000000,1768838399999999,12777.34013430,699,1840123.70000000,7061.61232210,0
1768838400000000,0.00384300,0.00389300,0.00383200,0.00388300,6366912.90000000,1768841999999999,24634.81722480,1071,3063859.60000000,11858.86404820,0
1768842000000000,0.00388300,0.00388300,0.00386100,0.00387000,4797790.10000000,1768845599999999,18584.38086310,908,1946885.30000000,7543.04909810,0
1768845600000000,0.00387000,0.00389200,0.00385100,0.00387700,5891500.90000000,1768849199999999,22799.54026620,894,2414477.80000000,9349.28341490,0
1768849200000000,0.00387800,0.00391800,0.00387700,0.00390100,4794712.70000000,1768852799999999,18689.68227990,792,2317979.20000000,9038.14521170,0
1768852800000000,0.00390200,0.00391100,0.00388300,0.00388900,4142473.30000000,1768856399999999,16139.58832770,758,2027531.30000000,7899.96646690,0
1768856400000000,0.00389200,0.00390500,0.00386100,0.00387100,7357411.20000000,1768859999999999,28619.03280880,1042,2906855.50000000,11297.40658330,0
1768860000000000,0.00387100,0.00388200,0.00383300,0.00383400,5612137.10000000,1768863599999999,21659.65190420,824,2637983.00000000,10183.86914640,0
1768863600000000,0.00383500,0.00388800,0.00382500,0.00387500,7041576.20000000,1768867199999999,27184.04692440,1061,2883498.20000000,11137.41590860,0
1768867200000000,0.00387500,0.00387600,0.00385000,0.00385000,4988737.70000000,1768870799999999,19281.78698970,926,2222425.50000000,8590.67347620,0
1768870800000000,0.00385100,0.00385700,0.00379800,0.00383100,9175398.10000000,1768874399999999,35130.27057170,1397,4600718.40000000,17618.74973480,0
1768874400000000,0.00383300,0.00386400,0.00381600,0.00385500,7028621.50000000,1768877999999999,26968.54180810,1021,3049226.60000000,11704.57054450,0
1768878000000000,0.00385500,0.00385800,0.00381100,0.00382600,5930132.60000000,1768881599999999,22740.53315160,1049,2673767.10000000,10253.97908420,0
1768881600000000,0.00382600,0.00384100,0.00380300,0.00382400,6649178.90000000,1768885199999999,25412.82401240,1057,3839828.40000000,14676.12461590,0
1768885200000000,0.00382700,0.00383200,0.00379000,0.00379900,6490559.40000000,1768888799999999,24733.60194430,1146,3189123.10000000,12151.72878290,0
1768888800000000,0.00380100,0.00380100,0.00374100,0.00376200,6884530.70000000,1768892399999999,25950.36331010,1339,3414760.10000000,12872.60597090,0
1768892400000000,0.00376200,0.00378000,0.00375100,0.00375500,5807994.20000000,1768895999999999,21860.54015880,1028,2844955.30000000,10710.91214440,0
1768896000000000,0.00375100,0.00375300,0.00367400,0.00370700,9765392.90000000,1768899599999999,36219.62232380,1756,5545623.30000000,20568.38179890,0
1768899600000000,0.00370800,0.00372600,0.00369700,0.00372500,5090360.50000000,1768903199999999,18905.13122330,968,2898998.50000000,10769.31585050,0
1768903200000000,0.00372500,0.00378100,0.00371800,0.00373300,12631251.60000000,1768906799999999,47413.78847620,1450,4351107.80000000,16301.98937070,0
1768906800000000,0.00373500,0.00374800,0.00367300,0.00369400,8882264.60000000,1768910399999999,32890.99842260,1230,2699211.50000000,10024.67027850,0
1768910400000000,0.00369400,0.00376500,0.00369300,0.00375600,7106878.60000000,1768913999999999,26577.86957110,1194,4055435.00000000,15165.57530200,0
1768914000000000,0.00375300,0.00375500,0.00369700,0.00370500,5398317.00000000,1768917599999999,20109.13033410,1103,2822796.40000000,10517.73538910,0
1768917600000000,0.00370400,0.00377400,0.00369600,0.00375200,10620790.40000000,1768921199999999,39621.00355590,1790,5880592.70000000,21944.95650660,0
1768921200000000,0.00375600,0.00376100,0.00369900,0.00371900,7042504.10000000,1768924799999999,26246.24932780,1369,3448570.20000000,12856.57146970,0
1768924800000000,0.00372500,0.00373900,0.00365200,0.00366800,6136295.30000000,1768928399999999,22686.80405160,1157,2918644.20000000,10794.09363760,0
1768928400000000,0.00367000,0.00370000,0.00363200,0.00364800,6603567.40000000,1768931999999999,24226.36618760,1254,3068485.80000000,11261.92602460,0
1768932000000000,0.00364900,0.00367100,0.00362100,0.00363500,8769078.00000000,1768935599999999,31961.63484240,1174,2980321.10000000,10858.65610230,0
1768935600000000,0.00363300,0.00366900,0.00362600,0.00363900,5531524.50000000,1768939199999999,20144.46357250,1189,3021852.50000000,11005.50904530,0
1768939200000000,0.00363900,0.00368400,0.00363000,0.00367400,6081572.10000000,1768942799999999,22252.45684840,1038,3178448.60000000,11634.14515080,0
1768942800000000,0.00367800,0.00368800,0.00363900,0.00365800,4937001.30000000,1768946399999999,18092.23333750,896,2889189.90000000,10592.31755300,0
1768946400000000,0.00365400,0.00366500,0.00357800,0.00362700,5132965.50000000,1768949999999999,18641.88711390,964,2413544.00000000,8776.56548640,0
1768950000000000,0.00363000,0.00363600,0.00360300,0.00361900,4531279.00000000,1768953599999999,16412.17883390,931,2399921.90000000,8693.72318860,0
1768953600000000,0.00362100,0.00368600,0.00362000,0.00368600,5591785.00000000,1768957199999999,20443.22263730,1065,3028087.20000000,11073.47729280,0
1768957200000000,0.00368600,0.00373700,0.00368600,0.00372800,5235059.00000000,1768960799999999,19475.04663170,971,2845617.90000000,10587.86178780,0
1768960800000000,0.00372900,0.00376700,0.00372800,0.00374800,4429049.20000000,1768964399999999,16605.23611660,843,2541121.90000000,9530.83929120,0
1768964400000000,0.00374800,0.00377100,0.00374000,0.00375300,4571632.30000000,1768967999999999,17163.94301160,875,2737306.90000000,10278.96134410,0
1768968000000000,0.00375300,0.00378300,0.00374300,0.00377800,4905959.60000000,1768971599999999,18441.92787280,782,2404929.70000000,9042.86395090,0
1768971600000000,0.00378200,0.00379400,0.00375600,0.00378300,5998273.80000000,1768975199999999,22637.37828570,973,2633158.00000000,9939.64504660,0
1768975200000000,0.00378200,0.00378800,0.00376400,0.00377100,3721303.00000000,1768978799999999,14056.30250280,756,1969892.60000000,7442.08402240,0
1768978800000000,0.00377200,0.00380100,0.00374200,0.00375300,6775573.90000000,1768982399999999,25562.57422070,1060,3693413.40000000,13947.94661260,0
1768982400000000,0.00375300,0.00378400,0.00373400,0.00377000,4257011.60000000,1768985999999999,16007.28675420,859,2325122.20000000,8745.32668750,0
1768986000000000,0.00377000,0.00378900,0.00375500,0.00377400,6212311.60000000,1768989599999999,23436.09888690,911,3389883.30000000,12794.44795100,0
1768989600000000,0.00377400,0.00379200,0.00374300,0.00374500,4154729.50000000,1768993199999999,15663.79241560,859,2214136.60000000,8351.61702840,0
1768993200000000,0.00374400,0.00377000,0.00371400,0.00371900,4817900.20000000,1768996799999999,18060.03735600,837,2696475.20000000,10105.38382530,0
1768996800000000,0.00371900,0.00373000,0.00365900,0.00371400,5926082.80000000,1769000399999999,21913.69960780,1142,2822103.00000000,10441.03736400,0
1769000400000000,0.00371300,0.00373100,0.00366500,0.00367900,4565190.30000000,1769003999999999,16887.89013400,766,2327836.00000000,8612.34683190,0
1769004000000000,0.00367800,0.00376900,0.00367500,0.00373800,8608904.10000000,1769007599999999,32141.20662770,1154,4566652.20000000,17049.00173210,0
1769007600000000,0.00373900,0.00378900,0.00372400,0.00376200,6963032.60000000,1769011199999999,26158.32057120,1004,3107751.60000000,11676.04959870,0
1769011200000000,0.00376800,0.00377100,0.00361200,0.00361500,6019726.80000000,1769014799999999,22243.83473200,1027,3302127.70000000,12201.51353240,0
1769014800000000,0.00361500,0.00365900,0.00359800,0.00364700,6238455.00000000,1769018399999999,22675.36558140,1039,2971077.70000000,10800.83994140,0
1769018400000000,0.00364600,0.00367000,0.00362100,0.00365000,4818859.10000000,1769021999999999,17543.13874860,896,2265671.00000000,8254.27230350,0
1769022000000000,0.00364300,0.00380500,0.00362800,0.00379200,12838085.20000000,1769025599999999,47922.24241940,2126,6884617.50000000,25673.28471380,0
1769025600000000,0.00379400,0.00379900,0.00372700,0.00378600,6822169.50000000,1769029199999999,25693.25686320,1293,3135379.80000000,11795.41824630,0
1769029200000000,0.00379200,0.00381600,0.00377300,0.00380900,4528805.80000000,1769032799999999,17178.20247610,852,2466666.80000000,9357.40710200,0
1769032800000000,0.00380500,0.00383300,0.00375800,0.00376700,3647508.60000000,1769036399999999,13843.51296670,798,1563042.70000000,5934.09542410,0
1769036400000000,0.00375700,0.00378100,0.00370700,0.00372500,3850504.30000000,1769039999999999,14411.76608740,776,2305232.70000000,8629.19114490,0
1769040000000000,0.00372000,0.00376500,0.00372000,0.00374900,4271611.60000000,1769043599999999,16009.23776940,922,1918284.80000000,7187.42961880,0
1769043600000000,0.00374900,0.00382700,0.00374700,0.00381900,8232463.80000000,1769047199999999,31242.68261220,1443,4532235.10000000,17192.81573350,0
1769047200000000,0.00381800,0.00382400,0.00377800,0.00379900,6604120.70000000,1769050799999999,25108.34347310,1056,2600123.30000000,9893.90259520,0
1769050800000000,0.00379900,0.00382700,0.00376300,0.00378900,5036489.00000000,1769054399999999,19137.64412680,1056,2346835.00000000,8920.87354710,0
1769054400000000,0.00378700,0.00380500,0.00377900,0.00378700,3285905.30000000,1769057999999999,12458.03115660,733,1718169.20000000,6515.28115830,0
1769058000000000,0.00378700,0.00380500,0.00377200,0.00378700,3844482.00000000,1769061599999999,14566.40126210,745,1682317.10000000,6375.49395900,0
1769061600000000,0.00379200,0.00379700,0.00373700,0.00375300,4398809.70000000,1769065199999999,16540.67608530,918,2434812.90000000,9162.33666940,0
1769065200000000,0.00374900,0.00375700,0.00371700,0.00372400,5038808.50000000,1769068799999999,18812.59375090,870,2180148.20000000,8144.37497200,0
1769068800000000,0.00372300,0.00375200,0.00369000,0.00370700,7375135.90000000,1769072399999999,27385.40753000,1206,3690808.10000000,13719.11430530,0
1769072400000000,0.00370800,0.00374600,0.00370600,0.00373400,4521873.60000000,1769075999999999,16857.17235080,935,2378832.40000000,8868.56151030,0
1769076000000000,0.00373400,0.00374000,0.00371200,0.00371900,4527596.60000000,1769079599999999,16859.29210330,925,1922817.50000000,7162.91854970,0
1769079600000000,0.00371600,0.00371900,0.00367600,0.00368000,4325406.20000000,1769083199999999,15968.83203300,928,2097055.50000000,7744.71621280,0
1769083200000000,0.00367900,0.00368700,0.00366100,0.00366900,3614979.10000000,1769086799999999,13279.18965690,830,1821379.90000000,6692.57140550,0
1769086800000000,0.00366500,0.00368200,0.00363500,0.00365000,4679650.10000000,1769090399999999,17126.21921830,968,2444040.80000000,8948.54611780,0
1769090400000000,0.00364600,0.00366000,0.00359200,0.00359900,4423486.40000000,1769093999999999,16044.94246780,1007,2177820.80000000,7898.87386490,0
1769094000000000,0.00359600,0.00363100,0.00356200,0.00360000,9881077.80000000,1769097599999999,35525.15133380,1609,5501147.10000000,19787.54772660,0
1769097600000000,0.00360200,0.00363800,0.00358900,0.00362900,8204856.20000000,1769101199999999,29641.26277090,1630,3507772.70000000,12675.14048640,0
1769101200000000,0.00363100,0.00368200,0.00360500,0.00366500,8856581.80000000,1769104799999999,32254.69494790,1505,4998632.80000000,18221.49382870,0
1769104800000000,0.00366400,0.00367100,0.00362500,0.00362500,8158056.40000000,1769108399999999,29790.28261350,1185,3761200.00000000,13742.75153060,0
1769108400000000,0.00362800,0.00366900,0.00361700,0.00365000,7327916.80000000,1769111999999999,26676.12832500,1222,3799682.80000000,13838.01882500,0
1769112000000000,0.00365100,0.00365500,0.00361800,0.00363400,4544613.70000000,1769115599999999,16525.66921250,969,2446338.60000000,8898.77803050,0
1769115600000000,0.00363500,0.00365800,0.00362500,0.00363000,6039828.10000000,1769119199999999,21986.57953320,946,2914323.60000000,10617.99305300,0
1769119200000000,0.00363100,0.00363900,0.00361000,0.00361800,6464749.30000000,1769122799999999,23406.28714840,786,2355016.20000000,8537.23002990,0
1769122800000000,0.00361800,0.00363800,0.00360200,0.00362600,3995308.00000000,1769126399999999,14485.20662470,910,1817759.90000000,6589.52889960,0
1769126400000000,0.00363200,0.00364600,0.00361700,0.00363200,3323634.50000000,1769129999999999,12064.23853750,699,1806522.90000000,6557.05336100,0
1769130000000000,0.00363200,0.00368900,0.00363200,0.00368400,5650628.50000000,1769133599999999,20699.43433590,1086,2182576.10000000,7995.34269310,0
1769133600000000,0.00368300,0.00369300,0.00367400,0.00368500,2540405.20000000,1769137199999999,9358.92051080,615,1164196.90000000,4289.32920940,0
1769137200000000,0.00368400,0.00371500,0.00368000,0.00370200,2919024.00000000,1769140799999999,10805.31947590,726,1457418.90000000,5394.01170060,0
1769140800000000,0.00370100,0.00371900,0.00369000,0.00371000,2806891.70000000,1769144399999999,10406.75580300,711,1424036.60000000,5280.46377700,0
1769144400000000,0.00371100,0.00371900,0.00370200,0.00371400,3181810.40000000,1769147999999999,11809.10876740,800,1517971.70000000,5634.29435480,0
1769148000000000,0.00371700,0.00373000,0.00367000,0.00367200,8025766.00000000,1769151599999999,29702.64407460,1127,2784129.10000000,10290.62995470,0
1769151600000000,0.00367400,0.00369600,0.00367100,0.00369100,3059021.90000000,1769155199999999,11275.91700910,730,1464263.80000000,5397.74426040,0
1769155200000000,0.00368800,0.00369200,0.00364600,0.00365200,4782642.70000000,1769158799999999,17564.05858080,1061,1961515.10000000,7202.69090500,0
1769158800000000,0.00365200,0.00367300,0.00364600,0.00365300,3524771.90000000,1769162399999999,12893.89705350,856,1710839.90000000,6259.28469570,0
1769162400000000,0.00365300,0.00366100,0.00363600,0.00364800,3577892.10000000,1769165999999999,13057.26135330,838,1754978.40000000,6405.18384120,0
1769166000000000,0.00364800,0.00365900,0.00364600,0.00365800,2527952.40000000,1769169599999999,9236.47463380,600,1248297.30000000,4561.40521820,0
1769169600000000,0.00365600,0.00366400,0.00364200,0.00364900,3273230.80000000,1769173199999999,11957.72808900,717,1457629.90000000,5326.19432070,0
1769173200000000,0.00364900,0.00366400,0.00364400,0.00365600,3990543.20000000,1769176799999999,14572.48112900,880,1977853.00000000,7223.43900190,0
1769176800000000,0.00365900,0.00367800,0.00358800,0.00362000,5475125.50000000,1769180399999999,19896.26696960,1319,2749596.60000000,9994.27449990,0
1769180400000000,0.00362500,0.00367500,0.00360200,0.00366900,7321902.00000000,1769183999999999,26662.98543130,1453,3268122.00000000,11901.14310410,0
1769184000000000,0.00366800,0.00371700,0.00364900,0.00370000,6460873.70000000,1769187599999999,23783.69099360,1388,3000141.00000000,11044.47017330,0
1769187600000000,0.00369700,0.00376200,0.00367100,0.00370800,9688278.70000000,1769191199999999,36040.03049530,1895,5261429.60000000,19568.56683780,0
1769191200000000,0.00370900,0.00374800,0.00370600,0.00371800,5962450.60000000,1769194799999999,22221.53042160,1202,3257087.80000000,12136.58939290,0
1769194800000000,0.00371800,0.00372800,0.00364200,0.00365500,7551642.30000000,1769198399999999,27748.84971670,1651,3973518.90000000,14599.16899160,0
1769198400000000,0.00365600,0.00366300,0.00361000,0.00362700,8952119.50000000,1769201999999999,32529.35328010,1589,3827475.20000000,13917.63645080,0
1769202000000000,0.00362600,0.00365300,0.00362300,0.00363600,4015269.60000000,1769205599999999,14615.44711090,877,1983237.80000000,7219.12731780,0
1769205600000000,0.00363400,0.00366400,0.00363300,0.00365500,3436646.60000000,1769209199999999,12537.04020990,754,2004219.90000000,7314.61381460,0
1769209200000000,0.00365500,0.00365500,0.00363500,0.00365000,3723061.00000000,1769212799999999,13567.92084190,789,1728014.80000000,6298.34677480,0
1769212800000000,0.00364800,0.00365800,0.00360800,0.00362200,8422492.20000000,1769216399999999,30566.03600520,1390,2938898.50000000,10673.54359920,0
1769216400000000,0.00361900,0.00365500,0.00361900,0.00365100,4423464.50000000,1769219999999999,16093.35684650,843,2442653.80000000,8886.60848620,0
1769220000000000,0.00364900,0.00367400,0.00364900,0.00366400,4197104.10000000,1769223599999999,15381.52376910,937,2046579.00000000,7501.30443930,0
1769223600000000,0.00366400,0.00372200,0.00365900,0.00370900,7213706.90000000,1769227199999999,26675.46017740,1273,4233734.10000000,15656.22680560,0
1769227200000000,0.00370700,0.00371900,0.00370000,0.00371500,3316659.40000000,1769230799999999,12313.66440080,764,1292344.10000000,4798.97608270,0
1769230800000000,0.00371600,0.00372700,0.00370100,0.00370800,3241851.40000000,1769234399999999,12034.85540290,665,1610304.00000000,5978.05765140,0
1769234400000000,0.00371000,0.00375800,0.00370300,0.00375400,6245533.60000000,1769237999999999,23331.82459190,1120,2746799.20000000,10266.18924790,0
1769238000000000,0.00375400,0.00376900,0.00373900,0.00374900,6053120.10000000,1769241599999999,22726.97811940,1017,2820296.50000000,10588.91129020,0
1769241600000000,0.00374900,0.00376000,0.00373900,0.00375000,4244701.30000000,1769245199999999,15914.89361170,882,2221960.80000000,8331.03353640,0
1769245200000000,0.00374900,0.00377700,0.00374500,0.00375900,4085720.60000000,1769248799999999,15362.94601160,820,2235479.90000000,8409.74044940,0
1769248800000000,0.00376000,0.00377800,0.00375500,0.00376800,2981702.30000000,1769252399999999,11236.04071880,718,1445250.60000000,5447.19986600,0
1769252400000000,0.00376600,0.00377900,0.00376100,0.00377500,4453452.20000000,1769255999999999,16796.42113590,848,1777649.50000000,6704.77603720,0
1769256000000000,0.00377600,0.00378400,0.00376000,0.00376700,5689717.30000000,1769259599999999,21458.92910270,1010,3158845.90000000,11914.35854630,0
1769259600000000,0.00376500,0.00377100,0.00373300,0.00373500,5634078.30000000,1769263199999999,21114.75822350,1011,2289990.60000000,8583.46203330,0
1769263200000000,0.00373800,0.00375000,0.00370700,0.00372600,6840512.20000000,1769266799999999,25506.07656940,1091,2715022.50000000,10126.50355990,0
1769266800000000,0.00372600,0.00372800,0.00368300,0.00369000,5025748.10000000,1769270399999999,18635.87291280,976,2812611.30000000,10432.14024960,0
1769270400000000,0.00369000,0.00369000,0.00362500,0.00363900,8050471.60000000,1769273999999999,29392.27372330,1514,3293534.60000000,12036.43777960,0
1769274000000000,0.00363900,0.00364100,0.00360300,0.00361900,7107329.60000000,1769277599999999,25722.15568530,1209,3284202.90000000,11892.79006270,0
1769277600000000,0.00361900,0.00364000,0.00361300,0.00363100,4790696.10000000,1769281199999999,17378.56624910,753,1981863.20000000,7184.62426300,0
1769281200000000,0.00362900,0.00363300,0.00361500,0.00361800,5352136.90000000,1769284799999999,19394.86969750,876,2980202.50000000,10799.45650080,0
1769284800000000,0.00361800,0.00362700,0.00360500,0.00361100,3236613.30000000,1769288399999999,11699.54027400,648,1679043.70000000,6070.53781100,0
1769288400000000,0.00361100,0.00361400,0.00360100,0.00360400,2979541.40000000,1769291999999999,10747.02486380,628,1382722.40000000,4987.95448100,0
1769292000000000,0.00360500,0.00361600,0.00359400,0.00360400,4242013.50000000,1769295599999999,15282.47397880,859,2173857.70000000,7833.36452310,0
1769295600000000,0.00360300,0.00366500,0.00360100,0.00363800,7763675.50000000,1769299199999999,28213.18098610,1104,5384278.50000000,19570.85501620,0
1769299200000000,0.00364000,0.00366500,0.00363500,0.00365400,4725257.10000000,1769302799999999,17246.79878450,955,2210738.70000000,8069.00447490,0
1769302800000000,0.00365400,0.00366700,0.00362900,0.00364000,5031440.50000000,1769306399999999,18342.13997740,1049,2649618.70000000,9659.67771300,0
1769306400000000,0.00364200,0.00365200,0.00362800,0.00364000,3643106.00000000,1769309999999999,13267.39708590,799,1880675.70000000,6850.44106280,0
1769310000000000,0.00364000,0.00364100,0.00361300,0.00363200,4312174.90000000,1769313599999999,15658.82756810,898,1880841.70000000,6831.85283940,0
1769313600000000,0.00363100,0.00364300,0.00361900,0.00362600,2877343.00000000,1769317199999999,10447.00448520,637,1372544.80000000,4983.80914650,0
1769317200000000,0.00362900,0.00364100,0.00362400,0.00363700,3218066.60000000,1769320799999999,11691.62477480,755,1553114.30000000,5642.94581700,0
1769320800000000,0.00363700,0.00364500,0.00362500,0.00363300,3444601.30000000,1769324399999999,12516.21006310,780,1607226.80000000,5840.49716290,0
1769324400000000,0.00363300,0.00363800,0.00361100,0.00363700,5555084.70000000,1769327999999999,20142.73034100,1008,2615434.90000000,9486.51438330,0
1769328000000000,0.00363700,0.00366500,0.00360300,0.00360300,5939984.80000000,1769331599999999,21581.31695540,1219,2882036.20000000,10481.23554070,0
1769331600000000,0.00360500,0.00364800,0.00359900,0.00364000,3553764.70000000,1769335199999999,12880.67941170,737,1964748.90000000,7123.86301340,0
1769335200000000,0.00363900,0.00365600,0.00362000,0.00362800,4078560.60000000,1769338799999999,14833.31731780,779,2157840.40000000,7846.87706070,0
1769338800000000,0.00362700,0.00365600,0.00359800,0.00361800,4728481.40000000,1769342399999999,17108.64748160,911,2290291.10000000,8288.75276980,0
1769342400000000,0.00361500,0.00361700,0.00354800,0.00356900,10163816.90000000,1769345999999999,36369.85946260,1534,4678857.20000000,16732.85079270,0
1769346000000000,0.00356800,0.00360100,0.00354800,0.00359400,5872602.70000000,1769349599999999,20980.70841160,1050,3714128.60000000,13276.47393930,0
1769349600000000,0.00359200,0.00360100,0.00352900,0.00355600,7647821.50000000,1769353199999999,27255.06945010,1114,4157378.90000000,14820.44728140,0
1769353200000000,0.00355300,0.00359800,0.00354500,0.00355300,7263978.40000000,1769356799999999,25942.26408460,1110,4164228.90000000,14871.78409320,0
1769356800000000,0.00355100,0.00355200,0.00342600,0.00348400,33243969.70000000,1769360399999999,115383.80066240,3317,18507521.00000000,64208.75523110,0
1769360400000000,0.00348400,0.00348800,0.00345200,0.00346800,8486105.60000000,1769363999999999,29489.71963440,1455,4026466.50000000,13995.44729550,0
1769364000000000,0.00346700,0.00347300,0.00340600,0.00344000,13692273.20000000,1769367599999999,46993.14524980,2172,6919206.20000000,23742.22783170,0
1769367600000000,0.00344000,0.00344300,0.00336500,0.00338300,14526668.60000000,1769371199999999,49471.05214490,2245,6831714.40000000,23234.10575200,0
1769371200000000,0.00338400,0.00340900,0.00336900,0.00339700,12479535.90000000,1769374799999999,42356.38253340,1634,8282831.50000000,28135.67166040,0
1769374800000000,0.00339700,0.00344400,0.00339600,0.00342500,6875944.80000000,1769378399999999,23521.94612020,1326,3432237.90000000,11740.46477110,0
1769378400000000,0.00342800,0.00342900,0.00337800,0.00341000,4255650.80000000,1769381999999999,14471.52992100,1024,2086118.10000000,7095.29084320,0
1769382000000000,0.00340500,0.00344400,0.00339400,0.00343400,6364503.30000000,1769385599999999,21795.46356080,1351,2752713.90000000,9423.32123520,0
1769385600000000,0.00343400,0.00348900,0.00343100,0.00348600,7045268.60000000,1769389199999999,24370.59001570,1473,3787719.20000000,13105.42879630,0
1769389200000000,0.00348400,0.00360800,0.00348400,0.00357900,10849292.00000000,1769392799999999,38553.24479140,1797,6341642.10000000,22565.53778850,0
1769392800000000,0.00358000,0.00358700,0.00353600,0.00355500,6749672.20000000,1769396399999999,24001.18712930,1168,2860447.60000000,10178.32102060,0
1769396400000000,0.00355700,0.00356600,0.00352400,0.00353400,4903069.10000000,1769399999999999,17381.27915390,1042,2223357.20000000,7877.67154630,0
1769400000000000,0.00353500,0.00356600,0.00351700,0.00353700,5408256.00000000,1769403599999999,19136.05255500,907,2685398.40000000,9502.59275840,0
1769403600000000,0.00353900,0.00354200,0.00352300,0.00353600,3808548.50000000,1769407199999999,13451.35642450,797,2061913.90000000,7284.50907730,0
1769407200000000,0.00353700,0.00353800,0.00351600,0.00352900,5156206.40000000,1769410799999999,18169.60960940,1041,2468949.60000000,8700.59388010,0
1769410800000000,0.00352700,0.00354800,0.00352000,0.00353800,4827034.10000000,1769414399999999,17051.88681090,1009,2609829.50000000,9220.19327490,0
1769414400000000,0.00353700,0.00358700,0.00352900,0.00355300,6715924.60000000,1769417999999999,23901.36654970,1104,3138757.10000000,11170.60400140,0
1769418000000000,0.00355300,0.00355300,0.00351400,0.00353000,5606893.80000000,1769421599999999,19800.26013070,985,2984559.10000000,10541.96253000,0
1769421600000000,0.00352900,0.00354900,0.00352700,0.00354400,3557502.20000000,1769425199999999,12583.79121180,839,1708853.20000000,6045.17481830,0
1769425200000000,0.00354400,0.00356200,0.00352400,0.00353500,5640787.40000000,1769428799999999,19962.83969440,983,3467146.20000000,12263.88659580,0
1769428800000000,0.00353600,0.00355200,0.00353300,0.00354300,4135165.00000000,1769432399999999,14644.38323680,884,2111978.90000000,7480.39184080,0
1769432400000000,0.00354400,0.00355900,0.00353600,0.00355100,4324059.40000000,1769435999999999,15344.61007560,923,2117412.60000000,7516.04258350,0
1769436000000000,0.00355100,0.00357600,0.00351400,0.00355200,9154527.80000000,1769439599999999,32453.22602830,2045,4219568.80000000,14955.34293080,0
1769439600000000,0.00355200,0.00361500,0.00354200,0.00356600,12426209.90000000,1769443199999999,44440.86963320,2450,6113806.30000000,21875.32380470,0
1769443200000000,0.00356700,0.00361600,0.00355500,0.00358400,10669244.70000000,1769446799999999,38281.50587000,1932,6655932.40000000,23894.83990890,0
1769446800000000,0.00358500,0.00361600,0.00356100,0.00358900,6277050.50000000,1769450399999999,22518.32753220,1411,3354210.30000000,12032.19173480,0
1769450400000000,0.00358600,0.00361000,0.00357800,0.00359900,5079230.20000000,1769453999999999,18232.59083520,1054,2605955.40000000,9354.60591820,0
1769454000000000,0.00360000,0.00361000,0.00358000,0.00358400,4963468.10000000,1769457599999999,17833.18135130,1142,2540314.80000000,9127.14214670,0
1769457600000000,0.00358300,0.00359100,0.00356200,0.00357000,4001601.30000000,1769461199999999,14308.98553850,890,1886218.60000000,6745.27440620,0
1769461200000000,0.00356900,0.00361500,0.00355700,0.00360600,5400161.50000000,1769464799999999,19367.03670040,1086,3316705.30000000,11892.16398440,0
1769464800000000,0.00360600,0.00362600,0.00358700,0.00361000,3912086.30000000,1769468399999999,14104.89211450,961,2140015.00000000,7716.67466350,0
1769468400000000,0.00361200,0.00362200,0.00358900,0.00360200,3407049.50000000,1769471999999999,12293.48865310,792,1845869.40000000,6661.29300680,0
1769472000000000,0.00360200,0.00361000,0.00358800,0.00360300,4464112.90000000,1769475599999999,16060.18797030,1013,2173825.40000000,7820.73656260,0
1769475600000000,0.00360300,0.00362600,0.00358600,0.00361200,4592254.40000000,1769479199999999,16544.25217620,1023,2574311.30000000,9276.99193560,0
1769479200000000,0.00361500,0.00363200,0.00360400,0.00361900,5352575.60000000,1769482799999999,19363.40793450,985,2878128.30000000,10413.99268970,0
1769482800000000,0.00362000,0.00364100,0.00359300,0.00360000,5786893.60000000,1769486399999999,20904.27479470,1279,3263380.70000000,11794.30862410,0
1769486400000000,0.00359900,0.00361800,0.00358400,0.00359000,4366098.00000000,1769489999999999,15722.84094390,981,2096887.40000000,7551.80327330,0
1769490000000000,0.00359200,0.00359500,0.00357900,0.00358300,5187122.30000000,1769493599999999,18604.47034490,1224,2710551.20000000,9722.54262060,0
1769493600000000,0.00358300,0.00359800,0.00357300,0.00358400,5220381.40000000,1769497199999999,18709.42173760,986,3185282.10000000,11419.43634620,0
1769497200000000,0.00358400,0.00361100,0.00358200,0.00361000,3779134.10000000,1769500799999999,13580.07327680,886,1913766.40000000,6877.41145820,0
1769500800000000,0.00361200,0.00361600,0.00358100,0.00359700,5482048.00000000,1769504399999999,19705.66813860,980,2236177.40000000,8040.88854980,0
1769504400000000,0.00359600,0.00359700,0.00357500,0.00357800,4099829.60000000,1769507999999999,14700.11697750,950,2067549.90000000,7414.47952250,0
1769508000000000,0.00357700,0.00358000,0.00356300,0.00356700,3734534.90000000,1769511599999999,13338.19404330,818,1916411.40000000,6845.18093950,0
1769511600000000,0.00356600,0.00358700,0.00356400,0.00357400,4940439.70000000,1769515199999999,17648.37997380,984,2710493.00000000,9683.37630890,0
1769515200000000,0.00357500,0.00360500,0.00348000,0.00349700,15865513.00000000,1769518799999999,56326.72380870,2493,7272354.80000000,25857.09250240,0
1769518800000000,0.00349700,0.00350700,0.00346200,0.00347600,8482537.20000000,1769522399999999,29513.28207200,1308,3532060.70000000,12295.91448100,0
1769522400000000,0.00347800,0.00351400,0.00346300,0.00348000,8024379.60000000,1769525999999999,27976.69230200,1561,4378798.10000000,15269.63023880,0
1769526000000000,0.00348000,0.00351700,0.00346900,0.00350200,6304143.40000000,1769529599999999,22000.26663860,1494,3389682.20000000,11831.86512910,0
1769529600000000,0.00350200,0.00355300,0.00349600,0.00354600,10426159.40000000,1769533199999999,36719.71941110,2103,6425880.50000000,22605.51420180,0
1769533200000000,0.00354600,0.00354700,0.00347200,0.00349100,5913028.10000000,1769536799999999,20675.86397470,1599,3064691.30000000,10716.33452310,0
1769536800000000,0.00348900,0.00354600,0.00348300,0.00353900,6823721.60000000,1769540399999999,23922.10378690,1757,3183196.60000000,11162.53565630,0
1769540400000000,0.00353700,0.00354300,0.00351600,0.00353800,3907677.90000000,1769543999999999,13793.66187660,981,1993324.80000000,7037.09251340,0
1769544000000000,0.00353800,0.00358600,0.00353000,0.00357900,6675883.10000000,1769547599999999,23775.33117610,1593,3247432.30000000,11567.35183340,0
1769547600000000,0.00357900,0.00358300,0.00355100,0.00356200,4581216.50000000,1769551199999999,16335.88593200,1098,2271496.20000000,8099.52541340,0
1769551200000000,0.00356300,0.00358700,0.00356300,0.00358300,3055148.80000000,1769554799999999,10920.74553190,849,1651197.80000000,5903.49542400,0
1769554800000000,0.00358300,0.00359200,0.00357400,0.00358100,3868816.20000000,1769558399999999,13858.30181540,1059,1972270.70000000,7065.74039400,0
1769558400000000,0.00358100,0.00358700,0.00355400,0.00357900,4628579.30000000,1769561999999999,16535.92126890,964,2596497.60000000,9277.16518100,0
1769562000000000,0.00357900,0.00358200,0.00353500,0.00355300,4780839.60000000,1769565599999999,17003.57366980,1071,2426467.80000000,8632.44618320,0
1769565600000000,0.00355100,0.00355900,0.00353500,0.00355800,4292933.10000000,1769569199999999,15225.83715130,1091,2260395.20000000,8017.33913360,0
1769569200000000,0.00355800,0.00358600,0.00354900,0.00355200,4703034.30000000,1769572799999999,16766.31533280,1139,2197951.40000000,7837.80058030,0
1769572800000000,0.00355200,0.00356500,0.00351600,0.00353700,5234191.40000000,1769576399999999,18529.16138630,1152,2523676.70000000,8934.12827470,0
1769576400000000,0.00353800,0.00354600,0.00351700,0.00354100,3401258.30000000,1769579999999999,12024.98954850,893,1866366.00000000,6598.91683340,0
1769580000000000,0.00354200,0.00357100,0.00354200,0.00356200,5006176.70000000,1769583599999999,17807.96132320,1182,2501356.70000000,8898.14415270,0
1769583600000000,0.00356200,0.00358500,0.00356200,0.00357200,3651497.80000000,1769587199999999,13046.01134960,820,1940853.50000000,6935.73303400,0
1769587200000000,0.00357200,0.00358200,0.00354700,0.00355400,4078414.00000000,1769590799999999,14528.67510210,907,2101849.10000000,7487.77996930,0
1769590800000000,0.00355300,0.00358100,0.00354100,0.00357800,6752375.60000000,1769594399999999,24046.33028610,1288,3127243.10000000,11133.29039710,0
1769594400000000,0.00357900,0.00358700,0.00355000,0.00356000,4004290.00000000,1769597999999999,14291.89829870,920,1823826.40000000,6510.92994000,0
1769598000000000,0.00355900,0.00358200,0.00354800,0.00358200,4517579.90000000,1769601599999999,16082.98939440,1042,2235589.40000000,7961.16017100,0
1769601600000000,0.00358000,0.00358100,0.00353000,0.00354300,7225096.20000000,1769605199999999,25726.03510330,1330,2667524.00000000,9491.35508790,0
1769605200000000,0.00354600,0.00357100,0.00354100,0.00355200,7926289.40000000,1769608799999999,28178.72726820,1549,4529011.30000000,16104.58713430,0
1769608800000000,0.00355000,0.00355400,0.00353000,0.00353500,8885249.20000000,1769612399999999,31454.42790820,2009,5237156.90000000,18537.08681960,0
1769612400000000,0.00353600,0.00354500,0.00350000,0.00351600,7699351.00000000,1769615999999999,27074.78617960,1566,4049252.90000000,14239.38360870,0
1769616000000000,0.00351800,0.00353800,0.00350300,0.00351300,6406803.00000000,1769619599999999,22548.37369470,1357,3099239.50000000,10910.53304870,0
1769619600000000,0.00351400,0.00354700,0.00349300,0.00353500,5115953.80000000,1769623199999999,18013.12882170,1192,2662304.30000000,9374.76263490,0
1769623200000000,0.00353400,0.00353500,0.00350600,0.00351600,4794358.60000000,1769626799999999,16858.66505570,1081,2251188.50000000,7916.97098270,0
1769626800000000,0.00351600,0.00354300,0.00348800,0.00353200,7869942.50000000,1769630399999999,27654.43063890,1443,3765979.40000000,13231.48421740,0
1769630400000000,0.00353000,0.00356700,0.00352700,0.00353300,4740095.70000000,1769633999999999,16798.18504330,1173,2444029.40000000,8662.52636500,0
1769634000000000,0.00353700,0.00355800,0.00350500,0.00353600,4823945.60000000,1769637599999999,17042.90719990,1167,2306481.10000000,8147.19070270,0
1769637600000000,0.00353700,0.00356000,0.00352100,0.00355700,3461982.80000000,1769641199999999,12255.42790400,816,1794410.00000000,6353.04558780,0
1769641200000000,0.00356000,0.00356300,0.00352700,0.00353000,4653941.70000000,1769644799999999,16474.90315670,910,2347086.20000000,8309.17837860,0
1769644800000000,0.00353000,0.00353800,0.00346000,0.00347100,9148775.80000000,1769648399999999,31910.13715180,1790,4719421.00000000,16454.65365250,0
1769648400000000,0.00347000,0.00348200,0.00341400,0.00343300,8764793.60000000,1769651999999999,30246.16746300,1542,3718386.10000000,12824.36296730,0
1769652000000000,0.00343200,0.00344300,0.00336300,0.00337700,9909184.70000000,1769655599999999,33679.05214300,1911,4516744.00000000,15365.85805630,0
1769655600000000,0.00337800,0.00340000,0.00336700,0.00338400,4771004.70000000,1769659199999999,16159.36148190,1149,2515265.30000000,8517.84813070,0
1769659200000000,0.00338200,0.00340800,0.00336300,0.00339300,7031273.50000000,1769662799999999,23827.93419160,1038,3591580.50000000,12176.85654480,0
1769662800000000,0.00339900,0.00340200,0.00338200,0.00339400,4141910.10000000,1769666399999999,14055.86219660,849,2286020.40000000,7759.06162280,0
1769666400000000,0.00339400,0.00341200,0.00338600,0.00340600,4865516.10000000,1769669999999999,16544.68588290,1068,2736263.70000000,9305.28252380,0
1769670000000000,0.00340700,0.00343500,0.00340400,0.00341100,6727938.00000000,1769673599999999,23035.05600870,1207,3882227.10000000,13295.77831440,0
1769673600000000,0.00341000,0.00342500,0.00338900,0.00339100,5271980.50000000,1769677199999999,17933.60297070,1027,2503090.60000000,8516.25603650,0
1769677200000000,0.00339000,0.00340400,0.00338800,0.00339700,3220060.70000000,1769680799999999,10934.80451630,777,1703315.60000000,5784.45606290,0
1769680800000000,0.00339600,0.00340300,0.00339000,0.00339800,2206719.40000000,1769684399999999,7493.98315250,519,1176321.70000000,3995.10409320,0
1769684400000000,0.00339600,0.00339600,0.00336200,0.00336200,5682601.60000000,1769687999999999,19185.60267190,1088,2897722.30000000,9786.16086130,0
1769688000000000,0.00336200,0.00337300,0.00333000,0.00334100,6043101.50000000,1769691599999999,20253.58800100,1009,2509108.40000000,8410.14645230,0
1769691600000000,0.00334200,0.00335900,0.00333900,0.00335000,4344369.70000000,1769695199999999,14542.37700920,796,2246980.60000000,7522.12290310,0
1769695200000000,0.00335000,0.00335900,0.00324700,0.00324900,14512700.20000000,1769698799999999,47938.24613020,2183,7540140.00000000,24916.84963160,0
1769698800000000,0.00324800,0.00324800,0.00308900,0.00317900,25920448.50000000,1769702399999999,82237.25536360,3557,12284164.70000000,38889.27329560,0
1769702400000000,0.00317700,0.00322800,0.00314400,0.00322500,8771841.40000000,1769705999999999,27942.81090660,1526,4738940.80000000,15105.14585720,0
1769706000000000,0.00322500,0.00327500,0.00319400,0.00320400,7470117.30000000,1769709599999999,24165.77128840,1499,4038419.20000000,13061.49199740,0
1769709600000000,0.00320300,0.00320800,0.00314000,0.00314400,8274679.60000000,1769713199999999,26280.78625330,1527,3754524.00000000,11919.42819010,0
1769713200000000,0.00314400,0.00320100,0.00313300,0.00318600,7497561.30000000,1769716799999999,23789.14147680,1300,3748996.20000000,11885.60804400,0
1769716800000000,0.00318700,0.00322600,0.00317300,0.00322300,4626143.10000000,1769720399999999,14776.99715710,878,2338887.70000000,7472.48232760,0
1769720400000000,0.00322200,0.00324400,0.00320600,0.00322800,6637815.30000000,1769723999999999,21397.30730270,989,2747587.10000000,8861.65401020,0
1769724000000000,0.00322700,0.00324300,0.00320700,0.00321500,3202665.20000000,1769727599999999,10330.71070370,653,1656840.20000000,5345.26514880,0
1769727600000000,0.00321600,0.00323000,0.00319800,0.00321100,4128989.50000000,1769731199999999,13266.40968150,989,2127032.10000000,6834.11867350,0
1769731200000000,0.00321100,0.00321400,0.00318500,0.00319200,5889070.10000000,1769734799999999,18833.50998950,1346,2742953.40000000,8771.16902200,0
1769734800000000,0.00319100,0.00321000,0.00304400,0.00314500,19838046.80000000,1769738399999999,62412.90142110,3176,11890718.60000000,37490.20580190,0
1769738400000000,0.00314100,0.00314500,0.00307600,0.00312100,11040564.10000000,1769741999999999,34374.91073950,2413,4809503.40000000,14984.11724470,0
1769742000000000,0.00312200,0.00313000,0.00309400,0.00309800,6452393.60000000,1769745599999999,20089.20688180,1365,3513937.70000000,10948.31652540,0
1769745600000000,0.00309700,0.00312500,0.00308300,0.00310500,9417109.40000000,1769749199999999,29252.96085870,1655,3475794.40000000,10801.74504960,0
1769749200000000,0.00310500,0.00311600,0.00307800,0.00308900,12829552.80000000,1769752799999999,39728.47816540,1623,6189046.60000000,19175.34043900,0
1769752800000000,0.00308800,0.00309400,0.00302600,0.00305800,19175725.70000000,1769756399999999,58609.84552670,2048,7686465.90000000,23487.25696580,0
1769756400000000,0.00305700,0.00313100,0.00305700,0.00311400,10683423.20000000,1769759999999999,33166.30337460,1818,5261065.00000000,16317.95728340,0
1769760000000000,0.00311500,0.00315800,0.00310900,0.00313300,12560482.90000000,1769763599999999,39320.49817040,1996,5093168.50000000,15950.39032500,0
1769763600000000,0.00313200,0.00314100,0.00310100,0.00311700,7595903.30000000,1769767199999999,23696.25640230,1614,3181546.50000000,9929.23270400,0
1769767200000000,0.00311700,0.00314700,0.00311000,0.00313700,4224220.00000000,1769770799999999,13223.34685510,918,1992416.70000000,6240.32404650,0
1769770800000000,0.00313700,0.00317500,0.00312300,0.00315500,5273451.70000000,1769774399999999,16558.83378910,1123,2144125.60000000,6735.71587280,0
1769774400000000,0.00316200,0.00316300,0.00313300,0.00313900,3550752.00000000,1769777999999999,11184.22338230,871,1449414.70000000,4565.59013450,0
1769778000000000,0.00313900,0.00315000,0.00310700,0.00311200,5196017.70000000,1769781599999999,16258.22188970,1183,1724112.60000000,5396.78387290,0
1769781600000000,0.00311400,0.00315700,0.00310800,0.00311500,5927695.60000000,1769785199999999,18560.42422090,1477,2315680.90000000,7251.20025390,0
1769785200000000,0.00311600,0.00314600,0.00307800,0.00312900,9832886.70000000,1769788799999999,30592.66294130,1617,2728089.10000000,8513.96868900,0
1769788800000000,0.00312600,0.00317700,0.00312000,0.00315000,5642832.80000000,1769792399999999,17778.90786770,1231,3123043.00000000,9835.25820810,0
1769792400000000,0.00315200,0.00319100,0.00312700,0.00316400,4743188.00000000,1769795999999999,15005.36950440,1000,2414312.90000000,7643.43124390,0
1769796000000000,0.00316400,0.00322000,0.00309100,0.00320500,7804845.30000000,1769799599999999,24628.09663320,1793,4095081.50000000,12948.98993510,0
1769799600000000,0.00320800,0.00322600,0.00318900,0.00319600,4973248.90000000,1769803199999999,15942.61870470,1176,2587701.20000000,8293.46171860,0
1769803200000000,0.00319600,0.00320400,0.00314700,0.00316800,9939288.80000000,1769806799999999,31558.55630480,1781,4786144.90000000,15203.04163790,0
1769806800000000,0.00317000,0.00319600,0.00316000,0.00318700,4801265.10000000,1769810399999999,15253.15275210,1015,2399588.10000000,7626.69857820,0
1769810400000000,0.00318500,0.00321800,0.00317700,0.00321100,3025811.70000000,1769813999999999,9675.06056520,773,1528072.80000000,4886.27368640,0
1769814000000000,0.00321100,0.00321900,0.00318800,0.00320700,4064919.70000000,1769817599999999,13016.35719610,981,2112281.40000000,6767.15881260,0
1769817600000000,0.00320700,0.00321400,0.00319500,0.00319900,4233235.60000000,1769821199999999,13563.47539330,875,1895141.70000000,6073.09685750,0
1769821200000000,0.00319900,0.00321700,0.00319700,0.00320500,4375656.10000000,1769824799999999,14025.91998110,917,2168632.60000000,6952.77315410,0
1769824800000000,0.00320600,0.00323500,0.00319700,0.00322300,5411094.40000000,1769828399999999,17377.79506970,1042,2914848.30000000,9363.05948010,0
1769828400000000,0.00322100,0.00322800,0.00319900,0.00320200,4454160.40000000,1769831999999999,14302.50916480,960,2035708.00000000,6539.81597720,0
1769832000000000,0.00319900,0.00320900,0.00317700,0.00318900,4930642.90000000,1769835599999999,15746.82027960,1012,2403216.80000000,7677.85926930,0
1769835600000000,0.00318900,0.00322200,0.00318600,0.00321500,7143251.10000000,1769839199999999,22923.42144340,1128,3265054.40000000,10471.73529240,0
1769839200000000,0.00321500,0.00323000,0.00316500,0.00318800,8814879.40000000,1769842799999999,28204.51082770,1297,4687697.70000000,15006.52530360,0
1769842800000000,0.00318800,0.00320500,0.00314500,0.00317300,10919442.00000000,1769846399999999,34673.86643070,1560,5909887.70000000,18774.58683840,0
1769846400000000,0.00317400,0.00318000,0.00309700,0.00312800,16033956.10000000,1769849999999999,50177.54216530,2325,7844775.90000000,24550.92551940,0
1769850000000000,0.00312800,0.00314900,0.00311700,0.00311700,4778763.00000000,1769853599999999,14974.78235160,994,2324321.70000000,7284.90579600,0
1769853600000000,0.00311700,0.00313300,0.00310000,0.00311600,4483815.00000000,1769857199999999,13969.30482520,753,2233509.70000000,6962.07072320,0
1769857200000000,0.00311600,0.00311800,0.00309800,0.00310500,3784755.40000000,1769860799999999,11761.26245400,874,1777812.80000000,5525.31736990,0
1769860800000000,0.00310400,0.00312800,0.00309500,0.00311500,10313607.30000000,1769864399999999,32076.92925040,1473,5058172.50000000,15730.95962440,0
1769864400000000,0.00311600,0.00311900,0.00309000,0.00310300,5320307.80000000,1769867999999999,16517.91304460,1141,2415547.10000000,7500.37953860,0
1769868000000000,0.00310300,0.00310700,0.00290500,0.00298000,17924768.10000000,1769871599999999,53380.37989210,3443,7602121.90000000,22662.79358320,0
1769871600000000,0.00297800,0.00301800,0.00293000,0.00294900,34644723.90000000,1769875199999999,102745.46027060,4131,12652169.20000000,37537.85121710,0
1769875200000000,0.00294700,0.00298400,0.00287900,0.00289600,16228381.30000000,1769878799999999,47568.02548510,2691,5811039.50000000,17045.96629600,0
1769878800000000,0.00289600,0.00290400,0.00274300,0.00281300,27191713.90000000,1769882399999999,76402.20597650,4001,13843374.40000000,38865.56103260,0
1769882400000000,0.00281300,0.00283000,0.00265200,0.00278900,24245661.40000000,1769885999999999,67230.75855810,3129,12199967.70000000,33770.18089030,0
1769886000000000,0.00279000,0.00284500,0.00277200,0.00280700,12575950.30000000,1769889599999999,35375.49626950,2217,6256629.80000000,17589.14220740,0
1769889600000000,0.00280500,0.00285500,0.00279500,0.00284500,7456377.40000000,1769893199999999,21024.67557270,1523,3669767.90000000,10349.71677000,0
1769893200000000,0.00284300,0.00293000,0.00283500,0.00290900,11194723.40000000,1769896799999999,32323.21337230,1718,5656012.60000000,16327.02573540,0
1769896800000000,0.00291000,0.00292200,0.00289100,0.00290600,5278220.50000000,1769900399999999,15341.56767730,1105,2435404.00000000,7080.94497080,0
1769900400000000,0.00290600,0.00297600,0.00290600,0.00295400,7128819.90000000,1769903999999999,20993.85937230,1306,3987947.90000000,11747.16834120,0
