1756684800000000,0.23150000,0.23250000,0.22960000,0.23110000,2930350.00000000,1756688399999999,677438.35720000,5013,1251424.00000000,289256.42670000,0
1756688400000000,0.23110000,0.23170000,0.22930000,0.23020000,1158357.00000000,1756691999999999,266849.06460000,3025,534979.00000000,123247.44650000,0
1756692000000000,0.23020000,0.23030000,0.22600000,0.22710000,2267119.00000000,1756695599999999,516097.48670000,3926,932408.00000000,212129.03480000,0
1756695600000000,0.22710000,0.22810000,0.22660000,0.22780000,765585.00000000,1756699199999999,174062.78080000,2192,483118.00000000,109853.88850000,0
1756699200000000,0.22770000,0.22820000,0.22460000,0.22530000,1081024.00000000,1756702799999999,244005.26660000,2376,347464.00000000,78468.72670000,0
1756702800000000,0.22530000,0.22780000,0.22470000,0.22700000,1180038.00000000,1756706399999999,266979.46180000,2402,613100.00000000,138777.71110000,0
1756706400000000,0.22700000,0.22800000,0.22530000,0.22710000,1358347.00000000,1756709999999999,307793.64630000,2055,707191.00000000,160159.29620000,0
1756710000000000,0.22720000,0.23520000,0.22630000,0.23520000,3889793.00000000,1756713599999999,897950.90070000,5799,2637165.00000000,608658.84460000,0
1756713600000000,0.23530000,0.23700000,0.23450000,0.23690000,3201593.00000000,1756717199999999,754835.61810000,5937,1255148.00000000,295988.03150000,0
1756717200000000,0.23680000,0.23770000,0.23530000,0.23560000,1482570.00000000,1756720799999999,350825.64940000,3017,578946.00000000,137064.67520000,0
1756720800000000,0.23560000,0.23590000,0.23230000,0.23360000,1400905.00000000,1756724399999999,327325.26860000,3058,621195.00000000,145164.48350000,0
1756724400000000,0.23360000,0.23360000,0.23090000,0.23100000,990387.00000000,1756727999999999,230159.65440000,2340,428482.00000000,99576.43070000,0
1756728000000000,0.23110000,0.23300000,0.23060000,0.23120000,774484.00000000,1756731599999999,179735.62820000,2098,335468.00000000,77834.43040000,0
1756731600000000,0.23120000,0.23230000,0.22900000,0.22920000,1711353.00000000,1756735199999999,395025.51940000,3713,691468.00000000,159451.67190000,0
1756735200000000,0.22930000,0.23100000,0.22760000,0.22880000,1055375.00000000,1756738799999999,241501.30430000,2702,477592.00000000,109376.75940000,0
1756738800000000,0.22870000,0.22990000,0.22690000,0.22730000,697983.00000000,1756742399999999,159301.32460000,2789,319190.00000000,72858.08180000,0
1756742400000000,0.22740000,0.22840000,0.22640000,0.22770000,837284.00000000,1756745999999999,190436.96920000,2453,399428.00000000,90850.70810000,0
1756746000000000,0.22760000,0.22800000,0.22610000,0.22700000,838924.00000000,1756749599999999,190300.12830000,3103,473856.00000000,107509.08160000,0
1756749600000000,0.22690000,0.22950000,0.22690000,0.22910000,1044212.00000000,1756753199999999,238344.65820000,2071,550193.00000000,125604.46090000,0
1756753200000000,0.22910000,0.23020000,0.22870000,0.22960000,714008.00000000,1756756799999999,163790.14100000,2092,209092.00000000,47991.61720000,0
1756756800000000,0.22970000,0.22970000,0.22320000,0.22620000,5997207.00000000,1756760399999999,1353309.15550000,9686,2675819.00000000,603314.94870000,0
1756760400000000,0.22620000,0.22640000,0.22180000,0.22400000,3176736.00000000,1756763999999999,712377.53820000,5315,1540643.00000000,345567.25660000,0
1756764000000000,0.22400000,0.22520000,0.22260000,0.22470000,4990571.00000000,1756767599999999,1116910.59020000,5173,2504052.00000000,560503.81490000,0
1756767600000000,0.22470000,0.22780000,0.22450000,0.22780000,1048878.00000000,1756771199999999,237412.50980000,2545,619655.00000000,140250.67320000,0
1756771200000000,0.22780000,0.22810000,0.22680000,0.22760000,868003.00000000,1756774799999999,197544.00590000,2476,441233.00000000,100443.46270000,0
1756774800000000,0.22760000,0.23040000,0.22670000,0.22910000,1150733.00000000,1756778399999999,262979.83020000,2901,585642.00000000,133781.90780000,0
1756778400000000,0.22910000,0.23230000,0.22880000,0.23230000,834955.00000000,1756781999999999,192401.43370000,2003,450770.00000000,103956.61960000,0
1756782000000000,0.23230000,0.23350000,0.23140000,0.23210000,1168873.00000000,1756785599999999,271488.07000000,2231,421820.00000000,98024.87350000,0
1756785600000000,0.23220000,0.23280000,0.23150000,0.23240000,825981.00000000,1756789199999999,191704.94730000,1643,372607.00000000,86502.09320000,0
1756789200000000,0.23250000,0.23270000,0.23140000,0.23150000,1106558.00000000,1756792799999999,256685.57240000,1559,473123.00000000,109843.64580000,0
1756792800000000,0.23150000,0.23300000,0.23110000,0.23280000,491192.00000000,1756796399999999,114045.60460000,1219,237093.00000000,55082.53770000,0
1756796400000000,0.23280000,0.23280000,0.23020000,0.23090000,683436.00000000,1756799999999999,158157.50190000,1524,319244.00000000,73850.97410000,0
1756800000000000,0.23100000,0.23310000,0.23060000,0.23220000,1540132.00000000,1756803599999999,356493.56410000,1759,849083.00000000,196541.95410000,0
1756803600000000,0.23210000,0.23320000,0.23160000,0.23200000,719030.00000000,1756807199999999,167095.27330000,1212,294720.00000000,68513.42410000,0
1756807200000000,0.23200000,0.23220000,0.23110000,0.23160000,985712.00000000,1756810799999999,228129.35840000,1413,501643.00000000,116136.52450000,0
1756810800000000,0.23170000,0.23170000,0.23020000,0.23050000,497116.00000000,1756814399999999,114770.84520000,1415,228315.00000000,52733.65830000,0
1756814400000000,0.23050000,0.23080000,0.22570000,0.22590000,2412462.00000000,1756817999999999,549643.01070000,4487,1143557.00000000,260583.05510000,0
1756818000000000,0.22590000,0.23410000,0.22590000,0.23380000,3281785.00000000,1756821599999999,755302.27440000,6955,1677718.00000000,386160.65200000,0
1756821600000000,0.23380000,0.23500000,0.23130000,0.23360000,2354246.00000000,1756825199999999,549261.82490000,5193,1176125.00000000,274435.82060000,0
1756825200000000,0.23350000,0.23360000,0.22690000,0.22730000,2721373.00000000,1756828799999999,626091.08160000,4372,987756.00000000,226894.20290000,0
1756828800000000,0.22740000,0.23000000,0.22720000,0.22930000,990616.00000000,1756832399999999,226674.31190000,2105,505958.00000000,115694.26150000,0
1756832400000000,0.22930000,0.23140000,0.22890000,0.23040000,797857.00000000,1756835999999999,183622.20920000,1749,311976.00000000,71823.42570000,0
1756836000000000,0.23040000,0.23120000,0.22810000,0.23060000,799477.00000000,1756839599999999,183570.22140000,2006,440302.00000000,101117.38480000,0
1756839600000000,0.23050000,0.23140000,0.22890000,0.22980000,927529.00000000,1756843199999999,213388.83180000,2459,448335.00000000,103176.67090000,0
1756843200000000,0.22980000,0.23350000,0.22930000,0.23300000,1294549.00000000,1756846799999999,299996.17290000,2306,595027.00000000,137996.83580000,0
1756846800000000,0.23300000,0.23430000,0.23290000,0.23400000,805713.00000000,1756850399999999,188374.18480000,1457,509297.00000000,119082.35520000,0
1756850400000000,0.23400000,0.23420000,0.23290000,0.23420000,562572.00000000,1756853999999999,131333.03980000,1541,277891.00000000,64883.96830000,0
1756854000000000,0.23410000,0.23420000,0.23270000,0.23330000,1311435.00000000,1756857599999999,305957.81040000,1576,738232.00000000,172152.81680000,0
1756857600000000,0.23340000,0.23420000,0.23200000,0.23240000,749606.00000000,1756861199999999,174752.20570000,1835,357229.00000000,83263.02610000,0
1756861200000000,0.23230000,0.23360000,0.23080000,0.23360000,484356.00000000,1756864799999999,112183.50150000,1393,295267.00000000,68416.27770000,0
1756864800000000,0.23360000,0.23420000,0.23250000,0.23330000,571245.00000000,1756868399999999,133274.18360000,1964,307266.00000000,71696.74990000,0
1756868400000000,0.23320000,0.23370000,0.23140000,0.23260000,1579374.00000000,1756871999999999,367322.30860000,2042,809552.00000000,188284.09060000,0
1756872000000000,0.23260000,0.23300000,0.23160000,0.23200000,263969.00000000,1756875599999999,61269.24890000,883,136844.00000000,31756.87730000,0
1756875600000000,0.23210000,0.23210000,0.23090000,0.23110000,339574.00000000,1756879199999999,78521.44630000,1152,184531.00000000,42674.50260000,0
1756879200000000,0.23110000,0.23240000,0.23010000,0.23140000,434437.00000000,1756882799999999,100427.92780000,1572,181196.00000000,41922.18480000,0
1756882800000000,0.23140000,0.23180000,0.23050000,0.23170000,459028.00000000,1756886399999999,106073.63370000,1592,255642.00000000,59082.20570000,0
1756886400000000,0.23170000,0.23360000,0.23150000,0.23190000,976191.00000000,1756889999999999,227048.52850000,1887,481949.00000000,112129.14860000,0
1756890000000000,0.23200000,0.23350000,0.23110000,0.23350000,713310.00000000,1756893599999999,165583.53320000,1859,396415.00000000,92059.45640000,0
1756893600000000,0.23350000,0.23410000,0.23290000,0.23340000,664486.00000000,1756897199999999,155200.18740000,1489,474073.00000000,110719.78900000,0
1756897200000000,0.23340000,0.23510000,0.23330000,0.23410000,800538.00000000,1756900799999999,187550.04830000,1744,371917.00000000,87164.34850000,0
1756900800000000,0.23410000,0.23540000,0.23220000,0.23240000,1041573.00000000,1756904399999999,243977.87540000,2023,372041.00000000,87129.84630000,0
1756904400000000,0.23250000,0.23580000,0.23220000,0.23410000,1431054.00000000,1756907999999999,335133.67610000,3549,705221.00000000,165076.45780000,0
1756908000000000,0.23420000,0.23690000,0.23350000,0.23610000,1020799.00000000,1756911599999999,239977.38520000,3347,520913.00000000,122475.60100000,0
1756911600000000,0.23610000,0.23670000,0.23560000,0.23630000,1233104.00000000,1756915199999999,291084.84420000,2910,772090.00000000,182226.17340000,0
1756915200000000,0.23620000,0.23660000,0.23360000,0.23390000,810688.00000000,1756918799999999,190835.36840000,1415,501034.00000000,118038.88850000,0
1756918800000000,0.23390000,0.23570000,0.23390000,0.23460000,404951.00000000,1756922399999999,95091.17060000,1344,206381.00000000,48452.08290000,0
1756922400000000,0.23450000,0.23510000,0.23370000,0.23440000,544137.00000000,1756925999999999,127497.01580000,1215,324518.00000000,76037.69710000,0
1756926000000000,0.23430000,0.23500000,0.23360000,0.23480000,478228.00000000,1756929599999999,112012.52120000,1242,323692.00000000,75809.47280000,0
1756929600000000,0.23490000,0.23500000,0.23390000,0.23430000,367326.00000000,1756933199999999,86133.00170000,917,129524.00000000,30370.38690000,0
1756933200000000,0.23430000,0.23460000,0.23300000,0.23440000,511469.00000000,1756936799999999,119615.68400000,1127,264107.00000000,61754.41170000,0
1756936800000000,0.23430000,0.23500000,0.23320000,0.23390000,782784.00000000,1756940399999999,183189.18830000,1378,363807.00000000,85174.91970000,0
1756940400000000,0.23380000,0.23390000,0.23240000,0.23290000,320702.00000000,1756943999999999,74767.00880000,866,198000.00000000,46162.84590000,0
1756944000000000,0.23290000,0.23420000,0.23290000,0.23350000,714352.00000000,1756947599999999,166846.20120000,1844,360823.00000000,84271.52560000,0
1756947600000000,0.23360000,0.23360000,0.23230000,0.23320000,1131692.00000000,1756951199999999,263444.37310000,1656,512866.00000000,119388.42350000,0
1756951200000000,0.23330000,0.23330000,0.23140000,0.23190000,873329.00000000,1756954799999999,202863.85130000,1262,282628.00000000,65668.14430000,0
1756954800000000,0.23200000,0.23210000,0.23060000,0.23080000,1367794.00000000,1756958399999999,316651.03300000,1719,829401.00000000,191995.25800000,0
1756958400000000,0.23090000,0.23170000,0.23040000,0.23090000,799539.00000000,1756961999999999,184796.40820000,1292,413796.00000000,95654.67920000,0
1756962000000000,0.23090000,0.23090000,0.22840000,0.22940000,1088601.00000000,1756965599999999,249739.69780000,2322,426097.00000000,97779.85150000,0
1756965600000000,0.22940000,0.22940000,0.22810000,0.22830000,571780.00000000,1756969199999999,130795.27120000,1463,248425.00000000,56827.75740000,0
1756969200000000,0.22830000,0.22950000,0.22830000,0.22900000,580728.00000000,1756972799999999,132954.56010000,1129,238226.00000000,54581.53910000,0
1756972800000000,0.22900000,0.23060000,0.22880000,0.22920000,423544.00000000,1756976399999999,97306.28720000,1116,200337.00000000,46002.98050000,0
1756976400000000,0.22930000,0.22980000,0.22900000,0.22960000,211873.00000000,1756979999999999,48616.09940000,716,135782.00000000,31154.13410000,0
1756980000000000,0.22960000,0.23060000,0.22930000,0.22950000,519121.00000000,1756983599999999,119382.77060000,964,193362.00000000,44465.73140000,0
1756983600000000,0.22950000,0.23120000,0.22910000,0.22990000,459410.00000000,1756987199999999,105823.06430000,1326,199578.00000000,45951.46850000,0
1756987200000000,0.22990000,0.23120000,0.22870000,0.23030000,723850.00000000,1756990799999999,166563.71200000,2054,377430.00000000,86872.02990000,0
1756990800000000,0.23030000,0.23030000,0.22760000,0.22880000,861144.00000000,1756994399999999,197245.29680000,2288,343052.00000000,78577.70100000,0
1756994400000000,0.22870000,0.22910000,0.22620000,0.22770000,1287806.00000000,1756997999999999,293005.52460000,3305,661337.00000000,150482.93080000,0
1756998000000000,0.22770000,0.22780000,0.22560000,0.22630000,1105046.00000000,1757001599999999,250050.21670000,2357,509729.00000000,115362.18850000,0
1757001600000000,0.22620000,0.22700000,0.22580000,0.22680000,847198.00000000,1757005199999999,191726.86770000,2088,655824.00000000,148418.77230000,0
1757005200000000,0.22680000,0.22740000,0.22610000,0.22650000,299255.00000000,1757008799999999,67917.43960000,1221,127641.00000000,28977.15690000,0
1757008800000000,0.22650000,0.22740000,0.22490000,0.22590000,587034.00000000,1757012399999999,132748.75850000,1705,247538.00000000,56004.78880000,0
1757012400000000,0.22590000,0.22690000,0.22510000,0.22540000,277059.00000000,1757015999999999,62566.82630000,1054,122705.00000000,27715.64950000,0
1757016000000000,0.22540000,0.22740000,0.22530000,0.22690000,481490.00000000,1757019599999999,109032.06250000,1226,276847.00000000,62648.08310000,0
1757019600000000,0.22690000,0.22800000,0.22680000,0.22790000,247362.00000000,1757023199999999,56245.85670000,750,144125.00000000,32777.38200000,0
1757023200000000,0.22780000,0.22990000,0.22780000,0.22950000,825912.00000000,1757026799999999,188803.62120000,1376,376889.00000000,86243.30750000,0
1757026800000000,0.22950000,0.23010000,0.22720000,0.22730000,603537.00000000,1757030399999999,137844.40320000,1127,189373.00000000,43295.47630000,0
1757030400000000,0.22720000,0.22890000,0.22710000,0.22740000,926998.00000000,1757033999999999,211369.45290000,1812,435043.00000000,99247.56970000,0
1757034000000000,0.22740000,0.22960000,0.22710000,0.22950000,611253.00000000,1757037599999999,139566.12880000,1241,377426.00000000,86160.70100000,0
1757037600000000,0.22950000,0.23050000,0.22910000,0.23020000,657306.00000000,1757041199999999,150890.52570000,1543,261934.00000000,60142.55880000,0
1757041200000000,0.23010000,0.23020000,0.22910000,0.23020000,396330.00000000,1757044799999999,90990.20870000,757,193628.00000000,44474.35250000,0
1757044800000000,0.23000000,0.23060000,0.22930000,0.23050000,153810.00000000,1757048399999999,35372.32570000,511,66187.00000000,15224.02260000,0
1757048400000000,0.23060000,0.23110000,0.23030000,0.23090000,225388.00000000,1757051999999999,52024.92050000,718,135687.00000000,31322.21320000,0
1757052000000000,0.23080000,0.23110000,0.23020000,0.23100000,399023.00000000,1757055599999999,92023.06620000,1106,148945.00000000,34358.97720000,0
1757055600000000,0.23100000,0.23460000,0.23090000,0.23430000,1393236.00000000,1757059199999999,323960.39260000,2709,639176.00000000,148659.31780000,0
1757059200000000,0.23430000,0.23440000,0.23290000,0.23320000,1022632.00000000,1757062799999999,238837.39810000,2367,357641.00000000,83520.75330000,0
1757062800000000,0.23330000,0.23330000,0.23120000,0.23230000,822059.00000000,1757066399999999,190759.77790000,1993,373753.00000000,86698.76410000,0
1757066400000000,0.23230000,0.23310000,0.23170000,0.23180000,458226.00000000,1757069999999999,106427.81490000,1391,258028.00000000,59932.47480000,0
1757070000000000,0.23180000,0.23280000,0.23160000,0.23280000,394239.00000000,1757073599999999,91556.29060000,1288,227687.00000000,52885.37060000,0
1757073600000000,0.23280000,0.23580000,0.23190000,0.23510000,5841632.00000000,1757077199999999,1365877.49030000,11904,2956059.00000000,691066.69160000,0
1757077200000000,0.23510000,0.23620000,0.23420000,0.23480000,2419009.00000000,1757080799999999,568879.06070000,4609,972032.00000000,228562.55100000,0
1757080800000000,0.23480000,0.23480000,0.22670000,0.22760000,6155008.00000000,1757084399999999,1413649.54820000,11959,2721182.00000000,625349.51470000,0
1757084400000000,0.22770000,0.23040000,0.22730000,0.22960000,1356724.00000000,1757087999999999,311124.61900000,2816,672716.00000000,154311.42010000,0
1757088000000000,0.22960000,0.23000000,0.22870000,0.22930000,469689.00000000,1757091599999999,107696.46220000,1446,277882.00000000,63717.70820000,0
1757091600000000,0.22930000,0.22930000,0.22740000,0.22780000,551095.00000000,1757095199999999,125811.34490000,2004,204635.00000000,46720.95360000,0
1757095200000000,0.22770000,0.22960000,0.22700000,0.22930000,671258.00000000,1757098799999999,153170.32090000,1803,445276.00000000,101566.60570000,0
1757098800000000,0.22930000,0.23110000,0.22910000,0.23110000,1311650.00000000,1757102399999999,301716.90620000,2335,590694.00000000,135939.76540000,0
1757102400000000,0.23110000,0.23220000,0.23060000,0.23220000,612472.00000000,1757105999999999,141684.27230000,1823,307927.00000000,71220.66490000,0
1757106000000000,0.23220000,0.23230000,0.22950000,0.23020000,1665957.00000000,1757109599999999,384636.94330000,4140,822832.00000000,189975.45560000,0
1757109600000000,0.23020000,0.23120000,0.22980000,0.23080000,503294.00000000,1757113199999999,115929.93540000,1277,251015.00000000,57832.12050000,0
1757113200000000,0.23080000,0.23110000,0.22940000,0.22940000,392235.00000000,1757116799999999,90313.49740000,1050,168600.00000000,38846.00100000,0
1757116800000000,0.22950000,0.23050000,0.22920000,0.23000000,603432.00000000,1757120399999999,138592.43320000,1381,335394.00000000,77016.98700000,0
1757120400000000,0.22990000,0.23020000,0.22910000,0.22930000,307742.00000000,1757123999999999,70683.87210000,924,122347.00000000,28099.78940000,0
1757124000000000,0.22940000,0.22950000,0.22830000,0.22950000,422168.00000000,1757127599999999,96625.11640000,871,234399.00000000,53635.07580000,0
1757127600000000,0.22940000,0.22990000,0.22920000,0.22940000,193574.00000000,1757131199999999,44443.87060000,687,131401.00000000,30170.46430000,0
1757131200000000,0.22940000,0.22940000,0.22800000,0.22860000,288200.00000000,1757134799999999,65864.27580000,995,206315.00000000,47145.93680000,0
1757134800000000,0.22850000,0.22850000,0.22740000,0.22760000,493819.00000000,1757138399999999,112547.57350000,924,237374.00000000,54125.08860000,0
1757138400000000,0.22760000,0.22820000,0.22760000,0.22780000,254582.00000000,1757141999999999,58021.53550000,591,171382.00000000,39059.02080000,0
1757142000000000,0.22780000,0.22800000,0.22720000,0.22760000,235527.00000000,1757145599999999,53598.90870000,499,139810.00000000,31828.63910000,0
1757145600000000,0.22760000,0.22800000,0.22720000,0.22740000,387305.00000000,1757149199999999,88143.19930000,793,206209.00000000,46935.79710000,0
1757149200000000,0.22750000,0.22830000,0.22680000,0.22800000,702546.00000000,1757152799999999,159796.63200000,1711,516500.00000000,117487.27290000,0
1757152800000000,0.22790000,0.22830000,0.22700000,0.22810000,444167.00000000,1757156399999999,101106.71770000,1395,204131.00000000,46495.18100000,0
1757156400000000,0.22810000,0.22810000,0.22690000,0.22770000,439152.00000000,1757159999999999,99821.60640000,1124,202066.00000000,45943.59190000,0
1757160000000000,0.22770000,0.22830000,0.22700000,0.22710000,452260.00000000,1757163599999999,102924.92120000,1025,225704.00000000,51397.93630000,0
1757163600000000,0.22710000,0.22760000,0.22670000,0.22740000,385549.00000000,1757167199999999,87585.17740000,951,227426.00000000,51669.12440000,0
1757167200000000,0.22730000,0.22820000,0.22730000,0.22770000,661912.00000000,1757170799999999,150841.11800000,1117,221154.00000000,50403.85450000,0
1757170800000000,0.22770000,0.22780000,0.22610000,0.22630000,864270.00000000,1757174399999999,196196.58470000,1619,355847.00000000,80761.01830000,0
1757174400000000,0.22620000,0.22800000,0.22550000,0.22730000,1046043.00000000,1757177999999999,237107.15420000,1798,544962.00000000,123592.61850000,0
1757178000000000,0.22740000,0.22750000,0.22560000,0.22590000,354639.00000000,1757181599999999,80333.26310000,804,197664.00000000,44772.16020000,0
1757181600000000,0.22600000,0.22700000,0.22560000,0.22600000,565172.00000000,1757185199999999,128009.72250000,1071,397837.00000000,90155.36390000,0
1757185200000000,0.22600000,0.22610000,0.22480000,0.22510000,588239.00000000,1757188799999999,132623.04190000,971,271398.00000000,61190.78520000,0
1757188800000000,0.22500000,0.22680000,0.22480000,0.22680000,342437.00000000,1757192399999999,77234.39580000,988,197055.00000000,44455.83560000,0
1757192400000000,0.22690000,0.22690000,0.22600000,0.22680000,599390.00000000,1757195999999999,135740.48710000,1229,376375.00000000,85247.40330000,0
1757196000000000,0.22680000,0.22790000,0.22670000,0.22710000,817275.00000000,1757199599999999,185683.29180000,1833,482034.00000000,109526.32200000,0
1757199600000000,0.22710000,0.22800000,0.22680000,0.22720000,298003.00000000,1757203199999999,67746.19990000,782,226203.00000000,51422.60110000,0
1757203200000000,0.22730000,0.22810000,0.22710000,0.22780000,526388.00000000,1757206799999999,119803.01790000,899,247851.00000000,56398.89630000,0
1757206800000000,0.22780000,0.22910000,0.22770000,0.22880000,630804.00000000,1757210399999999,144060.55130000,985,371576.00000000,84861.71860000,0
1757210400000000,0.22880000,0.22950000,0.22840000,0.22940000,238796.00000000,1757213999999999,54679.87570000,604,155662.00000000,35645.75610000,0
1757214000000000,0.22940000,0.22990000,0.22900000,0.22950000,322306.00000000,1757217599999999,73924.76630000,642,150677.00000000,34557.21070000,0
1757217600000000,0.22950000,0.22960000,0.22920000,0.22950000,207663.00000000,1757221199999999,47646.58780000,531,102882.00000000,23606.69600000,0
1757221200000000,0.22960000,0.23010000,0.22920000,0.23010000,431040.00000000,1757224799999999,98951.02640000,699,325598.00000000,74747.59230000,0
1757224800000000,0.23010000,0.23020000,0.22870000,0.22870000,332504.00000000,1757228399999999,76225.97550000,843,168041.00000000,38516.75370000,0
1757228400000000,0.22880000,0.22990000,0.22810000,0.22910000,586742.00000000,1757231999999999,134299.31660000,812,286709.00000000,65653.32330000,0
1757232000000000,0.22920000,0.23200000,0.22920000,0.23140000,844467.00000000,1757235599999999,195240.49990000,1294,375987.00000000,86832.01690000,0
1757235600000000,0.23130000,0.23150000,0.22930000,0.22970000,894457.00000000,1757239199999999,205949.22180000,1667,267099.00000000,61534.66000000,0
1757239200000000,0.22970000,0.23050000,0.22960000,0.23010000,610567.00000000,1757242799999999,140480.29940000,1092,329425.00000000,75814.13970000,0
1757242800000000,0.23010000,0.23140000,0.23000000,0.23130000,567434.00000000,1757246399999999,130737.06080000,1054,271862.00000000,62643.35460000,0
1757246400000000,0.23130000,0.23150000,0.23020000,0.23040000,397073.00000000,1757249999999999,91598.59010000,1120,200726.00000000,46286.47390000,0
1757250000000000,0.23040000,0.23170000,0.23030000,0.23150000,448696.00000000,1757253599999999,103663.95590000,1020,212228.00000000,49037.47470000,0
1757253600000000,0.23150000,0.23290000,0.23040000,0.23140000,2944817.00000000,1757257199999999,682382.60950000,5779,1358604.00000000,314801.06600000,0
1757257200000000,0.23130000,0.23190000,0.23070000,0.23190000,618822.00000000,1757260799999999,143147.32900000,1166,373797.00000000,86493.08810000,0
1757260800000000,0.23180000,0.23200000,0.23010000,0.23010000,580080.00000000,1757264399999999,133864.56510000,1238,276830.00000000,63883.06360000,0
1757264400000000,0.23010000,0.23020000,0.22880000,0.22890000,578069.00000000,1757267999999999,132701.87200000,1395,263239.00000000,60430.07940000,0
1757268000000000,0.22890000,0.22920000,0.22780000,0.22840000,435171.00000000,1757271599999999,99419.27440000,972,199929.00000000,45691.14770000,0
1757271600000000,0.22840000,0.22940000,0.22780000,0.22870000,414741.00000000,1757275199999999,94658.31700000,1047,183387.00000000,41886.67800000,0
1757275200000000,0.22870000,0.22980000,0.22820000,0.22980000,379405.00000000,1757278799999999,86779.23510000,1068,232082.00000000,53100.28830000,0
1757278800000000,0.22990000,0.23000000,0.22940000,0.22960000,916119.00000000,1757282399999999,210476.15770000,1083,513882.00000000,118032.55680000,0
1757282400000000,0.22960000,0.23110000,0.22960000,0.23100000,483881.00000000,1757285999999999,111435.14680000,1185,313121.00000000,72102.81170000,0
1757286000000000,0.23100000,0.23220000,0.23050000,0.23080000,698459.00000000,1757289599999999,161618.57940000,1382,305998.00000000,70828.62650000,0
1757289600000000,0.23070000,0.23210000,0.23020000,0.23080000,1128723.00000000,1757293199999999,260658.51150000,1991,540985.00000000,124965.02070000,0
1757293200000000,0.23070000,0.23100000,0.23020000,0.23060000,585422.00000000,1757296799999999,135016.94880000,1365,340464.00000000,78525.91860000,0
1757296800000000,0.23060000,0.23340000,0.23020000,0.23330000,842164.00000000,1757300399999999,194786.59430000,2024,490945.00000000,113562.98830000,0
1757300400000000,0.23340000,0.23510000,0.23290000,0.23340000,1882935.00000000,1757303999999999,440636.78230000,2898,834148.00000000,195330.21420000,0
1757304000000000,0.23340000,0.23340000,0.23190000,0.23220000,1054165.00000000,1757307599999999,245124.76930000,2241,480839.00000000,111854.57800000,0
1757307600000000,0.23220000,0.23240000,0.23120000,0.23180000,615530.00000000,1757311199999999,142669.78390000,1570,291009.00000000,67470.06490000,0
1757311200000000,0.23190000,0.23230000,0.23090000,0.23190000,653477.00000000,1757314799999999,151268.64950000,1098,242880.00000000,56255.10290000,0
1757314800000000,0.23180000,0.23300000,0.23160000,0.23200000,535880.00000000,1757318399999999,124481.11080000,1331,267003.00000000,62022.73580000,0
1757318400000000,0.23200000,0.23430000,0.23190000,0.23350000,948309.00000000,1757321999999999,221230.55090000,1827,480562.00000000,112104.96320000,0
1757322000000000,0.23340000,0.23560000,0.23300000,0.23480000,2026865.00000000,1757325599999999,475700.98900000,3026,734525.00000000,172318.41080000,0
1757325600000000,0.23480000,0.23630000,0.23450000,0.23580000,2026143.00000000,1757329199999999,477421.76170000,3253,923314.00000000,217545.34950000,0
1757329200000000,0.23580000,0.23620000,0.23440000,0.23600000,1434590.00000000,1757332799999999,337333.63290000,2434,678257.00000000,159522.20720000,0
1757332800000000,0.23600000,0.23680000,0.23530000,0.23640000,1036721.00000000,1757336399999999,244695.30290000,1989,506997.00000000,119685.79810000,0
1757336400000000,0.23630000,0.23810000,0.23550000,0.23560000,2416166.00000000,1757339999999999,572407.07740000,5249,1097290.00000000,260033.25050000,0
1757340000000000,0.23560000,0.23860000,0.23550000,0.23810000,1165953.00000000,1757343599999999,276813.47010000,3368,659835.00000000,156674.20790000,0
1757343600000000,0.23820000,0.23920000,0.23690000,0.23850000,2963386.00000000,1757347199999999,705225.06800000,3898,1581539.00000000,376457.73160000,0
1757347200000000,0.23850000,0.23890000,0.23640000,0.23690000,2167026.00000000,1757350799999999,514522.18110000,4503,949518.00000000,225445.77090000,0
1757350800000000,0.23690000,0.23810000,0.23580000,0.23630000,1185143.00000000,1757354399999999,280864.14460000,2586,570828.00000000,135364.78830000,0
1757354400000000,0.23640000,0.23750000,0.23580000,0.23730000,563238.00000000,1757357999999999,133326.73750000,1671,316970.00000000,75048.98370000,0
1757358000000000,0.23740000,0.23740000,0.23500000,0.23560000,1113208.00000000,1757361599999999,262807.26270000,2139,695223.00000000,164210.05520000,0
1757361600000000,0.23570000,0.23580000,0.23380000,0.23480000,765684.00000000,1757365199999999,179570.67090000,1783,374542.00000000,87850.62110000,0
1757365200000000,0.23480000,0.23710000,0.23430000,0.23700000,936545.00000000,1757368799999999,220677.61110000,1461,420650.00000000,99121.18240000,0
1757368800000000,0.23710000,0.23840000,0.23670000,0.23690000,1198611.00000000,1757372399999999,284486.76250000,2257,563997.00000000,133893.99160000,0
1757372400000000,0.23690000,0.23730000,0.23590000,0.23630000,749027.00000000,1757375999999999,177257.29320000,1259,349169.00000000,82647.32930000,0
1757376000000000,0.23640000,0.23830000,0.23560000,0.23690000,1058387.00000000,1757379599999999,250682.87520000,2959,618302.00000000,146442.12470000,0
1757379600000000,0.23690000,0.23800000,0.23510000,0.23530000,627547.00000000,1757383199999999,148296.73450000,2262,313649.00000000,74107.70650000,0
1757383200000000,0.23540000,0.23560000,0.23250000,0.23290000,957730.00000000,1757386799999999,224071.37410000,2412,503828.00000000,117942.35380000,0
1757386800000000,0.23290000,0.23550000,0.23260000,0.23540000,746121.00000000,1757390399999999,174543.19380000,2369,453206.00000000,106002.33110000,0
1757390400000000,0.23530000,0.23600000,0.23470000,0.23550000,971899.00000000,1757393999999999,228714.41970000,2155,445071.00000000,104765.92180000,0
1757394000000000,0.23550000,0.23630000,0.23420000,0.23610000,871903.00000000,1757397599999999,204976.60130000,1671,459011.00000000,107975.10330000,0
1757397600000000,0.23610000,0.24100000,0.23610000,0.23990000,2172727.00000000,1757401199999999,519018.58030000,3996,1238260.00000000,296013.58280000,0
1757401200000000,0.24000000,0.24350000,0.24000000,0.24090000,5106731.00000000,1757404799999999,1235066.18460000,6065,3287420.00000000,794820.88270000,0
1757404800000000,0.24100000,0.24270000,0.24050000,0.24180000,1331925.00000000,1757408399999999,321784.54270000,2762,677789.00000000,163854.98540000,0
1757408400000000,0.24190000,0.24310000,0.24140000,0.24160000,1524884.00000000,1757411999999999,369401.59280000,2682,856652.00000000,207482.22550000,0
1757412000000000,0.24170000,0.24260000,0.24030000,0.24090000,2166648.00000000,1757415599999999,522887.18860000,3537,1205840.00000000,290800.81670000,0
1757415600000000,0.24100000,0.24190000,0.24020000,0.24030000,762084.00000000,1757419199999999,183749.05770000,1975,394524.00000000,95137.59130000,0
1757419200000000,0.24030000,0.24210000,0.23830000,0.23860000,2562165.00000000,1757422799999999,616474.53620000,4508,1282595.00000000,308701.98280000,0
1757422800000000,0.23870000,0.24000000,0.23760000,0.23890000,1827143.00000000,1757426399999999,436287.83210000,4509,877346.00000000,209515.97750000,0
1757426400000000,0.23900000,0.23980000,0.23360000,0.23540000,5780514.00000000,1757429999999999,1368549.52800000,11308,2211037.00000000,523272.45900000,0
1757430000000000,0.23530000,0.23570000,0.23150000,0.23290000,2657245.00000000,1757433599999999,619790.41010000,5210,1168836.00000000,272710.22220000,0
1757433600000000,0.23300000,0.23360000,0.23220000,0.23350000,1128846.00000000,1757437199999999,262810.57700000,2529,673021.00000000,156705.47620000,0
1757437200000000,0.23350000,0.23480000,0.23310000,0.23370000,674800.00000000,1757440799999999,157988.09720000,1480,423531.00000000,99180.77770000,0
1757440800000000,0.23380000,0.23480000,0.23290000,0.23430000,517481.00000000,1757444399999999,121047.19110000,1407,331873.00000000,77656.44650000,0
1757444400000000,0.23430000,0.23460000,0.23310000,0.23380000,583364.00000000,1757447999999999,136355.65820000,1329,239508.00000000,56006.31100000,0
1757448000000000,0.23380000,0.23390000,0.23220000,0.23370000,944443.00000000,1757451599999999,219966.02870000,1718,372739.00000000,86902.38070000,0
1757451600000000,0.23370000,0.23460000,0.23270000,0.23290000,618823.00000000,1757455199999999,144561.33480000,1412,375109.00000000,87648.61900000,0
1757455200000000,0.23290000,0.23450000,0.23270000,0.23420000,503721.00000000,1757458799999999,117772.01150000,1500,320790.00000000,74995.14290000,0
1757458800000000,0.23420000,0.23420000,0.23290000,0.23310000,584749.00000000,1757462399999999,136497.56700000,1474,337987.00000000,78889.36130000,0
1757462400000000,0.23320000,0.23350000,0.23200000,0.23270000,1390780.00000000,1757465999999999,323911.46710000,2163,766645.00000000,178558.95760000,0
1757466000000000,0.23260000,0.23420000,0.23210000,0.23400000,1457401.00000000,1757469599999999,339867.53420000,2029,780090.00000000,182086.09440000,0
1757469600000000,0.23410000,0.23670000,0.23410000,0.23600000,1206440.00000000,1757473199999999,284217.97280000,2541,680614.00000000,160348.37160000,0
1757473200000000,0.23600000,0.23670000,0.23510000,0.23600000,678394.00000000,1757476799999999,159766.59550000,1452,340501.00000000,80186.79580000,0
1757476800000000,0.23600000,0.23600000,0.23400000,0.23540000,831746.00000000,1757480399999999,195476.23490000,1411,396680.00000000,93268.12180000,0
1757480400000000,0.23540000,0.23550000,0.23400000,0.23480000,888072.00000000,1757483999999999,208405.18540000,1872,418788.00000000,98289.62140000,0
1757484000000000,0.23470000,0.23530000,0.23380000,0.23460000,743731.00000000,1757487599999999,174438.10660000,1702,408368.00000000,95809.99860000,0
1757487600000000,0.23460000,0.23640000,0.23440000,0.23600000,1331676.00000000,1757491199999999,313649.03130000,2488,828840.00000000,195229.05750000,0
1757491200000000,0.23600000,0.23660000,0.23540000,0.23590000,1168126.00000000,1757494799999999,275657.43140000,2094,539539.00000000,127335.51910000,0
1757494800000000,0.23600000,0.23630000,0.23470000,0.23530000,723357.00000000,1757498399999999,170327.49490000,1392,393766.00000000,92709.27770000,0
1757498400000000,0.23530000,0.23540000,0.23400000,0.23430000,934680.00000000,1757501999999999,219356.78080000,1291,393999.00000000,92489.38510000,0
1757502000000000,0.23410000,0.23520000,0.23380000,0.23440000,754127.00000000,1757505599999999,176702.35060000,1435,399698.00000000,93677.61310000,0
1757505600000000,0.23440000,0.23940000,0.23430000,0.23870000,4427198.00000000,1757509199999999,1051038.82990000,9046,2400948.00000000,570014.25140000,0
1757509200000000,0.23870000,0.24300000,0.23850000,0.24110000,4262161.00000000,1757512799999999,1027486.39900000,6461,2657699.00000000,640754.70300000,0
1757512800000000,0.24110000,0.24220000,0.23840000,0.23850000,3336724.00000000,1757516399999999,803095.75360000,5304,1941937.00000000,467761.96590000,0
1757516400000000,0.23860000,0.24000000,0.23770000,0.23850000,2127184.00000000,1757519999999999,507847.15050000,3460,879153.00000000,209790.06790000,0
1757520000000000,0.23860000,0.23940000,0.23680000,0.23940000,1047210.00000000,1757523599999999,249177.29300000,2568,490147.00000000,116676.29880000,0
1757523600000000,0.23940000,0.24020000,0.23810000,0.23920000,832637.00000000,1757527199999999,199250.18020000,2023,427147.00000000,102231.86300000,0
1757527200000000,0.23920000,0.23940000,0.23770000,0.23840000,870159.00000000,1757530799999999,207504.93670000,1908,456244.00000000,108775.88590000,0
1757530800000000,0.23840000,0.23840000,0.23480000,0.23570000,1490031.00000000,1757534399999999,351526.83370000,2455,826190.00000000,194952.39710000,0
1757534400000000,0.23580000,0.23750000,0.23570000,0.23710000,848442.00000000,1757537999999999,200981.28610000,1511,582921.00000000,138085.16350000,0
1757538000000000,0.23710000,0.23930000,0.23690000,0.23890000,975549.00000000,1757541599999999,232419.77380000,1592,526834.00000000,125553.28200000,0
1757541600000000,0.23880000,0.23960000,0.23800000,0.23890000,1092397.00000000,1757545199999999,260907.53230000,1565,613557.00000000,146526.35840000,0
1757545200000000,0.23900000,0.23970000,0.23880000,0.23950000,770973.00000000,1757548799999999,184457.47930000,1150,433169.00000000,103646.85840000,0
1757548800000000,0.23950000,0.24050000,0.23910000,0.24000000,778290.00000000,1757552399999999,186522.49010000,1573,464060.00000000,111209.52060000,0
1757552400000000,0.24000000,0.24130000,0.24000000,0.24090000,729775.00000000,1757555999999999,175751.13070000,1675,317480.00000000,76465.77080000,0
1757556000000000,0.24090000,0.24150000,0.24030000,0.24040000,725059.00000000,1757559599999999,174650.73360000,1279,375692.00000000,90507.32990000,0
1757559600000000,0.24040000,0.24180000,0.23980000,0.24170000,1207986.00000000,1757563199999999,291191.04480000,1719,742892.00000000,179136.08010000,0
1757563200000000,0.24170000,0.24180000,0.24050000,0.24130000,1285498.00000000,1757566799999999,310051.89550000,2095,642517.00000000,154993.09410000,0
1757566800000000,0.24140000,0.24140000,0.23960000,0.24070000,1083424.00000000,1757570399999999,260503.54550000,1400,501239.00000000,120503.49070000,0
1757570400000000,0.24060000,0.24150000,0.23960000,0.24100000,689855.00000000,1757573999999999,166143.24220000,1351,408906.00000000,98481.49160000,0
1757574000000000,0.24110000,0.24130000,0.24030000,0.24050000,696619.00000000,1757577599999999,167754.93400000,1373,407383.00000000,98104.34150000,0
1757577600000000,0.24060000,0.24170000,0.24010000,0.24090000,922250.00000000,1757581199999999,222284.29490000,1500,445770.00000000,107454.30910000,0
1757581200000000,0.24090000,0.24090000,0.23950000,0.24020000,934079.00000000,1757584799999999,224110.25360000,1373,443942.00000000,106522.87180000,0
1757584800000000,0.24030000,0.24150000,0.24010000,0.24130000,935949.00000000,1757588399999999,225499.39000000,1611,611915.00000000,147427.99150000,0
1757588400000000,0.24130000,0.24410000,0.24080000,0.24100000,2410248.00000000,1757591999999999,585044.43190000,3988,1240187.00000000,301066.15310000,0
1757592000000000,0.24100000,0.24450000,0.23740000,0.24070000,7349059.00000000,1757595599999999,1764332.18570000,15469,2954957.00000000,709168.58910000,0
1757595600000000,0.24070000,0.24220000,0.23790000,0.24180000,1877729.00000000,1757599199999999,450160.41870000,5075,923921.00000000,221423.31140000,0
1757599200000000,0.24180000,0.24180000,0.23830000,0.24040000,848016.00000000,1757602799999999,203587.86810000,2658,451481.00000000,108446.60920000,0
1757602800000000,0.24030000,0.24040000,0.23870000,0.23900000,656528.00000000,1757606399999999,157160.25250000,1758,363278.00000000,86963.67450000,0
1757606400000000,0.23900000,0.24050000,0.23880000,0.23960000,496164.00000000,1757609999999999,118961.27320000,1430,282666.00000000,67773.82380000,0
1757610000000000,0.23950000,0.24080000,0.23920000,0.24010000,548141.00000000,1757613599999999,131586.76650000,1673,328937.00000000,78976.71130000,0
1757613600000000,0.24020000,0.24040000,0.23920000,0.24000000,704604.00000000,1757617199999999,169050.53570000,1519,377298.00000000,90552.27430000,0
1757617200000000,0.24000000,0.24140000,0.23970000,0.24090000,399800.00000000,1757620799999999,96173.99540000,1168,219077.00000000,52698.86990000,0
1757620800000000,0.24090000,0.24290000,0.24070000,0.24230000,2356624.00000000,1757624399999999,569512.94070000,3139,921957.00000000,222877.63180000,0
1757624400000000,0.24220000,0.24370000,0.24180000,0.24360000,1358172.00000000,1757627999999999,329365.70010000,2359,850851.00000000,206337.40610000,0
1757628000000000,0.24360000,0.24480000,0.24340000,0.24410000,1249174.00000000,1757631599999999,304959.92180000,2843,643717.00000000,157147.31250000,0
1757631600000000,0.24410000,0.24500000,0.24370000,0.24420000,838146.00000000,1757635199999999,204719.34500000,1675,482512.00000000,117877.88040000,0
1757635200000000,0.24420000,0.24700000,0.24350000,0.24520000,1909722.00000000,1757638799999999,468073.46440000,4095,888616.00000000,217970.28620000,0
1757638800000000,0.24520000,0.24670000,0.24520000,0.24570000,1974416.00000000,1757642399999999,485542.39450000,3025,1128160.00000000,277494.73160000,0
1757642400000000,0.24570000,0.24640000,0.24490000,0.24540000,740309.00000000,1757645999999999,181769.45830000,1600,396960.00000000,97468.97580000,0
1757646000000000,0.24550000,0.24600000,0.24390000,0.24480000,930147.00000000,1757649599999999,227606.31820000,1798,489536.00000000,119792.86890000,0
1757649600000000,0.24490000,0.24560000,0.24390000,0.24500000,567512.00000000,1757653199999999,138964.20570000,1509,337103.00000000,82556.28430000,0
1757653200000000,0.24510000,0.24670000,0.24480000,0.24670000,740708.00000000,1757656799999999,182171.74600000,1736,405443.00000000,99732.09180000,0
1757656800000000,0.24670000,0.24700000,0.24520000,0.24540000,929844.00000000,1757660399999999,228919.74850000,1606,373287.00000000,91936.73400000,0
1757660400000000,0.24540000,0.24610000,0.24390000,0.24430000,673200.00000000,1757663999999999,164744.29410000,1046,316616.00000000,77472.84910000,0
1757664000000000,0.24440000,0.24450000,0.24280000,0.24340000,972429.00000000,1757667599999999,236835.16870000,1738,566944.00000000,138072.20770000,0
1757667600000000,0.24340000,0.24380000,0.24240000,0.24370000,1475457.00000000,1757671199999999,358678.01030000,2042,983331.00000000,239075.82240000,0
1757671200000000,0.24360000,0.24360000,0.24160000,0.24310000,1696456.00000000,1757674799999999,411651.16200000,2786,1103984.00000000,267948.69180000,0
1757674800000000,0.24300000,0.24370000,0.24180000,0.24180000,660691.00000000,1757678399999999,160549.40030000,1525,213905.00000000,51997.16010000,0
1757678400000000,0.24190000,0.24310000,0.24040000,0.24250000,1598408.00000000,1757681999999999,387019.01730000,2835,753380.00000000,182495.96890000,0
1757682000000000,0.24250000,0.24350000,0.24180000,0.24330000,785724.00000000,1757685599999999,190559.64820000,2295,402082.00000000,97532.89640000,0
1757685600000000,0.24320000,0.24550000,0.24290000,0.24460000,1485338.00000000,1757689199999999,362919.99790000,2885,731582.00000000,178834.64500000,0
1757689200000000,0.24450000,0.24470000,0.24190000,0.24320000,1509243.00000000,1757692799999999,366726.64680000,1779,465249.00000000,113114.82790000,0
1757692800000000,0.24320000,0.24510000,0.24300000,0.24470000,572294.00000000,1757696399999999,139742.83190000,1459,253072.00000000,61753.76070000,0
1757696400000000,0.24470000,0.24720000,0.24390000,0.24690000,976293.00000000,1757699999999999,240302.67300000,2351,553900.00000000,136325.52100000,0
1757700000000000,0.24690000,0.24890000,0.24660000,0.24870000,582599.00000000,1757703599999999,144315.63690000,1617,315639.00000000,78200.26730000,0
1757703600000000,0.24890000,0.24910000,0.24740000,0.24870000,2026600.00000000,1757707199999999,503344.54000000,2821,1239143.00000000,307940.39760000,0
1757707200000000,0.24860000,0.24870000,0.24670000,0.24810000,1462970.00000000,1757710799999999,362411.37040000,2237,522283.00000000,129329.94720000,0
1757710800000000,0.24820000,0.24830000,0.24600000,0.24630000,1306314.00000000,1757714399999999,322538.60020000,1992,534941.00000000,132121.85670000,0
1757714400000000,0.24640000,0.24920000,0.24640000,0.24840000,1205297.00000000,1757717999999999,299462.73040000,2191,762930.00000000,189497.99140000,0
1757718000000000,0.24840000,0.24850000,0.24760000,0.24850000,542326.00000000,1757721599999999,134534.29340000,1191,391119.00000000,97033.84370000,0
1757721600000000,0.24840000,0.24950000,0.24720000,0.24950000,1238135.00000000,1757725199999999,307613.88370000,2048,828771.00000000,205932.80660000,0
1757725200000000,0.24940000,0.25020000,0.24780000,0.24800000,2011298.00000000,1757728799999999,502188.42180000,2633,1356392.00000000,338785.32430000,0
1757728800000000,0.24800000,0.24850000,0.24720000,0.24800000,848775.00000000,1757732399999999,210403.55040000,1355,564626.00000000,140017.48250000,0
1757732400000000,0.24800000,0.24990000,0.24790000,0.24980000,972497.00000000,1757735999999999,242482.71520000,1120,633217.00000000,157882.53050000,0
1757736000000000,0.24970000,0.24980000,0.24850000,0.24850000,816444.00000000,1757739599999999,203404.41190000,1276,402797.00000000,100374.52840000,0
1757739600000000,0.24850000,0.25010000,0.24800000,0.25010000,863969.00000000,1757743199999999,215161.03740000,1293,448245.00000000,111692.82110000,0
1757743200000000,0.25000000,0.25150000,0.25000000,0.25150000,2015512.00000000,1757746799999999,504991.34060000,1923,1249868.00000000,313026.06940000,0
1757746800000000,0.25150000,0.25160000,0.25060000,0.25130000,807788.00000000,1757750399999999,202964.94470000,1336,380528.00000000,95613.56430000,0
1757750400000000,0.25140000,0.25190000,0.25100000,0.25190000,1782049.00000000,1757753999999999,448169.61600000,2006,1097247.00000000,275996.97350000,0
1757754000000000,0.25180000,0.25420000,0.25180000,0.25400000,2215736.00000000,1757757599999999,560514.45670000,3114,1392574.00000000,352253.83090000,0
1757757600000000,0.25400000,0.25430000,0.25270000,0.25290000,1957601.00000000,1757761199999999,496052.93330000,3021,706864.00000000,179074.20200000,0
1757761200000000,0.25290000,0.25470000,0.25160000,0.25460000,1398704.00000000,1757764799999999,354000.21040000,2497,695276.00000000,176098.89570000,0
1757764800000000,0.25470000,0.25840000,0.25430000,0.25840000,4432663.00000000,1757768399999999,1138027.29470000,4641,2820570.00000000,724558.06690000,0
1757768400000000,0.25830000,0.26040000,0.25390000,0.25690000,5583877.00000000,1757771999999999,1437663.02400000,9913,2432845.00000000,626578.89470000,0
1757772000000000,0.25700000,0.25810000,0.25380000,0.25580000,2524314.00000000,1757775599999999,645825.04950000,6197,1183362.00000000,302743.17510000,0
1757775600000000,0.25580000,0.25840000,0.25370000,0.25450000,3406496.00000000,1757779199999999,871252.28270000,5127,1283272.00000000,328610.36390000,0
1757779200000000,0.25460000,0.25630000,0.25130000,0.25260000,3021437.00000000,1757782799999999,766221.89490000,6836,1342256.00000000,340377.53600000,0
1757782800000000,0.25270000,0.25320000,0.24950000,0.25300000,3242152.00000000,1757786399999999,815497.82180000,6654,1355286.00000000,341060.64970000,0
1757786400000000,0.25290000,0.25290000,0.25090000,0.25200000,997392.00000000,1757789999999999,251171.86240000,2764,488919.00000000,123148.31070000,0
1757790000000000,0.25200000,0.25260000,0.25120000,0.25180000,543850.00000000,1757793599999999,137036.42130000,1896,321740.00000000,81078.60390000,0
1757793600000000,0.25180000,0.25400000,0.25170000,0.25320000,757216.00000000,1757797199999999,191729.16530000,2090,482102.00000000,122059.67450000,0
1757797200000000,0.25310000,0.25510000,0.25310000,0.25360000,753838.00000000,1757800799999999,191747.93360000,1612,448530.00000000,114107.06650000,0
1757800800000000,0.25370000,0.25430000,0.25270000,0.25300000,593205.00000000,1757804399999999,150458.56360000,1225,255096.00000000,64682.78120000,0
1757804400000000,0.25300000,0.25360000,0.25240000,0.25290000,485339.00000000,1757807999999999,122766.78450000,1296,204410.00000000,51711.27680000,0
1757808000000000,0.25300000,0.25350000,0.25030000,0.25090000,1279104.00000000,1757811599999999,321874.47570000,2082,671685.00000000,169103.59780000,0
1757811600000000,0.25080000,0.25080000,0.24830000,0.25050000,1563282.00000000,1757815199999999,389780.52660000,3072,510510.00000000,127329.54460000,0
1757815200000000,0.25060000,0.25200000,0.24910000,0.24970000,4127818.00000000,1757818799999999,1032937.36120000,3650,1576316.00000000,394628.78950000,0
1757818800000000,0.24970000,0.25000000,0.24680000,0.24710000,2302267.00000000,1757822399999999,572197.57990000,3486,1309828.00000000,325631.08690000,0
1757822400000000,0.24710000,0.24780000,0.24530000,0.24710000,869337.00000000,1757825999999999,214423.99820000,2466,502982.00000000,124135.80130000,0
1757826000000000,0.24710000,0.24870000,0.24710000,0.24870000,592616.00000000,1757829599999999,147034.43400000,1242,358202.00000000,88856.51000000,0
1757829600000000,0.24870000,0.24910000,0.24670000,0.24760000,734107.00000000,1757833199999999,181910.77150000,1751,398150.00000000,98676.55410000,0
1757833200000000,0.24770000,0.24860000,0.24700000,0.24780000,693129.00000000,1757836799999999,171768.49240000,2061,416141.00000000,103095.95220000,0
1757836800000000,0.24790000,0.24840000,0.24690000,0.24750000,483680.00000000,1757840399999999,119695.89270000,1328,187965.00000000,46535.37200000,0
1757840400000000,0.24740000,0.24970000,0.24700000,0.24850000,876097.00000000,1757843999999999,217805.49210000,1408,346222.00000000,86070.14550000,0
1757844000000000,0.24860000,0.24900000,0.24760000,0.24810000,528653.00000000,1757847599999999,131254.05420000,1416,263954.00000000,65550.43860000,0
1757847600000000,0.24800000,0.24830000,0.24360000,0.24410000,3080094.00000000,1757851199999999,754217.57000000,5583,886186.00000000,217204.01420000,0
1757851200000000,0.24420000,0.24530000,0.24150000,0.24260000,1828959.00000000,1757854799999999,445599.18260000,3866,876287.00000000,213552.07970000,0
1757854800000000,0.24270000,0.24290000,0.24020000,0.24130000,1999750.00000000,1757858399999999,483102.17400000,4327,1096159.00000000,264878.56240000,0
1757858400000000,0.24140000,0.24340000,0.23920000,0.24030000,3140589.00000000,1757861999999999,756588.58530000,6799,1903921.00000000,458893.64340000,0
1757862000000000,0.24020000,0.24050000,0.23840000,0.23960000,2079983.00000000,1757865599999999,498002.99600000,4140,1012779.00000000,242536.64400000,0
1757865600000000,0.23960000,0.24180000,0.23930000,0.24090000,1650426.00000000,1757869199999999,397572.76280000,3124,835115.00000000,201109.37690000,0
1757869200000000,0.24100000,0.24270000,0.24050000,0.24210000,1283399.00000000,1757872799999999,310468.87190000,2331,769530.00000000,186132.64820000,0
1757872800000000,0.24200000,0.24200000,0.24020000,0.24040000,1113777.00000000,1757876399999999,268156.17160000,1250,549377.00000000,132319.64340000,0
1757876400000000,0.24050000,0.24140000,0.23960000,0.24040000,424525.00000000,1757879999999999,102205.48910000,1082,246475.00000000,59357.94360000,0
1757880000000000,0.24030000,0.24160000,0.24030000,0.24090000,565079.00000000,1757883599999999,136209.67680000,892,311234.00000000,75037.60150000,0
1757883600000000,0.24080000,0.24160000,0.23930000,0.24110000,1265164.00000000,1757887199999999,304407.88150000,1653,761823.00000000,183294.89110000,0
1757887200000000,0.24110000,0.24220000,0.23980000,0.24140000,1317765.00000000,1757890799999999,317374.60380000,1798,883560.00000000,212749.49860000,0
1757890800000000,0.24140000,0.24160000,0.23850000,0.23940000,1751158.00000000,1757894399999999,419826.54020000,2900,1071303.00000000,256816.39460000,0
1757894400000000,0.23940000,0.24120000,0.23910000,0.23980000,1621631.00000000,1757897999999999,389361.49650000,2483,1076225.00000000,258324.48640000,0
1757898000000000,0.23980000,0.24110000,0.23770000,0.24010000,1921452.00000000,1757901599999999,459669.90240000,2969,1069390.00000000,255811.96340000,0
1757901600000000,0.24020000,0.24140000,0.23920000,0.23940000,1416828.00000000,1757905199999999,340492.83780000,2361,862965.00000000,207349.93080000,0
1757905200000000,0.23940000,0.24140000,0.23930000,0.24100000,700779.00000000,1757908799999999,168376.51820000,1571,287441.00000000,69134.84890000,0
1757908800000000,0.24110000,0.24230000,0.24060000,0.24100000,772543.00000000,1757912399999999,186502.41720000,2398,363403.00000000,87768.30400000,0
1757912400000000,0.24090000,0.24310000,0.24070000,0.24310000,1131040.00000000,1757915999999999,273865.78440000,2049,761723.00000000,184400.01760000,0
1757916000000000,0.24310000,0.24310000,0.23810000,0.23900000,1414592.00000000,1757919599999999,339648.69650000,3437,595830.00000000,143017.32580000,0
1757919600000000,0.23890000,0.24080000,0.23580000,0.23670000,2418570.00000000,1757923199999999,574090.87110000,5739,1241984.00000000,294796.12550000,0
1757923200000000,0.23670000,0.23670000,0.22960000,0.23010000,6854050.00000000,1757926799999999,1594485.43880000,12634,3464439.00000000,805771.39340000,0
1757926800000000,0.23010000,0.23280000,0.22990000,0.23250000,1577675.00000000,1757930399999999,365641.26360000,3415,905084.00000000,209739.25070000,0
1757930400000000,0.23250000,0.23250000,0.23090000,0.23190000,2118117.00000000,1757933999999999,490463.78190000,2758,703165.00000000,162822.19580000,0
1757934000000000,0.23190000,0.23300000,0.23160000,0.23270000,2059343.00000000,1757937599999999,478164.17050000,3030,769744.00000000,178837.42680000,0
1757937600000000,0.23260000,0.23340000,0.23130000,0.23170000,1853658.00000000,1757941199999999,430197.08290000,3403,948980.00000000,220239.59600000,0
1757941200000000,0.23170000,0.23390000,0.23130000,0.23260000,2350420.00000000,1757944799999999,546312.48660000,5619,1343470.00000000,312260.43250000,0
1757944800000000,0.23250000,0.23380000,0.23090000,0.23170000,1336510.00000000,1757948399999999,310447.34300000,4078,581230.00000000,135045.24210000,0
1757948400000000,0.23180000,0.23260000,0.22830000,0.23030000,3367883.00000000,1757951999999999,774663.98840000,5195,1268309.00000000,291814.30490000,0
1757952000000000,0.23030000,0.23030000,0.22800000,0.22860000,1990047.00000000,1757955599999999,456223.43200000,4175,562804.00000000,129071.34470000,0
1757955600000000,0.22860000,0.23140000,0.22850000,0.23130000,1159623.00000000,1757959199999999,266152.96820000,3222,738653.00000000,169519.66970000,0
1757959200000000,0.23130000,0.23220000,0.23050000,0.23180000,684261.00000000,1757962799999999,158130.66850000,1594,319091.00000000,73790.38910000,0
1757962800000000,0.23180000,0.23290000,0.23090000,0.23210000,1001735.00000000,1757966399999999,232440.73580000,2250,756232.00000000,175502.72060000,0
1757966400000000,0.23200000,0.23260000,0.23150000,0.23250000,566139.00000000,1757969999999999,131393.48280000,1371,293885.00000000,68207.72520000,0
1757970000000000,0.23250000,0.23300000,0.23180000,0.23290000,821015.00000000,1757973599999999,190628.52060000,1181,389921.00000000,90550.79260000,0
1757973600000000,0.23290000,0.23310000,0.23200000,0.23240000,385595.00000000,1757977199999999,89662.95290000,1099,189150.00000000,43980.76050000,0
1757977200000000,0.23240000,0.23300000,0.23190000,0.23270000,242437.00000000,1757980799999999,56387.51890000,603,124799.00000000,29032.10110000,0
1757980800000000,0.23280000,0.23300000,0.23150000,0.23230000,477314.00000000,1757984399999999,110813.96660000,1087,279584.00000000,64913.03700000,0
1757984400000000,0.23220000,0.23320000,0.23160000,0.23170000,548821.00000000,1757987999999999,127576.15970000,1451,260707.00000000,60610.59370000,0
1757988000000000,0.23170000,0.23270000,0.23140000,0.23150000,628768.00000000,1757991599999999,145933.08180000,916,338333.00000000,78561.03870000,0
1757991600000000,0.23140000,0.23250000,0.23130000,0.23140000,773949.00000000,1757995199999999,179390.30180000,1454,267805.00000000,62075.04350000,0
1757995200000000,0.23150000,0.23170000,0.22920000,0.23090000,1307015.00000000,1757998799999999,301231.18120000,2032,508799.00000000,117197.19360000,0
1757998800000000,0.23100000,0.23260000,0.23070000,0.23250000,619747.00000000,1758002399999999,143683.65600000,1304,290012.00000000,67244.41300000,0
1758002400000000,0.23260000,0.23330000,0.23130000,0.23220000,468633.00000000,1758005999999999,108888.04960000,1050,277023.00000000,64391.81460000,0
1758006000000000,0.23230000,0.23360000,0.23220000,0.23330000,419499.00000000,1758009599999999,97664.17140000,1170,259067.00000000,60312.07910000,0
1758009600000000,0.23330000,0.23530000,0.23330000,0.23460000,1305187.00000000,1758013199999999,305870.34040000,2658,668857.00000000,156741.53710000,0
1758013200000000,0.23470000,0.23510000,0.23360000,0.23440000,913507.00000000,1758016799999999,214152.00600000,1815,460457.00000000,107923.24110000,0
1758016800000000,0.23440000,0.23550000,0.23390000,0.23470000,1846787.00000000,1758020399999999,433260.87670000,2718,1227353.00000000,287898.80000000,0
1758020400000000,0.23460000,0.23560000,0.23410000,0.23540000,676297.00000000,1758023999999999,158868.35180000,1869,316876.00000000,74424.46810000,0
1758024000000000,0.23530000,0.23680000,0.23500000,0.23670000,940152.00000000,1758027599999999,222042.67390000,2481,605195.00000000,142980.36790000,0
1758027600000000,0.23670000,0.23820000,0.23410000,0.23610000,2612404.00000000,1758031199999999,617029.94210000,6149,975659.00000000,230213.48190000,0
1758031200000000,0.23610000,0.23620000,0.23320000,0.23540000,2446384.00000000,1758034799999999,573869.22700000,3071,1331225.00000000,312634.96750000,0
1758034800000000,0.23550000,0.23760000,0.23390000,0.23760000,1266469.00000000,1758038399999999,299036.94600000,2462,880198.00000000,207909.60500000,0
1758038400000000,0.23770000,0.23780000,0.23600000,0.23680000,1139630.00000000,1758041999999999,269928.82890000,2497,444962.00000000,105397.25950000,0
1758042000000000,0.23680000,0.24000000,0.23680000,0.23940000,1656633.00000000,1758045599999999,396116.81320000,3184,842862.00000000,201439.73920000,0
1758045600000000,0.23940000,0.24010000,0.23740000,0.23840000,1324283.00000000,1758049199999999,315898.59490000,2538,426595.00000000,101761.48480000,0
1758049200000000,0.23850000,0.23890000,0.23750000,0.23860000,831937.00000000,1758052799999999,198260.96710000,1673,411121.00000000,97983.58790000,0
1758052800000000,0.23860000,0.23890000,0.23800000,0.23880000,432696.00000000,1758056399999999,103210.90150000,967,204301.00000000,48738.07540000,0
1758056400000000,0.23870000,0.23900000,0.23810000,0.23900000,749349.00000000,1758059999999999,178797.98800000,1094,330325.00000000,78840.92930000,0
1758060000000000,0.23910000,0.23950000,0.23820000,0.23860000,571075.00000000,1758063599999999,136502.30270000,1308,204714.00000000,48912.09310000,0
1758063600000000,0.23860000,0.23860000,0.23690000,0.23740000,1004334.00000000,1758067199999999,238572.14230000,1234,360645.00000000,85660.43960000,0
1758067200000000,0.23740000,0.23800000,0.23680000,0.23730000,1121286.00000000,1758070799999999,266270.13850000,1897,490845.00000000,116572.64790000,0
1758070800000000,0.23730000,0.23770000,0.23600000,0.23660000,1069939.00000000,1758074399999999,253569.74830000,1888,443209.00000000,105022.28990000,0
1758074400000000,0.23670000,0.23870000,0.23620000,0.23780000,1225681.00000000,1758077999999999,291374.70890000,2204,601373.00000000,142949.10640000,0
1758078000000000,0.23780000,0.23830000,0.23600000,0.23620000,1023970.00000000,1758081599999999,242920.31060000,1568,341798.00000000,81086.42380000,0
1758081600000000,0.23620000,0.23660000,0.23430000,0.23510000,670375.00000000,1758085199999999,157978.92180000,1673,379962.00000000,89556.58040000,0
1758085200000000,0.23510000,0.23710000,0.23480000,0.23710000,1006920.00000000,1758088799999999,237343.36130000,2032,645274.00000000,152187.59110000,0
1758088800000000,0.23700000,0.23810000,0.23640000,0.23800000,573247.00000000,1758092399999999,135946.69950000,1540,317862.00000000,75403.23460000,0
1758092400000000,0.23810000,0.23830000,0.23730000,0.23800000,729070.00000000,1758095999999999,173386.62380000,1276,258671.00000000,61518.21700000,0
1758096000000000,0.23810000,0.23810000,0.23560000,0.23650000,867194.00000000,1758099599999999,205227.24110000,2161,364553.00000000,86218.13770000,0
1758099600000000,0.23640000,0.23640000,0.23450000,0.23500000,1106804.00000000,1758103199999999,260557.29120000,1583,501047.00000000,118015.04940000,0
1758103200000000,0.23500000,0.23520000,0.23350000,0.23420000,633012.00000000,1758106799999999,148296.38540000,1416,304544.00000000,71324.43420000,0
1758106800000000,0.23410000,0.23490000,0.23370000,0.23410000,451253.00000000,1758110399999999,105754.12490000,893,189582.00000000,44434.47870000,0
1758110400000000,0.23420000,0.23560000,0.23360000,0.23480000,935316.00000000,1758113999999999,219276.35190000,1259,528509.00000000,123960.00180000,0
1758114000000000,0.23470000,0.23570000,0.23390000,0.23480000,1175282.00000000,1758117599999999,275986.45270000,3240,646822.00000000,151871.74210000,0
1758117600000000,0.23480000,0.23530000,0.23330000,0.23350000,954853.00000000,1758121199999999,223666.78700000,2120,324637.00000000,76099.31070000,0
1758121200000000,0.23350000,0.23430000,0.23290000,0.23340000,997946.00000000,1758124799999999,232932.47100000,1707,488960.00000000,114179.95500000,0
1758124800000000,0.23350000,0.23490000,0.23160000,0.23440000,1342024.00000000,1758128399999999,313349.65650000,2324,575481.00000000,134273.22180000,0
1758128400000000,0.23440000,0.23800000,0.23360000,0.23420000,1777424.00000000,1758131999999999,419481.89640000,4491,924706.00000000,218269.54720000,0
1758132000000000,0.23420000,0.23870000,0.23300000,0.23440000,6540030.00000000,1758135599999999,1542464.98080000,19091,3319153.00000000,783104.43980000,0
1758135600000000,0.23440000,0.24050000,0.23430000,0.24050000,2047684.00000000,1758139199999999,487463.53770000,5981,1150926.00000000,274257.06910000,0
1758139200000000,0.24040000,0.24320000,0.23830000,0.23850000,2649256.00000000,1758142799999999,638724.88770000,3900,1541674.00000000,371992.37340000,0
1758142800000000,0.23860000,0.24270000,0.23700000,0.24250000,1571887.00000000,1758146399999999,378163.01090000,3261,873180.00000000,210002.34150000,0
1758146400000000,0.24260000,0.24680000,0.24260000,0.24590000,1454367.00000000,1758149999999999,355998.67830000,4048,853569.00000000,208929.34780000,0
1758150000000000,0.24600000,0.24700000,0.24350000,0.24420000,802479.00000000,1758153599999999,196680.15000000,2914,336266.00000000,82383.88490000,0
1758153600000000,0.24430000,0.24570000,0.24350000,0.24390000,1402159.00000000,1758157199999999,343154.21190000,3144,833580.00000000,204042.57120000,0
1758157200000000,0.24390000,0.24540000,0.24340000,0.24480000,792886.00000000,1758160799999999,193809.19320000,1729,393169.00000000,96100.06440000,0
1758160800000000,0.24480000,0.24530000,0.24340000,0.24500000,609735.00000000,1758164399999999,149105.41490000,1727,304907.00000000,74560.82300000,0
1758164400000000,0.24500000,0.24710000,0.24470000,0.24570000,965083.00000000,1758167999999999,237378.47100000,2416,532649.00000000,131023.78540000,0
1758168000000000,0.24580000,0.24600000,0.24460000,0.24560000,1355252.00000000,1758171599999999,332317.94080000,2753,516179.00000000,126573.27270000,0
1758171600000000,0.24570000,0.24570000,0.24320000,0.24360000,766687.00000000,1758175199999999,187063.00910000,1936,289415.00000000,70655.67490000,0
1758175200000000,0.24360000,0.24370000,0.24060000,0.24210000,947373.00000000,1758178799999999,229285.95810000,2623,349165.00000000,84441.48560000,0
1758178800000000,0.24210000,0.24300000,0.24120000,0.24230000,1014954.00000000,1758182399999999,245623.93340000,1843,507201.00000000,122755.75460000,0
1758182400000000,0.24230000,0.24560000,0.24200000,0.24550000,886150.00000000,1758185999999999,216128.52860000,1794,605547.00000000,147610.11090000,0
1758186000000000,0.24540000,0.24600000,0.24430000,0.24520000,1243281.00000000,1758189599999999,304819.36800000,2197,503991.00000000,123607.03080000,0
1758189600000000,0.24520000,0.24540000,0.24310000,0.24410000,781335.00000000,1758193199999999,190555.48320000,1682,274288.00000000,66918.62850000,0
1758193200000000,0.24410000,0.24470000,0.24360000,0.24460000,901427.00000000,1758196799999999,220085.76320000,1871,330373.00000000,80711.19470000,0
1758196800000000,0.24470000,0.24600000,0.24340000,0.24480000,1089706.00000000,1758200399999999,266869.83960000,2131,550826.00000000,134915.58900000,0
1758200400000000,0.24470000,0.24710000,0.24410000,0.24690000,2453152.00000000,1758203999999999,603368.85390000,3923,1306860.00000000,321613.83500000,0
1758204000000000,0.24700000,0.24850000,0.24670000,0.24730000,2641892.00000000,1758207599999999,654024.00720000,4534,1341606.00000000,332099.14280000,0
1758207600000000,0.24740000,0.24910000,0.24720000,0.24880000,1863702.00000000,1758211199999999,462715.06070000,4716,1250089.00000000,310427.41090000,0
1758211200000000,0.24870000,0.24930000,0.24800000,0.24860000,1449211.00000000,1758214799999999,360471.97270000,2636,728932.00000000,181312.54650000,0
1758214800000000,0.24860000,0.25030000,0.24820000,0.24920000,1809503.00000000,1758218399999999,450982.92010000,3057,703349.00000000,175367.68650000,0
1758218400000000,0.24930000,0.25070000,0.24930000,0.25040000,645847.00000000,1758221999999999,161442.71360000,2067,314769.00000000,78692.65320000,0
1758222000000000,0.25040000,0.25050000,0.24680000,0.24830000,1466888.00000000,1758225599999999,364772.33260000,2876,717970.00000000,178590.41840000,0
1758225600000000,0.24820000,0.24930000,0.24810000,0.24870000,670285.00000000,1758229199999999,166698.03970000,1753,366720.00000000,91211.96550000,0
1758229200000000,0.24870000,0.24990000,0.24770000,0.24860000,802866.00000000,1758232799999999,199946.57770000,1768,356919.00000000,88885.81930000,0
1758232800000000,0.24870000,0.24880000,0.24690000,0.24700000,1309875.00000000,1758236399999999,324344.04960000,2241,562836.00000000,139446.31150000,0
1758236400000000,0.24700000,0.24700000,0.24520000,0.24610000,1783672.00000000,1758239999999999,438843.31430000,3167,622841.00000000,153307.78030000,0
1758240000000000,0.24610000,0.24850000,0.24610000,0.24850000,985235.00000000,1758243599999999,243876.82370000,2058,554954.00000000,137281.61080000,0
1758243600000000,0.24850000,0.24910000,0.24730000,0.24840000,902518.00000000,1758247199999999,223990.69190000,2353,492947.00000000,122372.45960000,0
1758247200000000,0.24840000,0.24870000,0.24490000,0.24490000,1279723.00000000,1758250799999999,314624.24400000,2366,486480.00000000,119661.03190000,0
1758250800000000,0.24490000,0.24600000,0.24190000,0.24210000,2275302.00000000,1758254399999999,554121.17050000,4580,924667.00000000,225348.05300000,0
1758254400000000,0.24210000,0.24340000,0.24000000,0.24340000,2269029.00000000,1758257999999999,547146.40640000,3987,926226.00000000,223542.25530000,0
1758258000000000,0.24330000,0.24370000,0.24080000,0.24230000,1059322.00000000,1758261599999999,256682.76120000,2221,533555.00000000,129415.72360000,0
1758261600000000,0.24230000,0.24230000,0.23970000,0.23990000,1455563.00000000,1758265199999999,350370.27990000,2036,432105.00000000,104177.42940000,0
1758265200000000,0.23980000,0.24220000,0.23940000,0.24140000,1575915.00000000,1758268799999999,379870.66610000,3152,1000958.00000000,241307.79710000,0
1758268800000000,0.24130000,0.24280000,0.24100000,0.24140000,950465.00000000,1758272399999999,229726.17340000,2267,537312.00000000,129906.84660000,0
1758272400000000,0.24140000,0.24310000,0.23940000,0.24050000,1156700.00000000,1758275999999999,279011.17240000,2594,584605.00000000,141043.68700000,0
1758276000000000,0.24040000,0.24160000,0.23960000,0.24100000,1846823.00000000,1758279599999999,444783.70290000,3041,1092658.00000000,263112.23170000,0
1758279600000000,0.24100000,0.24110000,0.23850000,0.23940000,1375420.00000000,1758283199999999,329335.11390000,3118,601873.00000000,144108.39190000,0
1758283200000000,0.23940000,0.24060000,0.23900000,0.23940000,924693.00000000,1758286799999999,221765.35150000,2344,431987.00000000,103583.30880000,0
1758286800000000,0.23930000,0.24170000,0.23920000,0.24090000,1125136.00000000,1758290399999999,270384.33580000,3153,631389.00000000,151754.46420000,0
1758290400000000,0.24090000,0.24130000,0.23760000,0.23860000,1464214.00000000,1758293999999999,350325.68150000,3986,828029.00000000,198133.21180000,0
1758294000000000,0.23850000,0.23870000,0.23610000,0.23790000,2119551.00000000,1758297599999999,502933.49190000,5244,1087664.00000000,258072.55130000,0
1758297600000000,0.23790000,0.23900000,0.23740000,0.23850000,899332.00000000,1758301199999999,214404.08790000,2083,442947.00000000,105608.36070000,0
1758301200000000,0.23850000,0.23860000,0.23620000,0.23630000,636186.00000000,1758304799999999,150876.31120000,1807,263047.00000000,62381.05200000,0
1758304800000000,0.23640000,0.23710000,0.23500000,0.23610000,837468.00000000,1758308399999999,197696.40060000,2354,399836.00000000,94434.83710000,0
1758308400000000,0.23610000,0.23700000,0.23550000,0.23550000,777254.00000000,1758311999999999,183763.37310000,1495,397176.00000000,93908.03610000,0
1758312000000000,0.23560000,0.23670000,0.23520000,0.23530000,906956.00000000,1758315599999999,214120.43110000,1610,369034.00000000,87162.12770000,0
1758315600000000,0.23530000,0.23630000,0.23430000,0.23630000,837003.00000000,1758319199999999,197050.83070000,1838,432414.00000000,101805.17900000,0
1758319200000000,0.23630000,0.23640000,0.23510000,0.23510000,986626.00000000,1758322799999999,232557.25540000,1296,373468.00000000,88053.46400000,0
1758322800000000,0.23500000,0.23500000,0.23220000,0.23390000,1016201.00000000,1758326399999999,237249.95060000,1898,445137.00000000,103864.90770000,0
1758326400000000,0.23390000,0.23540000,0.23340000,0.23540000,743174.00000000,1758329999999999,173919.12880000,1532,450264.00000000,105372.21370000,0
1758330000000000,0.23530000,0.23530000,0.23350000,0.23420000,736778.00000000,1758333599999999,172665.09070000,1538,338995.00000000,79455.46130000,0
1758333600000000,0.23410000,0.23450000,0.23230000,0.23440000,551396.00000000,1758337199999999,128739.22130000,1756,299218.00000000,69883.20140000,0
1758337200000000,0.23430000,0.23460000,0.23340000,0.23420000,457143.00000000,1758340799999999,106970.88240000,1233,267004.00000000,62482.42740000,0
1758340800000000,0.23420000,0.23500000,0.23360000,0.23460000,400865.00000000,1758344399999999,93880.92490000,1339,246113.00000000,57646.01400000,0
1758344400000000,0.23470000,0.23640000,0.23430000,0.23640000,716753.00000000,1758347999999999,168823.22030000,1541,437475.00000000,103040.44270000,0
1758348000000000,0.23630000,0.23670000,0.23550000,0.23670000,861529.00000000,1758351599999999,203515.80780000,1264,482015.00000000,113866.00930000,0
1758351600000000,0.23660000,0.23750000,0.23610000,0.23750000,646768.00000000,1758355199999999,153162.52770000,1457,417398.00000000,98866.52960000,0
1758355200000000,0.23740000,0.23740000,0.23490000,0.23500000,505852.00000000,1758358799999999,119424.79710000,1121,205010.00000000,48386.12170000,0
1758358800000000,0.23510000,0.23560000,0.23380000,0.23420000,692416.00000000,1758362399999999,162457.09820000,1248,238434.00000000,55977.04620000,0
1758362400000000,0.23430000,0.23500000,0.23340000,0.23350000,802192.00000000,1758365999999999,187918.84030000,1682,288517.00000000,67566.46620000,0
1758366000000000,0.23340000,0.23510000,0.23340000,0.23490000,934888.00000000,1758369599999999,218829.19780000,2225,394672.00000000,92372.37350000,0
1758369600000000,0.23490000,0.23490000,0.23410000,0.23460000,783223.00000000,1758373199999999,183715.20350000,1667,325832.00000000,76421.43100000,0
1758373200000000,0.23450000,0.23510000,0.23400000,0.23450000,346299.00000000,1758376799999999,81207.65290000,1165,171407.00000000,40204.44610000,0
1758376800000000,0.23450000,0.23700000,0.23380000,0.23680000,1633729.00000000,1758380399999999,384074.67490000,2114,974523.00000000,229123.15290000,0
1758380400000000,0.23690000,0.23870000,0.23690000,0.23760000,1489974.00000000,1758383999999999,354420.07000000,2456,750369.00000000,178416.35610000,0
1758384000000000,0.23760000,0.23830000,0.23620000,0.23760000,623320.00000000,1758387599999999,147964.64480000,1461,361475.00000000,85833.48100000,0
1758387600000000,0.23770000,0.23780000,0.23600000,0.23680000,915187.00000000,1758391199999999,216795.73330000,1584,552580.00000000,130882.23770000,0
1758391200000000,0.23670000,0.23670000,0.23500000,0.23520000,733340.00000000,1758394799999999,172739.77900000,1380,421678.00000000,99337.08370000,0
1758394800000000,0.23520000,0.23610000,0.23440000,0.23510000,1060664.00000000,1758398399999999,249446.28630000,1422,659978.00000000,155246.00340000,0
1758398400000000,0.23500000,0.23760000,0.23480000,0.23720000,2094694.00000000,1758401999999999,496121.96030000,1946,1565353.00000000,370850.15450000,0
1758402000000000,0.23730000,0.23780000,0.23630000,0.23640000,842216.00000000,1758405599999999,199773.60780000,1723,442568.00000000,104995.78260000,0
1758405600000000,0.23630000,0.23690000,0.23580000,0.23680000,422028.00000000,1758409199999999,99711.86790000,1027,194424.00000000,45936.73880000,0
1758409200000000,0.23670000,0.23680000,0.23510000,0.23560000,327473.00000000,1758412799999999,77231.30130000,871,173512.00000000,40927.03770000,0
1758412800000000,0.23560000,0.23650000,0.23470000,0.23610000,800143.00000000,1758416399999999,188469.48000000,1364,426039.00000000,100354.73740000,0
1758416400000000,0.23600000,0.23630000,0.23400000,0.23430000,722426.00000000,1758419999999999,169634.48360000,1115,307833.00000000,72289.52390000,0
1758420000000000,0.23430000,0.23580000,0.23320000,0.23560000,1016979.00000000,1758423599999999,238409.09980000,1822,353355.00000000,82897.05450000,0
1758423600000000,0.23560000,0.23570000,0.23510000,0.23540000,525983.00000000,1758427199999999,123771.84940000,974,232106.00000000,54632.15130000,0
1758427200000000,0.23540000,0.23550000,0.23420000,0.23530000,760477.00000000,1758430799999999,178411.68700000,1073,273023.00000000,64065.96530000,0
1758430800000000,0.23520000,0.23700000,0.23480000,0.23690000,1102480.00000000,1758434399999999,259839.95930000,1547,418069.00000000,98565.13270000,0
1758434400000000,0.23690000,0.23770000,0.23670000,0.23710000,1329868.00000000,1758437999999999,315450.45760000,1932,516141.00000000,122432.09260000,0
1758438000000000,0.23700000,0.23710000,0.23600000,0.23610000,985191.00000000,1758441599999999,233096.67830000,1676,360069.00000000,85174.58170000,0
1758441600000000,0.23620000,0.23660000,0.23420000,0.23430000,1251953.00000000,1758445199999999,294086.19900000,1495,455336.00000000,106936.23100000,0
1758445200000000,0.23430000,0.23440000,0.23100000,0.23310000,1824764.00000000,1758448799999999,424275.68640000,3546,906552.00000000,210893.37210000,0
1758448800000000,0.23300000,0.23350000,0.23170000,0.23190000,867306.00000000,1758452399999999,201850.58700000,1768,438074.00000000,101987.36380000,0
1758452400000000,0.23180000,0.23270000,0.23150000,0.23190000,543765.00000000,1758455999999999,126195.30710000,1284,267339.00000000,62044.07650000,0
1758456000000000,0.23190000,0.23390000,0.23170000,0.23280000,967906.00000000,1758459599999999,225794.67080000,1388,642203.00000000,149881.25780000,0
1758459600000000,0.23270000,0.23380000,0.23270000,0.23350000,351195.00000000,1758463199999999,81953.22600000,1035,172902.00000000,40337.02010000,0
1758463200000000,0.23360000,0.23410000,0.23260000,0.23270000,555399.00000000,1758466799999999,129561.33790000,1389,264324.00000000,61671.24160000,0
1758466800000000,0.23260000,0.23360000,0.23240000,0.23250000,624328.00000000,1758470399999999,145389.96190000,1615,321940.00000000,74960.97900000,0
1758470400000000,0.23260000,0.23290000,0.22970000,0.23080000,2509850.00000000,1758473999999999,578986.20490000,2846,552170.00000000,127377.40850000,0
1758474000000000,0.23080000,0.23270000,0.22970000,0.23270000,762649.00000000,1758477599999999,175923.28310000,2155,396935.00000000,91607.23280000,0
1758477600000000,0.23270000,0.23300000,0.23180000,0.23280000,327478.00000000,1758481199999999,76123.33090000,994,171896.00000000,39968.77990000,0
1758481200000000,0.23290000,0.23290000,0.23110000,0.23250000,522250.00000000,1758484799999999,121051.82410000,1307,218682.00000000,50683.00410000,0
1758484800000000,0.23240000,0.23250000,0.23140000,0.23160000,277226.00000000,1758488399999999,64268.46300000,978,185109.00000000,42922.89960000,0
1758488400000000,0.23170000,0.23270000,0.23130000,0.23180000,525924.00000000,1758491999999999,121993.98620000,1250,322649.00000000,74842.32010000,0
1758492000000000,0.23180000,0.23260000,0.23050000,0.23240000,428947.00000000,1758495599999999,99236.39540000,999,247186.00000000,57210.15950000,0
1758495600000000,0.23230000,0.23240000,0.23040000,0.23100000,393308.00000000,1758499199999999,90891.36500000,1201,195027.00000000,45068.78170000,0
1758499200000000,0.23090000,0.23220000,0.22560000,0.22650000,5960492.00000000,1758502799999999,1359453.40260000,12690,3001922.00000000,685086.03170000,0
1758502800000000,0.22640000,0.22850000,0.22600000,0.22690000,2293223.00000000,1758506399999999,520693.70630000,4842,1238915.00000000,281347.66960000,0
1758506400000000,0.22700000,0.22730000,0.22220000,0.22350000,3652596.00000000,1758509999999999,820180.74890000,7566,1872492.00000000,420426.26550000,0
1758510000000000,0.22350000,0.22470000,0.22340000,0.22420000,1421677.00000000,1758513599999999,318411.74630000,2622,715202.00000000,160138.00770000,0
1758513600000000,0.22410000,0.22500000,0.22310000,0.22400000,1064891.00000000,1758517199999999,238701.19690000,2057,458037.00000000,102699.49630000,0
1758517200000000,0.22400000,0.22410000,0.21870000,0.21880000,2297611.00000000,1758520799999999,508700.24670000,3656,939783.00000000,208340.68270000,0
1758520800000000,0.21880000,0.21900000,0.20180000,0.21440000,25241739.00000000,1758524399999999,5321917.13030000,26533,12272748.00000000,2588118.05230000,0
1758524400000000,0.21430000,0.21460000,0.21180000,0.21180000,4080100.00000000,1758527999999999,871450.23100000,7896,2199421.00000000,469927.57340000,0
1758528000000000,0.21180000,0.21350000,0.21060000,0.21250000,2706726.00000000,1758531599999999,574516.15590000,4972,1204932.00000000,255687.72330000,0
1758531600000000,0.21250000,0.21300000,0.21020000,0.21060000,2269397.00000000,1758535199999999,480694.48720000,4687,1078424.00000000,228453.12710000,0
1758535200000000,0.21060000,0.21370000,0.21040000,0.21340000,1641944.00000000,1758538799999999,348030.32990000,3092,878858.00000000,186144.64890000,0
1758538800000000,0.21330000,0.21350000,0.21150000,0.21210000,2255544.00000000,1758542399999999,479265.26990000,4163,1073622.00000000,228200.09690000,0
1758542400000000,0.21210000,0.21320000,0.21080000,0.21290000,3504686.00000000,1758545999999999,742213.00490000,5049,1895879.00000000,401657.71580000,0
1758546000000000,0.21280000,0.21500000,0.21260000,0.21490000,3558726.00000000,1758549599999999,760724.83760000,5726,2075754.00000000,443724.04520000,0
1758549600000000,0.21490000,0.21520000,0.21300000,0.21370000,3429073.00000000,1758553199999999,734626.12110000,5707,2005219.00000000,429723.71800000,0
1758553200000000,0.21370000,0.21410000,0.21220000,0.21250000,2546645.00000000,1758556799999999,542497.35550000,4412,1334865.00000000,284293.61850000,0
1758556800000000,0.21250000,0.21300000,0.21070000,0.21110000,2255043.00000000,1758560399999999,477993.36410000,4375,1002032.00000000,212520.80350000,0
1758560400000000,0.21110000,0.21140000,0.20970000,0.21060000,3049560.00000000,1758563999999999,642032.17640000,5334,1072070.00000000,225762.09470000,0
1758564000000000,0.21060000,0.21120000,0.21000000,0.21010000,1678483.00000000,1758567599999999,353151.08720000,3101,608850.00000000,128103.96110000,0
1758567600000000,0.21010000,0.21050000,0.20870000,0.20980000,1799702.00000000,1758571199999999,377332.69270000,3667,772604.00000000,161961.46510000,0
1758571200000000,0.20970000,0.21190000,0.20940000,0.21180000,1228111.00000000,1758574799999999,258802.27690000,2209,544045.00000000,114716.79590000,0
1758574800000000,0.21180000,0.21320000,0.21110000,0.21310000,682163.00000000,1758578399999999,144816.98800000,1237,452267.00000000,96063.76490000,0
1758578400000000,0.21310000,0.21350000,0.21250000,0.21300000,774689.00000000,1758581999999999,164966.91530000,1381,344348.00000000,73335.70620000,0
1758582000000000,0.21300000,0.21410000,0.21270000,0.21390000,1089667.00000000,1758585599999999,232664.38270000,1368,698847.00000000,149237.38240000,0
1758585600000000,0.21400000,0.21480000,0.21270000,0.21310000,1520881.00000000,1758589199999999,324902.18990000,2437,581501.00000000,124297.33400000,0
1758589200000000,0.21310000,0.21380000,0.21170000,0.21180000,1129651.00000000,1758592799999999,240210.67190000,2327,618929.00000000,131564.38420000,0
1758592800000000,0.21180000,0.21320000,0.21040000,0.21040000,924109.00000000,1758596399999999,195662.45080000,2450,438493.00000000,92928.28440000,0
1758596400000000,0.21030000,0.21390000,0.20920000,0.21320000,1788623.00000000,1758599999999999,378294.80510000,3235,827821.00000000,175142.58400000,0
1758600000000000,0.21330000,0.21390000,0.21120000,0.21190000,649376.00000000,1758603599999999,137869.50270000,1586,357132.00000000,75774.41920000,0
1758603600000000,0.21180000,0.21460000,0.21130000,0.21400000,1112600.00000000,1758607199999999,237253.53870000,2305,634489.00000000,135165.58410000,0
1758607200000000,0.21400000,0.21660000,0.21340000,0.21630000,2015955.00000000,1758610799999999,434355.47270000,3385,1086894.00000000,234134.55980000,0
1758610800000000,0.21630000,0.21760000,0.21550000,0.21550000,2133901.00000000,1758614399999999,461740.38200000,3820,1198774.00000000,259407.17160000,0
1758614400000000,0.21550000,0.21700000,0.21530000,0.21680000,868439.00000000,1758617999999999,187728.39680000,2290,446110.00000000,96445.28280000,0
1758618000000000,0.21680000,0.21760000,0.21490000,0.21520000,848947.00000000,1758621599999999,183624.94410000,1988,374954.00000000,81076.67690000,0
1758621600000000,0.21520000,0.21640000,0.21510000,0.21590000,561836.00000000,1758625199999999,121239.78750000,1302,314897.00000000,67950.28900000,0
1758625200000000,0.21580000,0.21590000,0.21480000,0.21510000,611484.00000000,1758628799999999,131631.96470000,1285,275372.00000000,59284.15440000,0
1758628800000000,0.21510000,0.21610000,0.21430000,0.21530000,884332.00000000,1758632399999999,190307.84540000,1787,546587.00000000,117619.19570000,0
1758632400000000,0.21520000,0.21690000,0.21480000,0.21520000,975496.00000000,1758635999999999,210274.97310000,2973,414144.00000000,89303.44630000,0
1758636000000000,0.21520000,0.21710000,0.21480000,0.21510000,1187268.00000000,1758639599999999,256193.68550000,3428,575726.00000000,124214.25910000,0
1758639600000000,0.21510000,0.21720000,0.21380000,0.21640000,1655515.00000000,1758643199999999,357888.42340000,3016,958020.00000000,207183.25060000,0
1758643200000000,0.21650000,0.21790000,0.21490000,0.21710000,1387978.00000000,1758646799999999,299975.07150000,3001,729663.00000000,157712.19670000,0
1758646800000000,0.21710000,0.21720000,0.21360000,0.21380000,1222248.00000000,1758650399999999,262890.47820000,3514,535606.00000000,115199.37200000,0
1758650400000000,0.21390000,0.21470000,0.21260000,0.21320000,1443886.00000000,1758653999999999,308475.35940000,3774,587615.00000000,125569.21130000,0
1758654000000000,0.21320000,0.21470000,0.21170000,0.21210000,1050085.00000000,1758657599999999,223513.56850000,2656,521060.00000000,110948.91120000,0
1758657600000000,0.21220000,0.21350000,0.21150000,0.21350000,756095.00000000,1758661199999999,160760.68260000,1687,509276.00000000,108286.56860000,0
1758661200000000,0.21360000,0.21430000,0.21240000,0.21380000,552253.00000000,1758664799999999,117866.55060000,1093,312383.00000000,66680.68820000,0
1758664800000000,0.21390000,0.21410000,0.21220000,0.21240000,851466.00000000,1758668399999999,181403.71610000,1282,326736.00000000,69637.35550000,0
1758668400000000,0.21250000,0.21270000,0.21050000,0.21080000,718876.00000000,1758671999999999,152011.73360000,1528,369335.00000000,78136.59060000,0
1758672000000000,0.21090000,0.21320000,0.21080000,0.21190000,876612.00000000,1758675599999999,186024.31120000,1883,545125.00000000,115640.50940000,0
1758675600000000,0.21190000,0.21450000,0.21140000,0.21430000,587657.00000000,1758679199999999,125533.17000000,1249,375554.00000000,80204.29770000,0
1758679200000000,0.21440000,0.21440000,0.21200000,0.21260000,1008751.00000000,1758682799999999,214641.00110000,2379,558785.00000000,118887.49140000,0
1758682800000000,0.21260000,0.21320000,0.20930000,0.21000000,2666076.00000000,1758686399999999,561109.20870000,4146,1596659.00000000,335981.41830000,0
1758686400000000,0.21000000,0.21320000,0.20720000,0.21200000,3016918.00000000,1758689999999999,632671.10760000,5080,1582476.00000000,331903.38220000,0
1758690000000000,0.21190000,0.21510000,0.21180000,0.21480000,787556.00000000,1758693599999999,167993.80370000,2017,378482.00000000,80784.57220000,0
1758693600000000,0.21470000,0.21510000,0.21370000,0.21460000,3566993.00000000,1758697199999999,764556.01540000,2892,2186093.00000000,468460.01410000,0
1758697200000000,0.21450000,0.21540000,0.21410000,0.21490000,996854.00000000,1758700799999999,213943.58160000,1729,497194.00000000,106710.78540000,0
1758700800000000,0.21500000,0.21540000,0.21450000,0.21500000,1062924.00000000,1758704399999999,228407.64040000,1391,664337.00000000,142747.65330000,0
1758704400000000,0.21500000,0.21610000,0.21460000,0.21490000,502935.00000000,1758707999999999,108269.63200000,1527,203343.00000000,43783.09560000,0
1758708000000000,0.21500000,0.21610000,0.21470000,0.21590000,1017297.00000000,1758711599999999,219062.34940000,1974,531685.00000000,114480.23680000,0
1758711600000000,0.21590000,0.21700000,0.21560000,0.21650000,1402011.00000000,1758715199999999,303476.09100000,1804,634522.00000000,137373.86260000,0
1758715200000000,0.21660000,0.21800000,0.21620000,0.21650000,3226304.00000000,1758718799999999,700585.60100000,2897,2028026.00000000,440306.82080000,0
1758718800000000,0.21650000,0.21710000,0.21480000,0.21480000,1973916.00000000,1758722399999999,427075.59100000,2815,856423.00000000,185387.11890000,0
1758722400000000,0.21490000,0.21850000,0.21480000,0.21760000,1034410.00000000,1758725999999999,224547.42250000,2590,610422.00000000,132431.64650000,0
1758726000000000,0.21760000,0.21790000,0.21600000,0.21620000,801235.00000000,1758729599999999,173807.91060000,2015,332452.00000000,72163.65560000,0
1758729600000000,0.21620000,0.21700000,0.21560000,0.21690000,599808.00000000,1758733199999999,129782.74130000,1549,310512.00000000,67192.14550000,0
1758733200000000,0.21680000,0.21830000,0.21680000,0.21750000,2486583.00000000,1758736799999999,540833.64320000,2236,1194692.00000000,259711.43390000,0
1758736800000000,0.21750000,0.21770000,0.21640000,0.21680000,479814.00000000,1758740399999999,104166.73650000,1195,212863.00000000,46215.40520000,0
1758740400000000,0.21680000,0.21680000,0.21560000,0.21640000,548180.00000000,1758743999999999,118638.09070000,1417,264085.00000000,57160.88680000,0
1758744000000000,0.21650000,0.21660000,0.21500000,0.21600000,679098.00000000,1758747599999999,146713.85280000,1089,185719.00000000,40095.51810000,0
1758747600000000,0.21590000,0.21590000,0.21320000,0.21360000,520848.00000000,1758751199999999,111923.62170000,856,256019.00000000,55067.55140000,0
1758751200000000,0.21360000,0.21500000,0.21350000,0.21400000,821670.00000000,1758754799999999,175985.97020000,1818,439858.00000000,94205.81950000,0
1758754800000000,0.21390000,0.21420000,0.21230000,0.21280000,868923.00000000,1758758399999999,185248.66490000,1992,329706.00000000,70286.32300000,0
1758758400000000,0.21290000,0.21350000,0.21090000,0.21150000,1444167.00000000,1758761999999999,306519.22810000,2958,619569.00000000,131472.20600000,0
1758762000000000,0.21150000,0.21210000,0.21010000,0.21060000,2541017.00000000,1758765599999999,536346.27320000,4030,1238907.00000000,261545.48030000,0
1758765600000000,0.21060000,0.21330000,0.20970000,0.21200000,2138826.00000000,1758769199999999,452779.61630000,3391,1017049.00000000,215234.45790000,0
1758769200000000,0.21200000,0.21200000,0.20880000,0.21050000,1385476.00000000,1758772799999999,290918.95070000,2616,658419.00000000,138250.82460000,0
1758772800000000,0.21040000,0.21140000,0.20650000,0.20740000,3524088.00000000,1758776399999999,735366.71440000,4982,1443067.00000000,300950.63820000,0
1758776400000000,0.20740000,0.20990000,0.20650000,0.20810000,2123092.00000000,1758779999999999,442338.95040000,2940,825983.00000000,171945.42160000,0
1758780000000000,0.20800000,0.20820000,0.20590000,0.20650000,2445144.00000000,1758783599999999,505837.77020000,3097,1252784.00000000,259290.39100000,0
1758783600000000,0.20650000,0.20820000,0.20620000,0.20660000,1528244.00000000,1758787199999999,316738.57070000,2805,680824.00000000,141092.07400000,0
1758787200000000,0.20670000,0.20810000,0.20620000,0.20700000,1263483.00000000,1758790799999999,261679.37080000,2357,631321.00000000,130865.85320000,0
1758790800000000,0.20700000,0.20870000,0.20580000,0.20580000,2455448.00000000,1758794399999999,509594.96510000,3374,1126164.00000000,233896.94890000,0
1758794400000000,0.20590000,0.20800000,0.20570000,0.20640000,2028146.00000000,1758797999999999,419894.94880000,1585,1044724.00000000,216255.58540000,0
1758798000000000,0.20640000,0.20690000,0.20500000,0.20560000,1725701.00000000,1758801599999999,355696.84360000,1644,990863.00000000,204281.31660000,0
1758801600000000,0.20560000,0.20780000,0.20200000,0.20660000,5955824.00000000,1758805199999999,1218833.68530000,5102,3046000.00000000,623499.39980000,0
1758805200000000,0.20660000,0.20980000,0.20580000,0.20690000,5435485.00000000,1758808799999999,1127261.52450000,3639,2375436.00000000,493197.82320000,0
1758808800000000,0.20700000,0.21130000,0.20700000,0.20900000,2836963.00000000,1758812399999999,594450.97020000,2736,1384422.00000000,290043.66030000,0
1758812400000000,0.20890000,0.20920000,0.20760000,0.20850000,2782738.00000000,1758815999999999,579923.43680000,1916,1429819.00000000,298016.70500000,0
1758816000000000,0.20840000,0.20900000,0.20470000,0.20500000,1870104.00000000,1758819599999999,386411.29800000,1905,869442.00000000,179741.33230000,0
1758819600000000,0.20500000,0.20500000,0.20000000,0.20090000,6950114.00000000,1758823199999999,1407718.66410000,6211,3119138.00000000,631765.32650000,0
1758823200000000,0.20090000,0.20770000,0.20020000,0.20750000,4938130.00000000,1758826799999999,1007063.90200000,4264,2702903.00000000,551476.36550000,0
1758826800000000,0.20750000,0.20840000,0.20530000,0.20600000,1399067.00000000,1758830399999999,289869.14960000,1523,635525.00000000,131733.20810000,0
1758830400000000,0.20590000,0.20630000,0.20330000,0.20400000,1345495.00000000,1758833999999999,275659.20630000,1517,641811.00000000,131662.41440000,0
1758834000000000,0.20400000,0.20600000,0.20340000,0.20560000,1924401.00000000,1758837599999999,393878.93460000,1614,987740.00000000,202212.78130000,0
1758837600000000,0.20540000,0.20680000,0.20350000,0.20430000,1185408.00000000,1758841199999999,243426.05300000,1365,644299.00000000,132329.85300000,0
1758841200000000,0.20430000,0.20540000,0.20110000,0.20290000,2474442.00000000,1758844799999999,501030.37160000,2261,1098713.00000000,222430.47140000,0
1758844800000000,0.20290000,0.20610000,0.20220000,0.20560000,1405002.00000000,1758848399999999,285986.55780000,1608,798486.00000000,162504.43640000,0
1758848400000000,0.20560000,0.20690000,0.20460000,0.20590000,1591802.00000000,1758851999999999,327746.10760000,1719,755178.00000000,155433.36050000,0
1758852000000000,0.20580000,0.20680000,0.20490000,0.20550000,510831.00000000,1758855599999999,105093.16870000,990,255813.00000000,52632.33920000,0
1758855600000000,0.20550000,0.20600000,0.20450000,0.20550000,780518.00000000,1758859199999999,160072.23330000,1045,428408.00000000,87889.61490000,0
1758859200000000,0.20540000,0.20580000,0.20400000,0.20440000,705185.00000000,1758862799999999,144717.31020000,920,379781.00000000,77939.33750000,0
1758862800000000,0.20450000,0.20590000,0.20330000,0.20370000,743830.00000000,1758866399999999,151864.24180000,1059,285624.00000000,58340.11960000,0
1758866400000000,0.20380000,0.20540000,0.20280000,0.20340000,2078382.00000000,1758869999999999,423965.56070000,1767,1020569.00000000,208148.94310000,0
1758870000000000,0.20350000,0.20450000,0.20220000,0.20370000,1934391.00000000,1758873599999999,393559.40550000,1521,907822.00000000,184776.54600000,0
1758873600000000,0.20380000,0.20490000,0.20380000,0.20420000,1578301.00000000,1758877199999999,322530.34220000,1352,668150.00000000,136514.46490000,0
1758877200000000,0.20430000,0.20470000,0.20220000,0.20300000,1337274.00000000,1758880799999999,271987.96980000,1444,618540.00000000,125847.32320000,0
1758880800000000,0.20290000,0.20300000,0.20040000,0.20120000,1496618.00000000,1758884399999999,301102.80240000,1669,641304.00000000,128979.36150000,0
1758884400000000,0.20110000,0.20280000,0.20000000,0.20230000,1046703.00000000,1758887999999999,210478.32660000,1184,588948.00000000,118454.48220000,0
1758888000000000,0.20220000,0.20580000,0.20010000,0.20420000,3161995.00000000,1758891599999999,641722.58210000,3517,1595494.00000000,323951.30210000,0
1758891600000000,0.20420000,0.20640000,0.20290000,0.20590000,2593730.00000000,1758895199999999,531384.44720000,2552,1307419.00000000,267800.63330000,0
1758895200000000,0.20590000,0.20620000,0.20310000,0.20380000,5710985.00000000,1758898799999999,1171342.61300000,3084,3262025.00000000,669157.48760000,0
1758898800000000,0.20400000,0.20600000,0.20390000,0.20500000,1595210.00000000,1758902399999999,327202.60680000,1591,668224.00000000,137040.38510000,0
1758902400000000,0.20490000,0.20800000,0.20470000,0.20770000,1497307.00000000,1758905999999999,309171.03540000,1461,804914.00000000,166144.11030000,0
1758906000000000,0.20770000,0.21040000,0.20740000,0.21000000,2287857.00000000,1758909599999999,478863.53790000,1637,1058396.00000000,221603.92070000,0
1758909600000000,0.21000000,0.21080000,0.20960000,0.21030000,1315205.00000000,1758913199999999,276492.64870000,1191,694921.00000000,146109.92880000,0
1758913200000000,0.21030000,0.21040000,0.20790000,0.20880000,1698307.00000000,1758916799999999,354691.41120000,1411,795271.00000000,166147.38430000,0
1758916800000000,0.20880000,0.20920000,0.20790000,0.20800000,970272.00000000,1758920399999999,202241.48920000,769,478424.00000000,99765.92370000,0
1758920400000000,0.20800000,0.20920000,0.20750000,0.20880000,1263978.00000000,1758923999999999,263447.80380000,870,538907.00000000,112247.60530000,0
1758924000000000,0.20880000,0.20950000,0.20840000,0.20840000,723624.00000000,1758927599999999,151117.89330000,674,372667.00000000,77840.86240000,0
1758927600000000,0.20830000,0.20880000,0.20780000,0.20850000,490865.00000000,1758931199999999,102233.48800000,515,323804.00000000,67426.15030000,0
1758931200000000,0.20850000,0.20850000,0.20740000,0.20800000,642995.00000000,1758934799999999,133762.13930000,587,472116.00000000,98227.99890000,0
1758934800000000,0.20800000,0.20810000,0.20670000,0.20680000,500990.00000000,1758938399999999,103887.68400000,541,211212.00000000,43798.29750000,0
1758938400000000,0.20680000,0.20710000,0.20620000,0.20620000,417831.00000000,1758941999999999,86333.70260000,613,212334.00000000,43880.47380000,0
1758942000000000,0.20620000,0.20750000,0.20620000,0.20670000,856692.00000000,1758945599999999,177194.23420000,724,499884.00000000,103422.72800000,0
1758945600000000,0.20660000,0.20730000,0.20640000,0.20700000,453687.00000000,1758949199999999,93855.56210000,618,293660.00000000,60745.36160000,0
1758949200000000,0.20700000,0.20750000,0.20620000,0.20690000,1177005.00000000,1758952799999999,243429.32540000,905,675008.00000000,139550.86180000,0
1758952800000000,0.20700000,0.20700000,0.20620000,0.20650000,402790.00000000,1758956399999999,83178.22410000,620,178810.00000000,36922.38640000,0
1758956400000000,0.20660000,0.20710000,0.20570000,0.20580000,768675.00000000,1758959999999999,158600.00980000,710,410847.00000000,84834.44170000,0
1758960000000000,0.20590000,0.20590000,0.20490000,0.20490000,917723.00000000,1758963599999999,188517.17940000,958,357656.00000000,73453.32950000,0
1758963600000000,0.20490000,0.20650000,0.20410000,0.20640000,794741.00000000,1758967199999999,163000.38830000,792,340809.00000000,69918.40490000,0
1758967200000000,0.20640000,0.20770000,0.20600000,0.20690000,572304.00000000,1758970799999999,118371.44320000,693,338524.00000000,70051.86950000,0
1758970800000000,0.20700000,0.20730000,0.20630000,0.20690000,346704.00000000,1758974399999999,71711.88590000,542,203462.00000000,42086.30720000,0
1758974400000000,0.20690000,0.20810000,0.20620000,0.20780000,755810.00000000,1758977999999999,156669.75590000,696,471345.00000000,97662.19340000,0
1758978000000000,0.20770000,0.20790000,0.20680000,0.20680000,407931.00000000,1758981599999999,84508.92880000,579,259672.00000000,53790.33040000,0
1758981600000000,0.20690000,0.20760000,0.20670000,0.20690000,1058385.00000000,1758985199999999,219209.52320000,702,709731.00000000,147062.05930000,0
1758985200000000,0.20700000,0.20730000,0.20570000,0.20710000,782428.00000000,1758988799999999,161677.03950000,756,354794.00000000,73345.57420000,0
1758988800000000,0.20720000,0.20730000,0.20600000,0.20620000,664687.00000000,1758992399999999,137380.83150000,592,279677.00000000,57766.84560000,0
1758992400000000,0.20620000,0.20620000,0.20460000,0.20590000,840154.00000000,1758995999999999,172618.43570000,842,360391.00000000,74029.27810000,0
1758996000000000,0.20580000,0.20590000,0.20440000,0.20510000,484772.00000000,1758999599999999,99368.28390000,547,278548.00000000,57081.89510000,0
1758999600000000,0.20510000,0.20590000,0.20460000,0.20560000,226800.00000000,1759003199999999,46548.29780000,460,153517.00000000,31507.40100000,0
1759003200000000,0.20570000,0.20630000,0.20520000,0.20550000,909424.00000000,1759006799999999,187004.90700000,646,268229.00000000,55208.68660000,0
1759006800000000,0.20550000,0.20700000,0.20520000,0.20640000,597525.00000000,1759010399999999,123170.38730000,741,360752.00000000,74372.32140000,0
1759010400000000,0.20650000,0.20770000,0.20630000,0.20640000,692271.00000000,1759013999999999,143135.26800000,721,374048.00000000,77362.75350000,0
1759014000000000,0.20640000,0.20670000,0.20550000,0.20560000,628870.00000000,1759017599999999,129640.94870000,795,377922.00000000,77944.71480000,0
1759017600000000,0.20570000,0.20610000,0.20450000,0.20470000,1333821.00000000,1759021199999999,273983.34350000,1191,683448.00000000,140369.59810000,0
1759021200000000,0.20470000,0.20480000,0.20300000,0.20340000,685548.00000000,1759024799999999,139712.99020000,889,346123.00000000,70516.10610000,0
1759024800000000,0.20330000,0.20400000,0.20300000,0.20340000,628414.00000000,1759028399999999,127787.27300000,674,414699.00000000,84341.23840000,0
1759028400000000,0.20340000,0.20390000,0.20280000,0.20350000,289269.00000000,1759031999999999,58825.62920000,448,127043.00000000,25839.56840000,0
1759032000000000,0.20350000,0.20380000,0.20270000,0.20360000,476796.00000000,1759035599999999,96927.95200000,526,310965.00000000,63226.53930000,0
1759035600000000,0.20350000,0.20390000,0.20250000,0.20270000,576404.00000000,1759039199999999,117122.57840000,705,325006.00000000,66054.84510000,0
1759039200000000,0.20270000,0.20300000,0.20130000,0.20240000,1014341.00000000,1759042799999999,205008.02290000,1065,447734.00000000,90516.43520000,0
1759042800000000,0.20240000,0.20300000,0.20190000,0.20240000,625669.00000000,1759046399999999,126632.01280000,613,368383.00000000,74544.88160000,0
1759046400000000,0.20250000,0.20300000,0.20190000,0.20200000,918246.00000000,1759049999999999,185738.93260000,822,387039.00000000,78325.07360000,0
1759050000000000,0.20190000,0.20220000,0.20110000,0.20150000,461480.00000000,1759053599999999,93045.61010000,690,192161.00000000,38748.25080000,0
1759053600000000,0.20150000,0.20190000,0.20060000,0.20180000,1288568.00000000,1759057199999999,259630.90230000,1213,687474.00000000,138548.96540000,0
1759057200000000,0.20170000,0.20190000,0.20060000,0.20110000,1251018.00000000,1759060799999999,251576.90690000,1118,658142.00000000,132346.00400000,0
1759060800000000,0.20120000,0.20120000,0.20000000,0.20040000,1098312.00000000,1759064399999999,220033.65240000,1152,502695.00000000,100727.19030000,0
1759064400000000,0.20050000,0.20360000,0.20030000,0.20320000,1077076.00000000,1759067999999999,217770.86930000,1125,666073.00000000,134640.11910000,0
1759068000000000,0.20320000,0.20400000,0.20260000,0.20370000,727405.00000000,1759071599999999,147843.31680000,896,333965.00000000,67912.86240000,0
1759071600000000,0.20350000,0.20420000,0.20330000,0.20390000,826255.00000000,1759075199999999,168331.17970000,882,404326.00000000,82391.46480000,0
1759075200000000,0.20390000,0.20570000,0.20360000,0.20460000,1033215.00000000,1759078799999999,211142.93550000,957,478772.00000000,97859.92530000,0
1759078800000000,0.20460000,0.20520000,0.20370000,0.20440000,566846.00000000,1759082399999999,115905.88370000,666,278089.00000000,56845.74910000,0
1759082400000000,0.20440000,0.20450000,0.20400000,0.20440000,402597.00000000,1759085999999999,82191.08020000,432,239019.00000000,48805.90420000,0
1759086000000000,0.20450000,0.20470000,0.20380000,0.20450000,589058.00000000,1759089599999999,120340.09690000,505,291428.00000000,59545.00970000,0
1759089600000000,0.20450000,0.20640000,0.20430000,0.20550000,1411973.00000000,1759093199999999,290419.45860000,1051,732084.00000000,150650.80520000,0
1759093200000000,0.20550000,0.20610000,0.20470000,0.20510000,551651.00000000,1759096799999999,113294.40990000,550,260855.00000000,53564.92570000,0
1759096800000000,0.20520000,0.20890000,0.20520000,0.20840000,1436127.00000000,1759100399999999,297706.84370000,1387,844916.00000000,175094.16550000,0
1759100400000000,0.20840000,0.20870000,0.20770000,0.20800000,552642.00000000,1759103999999999,114981.60810000,668,307477.00000000,63981.61640000,0
1759104000000000,0.20810000,0.20840000,0.20720000,0.20830000,1053867.00000000,1759107599999999,219009.16220000,928,623213.00000000,129550.00240000,0
1759107600000000,0.20830000,0.20850000,0.20720000,0.20720000,590889.00000000,1759111199999999,122806.88060000,671,308799.00000000,64189.93350000,0
1759111200000000,0.20730000,0.20840000,0.20690000,0.20770000,806047.00000000,1759114799999999,167298.27140000,585,537857.00000000,111618.55220000,0
1759114800000000,0.20760000,0.20780000,0.20680000,0.20740000,600441.00000000,1759118399999999,124409.10660000,543,267754.00000000,55494.07510000,0
1759118400000000,0.20750000,0.20750000,0.20630000,0.20660000,254562.00000000,1759121999999999,52639.57250000,345,123381.00000000,25520.40980000,0
1759122000000000,0.20650000,0.20670000,0.20560000,0.20650000,709266.00000000,1759125599999999,146199.21190000,611,472585.00000000,97429.07620000,0
1759125600000000,0.20660000,0.20670000,0.20520000,0.20530000,542700.00000000,1759129199999999,111803.68460000,707,286615.00000000,59077.20600000,0
1759129200000000,0.20530000,0.20670000,0.20490000,0.20600000,597230.00000000,1759132799999999,123047.32080000,656,263794.00000000,54332.70730000,0
1759132800000000,0.20600000,0.20770000,0.20570000,0.20710000,629760.00000000,1759136399999999,130190.22750000,722,341401.00000000,70573.53200000,0
1759136400000000,0.20710000,0.20770000,0.20630000,0.20670000,527390.00000000,1759139999999999,109238.52770000,628,332343.00000000,68851.57650000,0
1759140000000000,0.20680000,0.20730000,0.20540000,0.20540000,1273481.00000000,1759143599999999,263099.23500000,918,592594.00000000,122537.64830000,0
1759143600000000,0.20530000,0.20550000,0.20410000,0.20500000,659702.00000000,1759147199999999,135044.47590000,739,387156.00000000,79276.74640000,0
1759147200000000,0.20500000,0.20640000,0.20440000,0.20510000,7011629.00000000,1759150799999999,1439246.88840000,4329,5102973.00000000,1047621.63900000,0
1759150800000000,0.20500000,0.20750000,0.20350000,0.20680000,12811427.00000000,1759154399999999,2625536.36110000,6687,4888161.00000000,1002519.51910000,0
1759154400000000,0.20690000,0.20900000,0.20620000,0.20880000,3218377.00000000,1759157999999999,668033.95490000,2411,1584365.00000000,328866.05520000,0
1759158000000000,0.20880000,0.20970000,0.20720000,0.20750000,1716569.00000000,1759161599999999,357243.74290000,1732,758661.00000000,157771.10780000,0
1759161600000000,0.20750000,0.20860000,0.20570000,0.20580000,1626079.00000000,1759165199999999,337120.37040000,1404,639904.00000000,132787.19850000,0
1759165200000000,0.20580000,0.20870000,0.20490000,0.20800000,1364715.00000000,1759168799999999,281910.06380000,1546,787298.00000000,162720.85880000,0
1759168800000000,0.20790000,0.20790000,0.20610000,0.20710000,872168.00000000,1759172399999999,180389.99360000,982,452099.00000000,93508.23210000,0
1759172400000000,0.20720000,0.20900000,0.20700000,0.20890000,1601005.00000000,1759175999999999,333251.41800000,1132,977785.00000000,203582.04550000,0
1759176000000000,0.20890000,0.21050000,0.20850000,0.21040000,1375277.00000000,1759179599999999,288423.23800000,1170,644041.00000000,135032.93740000,0
1759179600000000,0.21040000,0.21060000,0.20910000,0.20930000,876562.00000000,1759183199999999,183838.84930000,736,580062.00000000,121643.65290000,0
1759183200000000,0.20940000,0.20960000,0.20830000,0.20870000,547569.00000000,1759186799999999,114392.08380000,594,256675.00000000,53631.37360000,0
1759186800000000,0.20870000,0.20890000,0.20750000,0.20760000,431462.00000000,1759190399999999,89778.40210000,573,209251.00000000,43541.19190000,0
1759190400000000,0.20760000,0.20820000,0.20570000,0.20590000,1930999.00000000,1759193999999999,399554.94850000,1777,852370.00000000,176415.61140000,0
1759194000000000,0.20600000,0.20740000,0.20480000,0.20580000,946706.00000000,1759197599999999,194878.66280000,1154,467167.00000000,96125.12840000,0
1759197600000000,0.20570000,0.20630000,0.20530000,0.20530000,788460.00000000,1759201199999999,162253.12710000,789,361234.00000000,74342.40620000,0
1759201200000000,0.20530000,0.20640000,0.20490000,0.20510000,575278.00000000,1759204799999999,118278.35930000,690,341158.00000000,70153.49090000,0
1759204800000000,0.20520000,0.20630000,0.20490000,0.20570000,469501.00000000,1759208399999999,96537.10400000,704,273682.00000000,56269.52070000,0
1759208400000000,0.20560000,0.20630000,0.20500000,0.20580000,718737.00000000,1759211999999999,147770.02300000,767,348889.00000000,71755.74100000,0
1759212000000000,0.20580000,0.20630000,0.20530000,0.20550000,751658.00000000,1759215599999999,154641.97460000,782,428974.00000000,88266.27950000,0
1759215600000000,0.20550000,0.20600000,0.20360000,0.20420000,996092.00000000,1759219199999999,204041.71650000,1033,496942.00000000,101792.52590000,0
1759219200000000,0.20430000,0.20430000,0.20320000,0.20320000,838530.00000000,1759222799999999,170825.13680000,790,450140.00000000,91723.80240000,0
1759222800000000,0.20330000,0.20400000,0.20260000,0.20290000,710021.00000000,1759226399999999,144135.57810000,949,320969.00000000,65156.19920000,0
1759226400000000,0.20290000,0.20430000,0.20260000,0.20370000,519380.00000000,1759229999999999,105698.93240000,734,316645.00000000,64439.45020000,0
1759230000000000,0.20380000,0.20440000,0.20290000,0.20410000,861259.00000000,1759233599999999,175349.02010000,825,532414.00000000,108392.67880000,0
1759233600000000,0.20410000,0.20480000,0.20360000,0.20380000,2752202.00000000,1759237199999999,562279.66150000,1321,2025033.00000000,413782.59450000,0
1759237200000000,0.20370000,0.20580000,0.20310000,0.20470000,1896334.00000000,1759240799999999,387447.28910000,1654,1250439.00000000,255378.11640000,0
1759240800000000,0.20470000,0.20580000,0.20320000,0.20460000,2580225.00000000,1759244399999999,527930.17060000,2135,1423307.00000000,291121.36730000,0
1759244400000000,0.20460000,0.20480000,0.20110000,0.20270000,1679654.00000000,1759247999999999,339970.85180000,1763,819175.00000000,165877.57240000,0
1759248000000000,0.20270000,0.20420000,0.20230000,0.20310000,810663.00000000,1759251599999999,164675.67830000,1055,393400.00000000,79988.19910000,0
1759251600000000,0.20310000,0.20440000,0.20270000,0.20280000,1033172.00000000,1759255199999999,210408.72580000,1390,465675.00000000,94881.12280000,0
1759255200000000,0.20280000,0.20500000,0.20210000,0.20490000,725107.00000000,1759258799999999,147931.10610000,913,362731.00000000,73990.62470000,0
1759258800000000,0.20500000,0.20980000,0.20480000,0.20940000,2859973.00000000,1759262399999999,591910.85650000,1808,1751880.00000000,362222.91570000,0
1759262400000000,0.20940000,0.21040000,0.20860000,0.20990000,1345684.00000000,1759265999999999,281734.95520000,1161,771552.00000000,161614.96890000,0
1759266000000000,0.20990000,0.21030000,0.20870000,0.20870000,1072984.00000000,1759269599999999,224989.16870000,975,491975.00000000,103191.02480000,0
1759269600000000,0.20880000,0.20990000,0.20740000,0.20770000,984439.00000000,1759273199999999,205722.24810000,1001,456496.00000000,95416.03630000,0
1759273200000000,0.20760000,0.20820000,0.20680000,0.20790000,746562.00000000,1759276799999999,154881.71500000,765,356564.00000000,73998.02210000,0
