1751328000000000,0.18550000,0.18940000,0.18390000,0.18800000,6446203.00000000,1751331599999999,1205806.24520000,9476,3514848.00000000,656954.75940000,0
1751331600000000,0.18810000,0.19080000,0.18740000,0.18930000,4739256.00000000,1751335199999999,898132.89440000,7259,2421298.00000000,459044.13580000,0
1751335200000000,0.18930000,0.19220000,0.18890000,0.19030000,5405974.00000000,1751338799999999,1030593.85330000,7820,2230214.00000000,425300.63740000,0
1751338800000000,0.19030000,0.19200000,0.18930000,0.19080000,2259809.00000000,1751342399999999,431412.82360000,4784,1138336.00000000,217370.07280000,0
1751342400000000,0.19080000,0.19140000,0.18630000,0.18670000,2128707.00000000,1751345999999999,402138.75570000,4162,875636.00000000,165409.38290000,0
1751346000000000,0.18680000,0.18760000,0.18580000,0.18730000,1300604.00000000,1751349599999999,242887.87870000,3054,676037.00000000,126273.23500000,0
1751349600000000,0.18730000,0.18750000,0.18600000,0.18670000,1057012.00000000,1751353199999999,197402.97570000,2486,432449.00000000,80800.87380000,0
1751353200000000,0.18660000,0.18770000,0.18390000,0.18720000,1927392.00000000,1751356799999999,357668.14990000,3505,1026308.00000000,190713.59170000,0
1751356800000000,0.18720000,0.18860000,0.18620000,0.18650000,1764611.00000000,1751360399999999,330585.67140000,3515,1027060.00000000,192482.88600000,0
1751360400000000,0.18660000,0.18840000,0.18630000,0.18730000,1452215.00000000,1751363999999999,271975.76220000,2962,688518.00000000,129066.09960000,0
1751364000000000,0.18720000,0.18890000,0.18520000,0.18630000,2438783.00000000,1751367599999999,456409.43460000,4474,1055896.00000000,197700.33480000,0
1751367600000000,0.18630000,0.18660000,0.18430000,0.18610000,1131313.00000000,1751371199999999,209954.45930000,2224,361922.00000000,67113.90360000,0
1751371200000000,0.18610000,0.18700000,0.18240000,0.18260000,1820295.00000000,1751374799999999,335059.40080000,3922,596562.00000000,109908.30370000,0
1751374800000000,0.18260000,0.18460000,0.18170000,0.18410000,1738981.00000000,1751378399999999,318429.47230000,4041,835572.00000000,153035.44330000,0
1751378400000000,0.18420000,0.18510000,0.18120000,0.18270000,1799991.00000000,1751381999999999,329166.25570000,4257,811906.00000000,148498.23730000,0
1751382000000000,0.18270000,0.18310000,0.18110000,0.18120000,1112508.00000000,1751385599999999,202520.15180000,2742,571430.00000000,104025.14340000,0
1751385600000000,0.18110000,0.18110000,0.17790000,0.17880000,2392692.00000000,1751389199999999,430087.89610000,3200,1183194.00000000,212729.69060000,0
1751389200000000,0.17880000,0.17880000,0.17260000,0.17370000,7665944.00000000,1751392799999999,1339310.41520000,8074,3476142.00000000,607782.11310000,0
1751392800000000,0.17380000,0.17400000,0.17170000,0.17310000,3259008.00000000,1751396399999999,563800.42660000,4689,2086501.00000000,361051.67120000,0
1751396400000000,0.17310000,0.17380000,0.16980000,0.17080000,6836971.00000000,1751399999999999,1172878.69180000,9032,2677027.00000000,459281.10870000,0
1751400000000000,0.17070000,0.17230000,0.16940000,0.17150000,3502279.00000000,1751403599999999,599980.28610000,4469,2414031.00000000,413819.89800000,0
1751403600000000,0.17150000,0.17290000,0.17090000,0.17180000,1375402.00000000,1751407199999999,236497.40640000,2416,716479.00000000,123258.88300000,0
1751407200000000,0.17180000,0.17220000,0.17100000,0.17130000,835143.00000000,1751410799999999,143149.00720000,1442,344165.00000000,59000.49200000,0
1751410800000000,0.17140000,0.17160000,0.17030000,0.17090000,1309770.00000000,1751414399999999,223840.16710000,2002,752239.00000000,128537.14820000,0
1751414400000000,0.17090000,0.17230000,0.17060000,0.17130000,1335903.00000000,1751417999999999,229126.35580000,1923,705644.00000000,121035.23080000,0
1751418000000000,0.17130000,0.17370000,0.17110000,0.17240000,1685171.00000000,1751421599999999,290520.75030000,2944,954291.00000000,164464.61520000,0
1751421600000000,0.17250000,0.17300000,0.17120000,0.17140000,1198147.00000000,1751425199999999,206074.48450000,1890,599644.00000000,103216.39100000,0
1751425200000000,0.17150000,0.17310000,0.17130000,0.17210000,761857.00000000,1751428799999999,131258.61910000,1711,399393.00000000,68796.77310000,0
1751428800000000,0.17220000,0.17400000,0.17210000,0.17380000,708419.00000000,1751432399999999,122647.55060000,1590,455413.00000000,78818.54580000,0
1751432400000000,0.17390000,0.17580000,0.17350000,0.17460000,1391211.00000000,1751435999999999,243322.10630000,3299,923313.00000000,161531.71430000,0
1751436000000000,0.17470000,0.17610000,0.17420000,0.17600000,1208528.00000000,1751439599999999,211806.69590000,2379,655687.00000000,114932.68270000,0
1751439600000000,0.17600000,0.17620000,0.17400000,0.17480000,884968.00000000,1751443199999999,154901.19250000,1939,436394.00000000,76421.08580000,0
1751443200000000,0.17490000,0.17600000,0.17490000,0.17590000,955058.00000000,1751446799999999,167601.66180000,1454,518224.00000000,90960.88330000,0
1751446800000000,0.17590000,0.17660000,0.17520000,0.17560000,753309.00000000,1751450399999999,132525.61470000,1360,385468.00000000,67830.47140000,0
1751450400000000,0.17560000,0.17620000,0.17480000,0.17550000,4346726.00000000,1751453999999999,762738.73080000,6867,1476711.00000000,259289.35820000,0
1751454000000000,0.17560000,0.17600000,0.17340000,0.17400000,4541524.00000000,1751457599999999,793881.74000000,5968,1502729.00000000,262544.59910000,0
1751457600000000,0.17400000,0.17430000,0.17220000,0.17330000,8301897.00000000,1751461199999999,1436438.15200000,17786,2884258.00000000,499141.79270000,0
1751461200000000,0.17310000,0.17590000,0.17300000,0.17540000,2201131.00000000,1751464799999999,383795.74280000,3326,1358266.00000000,236849.77120000,0
1751464800000000,0.17540000,0.17740000,0.17540000,0.17670000,1698040.00000000,1751468399999999,299540.63370000,2896,904710.00000000,159613.62690000,0
1751468400000000,0.17680000,0.17880000,0.17680000,0.17860000,1850248.00000000,1751471999999999,329268.31900000,3241,1016192.00000000,180841.57550000,0
1751472000000000,0.17860000,0.18330000,0.17840000,0.18250000,4612151.00000000,1751475599999999,836947.74930000,9870,2479867.00000000,449653.99980000,0
1751475600000000,0.18250000,0.18330000,0.17930000,0.18070000,2820364.00000000,1751479199999999,510467.37610000,4890,1081266.00000000,196086.44010000,0
1751479200000000,0.18080000,0.18250000,0.18080000,0.18200000,1118449.00000000,1751482799999999,203242.58350000,2143,588246.00000000,106887.53600000,0
1751482800000000,0.18210000,0.18320000,0.18170000,0.18310000,1010301.00000000,1751486399999999,184452.73370000,1962,453073.00000000,82727.93490000,0
1751486400000000,0.18310000,0.18360000,0.18230000,0.18230000,2112165.00000000,1751489999999999,386342.39240000,3317,953863.00000000,174493.09550000,0
1751490000000000,0.18230000,0.18390000,0.18200000,0.18370000,1194072.00000000,1751493599999999,218195.64030000,2050,589582.00000000,107737.59050000,0
1751493600000000,0.18380000,0.18420000,0.18220000,0.18260000,999931.00000000,1751497199999999,182973.88880000,2078,383767.00000000,70314.12920000,0
1751497200000000,0.18270000,0.18290000,0.18040000,0.18110000,1123818.00000000,1751500799999999,203692.62280000,2215,414104.00000000,75051.88770000,0
1751500800000000,0.18120000,0.18290000,0.18120000,0.18240000,1024032.00000000,1751504399999999,186208.35210000,1906,562475.00000000,102343.64330000,0
1751504400000000,0.18250000,0.18400000,0.18200000,0.18380000,736702.00000000,1751507999999999,134836.09490000,1748,366836.00000000,67150.96560000,0
1751508000000000,0.18380000,0.18440000,0.18300000,0.18430000,723694.00000000,1751511599999999,132906.79420000,1482,357596.00000000,65683.77650000,0
1751511600000000,0.18440000,0.18470000,0.18270000,0.18280000,540277.00000000,1751515199999999,99219.38430000,1402,191284.00000000,35160.72130000,0
1751515200000000,0.18270000,0.18460000,0.18220000,0.18430000,727319.00000000,1751518799999999,133488.63920000,1781,307546.00000000,56470.72100000,0
1751518800000000,0.18440000,0.18660000,0.18390000,0.18630000,1405368.00000000,1751522399999999,260245.64470000,2592,855304.00000000,158466.33640000,0
1751522400000000,0.18640000,0.18800000,0.18590000,0.18790000,1176439.00000000,1751525999999999,220144.91210000,1887,707517.00000000,132452.95620000,0
1751526000000000,0.18790000,0.18830000,0.18670000,0.18730000,1699226.00000000,1751529599999999,318813.34000000,1958,653208.00000000,122580.58030000,0
1751529600000000,0.18740000,0.18870000,0.18610000,0.18610000,1166164.00000000,1751533199999999,218888.98610000,2191,592695.00000000,111242.46190000,0
1751533200000000,0.18610000,0.18780000,0.18600000,0.18750000,1958493.00000000,1751536799999999,366164.64200000,2296,1241757.00000000,232074.82540000,0
1751536800000000,0.18760000,0.18760000,0.18540000,0.18630000,854802.00000000,1751540399999999,159319.20060000,1676,379691.00000000,70786.31900000,0
1751540400000000,0.18630000,0.18670000,0.18490000,0.18550000,807074.00000000,1751543999999999,149821.66760000,1532,382106.00000000,70961.96760000,0
1751544000000000,0.18540000,0.18750000,0.18270000,0.18500000,2717570.00000000,1751547599999999,502462.65050000,5130,1258571.00000000,232864.11620000,0
1751547600000000,0.18500000,0.18800000,0.18430000,0.18740000,1653456.00000000,1751551199999999,307846.19790000,3517,872575.00000000,162571.33790000,0
1751551200000000,0.18740000,0.18830000,0.18410000,0.18470000,1792026.00000000,1751554799999999,333194.14580000,4025,872090.00000000,162143.22280000,0
1751554800000000,0.18470000,0.18470000,0.18110000,0.18170000,2480741.00000000,1751558399999999,453352.43070000,4052,1154270.00000000,211247.09490000,0
1751558400000000,0.18170000,0.18300000,0.18170000,0.18260000,826089.00000000,1751561999999999,150665.77220000,2098,373532.00000000,68159.44130000,0
1751562000000000,0.18270000,0.18380000,0.18270000,0.18380000,406010.00000000,1751565599999999,74411.81470000,881,244393.00000000,44782.77500000,0
1751565600000000,0.18380000,0.18420000,0.18230000,0.18340000,351961.00000000,1751569199999999,64502.84850000,1012,178408.00000000,32687.92230000,0
1751569200000000,0.18330000,0.18410000,0.18330000,0.18370000,339895.00000000,1751572799999999,62428.64220000,972,233004.00000000,42795.46410000,0
1751572800000000,0.18370000,0.18440000,0.18330000,0.18400000,648910.00000000,1751576399999999,119324.22110000,1075,403123.00000000,74148.01170000,0
1751576400000000,0.18410000,0.18470000,0.18310000,0.18360000,723891.00000000,1751579999999999,132974.77550000,1148,284302.00000000,52297.63650000,0
1751580000000000,0.18360000,0.18370000,0.18260000,0.18280000,1020232.00000000,1751583599999999,186695.80280000,1222,496869.00000000,90922.28330000,0
1751583600000000,0.18290000,0.18300000,0.18190000,0.18210000,522809.00000000,1751587199999999,95261.35400000,964,332159.00000000,60522.89730000,0
1751587200000000,0.18210000,0.18310000,0.18170000,0.18230000,627020.00000000,1751590799999999,114262.61860000,1329,322565.00000000,58787.74170000,0
1751590800000000,0.18240000,0.18340000,0.18180000,0.18200000,782582.00000000,1751594399999999,142834.64290000,1309,545049.00000000,99468.17290000,0
1751594400000000,0.18200000,0.18200000,0.17970000,0.18030000,1036865.00000000,1751597999999999,187137.15500000,2124,372525.00000000,67267.07590000,0
1751598000000000,0.18020000,0.18080000,0.17940000,0.17950000,862443.00000000,1751601599999999,155449.47980000,1223,443633.00000000,79920.78710000,0
1751601600000000,0.17950000,0.17970000,0.17740000,0.17750000,1151461.00000000,1751605199999999,206030.15810000,1679,550114.00000000,98611.03670000,0
1751605200000000,0.17750000,0.17870000,0.17710000,0.17730000,801888.00000000,1751608799999999,142661.64200000,2013,445688.00000000,79271.62350000,0
1751608800000000,0.17740000,0.17740000,0.17550000,0.17630000,1959532.00000000,1751612399999999,345745.84230000,2730,1000439.00000000,176551.42020000,0
1751612400000000,0.17630000,0.17700000,0.17480000,0.17490000,1702416.00000000,1751615999999999,298832.58330000,2860,776147.00000000,136319.44130000,0
1751616000000000,0.17480000,0.17610000,0.17370000,0.17570000,1851157.00000000,1751619599999999,324278.73410000,3886,1060101.00000000,185703.19460000,0
1751619600000000,0.17580000,0.17660000,0.17500000,0.17540000,2174230.00000000,1751623199999999,382715.66220000,4214,1426193.00000000,251126.05470000,0
1751623200000000,0.17540000,0.17600000,0.17480000,0.17480000,588127.00000000,1751626799999999,103081.91830000,1381,257367.00000000,45124.19600000,0
1751626800000000,0.17480000,0.17570000,0.17450000,0.17500000,677329.00000000,1751630399999999,118635.11540000,1362,427479.00000000,74870.97640000,0
1751630400000000,0.17510000,0.17580000,0.17460000,0.17490000,453134.00000000,1751633999999999,79362.68300000,1381,258176.00000000,45220.19610000,0
1751634000000000,0.17500000,0.17570000,0.17400000,0.17440000,886555.00000000,1751637599999999,154841.54680000,1870,306670.00000000,53574.30610000,0
1751637600000000,0.17440000,0.17510000,0.17310000,0.17430000,1069419.00000000,1751641199999999,186144.26480000,2776,535059.00000000,93136.75350000,0
1751641200000000,0.17420000,0.17460000,0.17270000,0.17300000,1477672.00000000,1751644799999999,256327.96100000,3027,708537.00000000,122867.56450000,0
1751644800000000,0.17300000,0.17370000,0.17140000,0.17240000,1818970.00000000,1751648399999999,313483.50470000,3792,866371.00000000,149332.64260000,0
1751648400000000,0.17240000,0.17320000,0.17160000,0.17310000,1324090.00000000,1751651999999999,228358.01040000,3097,762786.00000000,131584.42860000,0
1751652000000000,0.17310000,0.17320000,0.17210000,0.17280000,845237.00000000,1751655599999999,146010.22480000,2037,420558.00000000,72664.67700000,0
1751655600000000,0.17280000,0.17350000,0.17220000,0.17250000,1331768.00000000,1751659199999999,230151.55610000,2417,704393.00000000,121755.52510000,0
1751659200000000,0.17250000,0.17360000,0.17240000,0.17320000,1187413.00000000,1751662799999999,205784.07690000,1956,542203.00000000,93942.89780000,0
1751662800000000,0.17320000,0.17320000,0.17220000,0.17300000,883217.00000000,1751666399999999,152461.38880000,1556,522610.00000000,90209.52100000,0
1751666400000000,0.17300000,0.17540000,0.17280000,0.17540000,1305723.00000000,1751669999999999,227539.41910000,2404,791190.00000000,137839.91410000,0
1751670000000000,0.17540000,0.17540000,0.17300000,0.17350000,793854.00000000,1751673599999999,138051.05290000,1511,379015.00000000,65892.84710000,0
1751673600000000,0.17360000,0.17430000,0.17320000,0.17360000,1118052.00000000,1751677199999999,194195.85370000,1937,588205.00000000,102181.22050000,0
1751677200000000,0.17360000,0.17360000,0.17240000,0.17310000,560427.00000000,1751680799999999,96928.14310000,1359,190844.00000000,33014.55160000,0
1751680800000000,0.17310000,0.17350000,0.17210000,0.17340000,684013.00000000,1751684399999999,118207.38650000,1279,276746.00000000,47820.45090000,0
1751684400000000,0.17350000,0.17450000,0.17340000,0.17400000,628211.00000000,1751687999999999,109389.23400000,1299,314130.00000000,54698.54140000,0
1751688000000000,0.17410000,0.17450000,0.17320000,0.17330000,422513.00000000,1751691599999999,73436.22170000,1173,184581.00000000,32086.12040000,0
1751691600000000,0.17330000,0.17460000,0.17300000,0.17460000,230807.00000000,1751695199999999,40098.57030000,740,133157.00000000,23132.28720000,0
1751695200000000,0.17460000,0.17630000,0.17420000,0.17620000,1300877.00000000,1751698799999999,227779.21290000,1824,969761.00000000,169757.02160000,0
1751698800000000,0.17620000,0.17640000,0.17470000,0.17490000,491786.00000000,1751702399999999,86371.69420000,1230,274553.00000000,48252.50890000,0
1751702400000000,0.17490000,0.17530000,0.17350000,0.17420000,1052017.00000000,1751705999999999,183404.62750000,1986,348121.00000000,60730.55400000,0
1751706000000000,0.17420000,0.17440000,0.17300000,0.17420000,709779.00000000,1751709599999999,123203.12070000,1523,282150.00000000,48974.73680000,0
1751709600000000,0.17430000,0.17440000,0.17330000,0.17340000,351506.00000000,1751713199999999,61113.99640000,911,149152.00000000,25929.67800000,0
1751713200000000,0.17340000,0.17460000,0.17340000,0.17370000,243414.00000000,1751716799999999,42382.45390000,824,122173.00000000,21270.12410000,0
1751716800000000,0.17380000,0.17400000,0.17300000,0.17360000,496154.00000000,1751720399999999,86049.43850000,1390,234931.00000000,40749.00770000,0
1751720400000000,0.17370000,0.17440000,0.17330000,0.17330000,293937.00000000,1751723999999999,51087.15820000,1009,136163.00000000,23663.51830000,0
1751724000000000,0.17340000,0.17400000,0.17310000,0.17380000,406096.00000000,1751727599999999,70475.66280000,1401,156451.00000000,27156.64170000,0
1751727600000000,0.17370000,0.17450000,0.17300000,0.17340000,797610.00000000,1751731199999999,138589.40860000,1838,379724.00000000,66064.12950000,0
1751731200000000,0.17350000,0.17390000,0.17260000,0.17390000,535019.00000000,1751734799999999,92730.88390000,1622,204871.00000000,35506.14580000,0
1751734800000000,0.17380000,0.17410000,0.17270000,0.17350000,613101.00000000,1751738399999999,106306.37400000,1846,252640.00000000,43807.92340000,0
1751738400000000,0.17350000,0.17360000,0.17260000,0.17290000,758508.00000000,1751741999999999,131193.55380000,1788,346811.00000000,59985.79430000,0
1751742000000000,0.17290000,0.17450000,0.17270000,0.17440000,511018.00000000,1751745599999999,88798.55010000,1254,324384.00000000,56426.82000000,0
1751745600000000,0.17440000,0.17510000,0.17420000,0.17510000,569111.00000000,1751749199999999,99374.33940000,1228,263945.00000000,46097.93190000,0
1751749200000000,0.17510000,0.17540000,0.17450000,0.17510000,438021.00000000,1751752799999999,76686.05810000,1072,249334.00000000,43653.82200000,0
1751752800000000,0.17510000,0.17550000,0.17470000,0.17510000,329903.00000000,1751756399999999,57755.30430000,847,194910.00000000,34119.27990000,0
1751756400000000,0.17510000,0.17550000,0.17440000,0.17450000,394240.00000000,1751759999999999,68931.92380000,907,124232.00000000,21727.89000000,0
1751760000000000,0.17450000,0.17450000,0.17360000,0.17400000,444644.00000000,1751763599999999,77344.07360000,962,246240.00000000,42823.72820000,0
1751763600000000,0.17410000,0.17430000,0.17360000,0.17390000,232878.00000000,1751767199999999,40479.98380000,647,85318.00000000,14830.41720000,0
1751767200000000,0.17390000,0.17420000,0.17360000,0.17380000,219622.00000000,1751770799999999,38192.55290000,700,126001.00000000,21910.95550000,0
1751770800000000,0.17370000,0.17430000,0.17360000,0.17400000,305575.00000000,1751774399999999,53130.42890000,740,193779.00000000,33690.56190000,0
1751774400000000,0.17400000,0.17460000,0.17370000,0.17370000,203147.00000000,1751777999999999,35374.95380000,643,104021.00000000,18113.45510000,0
1751778000000000,0.17370000,0.17390000,0.17350000,0.17350000,195148.00000000,1751781599999999,33894.30420000,499,85979.00000000,14939.24170000,0
1751781600000000,0.17360000,0.17480000,0.17350000,0.17430000,261907.00000000,1751785199999999,45643.85120000,841,128263.00000000,22352.94000000,0
1751785200000000,0.17430000,0.17510000,0.17420000,0.17450000,291593.00000000,1751788799999999,50930.53870000,857,106919.00000000,18673.50600000,0
1751788800000000,0.17450000,0.17530000,0.17410000,0.17480000,399071.00000000,1751792399999999,69757.58900000,1141,158899.00000000,27781.68850000,0
1751792400000000,0.17490000,0.17560000,0.17450000,0.17460000,705955.00000000,1751795999999999,123611.25570000,1307,291169.00000000,51014.91150000,0
1751796000000000,0.17460000,0.17550000,0.17390000,0.17500000,872585.00000000,1751799599999999,152305.33010000,1427,295219.00000000,51612.28170000,0
1751799600000000,0.17500000,0.17590000,0.17490000,0.17560000,473652.00000000,1751803199999999,83070.96140000,1049,238391.00000000,41825.22270000,0
1751803200000000,0.17570000,0.17660000,0.17510000,0.17650000,981341.00000000,1751806799999999,172494.91490000,1497,515182.00000000,90601.73310000,0
1751806800000000,0.17650000,0.17850000,0.17610000,0.17750000,1475077.00000000,1751810399999999,261427.08530000,2885,807298.00000000,143055.90260000,0
1751810400000000,0.17770000,0.17800000,0.17600000,0.17690000,814475.00000000,1751813999999999,144176.72990000,2045,360217.00000000,63729.90560000,0
1751814000000000,0.17700000,0.17720000,0.17630000,0.17720000,374767.00000000,1751817599999999,66271.14660000,1002,122196.00000000,21605.69810000,0
1751817600000000,0.17730000,0.17810000,0.17710000,0.17800000,356293.00000000,1751821199999999,63287.03040000,1157,167686.00000000,29785.91440000,0
1751821200000000,0.17800000,0.17800000,0.17680000,0.17730000,362263.00000000,1751824799999999,64280.61060000,975,180510.00000000,32044.69030000,0
1751824800000000,0.17730000,0.17750000,0.17560000,0.17620000,676992.00000000,1751828399999999,119449.69890000,1055,413311.00000000,72911.35890000,0
1751828400000000,0.17630000,0.17680000,0.17600000,0.17660000,294955.00000000,1751831999999999,51989.31020000,620,73313.00000000,12933.95520000,0
1751832000000000,0.17660000,0.17740000,0.17640000,0.17670000,558059.00000000,1751835599999999,98810.41200000,938,338780.00000000,60005.57510000,0
1751835600000000,0.17680000,0.17910000,0.17670000,0.17810000,904121.00000000,1751839199999999,161130.09990000,2314,421414.00000000,75100.25640000,0
1751839200000000,0.17820000,0.17920000,0.17790000,0.17800000,722871.00000000,1751842799999999,129064.12350000,1772,309836.00000000,55335.44780000,0
1751842800000000,0.17800000,0.17810000,0.17620000,0.17700000,965538.00000000,1751846399999999,170981.74830000,1955,361491.00000000,63975.72550000,0
1751846400000000,0.17690000,0.17770000,0.17670000,0.17740000,545118.00000000,1751849999999999,96525.07810000,1446,271030.00000000,47994.46570000,0
1751850000000000,0.17740000,0.17790000,0.17690000,0.17760000,374013.00000000,1751853599999999,66316.35270000,1129,184743.00000000,32748.19180000,0
1751853600000000,0.17760000,0.17920000,0.17760000,0.17800000,519254.00000000,1751857199999999,92642.80690000,1448,162945.00000000,29083.39060000,0
1751857200000000,0.17800000,0.17880000,0.17760000,0.17770000,435549.00000000,1751860799999999,77548.18250000,1304,240945.00000000,42908.37610000,0
1751860800000000,0.17770000,0.17800000,0.17680000,0.17680000,377907.00000000,1751864399999999,67043.14480000,965,154721.00000000,27445.14180000,0
1751864400000000,0.17680000,0.17790000,0.17640000,0.17660000,1463925.00000000,1751867999999999,259311.71100000,1900,357265.00000000,63282.34810000,0
1751868000000000,0.17660000,0.17670000,0.17530000,0.17550000,956357.00000000,1751871599999999,168366.44540000,1675,448751.00000000,78998.38350000,0
1751871600000000,0.17560000,0.17690000,0.17520000,0.17680000,942473.00000000,1751875199999999,165962.25440000,1499,449059.00000000,79077.02240000,0
1751875200000000,0.17690000,0.17720000,0.17610000,0.17630000,372996.00000000,1751878799999999,65902.50860000,763,149320.00000000,26384.26990000,0
1751878800000000,0.17630000,0.17630000,0.17530000,0.17570000,261359.00000000,1751882399999999,45930.64700000,772,80756.00000000,14193.70060000,0
1751882400000000,0.17570000,0.17600000,0.17510000,0.17530000,816283.00000000,1751885999999999,143284.58760000,1343,389256.00000000,68362.50110000,0
1751886000000000,0.17540000,0.17630000,0.17520000,0.17590000,589320.00000000,1751889599999999,103602.60210000,1163,243129.00000000,42755.27920000,0
1751889600000000,0.17590000,0.17600000,0.17490000,0.17570000,455898.00000000,1751893199999999,80011.01210000,1052,177645.00000000,31186.58320000,0
1751893200000000,0.17570000,0.17790000,0.17500000,0.17780000,970391.00000000,1751896799999999,171166.03490000,2144,485626.00000000,85691.83620000,0
1751896800000000,0.17780000,0.17810000,0.17500000,0.17510000,1329949.00000000,1751900399999999,234738.98370000,3149,657874.00000000,116170.03480000,0
1751900400000000,0.17510000,0.17630000,0.17500000,0.17530000,1039419.00000000,1751903999999999,182457.31990000,2059,491688.00000000,86332.71440000,0
1751904000000000,0.17540000,0.17600000,0.17400000,0.17400000,1248115.00000000,1751907599999999,218553.30390000,3262,483118.00000000,84624.32330000,0
1751907600000000,0.17390000,0.17550000,0.17350000,0.17460000,1053902.00000000,1751911199999999,183893.35130000,2132,435335.00000000,75984.93180000,0
1751911200000000,0.17470000,0.17500000,0.17340000,0.17490000,1178343.00000000,1751914799999999,205222.25400000,2101,442957.00000000,77142.05840000,0
1751914800000000,0.17490000,0.17650000,0.17480000,0.17540000,897484.00000000,1751918399999999,157676.94300000,1933,414473.00000000,72802.90110000,0
1751918400000000,0.17540000,0.17540000,0.17380000,0.17400000,648962.00000000,1751921999999999,113200.25730000,1820,244370.00000000,42638.45040000,0
1751922000000000,0.17400000,0.17520000,0.17300000,0.17480000,882709.00000000,1751925599999999,153604.48320000,1665,363252.00000000,63225.05430000,0
1751925600000000,0.17480000,0.17520000,0.17360000,0.17410000,423598.00000000,1751929199999999,73829.24180000,1043,237505.00000000,41391.63980000,0
1751929200000000,0.17420000,0.17630000,0.17410000,0.17600000,765500.00000000,1751932799999999,134101.66750000,1082,564831.00000000,98909.48430000,0
1751932800000000,0.17600000,0.17630000,0.17450000,0.17460000,1684266.00000000,1751936399999999,295455.74750000,2487,906096.00000000,158951.83790000,0
1751936400000000,0.17450000,0.17450000,0.17360000,0.17400000,570502.00000000,1751939999999999,99309.40020000,1112,179575.00000000,31260.57860000,0
1751940000000000,0.17390000,0.17440000,0.17320000,0.17380000,759107.00000000,1751943599999999,131951.72240000,1362,330007.00000000,57390.18120000,0
1751943600000000,0.17370000,0.17420000,0.17370000,0.17380000,362199.00000000,1751947199999999,63019.34430000,604,151503.00000000,26359.40260000,0
1751947200000000,0.17370000,0.17370000,0.17290000,0.17360000,789353.00000000,1751950799999999,136754.01460000,1185,440190.00000000,76288.31690000,0
1751950800000000,0.17370000,0.17400000,0.17340000,0.17400000,313865.00000000,1751954399999999,54497.38020000,774,135119.00000000,23463.41800000,0
1751954400000000,0.17400000,0.17450000,0.17370000,0.17420000,328936.00000000,1751957999999999,57266.06240000,826,185703.00000000,32335.04040000,0
1751958000000000,0.17420000,0.17440000,0.17350000,0.17400000,498269.00000000,1751961599999999,86653.54490000,947,200683.00000000,34910.08280000,0
1751961600000000,0.17400000,0.17460000,0.17340000,0.17340000,657835.00000000,1751965199999999,114437.10980000,1119,337306.00000000,58707.58790000,0
1751965200000000,0.17340000,0.17410000,0.17310000,0.17370000,513828.00000000,1751968799999999,89248.97590000,958,246230.00000000,42785.11270000,0
1751968800000000,0.17370000,0.17540000,0.17360000,0.17540000,544742.00000000,1751972399999999,95220.99410000,1074,349319.00000000,61047.63270000,0
1751972400000000,0.17530000,0.17660000,0.17520000,0.17580000,600551.00000000,1751975999999999,105791.16550000,1388,325849.00000000,57401.21710000,0
1751976000000000,0.17590000,0.17770000,0.17570000,0.17770000,1062056.00000000,1751979599999999,187392.80590000,1531,630911.00000000,111302.65510000,0
1751979600000000,0.17760000,0.17820000,0.17650000,0.17780000,978859.00000000,1751983199999999,173678.71470000,1784,550446.00000000,97748.87480000,0
1751983200000000,0.17790000,0.17790000,0.17460000,0.17480000,1299626.00000000,1751986799999999,228461.92590000,1948,439554.00000000,77416.51090000,0
1751986800000000,0.17480000,0.17590000,0.17480000,0.17540000,491926.00000000,1751990399999999,86259.47110000,1439,225892.00000000,39619.12460000,0
1751990400000000,0.17540000,0.17660000,0.17520000,0.17660000,1028605.00000000,1751993999999999,180973.51850000,1547,498191.00000000,87668.32630000,0
1751994000000000,0.17650000,0.17980000,0.17650000,0.17940000,1600084.00000000,1751997599999999,286160.41770000,2914,935208.00000000,167223.73700000,0
1751997600000000,0.17950000,0.18080000,0.17930000,0.18050000,1369880.00000000,1752001199999999,246608.14970000,2041,853862.00000000,153693.46350000,0
1752001200000000,0.18040000,0.18040000,0.17840000,0.17910000,727618.00000000,1752004799999999,130234.03970000,1237,333439.00000000,59645.94460000,0
1752004800000000,0.17910000,0.17950000,0.17830000,0.17830000,325960.00000000,1752008399999999,58345.84630000,716,123157.00000000,22050.63610000,0
1752008400000000,0.17830000,0.18050000,0.17830000,0.18030000,1345247.00000000,1752011999999999,241963.45850000,1112,997080.00000000,179380.38370000,0
1752012000000000,0.18030000,0.18100000,0.17950000,0.18000000,500238.00000000,1752015599999999,90086.50620000,997,220813.00000000,39765.04480000,0
1752015600000000,0.18010000,0.18020000,0.17900000,0.17920000,471945.00000000,1752019199999999,84793.27990000,771,150218.00000000,27000.88750000,0
1752019200000000,0.17920000,0.17980000,0.17900000,0.17980000,454492.00000000,1752022799999999,81494.53880000,929,240334.00000000,43102.39920000,0
1752022800000000,0.17970000,0.18060000,0.17870000,0.17880000,600152.00000000,1752026399999999,107660.20710000,1115,198306.00000000,35593.39270000,0
1752026400000000,0.17880000,0.17910000,0.17830000,0.17870000,312909.00000000,1752029999999999,55946.46340000,835,148820.00000000,26610.90710000,0
1752030000000000,0.17870000,0.17910000,0.17840000,0.17860000,415894.00000000,1752033599999999,74294.26360000,1243,143352.00000000,25609.49770000,0
1752033600000000,0.17860000,0.18000000,0.17840000,0.18000000,267333.00000000,1752037199999999,47902.82240000,541,210224.00000000,37678.56930000,0
1752037200000000,0.18000000,0.18210000,0.17940000,0.18180000,1592626.00000000,1752040799999999,288049.16020000,2608,835767.00000000,151075.54200000,0
1752040800000000,0.18190000,0.18280000,0.18120000,0.18280000,1237405.00000000,1752044399999999,225099.35060000,2098,614286.00000000,111745.30210000,0
1752044400000000,0.18280000,0.18320000,0.18160000,0.18310000,1161684.00000000,1752047999999999,212028.58740000,1700,635622.00000000,116005.93930000,0
1752048000000000,0.18310000,0.18410000,0.18240000,0.18350000,1154500.00000000,1752051599999999,211558.33820000,1788,584051.00000000,107026.04750000,0
1752051600000000,0.18350000,0.18360000,0.18250000,0.18310000,631240.00000000,1752055199999999,115614.95950000,1097,253544.00000000,46412.74080000,0
1752055200000000,0.18300000,0.18380000,0.18270000,0.18360000,1219792.00000000,1752058799999999,223415.10030000,1627,506522.00000000,92861.06120000,0
1752058800000000,0.18360000,0.18630000,0.18330000,0.18570000,1454957.00000000,1752062399999999,269050.71830000,2737,990282.00000000,183175.46180000,0
1752062400000000,0.18580000,0.18860000,0.18530000,0.18760000,2393900.00000000,1752065999999999,448060.51760000,4036,1305043.00000000,244225.08190000,0
1752066000000000,0.18770000,0.18940000,0.18670000,0.18720000,2500445.00000000,1752069599999999,470798.90730000,4298,1124657.00000000,211937.13010000,0
1752069600000000,0.18730000,0.18820000,0.18540000,0.18690000,2349630.00000000,1752073199999999,438184.73530000,4381,1252585.00000000,233655.04800000,0
1752073200000000,0.18690000,0.18900000,0.18690000,0.18890000,1733689.00000000,1752076799999999,326352.47700000,2978,887956.00000000,167158.29870000,0
1752076800000000,0.18890000,0.18950000,0.18720000,0.18810000,1222722.00000000,1752080399999999,230304.47790000,2688,618057.00000000,116403.84100000,0
1752080400000000,0.18810000,0.18820000,0.18680000,0.18780000,2245064.00000000,1752083999999999,420654.09960000,2812,1087825.00000000,203921.72640000,0
1752084000000000,0.18790000,0.19000000,0.18790000,0.18880000,1987580.00000000,1752087599999999,376035.45480000,3089,862264.00000000,163122.93910000,0
1752087600000000,0.18870000,0.19370000,0.18860000,0.19300000,2917379.00000000,1752091199999999,558560.61050000,5195,1722618.00000000,329823.28150000,0
1752091200000000,0.19310000,0.19390000,0.19050000,0.19200000,2095876.00000000,1752094799999999,402223.92850000,4622,914425.00000000,175510.68300000,0
1752094800000000,0.19190000,0.19330000,0.19140000,0.19170000,1800586.00000000,1752098399999999,346342.74010000,2330,844041.00000000,162321.64390000,0
1752098400000000,0.19180000,0.19300000,0.19170000,0.19300000,1089580.00000000,1752101999999999,209431.35590000,2172,555813.00000000,106880.86590000,0
1752102000000000,0.19290000,0.19300000,0.19190000,0.19220000,1249770.00000000,1752105599999999,240540.66810000,1648,355059.00000000,68375.45740000,0
1752105600000000,0.19220000,0.19330000,0.18970000,0.19060000,2064189.00000000,1752109199999999,394356.79930000,2608,704668.00000000,134941.31670000,0
1752109200000000,0.19060000,0.19220000,0.19020000,0.19210000,1192015.00000000,1752112799999999,228042.90880000,2367,732187.00000000,140116.05350000,0
1752112800000000,0.19200000,0.19430000,0.19200000,0.19350000,1635973.00000000,1752116399999999,316444.79460000,2523,1026881.00000000,198605.21460000,0
1752116400000000,0.19340000,0.19370000,0.19300000,0.19330000,585539.00000000,1752119999999999,113171.34290000,1282,265738.00000000,51368.51830000,0
1752120000000000,0.19320000,0.19320000,0.19190000,0.19290000,821081.00000000,1752123599999999,158040.71440000,1326,427014.00000000,82170.00020000,0
1752123600000000,0.19290000,0.19440000,0.19260000,0.19370000,745856.00000000,1752127199999999,144348.43680000,1466,363620.00000000,70380.25120000,0
1752127200000000,0.19370000,0.19490000,0.19280000,0.19440000,794405.00000000,1752130799999999,154096.49260000,1679,429408.00000000,83341.89050000,0
1752130800000000,0.19450000,0.19590000,0.19370000,0.19510000,1460373.00000000,1752134399999999,284560.84340000,3139,768884.00000000,149851.14940000,0
1752134400000000,0.19500000,0.19640000,0.19450000,0.19590000,833783.00000000,1752137999999999,162928.24520000,1931,429425.00000000,83916.94320000,0
1752138000000000,0.19590000,0.19660000,0.19460000,0.19500000,1187875.00000000,1752141599999999,232202.00720000,2071,617113.00000000,120587.71050000,0
1752141600000000,0.19490000,0.19590000,0.19400000,0.19550000,910752.00000000,1752145199999999,177639.89340000,1488,465226.00000000,90730.30070000,0
1752145200000000,0.19550000,0.19580000,0.19450000,0.19480000,529173.00000000,1752148799999999,103237.98320000,1493,266216.00000000,51938.98150000,0
1752148800000000,0.19480000,0.19480000,0.19320000,0.19380000,975110.00000000,1752152399999999,189185.38940000,1731,355410.00000000,68941.20460000,0
1752152400000000,0.19390000,0.19490000,0.19320000,0.19350000,1205046.00000000,1752155999999999,233869.29250000,2907,616939.00000000,119758.11350000,0
1752156000000000,0.19350000,0.19430000,0.19180000,0.19370000,1269877.00000000,1752159599999999,245187.62250000,3107,628689.00000000,121424.55950000,0
1752159600000000,0.19370000,0.19410000,0.19260000,0.19290000,1140268.00000000,1752163199999999,220431.62020000,2273,450744.00000000,87193.77530000,0
1752163200000000,0.19300000,0.19680000,0.19250000,0.19660000,2339456.00000000,1752166799999999,456082.09350000,4632,1069414.00000000,208428.85210000,0
1752166800000000,0.19660000,0.20190000,0.19600000,0.20130000,5078355.00000000,1752170399999999,1013219.94470000,7324,2801807.00000000,558971.22530000,0
1752170400000000,0.20140000,0.20160000,0.19870000,0.20100000,2247112.00000000,1752173999999999,449644.27000000,4768,1036260.00000000,207440.62580000,0
1752174000000000,0.20100000,0.20190000,0.20020000,0.20140000,1246910.00000000,1752177599999999,250778.82130000,2845,546646.00000000,109963.77430000,0
1752177600000000,0.20130000,0.20380000,0.20130000,0.20370000,1829613.00000000,1752181199999999,370826.54180000,3151,803787.00000000,162953.87290000,0
1752181200000000,0.20370000,0.21120000,0.20350000,0.21020000,6395895.00000000,1752184799999999,1330927.16700000,13025,3330628.00000000,693608.53970000,0
1752184800000000,0.21020000,0.21180000,0.20890000,0.21130000,3831242.00000000,1752188399999999,806395.07510000,6703,1994627.00000000,419797.27240000,0
1752188400000000,0.21130000,0.21280000,0.20970000,0.21210000,6122774.00000000,1752191999999999,1294490.76300000,8098,2685280.00000000,567954.10550000,0
1752192000000000,0.21220000,0.21470000,0.21030000,0.21430000,2604445.00000000,1752195599999999,552561.57990000,6586,1316180.00000000,279422.36270000,0
1752195600000000,0.21440000,0.21710000,0.21360000,0.21700000,2311086.00000000,1752199199999999,495947.63560000,5512,1299366.00000000,278847.62930000,0
1752199200000000,0.21710000,0.22020000,0.21630000,0.21940000,1772210.00000000,1752202799999999,388024.07960000,4201,958928.00000000,210045.38260000,0
1752202800000000,0.21950000,0.22230000,0.21840000,0.22180000,2623340.00000000,1752206399999999,578655.70240000,5352,1538026.00000000,339515.49760000,0
1752206400000000,0.22180000,0.22360000,0.21990000,0.22340000,3330268.00000000,1752209999999999,737498.23330000,6292,1589551.00000000,352106.19390000,0
1752210000000000,0.22340000,0.22580000,0.22290000,0.22440000,4085077.00000000,1752213599999999,916271.29690000,7758,1893828.00000000,424840.27750000,0
1752213600000000,0.22430000,0.22510000,0.21810000,0.21840000,3305927.00000000,1752217199999999,732540.09020000,6848,1443989.00000000,320071.40140000,0
1752217200000000,0.21840000,0.22070000,0.21680000,0.21920000,3346042.00000000,1752220799999999,733937.74450000,6129,2003280.00000000,439343.51620000,0
1752220800000000,0.21930000,0.22180000,0.21850000,0.22170000,2241805.00000000,1752224399999999,493426.16530000,5523,1290141.00000000,283987.15550000,0
1752224400000000,0.22180000,0.22380000,0.22030000,0.22350000,2450019.00000000,1752227999999999,545227.50430000,5702,1041809.00000000,232114.79680000,0
1752228000000000,0.22360000,0.22600000,0.22290000,0.22520000,2397347.00000000,1752231599999999,538649.06610000,6377,1039563.00000000,233530.77140000,0
1752231600000000,0.22530000,0.22540000,0.22190000,0.22310000,2017620.00000000,1752235199999999,450157.04200000,5561,1076834.00000000,240394.18510000,0
1752235200000000,0.22310000,0.22760000,0.22300000,0.22760000,2312368.00000000,1752238799999999,519451.39670000,4945,1395095.00000000,313292.99950000,0
1752238800000000,0.22760000,0.23340000,0.22470000,0.23200000,5416305.00000000,1752242399999999,1235450.78550000,15059,3029915.00000000,691453.61220000,0
1752242400000000,0.23200000,0.23250000,0.22590000,0.22800000,5649449.00000000,1752245999999999,1293344.37220000,15233,2644156.00000000,605579.54690000,0
1752246000000000,0.22800000,0.23670000,0.22420000,0.22530000,7720802.00000000,1752249599999999,1779572.23040000,26542,3706977.00000000,855412.20540000,0
1752249600000000,0.22540000,0.22870000,0.22220000,0.22440000,6100876.00000000,1752253199999999,1372147.41270000,16390,2935294.00000000,659974.76070000,0
1752253200000000,0.22440000,0.22630000,0.22290000,0.22560000,1788955.00000000,1752256799999999,402195.72280000,6758,890843.00000000,200359.77760000,0
1752256800000000,0.22560000,0.22940000,0.22530000,0.22940000,2070863.00000000,1752260399999999,470751.65010000,5950,1007986.00000000,229154.73780000,0
1752260400000000,0.22930000,0.22940000,0.22660000,0.22870000,1358424.00000000,1752263999999999,310025.58060000,4462,664034.00000000,151555.17010000,0
1752264000000000,0.22880000,0.22970000,0.22440000,0.22480000,1577606.00000000,1752267599999999,358671.84460000,5541,659721.00000000,149925.69110000,0
1752267600000000,0.22490000,0.22540000,0.22000000,0.22170000,3008592.00000000,1752271199999999,670425.14690000,8554,1316926.00000000,293581.00960000,0
1752271200000000,0.22170000,0.22230000,0.21470000,0.21790000,3695194.00000000,1752274799999999,803134.74390000,11008,1655177.00000000,359759.29310000,0
1752274800000000,0.21800000,0.22060000,0.21750000,0.21820000,2043374.00000000,1752278399999999,447124.91490000,4922,965134.00000000,211275.86240000,0
1752278400000000,0.21830000,0.22000000,0.21360000,0.21650000,2590814.00000000,1752281999999999,560445.99620000,6107,1217077.00000000,263713.00330000,0
1752282000000000,0.21650000,0.22520000,0.21650000,0.22460000,3965339.00000000,1752285599999999,879881.55400000,9644,2218614.00000000,492144.32440000,0
1752285600000000,0.22450000,0.22780000,0.22240000,0.22310000,3735771.00000000,1752289199999999,842496.41650000,9214,2019838.00000000,455376.37410000,0
1752289200000000,0.22310000,0.22490000,0.22180000,0.22310000,1599851.00000000,1752292799999999,357475.41440000,3767,854228.00000000,190798.81930000,0
1752292800000000,0.22320000,0.22470000,0.22040000,0.22130000,1077562.00000000,1752296399999999,239222.34390000,4507,463305.00000000,102938.34840000,0
1752296400000000,0.22140000,0.22180000,0.21970000,0.22040000,961906.00000000,1752299999999999,212405.28420000,4052,518455.00000000,114456.23410000,0
1752300000000000,0.22050000,0.22280000,0.21880000,0.22180000,2637798.00000000,1752303599999999,582397.51050000,6595,1268339.00000000,280316.68780000,0
1752303600000000,0.22170000,0.22250000,0.22000000,0.22070000,2401409.00000000,1752307199999999,530831.35000000,5029,897299.00000000,198420.37820000,0
1752307200000000,0.22070000,0.22230000,0.22000000,0.22120000,793188.00000000,1752310799999999,175715.72440000,3563,389929.00000000,86346.94580000,0
1752310800000000,0.22110000,0.22590000,0.22080000,0.22500000,1785261.00000000,1752314399999999,400169.01420000,6554,767902.00000000,172103.25740000,0
1752314400000000,0.22490000,0.22590000,0.22210000,0.22450000,1166335.00000000,1752317999999999,261088.30040000,4939,744942.00000000,166736.71760000,0
1752318000000000,0.22460000,0.22640000,0.22210000,0.22340000,1766046.00000000,1752321599999999,395603.77390000,5689,864446.00000000,193728.55940000,0
1752321600000000,0.22350000,0.22470000,0.21790000,0.22070000,2297019.00000000,1752325199999999,506872.06860000,7907,1093817.00000000,241294.56730000,0
1752325200000000,0.22070000,0.22070000,0.21670000,0.21950000,1992615.00000000,1752328799999999,436435.34550000,6735,1077330.00000000,236064.82160000,0
1752328800000000,0.21950000,0.22100000,0.21690000,0.21760000,2040202.00000000,1752332399999999,447645.64430000,5700,837614.00000000,183903.80170000,0
1752332400000000,0.21750000,0.21810000,0.21240000,0.21420000,3416616.00000000,1752335999999999,733785.83360000,10545,1426216.00000000,306411.99150000,0
1752336000000000,0.21420000,0.21770000,0.21300000,0.21460000,1402441.00000000,1752339599999999,302838.38100000,4297,743215.00000000,160480.84030000,0
1752339600000000,0.21460000,0.21900000,0.21420000,0.21770000,1083320.00000000,1752343199999999,235690.00810000,3516,498323.00000000,108379.18790000,0
1752343200000000,0.21760000,0.21990000,0.21650000,0.21800000,1366537.00000000,1752346799999999,298649.78130000,3477,864610.00000000,189065.06630000,0
1752346800000000,0.21800000,0.21830000,0.21690000,0.21780000,607148.00000000,1752350399999999,132090.68150000,2106,276656.00000000,60213.92110000,0
1752350400000000,0.21790000,0.21790000,0.21400000,0.21400000,688935.00000000,1752353999999999,148842.37740000,1892,296441.00000000,64120.49570000,0
1752354000000000,0.21410000,0.21890000,0.21390000,0.21890000,988130.00000000,1752357599999999,214665.09420000,2283,652088.00000000,141647.84440000,0
1752357600000000,0.21900000,0.21910000,0.21660000,0.21880000,563233.00000000,1752361199999999,122965.83580000,2118,244151.00000000,53281.35910000,0
1752361200000000,0.21870000,0.21950000,0.21750000,0.21910000,1453373.00000000,1752364799999999,317699.48080000,2853,654574.00000000,143119.18680000,0
1752364800000000,0.21910000,0.22080000,0.21720000,0.21810000,1373850.00000000,1752368399999999,301357.67440000,4560,682608.00000000,149762.05150000,0
1752368400000000,0.21820000,0.22060000,0.21780000,0.21990000,742025.00000000,1752371999999999,162551.26350000,2670,424371.00000000,93067.44590000,0
1752372000000000,0.21990000,0.22160000,0.21710000,0.22080000,1663729.00000000,1752375599999999,364539.53730000,4073,854424.00000000,187590.64310000,0
1752375600000000,0.22080000,0.22340000,0.22050000,0.22130000,1591038.00000000,1752379199999999,353246.05730000,4379,816363.00000000,181307.50920000,0
1752379200000000,0.22130000,0.22620000,0.21970000,0.22580000,1775306.00000000,1752382799999999,395750.88380000,4959,961336.00000000,214395.34370000,0
1752382800000000,0.22580000,0.22910000,0.22430000,0.22730000,3930478.00000000,1752386399999999,892439.59130000,10117,2116995.00000000,480966.26220000,0
1752386400000000,0.22730000,0.23560000,0.22710000,0.23500000,8580151.00000000,1752389999999999,1999568.26800000,25474,4978347.00000000,1160208.37540000,0
1752390000000000,0.23500000,0.24470000,0.23380000,0.23970000,17685085.00000000,1752393599999999,4229935.76700000,44824,10633951.00000000,2544360.47360000,0
1752393600000000,0.23970000,0.24530000,0.23720000,0.24140000,14000324.00000000,1752397199999999,3383697.98970000,28971,7237122.00000000,1749843.87190000,0
1752397200000000,0.24150000,0.24280000,0.23480000,0.23790000,4926279.00000000,1752400799999999,1172009.98250000,11814,2474166.00000000,588861.39150000,0
1752400800000000,0.23790000,0.24460000,0.23550000,0.23730000,6149250.00000000,1752404399999999,1474952.22880000,15240,2854338.00000000,685105.21980000,0
1752404400000000,0.23740000,0.23880000,0.23510000,0.23570000,3414881.00000000,1752407999999999,810070.92520000,7825,1872011.00000000,444157.36200000,0
1752408000000000,0.23580000,0.24550000,0.23550000,0.24550000,9686152.00000000,1752411599999999,2340653.78850000,18412,5139049.00000000,1240855.63100000,0
1752411600000000,0.24550000,0.25450000,0.24460000,0.24940000,27486828.00000000,1752415199999999,6856552.40580000,47278,13575309.00000000,3385292.12520000,0
1752415200000000,0.24940000,0.25860000,0.24930000,0.25790000,14473260.00000000,1752418799999999,3680396.97490000,33562,8104243.00000000,2059694.81070000,0
1752418800000000,0.25790000,0.27020000,0.25470000,0.26200000,28161255.00000000,1752422399999999,7393075.19130000,66639,15360797.00000000,4034057.10810000,0
1752422400000000,0.26220000,0.26390000,0.25550000,0.25610000,11765469.00000000,1752425999999999,3051223.36330000,26167,5880623.00000000,1525001.04620000,0
1752426000000000,0.25620000,0.26080000,0.25550000,0.25700000,5461574.00000000,1752429599999999,1410120.68650000,14341,2606403.00000000,672602.27100000,0
1752429600000000,0.25700000,0.26670000,0.25600000,0.26540000,7769310.00000000,1752433199999999,2035560.95310000,16733,4534985.00000000,1189079.88310000,0
1752433200000000,0.26530000,0.26900000,0.26000000,0.26380000,8333669.00000000,1752436799999999,2205419.84450000,21450,4010413.00000000,1061648.67740000,0
1752436800000000,0.26380000,0.26890000,0.26030000,0.26710000,8673966.00000000,1752440399999999,2292689.75960000,20274,4384593.00000000,1159689.30960000,0
1752440400000000,0.26720000,0.26720000,0.25710000,0.26070000,8909625.00000000,1752443999999999,2337223.00350000,19078,3531859.00000000,927160.35870000,0
1752444000000000,0.26080000,0.26390000,0.25280000,0.25780000,7634917.00000000,1752447599999999,1965460.98650000,18705,3597910.00000000,927241.08830000,0
1752447600000000,0.25770000,0.26560000,0.25760000,0.26380000,4660048.00000000,1752451199999999,1218355.69420000,16509,2634519.00000000,689526.54320000,0
1752451200000000,0.26390000,0.27330000,0.26230000,0.26640000,19864305.00000000,1752454799999999,5324252.59800000,49001,9659353.00000000,2588114.88950000,0
1752454800000000,0.26640000,0.27470000,0.26420000,0.26500000,13280336.00000000,1752458399999999,3583445.38760000,34983,6343832.00000000,1714271.06250000,0
1752458400000000,0.26500000,0.27280000,0.26340000,0.27150000,6612287.00000000,1752461999999999,1773511.25800000,20731,3490011.00000000,937183.21130000,0
1752462000000000,0.27150000,0.30030000,0.27140000,0.29510000,35264442.00000000,1752465599999999,10177432.33790000,100156,20071719.00000000,5790940.22530000,0
1752465600000000,0.29520000,0.31000000,0.29380000,0.29610000,27526477.00000000,1752469199999999,8316946.25000000,88744,13847323.00000000,4185919.38860000,0
1752469200000000,0.29610000,0.30080000,0.28010000,0.28320000,20632794.00000000,1752472799999999,6020668.87140000,54742,8324984.00000000,2433105.41300000,0
1752472800000000,0.28310000,0.28680000,0.27800000,0.28430000,10024857.00000000,1752476399999999,2837707.74200000,30076,5265781.00000000,1491554.08240000,0
1752476400000000,0.28430000,0.29090000,0.28320000,0.28850000,7318072.00000000,1752479999999999,2102563.34880000,22304,3747291.00000000,1076442.44350000,0
1752480000000000,0.28850000,0.28890000,0.27580000,0.27840000,12911452.00000000,1752483599999999,3619055.13980000,24236,6921441.00000000,1938203.22220000,0
1752483600000000,0.27850000,0.28200000,0.27670000,0.27940000,5514328.00000000,1752487199999999,1541165.17990000,14507,2506167.00000000,700836.77920000,0
1752487200000000,0.27930000,0.27930000,0.27290000,0.27730000,7164111.00000000,1752490799999999,1971022.78140000,17824,3538587.00000000,973606.09640000,0
1752490800000000,0.27720000,0.27860000,0.27250000,0.27630000,5121836.00000000,1752494399999999,1413149.01640000,15089,2616238.00000000,722106.02040000,0
1752494400000000,0.27620000,0.28380000,0.27600000,0.28300000,8105336.00000000,1752497999999999,2267418.60080000,20992,4648614.00000000,1301177.60160000,0
1752498000000000,0.28290000,0.28460000,0.27530000,0.28340000,7880736.00000000,1752501599999999,2207450.55140000,21721,3878657.00000000,1086359.35420000,0
1752501600000000,0.28340000,0.28660000,0.27710000,0.28330000,7642168.00000000,1752505199999999,2152616.81680000,24712,3489325.00000000,983463.21440000,0
1752505200000000,0.28340000,0.28390000,0.27560000,0.28080000,5963925.00000000,1752508799999999,1665614.07110000,19589,2465214.00000000,688798.49840000,0
1752508800000000,0.28090000,0.29200000,0.28040000,0.28920000,8814119.00000000,1752512399999999,2531246.13530000,29439,4696683.00000000,1348583.39800000,0
1752512400000000,0.28920000,0.29130000,0.28280000,0.28800000,7294751.00000000,1752515999999999,2091230.39570000,18300,3733663.00000000,1070276.56280000,0
1752516000000000,0.28790000,0.28990000,0.28270000,0.28420000,4523386.00000000,1752519599999999,1292313.57410000,14977,2064543.00000000,590183.65000000,0
1752519600000000,0.28420000,0.28690000,0.27860000,0.28040000,3261150.00000000,1752523199999999,922186.76550000,13539,1551087.00000000,439041.53110000,0
1752523200000000,0.28050000,0.28410000,0.27610000,0.28180000,5646467.00000000,1752526799999999,1581071.38980000,17708,2539149.00000000,711254.60220000,0
1752526800000000,0.28190000,0.28230000,0.27630000,0.27920000,4248197.00000000,1752530399999999,1186668.02700000,11525,2014806.00000000,562858.27270000,0
1752530400000000,0.27920000,0.28340000,0.27650000,0.28280000,2926610.00000000,1752533999999999,817886.89630000,10037,1608618.00000000,449753.64530000,0
1752534000000000,0.28290000,0.28380000,0.27620000,0.27970000,5177594.00000000,1752537599999999,1446152.08750000,12897,2783971.00000000,777933.63320000,0
1752537600000000,0.27950000,0.29070000,0.27910000,0.28120000,9257353.00000000,1752541199999999,2635263.70860000,27373,4708474.00000000,1340250.11210000,0
1752541200000000,0.28120000,0.28970000,0.27680000,0.28540000,7232601.00000000,1752544799999999,2047373.23480000,22673,3505930.00000000,993088.36310000,0
1752544800000000,0.28540000,0.28740000,0.28030000,0.28380000,6740408.00000000,1752548399999999,1918298.85460000,23260,3066352.00000000,872713.99150000,0
1752548400000000,0.28370000,0.28390000,0.27210000,0.27930000,7587175.00000000,1752551999999999,2099395.55400000,25954,3481112.00000000,962965.23310000,0
1752552000000000,0.27940000,0.28560000,0.27640000,0.28010000,8977108.00000000,1752555599999999,2520949.23740000,24711,4456657.00000000,1252031.40980000,0
1752555600000000,0.27990000,0.28280000,0.27460000,0.27680000,5201986.00000000,1752559199999999,1449996.84840000,12428,2519303.00000000,701680.44400000,0
1752559200000000,0.27670000,0.27890000,0.27140000,0.27430000,4310416.00000000,1752562799999999,1183841.85330000,10659,2171305.00000000,596732.28910000,0
1752562800000000,0.27440000,0.27770000,0.27220000,0.27260000,2665068.00000000,1752566399999999,732711.94300000,10311,1260590.00000000,346792.02450000,0
1752566400000000,0.27260000,0.27700000,0.26890000,0.27520000,6080857.00000000,1752569999999999,1658021.95170000,15261,2876470.00000000,785181.27060000,0
1752570000000000,0.27520000,0.28170000,0.27480000,0.27770000,5773769.00000000,1752573599999999,1614389.84140000,11580,2960875.00000000,827853.29800000,0
1752573600000000,0.27760000,0.28330000,0.27750000,0.28240000,3104123.00000000,1752577199999999,871896.16010000,10315,1478652.00000000,415304.28600000,0
1752577200000000,0.28230000,0.28510000,0.27870000,0.28470000,4462456.00000000,1752580799999999,1257264.75430000,12985,2456346.00000000,692095.94700000,0
1752580800000000,0.28470000,0.29100000,0.27580000,0.28730000,10864820.00000000,1752584399999999,3091557.80160000,37069,5454292.00000000,1551478.86010000,0
1752584400000000,0.28740000,0.29510000,0.28590000,0.28780000,9719827.00000000,1752587999999999,2811484.16950000,30929,5125134.00000000,1483291.93140000,0
1752588000000000,0.28780000,0.28990000,0.27740000,0.27800000,5185064.00000000,1752591599999999,1469407.86140000,18651,2403776.00000000,681567.30350000,0
1752591600000000,0.27810000,0.28280000,0.27780000,0.28040000,4522630.00000000,1752595199999999,1265860.23520000,14600,2288104.00000000,640755.79170000,0
1752595200000000,0.28040000,0.28550000,0.27990000,0.28310000,5463928.00000000,1752598799999999,1548406.55620000,13821,2668297.00000000,756894.63690000,0
1752598800000000,0.28320000,0.28820000,0.28040000,0.28800000,3333076.00000000,1752602399999999,948356.73290000,11715,1925183.00000000,547883.37060000,0
1752602400000000,0.28800000,0.28960000,0.28160000,0.28250000,5706599.00000000,1752605999999999,1630233.85000000,14993,2908688.00000000,831351.47330000,0
1752606000000000,0.28240000,0.28510000,0.27540000,0.27740000,3545432.00000000,1752609599999999,992919.51640000,10652,1480708.00000000,414802.44620000,0
1752609600000000,0.27740000,0.27980000,0.27600000,0.27680000,2876633.00000000,1752613199999999,799715.88310000,7681,1378400.00000000,383229.63510000,0
1752613200000000,0.27670000,0.28210000,0.27630000,0.28050000,2719163.00000000,1752616799999999,761865.16370000,7310,1594551.00000000,446750.91380000,0
1752616800000000,0.28060000,0.28360000,0.27820000,0.28330000,1433432.00000000,1752620399999999,401298.78120000,5039,768975.00000000,215379.07270000,0
1752620400000000,0.28330000,0.28740000,0.28220000,0.28380000,4707294.00000000,1752623999999999,1340959.82850000,11547,2435812.00000000,694139.00580000,0
1752624000000000,0.28370000,0.28750000,0.28180000,0.28590000,3172272.00000000,1752627599999999,901263.12370000,9871,1810740.00000000,514714.89850000,0
1752627600000000,0.28580000,0.28760000,0.27980000,0.28050000,3678283.00000000,1752631199999999,1040302.48350000,9914,1597777.00000000,452677.98220000,0
1752631200000000,0.28050000,0.28060000,0.27400000,0.27710000,5876891.00000000,1752634799999999,1626067.10680000,9971,2361623.00000000,652954.98140000,0
1752634800000000,0.27720000,0.28000000,0.27690000,0.27730000,1427554.00000000,1752638399999999,397380.27980000,5427,540671.00000000,150547.14210000,0
1752638400000000,0.27730000,0.27960000,0.27540000,0.27790000,1824001.00000000,1752641999999999,505875.07880000,5353,868473.00000000,240973.32770000,0
1752642000000000,0.27800000,0.28060000,0.27710000,0.27780000,1720530.00000000,1752645599999999,479996.57780000,5787,917862.00000000,256166.61000000,0
1752645600000000,0.27780000,0.28220000,0.27740000,0.28160000,1922790.00000000,1752649199999999,538282.78560000,6276,1106057.00000000,309767.48630000,0
1752649200000000,0.28160000,0.28550000,0.28000000,0.28270000,2506348.00000000,1752652799999999,709535.20190000,6332,1322973.00000000,374687.67140000,0
1752652800000000,0.28260000,0.29210000,0.28120000,0.28890000,6254111.00000000,1752656399999999,1798179.49700000,14488,3381746.00000000,971476.02440000,0
1752656400000000,0.28900000,0.29230000,0.28480000,0.28540000,4972117.00000000,1752659999999999,1435965.51700000,13212,1701155.00000000,491448.32570000,0
1752660000000000,0.28550000,0.28660000,0.28210000,0.28210000,2080331.00000000,1752663599999999,590942.50900000,6405,786060.00000000,223222.84380000,0
1752663600000000,0.28210000,0.28550000,0.28060000,0.28090000,2430076.00000000,1752667199999999,687589.50640000,6078,1176630.00000000,333071.71200000,0
1752667200000000,0.28090000,0.28510000,0.27980000,0.28310000,3594918.00000000,1752670799999999,1014518.76710000,9378,1614613.00000000,456267.58210000,0
1752670800000000,0.28310000,0.28710000,0.28160000,0.28350000,4228930.00000000,1752674399999999,1201111.12700000,12607,2011492.00000000,571538.56970000,0
1752674400000000,0.28350000,0.28900000,0.28250000,0.28800000,5797891.00000000,1752677999999999,1655153.64370000,14127,2882801.00000000,823300.22670000,0
1752678000000000,0.28800000,0.28920000,0.28040000,0.28190000,7992394.00000000,1752681599999999,2269977.52120000,18455,4116436.00000000,1169116.05720000,0
1752681600000000,0.28200000,0.28610000,0.27960000,0.28590000,5768731.00000000,1752685199999999,1630789.39070000,13882,2879650.00000000,813618.69570000,0
1752685200000000,0.28590000,0.28830000,0.28530000,0.28600000,3677050.00000000,1752688799999999,1053899.25190000,9916,1425611.00000000,408832.33840000,0
1752688800000000,0.28610000,0.29160000,0.28520000,0.28790000,5166242.00000000,1752692399999999,1495461.05320000,12013,2581409.00000000,747184.19880000,0
1752692400000000,0.28790000,0.29060000,0.28380000,0.28590000,4499899.00000000,1752695999999999,1291713.98210000,10542,1944903.00000000,558033.14880000,0
1752696000000000,0.28600000,0.29250000,0.28600000,0.28880000,4143212.00000000,1752699599999999,1199207.12040000,12012,1820446.00000000,526853.20540000,0
1752699600000000,0.28890000,0.29660000,0.28850000,0.29090000,5139875.00000000,1752703199999999,1502728.45920000,14700,2500330.00000000,731212.85390000,0
1752703200000000,0.29100000,0.29370000,0.28330000,0.28460000,3861167.00000000,1752706799999999,1110152.38650000,11072,1896748.00000000,544108.48430000,0
1752706800000000,0.28460000,0.28570000,0.28260000,0.28450000,2942025.00000000,1752710399999999,836535.71310000,7881,1511779.00000000,429976.95730000,0
1752710400000000,0.28460000,0.28910000,0.28260000,0.28330000,3120762.00000000,1752713999999999,892962.76240000,10101,1539859.00000000,440788.62170000,0
1752714000000000,0.28330000,0.28520000,0.27710000,0.28040000,4863000.00000000,1752717599999999,1366832.79410000,12395,2284189.00000000,641991.95190000,0
1752717600000000,0.28030000,0.28370000,0.27920000,0.28370000,1885280.00000000,1752721199999999,530743.99910000,5916,1051532.00000000,296175.62210000,0
1752721200000000,0.28380000,0.28400000,0.27800000,0.28060000,1888373.00000000,1752724799999999,529507.20470000,7444,1071219.00000000,300336.83600000,0
1752724800000000,0.28040000,0.28780000,0.27930000,0.28590000,2722981.00000000,1752728399999999,771297.19550000,7485,1608379.00000000,455427.37430000,0
1752728400000000,0.28580000,0.29650000,0.28490000,0.29570000,9756902.00000000,1752731999999999,2845023.41860000,23364,5448606.00000000,1588293.23110000,0
1752732000000000,0.29580000,0.29930000,0.29170000,0.29240000,7436462.00000000,1752735599999999,2200963.67540000,19944,3409597.00000000,1009616.38700000,0
1752735600000000,0.29230000,0.29290000,0.28630000,0.28920000,4090443.00000000,1752739199999999,1183751.56760000,11277,1884934.00000000,545658.46550000,0
1752739200000000,0.28920000,0.29920000,0.28710000,0.29780000,4360248.00000000,1752742799999999,1284498.71860000,11730,2065821.00000000,607974.20070000,0
1752742800000000,0.29790000,0.29980000,0.29530000,0.29630000,6318479.00000000,1752746399999999,1879817.42060000,15733,3436601.00000000,1023105.09110000,0
1752746400000000,0.29630000,0.29890000,0.29320000,0.29830000,5546755.00000000,1752749999999999,1644497.39100000,14361,2910011.00000000,862914.23900000,0
1752750000000000,0.29830000,0.29950000,0.29190000,0.29320000,7076035.00000000,1752753599999999,2087438.06890000,15641,3471601.00000000,1024035.71870000,0
1752753600000000,0.29330000,0.29740000,0.28820000,0.29570000,7019464.00000000,1752757199999999,2049272.71850000,17804,3210914.00000000,938361.96400000,0
1752757200000000,0.29570000,0.29670000,0.28580000,0.29050000,6340464.00000000,1752760799999999,1843372.37530000,17803,2782527.00000000,809270.55690000,0
1752760800000000,0.29040000,0.29290000,0.28810000,0.28960000,2996497.00000000,1752764399999999,870679.78270000,7843,1708676.00000000,496396.34570000,0
1752764400000000,0.28970000,0.29760000,0.28600000,0.29620000,8705193.00000000,1752767999999999,2546203.99660000,18392,4576908.00000000,1339147.10700000,0
1752768000000000,0.29620000,0.29930000,0.29270000,0.29870000,8539902.00000000,1752771599999999,2533829.55900000,23991,4527377.00000000,1342889.37440000,0
1752771600000000,0.29870000,0.30050000,0.29230000,0.29940000,7076987.00000000,1752775199999999,2095432.74710000,18961,3444462.00000000,1020982.18770000,0
1752775200000000,0.29950000,0.31730000,0.29920000,0.31610000,23190546.00000000,1752778799999999,7176668.68610000,52810,11846035.00000000,3664984.67480000,0
1752778800000000,0.31610000,0.32100000,0.30640000,0.30680000,15412444.00000000,1752782399999999,4848462.80520000,36866,8222547.00000000,2590643.66500000,0
1752782400000000,0.30680000,0.30810000,0.29770000,0.30270000,11044190.00000000,1752785999999999,3336156.78940000,27527,6218322.00000000,1878853.26200000,0
1752786000000000,0.30280000,0.32000000,0.30220000,0.31690000,14121399.00000000,1752789599999999,4420500.73760000,40593,7535757.00000000,2356667.10080000,0
1752789600000000,0.31700000,0.32840000,0.31560000,0.32650000,15334707.00000000,1752793199999999,4941399.69610000,48146,7754652.00000000,2499409.50580000,0
1752793200000000,0.32650000,0.32900000,0.31760000,0.31850000,11867649.00000000,1752796799999999,3841766.14410000,33063,4580623.00000000,1484718.31120000,0
1752796800000000,0.31850000,0.33570000,0.31840000,0.33490000,18613870.00000000,1752800399999999,6117539.00190000,49410,9776280.00000000,3214540.30010000,0
1752800400000000,0.33490000,0.33600000,0.32160000,0.32370000,17269568.00000000,1752803999999999,5648867.83110000,43285,8940429.00000000,2924005.21900000,0
1752804000000000,0.32370000,0.32380000,0.31360000,0.31570000,8787317.00000000,1752807599999999,2788206.84710000,23981,4102103.00000000,1301728.36100000,0
1752807600000000,0.31560000,0.32120000,0.31210000,0.31560000,8164557.00000000,1752811199999999,2590261.68020000,19011,3570236.00000000,1134886.44750000,0
1752811200000000,0.31550000,0.32040000,0.31450000,0.31810000,5279989.00000000,1752814799999999,1677438.84090000,13948,2740703.00000000,871093.57950000,0
1752814800000000,0.31810000,0.32370000,0.31720000,0.31950000,8869017.00000000,1752818399999999,2833471.49460000,16974,5512531.00000000,1760925.04700000,0
1752818400000000,0.31950000,0.32010000,0.31400000,0.31420000,5789114.00000000,1752821999999999,1830190.07230000,13481,2671711.00000000,844954.40860000,0
1752822000000000,0.31430000,0.31610000,0.30700000,0.30750000,7216920.00000000,1752825599999999,2248621.07840000,17889,3452495.00000000,1075415.20150000,0
1752825600000000,0.30750000,0.31110000,0.30400000,0.30580000,8075494.00000000,1752829199999999,2481482.92970000,18852,3621444.00000000,1114050.06190000,0
1752829200000000,0.30570000,0.30860000,0.30410000,0.30800000,3874618.00000000,1752832799999999,1186492.76510000,10702,2207520.00000000,676485.15970000,0
1752832800000000,0.30810000,0.30830000,0.30470000,0.30750000,3004880.00000000,1752836399999999,922399.24240000,8803,1245860.00000000,382326.77770000,0
1752836400000000,0.30750000,0.30780000,0.30210000,0.30640000,3621127.00000000,1752839999999999,1104742.10780000,9829,1965386.00000000,600168.84250000,0
1752840000000000,0.30650000,0.30930000,0.30390000,0.30810000,3826908.00000000,1752843599999999,1175855.21280000,9036,1763465.00000000,542108.18400000,0
1752843600000000,0.30800000,0.30920000,0.30430000,0.30630000,4063669.00000000,1752847199999999,1246219.87740000,11233,2226290.00000000,682936.95540000,0
1752847200000000,0.30640000,0.30730000,0.29890000,0.30090000,10573466.00000000,1752850799999999,3187166.55050000,20053,3500527.00000000,1056596.38380000,0
1752850800000000,0.30090000,0.30180000,0.29420000,0.29520000,6479460.00000000,1752854399999999,1922038.55420000,19361,3131860.00000000,929694.07970000,0
1752854400000000,0.29520000,0.29920000,0.29310000,0.29640000,5077685.00000000,1752857999999999,1502518.62940000,13186,2840631.00000000,840583.62210000,0
1752858000000000,0.29640000,0.30060000,0.29450000,0.30030000,4243412.00000000,1752861599999999,1264599.63090000,9053,2344561.00000000,699335.22460000,0
1752861600000000,0.30020000,0.30100000,0.29640000,0.29710000,2105973.00000000,1752865199999999,629171.94890000,7051,1224869.00000000,365901.83500000,0
1752865200000000,0.29710000,0.30100000,0.29420000,0.29850000,2961095.00000000,1752868799999999,881767.08380000,9753,1421200.00000000,423053.53460000,0
1752868800000000,0.29840000,0.29970000,0.29100000,0.29430000,8608535.00000000,1752872399999999,2535436.05290000,21131,5140599.00000000,1514074.66500000,0
1752872400000000,0.29420000,0.29870000,0.29390000,0.29420000,2039580.00000000,1752875999999999,603754.44770000,6750,907096.00000000,268630.42470000,0
1752876000000000,0.29420000,0.29610000,0.28990000,0.29020000,4679111.00000000,1752879599999999,1368933.03610000,9954,2244377.00000000,656918.76460000,0
1752879600000000,0.29030000,0.29440000,0.28820000,0.29360000,2473506.00000000,1752883199999999,721865.22360000,7528,1244218.00000000,363318.91570000,0
1752883200000000,0.29360000,0.29690000,0.28860000,0.28860000,4571502.00000000,1752886799999999,1338475.29410000,11193,1787352.00000000,523749.53000000,0
1752886800000000,0.28870000,0.29070000,0.28640000,0.28830000,6265218.00000000,1752890399999999,1809161.88590000,11602,3626262.00000000,1047376.16230000,0
1752890400000000,0.28830000,0.29120000,0.28570000,0.29070000,4514414.00000000,1752893999999999,1299393.72650000,9029,2218265.00000000,638850.62800000,0
1752894000000000,0.29080000,0.29330000,0.28990000,0.29170000,2866781.00000000,1752897599999999,836057.04870000,6605,1507295.00000000,439799.38380000,0
1752897600000000,0.29170000,0.29590000,0.29090000,0.29390000,3268617.00000000,1752901199999999,960372.42630000,7839,1809615.00000000,531477.69300000,0
1752901200000000,0.29400000,0.29470000,0.29140000,0.29380000,2803500.00000000,1752904799999999,821124.08540000,6674,1665648.00000000,488069.74470000,0
1752904800000000,0.29370000,0.29670000,0.29150000,0.29210000,2006663.00000000,1752908399999999,589465.99730000,6291,1296112.00000000,380657.85660000,0
1752908400000000,0.29210000,0.29680000,0.29190000,0.29430000,1380721.00000000,1752911999999999,406832.37680000,5755,811844.00000000,239319.95770000,0
1752912000000000,0.29430000,0.29570000,0.29110000,0.29200000,1385364.00000000,1752915599999999,405139.56930000,5259,743538.00000000,217462.15030000,0
1752915600000000,0.29190000,0.29550000,0.29130000,0.29500000,1242766.00000000,1752919199999999,364367.61560000,5749,572373.00000000,167800.95430000,0
1752919200000000,0.29510000,0.29510000,0.29140000,0.29180000,1399247.00000000,1752922799999999,409462.25660000,4651,627353.00000000,183596.57570000,0
1752922800000000,0.29180000,0.29380000,0.28830000,0.28870000,2433958.00000000,1752926399999999,707380.43530000,6551,966266.00000000,281108.57540000,0
1752926400000000,0.28880000,0.29000000,0.28680000,0.28930000,2164779.00000000,1752929999999999,623659.29680000,6181,1172880.00000000,337727.85450000,0
1752930000000000,0.28930000,0.29110000,0.28690000,0.28930000,1213030.00000000,1752933599999999,350845.31850000,5034,661313.00000000,191346.42760000,0
1752933600000000,0.28940000,0.28950000,0.28190000,0.28330000,4966667.00000000,1752937199999999,1411894.62290000,12780,2250263.00000000,639723.09530000,0
1752937200000000,0.28310000,0.28800000,0.28310000,0.28560000,1708146.00000000,1752940799999999,488610.11450000,6365,896806.00000000,256613.48490000,0
1752940800000000,0.28550000,0.28960000,0.28530000,0.28890000,1523024.00000000,1752944399999999,438250.55560000,5164,854335.00000000,245669.34750000,0
1752944400000000,0.28880000,0.28890000,0.28600000,0.28710000,742861.00000000,1752947999999999,213618.78650000,3800,361737.00000000,104053.77090000,0
1752948000000000,0.28710000,0.28870000,0.28670000,0.28730000,727482.00000000,1752951599999999,209280.87070000,3536,394185.00000000,113416.05080000,0
1752951600000000,0.28740000,0.29170000,0.28610000,0.28970000,1876281.00000000,1752955199999999,542364.96300000,5248,943739.00000000,272823.47310000,0
1752955200000000,0.28970000,0.29410000,0.28920000,0.29130000,1641805.00000000,1752958799999999,478993.60490000,5206,890603.00000000,259933.16830000,0
1752958800000000,0.29120000,0.29250000,0.28700000,0.29020000,1754923.00000000,1752962399999999,507046.55980000,6213,891451.00000000,257549.12940000,0
1752962400000000,0.29030000,0.29280000,0.28930000,0.29110000,1391695.00000000,1752965999999999,405034.01040000,5032,688808.00000000,200535.79010000,0
1752966000000000,0.29110000,0.29410000,0.29110000,0.29130000,2319430.00000000,1752969599999999,678416.61140000,4765,1329137.00000000,388770.62190000,0
1752969600000000,0.29130000,0.29190000,0.28900000,0.28980000,1813021.00000000,1752973199999999,526163.53400000,4983,859629.00000000,249459.89570000,0
1752973200000000,0.28990000,0.29310000,0.28840000,0.28880000,1673368.00000000,1752976799999999,487274.56340000,4871,734264.00000000,213929.91780000,0
1752976800000000,0.28870000,0.29030000,0.28770000,0.28910000,1099336.00000000,1752980399999999,317382.72680000,4381,558022.00000000,161127.78910000,0
1752980400000000,0.28900000,0.29200000,0.28830000,0.28950000,1146281.00000000,1752983999999999,332435.77000000,4329,526668.00000000,152786.08220000,0
1752984000000000,0.28950000,0.29110000,0.28840000,0.28960000,2181655.00000000,1752987599999999,632981.39560000,4878,879455.00000000,255173.82160000,0
1752987600000000,0.28970000,0.29240000,0.28860000,0.29150000,1214164.00000000,1752991199999999,352130.13920000,3630,757977.00000000,219907.31200000,0
1752991200000000,0.29140000,0.29140000,0.28920000,0.28950000,928299.00000000,1752994799999999,269397.13820000,3598,482301.00000000,139965.43190000,0
1752994800000000,0.28950000,0.29500000,0.28950000,0.29330000,1516912.00000000,1752998399999999,444703.46470000,4807,902985.00000000,264648.26840000,0
1752998400000000,0.29340000,0.29930000,0.29270000,0.29880000,2980398.00000000,1753001999999999,883484.18040000,7192,1644993.00000000,487865.01710000,0
1753002000000000,0.29890000,0.30020000,0.29530000,0.29760000,3408261.00000000,1753005599999999,1016936.41310000,9108,1592151.00000000,475350.67550000,0
1753005600000000,0.29760000,0.30350000,0.29750000,0.30240000,3803237.00000000,1753009199999999,1145403.72090000,10390,2062893.00000000,621136.29710000,0
1753009200000000,0.30240000,0.30290000,0.29930000,0.29990000,2572954.00000000,1753012799999999,774796.98260000,8185,1361909.00000000,410115.90250000,0
1753012800000000,0.30000000,0.30280000,0.29790000,0.30230000,1861411.00000000,1753016399999999,558460.75660000,6212,1029288.00000000,309137.84480000,0
1753016400000000,0.30230000,0.30450000,0.30140000,0.30430000,3404261.00000000,1753019999999999,1032370.16770000,7416,1587983.00000000,481546.70770000,0
1753020000000000,0.30430000,0.30460000,0.30010000,0.30280000,1643468.00000000,1753023599999999,497075.54670000,6822,830925.00000000,251320.00860000,0
1753023600000000,0.30280000,0.30320000,0.30000000,0.30290000,2032323.00000000,1753027199999999,613046.93990000,5942,1034194.00000000,311980.42020000,0
1753027200000000,0.30280000,0.30670000,0.30240000,0.30580000,4062840.00000000,1753030799999999,1237258.22930000,10801,1797574.00000000,547409.07370000,0
1753030800000000,0.30570000,0.30600000,0.29940000,0.30030000,3727997.00000000,1753034399999999,1128616.70140000,12699,1535998.00000000,464967.74900000,0
1753034400000000,0.30030000,0.30210000,0.29890000,0.30170000,2500760.00000000,1753037999999999,751226.34170000,6270,1186169.00000000,356250.66250000,0
1753038000000000,0.30170000,0.30270000,0.29810000,0.29820000,1719417.00000000,1753041599999999,516333.64700000,5964,782430.00000000,235252.01040000,0
1753041600000000,0.29820000,0.29910000,0.29460000,0.29590000,2392472.00000000,1753045199999999,710145.36810000,7433,840018.00000000,249264.59140000,0
1753045200000000,0.29590000,0.29630000,0.29320000,0.29600000,1746630.00000000,1753048799999999,514784.23740000,5115,677830.00000000,199830.15390000,0
1753048800000000,0.29600000,0.29610000,0.28570000,0.29090000,5305987.00000000,1753052399999999,1536923.80310000,16486,2384963.00000000,690881.23800000,0
1753052400000000,0.29090000,0.29300000,0.28830000,0.29110000,2155185.00000000,1753055999999999,626235.12210000,7534,1163719.00000000,338264.76050000,0
1753056000000000,0.29120000,0.29380000,0.28640000,0.29380000,5911388.00000000,1753059599999999,1710280.37150000,11705,3625281.00000000,1049380.57090000,0
1753059600000000,0.29370000,0.29980000,0.29010000,0.29710000,3853110.00000000,1753063199999999,1134792.20520000,10726,2163354.00000000,636831.63790000,0
1753063200000000,0.29710000,0.30310000,0.29710000,0.29990000,6303723.00000000,1753066799999999,1891268.93260000,14490,3295240.00000000,989004.95860000,0
1753066800000000,0.29990000,0.30200000,0.29860000,0.30080000,2760627.00000000,1753070399999999,828857.23880000,6175,1304397.00000000,391804.93390000,0
1753070400000000,0.30090000,0.30120000,0.29890000,0.30030000,1314922.00000000,1753073999999999,394421.69560000,3978,562663.00000000,168736.80640000,0
1753074000000000,0.30030000,0.30160000,0.29850000,0.30110000,1093367.00000000,1753077599999999,327568.03120000,3747,476864.00000000,142959.84480000,0
1753077600000000,0.30120000,0.30600000,0.30080000,0.30460000,3032545.00000000,1753081199999999,922860.18880000,9485,1357720.00000000,412984.12250000,0
1753081200000000,0.30460000,0.30830000,0.30280000,0.30760000,3417622.00000000,1753084799999999,1044415.33780000,8800,1433823.00000000,438436.32130000,0
1753084800000000,0.30760000,0.30990000,0.30690000,0.30740000,4226545.00000000,1753088399999999,1303728.37060000,9521,2254093.00000000,695605.95680000,0
1753088400000000,0.30740000,0.30780000,0.30160000,0.30330000,1843374.00000000,1753091999999999,560887.52220000,5405,895090.00000000,272350.46020000,0
1753092000000000,0.30330000,0.30590000,0.30170000,0.30510000,1984405.00000000,1753095599999999,603092.50360000,5625,1011007.00000000,307293.08860000,0
1753095600000000,0.30520000,0.30550000,0.30080000,0.30160000,3097157.00000000,1753099199999999,941110.82900000,5815,1418598.00000000,431532.50800000,0
1753099200000000,0.30170000,0.30370000,0.29900000,0.30280000,2713888.00000000,1753102799999999,818090.44270000,7673,1353883.00000000,408409.03920000,0
1753102800000000,0.30270000,0.30580000,0.29960000,0.30360000,2652956.00000000,1753106399999999,802160.93250000,8866,1428129.00000000,432188.93060000,0
1753106400000000,0.30370000,0.31080000,0.30360000,0.30990000,7903715.00000000,1753109999999999,2435839.29420000,17914,3945694.00000000,1216742.07390000,0
1753110000000000,0.30990000,0.31150000,0.30240000,0.30320000,6931269.00000000,1753113599999999,2135631.98760000,15322,2676749.00000000,824852.66350000,0
1753113600000000,0.30310000,0.30390000,0.29600000,0.29990000,4450647.00000000,1753117199999999,1334221.41760000,15095,2449471.00000000,734215.54670000,0
1753117200000000,0.29990000,0.30420000,0.29950000,0.30210000,3190143.00000000,1753120799999999,961972.62220000,9378,1824548.00000000,550066.47930000,0
1753120800000000,0.30220000,0.30430000,0.29710000,0.29770000,2119635.00000000,1753124399999999,637277.96880000,6659,922468.00000000,277661.90850000,0
1753124400000000,0.29760000,0.30080000,0.29270000,0.29380000,7521054.00000000,1753127999999999,2217193.58330000,12654,4155449.00000000,1223606.73370000,0
1753128000000000,0.29380000,0.29700000,0.29260000,0.29330000,2389755.00000000,1753131599999999,704043.38090000,8034,1094109.00000000,322417.41070000,0
1753131600000000,0.29320000,0.29710000,0.29220000,0.29670000,1671682.00000000,1753135199999999,493341.83450000,4837,777146.00000000,229390.69200000,0
1753135200000000,0.29670000,0.29990000,0.29610000,0.29850000,1371182.00000000,1753138799999999,408016.99080000,3721,530225.00000000,157853.78480000,0
1753138800000000,0.29860000,0.29950000,0.29720000,0.29810000,1466119.00000000,1753142399999999,437685.37630000,3593,834235.00000000,249021.39030000,0
1753142400000000,0.29810000,0.30000000,0.29340000,0.29410000,2103538.00000000,1753145999999999,624270.20320000,6599,965837.00000000,286732.53500000,0
1753146000000000,0.29410000,0.29960000,0.28750000,0.29810000,4876060.00000000,1753149599999999,1427047.06290000,15683,2507863.00000000,734468.78510000,0
1753149600000000,0.29820000,0.29950000,0.29230000,0.29340000,3023553.00000000,1753153199999999,896938.41560000,9789,1396091.00000000,414187.69330000,0
1753153200000000,0.29370000,0.29490000,0.28970000,0.29240000,3113317.00000000,1753156799999999,909636.85410000,11290,1586152.00000000,463532.98990000,0
1753156800000000,0.29230000,0.29360000,0.28330000,0.28330000,4331966.00000000,1753160399999999,1246117.53220000,14673,1853828.00000000,533695.25880000,0
1753160400000000,0.28330000,0.28950000,0.28310000,0.28640000,2996117.00000000,1753163999999999,857812.22300000,10484,1504742.00000000,430996.58170000,0
1753164000000000,0.28650000,0.28960000,0.28510000,0.28740000,2418310.00000000,1753167599999999,696175.58390000,7321,1276455.00000000,367707.60530000,0
1753167600000000,0.28750000,0.29170000,0.28700000,0.28810000,2158899.00000000,1753171199999999,625489.44010000,7179,1037593.00000000,300697.21340000,0
1753171200000000,0.28800000,0.28800000,0.28030000,0.28420000,4645156.00000000,1753174799999999,1318202.37130000,12768,1915228.00000000,542765.24910000,0
1753174800000000,0.28420000,0.28590000,0.27920000,0.28480000,2826788.00000000,1753178399999999,798091.80480000,9602,1308411.00000000,369314.58370000,0
1753178400000000,0.28480000,0.28880000,0.28400000,0.28870000,1939763.00000000,1753181999999999,554906.62810000,5419,883626.00000000,252824.60490000,0
1753182000000000,0.28870000,0.29000000,0.28620000,0.28870000,1770611.00000000,1753185599999999,510289.12590000,5711,815867.00000000,235142.74530000,0
1753185600000000,0.28870000,0.28940000,0.28670000,0.28750000,1410892.00000000,1753189199999999,406213.05760000,5669,637939.00000000,183683.38630000,0
1753189200000000,0.28760000,0.28980000,0.28190000,0.28300000,4153869.00000000,1753192799999999,1184845.31780000,15179,1834878.00000000,523372.56090000,0
1753192800000000,0.28300000,0.28970000,0.28020000,0.28960000,3480746.00000000,1753196399999999,991269.54520000,13224,1852869.00000000,528415.19410000,0
1753196400000000,0.28960000,0.29220000,0.28810000,0.28870000,2931978.00000000,1753199999999999,850743.86910000,10143,1379415.00000000,400232.06970000,0
1753200000000000,0.28870000,0.29280000,0.28780000,0.29040000,1776041.00000000,1753203599999999,515926.91350000,6848,796468.00000000,231521.96380000,0
1753203600000000,0.29030000,0.29340000,0.28820000,0.29110000,2354506.00000000,1753207199999999,684764.75480000,9244,1158724.00000000,337016.73620000,0
1753207200000000,0.29100000,0.29630000,0.28920000,0.29430000,2814896.00000000,1753210799999999,824467.61280000,9854,1321291.00000000,386964.69400000,0
1753210800000000,0.29420000,0.29550000,0.28910000,0.28970000,1104616.00000000,1753214399999999,323116.69080000,5981,528350.00000000,154615.50360000,0
1753214400000000,0.28960000,0.29490000,0.28910000,0.29340000,1492680.00000000,1753217999999999,436596.57200000,6853,702484.00000000,205348.77610000,0
1753218000000000,0.29350000,0.29500000,0.29240000,0.29380000,820438.00000000,1753221599999999,240692.25260000,4046,432821.00000000,126986.33780000,0
1753221600000000,0.29380000,0.29540000,0.29310000,0.29370000,1107057.00000000,1753225199999999,325808.23920000,3486,474931.00000000,139837.40620000,0
1753225200000000,0.29380000,0.29800000,0.29370000,0.29660000,3236968.00000000,1753228799999999,960071.37140000,5947,1909345.00000000,566435.86220000,0
1753228800000000,0.29660000,0.29660000,0.29100000,0.29130000,2628478.00000000,1753232399999999,771175.51120000,6265,1364652.00000000,400147.14200000,0
1753232400000000,0.29140000,0.29180000,0.28910000,0.29120000,2288334.00000000,1753235999999999,664472.47350000,5568,1321956.00000000,383853.98690000,0
1753236000000000,0.29130000,0.29270000,0.28950000,0.29080000,2894228.00000000,1753239599999999,842346.29060000,6614,1405750.00000000,409194.35430000,0
1753239600000000,0.29090000,0.29210000,0.28870000,0.28950000,1597826.00000000,1753243199999999,463730.53940000,3900,539670.00000000,156612.45670000,0
1753243200000000,0.28960000,0.29400000,0.28900000,0.29370000,1496682.00000000,1753246799999999,437368.66400000,4637,894439.00000000,261448.38090000,0
1753246800000000,0.29370000,0.29410000,0.29050000,0.29150000,1612765.00000000,1753250399999999,470778.17320000,4392,685503.00000000,200169.90220000,0
1753250400000000,0.29140000,0.29170000,0.28730000,0.28950000,1492528.00000000,1753253999999999,431255.82740000,5424,635944.00000000,183814.10260000,0
1753254000000000,0.28940000,0.29030000,0.28600000,0.28700000,1541470.00000000,1753257599999999,444280.73110000,4859,594581.00000000,171107.70540000,0
1753257600000000,0.28700000,0.28860000,0.28600000,0.28860000,982600.00000000,1753261199999999,282349.43100000,3561,474384.00000000,136355.85660000,0
1753261200000000,0.28860000,0.28890000,0.28320000,0.28340000,1374816.00000000,1753264799999999,391951.98480000,4837,659070.00000000,187896.56040000,0
1753264800000000,0.28330000,0.28390000,0.28120000,0.28380000,1610089.00000000,1753268399999999,454993.14430000,4956,795969.00000000,224989.27240000,0
1753268400000000,0.28370000,0.28370000,0.28060000,0.28170000,1434197.00000000,1753271999999999,403714.38090000,4658,539663.00000000,151941.35330000,0
1753272000000000,0.28170000,0.28220000,0.27270000,0.27410000,6329172.00000000,1753275599999999,1754964.32570000,15818,2591463.00000000,718144.46240000,0
1753275600000000,0.27420000,0.27640000,0.26460000,0.26880000,15410596.00000000,1753279199999999,4155326.20180000,46173,7548565.00000000,2036387.64450000,0
1753279200000000,0.26870000,0.27270000,0.26770000,0.27210000,5314324.00000000,1753282799999999,1439089.74130000,14500,2655561.00000000,719232.72930000,0
1753282800000000,0.27210000,0.27370000,0.26850000,0.27310000,4419266.00000000,1753286399999999,1197323.89860000,12284,2508129.00000000,679983.09600000,0
1753286400000000,0.27310000,0.27310000,0.26530000,0.26560000,3843434.00000000,1753289999999999,1029694.74540000,12786,1845951.00000000,494694.58500000,0
1753290000000000,0.26560000,0.26830000,0.26180000,0.26760000,7737009.00000000,1753293599999999,2050580.88710000,23160,3478002.00000000,921987.55250000,0
1753293600000000,0.26770000,0.26950000,0.26720000,0.26940000,1630006.00000000,1753297199999999,437623.34950000,6709,936615.00000000,251510.05830000,0
1753297200000000,0.26930000,0.26980000,0.26610000,0.26640000,1474341.00000000,1753300799999999,395092.98970000,5055,649993.00000000,174216.45960000,0
1753300800000000,0.26630000,0.26810000,0.26010000,0.26440000,5298999.00000000,1753304399999999,1392197.70790000,19003,2488242.00000000,653935.33970000,0
1753304400000000,0.26430000,0.26640000,0.25770000,0.26480000,6696755.00000000,1753307999999999,1757408.15480000,16724,3913047.00000000,1027613.20360000,0
1753308000000000,0.26470000,0.26930000,0.26220000,0.26790000,4341594.00000000,1753311599999999,1154748.90860000,8760,2223932.00000000,592029.00450000,0
1753311600000000,0.26790000,0.26950000,0.26670000,0.26750000,1359995.00000000,1753315199999999,364810.33510000,3942,694672.00000000,186333.43410000,0
1753315200000000,0.26750000,0.27120000,0.26520000,0.26970000,2068156.00000000,1753318799999999,556227.40320000,6371,1280286.00000000,344500.48740000,0
1753318800000000,0.26980000,0.27000000,0.26660000,0.27000000,1276555.00000000,1753322399999999,343046.03680000,3858,692628.00000000,186173.81510000,0
1753322400000000,0.26990000,0.27030000,0.26670000,0.26800000,912860.00000000,1753325999999999,244863.89240000,2989,415406.00000000,111582.14750000,0
1753326000000000,0.26810000,0.27160000,0.26790000,0.26910000,1405557.00000000,1753329599999999,379661.71550000,3996,695762.00000000,187957.17370000,0
1753329600000000,0.26920000,0.26950000,0.26230000,0.26330000,2288858.00000000,1753333199999999,607558.58420000,7578,979131.00000000,260013.23540000,0
1753333200000000,0.26330000,0.26380000,0.25530000,0.25590000,5937671.00000000,1753336799999999,1544497.19210000,14376,2554752.00000000,664662.84110000,0
1753336800000000,0.25590000,0.26060000,0.24930000,0.25320000,6569177.00000000,1753340399999999,1672722.38520000,21125,3285039.00000000,837648.48160000,0
1753340400000000,0.25310000,0.25790000,0.24920000,0.25750000,4806331.00000000,1753343999999999,1219126.33890000,14134,2167125.00000000,550618.99360000,0
1753344000000000,0.25750000,0.26030000,0.25570000,0.25920000,1924352.00000000,1753347599999999,497703.09520000,6678,921584.00000000,238260.93610000,0
1753347600000000,0.25930000,0.26010000,0.25710000,0.25900000,1870405.00000000,1753351199999999,484117.44050000,6139,937956.00000000,242913.46770000,0
1753351200000000,0.25900000,0.26060000,0.25430000,0.25760000,1869599.00000000,1753354799999999,480981.79810000,6144,948244.00000000,244072.98200000,0
1753354800000000,0.25750000,0.26430000,0.25730000,0.26310000,3178166.00000000,1753358399999999,830183.27600000,6162,2017868.00000000,527335.73770000,0
1753358400000000,0.26310000,0.26430000,0.26030000,0.26150000,1836424.00000000,1753361999999999,481026.83650000,6349,938153.00000000,245711.51530000,0
1753362000000000,0.26160000,0.26530000,0.26090000,0.26140000,2296414.00000000,1753365599999999,604833.23070000,8832,1200864.00000000,316373.32050000,0
1753365600000000,0.26140000,0.27240000,0.25940000,0.27210000,3783444.00000000,1753369199999999,1005709.30580000,12394,1984209.00000000,528344.25960000,0
1753369200000000,0.27210000,0.27360000,0.26820000,0.27070000,5433590.00000000,1753372799999999,1472666.37330000,13044,2789687.00000000,756715.68050000,0
1753372800000000,0.27070000,0.27120000,0.26180000,0.26540000,6010517.00000000,1753376399999999,1595957.12790000,14542,3004734.00000000,798143.60370000,0
1753376400000000,0.26540000,0.27110000,0.26510000,0.26940000,1695405.00000000,1753379999999999,455838.76100000,6192,857309.00000000,230444.65980000,0
1753380000000000,0.26930000,0.27090000,0.26710000,0.26920000,1311515.00000000,1753383599999999,353130.78460000,6383,581857.00000000,156679.32990000,0
1753383600000000,0.26930000,0.27100000,0.26640000,0.26650000,1385521.00000000,1753387199999999,372066.22730000,5033,634087.00000000,170314.14850000,0
1753387200000000,0.26650000,0.26860000,0.26630000,0.26800000,720321.00000000,1753390799999999,192649.59690000,2579,378694.00000000,101265.19800000,0
1753390800000000,0.26800000,0.26830000,0.26380000,0.26470000,1196462.00000000,1753394399999999,317702.84920000,4074,522824.00000000,138813.49360000,0
1753394400000000,0.26480000,0.26630000,0.26260000,0.26410000,1584974.00000000,1753397999999999,418892.18060000,4586,734964.00000000,194375.87130000,0
1753398000000000,0.26400000,0.26400000,0.25930000,0.26150000,3350056.00000000,1753401599999999,875590.77580000,6911,1663653.00000000,434974.65910000,0
1753401600000000,0.26160000,0.26190000,0.25630000,0.25700000,4229694.00000000,1753405199999999,1093304.57890000,9861,2008368.00000000,519166.48690000,0
1753405200000000,0.25690000,0.26080000,0.25550000,0.26000000,1663976.00000000,1753408799999999,429190.90390000,5619,966028.00000000,249174.65960000,0
1753408800000000,0.26000000,0.26140000,0.25440000,0.25540000,1343166.00000000,1753412399999999,345073.64620000,6270,534178.00000000,137377.55750000,0
1753412400000000,0.25530000,0.25770000,0.25140000,0.25530000,3723980.00000000,1753415999999999,945964.30440000,12499,1750856.00000000,444835.56690000,0
1753416000000000,0.25520000,0.25900000,0.25120000,0.25880000,2781137.00000000,1753419599999999,706616.62500000,10663,1416314.00000000,360191.96290000,0
1753419600000000,0.25870000,0.25910000,0.25480000,0.25540000,1669963.00000000,1753423199999999,428764.50240000,4795,826047.00000000,212142.59090000,0
1753423200000000,0.25540000,0.25800000,0.25320000,0.25660000,1563422.00000000,1753426799999999,398614.31870000,5548,765500.00000000,195229.68160000,0
1753426800000000,0.25650000,0.26000000,0.25340000,0.25620000,2184749.00000000,1753430399999999,560439.46970000,8158,1042866.00000000,267589.62900000,0
1753430400000000,0.25620000,0.26010000,0.25560000,0.25720000,1823514.00000000,1753433999999999,470328.00010000,6500,1110239.00000000,286557.59810000,0
1753434000000000,0.25710000,0.26260000,0.25600000,0.26220000,3213858.00000000,1753437599999999,836083.13090000,7300,1640229.00000000,426812.48210000,0
1753437600000000,0.26220000,0.26340000,0.26010000,0.26260000,2180688.00000000,1753441199999999,571427.08540000,6817,1214223.00000000,318320.59740000,0
1753441200000000,0.26270000,0.26530000,0.26260000,0.26350000,1759148.00000000,1753444799999999,464066.12970000,5014,1049540.00000000,276921.52610000,0
1753444800000000,0.26350000,0.27080000,0.26210000,0.26400000,5744000.00000000,1753448399999999,1530733.77090000,19694,3036442.00000000,809605.06550000,0
1753448400000000,0.26400000,0.26430000,0.25980000,0.26270000,2131462.00000000,1753451999999999,558915.16620000,8820,1032030.00000000,270767.71780000,0
1753452000000000,0.26280000,0.26320000,0.25480000,0.25520000,3426140.00000000,1753455599999999,883372.99090000,12579,1477814.00000000,380769.19830000,0
1753455600000000,0.25500000,0.25810000,0.25310000,0.25660000,3440722.00000000,1753459199999999,879782.51510000,11117,1494410.00000000,382187.95500000,0
1753459200000000,0.25670000,0.26060000,0.25560000,0.26000000,1701994.00000000,1753462799999999,438869.66790000,6947,822086.00000000,211945.97680000,0
1753462800000000,0.25990000,0.26080000,0.25820000,0.25860000,1186914.00000000,1753466399999999,308069.87100000,4352,604683.00000000,156938.64250000,0
1753466400000000,0.25870000,0.26060000,0.25870000,0.26020000,826772.00000000,1753469999999999,214585.46840000,3107,421216.00000000,109367.09080000,0
1753470000000000,0.26000000,0.26310000,0.25900000,0.26120000,1770687.00000000,1753473599999999,461732.42400000,4472,895939.00000000,233763.33640000,0
1753473600000000,0.26110000,0.26570000,0.26110000,0.26490000,1653363.00000000,1753477199999999,435134.40270000,3958,884556.00000000,232926.61530000,0
1753477200000000,0.26490000,0.26840000,0.26490000,0.26760000,2255361.00000000,1753480799999999,600936.31880000,5074,968454.00000000,258286.42830000,0
1753480800000000,0.26760000,0.26780000,0.26530000,0.26760000,2181972.00000000,1753484399999999,581897.90400000,4435,1116574.00000000,297971.41840000,0
1753484400000000,0.26750000,0.26770000,0.26600000,0.26680000,586671.00000000,1753487999999999,156573.25140000,2146,304918.00000000,81375.86710000,0
1753488000000000,0.26680000,0.26690000,0.26480000,0.26690000,810442.00000000,1753491599999999,215493.48900000,2780,374717.00000000,99633.07270000,0
1753491600000000,0.26700000,0.26920000,0.26550000,0.26570000,1024406.00000000,1753495199999999,273950.50160000,3377,462632.00000000,123737.81820000,0
1753495200000000,0.26570000,0.27000000,0.26570000,0.26990000,1372577.00000000,1753498799999999,368736.71780000,4192,799474.00000000,214781.36580000,0
1753498800000000,0.26990000,0.27000000,0.26700000,0.26890000,569538.00000000,1753502399999999,152821.78650000,2338,255882.00000000,68662.70550000,0
1753502400000000,0.26890000,0.27020000,0.26880000,0.26940000,1468963.00000000,1753505999999999,395859.24600000,3535,663885.00000000,178918.23500000,0
1753506000000000,0.26930000,0.27130000,0.26820000,0.26970000,1675644.00000000,1753509599999999,452794.60020000,2599,833073.00000000,225254.93810000,0
1753509600000000,0.26970000,0.26980000,0.26750000,0.26770000,1480797.00000000,1753513199999999,397683.85520000,2752,648905.00000000,174233.28290000,0
1753513200000000,0.26770000,0.26840000,0.26700000,0.26700000,1052140.00000000,1753516799999999,281797.45910000,2046,545107.00000000,146055.44850000,0
1753516800000000,0.26710000,0.26890000,0.26640000,0.26780000,1657257.00000000,1753520399999999,443163.71740000,3016,700465.00000000,187343.93640000,0
1753520400000000,0.26790000,0.26930000,0.26730000,0.26930000,648605.00000000,1753523999999999,173981.42570000,1679,415529.00000000,111501.19930000,0
1753524000000000,0.26930000,0.27190000,0.26910000,0.27090000,1049136.00000000,1753527599999999,283808.82890000,3038,595385.00000000,161042.25740000,0
1753527600000000,0.27090000,0.27180000,0.26960000,0.27000000,897589.00000000,1753531199999999,242901.69160000,2379,454438.00000000,122976.21280000,0
1753531200000000,0.27000000,0.27330000,0.26920000,0.27180000,1790815.00000000,1753534799999999,486756.87850000,3411,1003665.00000000,272847.59810000,0
1753534800000000,0.27180000,0.27620000,0.27090000,0.27550000,2556132.00000000,1753538399999999,701295.48710000,5097,1563468.00000000,429267.16600000,0
1753538400000000,0.27550000,0.27970000,0.27220000,0.27540000,5134385.00000000,1753541999999999,1419267.59480000,13366,2531919.00000000,700267.29010000,0
1753542000000000,0.27540000,0.27770000,0.27230000,0.27440000,2570723.00000000,1753545599999999,705253.61750000,6926,1210973.00000000,332137.22850000,0
1753545600000000,0.27430000,0.27650000,0.27270000,0.27570000,1410955.00000000,1753549199999999,387943.51950000,5006,728681.00000000,200370.33780000,0
1753549200000000,0.27570000,0.27650000,0.27360000,0.27400000,1499369.00000000,1753552799999999,412337.94550000,3934,671894.00000000,184856.26300000,0
1753552800000000,0.27400000,0.27770000,0.27250000,0.27710000,1157512.00000000,1753556399999999,318238.23100000,3533,458264.00000000,126204.77540000,0
1753556400000000,0.27710000,0.28130000,0.27660000,0.27980000,2778591.00000000,1753559999999999,775861.52430000,7628,1457533.00000000,407042.53310000,0
1753560000000000,0.27980000,0.28020000,0.27690000,0.27770000,1603732.00000000,1753563599999999,446512.17090000,3755,686041.00000000,191134.89610000,0
1753563600000000,0.27760000,0.27950000,0.27620000,0.27910000,2091998.00000000,1753567199999999,580764.79650000,3207,1094746.00000000,304011.88400000,0
1753567200000000,0.27910000,0.28020000,0.27640000,0.27660000,1326162.00000000,1753570799999999,369221.19620000,3857,664111.00000000,184879.23590000,0
1753570800000000,0.27650000,0.27660000,0.27440000,0.27450000,1032023.00000000,1753574399999999,284129.79250000,2453,410430.00000000,113027.30120000,0
1753574400000000,0.27460000,0.27530000,0.27300000,0.27460000,1000035.00000000,1753577999999999,274106.17010000,2899,481153.00000000,131913.03650000,0
1753578000000000,0.27470000,0.27670000,0.27380000,0.27470000,744418.00000000,1753581599999999,205024.96760000,2797,341096.00000000,93974.93320000,0
1753581600000000,0.27470000,0.27920000,0.27430000,0.27770000,1567248.00000000,1753585199999999,434697.24310000,3519,910543.00000000,252681.33110000,0
1753585200000000,0.27780000,0.27830000,0.27660000,0.27730000,1051667.00000000,1753588799999999,291614.27570000,3254,560933.00000000,155526.82990000,0
1753588800000000,0.27730000,0.28230000,0.27580000,0.28230000,1797557.00000000,1753592399999999,502366.14840000,4340,1042063.00000000,291442.19500000,0
1753592400000000,0.28220000,0.29030000,0.28150000,0.28810000,7093344.00000000,1753595999999999,2036388.86270000,17684,4559593.00000000,1309192.34060000,0
1753596000000000,0.28800000,0.29110000,0.28500000,0.28970000,5424717.00000000,1753599599999999,1564620.81330000,13709,3243046.00000000,935793.23490000,0
1753599600000000,0.28980000,0.29030000,0.28430000,0.28540000,3644206.00000000,1753603199999999,1045937.75810000,9067,1652919.00000000,474905.37210000,0
1753603200000000,0.28550000,0.28610000,0.28030000,0.28200000,3339615.00000000,1753606799999999,943049.66640000,6801,1794731.00000000,506746.25450000,0
1753606800000000,0.28200000,0.28200000,0.27760000,0.27760000,1459436.00000000,1753610399999999,408044.80470000,3557,612784.00000000,171360.78490000,0
1753610400000000,0.27760000,0.28210000,0.27750000,0.28140000,1943415.00000000,1753613999999999,544884.65810000,4572,1091628.00000000,305878.12070000,0
1753614000000000,0.28140000,0.28220000,0.27780000,0.27900000,1679744.00000000,1753617599999999,470598.31410000,5057,764354.00000000,214360.06440000,0
1753617600000000,0.27890000,0.28080000,0.27740000,0.28060000,1434113.00000000,1753621199999999,400275.51390000,3208,484822.00000000,135247.11370000,0
1753621200000000,0.28060000,0.28180000,0.27900000,0.27980000,3146891.00000000,1753624799999999,882018.91520000,5794,1507724.00000000,422643.44070000,0
1753624800000000,0.27980000,0.28140000,0.27770000,0.27870000,1561004.00000000,1753628399999999,436162.28140000,3747,752031.00000000,210075.79420000,0
1753628400000000,0.27880000,0.28080000,0.27690000,0.28050000,2204862.00000000,1753631999999999,615053.53740000,4930,897346.00000000,250668.09030000,0
1753632000000000,0.28050000,0.28430000,0.28030000,0.28270000,2208495.00000000,1753635599999999,624624.77010000,7651,1126231.00000000,318516.67370000,0
1753635600000000,0.28280000,0.28380000,0.28090000,0.28300000,1370660.00000000,1753639199999999,386882.74120000,5531,760519.00000000,214670.43670000,0
1753639200000000,0.28290000,0.28520000,0.28240000,0.28330000,1481721.00000000,1753642799999999,420661.87980000,5356,856135.00000000,243125.24250000,0
1753642800000000,0.28320000,0.28430000,0.28140000,0.28170000,1095308.00000000,1753646399999999,309521.44900000,3459,444183.00000000,125471.06900000,0
1753646400000000,0.28160000,0.28370000,0.28080000,0.28140000,670599.00000000,1753649999999999,189294.86890000,3048,326950.00000000,92267.62840000,0
1753650000000000,0.28150000,0.28420000,0.28040000,0.28370000,675329.00000000,1753653599999999,190478.56720000,2185,401239.00000000,113193.81730000,0
1753653600000000,0.28380000,0.28730000,0.28370000,0.28600000,2644654.00000000,1753657199999999,757164.24170000,6980,1541019.00000000,441267.71320000,0
1753657200000000,0.28590000,0.28680000,0.28270000,0.28590000,2501031.00000000,1753660799999999,711815.00270000,6387,1087258.00000000,309450.28950000,0
1753660800000000,0.28590000,0.28810000,0.28360000,0.28450000,3021748.00000000,1753664399999999,864391.29000000,8583,1354296.00000000,387504.91250000,0
1753664400000000,0.28460000,0.28520000,0.28060000,0.28240000,1891103.00000000,1753667999999999,534674.86490000,5640,1034023.00000000,292500.20580000,0
1753668000000000,0.28230000,0.28810000,0.28150000,0.28580000,2883019.00000000,1753671599999999,824335.36950000,6388,1623735.00000000,464274.05470000,0
1753671600000000,0.28590000,0.28670000,0.28350000,0.28390000,752586.00000000,1753675199999999,214389.14770000,2566,315746.00000000,89976.82660000,0
1753675200000000,0.28390000,0.28600000,0.28310000,0.28500000,1490691.00000000,1753678799999999,424177.54820000,4311,830375.00000000,236292.70130000,0
1753678800000000,0.28490000,0.28750000,0.28430000,0.28650000,2077814.00000000,1753682399999999,594258.23930000,5708,865320.00000000,247609.07440000,0
1753682400000000,0.28660000,0.28790000,0.28590000,0.28710000,2365211.00000000,1753685999999999,678582.38810000,4641,886472.00000000,254329.53680000,0
1753686000000000,0.28710000,0.28710000,0.28200000,0.28290000,4085506.00000000,1753689599999999,1161169.54810000,7405,1728639.00000000,491015.95580000,0
1753689600000000,0.28290000,0.28410000,0.28140000,0.28350000,1932261.00000000,1753693199999999,546455.32850000,3985,784968.00000000,222008.38940000,0
1753693200000000,0.28350000,0.28520000,0.28210000,0.28430000,1679770.00000000,1753696799999999,476588.46430000,5065,753687.00000000,213903.89720000,0
1753696800000000,0.28430000,0.28430000,0.28070000,0.28080000,929546.00000000,1753700399999999,261987.86570000,2976,420072.00000000,118416.34480000,0
1753700400000000,0.28080000,0.28090000,0.27780000,0.28060000,1081890.00000000,1753703999999999,302486.46280000,2784,471034.00000000,131741.57190000,0
1753704000000000,0.28070000,0.28130000,0.27820000,0.27890000,1991026.00000000,1753707599999999,557140.14070000,5104,954265.00000000,267096.04100000,0
1753707600000000,0.27900000,0.27900000,0.27330000,0.27430000,4539397.00000000,1753711199999999,1250735.97660000,11761,2460233.00000000,677912.87620000,0
1753711200000000,0.27440000,0.27520000,0.26940000,0.27020000,4293054.00000000,1753714799999999,1165948.36990000,11177,1989759.00000000,540814.51960000,0
1753714800000000,0.27030000,0.27280000,0.26870000,0.26930000,1995855.00000000,1753718399999999,540926.32510000,6652,949985.00000000,257583.59800000,0
1753718400000000,0.26920000,0.27030000,0.26710000,0.26860000,1887341.00000000,1753721999999999,506977.80210000,6387,924488.00000000,248384.47690000,0
1753722000000000,0.26860000,0.26980000,0.26660000,0.26700000,2147730.00000000,1753725599999999,575917.02540000,5978,836950.00000000,224705.11820000,0
1753725600000000,0.26720000,0.26750000,0.26440000,0.26540000,1900110.00000000,1753729199999999,504544.18080000,7099,707266.00000000,187821.36190000,0
1753729200000000,0.26540000,0.26750000,0.26390000,0.26630000,2074290.00000000,1753732799999999,552402.70030000,4389,1148094.00000000,305804.60070000,0
1753732800000000,0.26640000,0.26690000,0.26370000,0.26540000,1933377.00000000,1753736399999999,513364.84560000,5336,964504.00000000,256124.40490000,0
1753736400000000,0.26540000,0.26930000,0.26450000,0.26680000,2848347.00000000,1753739999999999,762181.94850000,4866,1464780.00000000,392154.60780000,0
1753740000000000,0.26680000,0.26790000,0.26290000,0.26450000,3791622.00000000,1753743599999999,1006906.10550000,6484,1644031.00000000,436251.21720000,0
1753743600000000,0.26460000,0.26570000,0.26320000,0.26510000,1414806.00000000,1753747199999999,374093.38030000,4328,653756.00000000,172963.95100000,0
1753747200000000,0.26520000,0.26720000,0.26090000,0.26360000,2439319.00000000,1753750799999999,643286.53080000,7360,1039113.00000000,274294.74300000,0
1753750800000000,0.26370000,0.26500000,0.26100000,0.26110000,1248334.00000000,1753754399999999,328576.25480000,3487,543803.00000000,143218.42960000,0
1753754400000000,0.26100000,0.26190000,0.25930000,0.26030000,1634089.00000000,1753757999999999,425786.06780000,4938,883019.00000000,230127.08150000,0
1753758000000000,0.26030000,0.26520000,0.26030000,0.26460000,1458272.00000000,1753761599999999,383384.93020000,4236,756085.00000000,198761.97590000,0
1753761600000000,0.26460000,0.26590000,0.26340000,0.26360000,1007153.00000000,1753765199999999,266833.02740000,3002,432529.00000000,114646.03190000,0
1753765200000000,0.26360000,0.26790000,0.26360000,0.26760000,840537.00000000,1753768799999999,223643.07390000,3303,589769.00000000,156923.90770000,0
1753768800000000,0.26770000,0.27130000,0.26660000,0.26990000,1753562.00000000,1753772399999999,472144.99580000,5369,891776.00000000,240205.66280000,0
1753772400000000,0.27000000,0.27260000,0.26860000,0.27240000,1712200.00000000,1753775999999999,463492.80800000,4426,936025.00000000,253455.79140000,0
1753776000000000,0.27240000,0.27310000,0.27010000,0.27110000,1343275.00000000,1753779599999999,364419.83700000,3711,609880.00000000,165555.74020000,0
1753779600000000,0.27120000,0.27150000,0.26880000,0.26930000,1891347.00000000,1753783199999999,510555.20750000,3767,846213.00000000,228501.06030000,0
1753783200000000,0.26930000,0.26950000,0.26350000,0.26420000,2239554.00000000,1753786799999999,596518.66930000,5598,908640.00000000,241790.66200000,0
1753786800000000,0.26410000,0.26660000,0.26400000,0.26570000,1211287.00000000,1753790399999999,321444.56620000,3903,628755.00000000,166912.88580000,0
1753790400000000,0.26580000,0.26950000,0.26550000,0.26730000,1192407.00000000,1753793999999999,318992.68510000,3585,577839.00000000,154498.08050000,0
1753794000000000,0.26720000,0.26840000,0.26330000,0.26390000,2164593.00000000,1753797599999999,576354.02530000,5596,1042457.00000000,277522.96940000,0
1753797600000000,0.26400000,0.26410000,0.25810000,0.26040000,3957146.00000000,1753801199999999,1032784.37170000,9726,1497089.00000000,390539.85230000,0
1753801200000000,0.26030000,0.26180000,0.25810000,0.25950000,2887858.00000000,1753804799999999,750411.88730000,8238,1237013.00000000,321530.50360000,0
1753804800000000,0.25950000,0.25980000,0.25510000,0.25940000,2833619.00000000,1753808399999999,729932.86840000,7987,1315768.00000000,339380.15690000,0
1753808400000000,0.25940000,0.26210000,0.25900000,0.26080000,982170.00000000,1753811999999999,256004.94660000,4189,552651.00000000,144019.92230000,0
1753812000000000,0.26070000,0.26140000,0.25890000,0.25970000,1045652.00000000,1753815599999999,272160.88010000,3625,540690.00000000,140782.24830000,0
1753815600000000,0.25970000,0.26190000,0.25790000,0.25840000,1675118.00000000,1753819199999999,435246.46060000,3952,923402.00000000,239809.67010000,0
1753819200000000,0.25830000,0.25970000,0.25560000,0.25740000,2382123.00000000,1753822799999999,613018.33920000,7227,1238460.00000000,318740.86430000,0
1753822800000000,0.25740000,0.26210000,0.25650000,0.26040000,963554.00000000,1753826399999999,249051.18630000,3957,438452.00000000,113317.70440000,0
1753826400000000,0.26040000,0.26110000,0.25850000,0.26050000,1185040.00000000,1753829999999999,308032.78240000,3302,548659.00000000,142654.06390000,0
1753830000000000,0.26060000,0.26140000,0.25970000,0.26060000,821398.00000000,1753833599999999,213899.01230000,2520,472473.00000000,123095.68310000,0
1753833600000000,0.26050000,0.26050000,0.25720000,0.25910000,1904595.00000000,1753837199999999,493635.20060000,4671,1077727.00000000,279355.67650000,0
1753837200000000,0.25910000,0.26200000,0.25620000,0.26100000,2109318.00000000,1753840799999999,548275.48150000,4900,1204669.00000000,313214.80750000,0
1753840800000000,0.26110000,0.26290000,0.26030000,0.26130000,1043133.00000000,1753844399999999,272820.80350000,3768,594922.00000000,155612.90960000,0
1753844400000000,0.26130000,0.26150000,0.26000000,0.26020000,640164.00000000,1753847999999999,166946.78180000,1969,332397.00000000,86722.70830000,0
1753848000000000,0.26020000,0.26110000,0.25780000,0.25790000,761084.00000000,1753851599999999,197475.55080000,2009,479215.00000000,124364.85770000,0
1753851600000000,0.25800000,0.26090000,0.25690000,0.25990000,1010457.00000000,1753855199999999,261495.35340000,2592,518706.00000000,134232.17070000,0
1753855200000000,0.25990000,0.26100000,0.25870000,0.26040000,597171.00000000,1753858799999999,155219.28100000,2192,300083.00000000,77998.74990000,0
1753858800000000,0.26020000,0.26120000,0.25730000,0.25790000,764934.00000000,1753862399999999,197957.99300000,2658,244971.00000000,63399.45980000,0
1753862400000000,0.25790000,0.25980000,0.25650000,0.25830000,1041005.00000000,1753865999999999,268817.94960000,3537,463102.00000000,119610.97970000,0
1753866000000000,0.25830000,0.25890000,0.25540000,0.25600000,1265592.00000000,1753869599999999,325152.81690000,4722,587129.00000000,150864.39530000,0
1753869600000000,0.25600000,0.25800000,0.25400000,0.25450000,1214717.00000000,1753873199999999,311235.62900000,4144,611530.00000000,156648.52050000,0
1753873200000000,0.25440000,0.25590000,0.24960000,0.25120000,3681763.00000000,1753876799999999,926178.83910000,8612,1860336.00000000,468128.64630000,0
1753876800000000,0.25120000,0.25370000,0.24950000,0.25100000,3006493.00000000,1753880399999999,756245.60990000,9045,1359564.00000000,341960.37360000,0
1753880400000000,0.25100000,0.25240000,0.24950000,0.25160000,3596867.00000000,1753883999999999,902887.54860000,9000,1664992.00000000,417921.68460000,0
1753884000000000,0.25150000,0.25660000,0.25000000,0.25630000,2843188.00000000,1753887599999999,720541.36540000,7966,1612262.00000000,408953.49510000,0
1753887600000000,0.25630000,0.25670000,0.25330000,0.25400000,1030297.00000000,1753891199999999,262357.55100000,4414,493222.00000000,125513.09010000,0
1753891200000000,0.25410000,0.25610000,0.25260000,0.25520000,1744769.00000000,1753894799999999,443940.95540000,4790,988800.00000000,251479.23700000,0
1753894800000000,0.25520000,0.25630000,0.25410000,0.25560000,969389.00000000,1753898399999999,247356.28980000,3017,485719.00000000,123945.97440000,0
1753898400000000,0.25560000,0.25710000,0.24850000,0.24890000,4106583.00000000,1753901999999999,1039956.19850000,12210,1836612.00000000,465762.31030000,0
1753902000000000,0.24880000,0.25320000,0.24120000,0.25240000,10014181.00000000,1753905599999999,2459620.05520000,27361,4512384.00000000,1108040.57830000,0
1753905600000000,0.25240000,0.25490000,0.25120000,0.25290000,3728065.00000000,1753909199999999,944928.67060000,7317,2034614.00000000,515791.00160000,0
1753909200000000,0.25290000,0.25470000,0.24960000,0.25190000,1319124.00000000,1753912799999999,332771.05660000,3427,714604.00000000,180452.72730000,0
1753912800000000,0.25180000,0.25260000,0.25010000,0.25130000,747624.00000000,1753916399999999,187679.59270000,2944,346058.00000000,86888.15410000,0
1753916400000000,0.25130000,0.25460000,0.25120000,0.25380000,854568.00000000,1753919999999999,216575.58360000,2845,436523.00000000,110675.31020000,0
1753920000000000,0.25380000,0.25780000,0.25330000,0.25770000,1347901.00000000,1753923599999999,344474.09490000,3357,714220.00000000,182557.19970000,0
1753923600000000,0.25770000,0.25850000,0.25630000,0.25710000,1221140.00000000,1753927199999999,314086.60440000,3126,562908.00000000,144837.16230000,0
1753927200000000,0.25710000,0.25980000,0.25630000,0.25960000,982438.00000000,1753930799999999,253801.35850000,3368,646270.00000000,166930.66710000,0
1753930800000000,0.25960000,0.26490000,0.25950000,0.26270000,3625246.00000000,1753934399999999,948407.42470000,6155,2312452.00000000,605003.56270000,0
1753934400000000,0.26270000,0.26380000,0.26160000,0.26270000,2123678.00000000,1753937999999999,557988.48340000,4552,1080767.00000000,284018.73440000,0
1753938000000000,0.26260000,0.26590000,0.26260000,0.26400000,2072978.00000000,1753941599999999,548028.94180000,6037,981188.00000000,259300.13930000,0
1753941600000000,0.26390000,0.26490000,0.26210000,0.26460000,1366308.00000000,1753945199999999,359647.61470000,3016,730423.00000000,192260.95540000,0
1753945200000000,0.26460000,0.26480000,0.26250000,0.26410000,2746599.00000000,1753948799999999,724846.35660000,5639,1558212.00000000,411438.05350000,0
1753948800000000,0.26410000,0.26710000,0.26410000,0.26620000,1765313.00000000,1753952399999999,469114.63950000,3975,844509.00000000,224342.86760000,0
1753952400000000,0.26630000,0.26720000,0.26510000,0.26650000,1206427.00000000,1753955999999999,321231.53340000,2953,576393.00000000,153458.22910000,0
1753956000000000,0.26650000,0.26750000,0.26490000,0.26550000,1646212.00000000,1753959599999999,438404.27420000,2741,836330.00000000,222818.73550000,0
1753959600000000,0.26540000,0.26680000,0.26420000,0.26530000,1077034.00000000,1753963199999999,285969.89970000,2798,489790.00000000,130113.54210000,0
1753963200000000,0.26530000,0.26530000,0.26150000,0.26260000,2618010.00000000,1753966799999999,688860.11610000,5456,1001718.00000000,263529.80290000,0
1753966800000000,0.26270000,0.26270000,0.25500000,0.25880000,9011822.00000000,1753970399999999,2330793.52370000,12655,4184457.00000000,1082466.58150000,0
1753970400000000,0.25880000,0.25970000,0.25360000,0.25390000,5897266.00000000,1753973999999999,1510310.17490000,10188,3068539.00000000,786320.76610000,0
1753974000000000,0.25400000,0.25660000,0.25330000,0.25510000,2060466.00000000,1753977599999999,525886.50460000,5280,898125.00000000,229220.84370000,0
1753977600000000,0.25510000,0.26140000,0.25420000,0.25870000,2388302.00000000,1753981199999999,617338.56190000,5907,1223299.00000000,316285.94700000,0
1753981200000000,0.25860000,0.25870000,0.25360000,0.25450000,1944392.00000000,1753984799999999,497107.90030000,5907,882237.00000000,225607.78140000,0
1753984800000000,0.25450000,0.25580000,0.25170000,0.25440000,1438747.00000000,1753988399999999,364664.04260000,4566,863832.00000000,219052.02910000,0
1753988400000000,0.25440000,0.25480000,0.25120000,0.25180000,1420487.00000000,1753991999999999,358223.47400000,4311,696462.00000000,175607.85970000,0
1753992000000000,0.25170000,0.25260000,0.24960000,0.25120000,1824413.00000000,1753995599999999,457954.49560000,5539,871278.00000000,218794.22450000,0
1753995600000000,0.25110000,0.25260000,0.24740000,0.25040000,2934980.00000000,1753999199999999,735224.91080000,6061,1476439.00000000,369893.45360000,0
1753999200000000,0.25040000,0.25040000,0.24490000,0.24590000,2638823.00000000,1754002799999999,651297.71700000,6512,1397360.00000000,344957.40920000,0
1754002800000000,0.24580000,0.24790000,0.24300000,0.24400000,2294584.00000000,1754006399999999,562265.47060000,6451,1146959.00000000,280973.80740000,0
