1748736000000000,0.19380000,0.19390000,0.19260000,0.19350000,879379.00000000,1748739599999999,169913.59430000,1688,398738.00000000,77058.94860000,0
1748739600000000,0.19340000,0.19410000,0.19170000,0.19240000,839604.00000000,1748743199999999,162122.28390000,2512,345288.00000000,66732.11790000,0
1748743200000000,0.19240000,0.19360000,0.19110000,0.19330000,440949.00000000,1748746799999999,84808.30540000,896,251474.00000000,48392.77650000,0
1748746800000000,0.19340000,0.19360000,0.19200000,0.19330000,245248.00000000,1748750399999999,47301.17680000,648,132779.00000000,25604.95330000,0
1748750400000000,0.19330000,0.19520000,0.19290000,0.19460000,315334.00000000,1748753999999999,61210.09130000,762,169506.00000000,32916.41700000,0
1748754000000000,0.19450000,0.19530000,0.19420000,0.19470000,372174.00000000,1748757599999999,72445.72700000,747,108243.00000000,21073.37950000,0
1748757600000000,0.19470000,0.19510000,0.19390000,0.19410000,332702.00000000,1748761199999999,64691.46500000,929,101370.00000000,19707.55500000,0
1748761200000000,0.19410000,0.19480000,0.19350000,0.19430000,1657120.00000000,1748764799999999,321990.08820000,2355,1276804.00000000,248104.31710000,0
1748764800000000,0.19440000,0.19460000,0.19250000,0.19310000,772890.00000000,1748768399999999,149463.34060000,2060,251700.00000000,48688.61810000,0
1748768400000000,0.19310000,0.19340000,0.18950000,0.19080000,926572.00000000,1748771999999999,177176.16000000,2690,382939.00000000,73230.41400000,0
1748772000000000,0.19080000,0.19190000,0.19030000,0.19150000,550305.00000000,1748775599999999,105149.94560000,1734,281311.00000000,53763.42040000,0
1748775600000000,0.19150000,0.19290000,0.19110000,0.19240000,387198.00000000,1748779199999999,74352.10240000,873,220603.00000000,42369.28220000,0
1748779200000000,0.19240000,0.19300000,0.19050000,0.19130000,776626.00000000,1748782799999999,148746.71480000,2244,360371.00000000,69042.11300000,0
1748782800000000,0.19140000,0.19320000,0.19120000,0.19250000,431237.00000000,1748786399999999,82935.34350000,1345,193511.00000000,37222.93610000,0
1748786400000000,0.19250000,0.19530000,0.19250000,0.19440000,699839.00000000,1748789999999999,136027.71220000,2823,327289.00000000,63590.16060000,0
1748790000000000,0.19440000,0.19610000,0.19400000,0.19560000,1799788.00000000,1748793599999999,351577.09440000,1829,1406533.00000000,274872.54260000,0
1748793600000000,0.19550000,0.19820000,0.19520000,0.19730000,2588999.00000000,1748797199999999,509278.61840000,4370,1526914.00000000,300230.86480000,0
1748797200000000,0.19730000,0.19790000,0.19650000,0.19680000,2557493.00000000,1748800799999999,504270.22510000,2761,1171790.00000000,231068.97770000,0
1748800800000000,0.19680000,0.19680000,0.19220000,0.19350000,2104400.00000000,1748804399999999,408382.07420000,3500,814298.00000000,157973.67960000,0
1748804400000000,0.19360000,0.19500000,0.19350000,0.19500000,922452.00000000,1748807999999999,179299.56600000,1608,453178.00000000,88083.78510000,0
1748808000000000,0.19500000,0.19550000,0.19390000,0.19450000,509203.00000000,1748811599999999,99167.74070000,1253,269092.00000000,52410.33850000,0
1748811600000000,0.19460000,0.19610000,0.19440000,0.19560000,495932.00000000,1748815199999999,96772.53980000,1314,252823.00000000,49321.76230000,0
1748815200000000,0.19570000,0.19670000,0.19470000,0.19490000,579884.00000000,1748818799999999,113445.20550000,1890,241272.00000000,47231.73260000,0
1748818800000000,0.19490000,0.19610000,0.19490000,0.19550000,319344.00000000,1748822399999999,62439.79980000,799,203112.00000000,39712.04360000,0
1748822400000000,0.19550000,0.19580000,0.19460000,0.19490000,379354.00000000,1748825999999999,74046.35450000,1526,185977.00000000,36303.11580000,0
1748826000000000,0.19490000,0.19620000,0.19430000,0.19430000,430605.00000000,1748829599999999,84101.20260000,1655,209145.00000000,40852.17570000,0
1748829600000000,0.19440000,0.19450000,0.19300000,0.19310000,420125.00000000,1748833199999999,81392.37090000,1126,207360.00000000,40201.35000000,0
1748833200000000,0.19320000,0.19330000,0.19160000,0.19180000,655373.00000000,1748836799999999,125982.06620000,1541,359591.00000000,69138.91940000,0
1748836800000000,0.19180000,0.19270000,0.19160000,0.19180000,622874.00000000,1748840399999999,119747.45020000,1296,361705.00000000,69528.96800000,0
1748840400000000,0.19180000,0.19290000,0.19070000,0.19150000,828786.00000000,1748843999999999,158663.25450000,1363,343327.00000000,65713.11130000,0
1748844000000000,0.19150000,0.19350000,0.19070000,0.19270000,570653.00000000,1748847599999999,109490.69560000,1253,334117.00000000,64104.42450000,0
1748847600000000,0.19260000,0.19470000,0.19260000,0.19320000,833793.00000000,1748851199999999,161484.91940000,1757,515425.00000000,99809.97620000,0
1748851200000000,0.19310000,0.19470000,0.19180000,0.19240000,735900.00000000,1748854799999999,142333.48740000,2054,443741.00000000,85898.06180000,0
1748854800000000,0.19240000,0.19250000,0.19060000,0.19120000,1046680.00000000,1748858399999999,200270.38600000,2564,600977.00000000,114980.96970000,0
1748858400000000,0.19110000,0.19160000,0.19020000,0.19100000,1812186.00000000,1748861999999999,345993.87120000,2669,981167.00000000,187357.10300000,0
1748862000000000,0.19100000,0.19170000,0.19040000,0.19120000,589133.00000000,1748865599999999,112484.54670000,1728,276795.00000000,52880.54570000,0
1748865600000000,0.19120000,0.19340000,0.19080000,0.19300000,865076.00000000,1748869199999999,166220.37580000,2118,562859.00000000,108131.78670000,0
1748869200000000,0.19310000,0.19420000,0.19140000,0.19220000,2641623.00000000,1748872799999999,507996.56280000,3107,668458.00000000,128819.34630000,0
1748872800000000,0.19220000,0.19500000,0.19170000,0.19350000,1192624.00000000,1748876399999999,230428.92790000,3131,679732.00000000,131377.73680000,0
1748876400000000,0.19360000,0.19450000,0.19200000,0.19400000,1162237.00000000,1748879999999999,224464.59820000,2334,500077.00000000,96689.00280000,0
1748880000000000,0.19410000,0.19420000,0.19280000,0.19400000,572959.00000000,1748883599999999,110841.39390000,1492,310784.00000000,60138.75660000,0
1748883600000000,0.19400000,0.19460000,0.19270000,0.19390000,1201113.00000000,1748887199999999,231992.77230000,2208,280985.00000000,54391.20890000,0
1748887200000000,0.19390000,0.19540000,0.19350000,0.19380000,694147.00000000,1748890799999999,135024.42540000,1906,334606.00000000,65111.57940000,0
1748890800000000,0.19390000,0.19460000,0.19100000,0.19230000,1468689.00000000,1748894399999999,281838.29640000,2144,320395.00000000,61593.63300000,0
1748894400000000,0.19240000,0.19530000,0.19240000,0.19520000,536709.00000000,1748897999999999,104210.89340000,1718,346038.00000000,67132.11760000,0
1748898000000000,0.19520000,0.19750000,0.19520000,0.19730000,595256.00000000,1748901599999999,117094.70930000,1747,335066.00000000,65896.94470000,0
1748901600000000,0.19730000,0.19930000,0.19730000,0.19850000,1348013.00000000,1748905199999999,267489.90630000,3071,665731.00000000,132120.81770000,0
1748905200000000,0.19860000,0.19940000,0.19840000,0.19870000,1218983.00000000,1748908799999999,242517.75000000,2026,581948.00000000,115814.51490000,0
1748908800000000,0.19870000,0.20040000,0.19840000,0.20040000,1114417.00000000,1748912399999999,222463.62930000,3022,528548.00000000,105560.52960000,0
1748912400000000,0.20050000,0.20260000,0.20030000,0.20250000,834392.00000000,1748915999999999,168169.06270000,1663,458398.00000000,92393.53160000,0
1748916000000000,0.20250000,0.20270000,0.20030000,0.20070000,558063.00000000,1748919599999999,112575.13340000,1292,196041.00000000,39550.62160000,0
1748919600000000,0.20060000,0.20100000,0.19890000,0.19940000,433225.00000000,1748923199999999,86562.08310000,1253,211274.00000000,42222.67760000,0
1748923200000000,0.19940000,0.19960000,0.19800000,0.19850000,509130.00000000,1748926799999999,101203.71070000,1223,148235.00000000,29501.09110000,0
1748926800000000,0.19850000,0.20080000,0.19850000,0.20070000,440020.00000000,1748930399999999,87978.07870000,962,284177.00000000,56833.67920000,0
1748930400000000,0.20070000,0.20090000,0.19970000,0.20090000,338822.00000000,1748933999999999,67849.75190000,1007,194447.00000000,38937.10140000,0
1748934000000000,0.20090000,0.20100000,0.19870000,0.19870000,2156674.00000000,1748937599999999,430173.11500000,1978,410164.00000000,81809.99140000,0
1748937600000000,0.19880000,0.19930000,0.19750000,0.19850000,727424.00000000,1748941199999999,144169.43150000,1661,361140.00000000,71549.00880000,0
1748941200000000,0.19850000,0.20010000,0.19850000,0.19990000,747565.00000000,1748944799999999,148760.91210000,1278,422172.00000000,84013.08550000,0
1748944800000000,0.19980000,0.20070000,0.19970000,0.20040000,471207.00000000,1748948399999999,94379.29460000,1159,193906.00000000,38861.26620000,0
1748948400000000,0.20040000,0.20070000,0.19950000,0.19990000,470230.00000000,1748951999999999,94056.95080000,1174,169916.00000000,33975.39330000,0
1748952000000000,0.19990000,0.20060000,0.19940000,0.20000000,685585.00000000,1748955599999999,137174.19560000,1947,303153.00000000,60677.65690000,0
1748955600000000,0.20010000,0.20170000,0.19980000,0.20060000,1444206.00000000,1748959199999999,289918.07260000,3421,672292.00000000,135000.00170000,0
1748959200000000,0.20060000,0.20260000,0.19880000,0.20230000,2291794.00000000,1748962799999999,459846.74860000,4230,1206197.00000000,242093.48950000,0
1748962800000000,0.20230000,0.20270000,0.20120000,0.20180000,1311888.00000000,1748966399999999,264906.73590000,2894,690322.00000000,139460.56720000,0
1748966400000000,0.20180000,0.20200000,0.20060000,0.20090000,1021988.00000000,1748969999999999,205861.24790000,2093,572940.00000000,115438.61310000,0
1748970000000000,0.20080000,0.20250000,0.20060000,0.20150000,611214.00000000,1748973599999999,123238.45510000,1828,382050.00000000,77032.41240000,0
1748973600000000,0.20140000,0.20150000,0.20010000,0.20070000,443863.00000000,1748977199999999,89021.81500000,1187,239638.00000000,48073.18440000,0
1748977200000000,0.20080000,0.20230000,0.20070000,0.20160000,510829.00000000,1748980799999999,102911.90230000,1238,234401.00000000,47217.48760000,0
1748980800000000,0.20180000,0.20180000,0.19800000,0.19900000,1186694.00000000,1748984399999999,236729.61960000,1786,486990.00000000,97005.05450000,0
1748984400000000,0.19910000,0.19960000,0.19560000,0.19670000,980249.00000000,1748987999999999,193694.88040000,2351,386594.00000000,76493.30130000,0
1748988000000000,0.19670000,0.19850000,0.19630000,0.19800000,493751.00000000,1748991599999999,97461.79000000,2006,280708.00000000,55418.16580000,0
1748991600000000,0.19810000,0.19840000,0.19690000,0.19740000,263671.00000000,1748995199999999,52118.28040000,1025,126892.00000000,25085.77620000,0
1748995200000000,0.19730000,0.19860000,0.19650000,0.19860000,572464.00000000,1748998799999999,113097.15460000,1746,333482.00000000,65887.43680000,0
1748998800000000,0.19870000,0.20090000,0.19870000,0.19970000,804487.00000000,1749002399999999,160806.99070000,1949,481988.00000000,96366.53120000,0
1749002400000000,0.19970000,0.20090000,0.19940000,0.19950000,560102.00000000,1749005999999999,112046.78230000,1227,220082.00000000,44025.77040000,0
1749006000000000,0.19960000,0.20080000,0.19940000,0.20020000,316897.00000000,1749009599999999,63478.12300000,1332,193588.00000000,38790.48980000,0
1749009600000000,0.20030000,0.20070000,0.19900000,0.19940000,315290.00000000,1749013199999999,63057.70440000,983,224030.00000000,44805.31510000,0
1749013200000000,0.19930000,0.19970000,0.19790000,0.19800000,588731.00000000,1749016799999999,116927.35780000,1325,353597.00000000,70227.73390000,0
1749016800000000,0.19810000,0.19950000,0.19750000,0.19870000,351708.00000000,1749020399999999,69757.70000000,1185,175556.00000000,34833.96370000,0
1749020400000000,0.19860000,0.19920000,0.19820000,0.19900000,1482763.00000000,1749023999999999,294586.99530000,2854,667833.00000000,132681.81050000,0
1749024000000000,0.19900000,0.20010000,0.19880000,0.19940000,518658.00000000,1749027599999999,103443.37190000,1616,183222.00000000,36547.03700000,0
1749027600000000,0.19950000,0.20020000,0.19840000,0.19970000,415897.00000000,1749031199999999,82805.93360000,964,231223.00000000,46016.48620000,0
1749031200000000,0.19990000,0.20040000,0.19730000,0.19790000,1994828.00000000,1749034799999999,395964.88910000,2263,689972.00000000,136978.86340000,0
1749034800000000,0.19780000,0.19810000,0.19650000,0.19650000,925869.00000000,1749038399999999,182502.75810000,1938,512784.00000000,101078.89250000,0
1749038400000000,0.19650000,0.19700000,0.19460000,0.19470000,1445894.00000000,1749041999999999,282406.62970000,3608,629192.00000000,122857.53140000,0
1749042000000000,0.19460000,0.19610000,0.19420000,0.19470000,744154.00000000,1749045599999999,145138.59330000,2512,302271.00000000,58984.36530000,0
1749045600000000,0.19470000,0.19600000,0.19340000,0.19590000,868812.00000000,1749049199999999,168862.20160000,2312,466305.00000000,90634.49130000,0
1749049200000000,0.19590000,0.19680000,0.19540000,0.19590000,919851.00000000,1749052799999999,180453.45820000,2142,400786.00000000,78633.40870000,0
1749052800000000,0.19590000,0.19600000,0.19410000,0.19520000,1012395.00000000,1749056399999999,197296.07500000,2081,510780.00000000,99528.53880000,0
1749056400000000,0.19510000,0.19520000,0.19260000,0.19350000,539444.00000000,1749059999999999,104355.20350000,1485,185172.00000000,35854.60530000,0
1749060000000000,0.19360000,0.19400000,0.19270000,0.19280000,788891.00000000,1749063599999999,152548.93900000,1510,352192.00000000,68109.07510000,0
1749063600000000,0.19280000,0.19300000,0.19180000,0.19180000,375686.00000000,1749067199999999,72328.94070000,1583,110767.00000000,21328.45970000,0
1749067200000000,0.19180000,0.19190000,0.18980000,0.19030000,803564.00000000,1749070799999999,153178.66610000,2520,397043.00000000,75727.82350000,0
1749070800000000,0.19030000,0.19250000,0.18930000,0.19200000,748309.00000000,1749074399999999,142607.29310000,2056,432900.00000000,82489.17620000,0
1749074400000000,0.19200000,0.19270000,0.19100000,0.19100000,440833.00000000,1749077999999999,84600.66900000,1195,217626.00000000,41781.71110000,0
1749078000000000,0.19110000,0.19190000,0.19060000,0.19140000,501026.00000000,1749081599999999,95815.66280000,1450,285353.00000000,54577.71200000,0
1749081600000000,0.19150000,0.19200000,0.19020000,0.19170000,647990.00000000,1749085199999999,123959.76210000,2193,350112.00000000,66991.60270000,0
1749085200000000,0.19170000,0.19310000,0.19090000,0.19130000,394571.00000000,1749088799999999,75755.24830000,962,171006.00000000,32879.64310000,0
1749088800000000,0.19140000,0.19260000,0.19130000,0.19130000,682287.00000000,1749092399999999,130918.58300000,1374,321552.00000000,61719.37060000,0
1749092400000000,0.19140000,0.19200000,0.19090000,0.19190000,746646.00000000,1749095999999999,142943.87340000,1385,254720.00000000,48780.66230000,0
1749096000000000,0.19190000,0.19250000,0.19160000,0.19220000,288161.00000000,1749099599999999,55339.28290000,865,124300.00000000,23872.64900000,0
1749099600000000,0.19220000,0.19230000,0.18970000,0.19040000,430147.00000000,1749103199999999,82068.60980000,1074,145377.00000000,27763.08440000,0
1749103200000000,0.19030000,0.19080000,0.18950000,0.18970000,809798.00000000,1749106799999999,154011.01730000,1660,422508.00000000,80402.84380000,0
1749106800000000,0.18980000,0.19210000,0.18940000,0.19030000,1060325.00000000,1749110399999999,202167.91570000,2011,488303.00000000,93047.59380000,0
1749110400000000,0.19040000,0.19060000,0.18960000,0.19050000,545554.00000000,1749113999999999,103783.47320000,1944,195402.00000000,37174.78930000,0
1749114000000000,0.19050000,0.19150000,0.19000000,0.19040000,531991.00000000,1749117599999999,101440.92970000,1439,299382.00000000,57077.33790000,0
1749117600000000,0.19040000,0.19070000,0.18900000,0.19020000,1394614.00000000,1749121199999999,264827.84940000,2801,651135.00000000,123696.05560000,0
1749121200000000,0.19030000,0.19130000,0.18990000,0.19090000,523376.00000000,1749124799999999,99699.61020000,1343,264728.00000000,50446.13200000,0
1749124800000000,0.19090000,0.19390000,0.19060000,0.19310000,813840.00000000,1749128399999999,156802.87800000,2657,510847.00000000,98421.22550000,0
1749128400000000,0.19310000,0.19420000,0.18990000,0.19010000,1607979.00000000,1749131999999999,309743.44230000,3451,961067.00000000,185653.52530000,0
1749132000000000,0.19020000,0.19190000,0.18790000,0.19100000,1934584.00000000,1749135599999999,366985.98760000,4189,860673.00000000,163397.63870000,0
1749135600000000,0.19100000,0.19180000,0.19010000,0.19070000,460149.00000000,1749139199999999,87888.55960000,1536,252905.00000000,48302.48390000,0
1749139200000000,0.19080000,0.19090000,0.18750000,0.18800000,2111281.00000000,1749142799999999,397856.81330000,5461,997674.00000000,188031.17430000,0
1749142800000000,0.18800000,0.18900000,0.18750000,0.18860000,1739763.00000000,1749146399999999,327455.46700000,3251,1086546.00000000,204530.84650000,0
1749146400000000,0.18860000,0.18880000,0.18680000,0.18770000,1511113.00000000,1749149999999999,283563.36120000,3146,458482.00000000,86012.34070000,0
1749150000000000,0.18780000,0.18790000,0.18110000,0.18340000,6995510.00000000,1749153599999999,1284201.87490000,13482,2931176.00000000,538326.46700000,0
1749153600000000,0.18350000,0.18390000,0.17720000,0.17740000,8811475.00000000,1749157199999999,1595510.16540000,14160,3185872.00000000,576161.89510000,0
1749157200000000,0.17750000,0.18200000,0.17720000,0.18190000,3554859.00000000,1749160799999999,637398.38080000,7602,1665217.00000000,298697.91320000,0
1749160800000000,0.18180000,0.18200000,0.17970000,0.18130000,1328960.00000000,1749164399999999,240375.81720000,2823,481348.00000000,87059.80540000,0
1749164400000000,0.18140000,0.18210000,0.18080000,0.18090000,1283610.00000000,1749167999999999,233016.74180000,2439,427515.00000000,77621.39730000,0
1749168000000000,0.18090000,0.18240000,0.18020000,0.18180000,1673223.00000000,1749171599999999,302979.23180000,3349,800542.00000000,145031.55130000,0
1749171600000000,0.18180000,0.18250000,0.18100000,0.18230000,615679.00000000,1749175199999999,111909.90580000,1383,332498.00000000,60440.39270000,0
1749175200000000,0.18220000,0.18310000,0.18140000,0.18310000,422102.00000000,1749178799999999,76866.59780000,1494,237210.00000000,43215.64100000,0
1749178800000000,0.18320000,0.18490000,0.18240000,0.18480000,1668911.00000000,1749182399999999,306755.47560000,2128,1161789.00000000,213610.40010000,0
1749182400000000,0.18480000,0.18530000,0.18390000,0.18490000,615125.00000000,1749185999999999,113542.12850000,1540,290331.00000000,53610.89880000,0
1749186000000000,0.18490000,0.18560000,0.18470000,0.18550000,695439.00000000,1749189599999999,128824.04580000,1818,373454.00000000,69172.57290000,0
1749189600000000,0.18550000,0.18610000,0.18470000,0.18490000,1070872.00000000,1749193199999999,198365.04180000,1914,447097.00000000,82844.16510000,0
1749193200000000,0.18490000,0.18580000,0.18440000,0.18500000,843444.00000000,1749196799999999,155949.03210000,1411,480381.00000000,88799.48050000,0
1749196800000000,0.18510000,0.18760000,0.18510000,0.18600000,5943437.00000000,1749200399999999,1107378.75570000,8025,3730779.00000000,695055.90920000,0
1749200400000000,0.18600000,0.18720000,0.18590000,0.18640000,1086172.00000000,1749203999999999,202699.19490000,1893,507037.00000000,94657.06560000,0
1749204000000000,0.18640000,0.18720000,0.18560000,0.18630000,793702.00000000,1749207599999999,148124.66080000,1855,435557.00000000,81320.52150000,0
1749207600000000,0.18630000,0.18740000,0.18620000,0.18660000,659182.00000000,1749211199999999,123073.46440000,1450,327742.00000000,61174.58370000,0
1749211200000000,0.18670000,0.18990000,0.18670000,0.18800000,1845211.00000000,1749214799999999,347976.07780000,4250,875040.00000000,164993.72500000,0
1749214800000000,0.18800000,0.19110000,0.18800000,0.19000000,1267845.00000000,1749218399999999,240587.99670000,3415,571292.00000000,108419.58810000,0
1749218400000000,0.19010000,0.19110000,0.18980000,0.19110000,725651.00000000,1749221999999999,138159.97900000,1947,364413.00000000,69378.61880000,0
1749222000000000,0.19110000,0.19210000,0.18970000,0.19030000,1081316.00000000,1749225599999999,206321.98540000,2531,556991.00000000,106339.15310000,0
1749225600000000,0.19030000,0.19060000,0.18870000,0.18870000,656126.00000000,1749229199999999,124618.87070000,1602,190263.00000000,36100.04100000,0
1749229200000000,0.18870000,0.18890000,0.18770000,0.18870000,545274.00000000,1749232799999999,102637.33160000,1435,290101.00000000,54633.85990000,0
1749232800000000,0.18880000,0.18900000,0.18720000,0.18750000,525004.00000000,1749236399999999,98767.84780000,1598,278554.00000000,52411.15100000,0
1749236400000000,0.18750000,0.18810000,0.18720000,0.18770000,391473.00000000,1749239999999999,73453.47980000,1233,186452.00000000,34988.96570000,0
1749240000000000,0.18770000,0.18930000,0.18720000,0.18890000,456686.00000000,1749243599999999,86102.42940000,928,204274.00000000,38537.12040000,0
1749243600000000,0.18890000,0.18900000,0.18780000,0.18830000,336827.00000000,1749247199999999,63419.69610000,966,177006.00000000,33321.88930000,0
1749247200000000,0.18830000,0.18840000,0.18700000,0.18760000,756905.00000000,1749250799999999,141839.80930000,1791,419108.00000000,78532.10570000,0
1749250800000000,0.18770000,0.18770000,0.18650000,0.18710000,477393.00000000,1749254399999999,89244.78570000,1012,136616.00000000,25552.25830000,0
1749254400000000,0.18720000,0.18950000,0.18640000,0.18950000,773052.00000000,1749257999999999,145067.06810000,1515,404225.00000000,75847.96870000,0
1749258000000000,0.18950000,0.18980000,0.18810000,0.18860000,435417.00000000,1749261599999999,82222.24670000,1442,184015.00000000,34770.28730000,0
1749261600000000,0.18860000,0.18940000,0.18840000,0.18930000,248343.00000000,1749265199999999,46891.86190000,909,99190.00000000,18728.05460000,0
1749265200000000,0.18930000,0.19010000,0.18890000,0.19010000,774441.00000000,1749268799999999,146747.27000000,2088,352491.00000000,66790.73330000,0
1749268800000000,0.19000000,0.19020000,0.18940000,0.19010000,192496.00000000,1749272399999999,36535.59820000,784,99083.00000000,18803.77800000,0
1749272400000000,0.19020000,0.19130000,0.19000000,0.19120000,333804.00000000,1749275999999999,63654.93120000,766,208286.00000000,39726.33320000,0
1749276000000000,0.19110000,0.19230000,0.19050000,0.19230000,295710.00000000,1749279599999999,56595.24070000,938,192868.00000000,36921.58530000,0
1749279600000000,0.19230000,0.19240000,0.19160000,0.19210000,570001.00000000,1749283199999999,109430.27740000,1255,270139.00000000,51870.43260000,0
1749283200000000,0.19210000,0.19250000,0.19130000,0.19150000,406076.00000000,1749286799999999,77900.43320000,1115,173049.00000000,33204.39550000,0
1749286800000000,0.19150000,0.19200000,0.19130000,0.19150000,263203.00000000,1749290399999999,50434.62390000,775,101624.00000000,19470.74320000,0
1749290400000000,0.19160000,0.19310000,0.19160000,0.19300000,337339.00000000,1749293999999999,64921.44680000,1028,215235.00000000,41432.86280000,0
1749294000000000,0.19300000,0.19350000,0.19260000,0.19300000,416374.00000000,1749297599999999,80447.65880000,1057,207275.00000000,40057.11430000,0
1749297600000000,0.19300000,0.19400000,0.19290000,0.19300000,416324.00000000,1749301199999999,80480.47440000,1207,199231.00000000,38524.12880000,0
1749301200000000,0.19300000,0.19350000,0.19230000,0.19250000,1619747.00000000,1749304799999999,312606.73560000,1415,598642.00000000,115549.56180000,0
1749304800000000,0.19250000,0.19260000,0.19180000,0.19200000,616336.00000000,1749308399999999,118517.89340000,1450,237977.00000000,45771.05040000,0
1749308400000000,0.19200000,0.19210000,0.19120000,0.19170000,481527.00000000,1749311999999999,92290.65440000,1198,240126.00000000,46031.38610000,0
1749312000000000,0.19170000,0.19210000,0.19070000,0.19100000,547956.00000000,1749315599999999,104844.96970000,1466,253732.00000000,48569.16860000,0
1749315600000000,0.19090000,0.19130000,0.19040000,0.19060000,384725.00000000,1749319199999999,73449.88460000,953,165561.00000000,31611.58460000,0
1749319200000000,0.19050000,0.19190000,0.19040000,0.19140000,763582.00000000,1749322799999999,146054.72980000,1653,413463.00000000,79110.05690000,0
1749322800000000,0.19140000,0.19240000,0.19140000,0.19160000,763371.00000000,1749326399999999,146531.49070000,974,544796.00000000,104557.20820000,0
1749326400000000,0.19150000,0.19210000,0.19110000,0.19160000,195739.00000000,1749329999999999,37500.94770000,549,87478.00000000,16768.62100000,0
1749330000000000,0.19150000,0.19230000,0.19150000,0.19200000,313808.00000000,1749333599999999,60232.67890000,585,191924.00000000,36844.46170000,0
1749333600000000,0.19200000,0.19240000,0.19150000,0.19170000,464556.00000000,1749337199999999,89146.82660000,992,252320.00000000,48414.24390000,0
1749337200000000,0.19170000,0.19170000,0.19070000,0.19090000,299239.00000000,1749340799999999,57193.04020000,745,83266.00000000,15913.89280000,0
1749340800000000,0.19100000,0.19100000,0.18960000,0.18990000,476031.00000000,1749344399999999,90534.68360000,1103,312393.00000000,59393.59440000,0
1749344400000000,0.18980000,0.19080000,0.18960000,0.19060000,331173.00000000,1749347999999999,62960.82140000,740,235977.00000000,44870.70710000,0
1749348000000000,0.19060000,0.19070000,0.18970000,0.18980000,302641.00000000,1749351599999999,57532.23970000,893,183390.00000000,34862.48260000,0
1749351600000000,0.18990000,0.19030000,0.18960000,0.18980000,326756.00000000,1749355199999999,62081.03070000,1035,166733.00000000,31681.74060000,0
1749355200000000,0.18990000,0.19040000,0.18950000,0.19030000,246393.00000000,1749358799999999,46816.37460000,632,131956.00000000,25077.43960000,0
1749358800000000,0.19020000,0.19020000,0.18700000,0.18810000,3846990.00000000,1749362399999999,723717.20310000,4074,867060.00000000,163226.99400000,0
1749362400000000,0.18800000,0.18970000,0.18790000,0.18830000,1442397.00000000,1749365999999999,272376.37240000,2192,667314.00000000,126090.42380000,0
1749366000000000,0.18840000,0.18880000,0.18780000,0.18800000,339419.00000000,1749369599999999,63927.24020000,1041,169050.00000000,31852.10710000,0
1749369600000000,0.18810000,0.18870000,0.18800000,0.18810000,384814.00000000,1749373199999999,72471.36950000,999,199359.00000000,37544.89630000,0
1749373200000000,0.18820000,0.18820000,0.18640000,0.18700000,1596690.00000000,1749376799999999,298701.73870000,2649,547044.00000000,102389.47870000,0
1749376800000000,0.18700000,0.18780000,0.18700000,0.18760000,417499.00000000,1749380399999999,78221.61840000,1131,221487.00000000,41502.84050000,0
1749380400000000,0.18770000,0.18990000,0.18760000,0.18980000,766336.00000000,1749383999999999,144697.46380000,1835,512899.00000000,96806.10610000,0
1749384000000000,0.18980000,0.19060000,0.18940000,0.19020000,716199.00000000,1749387599999999,136021.98000000,1647,358714.00000000,68118.81890000,0
1749387600000000,0.19030000,0.19260000,0.18970000,0.19000000,1302971.00000000,1749391199999999,249446.50590000,2504,652453.00000000,124983.56070000,0
1749391200000000,0.19000000,0.19080000,0.18970000,0.19050000,344744.00000000,1749394799999999,65553.27050000,1126,184550.00000000,35092.40750000,0
1749394800000000,0.19050000,0.19140000,0.19040000,0.19100000,793063.00000000,1749398399999999,151432.84780000,2064,287109.00000000,54821.05590000,0
1749398400000000,0.19110000,0.19330000,0.19110000,0.19290000,1709809.00000000,1749401999999999,329397.95260000,2295,1216494.00000000,234410.10510000,0
1749402000000000,0.19300000,0.19340000,0.19190000,0.19210000,377331.00000000,1749405599999999,72748.89130000,882,116174.00000000,22399.92810000,0
1749405600000000,0.19210000,0.19260000,0.19150000,0.19240000,372683.00000000,1749409199999999,71598.93010000,1081,176156.00000000,33854.86910000,0
1749409200000000,0.19240000,0.19280000,0.19190000,0.19250000,350065.00000000,1749412799999999,67348.05610000,970,176998.00000000,34046.50580000,0
1749412800000000,0.19260000,0.19270000,0.19160000,0.19180000,494054.00000000,1749416399999999,94953.96940000,1091,147226.00000000,28297.05180000,0
1749416400000000,0.19190000,0.19310000,0.19190000,0.19260000,624812.00000000,1749419999999999,120205.30460000,1120,391536.00000000,75323.79720000,0
1749420000000000,0.19260000,0.19270000,0.19030000,0.19040000,753232.00000000,1749423599999999,144088.90710000,1847,328129.00000000,62769.26490000,0
1749423600000000,0.19040000,0.19080000,0.18990000,0.19060000,340205.00000000,1749427199999999,64739.50890000,1071,178367.00000000,33947.29050000,0
1749427200000000,0.19050000,0.19100000,0.18950000,0.19030000,702175.00000000,1749430799999999,133554.26790000,1619,419772.00000000,79840.87770000,0
1749430800000000,0.19040000,0.19070000,0.18950000,0.18970000,299585.00000000,1749434399999999,56952.94440000,974,151110.00000000,28733.05650000,0
1749434400000000,0.18970000,0.19060000,0.18930000,0.19000000,545891.00000000,1749437999999999,103750.23050000,1162,314164.00000000,59732.22090000,0
1749438000000000,0.18990000,0.19000000,0.18860000,0.18950000,488140.00000000,1749441599999999,92384.46940000,1252,163532.00000000,30948.73330000,0
1749441600000000,0.18950000,0.18980000,0.18860000,0.18860000,458400.00000000,1749445199999999,86802.74880000,1091,135257.00000000,25633.25540000,0
1749445200000000,0.18860000,0.18870000,0.18770000,0.18800000,461772.00000000,1749448799999999,86915.49150000,1140,176687.00000000,33257.98920000,0
1749448800000000,0.18810000,0.18930000,0.18760000,0.18920000,587852.00000000,1749452399999999,110775.48330000,1287,257359.00000000,48557.84260000,0
1749452400000000,0.18910000,0.18910000,0.18790000,0.18840000,407844.00000000,1749455999999999,76849.14820000,1139,162861.00000000,30685.63680000,0
1749456000000000,0.18840000,0.18980000,0.18800000,0.18960000,609553.00000000,1749459599999999,115118.31180000,1489,340446.00000000,64368.88640000,0
1749459600000000,0.18960000,0.19280000,0.18910000,0.19180000,2723170.00000000,1749463199999999,522243.52850000,2757,2024415.00000000,388451.81620000,0
1749463200000000,0.19190000,0.19350000,0.19180000,0.19300000,1666748.00000000,1749466799999999,321409.81170000,2863,879408.00000000,169686.43910000,0
1749466800000000,0.19310000,0.19410000,0.19260000,0.19370000,780127.00000000,1749470399999999,150906.79890000,1986,466993.00000000,90311.13830000,0
1749470400000000,0.19370000,0.19400000,0.19300000,0.19380000,523245.00000000,1749473999999999,101246.95700000,1465,270524.00000000,52362.53850000,0
1749474000000000,0.19380000,0.19390000,0.19090000,0.19130000,1111162.00000000,1749477599999999,213665.43830000,2177,371085.00000000,71421.54560000,0
1749477600000000,0.19130000,0.19170000,0.18990000,0.19080000,2868134.00000000,1749481199999999,547123.35560000,3567,696220.00000000,132812.39860000,0
1749481200000000,0.19070000,0.19200000,0.19060000,0.19090000,1136525.00000000,1749484799999999,217374.94650000,1675,465984.00000000,89172.12900000,0
1749484800000000,0.19090000,0.19340000,0.19080000,0.19270000,739383.00000000,1749488399999999,142243.81110000,2271,408823.00000000,78666.70590000,0
1749488400000000,0.19280000,0.19490000,0.19260000,0.19410000,2300156.00000000,1749491999999999,446528.10740000,3008,1006998.00000000,195481.15650000,0
1749492000000000,0.19410000,0.19460000,0.19360000,0.19420000,858806.00000000,1749495599999999,166629.14370000,1620,415763.00000000,80722.41360000,0
1749495600000000,0.19430000,0.19460000,0.19330000,0.19380000,920882.00000000,1749499199999999,178756.38430000,2036,513752.00000000,99731.82680000,0
1749499200000000,0.19380000,0.19460000,0.19340000,0.19440000,730284.00000000,1749502799999999,141622.76590000,1215,488344.00000000,94676.08290000,0
1749502800000000,0.19440000,0.19820000,0.19430000,0.19780000,1704358.00000000,1749506399999999,335770.90830000,3605,904082.00000000,178155.80250000,0
1749506400000000,0.19780000,0.19930000,0.19780000,0.19920000,1013099.00000000,1749509999999999,201265.76420000,2741,633484.00000000,125892.05900000,0
1749510000000000,0.19920000,0.20000000,0.19840000,0.19950000,1227120.00000000,1749513599999999,244468.78710000,2236,579458.00000000,115427.67490000,0
1749513600000000,0.19950000,0.20170000,0.19950000,0.20090000,2077390.00000000,1749517199999999,416744.37850000,3513,1078078.00000000,216148.91390000,0
1749517200000000,0.20090000,0.20220000,0.20040000,0.20140000,884860.00000000,1749520799999999,178186.86010000,2216,524210.00000000,105577.58520000,0
1749520800000000,0.20150000,0.20150000,0.20010000,0.20130000,441282.00000000,1749524399999999,88640.41310000,1392,189950.00000000,38162.63280000,0
1749524400000000,0.20130000,0.20150000,0.19990000,0.20010000,1020406.00000000,1749527999999999,204533.35580000,1622,532331.00000000,106730.38380000,0
1749528000000000,0.20020000,0.20050000,0.19910000,0.19970000,594039.00000000,1749531599999999,118565.18190000,1569,192749.00000000,38480.41210000,0
1749531600000000,0.19970000,0.20100000,0.19790000,0.19840000,1317481.00000000,1749535199999999,262893.88870000,2860,626879.00000000,125283.68390000,0
1749535200000000,0.19840000,0.19980000,0.19710000,0.19920000,857647.00000000,1749538799999999,170038.98400000,1581,438245.00000000,87065.90300000,0
1749538800000000,0.19920000,0.19970000,0.19820000,0.19880000,607065.00000000,1749542399999999,120768.54890000,1696,359898.00000000,71612.82400000,0
1749542400000000,0.19870000,0.19940000,0.19790000,0.19800000,629007.00000000,1749545999999999,124970.41840000,1637,251159.00000000,49891.94010000,0
1749546000000000,0.19810000,0.19960000,0.19770000,0.19960000,795439.00000000,1749549599999999,158081.32600000,1998,325691.00000000,64701.65110000,0
1749549600000000,0.19960000,0.19970000,0.19830000,0.19930000,502199.00000000,1749553199999999,100036.82440000,1446,226261.00000000,45076.33720000,0
1749553200000000,0.19930000,0.20540000,0.19830000,0.20500000,3221352.00000000,1749556799999999,653172.64460000,5781,1643640.00000000,333351.04820000,0
1749556800000000,0.20500000,0.20710000,0.20400000,0.20710000,1957293.00000000,1749560399999999,402685.61180000,4924,1157207.00000000,238157.73840000,0
1749560400000000,0.20700000,0.20730000,0.20300000,0.20480000,2734685.00000000,1749563999999999,561512.17940000,4729,1243466.00000000,255494.92430000,0
1749564000000000,0.20480000,0.20560000,0.20230000,0.20260000,1269984.00000000,1749567599999999,258893.05450000,3174,710215.00000000,144859.68390000,0
1749567600000000,0.20260000,0.20450000,0.20130000,0.20370000,1659777.00000000,1749571199999999,336577.76540000,3831,988962.00000000,200755.20820000,0
1749571200000000,0.20370000,0.20580000,0.20310000,0.20330000,2687484.00000000,1749574799999999,550531.84240000,2990,1858451.00000000,381111.13010000,0
1749574800000000,0.20330000,0.20480000,0.20300000,0.20310000,885724.00000000,1749578399999999,180629.80430000,1999,561047.00000000,114459.64350000,0
1749578400000000,0.20320000,0.20590000,0.20270000,0.20560000,643625.00000000,1749581999999999,131425.35050000,1532,437549.00000000,89398.11370000,0
1749582000000000,0.20560000,0.20760000,0.20500000,0.20570000,1285229.00000000,1749585599999999,265008.75690000,2611,637362.00000000,131456.70740000,0
1749585600000000,0.20580000,0.20630000,0.20440000,0.20630000,473586.00000000,1749589199999999,97152.83300000,1525,238901.00000000,49037.93570000,0
1749589200000000,0.20640000,0.20670000,0.20460000,0.20580000,1346101.00000000,1749592799999999,276673.65890000,3098,554070.00000000,113957.27340000,0
1749592800000000,0.20580000,0.20790000,0.20570000,0.20730000,1376996.00000000,1749596399999999,284943.84350000,3099,755155.00000000,156260.35000000,0
1749596400000000,0.20730000,0.20820000,0.20680000,0.20820000,555480.00000000,1749599999999999,115322.15930000,1947,261531.00000000,54324.61390000,0
1749600000000000,0.20820000,0.20880000,0.20620000,0.20630000,1393286.00000000,1749603599999999,289368.07590000,3657,466833.00000000,96922.78880000,0
1749603600000000,0.20640000,0.20660000,0.20520000,0.20550000,976047.00000000,1749607199999999,201087.52100000,1966,459099.00000000,94633.51920000,0
1749607200000000,0.20550000,0.20680000,0.20510000,0.20560000,295418.00000000,1749610799999999,60785.53920000,1037,135322.00000000,27864.51060000,0
1749610800000000,0.20560000,0.20710000,0.20550000,0.20630000,459093.00000000,1749614399999999,94821.92910000,1454,189743.00000000,39180.88520000,0
1749614400000000,0.20630000,0.20650000,0.20530000,0.20570000,522550.00000000,1749617999999999,107560.36900000,1064,215975.00000000,44448.01380000,0
1749618000000000,0.20570000,0.20590000,0.20510000,0.20570000,266676.00000000,1749621599999999,54819.11130000,841,132585.00000000,27258.82660000,0
1749621600000000,0.20580000,0.20740000,0.20580000,0.20700000,1894327.00000000,1749625199999999,391732.81990000,2167,1017298.00000000,210341.14850000,0
1749625200000000,0.20710000,0.20750000,0.20600000,0.20690000,675818.00000000,1749628799999999,139880.94560000,1855,328130.00000000,67911.34830000,0
1749628800000000,0.20690000,0.20770000,0.20550000,0.20620000,733340.00000000,1749632399999999,151743.66650000,2259,361557.00000000,74860.42230000,0
1749632400000000,0.20620000,0.20680000,0.20400000,0.20430000,907659.00000000,1749635999999999,186702.93940000,2191,442545.00000000,91112.87860000,0
1749636000000000,0.20430000,0.20580000,0.20390000,0.20580000,621285.00000000,1749639599999999,127397.27060000,1686,356262.00000000,73041.62350000,0
1749639600000000,0.20580000,0.20580000,0.20380000,0.20540000,718819.00000000,1749643199999999,147348.89070000,1308,296434.00000000,60755.88330000,0
1749643200000000,0.20530000,0.20840000,0.20400000,0.20700000,2919720.00000000,1749646799999999,602215.85150000,6242,1578633.00000000,325823.35080000,0
1749646800000000,0.20710000,0.20760000,0.20560000,0.20610000,1524885.00000000,1749650399999999,315329.44060000,3369,851851.00000000,176222.98410000,0
1749650400000000,0.20620000,0.20920000,0.20600000,0.20790000,1493362.00000000,1749653999999999,309711.96840000,2893,904811.00000000,187735.35550000,0
1749654000000000,0.20790000,0.20920000,0.20670000,0.20880000,2439414.00000000,1749657599999999,508008.40190000,3833,1506932.00000000,314051.98350000,0
1749657600000000,0.20880000,0.20910000,0.20710000,0.20720000,1099190.00000000,1749661199999999,228323.07000000,2827,489043.00000000,101558.09820000,0
1749661200000000,0.20730000,0.20730000,0.20420000,0.20430000,1152301.00000000,1749664799999999,237216.21520000,2613,412326.00000000,84906.07130000,0
1749664800000000,0.20420000,0.20440000,0.20230000,0.20260000,1302709.00000000,1749668399999999,265135.90830000,2943,603623.00000000,122885.14420000,0
1749668400000000,0.20260000,0.20280000,0.20070000,0.20180000,2895208.00000000,1749671999999999,584092.69390000,2877,879077.00000000,177516.87270000,0
1749672000000000,0.20180000,0.20310000,0.20080000,0.20210000,458836.00000000,1749675599999999,92670.58940000,1386,199424.00000000,40308.19770000,0
1749675600000000,0.20220000,0.20350000,0.19830000,0.19870000,1781920.00000000,1749679199999999,357137.94430000,3363,756709.00000000,152101.21040000,0
1749679200000000,0.19870000,0.19890000,0.19510000,0.19560000,3356448.00000000,1749682799999999,662272.51880000,6857,1075833.00000000,212028.85100000,0
1749682800000000,0.19560000,0.19740000,0.19530000,0.19720000,723680.00000000,1749686399999999,142355.82640000,1949,422094.00000000,83080.34140000,0
1749686400000000,0.19720000,0.19750000,0.19510000,0.19680000,843791.00000000,1749689999999999,165920.89500000,2978,433411.00000000,85215.44460000,0
1749690000000000,0.19680000,0.19720000,0.19530000,0.19710000,593818.00000000,1749693599999999,116576.57810000,1726,349897.00000000,68702.76940000,0
1749693600000000,0.19710000,0.19770000,0.19580000,0.19580000,539053.00000000,1749697199999999,105759.27880000,1484,259813.00000000,50989.70490000,0
1749697200000000,0.19590000,0.19590000,0.19380000,0.19470000,1195256.00000000,1749700799999999,232970.71050000,2685,443645.00000000,86496.28370000,0
1749700800000000,0.19470000,0.19480000,0.19350000,0.19440000,589625.00000000,1749704399999999,114520.92190000,1793,233240.00000000,45305.40440000,0
1749704400000000,0.19440000,0.19530000,0.19340000,0.19450000,684300.00000000,1749707999999999,132933.79260000,1381,218103.00000000,42414.80480000,0
1749708000000000,0.19450000,0.19450000,0.19300000,0.19370000,682948.00000000,1749711599999999,132310.00860000,1765,307930.00000000,59681.92680000,0
1749711600000000,0.19360000,0.19420000,0.19200000,0.19270000,936590.00000000,1749715199999999,180749.69210000,2251,422005.00000000,81463.76510000,0
1749715200000000,0.19260000,0.19350000,0.19190000,0.19290000,891950.00000000,1749718799999999,171833.36710000,2692,422692.00000000,81460.75210000,0
1749718800000000,0.19280000,0.19380000,0.19240000,0.19340000,586520.00000000,1749722399999999,113241.77970000,1245,321947.00000000,62179.36290000,0
1749722400000000,0.19330000,0.19330000,0.19160000,0.19240000,1626359.00000000,1749725999999999,312751.64990000,2861,807660.00000000,155297.63890000,0
1749726000000000,0.19230000,0.19240000,0.19050000,0.19050000,1811869.00000000,1749729599999999,346478.30540000,2911,572323.00000000,109424.00440000,0
1749729600000000,0.19060000,0.19300000,0.18970000,0.19200000,4300311.00000000,1749733199999999,821319.50850000,4425,2368343.00000000,452567.56140000,0
1749733200000000,0.19200000,0.19420000,0.19170000,0.19340000,2974151.00000000,1749736799999999,575071.04700000,3370,2167525.00000000,419287.18470000,0
1749736800000000,0.19350000,0.19510000,0.19340000,0.19380000,1272042.00000000,1749740399999999,247103.38630000,2276,723295.00000000,140478.53370000,0
1749740400000000,0.19390000,0.19420000,0.18920000,0.18930000,2864036.00000000,1749743999999999,547751.35520000,4542,999449.00000000,191188.01710000,0
1749744000000000,0.18930000,0.19100000,0.18890000,0.19020000,3297391.00000000,1749747599999999,625202.64360000,4752,2287510.00000000,433592.94690000,0
1749747600000000,0.19020000,0.19130000,0.18920000,0.18930000,1535996.00000000,1749751199999999,292549.62640000,2984,731213.00000000,139262.45980000,0
1749751200000000,0.18920000,0.18930000,0.18340000,0.18520000,5104354.00000000,1749754799999999,947487.13340000,6435,1977742.00000000,366783.75740000,0
1749754800000000,0.18520000,0.18590000,0.17970000,0.18100000,8850086.00000000,1749758399999999,1605725.86760000,8295,2869352.00000000,522699.20580000,0
1749758400000000,0.18090000,0.18210000,0.17870000,0.17960000,7727387.00000000,1749761999999999,1395004.27130000,10578,3429504.00000000,619213.61630000,0
1749762000000000,0.17950000,0.18150000,0.17900000,0.18040000,3454005.00000000,1749765599999999,622513.92360000,4888,1618852.00000000,291936.83370000,0
1749765600000000,0.18030000,0.18160000,0.18030000,0.18090000,1902354.00000000,1749769199999999,344340.78060000,4046,901989.00000000,163246.78790000,0
1749769200000000,0.18090000,0.18180000,0.18020000,0.18050000,1661854.00000000,1749772799999999,301148.61850000,3009,688084.00000000,124752.25900000,0
1749772800000000,0.18050000,0.18050000,0.17050000,0.17200000,12979854.00000000,1749776399999999,2269955.23370000,23985,5533323.00000000,966328.07270000,0
1749776400000000,0.17200000,0.17280000,0.16810000,0.17120000,10288181.00000000,1749779999999999,1748326.19300000,17833,5015636.00000000,852369.11220000,0
1749780000000000,0.17120000,0.17190000,0.16950000,0.17090000,3867478.00000000,1749783599999999,660122.99280000,8569,1872684.00000000,319630.53500000,0
1749783600000000,0.17090000,0.17820000,0.17080000,0.17700000,6661511.00000000,1749787199999999,1167353.94610000,13056,3832884.00000000,670787.28050000,0
1749787200000000,0.17690000,0.17690000,0.17490000,0.17640000,4452458.00000000,1749790799999999,782146.28940000,7410,2477667.00000000,435278.91320000,0
1749790800000000,0.17630000,0.17670000,0.17510000,0.17580000,2220302.00000000,1749794399999999,390530.32930000,5567,1100525.00000000,193662.57690000,0
1749794400000000,0.17580000,0.17700000,0.17420000,0.17700000,5304988.00000000,1749797999999999,929392.91600000,9024,2306450.00000000,404183.41780000,0
1749798000000000,0.17690000,0.17710000,0.17480000,0.17610000,3312254.00000000,1749801599999999,582441.22280000,6040,1371644.00000000,241101.83470000,0
1749801600000000,0.17610000,0.17870000,0.17540000,0.17630000,2572928.00000000,1749805199999999,455298.31270000,5084,1296180.00000000,229404.24590000,0
1749805200000000,0.17650000,0.17680000,0.17450000,0.17460000,5259787.00000000,1749808799999999,923723.05520000,7426,1813743.00000000,318592.98910000,0
1749808800000000,0.17460000,0.17580000,0.17370000,0.17570000,1852562.00000000,1749812399999999,323627.02780000,3549,992078.00000000,173369.80830000,0
1749812400000000,0.17570000,0.17650000,0.17450000,0.17650000,1869406.00000000,1749815999999999,328266.32330000,2527,1179316.00000000,207140.23840000,0
1749816000000000,0.17650000,0.17720000,0.17510000,0.17540000,1611870.00000000,1749819599999999,284346.21150000,3249,673158.00000000,118818.84190000,0
1749819600000000,0.17540000,0.17750000,0.17500000,0.17620000,1650679.00000000,1749823199999999,290912.20590000,3863,904946.00000000,159527.45880000,0
1749823200000000,0.17630000,0.17750000,0.17480000,0.17710000,2227422.00000000,1749826799999999,392784.84710000,4367,1083269.00000000,191071.07190000,0
1749826800000000,0.17720000,0.18040000,0.17690000,0.17950000,3246101.00000000,1749830399999999,581690.30490000,5383,1729739.00000000,309964.34670000,0
1749830400000000,0.17960000,0.18130000,0.17890000,0.18130000,2150173.00000000,1749833999999999,387831.34670000,3235,1113933.00000000,201128.40240000,0
1749834000000000,0.18120000,0.18120000,0.17790000,0.17940000,2516128.00000000,1749837599999999,451401.38590000,3732,865736.00000000,155438.48050000,0
1749837600000000,0.17940000,0.17960000,0.17640000,0.17750000,1800276.00000000,1749841199999999,319956.73370000,3436,806468.00000000,143313.43660000,0
1749841200000000,0.17750000,0.17820000,0.17660000,0.17770000,902355.00000000,1749844799999999,160129.80950000,2509,451960.00000000,80202.95380000,0
1749844800000000,0.17780000,0.18050000,0.17750000,0.18010000,2170332.00000000,1749848399999999,389176.68360000,2775,1412345.00000000,253360.50750000,0
1749848400000000,0.18020000,0.18120000,0.17960000,0.18050000,1118258.00000000,1749851999999999,201737.86050000,1860,519770.00000000,93745.46880000,0
1749852000000000,0.18060000,0.18150000,0.17920000,0.17980000,1267483.00000000,1749855599999999,228204.00030000,2459,519164.00000000,93539.69710000,0
1749855600000000,0.17980000,0.18090000,0.17960000,0.18080000,846106.00000000,1749859199999999,152465.81920000,2216,465002.00000000,83800.56510000,0
1749859200000000,0.18070000,0.18110000,0.17940000,0.17950000,1955346.00000000,1749862799999999,352689.33570000,3822,1077539.00000000,194395.12600000,0
1749862800000000,0.17960000,0.17970000,0.17860000,0.17910000,901019.00000000,1749866399999999,161379.01000000,1926,518200.00000000,92787.67820000,0
1749866400000000,0.17910000,0.18010000,0.17900000,0.17970000,718276.00000000,1749869999999999,128983.34940000,1483,349473.00000000,62750.14900000,0
1749870000000000,0.17980000,0.18110000,0.17980000,0.18060000,1395753.00000000,1749873599999999,251862.04940000,1631,606357.00000000,109437.40510000,0
1749873600000000,0.18060000,0.18110000,0.17990000,0.18010000,426427.00000000,1749877199999999,77011.93520000,1158,151122.00000000,27300.89170000,0
1749877200000000,0.18020000,0.18040000,0.17940000,0.17970000,994081.00000000,1749880799999999,178757.81260000,1446,382282.00000000,68737.74890000,0
1749880800000000,0.17960000,0.18020000,0.17910000,0.17940000,1435228.00000000,1749884399999999,257881.28020000,2687,798346.00000000,143468.53900000,0
1749884400000000,0.17940000,0.18010000,0.17850000,0.17960000,540130.00000000,1749887999999999,96706.66970000,972,231887.00000000,41526.37200000,0
1749888000000000,0.17960000,0.18050000,0.17870000,0.18020000,2269258.00000000,1749891599999999,407571.26180000,2040,1720815.00000000,309004.07510000,0
1749891600000000,0.18020000,0.18040000,0.17910000,0.17920000,531473.00000000,1749895199999999,95530.94020000,1661,297291.00000000,53451.36100000,0
1749895200000000,0.17930000,0.18040000,0.17900000,0.18030000,529522.00000000,1749898799999999,95157.29440000,1621,288700.00000000,51888.55050000,0
1749898800000000,0.18030000,0.18050000,0.17880000,0.17980000,2021048.00000000,1749902399999999,362499.45550000,1993,340237.00000000,61045.84790000,0
1749902400000000,0.17970000,0.18000000,0.17880000,0.17990000,371531.00000000,1749905999999999,66650.76270000,1581,189728.00000000,34049.70060000,0
1749906000000000,0.17990000,0.18030000,0.17890000,0.17950000,1308916.00000000,1749909599999999,235031.82400000,2419,447807.00000000,80471.37660000,0
1749909600000000,0.17960000,0.17970000,0.17810000,0.17860000,493846.00000000,1749913199999999,88333.19250000,1207,155853.00000000,27910.55360000,0
1749913200000000,0.17860000,0.17910000,0.17690000,0.17770000,788563.00000000,1749916799999999,140278.55820000,1607,379730.00000000,67534.69970000,0
1749916800000000,0.17770000,0.17810000,0.17480000,0.17530000,1180129.00000000,1749920399999999,207757.32960000,2711,485705.00000000,85559.37840000,0
1749920400000000,0.17520000,0.17700000,0.17510000,0.17650000,656987.00000000,1749923999999999,115855.74780000,1475,458295.00000000,80833.05870000,0
1749924000000000,0.17650000,0.17730000,0.17430000,0.17560000,476537.00000000,1749927599999999,83639.20790000,1297,226312.00000000,39707.68720000,0
1749927600000000,0.17570000,0.17630000,0.17500000,0.17500000,497060.00000000,1749931199999999,87358.21330000,1474,224150.00000000,39410.36280000,0
1749931200000000,0.17510000,0.17600000,0.17380000,0.17540000,785418.00000000,1749934799999999,137318.13980000,1586,360900.00000000,63070.07710000,0
1749934800000000,0.17550000,0.17720000,0.17510000,0.17700000,1049758.00000000,1749938399999999,185080.76350000,1864,521953.00000000,92044.04060000,0
1749938400000000,0.17700000,0.17780000,0.17650000,0.17740000,776465.00000000,1749941999999999,137649.44010000,1501,406070.00000000,71982.00040000,0
1749942000000000,0.17730000,0.17800000,0.17690000,0.17710000,2017640.00000000,1749945599999999,357937.13980000,1702,486744.00000000,86392.63730000,0
1749945600000000,0.17700000,0.17810000,0.17690000,0.17800000,605723.00000000,1749949199999999,107572.28500000,1196,310109.00000000,55062.40730000,0
1749949200000000,0.17800000,0.17810000,0.17630000,0.17660000,1343282.00000000,1749952799999999,237353.88140000,1396,658736.00000000,116352.42080000,0
1749952800000000,0.17670000,0.17730000,0.17640000,0.17670000,370197.00000000,1749956399999999,65445.58700000,911,135487.00000000,23963.67800000,0
1749956400000000,0.17680000,0.17720000,0.17650000,0.17670000,339410.00000000,1749959999999999,60009.99320000,824,155218.00000000,27445.59900000,0
1749960000000000,0.17670000,0.17730000,0.17630000,0.17680000,498578.00000000,1749963599999999,88079.95740000,1134,228010.00000000,40271.22610000,0
1749963600000000,0.17680000,0.17800000,0.17620000,0.17800000,392886.00000000,1749967199999999,69554.82880000,1009,207429.00000000,36733.60120000,0
1749967200000000,0.17800000,0.17820000,0.17480000,0.17500000,1799416.00000000,1749970799999999,316364.02110000,1786,375111.00000000,66031.76310000,0
1749970800000000,0.17500000,0.17510000,0.17430000,0.17500000,515167.00000000,1749974399999999,90033.07820000,1172,201423.00000000,35217.69780000,0
1749974400000000,0.17500000,0.17510000,0.17440000,0.17470000,403436.00000000,1749977999999999,70489.70980000,851,115702.00000000,20219.96920000,0
1749978000000000,0.17470000,0.17480000,0.17380000,0.17410000,673725.00000000,1749981599999999,117501.34020000,1348,360831.00000000,62950.43300000,0
1749981600000000,0.17420000,0.17560000,0.17420000,0.17560000,327895.00000000,1749985199999999,57404.70090000,777,160254.00000000,28052.93530000,0
1749985200000000,0.17560000,0.17590000,0.17460000,0.17510000,460365.00000000,1749988799999999,80628.61510000,918,226908.00000000,39762.11580000,0
1749988800000000,0.17520000,0.17650000,0.17470000,0.17630000,739809.00000000,1749992399999999,129823.40820000,1313,463626.00000000,81391.54380000,0
1749992400000000,0.17630000,0.17790000,0.17590000,0.17740000,2326191.00000000,1749995999999999,412289.24570000,2085,1823387.00000000,323406.19820000,0
1749996000000000,0.17750000,0.17930000,0.17640000,0.17900000,1047511.00000000,1749999599999999,186345.16330000,2142,636139.00000000,113202.09820000,0
1749999600000000,0.17910000,0.17950000,0.17760000,0.17790000,870399.00000000,1750003199999999,155664.04870000,1724,496558.00000000,88864.10060000,0
1750003200000000,0.17780000,0.17800000,0.17670000,0.17740000,580084.00000000,1750006799999999,102794.33740000,1123,326389.00000000,57823.06430000,0
1750006800000000,0.17730000,0.17740000,0.17440000,0.17570000,2835625.00000000,1750010399999999,498172.20520000,2287,626984.00000000,110244.75470000,0
1750010400000000,0.17570000,0.17570000,0.17450000,0.17510000,666936.00000000,1750013999999999,116771.89400000,1328,352531.00000000,61714.00230000,0
1750014000000000,0.17520000,0.17550000,0.17330000,0.17390000,1045588.00000000,1750017599999999,182509.66510000,1657,327563.00000000,57132.24170000,0
1750017600000000,0.17390000,0.17390000,0.17120000,0.17170000,1233625.00000000,1750021199999999,212510.35920000,2677,400313.00000000,68912.41910000,0
1750021200000000,0.17170000,0.17330000,0.17110000,0.17330000,913236.00000000,1750024799999999,157139.56290000,1802,450990.00000000,77642.99070000,0
1750024800000000,0.17330000,0.17600000,0.17330000,0.17550000,1895101.00000000,1750028399999999,332143.85520000,3548,960129.00000000,168229.46550000,0
1750028400000000,0.17560000,0.17690000,0.17530000,0.17660000,529995.00000000,1750031999999999,93397.50810000,1778,259813.00000000,45781.47640000,0
1750032000000000,0.17660000,0.17670000,0.17530000,0.17600000,792187.00000000,1750035599999999,139471.31070000,1863,388834.00000000,68433.58990000,0
1750035600000000,0.17600000,0.17790000,0.17400000,0.17770000,2017654.00000000,1750039199999999,353294.79960000,2765,800579.00000000,140433.71700000,0
1750039200000000,0.17780000,0.17910000,0.17780000,0.17850000,1476387.00000000,1750042799999999,263726.86510000,2218,513105.00000000,91604.61850000,0
1750042800000000,0.17850000,0.17890000,0.17760000,0.17770000,416572.00000000,1750046399999999,74309.02160000,1049,236141.00000000,42131.52540000,0
1750046400000000,0.17780000,0.17930000,0.17750000,0.17860000,566095.00000000,1750049999999999,100871.26880000,1317,325915.00000000,58079.16430000,0
1750050000000000,0.17870000,0.18070000,0.17810000,0.17990000,976326.00000000,1750053599999999,175223.93650000,1898,552646.00000000,99159.53860000,0
1750053600000000,0.17990000,0.18050000,0.17970000,0.18020000,544448.00000000,1750057199999999,98074.67900000,1016,232633.00000000,41919.60570000,0
1750057200000000,0.18020000,0.18190000,0.18020000,0.18190000,1035110.00000000,1750060799999999,187575.70190000,2054,582157.00000000,105547.65990000,0
1750060800000000,0.18190000,0.18210000,0.18050000,0.18200000,473298.00000000,1750064399999999,85823.93830000,1362,282751.00000000,51291.54440000,0
1750064400000000,0.18200000,0.18240000,0.18130000,0.18160000,946635.00000000,1750067999999999,172176.21730000,1731,476782.00000000,86715.45340000,0
1750068000000000,0.18150000,0.18200000,0.18020000,0.18090000,654841.00000000,1750071599999999,118553.38240000,1287,296346.00000000,53666.93110000,0
1750071600000000,0.18090000,0.18290000,0.17990000,0.18210000,1213249.00000000,1750075199999999,220085.61750000,2093,559930.00000000,101686.32880000,0
1750075200000000,0.18210000,0.18270000,0.18100000,0.18110000,899110.00000000,1750078799999999,163515.61240000,2081,537755.00000000,97789.12420000,0
1750078800000000,0.18110000,0.18320000,0.18100000,0.18300000,1155210.00000000,1750082399999999,210125.19320000,3538,591888.00000000,107695.01600000,0
1750082400000000,0.18310000,0.18530000,0.18270000,0.18370000,1469529.00000000,1750085999999999,270551.83610000,3587,805387.00000000,148329.03800000,0
1750086000000000,0.18370000,0.18480000,0.18270000,0.18310000,1135578.00000000,1750089599999999,208947.79510000,2888,471607.00000000,86781.56380000,0
1750089600000000,0.18310000,0.18530000,0.18300000,0.18500000,1091854.00000000,1750093199999999,201524.54670000,2340,687896.00000000,126962.83250000,0
1750093200000000,0.18500000,0.18570000,0.18390000,0.18420000,1137824.00000000,1750096799999999,210183.48200000,2223,538961.00000000,99624.65630000,0
1750096800000000,0.18420000,0.18550000,0.18410000,0.18550000,973425.00000000,1750100399999999,179785.62370000,1539,553683.00000000,102274.21990000,0
1750100400000000,0.18540000,0.18640000,0.18470000,0.18520000,1007556.00000000,1750103999999999,186979.07810000,1839,552163.00000000,102515.65330000,0
1750104000000000,0.18510000,0.18590000,0.18430000,0.18530000,1334007.00000000,1750107599999999,246687.78880000,2092,649527.00000000,120151.21860000,0
1750107600000000,0.18530000,0.18550000,0.18270000,0.18390000,1915717.00000000,1750111199999999,352582.80790000,2643,732606.00000000,134785.05690000,0
1750111200000000,0.18400000,0.18420000,0.17760000,0.17910000,3203849.00000000,1750114799999999,576591.07770000,6308,1284744.00000000,231335.81210000,0
1750114800000000,0.17910000,0.18030000,0.17550000,0.17590000,2142235.00000000,1750118399999999,381765.99810000,4433,984737.00000000,175914.48160000,0
1750118400000000,0.17600000,0.17710000,0.17180000,0.17690000,5026092.00000000,1750121999999999,877663.04020000,10244,2466421.00000000,430853.43810000,0
1750122000000000,0.17700000,0.17770000,0.17600000,0.17610000,748721.00000000,1750125599999999,132230.03920000,2264,376748.00000000,66543.05750000,0
1750125600000000,0.17620000,0.17810000,0.17510000,0.17810000,1439104.00000000,1750129199999999,253448.37510000,2671,787636.00000000,138844.85940000,0
1750129200000000,0.17810000,0.17910000,0.17740000,0.17800000,956370.00000000,1750132799999999,170395.03730000,2107,491655.00000000,87619.13630000,0
1750132800000000,0.17810000,0.17850000,0.17700000,0.17770000,905347.00000000,1750136399999999,160821.95060000,1599,275800.00000000,49002.99300000,0
1750136400000000,0.17770000,0.17790000,0.17600000,0.17670000,651069.00000000,1750139999999999,115227.50220000,1597,356677.00000000,63118.32860000,0
1750140000000000,0.17660000,0.17700000,0.17520000,0.17540000,674180.00000000,1750143599999999,118571.35940000,1949,215595.00000000,37946.31660000,0
1750143600000000,0.17540000,0.17610000,0.17470000,0.17530000,934773.00000000,1750147199999999,163836.00390000,1775,295925.00000000,51919.91890000,0
1750147200000000,0.17530000,0.17550000,0.17360000,0.17370000,721486.00000000,1750150799999999,125718.90820000,1729,307359.00000000,53533.52000000,0
1750150800000000,0.17370000,0.17450000,0.17330000,0.17400000,1153683.00000000,1750154399999999,200655.42170000,1907,564163.00000000,98145.00830000,0
1750154400000000,0.17410000,0.17420000,0.17260000,0.17390000,1095162.00000000,1750157999999999,189929.89400000,2307,505404.00000000,87678.03990000,0
1750158000000000,0.17390000,0.17390000,0.17260000,0.17300000,693878.00000000,1750161599999999,119967.17820000,1684,324121.00000000,56054.51450000,0
1750161600000000,0.17300000,0.17370000,0.17220000,0.17260000,1417095.00000000,1750165199999999,245290.66300000,2393,651921.00000000,112873.30670000,0
1750165200000000,0.17260000,0.17370000,0.17150000,0.17240000,2470121.00000000,1750168799999999,425802.66800000,3016,557449.00000000,96273.41030000,0
1750168800000000,0.17240000,0.17400000,0.17150000,0.17180000,1065527.00000000,1750172399999999,184054.11800000,2552,419809.00000000,72534.60740000,0
1750172400000000,0.17170000,0.17170000,0.16870000,0.17070000,3330916.00000000,1750175999999999,567003.09430000,6492,1497332.00000000,254916.22060000,0
1750176000000000,0.17070000,0.17080000,0.16690000,0.16700000,3404156.00000000,1750179599999999,575298.41040000,5946,1286679.00000000,217733.40490000,0
1750179600000000,0.16700000,0.16850000,0.16580000,0.16720000,2935780.00000000,1750183199999999,490209.64170000,5342,1575547.00000000,263196.15390000,0
1750183200000000,0.16710000,0.17050000,0.16700000,0.17050000,3306006.00000000,1750186799999999,555360.37790000,3942,1678596.00000000,282139.80250000,0
1750186800000000,0.17060000,0.17390000,0.17050000,0.17240000,3149886.00000000,1750190399999999,543410.44510000,4558,1915213.00000000,330302.26850000,0
1750190400000000,0.17240000,0.17310000,0.17130000,0.17140000,1717453.00000000,1750193999999999,295898.92660000,2722,955192.00000000,164669.43590000,0
1750194000000000,0.17140000,0.17160000,0.16810000,0.16910000,3274903.00000000,1750197599999999,555226.72710000,3861,1102920.00000000,187170.88160000,0
1750197600000000,0.16920000,0.16940000,0.16780000,0.16800000,1387385.00000000,1750201199999999,234172.72940000,2575,396605.00000000,66938.81750000,0
1750201200000000,0.16810000,0.17030000,0.16770000,0.16950000,1166331.00000000,1750204799999999,197266.85390000,1621,678796.00000000,114870.52560000,0
1750204800000000,0.16960000,0.17080000,0.16880000,0.17040000,896607.00000000,1750208399999999,152467.41290000,1764,407958.00000000,69414.20840000,0
1750208400000000,0.17050000,0.17150000,0.16930000,0.16940000,684299.00000000,1750211999999999,116724.83860000,1478,370038.00000000,63152.87200000,0
1750212000000000,0.16950000,0.17000000,0.16860000,0.16920000,1038884.00000000,1750215599999999,176137.44030000,1506,636051.00000000,107855.66700000,0
1750215600000000,0.16910000,0.17050000,0.16890000,0.17030000,448682.00000000,1750219199999999,76188.89340000,1370,275283.00000000,46763.45300000,0
1750219200000000,0.17020000,0.17190000,0.17010000,0.17150000,377841.00000000,1750222799999999,64595.34800000,1074,223819.00000000,38249.97510000,0
1750222800000000,0.17150000,0.17250000,0.17100000,0.17110000,584529.00000000,1750226399999999,100424.38470000,946,213317.00000000,36646.58290000,0
1750226400000000,0.17110000,0.17160000,0.17010000,0.17060000,400994.00000000,1750229999999999,68472.92740000,1156,195639.00000000,33406.81680000,0
1750230000000000,0.17050000,0.17150000,0.17050000,0.17140000,406762.00000000,1750233599999999,69538.71930000,839,266513.00000000,45571.23160000,0
1750233600000000,0.17140000,0.17190000,0.17020000,0.17060000,651306.00000000,1750237199999999,111519.81770000,1137,298102.00000000,51050.76470000,0
1750237200000000,0.17070000,0.17100000,0.16860000,0.16890000,1423670.00000000,1750240799999999,241373.66030000,1851,413507.00000000,70070.64330000,0
1750240800000000,0.16890000,0.16910000,0.16580000,0.16610000,2522843.00000000,1750244399999999,421841.26010000,3218,1006699.00000000,168357.51630000,0
1750244400000000,0.16600000,0.16790000,0.16560000,0.16770000,1554426.00000000,1750247999999999,259395.25880000,2298,917936.00000000,153176.35630000,0
1750248000000000,0.16780000,0.16820000,0.16660000,0.16680000,849673.00000000,1750251599999999,142244.61890000,1665,584195.00000000,97829.28970000,0
1750251600000000,0.16680000,0.16820000,0.16500000,0.16800000,2987310.00000000,1750255199999999,495683.52810000,5534,1285865.00000000,213528.71780000,0
1750255200000000,0.16790000,0.17070000,0.16750000,0.16820000,2839724.00000000,1750258799999999,481659.28600000,5212,1183925.00000000,200823.87230000,0
1750258800000000,0.16820000,0.16930000,0.16720000,0.16860000,800255.00000000,1750262399999999,134899.82210000,2565,428373.00000000,72221.84760000,0
1750262400000000,0.16870000,0.16870000,0.16670000,0.16720000,1128035.00000000,1750265999999999,188888.97630000,2432,491586.00000000,82241.87600000,0
1750266000000000,0.16720000,0.16810000,0.16560000,0.16780000,1434494.00000000,1750269599999999,239510.99560000,2642,501684.00000000,83734.01190000,0
1750269600000000,0.16780000,0.16880000,0.16530000,0.16550000,2171104.00000000,1750273199999999,363059.61840000,6344,1061942.00000000,177722.51220000,0
1750273200000000,0.16540000,0.16810000,0.16510000,0.16660000,1442814.00000000,1750276799999999,240905.95100000,4144,815671.00000000,136234.03880000,0
1750276800000000,0.16670000,0.17090000,0.16620000,0.17060000,1309956.00000000,1750280399999999,220830.02840000,2995,676118.00000000,114022.85890000,0
1750280400000000,0.17070000,0.17210000,0.16950000,0.17140000,1979293.00000000,1750283999999999,337772.75610000,3495,1151093.00000000,196462.61510000,0
1750284000000000,0.17120000,0.17160000,0.17030000,0.17050000,621554.00000000,1750287599999999,106214.84820000,1472,251829.00000000,43029.39590000,0
1750287600000000,0.17050000,0.17140000,0.16970000,0.17070000,1009039.00000000,1750291199999999,171995.11660000,1852,381253.00000000,65037.16060000,0
1750291200000000,0.17060000,0.17260000,0.17050000,0.17100000,1253025.00000000,1750294799999999,215065.24960000,2418,737487.00000000,126565.06830000,0
1750294800000000,0.17110000,0.17110000,0.16890000,0.16920000,2350646.00000000,1750298399999999,398948.36930000,3151,645737.00000000,109678.60900000,0
1750298400000000,0.16930000,0.17010000,0.16850000,0.16890000,1671650.00000000,1750301999999999,283034.65010000,2563,463579.00000000,78490.61560000,0
1750302000000000,0.16900000,0.17090000,0.16900000,0.17090000,639763.00000000,1750305599999999,108740.10100000,1357,340953.00000000,57965.00970000,0
1750305600000000,0.17090000,0.17190000,0.17040000,0.17190000,1061575.00000000,1750309199999999,181591.41610000,2006,666551.00000000,114066.09430000,0
1750309200000000,0.17180000,0.17230000,0.17010000,0.17020000,915477.00000000,1750312799999999,157080.49640000,1513,349349.00000000,59930.71810000,0
1750312800000000,0.17030000,0.17090000,0.16940000,0.16960000,1352767.00000000,1750316399999999,229811.73160000,1464,310492.00000000,52755.80060000,0
1750316400000000,0.16960000,0.17020000,0.16920000,0.16930000,558202.00000000,1750319999999999,94773.51630000,1368,280887.00000000,47706.54710000,0
1750320000000000,0.16930000,0.16980000,0.16880000,0.16880000,440199.00000000,1750323599999999,74582.50180000,1114,200981.00000000,34054.17270000,0
1750323600000000,0.16880000,0.17050000,0.16880000,0.17030000,573415.00000000,1750327199999999,97219.61960000,1325,320723.00000000,54370.72940000,0
1750327200000000,0.17020000,0.17040000,0.16930000,0.16980000,578491.00000000,1750330799999999,98366.47900000,1352,242955.00000000,41323.71800000,0
1750330800000000,0.16970000,0.16980000,0.16900000,0.16970000,554065.00000000,1750334399999999,93877.13510000,1116,211491.00000000,35850.26310000,0
1750334400000000,0.16960000,0.17050000,0.16930000,0.16990000,1005754.00000000,1750337999999999,170975.97350000,1262,450632.00000000,76603.51960000,0
1750338000000000,0.17000000,0.17020000,0.16820000,0.16840000,1163923.00000000,1750341599999999,196906.17760000,1571,679014.00000000,114870.41730000,0
1750341600000000,0.16840000,0.16930000,0.16730000,0.16760000,2216471.00000000,1750345199999999,373138.69930000,2622,1335604.00000000,224903.30660000,0
1750345200000000,0.16760000,0.16900000,0.16750000,0.16820000,1371478.00000000,1750348799999999,230679.91620000,2293,678954.00000000,114186.84660000,0
1750348800000000,0.16820000,0.16910000,0.16760000,0.16760000,839881.00000000,1750352399999999,141492.09520000,1818,404124.00000000,68071.54600000,0
1750352400000000,0.16770000,0.17100000,0.16750000,0.17010000,2315451.00000000,1750355999999999,391670.89670000,3253,1307435.00000000,221290.05050000,0
1750356000000000,0.17010000,0.17120000,0.16930000,0.17000000,546048.00000000,1750359599999999,93001.13550000,1405,278911.00000000,47562.30170000,0
1750359600000000,0.17010000,0.17060000,0.16930000,0.16930000,459034.00000000,1750363199999999,77947.96110000,1059,216497.00000000,36790.26150000,0
1750363200000000,0.16920000,0.17000000,0.16830000,0.16880000,606932.00000000,1750366799999999,102631.01700000,1576,271940.00000000,46004.73290000,0
1750366800000000,0.16890000,0.16990000,0.16850000,0.16900000,940671.00000000,1750370399999999,159109.21340000,1617,442807.00000000,74900.83500000,0
1750370400000000,0.16900000,0.17050000,0.16900000,0.16960000,926360.00000000,1750373999999999,157346.82870000,2224,491708.00000000,83530.39200000,0
1750374000000000,0.16960000,0.17010000,0.16890000,0.16910000,393557.00000000,1750377599999999,66655.04020000,1078,214134.00000000,36260.18160000,0
1750377600000000,0.16920000,0.16950000,0.16840000,0.16870000,518231.00000000,1750381199999999,87550.57480000,1204,276157.00000000,46652.81120000,0
1750381200000000,0.16880000,0.16900000,0.16770000,0.16880000,554571.00000000,1750384799999999,93272.30880000,1324,224380.00000000,37765.53020000,0
1750384800000000,0.16890000,0.16910000,0.16770000,0.16790000,379719.00000000,1750388399999999,63924.14990000,900,171487.00000000,28850.55350000,0
1750388400000000,0.16790000,0.16800000,0.16720000,0.16750000,330135.00000000,1750391999999999,55336.82800000,981,146375.00000000,24526.67410000,0
1750392000000000,0.16740000,0.16770000,0.16620000,0.16660000,702530.00000000,1750395599999999,117244.23570000,1258,492648.00000000,82236.01400000,0
1750395600000000,0.16660000,0.16780000,0.16610000,0.16780000,387177.00000000,1750399199999999,64595.67590000,943,239116.00000000,39901.23580000,0
1750399200000000,0.16780000,0.16840000,0.16740000,0.16830000,353450.00000000,1750402799999999,59367.68920000,792,183603.00000000,30843.45130000,0
1750402800000000,0.16830000,0.17130000,0.16810000,0.17110000,1452391.00000000,1750406399999999,247103.36570000,2155,925553.00000000,157519.11750000,0
1750406400000000,0.17110000,0.17220000,0.17020000,0.17070000,1890646.00000000,1750409999999999,324214.02480000,2468,1060874.00000000,181991.77140000,0
1750410000000000,0.17070000,0.17080000,0.16970000,0.17000000,709678.00000000,1750413599999999,120748.51250000,1424,382485.00000000,65071.49430000,0
1750413600000000,0.17010000,0.17050000,0.16940000,0.16980000,396925.00000000,1750417199999999,67455.27110000,1149,184649.00000000,31385.64040000,0
1750417200000000,0.16980000,0.17040000,0.16900000,0.17020000,770174.00000000,1750420799999999,130635.46040000,1311,253736.00000000,43066.67490000,0
1750420800000000,0.17020000,0.17100000,0.17000000,0.17050000,541620.00000000,1750424399999999,92381.76730000,1131,287603.00000000,49051.55700000,0
1750424400000000,0.17050000,0.17140000,0.17020000,0.17100000,2673935.00000000,1750427999999999,456471.29530000,3374,1077313.00000000,184011.70440000,0
1750428000000000,0.17100000,0.17160000,0.16650000,0.16660000,2245058.00000000,1750431599999999,380475.90810000,4913,895147.00000000,151800.54330000,0
1750431600000000,0.16660000,0.16860000,0.16660000,0.16750000,1629398.00000000,1750435199999999,272994.58630000,2627,927865.00000000,155472.95870000,0
1750435200000000,0.16760000,0.16770000,0.16440000,0.16490000,2666241.00000000,1750438799999999,441787.08340000,4803,1112347.00000000,184527.07830000,0
1750438800000000,0.16490000,0.16650000,0.16100000,0.16640000,12256067.00000000,1750442399999999,1999912.76040000,15165,5618263.00000000,918555.78900000,0
1750442400000000,0.16630000,0.16740000,0.16550000,0.16650000,2840021.00000000,1750445999999999,473085.63220000,4627,1225198.00000000,204083.22780000,0
1750446000000000,0.16650000,0.16780000,0.16610000,0.16730000,1716147.00000000,1750449599999999,286384.00940000,2557,643521.00000000,107454.47270000,0
1750449600000000,0.16740000,0.16980000,0.16740000,0.16810000,1967003.00000000,1750453199999999,331938.33060000,2936,1058949.00000000,178594.61450000,0
1750453200000000,0.16820000,0.16820000,0.16680000,0.16690000,770626.00000000,1750456799999999,129312.95530000,1247,351426.00000000,59005.17910000,0
1750456800000000,0.16690000,0.16750000,0.16520000,0.16570000,2274526.00000000,1750460399999999,378064.29570000,3292,763721.00000000,127043.73410000,0
1750460400000000,0.16570000,0.16730000,0.16520000,0.16720000,771535.00000000,1750463999999999,128286.99270000,1450,357092.00000000,59345.02360000,0
1750464000000000,0.16720000,0.16740000,0.16640000,0.16700000,781644.00000000,1750467599999999,130439.00050000,1243,312966.00000000,52225.90370000,0
1750467600000000,0.16700000,0.16840000,0.16680000,0.16810000,1091997.00000000,1750471199999999,183030.63040000,1709,711559.00000000,119268.03090000,0
1750471200000000,0.16820000,0.16850000,0.16760000,0.16810000,671756.00000000,1750474799999999,112850.21750000,1099,272415.00000000,45778.84950000,0
1750474800000000,0.16810000,0.16880000,0.16790000,0.16820000,483636.00000000,1750478399999999,81453.02270000,913,194912.00000000,32828.14340000,0
1750478400000000,0.16820000,0.16840000,0.16760000,0.16780000,501283.00000000,1750481999999999,84168.27000000,763,239451.00000000,40206.55360000,0
1750482000000000,0.16790000,0.16850000,0.16750000,0.16790000,403373.00000000,1750485599999999,67793.03490000,755,256579.00000000,43131.25830000,0
1750485600000000,0.16790000,0.16820000,0.16770000,0.16780000,369528.00000000,1750489199999999,62056.72740000,683,188231.00000000,31613.78330000,0
1750489200000000,0.16780000,0.16820000,0.16700000,0.16790000,500021.00000000,1750492799999999,83857.41400000,847,255098.00000000,42779.92310000,0
1750492800000000,0.16790000,0.16900000,0.16760000,0.16900000,505134.00000000,1750496399999999,84904.43370000,876,349302.00000000,58736.42500000,0
1750496400000000,0.16900000,0.16930000,0.16820000,0.16910000,542455.00000000,1750499999999999,91524.75130000,1055,286108.00000000,48275.57830000,0
1750500000000000,0.16920000,0.16950000,0.16770000,0.16840000,400941.00000000,1750503599999999,67563.46630000,791,181986.00000000,30665.43680000,0
1750503600000000,0.16840000,0.16910000,0.16830000,0.16880000,219140.00000000,1750507199999999,36962.88930000,583,119646.00000000,20186.24570000,0
1750507200000000,0.16880000,0.16930000,0.16680000,0.16750000,2443027.00000000,1750510799999999,410418.23320000,1904,552916.00000000,92967.42460000,0
1750510800000000,0.16740000,0.16780000,0.16490000,0.16540000,1353008.00000000,1750514399999999,224721.60930000,2224,499250.00000000,82923.61990000,0
1750514400000000,0.16540000,0.16730000,0.16530000,0.16640000,1203292.00000000,1750517999999999,200128.97280000,2077,472606.00000000,78552.36420000,0
1750518000000000,0.16640000,0.16680000,0.16540000,0.16650000,526508.00000000,1750521599999999,87452.78580000,1624,265859.00000000,44173.61230000,0
1750521600000000,0.16650000,0.16710000,0.16540000,0.16580000,648150.00000000,1750525199999999,107626.88190000,1017,290842.00000000,48338.18770000,0
1750525200000000,0.16570000,0.16660000,0.16370000,0.16440000,810281.00000000,1750528799999999,133440.82140000,1977,360712.00000000,59405.81700000,0
1750528800000000,0.16450000,0.16530000,0.16280000,0.16320000,1326646.00000000,1750532399999999,218065.34700000,2774,678501.00000000,111548.87230000,0
1750532400000000,0.16320000,0.16340000,0.16200000,0.16200000,1271917.00000000,1750535999999999,206953.58210000,2500,668936.00000000,108878.62400000,0
1750536000000000,0.16210000,0.16380000,0.16190000,0.16320000,1287854.00000000,1750539599999999,209827.14930000,2511,611899.00000000,99714.78740000,0
1750539600000000,0.16320000,0.16330000,0.15610000,0.15910000,7335309.00000000,1750543199999999,1167287.13530000,10881,3648076.00000000,580062.49700000,0
1750543200000000,0.15920000,0.16100000,0.15870000,0.16040000,3003814.00000000,1750546799999999,479512.60410000,4815,1185928.00000000,189666.22860000,0
1750546800000000,0.16040000,0.16270000,0.15840000,0.16260000,5679765.00000000,1750550399999999,910601.38970000,8944,2869263.00000000,460490.54220000,0
1750550400000000,0.16270000,0.16470000,0.16090000,0.16350000,2446917.00000000,1750553999999999,398535.57460000,6423,1212880.00000000,197647.59270000,0
1750554000000000,0.16350000,0.16410000,0.16200000,0.16210000,983002.00000000,1750557599999999,160229.05350000,2704,441200.00000000,71910.61030000,0
1750557600000000,0.16200000,0.16310000,0.15950000,0.16110000,1425153.00000000,1750561199999999,229395.27440000,3436,594022.00000000,95657.60250000,0
1750561200000000,0.16110000,0.16170000,0.15980000,0.16100000,878489.00000000,1750564799999999,141219.08920000,2947,420134.00000000,67546.13990000,0
1750564800000000,0.16100000,0.16220000,0.16030000,0.16110000,973154.00000000,1750568399999999,156954.17470000,2891,517584.00000000,83499.46430000,0
1750568400000000,0.16110000,0.16210000,0.16070000,0.16170000,897750.00000000,1750571999999999,144813.52620000,1991,578823.00000000,93381.15660000,0
1750572000000000,0.16170000,0.16270000,0.16090000,0.16220000,1763524.00000000,1750575599999999,285929.89610000,2001,1066720.00000000,172920.03840000,0
1750575600000000,0.16220000,0.16270000,0.16000000,0.16040000,2178937.00000000,1750579199999999,352145.89750000,2837,529141.00000000,85444.45300000,0
1750579200000000,0.16040000,0.16060000,0.15930000,0.15990000,1188678.00000000,1750582799999999,190015.34000000,2124,531851.00000000,85034.89910000,0
1750582800000000,0.15990000,0.16040000,0.15680000,0.15720000,2858146.00000000,1750586399999999,452220.28240000,4933,803065.00000000,127139.88070000,0
1750586400000000,0.15720000,0.15880000,0.15670000,0.15820000,860065.00000000,1750589999999999,135606.64730000,2564,372181.00000000,58696.07820000,0
1750590000000000,0.15820000,0.15930000,0.15750000,0.15810000,803133.00000000,1750593599999999,127108.39710000,1839,272395.00000000,43124.45390000,0
1750593600000000,0.15820000,0.15930000,0.15650000,0.15780000,1441213.00000000,1750597199999999,226861.84600000,2594,691380.00000000,108840.38810000,0
1750597200000000,0.15790000,0.15810000,0.15270000,0.15540000,11358058.00000000,1750600799999999,1761300.37900000,17997,5514955.00000000,855377.54820000,0
1750600800000000,0.15540000,0.15840000,0.15360000,0.15820000,7264276.00000000,1750604399999999,1127959.33750000,12323,3719281.00000000,577866.02630000,0
1750604400000000,0.15820000,0.15830000,0.15560000,0.15600000,2583071.00000000,1750607999999999,404831.00290000,4214,1127616.00000000,176787.34330000,0
1750608000000000,0.15610000,0.15810000,0.15580000,0.15750000,3157059.00000000,1750611599999999,494693.87800000,5377,1096892.00000000,171864.72330000,0
1750611600000000,0.15740000,0.15890000,0.15600000,0.15680000,1835840.00000000,1750615199999999,288562.76930000,3845,737472.00000000,115939.16180000,0
1750615200000000,0.15690000,0.15740000,0.15560000,0.15630000,1376289.00000000,1750618799999999,215406.86400000,3028,642015.00000000,100502.30270000,0
1750618800000000,0.15640000,0.15670000,0.15520000,0.15560000,743535.00000000,1750622399999999,115900.27970000,2071,268340.00000000,41821.08430000,0
1750622400000000,0.15570000,0.15660000,0.15180000,0.15580000,4477652.00000000,1750625999999999,689305.54350000,9128,2277640.00000000,350908.93620000,0
1750626000000000,0.15580000,0.15690000,0.15410000,0.15480000,1080255.00000000,1750629599999999,168328.10550000,2764,568889.00000000,88651.55510000,0
1750629600000000,0.15490000,0.15860000,0.15460000,0.15860000,3834853.00000000,1750633199999999,602006.36730000,4450,2117887.00000000,333128.66060000,0
1750633200000000,0.15860000,0.16080000,0.15830000,0.16020000,2728488.00000000,1750636799999999,436594.04360000,3345,1544997.00000000,247121.53030000,0
1750636800000000,0.16020000,0.16230000,0.15990000,0.16090000,1851854.00000000,1750640399999999,297895.13360000,3442,1156042.00000000,185944.56130000,0
1750640400000000,0.16090000,0.16170000,0.15980000,0.16160000,887222.00000000,1750643999999999,142450.95790000,1205,553434.00000000,88783.39770000,0
1750644000000000,0.16170000,0.16180000,0.16070000,0.16090000,743978.00000000,1750647599999999,120074.94060000,1721,396570.00000000,64004.81050000,0
1750647600000000,0.16090000,0.16140000,0.15970000,0.15980000,851930.00000000,1750651199999999,136772.10890000,1407,483442.00000000,77663.47600000,0
1750651200000000,0.15990000,0.16060000,0.15860000,0.15890000,1452853.00000000,1750654799999999,231930.35100000,2066,815700.00000000,130333.18650000,0
1750654800000000,0.15900000,0.16050000,0.15880000,0.16030000,1218829.00000000,1750658399999999,194468.11070000,2433,549671.00000000,87691.20340000,0
1750658400000000,0.16040000,0.16100000,0.15950000,0.16090000,907629.00000000,1750661999999999,145504.94700000,2336,470319.00000000,75413.83990000,0
1750662000000000,0.16100000,0.16200000,0.16050000,0.16160000,825902.00000000,1750665599999999,133136.72520000,1635,443338.00000000,71489.36550000,0
1750665600000000,0.16160000,0.16190000,0.16100000,0.16110000,655852.00000000,1750669199999999,105908.25430000,1562,318468.00000000,51435.89340000,0
1750669200000000,0.16110000,0.16150000,0.16020000,0.16130000,464664.00000000,1750672799999999,74713.25630000,1274,285650.00000000,45925.27880000,0
1750672800000000,0.16130000,0.16150000,0.15960000,0.16030000,626129.00000000,1750676399999999,100467.79670000,1211,242282.00000000,38871.03300000,0
1750676400000000,0.16030000,0.16150000,0.15970000,0.16130000,2414657.00000000,1750679999999999,388600.75570000,1758,1977624.00000000,318411.22620000,0
1750680000000000,0.16120000,0.16340000,0.16070000,0.16330000,1041465.00000000,1750683599999999,168748.29380000,2060,548758.00000000,88951.60090000,0
1750683600000000,0.16330000,0.16660000,0.16030000,0.16620000,4623709.00000000,1750687199999999,753540.53740000,7277,1743341.00000000,285432.69180000,0
1750687200000000,0.16620000,0.16720000,0.16440000,0.16450000,2329437.00000000,1750690799999999,386050.69010000,5646,1155823.00000000,191521.68310000,0
1750690800000000,0.16460000,0.16570000,0.16330000,0.16340000,1017913.00000000,1750694399999999,167671.89760000,2875,465713.00000000,76767.39430000,0
1750694400000000,0.16340000,0.16370000,0.15800000,0.15900000,3961119.00000000,1750697999999999,634562.58180000,6453,1849130.00000000,296179.37440000,0
1750698000000000,0.15900000,0.16600000,0.15870000,0.16580000,4687142.00000000,1750701599999999,761415.18830000,7274,2475569.00000000,402464.92530000,0
1750701600000000,0.16580000,0.16810000,0.16560000,0.16760000,2623209.00000000,1750705199999999,438743.38410000,4759,1423443.00000000,238022.54340000,0
1750705200000000,0.16770000,0.17000000,0.16770000,0.16980000,1290002.00000000,1750708799999999,217556.76860000,3479,629942.00000000,106231.22640000,0
1750708800000000,0.16980000,0.17370000,0.16940000,0.17240000,2120754.00000000,1750712399999999,365054.77210000,5237,959629.00000000,165159.74600000,0
1750712400000000,0.17240000,0.17330000,0.17150000,0.17210000,1418508.00000000,1750715999999999,244366.09680000,2642,669319.00000000,115358.99670000,0
1750716000000000,0.17220000,0.17940000,0.17220000,0.17890000,5354292.00000000,1750719599999999,950402.18580000,8527,2955708.00000000,524501.56550000,0
1750719600000000,0.17900000,0.17980000,0.17840000,0.17910000,1443666.00000000,1750723199999999,258767.54520000,3027,636405.00000000,114069.39160000,0
1750723200000000,0.17920000,0.18040000,0.17920000,0.18010000,1563077.00000000,1750726799999999,281285.01930000,3672,803887.00000000,144690.07870000,0
1750726800000000,0.18000000,0.18100000,0.17900000,0.17950000,1107204.00000000,1750730399999999,199279.97230000,2304,531327.00000000,95631.48030000,0
1750730400000000,0.17950000,0.17950000,0.17700000,0.17750000,1267022.00000000,1750733999999999,225944.60000000,2589,464590.00000000,82888.65570000,0
1750734000000000,0.17760000,0.17870000,0.17750000,0.17870000,546217.00000000,1750737599999999,97269.71750000,1235,288083.00000000,51309.99780000,0
1750737600000000,0.17870000,0.17930000,0.17800000,0.17810000,778679.00000000,1750741199999999,139104.07860000,1231,279028.00000000,49828.03730000,0
1750741200000000,0.17820000,0.18200000,0.17780000,0.18160000,1314917.00000000,1750744799999999,237345.49910000,2386,871049.00000000,157463.06750000,0
1750744800000000,0.18160000,0.18270000,0.18070000,0.18250000,1094387.00000000,1750748399999999,198975.33120000,2746,540720.00000000,98308.14480000,0
1750748400000000,0.18240000,0.18260000,0.17930000,0.17940000,3722988.00000000,1750751999999999,671857.60270000,3845,1210259.00000000,218443.32610000,0
1750752000000000,0.17950000,0.17970000,0.17800000,0.17860000,1960968.00000000,1750755599999999,350933.52200000,3965,768694.00000000,137482.78220000,0
1750755600000000,0.17870000,0.18070000,0.17800000,0.17910000,1397706.00000000,1750759199999999,250459.50760000,2754,740956.00000000,132835.40290000,0
1750759200000000,0.17910000,0.17960000,0.17850000,0.17900000,543338.00000000,1750762799999999,97258.35970000,1164,300031.00000000,53715.57510000,0
1750762800000000,0.17890000,0.17960000,0.17780000,0.17850000,1269231.00000000,1750766399999999,226817.74800000,2275,673435.00000000,120396.83150000,0
1750766400000000,0.17850000,0.17970000,0.17810000,0.17920000,1603882.00000000,1750769999999999,286936.62440000,2888,661875.00000000,118404.72360000,0
1750770000000000,0.17910000,0.18010000,0.17830000,0.17930000,1186647.00000000,1750773599999999,212626.80860000,2598,566633.00000000,101520.35490000,0
1750773600000000,0.17930000,0.18110000,0.17930000,0.18060000,1494000.00000000,1750777199999999,269490.21420000,3735,699599.00000000,126163.59130000,0
1750777200000000,0.18070000,0.18120000,0.17930000,0.18010000,690679.00000000,1750780799999999,124508.85340000,2964,357353.00000000,64438.74920000,0
1750780800000000,0.18020000,0.18340000,0.18010000,0.18340000,1572207.00000000,1750784399999999,285443.38370000,2756,982277.00000000,178413.59230000,0
1750784400000000,0.18340000,0.18340000,0.18070000,0.18180000,1434805.00000000,1750787999999999,261166.49560000,3084,594083.00000000,107955.64780000,0
1750788000000000,0.18190000,0.18320000,0.17990000,0.18120000,3694540.00000000,1750791599999999,671792.25650000,5084,2198556.00000000,399725.80210000,0
1750791600000000,0.18110000,0.18240000,0.18060000,0.18220000,1811463.00000000,1750795199999999,328652.94390000,2606,883998.00000000,160386.31130000,0
1750795200000000,0.18210000,0.18390000,0.18090000,0.18370000,1354250.00000000,1750798799999999,246715.85490000,2616,755824.00000000,137636.83590000,0
1750798800000000,0.18370000,0.18370000,0.18180000,0.18250000,932125.00000000,1750802399999999,170339.51410000,1923,410198.00000000,74926.39080000,0
1750802400000000,0.18240000,0.18310000,0.18150000,0.18260000,545766.00000000,1750805999999999,99401.96170000,1690,231819.00000000,42223.40590000,0
1750806000000000,0.18270000,0.18290000,0.18130000,0.18270000,1082997.00000000,1750809599999999,196975.38770000,1790,354478.00000000,64521.42710000,0
1750809600000000,0.18280000,0.18380000,0.18160000,0.18340000,668912.00000000,1750813199999999,122229.77930000,1735,424045.00000000,77525.57830000,0
1750813200000000,0.18340000,0.18360000,0.18170000,0.18270000,460295.00000000,1750816799999999,84058.97240000,1599,251118.00000000,45856.43550000,0
1750816800000000,0.18270000,0.18490000,0.18260000,0.18430000,1336461.00000000,1750820399999999,245575.89300000,2879,880950.00000000,161875.57090000,0
1750820400000000,0.18440000,0.18490000,0.18350000,0.18360000,1212428.00000000,1750823999999999,223315.85870000,2010,367608.00000000,67740.95870000,0
1750824000000000,0.18350000,0.18430000,0.18240000,0.18310000,1642350.00000000,1750827599999999,300874.64680000,2487,509410.00000000,93434.90040000,0
1750827600000000,0.18320000,0.18410000,0.18240000,0.18350000,715072.00000000,1750831199999999,131026.03750000,1385,266745.00000000,48866.89760000,0
1750831200000000,0.18350000,0.18360000,0.18250000,0.18310000,2023868.00000000,1750834799999999,370235.93360000,1615,896131.00000000,163974.70560000,0
1750834800000000,0.18320000,0.18340000,0.18180000,0.18230000,519891.00000000,1750838399999999,94977.44400000,1411,203178.00000000,37121.98560000,0
1750838400000000,0.18240000,0.18280000,0.18040000,0.18170000,513745.00000000,1750841999999999,93224.65530000,1657,275299.00000000,49912.64840000,0
1750842000000000,0.18160000,0.18210000,0.17960000,0.18050000,795342.00000000,1750845599999999,143773.14590000,2375,369041.00000000,66682.56900000,0
1750845600000000,0.18060000,0.18120000,0.17990000,0.18110000,728276.00000000,1750849199999999,131489.69160000,1633,359835.00000000,65016.51340000,0
1750849200000000,0.18090000,0.18210000,0.18020000,0.18180000,591055.00000000,1750852799999999,107054.78540000,1748,289699.00000000,52557.53180000,0
1750852800000000,0.18180000,0.18180000,0.18040000,0.18090000,543378.00000000,1750856399999999,98352.42200000,1765,239503.00000000,43361.23920000,0
1750856400000000,0.18100000,0.18300000,0.18060000,0.18190000,1264826.00000000,1750859999999999,230104.69800000,3652,705759.00000000,128494.05060000,0
1750860000000000,0.18200000,0.18220000,0.17860000,0.18030000,1651433.00000000,1750863599999999,297235.96260000,3683,655375.00000000,117827.33220000,0
1750863600000000,0.18030000,0.18030000,0.17710000,0.17740000,1479975.00000000,1750867199999999,263926.05830000,3543,626724.00000000,111755.30600000,0
1750867200000000,0.17750000,0.17870000,0.17690000,0.17730000,1719525.00000000,1750870799999999,305307.22110000,2500,811096.00000000,144154.44420000,0
1750870800000000,0.17730000,0.17870000,0.17670000,0.17760000,1099712.00000000,1750874399999999,194989.50590000,2392,549985.00000000,97503.28990000,0
1750874400000000,0.17760000,0.17770000,0.17660000,0.17740000,1201356.00000000,1750877999999999,212947.44850000,1521,379389.00000000,67244.78630000,0
1750878000000000,0.17750000,0.17860000,0.17740000,0.17850000,1247544.00000000,1750881599999999,222034.30500000,1962,818981.00000000,145754.31080000,0
1750881600000000,0.17860000,0.17920000,0.17810000,0.17910000,903937.00000000,1750885199999999,161398.61550000,1492,458069.00000000,81807.08060000,0
1750885200000000,0.17910000,0.17980000,0.17670000,0.17700000,540148.00000000,1750888799999999,96231.73880000,1443,263798.00000000,47015.03620000,0
1750888800000000,0.17710000,0.17710000,0.17550000,0.17600000,1002861.00000000,1750892399999999,176772.14900000,1533,630606.00000000,111059.11450000,0
1750892400000000,0.17590000,0.17630000,0.17500000,0.17560000,1233084.00000000,1750895999999999,216568.98860000,2356,575426.00000000,101111.64650000,0
1750896000000000,0.17560000,0.17660000,0.17530000,0.17570000,2101163.00000000,1750899599999999,369398.29950000,2764,1182933.00000000,207974.39750000,0
1750899600000000,0.17570000,0.17850000,0.17490000,0.17710000,861565.00000000,1750903199999999,151998.99150000,2513,450838.00000000,79545.43990000,0
1750903200000000,0.17720000,0.17870000,0.17630000,0.17850000,870757.00000000,1750906799999999,154691.69810000,1999,576761.00000000,102458.04470000,0
1750906800000000,0.17850000,0.18020000,0.17680000,0.17730000,781474.00000000,1750910399999999,139580.20690000,1805,280578.00000000,50163.36860000,0
1750910400000000,0.17740000,0.17760000,0.17580000,0.17640000,260324.00000000,1750913999999999,46026.13730000,874,132723.00000000,23447.25920000,0
1750914000000000,0.17650000,0.17650000,0.17500000,0.17560000,536842.00000000,1750917599999999,94314.99330000,1375,250324.00000000,43997.81910000,0
1750917600000000,0.17560000,0.17580000,0.17330000,0.17360000,2058518.00000000,1750921199999999,358587.67480000,3126,778136.00000000,135518.23820000,0
1750921200000000,0.17370000,0.17600000,0.17350000,0.17490000,1097539.00000000,1750924799999999,192024.07750000,1822,706208.00000000,123646.71140000,0
1750924800000000,0.17490000,0.17620000,0.17430000,0.17440000,513282.00000000,1750928399999999,89961.29850000,1452,228430.00000000,40050.84960000,0
1750928400000000,0.17440000,0.17490000,0.17300000,0.17420000,1655033.00000000,1750931999999999,287825.17720000,2572,937526.00000000,163036.30880000,0
1750932000000000,0.17410000,0.17650000,0.17410000,0.17580000,2031209.00000000,1750935599999999,356448.13920000,3246,1055124.00000000,185080.79040000,0
1750935600000000,0.17570000,0.17600000,0.17510000,0.17510000,733439.00000000,1750939199999999,128716.39910000,1716,296719.00000000,52072.23420000,0
1750939200000000,0.17510000,0.17540000,0.17210000,0.17230000,1555437.00000000,1750942799999999,270062.27050000,2661,797216.00000000,138292.93860000,0
1750942800000000,0.17240000,0.17310000,0.17120000,0.17140000,1291513.00000000,1750946399999999,222412.07360000,3131,524949.00000000,90435.20740000,0
1750946400000000,0.17150000,0.17390000,0.17090000,0.17250000,1107464.00000000,1750949999999999,190830.79450000,2587,468627.00000000,80758.62930000,0
1750950000000000,0.17260000,0.17310000,0.17070000,0.17210000,858423.00000000,1750953599999999,147656.47580000,2729,375228.00000000,64517.67350000,0
1750953600000000,0.17200000,0.17220000,0.17020000,0.17030000,759848.00000000,1750957199999999,129994.23940000,1881,362068.00000000,61956.34390000,0
1750957200000000,0.17040000,0.17250000,0.17040000,0.17130000,1420868.00000000,1750960799999999,243603.98510000,1794,1020109.00000000,174800.58400000,0
1750960800000000,0.17130000,0.17210000,0.17080000,0.17140000,358207.00000000,1750964399999999,61430.85440000,1084,191056.00000000,32775.35380000,0
1750964400000000,0.17140000,0.17280000,0.17090000,0.17220000,515214.00000000,1750967999999999,88612.95880000,1238,303969.00000000,52316.33580000,0
1750968000000000,0.17210000,0.17520000,0.17180000,0.17390000,558303.00000000,1750971599999999,96848.55710000,1505,280087.00000000,48592.13210000,0
1750971600000000,0.17380000,0.17420000,0.17170000,0.17290000,1574541.00000000,1750975199999999,272435.19720000,2616,1100360.00000000,190503.19700000,0
1750975200000000,0.17280000,0.17380000,0.17190000,0.17210000,418267.00000000,1750978799999999,72252.20900000,1467,154626.00000000,26734.61310000,0
1750978800000000,0.17210000,0.17260000,0.17170000,0.17200000,334189.00000000,1750982399999999,57490.00890000,831,218579.00000000,37611.55840000,0
1750982400000000,0.17210000,0.17240000,0.17030000,0.17060000,529981.00000000,1750985999999999,90915.91930000,1479,254719.00000000,43689.57300000,0
1750986000000000,0.17050000,0.17260000,0.16940000,0.17180000,1254555.00000000,1750989599999999,214752.82500000,1960,563703.00000000,96487.68660000,0
1750989600000000,0.17190000,0.17300000,0.17160000,0.17280000,326989.00000000,1750993199999999,56398.43480000,999,171050.00000000,29504.81860000,0
1750993200000000,0.17280000,0.17340000,0.17220000,0.17300000,247281.00000000,1750996799999999,42737.28670000,666,103420.00000000,17884.40810000,0
1750996800000000,0.17300000,0.17320000,0.17230000,0.17300000,345013.00000000,1751000399999999,59653.82660000,764,256000.00000000,44271.31360000,0
1751000400000000,0.17300000,0.17430000,0.17200000,0.17210000,742479.00000000,1751003999999999,128412.56770000,1353,291884.00000000,50542.52390000,0
1751004000000000,0.17220000,0.17270000,0.17170000,0.17200000,326009.00000000,1751007599999999,56137.40100000,1150,169280.00000000,29151.80910000,0
1751007600000000,0.17200000,0.17290000,0.17110000,0.17140000,403826.00000000,1751011199999999,69365.91620000,1064,133836.00000000,22992.42920000,0
1751011200000000,0.17150000,0.17380000,0.17130000,0.17330000,560617.00000000,1751014799999999,96645.19060000,1225,321035.00000000,55386.81370000,0
1751014800000000,0.17340000,0.17380000,0.17260000,0.17330000,873187.00000000,1751018399999999,151399.55310000,1419,603031.00000000,104568.85100000,0
1751018400000000,0.17320000,0.17330000,0.17140000,0.17140000,385371.00000000,1751021999999999,66300.34880000,922,164763.00000000,28361.80150000,0
1751022000000000,0.17140000,0.17160000,0.17080000,0.17130000,697493.00000000,1751025599999999,119498.43610000,1275,438221.00000000,75083.80450000,0
1751025600000000,0.17130000,0.17280000,0.17040000,0.17060000,736219.00000000,1751029199999999,126364.88650000,2030,367273.00000000,63112.34070000,0
1751029200000000,0.17060000,0.17170000,0.17000000,0.17160000,747248.00000000,1751032799999999,127700.25020000,1655,472035.00000000,80719.88690000,0
1751032800000000,0.17170000,0.17290000,0.17130000,0.17240000,845040.00000000,1751036399999999,145483.24570000,1750,567678.00000000,97727.22400000,0
1751036400000000,0.17230000,0.17470000,0.17210000,0.17400000,764447.00000000,1751039999999999,132366.16370000,2205,480826.00000000,83295.45090000,0
1751040000000000,0.17410000,0.17650000,0.17340000,0.17530000,1107671.00000000,1751043599999999,194205.15580000,2374,655546.00000000,115030.29150000,0
1751043600000000,0.17530000,0.17550000,0.17230000,0.17290000,676119.00000000,1751047199999999,117359.10510000,1831,253196.00000000,43961.87090000,0
1751047200000000,0.17280000,0.17300000,0.16910000,0.16930000,2053957.00000000,1751050799999999,349862.05920000,3075,745834.00000000,126938.33640000,0
1751050800000000,0.16930000,0.17220000,0.16920000,0.17180000,1010795.00000000,1751054399999999,172871.66570000,2281,591677.00000000,101173.36980000,0
1751054400000000,0.17190000,0.17430000,0.17160000,0.17430000,1043136.00000000,1751057999999999,180789.16260000,1748,680086.00000000,117921.83090000,0
1751058000000000,0.17430000,0.17570000,0.17410000,0.17430000,578611.00000000,1751061599999999,101057.18820000,1409,259628.00000000,45343.77410000,0
1751061600000000,0.17430000,0.17540000,0.17430000,0.17490000,989825.00000000,1751065199999999,173046.02540000,1370,269496.00000000,47111.39850000,0
1751065200000000,0.17490000,0.17500000,0.17430000,0.17470000,324143.00000000,1751068799999999,56636.84430000,738,141363.00000000,24705.28250000,0
1751068800000000,0.17470000,0.17500000,0.17360000,0.17380000,799839.00000000,1751072399999999,139451.96930000,1387,350443.00000000,61090.36230000,0
1751072400000000,0.17390000,0.17470000,0.17300000,0.17450000,303111.00000000,1751075999999999,52674.18090000,751,137189.00000000,23846.81690000,0
1751076000000000,0.17460000,0.17560000,0.17460000,0.17460000,594826.00000000,1751079599999999,104178.99630000,1217,303467.00000000,53155.97210000,0
1751079600000000,0.17460000,0.17490000,0.17440000,0.17440000,401577.00000000,1751083199999999,70116.75840000,992,87917.00000000,15357.68870000,0
1751083200000000,0.17450000,0.17470000,0.17370000,0.17380000,274078.00000000,1751086799999999,47779.34780000,561,76751.00000000,13387.99360000,0
1751086800000000,0.17380000,0.17430000,0.17340000,0.17360000,314343.00000000,1751090399999999,54648.73900000,824,204369.00000000,35533.84520000,0
1751090400000000,0.17360000,0.17410000,0.17330000,0.17390000,444318.00000000,1751093999999999,77257.84620000,662,250698.00000000,43592.93210000,0
1751094000000000,0.17400000,0.17450000,0.17370000,0.17430000,481270.00000000,1751097599999999,83778.11790000,866,219020.00000000,38143.44160000,0
1751097600000000,0.17440000,0.17440000,0.17340000,0.17360000,276283.00000000,1751101199999999,48015.58240000,752,109655.00000000,19051.15300000,0
1751101200000000,0.17360000,0.17430000,0.17310000,0.17400000,494597.00000000,1751104799999999,85822.07870000,620,316183.00000000,54851.08010000,0
1751104800000000,0.17400000,0.17510000,0.17400000,0.17470000,1328720.00000000,1751108399999999,232146.32680000,957,963524.00000000,168348.34530000,0
1751108400000000,0.17470000,0.17510000,0.17420000,0.17430000,295574.00000000,1751111999999999,51628.11750000,819,171058.00000000,29883.10090000,0
1751112000000000,0.17440000,0.17440000,0.17390000,0.17400000,207800.00000000,1751115599999999,36199.63240000,475,106107.00000000,18485.35890000,0
1751115600000000,0.17400000,0.17430000,0.17310000,0.17320000,224966.00000000,1751119199999999,39016.80600000,554,81465.00000000,14137.00310000,0
1751119200000000,0.17310000,0.17460000,0.17310000,0.17430000,440491.00000000,1751122799999999,76703.81350000,641,290264.00000000,50567.48050000,0
1751122800000000,0.17440000,0.17590000,0.17430000,0.17570000,264983.00000000,1751126399999999,46372.48080000,618,164518.00000000,28799.00790000,0
1751126400000000,0.17570000,0.17680000,0.17510000,0.17520000,459194.00000000,1751129999999999,80784.38860000,1278,243653.00000000,42895.83920000,0
1751130000000000,0.17520000,0.17710000,0.17490000,0.17670000,369818.00000000,1751133599999999,65075.81850000,773,177017.00000000,31089.56320000,0
1751133600000000,0.17670000,0.17690000,0.17570000,0.17650000,399182.00000000,1751137199999999,70366.29700000,905,180381.00000000,31806.72250000,0
1751137200000000,0.17650000,0.17680000,0.17600000,0.17620000,557644.00000000,1751140799999999,98303.39220000,642,135999.00000000,23978.57570000,0
1751140800000000,0.17620000,0.17630000,0.17520000,0.17520000,371438.00000000,1751144399999999,65276.19210000,580,149458.00000000,26264.34760000,0
1751144400000000,0.17520000,0.17640000,0.17510000,0.17640000,304173.00000000,1751147999999999,53442.41310000,646,173558.00000000,30492.78040000,0
1751148000000000,0.17640000,0.17740000,0.17600000,0.17690000,1359602.00000000,1751151599999999,240314.14110000,2012,670530.00000000,118526.85670000,0
1751151600000000,0.17690000,0.17720000,0.17620000,0.17640000,406415.00000000,1751155199999999,71776.51190000,646,158224.00000000,27962.93250000,0
1751155200000000,0.17650000,0.17710000,0.17620000,0.17650000,506139.00000000,1751158799999999,89347.08340000,897,356302.00000000,62896.79360000,0
1751158800000000,0.17640000,0.17640000,0.17560000,0.17590000,345484.00000000,1751162399999999,60845.27170000,552,188286.00000000,33167.12990000,0
1751162400000000,0.17590000,0.17670000,0.17540000,0.17660000,180144.00000000,1751165999999999,31710.12800000,326,100251.00000000,17657.11870000,0
1751166000000000,0.17660000,0.17680000,0.17610000,0.17620000,241887.00000000,1751169599999999,42696.16730000,335,76098.00000000,13439.16560000,0
1751169600000000,0.17630000,0.17680000,0.17610000,0.17680000,195679.00000000,1751173199999999,34561.94770000,347,73472.00000000,12976.32800000,0
1751173200000000,0.17680000,0.17780000,0.17650000,0.17760000,338534.00000000,1751176799999999,59956.43120000,504,179923.00000000,31870.08840000,0
1751176800000000,0.17770000,0.17800000,0.17720000,0.17780000,411462.00000000,1751180399999999,73075.27980000,529,136138.00000000,24188.34620000,0
1751180400000000,0.17770000,0.17880000,0.17760000,0.17870000,889860.00000000,1751183999999999,158659.09920000,916,610205.00000000,108856.95380000,0
1751184000000000,0.17880000,0.18000000,0.17880000,0.17970000,1287073.00000000,1751187599999999,231034.88600000,1328,842462.00000000,151193.14560000,0
1751187600000000,0.17970000,0.18060000,0.17920000,0.18010000,620503.00000000,1751191199999999,111632.92800000,1029,399310.00000000,71861.53910000,0
1751191200000000,0.18010000,0.18110000,0.17990000,0.18070000,2136669.00000000,1751194799999999,385922.62010000,2454,1458678.00000000,263534.21750000,0
1751194800000000,0.18070000,0.18230000,0.18030000,0.18140000,1123007.00000000,1751198399999999,203531.61070000,1722,463860.00000000,84064.17340000,0
1751198400000000,0.18150000,0.18160000,0.17920000,0.18000000,1514489.00000000,1751201999999999,273447.73810000,1495,589007.00000000,106173.25530000,0
1751202000000000,0.18000000,0.18040000,0.17920000,0.17930000,622620.00000000,1751205599999999,111875.85600000,850,368386.00000000,66226.92770000,0
1751205600000000,0.17940000,0.18010000,0.17850000,0.17880000,620441.00000000,1751209199999999,111219.30270000,1327,306388.00000000,54932.76780000,0
1751209200000000,0.17880000,0.17900000,0.17790000,0.17840000,674324.00000000,1751212799999999,120339.44610000,1323,292390.00000000,52187.04210000,0
1751212800000000,0.17840000,0.17910000,0.17810000,0.17910000,708963.00000000,1751216399999999,126623.93110000,1295,448659.00000000,80148.72150000,0
1751216400000000,0.17920000,0.18000000,0.17890000,0.18000000,476905.00000000,1751219999999999,85538.17310000,901,291662.00000000,52329.20440000,0
1751220000000000,0.18010000,0.18170000,0.17980000,0.18140000,743005.00000000,1751223599999999,134315.89070000,1260,438704.00000000,79337.47700000,0
1751223600000000,0.18140000,0.18190000,0.18050000,0.18060000,602581.00000000,1751227199999999,109332.59440000,1361,272073.00000000,49383.96010000,0
1751227200000000,0.18070000,0.18090000,0.18040000,0.18070000,596328.00000000,1751230799999999,107727.15000000,765,267938.00000000,48416.34750000,0
1751230800000000,0.18070000,0.18190000,0.17940000,0.18190000,829060.00000000,1751234399999999,149676.42240000,1230,446461.00000000,80723.13950000,0
1751234400000000,0.18190000,0.18760000,0.18190000,0.18710000,2387550.00000000,1751237999999999,443894.18830000,4855,1297314.00000000,240930.31280000,0
1751238000000000,0.18720000,0.18740000,0.18560000,0.18580000,1158821.00000000,1751241599999999,216206.01280000,2410,604253.00000000,112743.24730000,0
1751241600000000,0.18580000,0.18660000,0.18490000,0.18520000,1198039.00000000,1751245199999999,222537.13680000,2202,558313.00000000,103750.39230000,0
1751245200000000,0.18520000,0.18520000,0.18390000,0.18470000,951671.00000000,1751248799999999,175560.79600000,2045,409666.00000000,75608.26440000,0
1751248800000000,0.18480000,0.18480000,0.18340000,0.18350000,425986.00000000,1751252399999999,78372.88760000,993,227161.00000000,41794.02710000,0
1751252400000000,0.18350000,0.18390000,0.18300000,0.18320000,556278.00000000,1751255999999999,102040.12120000,1112,373191.00000000,68473.01930000,0
1751256000000000,0.18320000,0.18340000,0.18210000,0.18220000,317152.00000000,1751259599999999,57968.96830000,929,119394.00000000,21824.95700000,0
1751259600000000,0.18220000,0.18290000,0.18180000,0.18290000,274854.00000000,1751263199999999,50128.86130000,749,155167.00000000,28298.52640000,0
1751263200000000,0.18300000,0.18310000,0.17940000,0.18020000,1341292.00000000,1751266799999999,242921.48190000,2154,510444.00000000,92302.46610000,0
1751266800000000,0.18030000,0.18250000,0.17990000,0.18210000,903185.00000000,1751270399999999,163873.61910000,1692,455239.00000000,82684.45010000,0
1751270400000000,0.18220000,0.18240000,0.18040000,0.18040000,537798.00000000,1751273999999999,97429.98460000,985,261166.00000000,47268.80280000,0
1751274000000000,0.18050000,0.18110000,0.17980000,0.17990000,531992.00000000,1751277599999999,96025.59150000,1290,162267.00000000,29310.08780000,0
1751277600000000,0.17980000,0.18000000,0.17900000,0.17940000,529250.00000000,1751281199999999,95037.22480000,990,232443.00000000,41747.82970000,0
1751281200000000,0.17940000,0.18030000,0.17840000,0.17860000,1150491.00000000,1751284799999999,206401.43410000,1988,358277.00000000,64296.58780000,0
1751284800000000,0.17870000,0.17960000,0.17760000,0.17800000,626011.00000000,1751288399999999,111833.30690000,1383,280358.00000000,50089.17250000,0
1751288400000000,0.17800000,0.17980000,0.17790000,0.17810000,835995.00000000,1751291999999999,149332.57410000,1948,553906.00000000,98925.01770000,0
1751292000000000,0.17820000,0.17890000,0.17720000,0.17750000,1231047.00000000,1751295599999999,219118.65130000,3277,555210.00000000,98853.97470000,0
1751295600000000,0.17760000,0.18090000,0.17660000,0.17980000,1757988.00000000,1751299199999999,314455.77660000,4451,960689.00000000,171902.06130000,0
1751299200000000,0.17980000,0.18120000,0.17890000,0.18090000,1121057.00000000,1751302799999999,201553.50960000,2827,703825.00000000,126535.13840000,0
1751302800000000,0.18090000,0.18190000,0.18050000,0.18060000,589352.00000000,1751306399999999,106728.08610000,1532,288921.00000000,52314.08270000,0
1751306400000000,0.18060000,0.18150000,0.17980000,0.18110000,444333.00000000,1751309999999999,80405.76800000,1629,187350.00000000,33904.95210000,0
1751310000000000,0.18120000,0.18550000,0.18120000,0.18510000,1383059.00000000,1751313599999999,253690.10190000,3130,875711.00000000,160493.67450000,0
1751313600000000,0.18510000,0.18670000,0.18410000,0.18580000,2932676.00000000,1751317199999999,543879.06850000,4856,1658943.00000000,307637.07890000,0
1751317200000000,0.18580000,0.18720000,0.18340000,0.18400000,2668309.00000000,1751320799999999,496096.71980000,3963,1362151.00000000,253039.97250000,0
1751320800000000,0.18400000,0.18550000,0.18350000,0.18450000,1936850.00000000,1751324399999999,357086.07520000,3410,832804.00000000,153604.50220000,0
1751324400000000,0.18450000,0.18590000,0.18400000,0.18540000,2180119.00000000,1751327999999999,403490.41340000,3309,909895.00000000,168357.28440000,0
