1767225600000000,0.11050000,0.11110000,0.11030000,0.11050000,876571.00000000,1767229199999999,97051.45310000,522,342130.00000000,37892.92860000,0
1767229200000000,0.11050000,0.11080000,0.11010000,0.11030000,744591.00000000,1767232799999999,82201.47920000,289,234077.00000000,25847.76350000,0
1767232800000000,0.11030000,0.11050000,0.11010000,0.11040000,370265.00000000,1767236399999999,40837.36880000,254,254166.00000000,28041.48480000,0
1767236400000000,0.11040000,0.11070000,0.11000000,0.11000000,1183716.00000000,1767239999999999,130734.53650000,464,637531.00000000,70462.41570000,0
1767240000000000,0.11010000,0.11020000,0.10930000,0.10960000,930312.00000000,1767243599999999,101980.90130000,550,443047.00000000,48553.10540000,0
1767243600000000,0.10970000,0.11110000,0.10970000,0.11110000,460836.00000000,1767247199999999,50817.02270000,318,311937.00000000,34379.67980000,0
1767247200000000,0.11110000,0.11130000,0.11080000,0.11090000,513721.00000000,1767250799999999,57040.11910000,333,233940.00000000,25980.55190000,0
1767250800000000,0.11090000,0.11260000,0.11090000,0.11150000,1437007.00000000,1767254399999999,160795.80450000,866,914631.00000000,102334.97940000,0
1767254400000000,0.11140000,0.11190000,0.11130000,0.11190000,223265.00000000,1767257999999999,24905.51210000,208,141223.00000000,15763.50940000,0
1767258000000000,0.11190000,0.11250000,0.11190000,0.11200000,423852.00000000,1767261599999999,47587.55170000,229,236523.00000000,26557.62050000,0
1767261600000000,0.11210000,0.11310000,0.11200000,0.11290000,361275.00000000,1767265199999999,40651.89500000,281,226375.00000000,25482.70590000,0
1767265200000000,0.11290000,0.11340000,0.11280000,0.11340000,482526.00000000,1767268799999999,54580.21820000,355,269673.00000000,30521.61250000,0
1767268800000000,0.11340000,0.11380000,0.11320000,0.11340000,506808.00000000,1767272399999999,57496.66710000,320,226064.00000000,25654.53110000,0
1767272400000000,0.11330000,0.11470000,0.11330000,0.11460000,609184.00000000,1767275999999999,69563.24620000,565,274063.00000000,31296.53010000,0
1767276000000000,0.11470000,0.11560000,0.11420000,0.11550000,851663.00000000,1767279599999999,97801.48470000,630,533044.00000000,61231.08740000,0
1767279600000000,0.11550000,0.11720000,0.11510000,0.11610000,739193.00000000,1767283199999999,85569.59110000,791,393549.00000000,45551.06530000,0
1767283200000000,0.11620000,0.11700000,0.11600000,0.11680000,997359.00000000,1767286799999999,116133.66400000,724,508401.00000000,59205.24780000,0
1767286800000000,0.11680000,0.11810000,0.11680000,0.11790000,995210.00000000,1767290399999999,116960.95920000,860,422458.00000000,49670.43800000,0
1767290400000000,0.11790000,0.11820000,0.11750000,0.11800000,803847.00000000,1767293999999999,94563.31210000,460,351805.00000000,41390.37630000,0
1767294000000000,0.11800000,0.11970000,0.11800000,0.11970000,579631.00000000,1767297599999999,68800.71640000,480,307764.00000000,36554.39770000,0
1767297600000000,0.11980000,0.12070000,0.11950000,0.12010000,1429708.00000000,1767301199999999,171752.30670000,989,552523.00000000,66401.15270000,0
1767301200000000,0.12020000,0.12020000,0.11950000,0.11990000,775305.00000000,1767304799999999,92878.89940000,503,330641.00000000,39609.28290000,0
1767304800000000,0.11990000,0.12140000,0.11960000,0.12140000,905815.00000000,1767308399999999,108943.62910000,743,501479.00000000,60300.27720000,0
1767308400000000,0.12140000,0.12160000,0.12000000,0.12020000,1108644.00000000,1767311999999999,133807.43190000,728,622443.00000000,75122.51830000,0
1767312000000000,0.12030000,0.12060000,0.11920000,0.11980000,652550.00000000,1767315599999999,78207.74860000,521,299747.00000000,35875.37200000,0
1767315600000000,0.11980000,0.12020000,0.11930000,0.12000000,410768.00000000,1767319199999999,49189.03340000,286,248066.00000000,29702.52880000,0
1767319200000000,0.11990000,0.12030000,0.11940000,0.12030000,286581.00000000,1767322799999999,34337.04370000,229,183149.00000000,21952.44440000,0
1767322800000000,0.12040000,0.12240000,0.12020000,0.12230000,700705.00000000,1767326399999999,85079.03540000,774,397638.00000000,48248.52860000,0
1767326400000000,0.12240000,0.12260000,0.12120000,0.12190000,623439.00000000,1767329999999999,75919.71790000,641,291011.00000000,35464.93830000,0
1767330000000000,0.12200000,0.12210000,0.12100000,0.12160000,692769.00000000,1767333599999999,84182.65900000,493,341891.00000000,41509.30890000,0
1767333600000000,0.12160000,0.12170000,0.12130000,0.12150000,360732.00000000,1767337199999999,43814.96220000,391,163754.00000000,19895.79310000,0
1767337200000000,0.12160000,0.12190000,0.12120000,0.12170000,534953.00000000,1767340799999999,65099.25980000,327,340476.00000000,41431.84860000,0
1767340800000000,0.12180000,0.12210000,0.12140000,0.12200000,434582.00000000,1767344399999999,52931.84320000,383,258857.00000000,31528.77940000,0
1767344400000000,0.12200000,0.12490000,0.12170000,0.12460000,2074214.00000000,1767347999999999,255594.02610000,1491,1009106.00000000,124382.51180000,0
1767348000000000,0.12460000,0.12480000,0.12380000,0.12450000,1034906.00000000,1767351599999999,128597.36840000,653,518934.00000000,64506.53680000,0
1767351600000000,0.12450000,0.12450000,0.12310000,0.12350000,576728.00000000,1767355199999999,71505.11330000,430,291104.00000000,36088.69030000,0
1767355200000000,0.12340000,0.12480000,0.12280000,0.12460000,864073.00000000,1767358799999999,107168.53330000,656,419375.00000000,51993.37950000,0
1767358800000000,0.12460000,0.12470000,0.12400000,0.12440000,966560.00000000,1767362399999999,120006.44440000,409,626278.00000000,77719.71590000,0
1767362400000000,0.12440000,0.12540000,0.12270000,0.12440000,2680157.00000000,1767365999999999,332797.54410000,1692,1354300.00000000,168193.62380000,0
1767366000000000,0.12440000,0.12470000,0.12310000,0.12380000,1421568.00000000,1767369599999999,176175.11060000,1062,729684.00000000,90480.67470000,0
1767369600000000,0.12380000,0.12670000,0.12340000,0.12670000,2872600.00000000,1767373199999999,359764.91350000,1770,1533430.00000000,192131.45640000,0
1767373200000000,0.12670000,0.12720000,0.12560000,0.12590000,1689407.00000000,1767376799999999,213538.11950000,1121,981102.00000000,124103.96170000,0
1767376800000000,0.12580000,0.12630000,0.12480000,0.12540000,767162.00000000,1767380399999999,96367.38240000,606,341766.00000000,42965.19950000,0
1767380400000000,0.12540000,0.12740000,0.12520000,0.12700000,3910371.00000000,1767383999999999,495196.01210000,1324,2347296.00000000,297124.45040000,0
1767384000000000,0.12700000,0.12730000,0.12610000,0.12630000,625324.00000000,1767387599999999,79197.27560000,586,418753.00000000,53036.32960000,0
1767387600000000,0.12630000,0.12710000,0.12590000,0.12700000,579101.00000000,1767391199999999,73293.95900000,634,374090.00000000,47344.39900000,0
1767391200000000,0.12690000,0.12750000,0.12650000,0.12720000,816563.00000000,1767394799999999,103704.36610000,610,418273.00000000,53118.29380000,0
1767394800000000,0.12720000,0.12760000,0.12700000,0.12750000,1072644.00000000,1767398399999999,136503.53890000,798,422426.00000000,53785.53830000,0
1767398400000000,0.12740000,0.12830000,0.12690000,0.12740000,808514.00000000,1767401999999999,103146.93050000,747,430550.00000000,54933.47030000,0
1767402000000000,0.12750000,0.12760000,0.12670000,0.12690000,816888.00000000,1767405599999999,103901.45190000,507,406286.00000000,51688.28950000,0
1767405600000000,0.12700000,0.12770000,0.12670000,0.12760000,536619.00000000,1767409199999999,68201.50640000,323,294369.00000000,37414.62390000,0
1767409200000000,0.12770000,0.12990000,0.12740000,0.12980000,1672715.00000000,1767412799999999,215218.51060000,959,832957.00000000,107247.37570000,0
1767412800000000,0.12990000,0.12990000,0.12850000,0.12860000,545586.00000000,1767416399999999,70426.06120000,432,243466.00000000,31402.55790000,0
1767416400000000,0.12870000,0.12930000,0.12810000,0.12860000,278920.00000000,1767419999999999,35900.47980000,260,151001.00000000,19430.07690000,0
1767420000000000,0.12850000,0.12910000,0.12670000,0.12680000,700368.00000000,1767423599999999,89545.66340000,508,401223.00000000,51271.20940000,0
1767423600000000,0.12680000,0.12680000,0.12430000,0.12460000,3777500.00000000,1767427199999999,471804.00240000,1364,2011712.00000000,251113.41910000,0
1767427200000000,0.12460000,0.12530000,0.12430000,0.12500000,996414.00000000,1767430799999999,124548.04920000,744,570519.00000000,71305.61850000,0
1767430800000000,0.12500000,0.12610000,0.12480000,0.12530000,2501406.00000000,1767434399999999,314276.51690000,805,1150027.00000000,144502.23910000,0
1767434400000000,0.12530000,0.12550000,0.12500000,0.12510000,419103.00000000,1767437999999999,52530.55270000,329,249868.00000000,31324.23920000,0
1767438000000000,0.12520000,0.12590000,0.12470000,0.12580000,555282.00000000,1767441599999999,69537.73280000,405,294091.00000000,36841.19710000,0
1767441600000000,0.12570000,0.12650000,0.12540000,0.12630000,843800.00000000,1767445199999999,106203.04050000,440,634161.00000000,79813.65300000,0
1767445200000000,0.12630000,0.12640000,0.12580000,0.12640000,450591.00000000,1767448799999999,56822.51120000,322,314385.00000000,39647.76900000,0
1767448800000000,0.12630000,0.12700000,0.12600000,0.12630000,724474.00000000,1767452399999999,91607.63870000,381,450887.00000000,57010.85390000,0
1767452400000000,0.12630000,0.12630000,0.12560000,0.12560000,273458.00000000,1767455999999999,34464.02370000,238,104287.00000000,13149.75580000,0
1767456000000000,0.12570000,0.12750000,0.12570000,0.12710000,522807.00000000,1767459599999999,66190.63880000,454,296350.00000000,37523.78260000,0
1767459600000000,0.12710000,0.12710000,0.12650000,0.12700000,223320.00000000,1767463199999999,28322.11950000,279,122109.00000000,15488.48530000,0
1767463200000000,0.12690000,0.12760000,0.12650000,0.12740000,467720.00000000,1767466799999999,59492.33090000,359,238677.00000000,30353.01030000,0
1767466800000000,0.12740000,0.12750000,0.12700000,0.12740000,205503.00000000,1767470399999999,26160.89910000,258,115432.00000000,14701.73360000,0
1767470400000000,0.12740000,0.12750000,0.12670000,0.12720000,471816.00000000,1767473999999999,59905.55900000,258,333061.00000000,42264.15770000,0
1767474000000000,0.12710000,0.12750000,0.12670000,0.12700000,498703.00000000,1767477599999999,63409.59130000,321,235077.00000000,29905.70730000,0
1767477600000000,0.12690000,0.12790000,0.12670000,0.12760000,205034.00000000,1767481199999999,26070.70710000,227,107190.00000000,13619.86560000,0
1767481200000000,0.12750000,0.12840000,0.12730000,0.12790000,672030.00000000,1767484799999999,86025.06210000,368,431171.00000000,55199.48910000,0
1767484800000000,0.12790000,0.12930000,0.12780000,0.12890000,1700957.00000000,1767488399999999,218928.36210000,1102,1112628.00000000,143191.52680000,0
1767488400000000,0.12890000,0.12940000,0.12840000,0.12930000,695226.00000000,1767491999999999,89615.51180000,604,276938.00000000,35720.32210000,0
1767492000000000,0.12930000,0.13000000,0.12880000,0.12900000,1030096.00000000,1767495599999999,133351.48670000,565,353724.00000000,45833.63240000,0
1767495600000000,0.12910000,0.13080000,0.12910000,0.13050000,1212134.00000000,1767499199999999,157468.44970000,681,556467.00000000,72368.92920000,0
1767499200000000,0.13060000,0.13200000,0.13050000,0.13200000,1139355.00000000,1767502799999999,149704.01440000,788,738401.00000000,97035.33120000,0
1767502800000000,0.13200000,0.13510000,0.13200000,0.13470000,2628988.00000000,1767506399999999,351522.81070000,1883,1341662.00000000,179397.45790000,0
1767506400000000,0.13480000,0.13560000,0.13310000,0.13420000,5002657.00000000,1767509999999999,671987.74480000,2683,2471559.00000000,331973.41310000,0
1767510000000000,0.13420000,0.13480000,0.13340000,0.13400000,829264.00000000,1767513599999999,111113.94910000,772,439893.00000000,58945.73050000,0
1767513600000000,0.13400000,0.13580000,0.13340000,0.13550000,1493632.00000000,1767517199999999,201610.77660000,1242,878689.00000000,118672.49440000,0
1767517200000000,0.13560000,0.13700000,0.13500000,0.13630000,1629024.00000000,1767520799999999,221545.47960000,1129,593436.00000000,80742.12870000,0
1767520800000000,0.13630000,0.13690000,0.13510000,0.13550000,1397826.00000000,1767524399999999,189780.86590000,964,577164.00000000,78376.30210000,0
1767524400000000,0.13540000,0.13540000,0.13410000,0.13500000,582268.00000000,1767527999999999,78416.46920000,560,332202.00000000,44758.86670000,0
1767528000000000,0.13500000,0.13630000,0.13480000,0.13500000,1560922.00000000,1767531599999999,211437.64020000,1164,852544.00000000,115522.84330000,0
1767531600000000,0.13500000,0.13620000,0.13470000,0.13610000,783071.00000000,1767535199999999,105882.98870000,899,407683.00000000,55119.55140000,0
1767535200000000,0.13600000,0.13600000,0.13460000,0.13530000,997856.00000000,1767538799999999,134999.37950000,591,573815.00000000,77636.54090000,0
1767538800000000,0.13530000,0.13600000,0.13480000,0.13560000,832006.00000000,1767542399999999,112721.80290000,747,477871.00000000,64754.11520000,0
1767542400000000,0.13560000,0.13750000,0.13540000,0.13750000,1065106.00000000,1767545999999999,145200.74340000,872,566102.00000000,77262.31170000,0
1767546000000000,0.13750000,0.13850000,0.13670000,0.13780000,1678544.00000000,1767549599999999,230856.47990000,1648,889016.00000000,122280.65380000,0
1767549600000000,0.13780000,0.13800000,0.13550000,0.13620000,1037815.00000000,1767553199999999,141636.06840000,944,484209.00000000,66105.82480000,0
1767553200000000,0.13620000,0.13620000,0.13430000,0.13560000,1108365.00000000,1767556799999999,149591.77410000,1064,502780.00000000,67846.40420000,0
1767556800000000,0.13560000,0.13590000,0.13530000,0.13540000,364869.00000000,1767560399999999,49452.15100000,337,181092.00000000,24544.39130000,0
1767560400000000,0.13540000,0.13630000,0.13490000,0.13550000,426610.00000000,1767563999999999,57850.13820000,447,213553.00000000,28971.66670000,0
1767564000000000,0.13540000,0.13650000,0.13530000,0.13650000,461117.00000000,1767567599999999,62702.18350000,475,228561.00000000,31075.94310000,0
1767567600000000,0.13650000,0.13780000,0.13560000,0.13620000,566749.00000000,1767571199999999,77315.87900000,659,269300.00000000,36747.25610000,0
1767571200000000,0.13610000,0.13790000,0.13610000,0.13710000,1466907.00000000,1767574799999999,200926.77850000,976,730786.00000000,100067.94640000,0
1767574800000000,0.13710000,0.13900000,0.13660000,0.13810000,1738714.00000000,1767578399999999,239721.32050000,1294,818528.00000000,112886.69260000,0
1767578400000000,0.13820000,0.13860000,0.13640000,0.13810000,1089265.00000000,1767581999999999,149808.69010000,862,536774.00000000,73810.83320000,0
1767582000000000,0.13820000,0.13850000,0.13730000,0.13820000,564990.00000000,1767585599999999,77929.23350000,521,296188.00000000,40866.40590000,0
1767585600000000,0.13820000,0.13840000,0.13510000,0.13640000,1014769.00000000,1767589199999999,138437.32800000,879,500311.00000000,68243.09800000,0
1767589200000000,0.13630000,0.13700000,0.13520000,0.13540000,576617.00000000,1767592799999999,78557.88810000,602,257428.00000000,35042.92110000,0
1767592800000000,0.13530000,0.13570000,0.13380000,0.13500000,1482346.00000000,1767596399999999,199812.68940000,1034,672472.00000000,90689.85990000,0
1767596400000000,0.13500000,0.13670000,0.13480000,0.13620000,1328194.00000000,1767599999999999,180295.48860000,694,664749.00000000,90284.06910000,0
1767600000000000,0.13620000,0.13650000,0.13480000,0.13520000,1367274.00000000,1767603599999999,185445.35790000,678,572361.00000000,77661.78060000,0
1767603600000000,0.13520000,0.13520000,0.13410000,0.13460000,1253855.00000000,1767607199999999,168832.63560000,728,733458.00000000,98769.37460000,0
1767607200000000,0.13460000,0.13540000,0.13400000,0.13460000,1328944.00000000,1767610799999999,179206.49820000,728,699480.00000000,94299.04230000,0
1767610800000000,0.13450000,0.13510000,0.13370000,0.13460000,3008723.00000000,1767614399999999,405201.40220000,902,1138704.00000000,153239.37960000,0
1767614400000000,0.13470000,0.13600000,0.13420000,0.13580000,768277.00000000,1767617999999999,103545.16500000,567,431807.00000000,58159.51800000,0
1767618000000000,0.13590000,0.13610000,0.13450000,0.13560000,835425.00000000,1767621599999999,113081.86910000,645,369519.00000000,50007.66200000,0
1767621600000000,0.13550000,0.13740000,0.13500000,0.13680000,1953441.00000000,1767625199999999,265938.10790000,1755,1081446.00000000,147204.34160000,0
1767625200000000,0.13690000,0.13790000,0.13560000,0.13660000,2686468.00000000,1767628799999999,367482.99370000,2076,1339768.00000000,183305.95550000,0
1767628800000000,0.13660000,0.13660000,0.13510000,0.13610000,2309285.00000000,1767632399999999,313747.73820000,1647,1029716.00000000,139954.40920000,0
1767632400000000,0.13600000,0.13750000,0.13460000,0.13720000,1893354.00000000,1767635999999999,257631.18310000,1114,1052598.00000000,143322.66800000,0
1767636000000000,0.13720000,0.13890000,0.13640000,0.13880000,1320377.00000000,1767639599999999,181361.92290000,1072,639414.00000000,87929.16310000,0
1767639600000000,0.13890000,0.13940000,0.13710000,0.13760000,2075808.00000000,1767643199999999,286955.00120000,1465,1007903.00000000,139423.01890000,0
1767643200000000,0.13760000,0.13970000,0.13750000,0.13830000,1976767.00000000,1767646799999999,274137.74240000,1402,976901.00000000,135482.69580000,0
1767646800000000,0.13820000,0.13940000,0.13810000,0.13910000,634328.00000000,1767650399999999,88039.12520000,575,370056.00000000,51378.90840000,0
1767650400000000,0.13910000,0.14120000,0.13890000,0.14030000,935764.00000000,1767653999999999,131032.42910000,810,478869.00000000,67048.84220000,0
1767654000000000,0.14030000,0.14110000,0.13940000,0.13960000,1455393.00000000,1767657599999999,203682.10630000,1015,427671.00000000,59904.76580000,0
1767657600000000,0.13960000,0.14040000,0.13830000,0.14040000,1442587.00000000,1767661199999999,201321.17590000,1327,582863.00000000,81421.46010000,0
1767661200000000,0.14050000,0.14120000,0.13980000,0.14020000,1788508.00000000,1767664799999999,251330.39040000,1264,831178.00000000,116775.96840000,0
1767664800000000,0.14020000,0.14190000,0.14020000,0.14080000,1092919.00000000,1767668399999999,154120.27330000,923,632137.00000000,89143.67590000,0
1767668400000000,0.14090000,0.14260000,0.14070000,0.14200000,1410455.00000000,1767671999999999,199925.10660000,837,422436.00000000,59943.95550000,0
1767672000000000,0.14190000,0.14320000,0.14190000,0.14290000,816400.00000000,1767675599999999,116532.67530000,823,488291.00000000,69730.79930000,0
1767675600000000,0.14290000,0.14370000,0.14270000,0.14320000,574059.00000000,1767679199999999,82179.48500000,861,291734.00000000,41765.32380000,0
1767679200000000,0.14320000,0.14400000,0.14280000,0.14340000,1510583.00000000,1767682799999999,216747.82620000,1182,657741.00000000,94398.01300000,0
1767682800000000,0.14340000,0.14340000,0.14020000,0.14100000,1774015.00000000,1767686399999999,250516.10150000,1213,868711.00000000,122619.50520000,0
1767686400000000,0.14100000,0.14220000,0.14060000,0.14100000,1374012.00000000,1767689999999999,194187.13750000,1015,534439.00000000,75566.52600000,0
1767690000000000,0.14100000,0.14170000,0.14080000,0.14140000,1164580.00000000,1767693599999999,164542.11330000,856,804570.00000000,113684.07280000,0
1767693600000000,0.14130000,0.14320000,0.14130000,0.14280000,1675171.00000000,1767697199999999,238724.32060000,827,1070949.00000000,152642.73860000,0
1767697200000000,0.14270000,0.14380000,0.14250000,0.14370000,3182827.00000000,1767700799999999,456388.41010000,1000,2623968.00000000,376278.16790000,0
1767700800000000,0.14380000,0.14480000,0.14330000,0.14460000,3884872.00000000,1767704399999999,559594.35090000,1691,2715228.00000000,391204.49500000,0
1767704400000000,0.14450000,0.14480000,0.14340000,0.14400000,1159852.00000000,1767707999999999,167352.92180000,1162,288168.00000000,41577.68410000,0
1767708000000000,0.14390000,0.14560000,0.14370000,0.14480000,6701372.00000000,1767711599999999,971281.21150000,3318,4776066.00000000,692329.59720000,0
1767711600000000,0.14480000,0.14560000,0.14190000,0.14270000,2852672.00000000,1767715199999999,411504.54190000,1808,1477727.00000000,213327.19160000,0
1767715200000000,0.14270000,0.14300000,0.13800000,0.13870000,4361888.00000000,1767718799999999,612516.09710000,3440,1956896.00000000,274909.36470000,0
1767718800000000,0.13860000,0.14020000,0.13620000,0.13650000,5793576.00000000,1767722399999999,801690.62980000,3116,2935528.00000000,406185.50170000,0
1767722400000000,0.13640000,0.13890000,0.13610000,0.13870000,2380464.00000000,1767725999999999,328485.19780000,1597,1233853.00000000,170485.53900000,0
1767726000000000,0.13870000,0.13910000,0.13760000,0.13780000,1135368.00000000,1767729599999999,157313.65920000,708,488851.00000000,67726.40570000,0
1767729600000000,0.13780000,0.14000000,0.13780000,0.13960000,780755.00000000,1767733199999999,108781.87230000,620,407527.00000000,56764.72230000,0
1767733200000000,0.13950000,0.14230000,0.13900000,0.14170000,1699926.00000000,1767736799999999,239767.63190000,1501,980819.00000000,138302.71290000,0
1767736800000000,0.14160000,0.14190000,0.14030000,0.14120000,650762.00000000,1767740399999999,91712.51850000,481,228518.00000000,32237.22690000,0
1767740400000000,0.14120000,0.14260000,0.14120000,0.14230000,2174022.00000000,1767743999999999,308878.00040000,1058,1434056.00000000,203833.33550000,0
1767744000000000,0.14230000,0.14240000,0.13960000,0.13990000,795306.00000000,1767747599999999,112056.44240000,710,459041.00000000,64619.20700000,0
1767747600000000,0.13980000,0.14050000,0.13900000,0.13920000,782448.00000000,1767751199999999,109241.34940000,701,412230.00000000,57571.58590000,0
1767751200000000,0.13910000,0.14000000,0.13870000,0.13990000,757511.00000000,1767754799999999,105354.79870000,591,367957.00000000,51162.95300000,0
1767754800000000,0.13990000,0.14050000,0.13980000,0.14020000,808039.00000000,1767758399999999,113257.01200000,837,465985.00000000,65311.22670000,0
1767758400000000,0.14020000,0.14100000,0.14020000,0.14040000,1008419.00000000,1767761999999999,141830.03060000,881,687869.00000000,96777.67390000,0
1767762000000000,0.14040000,0.14040000,0.13920000,0.13940000,2186954.00000000,1767765599999999,305990.31110000,725,1659709.00000000,232213.02080000,0
1767765600000000,0.13940000,0.13980000,0.13900000,0.13910000,442441.00000000,1767769199999999,61666.58350000,439,186847.00000000,26045.32380000,0
1767769200000000,0.13910000,0.14130000,0.13910000,0.14120000,468622.00000000,1767772799999999,65792.32870000,443,251624.00000000,35321.36150000,0
1767772800000000,0.14130000,0.14310000,0.14130000,0.14260000,814971.00000000,1767776399999999,115929.98400000,757,474391.00000000,67492.57470000,0
1767776400000000,0.14240000,0.14290000,0.13990000,0.14020000,901016.00000000,1767779999999999,127328.44980000,943,491641.00000000,69562.72230000,0
1767780000000000,0.14010000,0.14110000,0.13990000,0.14030000,1568792.00000000,1767783599999999,220264.79150000,909,788729.00000000,110731.21700000,0
1767783600000000,0.14020000,0.14090000,0.14010000,0.14070000,566896.00000000,1767787199999999,79652.89390000,551,311533.00000000,43774.15360000,0
1767787200000000,0.14070000,0.14070000,0.13880000,0.13890000,1196580.00000000,1767790799999999,167081.77280000,652,528013.00000000,73789.76670000,0
1767790800000000,0.13900000,0.13960000,0.13820000,0.13830000,919762.00000000,1767794399999999,127703.50010000,784,312240.00000000,43360.76340000,0
1767794400000000,0.13840000,0.13860000,0.13600000,0.13820000,2620041.00000000,1767797999999999,360115.98510000,2095,1298206.00000000,178534.96290000,0
1767798000000000,0.13820000,0.13820000,0.13530000,0.13620000,2381387.00000000,1767801599999999,324362.46590000,1762,1203398.00000000,163864.41410000,0
1767801600000000,0.13600000,0.13730000,0.13600000,0.13660000,1376222.00000000,1767805199999999,188256.37610000,910,774369.00000000,105967.62610000,0
1767805200000000,0.13660000,0.13780000,0.13640000,0.13700000,885247.00000000,1767808799999999,121425.55590000,744,430546.00000000,59040.07900000,0
1767808800000000,0.13700000,0.13790000,0.13610000,0.13650000,1471791.00000000,1767812399999999,201599.29740000,1106,525143.00000000,71969.04070000,0
1767812400000000,0.13660000,0.13690000,0.13540000,0.13590000,1804450.00000000,1767815999999999,245527.69030000,1260,531154.00000000,72275.62840000,0
1767816000000000,0.13590000,0.13610000,0.13470000,0.13530000,1267142.00000000,1767819599999999,171257.31230000,1082,564859.00000000,76361.07310000,0
1767819600000000,0.13520000,0.13590000,0.13510000,0.13510000,496052.00000000,1767823199999999,67207.71240000,497,260328.00000000,35274.25500000,0
1767823200000000,0.13500000,0.13640000,0.13480000,0.13530000,297680.00000000,1767826799999999,40326.18830000,325,104821.00000000,14195.43320000,0
1767826800000000,0.13530000,0.13740000,0.13470000,0.13640000,873197.00000000,1767830399999999,119065.53860000,707,528815.00000000,72113.79670000,0
1767830400000000,0.13650000,0.13680000,0.13580000,0.13660000,661837.00000000,1767833999999999,90180.65830000,697,329161.00000000,44860.86520000,0
1767834000000000,0.13660000,0.13720000,0.13620000,0.13690000,1385550.00000000,1767837599999999,189302.46610000,696,685723.00000000,93707.63610000,0
1767837600000000,0.13680000,0.13690000,0.13540000,0.13580000,952349.00000000,1767841199999999,129603.88260000,775,438488.00000000,59716.66940000,0
1767841200000000,0.13580000,0.13670000,0.13460000,0.13480000,693852.00000000,1767844799999999,94171.62740000,625,425025.00000000,57706.96600000,0
1767844800000000,0.13470000,0.13610000,0.13440000,0.13550000,1030381.00000000,1767848399999999,139128.57740000,734,395764.00000000,53518.43690000,0
1767848400000000,0.13550000,0.13650000,0.13530000,0.13530000,476545.00000000,1767851999999999,64777.28240000,539,226470.00000000,30795.77940000,0
1767852000000000,0.13530000,0.13560000,0.13330000,0.13350000,2397802.00000000,1767855599999999,322378.45810000,1427,832875.00000000,112022.59360000,0
1767855600000000,0.13350000,0.13550000,0.13280000,0.13510000,3059882.00000000,1767859199999999,411530.26550000,1621,1337146.00000000,179981.71380000,0
1767859200000000,0.13510000,0.13550000,0.13370000,0.13380000,862622.00000000,1767862799999999,116487.44450000,540,517675.00000000,69928.68770000,0
1767862800000000,0.13390000,0.13440000,0.13300000,0.13320000,1046484.00000000,1767866399999999,139809.40330000,748,455397.00000000,60851.53620000,0
1767866400000000,0.13320000,0.13460000,0.13230000,0.13440000,1472568.00000000,1767869999999999,196449.36050000,1004,712092.00000000,95013.21100000,0
1767870000000000,0.13440000,0.13450000,0.13260000,0.13310000,1774315.00000000,1767873599999999,236260.06340000,1144,718028.00000000,95655.83820000,0
1767873600000000,0.13320000,0.13320000,0.13150000,0.13160000,1408873.00000000,1767877199999999,186406.27090000,952,661221.00000000,87495.55490000,0
1767877200000000,0.13160000,0.13200000,0.13100000,0.13150000,938891.00000000,1767880799999999,123555.54680000,615,653182.00000000,85979.52950000,0
1767880800000000,0.13140000,0.13200000,0.12950000,0.13160000,2845327.00000000,1767884399999999,371777.61190000,2319,1307890.00000000,171003.27600000,0
1767884400000000,0.13150000,0.13510000,0.13080000,0.13510000,2821050.00000000,1767887999999999,375013.83740000,1659,1483081.00000000,197136.09670000,0
1767888000000000,0.13510000,0.13540000,0.13370000,0.13480000,1761726.00000000,1767891599999999,236963.54610000,1337,1032346.00000000,138876.51930000,0
1767891600000000,0.13490000,0.13590000,0.13440000,0.13520000,2954522.00000000,1767895199999999,399193.83640000,1661,1331229.00000000,179955.24690000,0
1767895200000000,0.13520000,0.13530000,0.13350000,0.13380000,788325.00000000,1767898799999999,105789.31690000,647,369085.00000000,49559.99230000,0
1767898800000000,0.13390000,0.13440000,0.13320000,0.13340000,607681.00000000,1767902399999999,81321.17970000,554,314392.00000000,42086.27980000,0
1767902400000000,0.13340000,0.13340000,0.13220000,0.13300000,1432798.00000000,1767905999999999,190285.32590000,922,909289.00000000,120808.33300000,0
1767906000000000,0.13310000,0.13490000,0.13300000,0.13470000,728816.00000000,1767909599999999,97754.11470000,505,403624.00000000,54132.37480000,0
1767909600000000,0.13470000,0.13550000,0.13440000,0.13540000,714153.00000000,1767913199999999,96397.50590000,338,365963.00000000,49390.87680000,0
1767913200000000,0.13550000,0.13570000,0.13430000,0.13440000,804765.00000000,1767916799999999,108435.96310000,456,396137.00000000,53405.32620000,0
1767916800000000,0.13440000,0.13510000,0.13430000,0.13490000,442548.00000000,1767920399999999,59587.04020000,423,174575.00000000,23516.15110000,0
1767920400000000,0.13500000,0.13610000,0.13350000,0.13410000,1592593.00000000,1767923999999999,214309.51770000,1314,727801.00000000,97974.53500000,0
1767924000000000,0.13400000,0.13540000,0.13380000,0.13410000,640111.00000000,1767927599999999,86304.38710000,531,353968.00000000,47740.85020000,0
1767927600000000,0.13410000,0.13530000,0.13390000,0.13530000,520149.00000000,1767931199999999,70042.51400000,598,308737.00000000,41606.57660000,0
1767931200000000,0.13520000,0.13540000,0.13430000,0.13460000,313731.00000000,1767934799999999,42278.41490000,319,147839.00000000,19922.65690000,0
1767934800000000,0.13470000,0.13540000,0.13460000,0.13530000,359681.00000000,1767938399999999,48551.34650000,416,147868.00000000,19967.14360000,0
1767938400000000,0.13530000,0.13590000,0.13490000,0.13580000,414194.00000000,1767941999999999,56071.23820000,375,193760.00000000,26226.04540000,0
1767942000000000,0.13580000,0.13580000,0.13500000,0.13500000,645294.00000000,1767945599999999,87376.62080000,460,262531.00000000,35528.91380000,0
1767945600000000,0.13500000,0.13530000,0.13220000,0.13300000,1281961.00000000,1767949199999999,171551.61100000,1063,638920.00000000,85542.76070000,0
1767949200000000,0.13300000,0.13460000,0.13300000,0.13380000,878380.00000000,1767952799999999,117762.62590000,991,491620.00000000,65907.88230000,0
1767952800000000,0.13370000,0.13380000,0.13310000,0.13350000,384309.00000000,1767956399999999,51281.04340000,326,265015.00000000,35362.93300000,0
1767956400000000,0.13350000,0.13400000,0.13330000,0.13340000,529226.00000000,1767959999999999,70701.98780000,452,272706.00000000,36435.08650000,0
1767960000000000,0.13340000,0.13370000,0.13250000,0.13270000,478947.00000000,1767963599999999,63571.81310000,437,185369.00000000,24599.44170000,0
1767963600000000,0.13270000,0.13500000,0.13270000,0.13440000,1716527.00000000,1767967199999999,230025.74480000,1361,841483.00000000,112780.89890000,0
1767967200000000,0.13430000,0.13440000,0.13220000,0.13280000,1992756.00000000,1767970799999999,264986.84910000,1403,1008351.00000000,134028.61600000,0
1767970800000000,0.13280000,0.13750000,0.13180000,0.13590000,3446464.00000000,1767974399999999,465798.30070000,2905,1696173.00000000,228891.41460000,0
1767974400000000,0.13600000,0.13840000,0.13590000,0.13680000,2659157.00000000,1767977999999999,364549.75570000,1673,1424719.00000000,195371.17220000,0
1767978000000000,0.13690000,0.13690000,0.13430000,0.13540000,1364387.00000000,1767981599999999,185084.79820000,917,798534.00000000,108269.12640000,0
1767981600000000,0.13530000,0.13540000,0.13290000,0.13400000,1135404.00000000,1767985199999999,152054.49530000,978,465658.00000000,62352.74620000,0
1767985200000000,0.13390000,0.13390000,0.13200000,0.13260000,1252018.00000000,1767988799999999,166617.43780000,830,615129.00000000,81882.57360000,0
1767988800000000,0.13250000,0.13340000,0.13240000,0.13280000,818743.00000000,1767992399999999,108755.98880000,644,457557.00000000,60788.03120000,0
1767992400000000,0.13280000,0.13380000,0.13230000,0.13380000,419121.00000000,1767995999999999,55807.61650000,468,209036.00000000,27836.97660000,0
1767996000000000,0.13370000,0.13430000,0.13350000,0.13430000,242963.00000000,1767999599999999,32497.48070000,247,104406.00000000,13969.45160000,0
1767999600000000,0.13420000,0.13430000,0.13310000,0.13320000,481080.00000000,1768003199999999,64220.95420000,426,149618.00000000,19960.29920000,0
1768003200000000,0.13320000,0.13340000,0.13210000,0.13270000,881800.00000000,1768006799999999,117067.31460000,551,230389.00000000,30586.17050000,0
1768006800000000,0.13270000,0.13330000,0.13260000,0.13300000,214040.00000000,1768010399999999,28475.35940000,298,136194.00000000,18121.47120000,0
1768010400000000,0.13310000,0.13330000,0.13210000,0.13230000,278164.00000000,1768013999999999,36933.49940000,347,169231.00000000,22478.71490000,0
1768014000000000,0.13230000,0.13250000,0.13190000,0.13240000,748366.00000000,1768017599999999,99027.37510000,393,146064.00000000,19311.94610000,0
1768017600000000,0.13240000,0.13240000,0.13140000,0.13170000,517851.00000000,1768021199999999,68259.18560000,513,351922.00000000,46381.92250000,0
1768021200000000,0.13170000,0.13190000,0.13110000,0.13110000,610022.00000000,1768024799999999,80240.96170000,354,400300.00000000,52674.88880000,0
1768024800000000,0.13110000,0.13180000,0.13080000,0.13160000,378607.00000000,1768028399999999,49711.04220000,369,222255.00000000,29203.71710000,0
1768028400000000,0.13160000,0.13300000,0.13160000,0.13280000,338919.00000000,1768031999999999,44858.02540000,463,187117.00000000,24773.21710000,0
1768032000000000,0.13280000,0.13330000,0.13240000,0.13330000,560015.00000000,1768035599999999,74302.33650000,500,305979.00000000,40608.76440000,0
1768035600000000,0.13330000,0.13400000,0.13320000,0.13390000,609596.00000000,1768039199999999,81485.04100000,630,313673.00000000,41950.36930000,0
1768039200000000,0.13380000,0.13440000,0.13320000,0.13410000,586474.00000000,1768042799999999,78529.98060000,572,321519.00000000,43048.67370000,0
1768042800000000,0.13410000,0.13430000,0.13360000,0.13420000,468977.00000000,1768046399999999,62788.26140000,431,146887.00000000,19672.12390000,0
1768046400000000,0.13430000,0.13500000,0.13410000,0.13480000,244409.00000000,1768049999999999,32858.86220000,277,144699.00000000,19460.65320000,0
1768050000000000,0.13480000,0.13530000,0.13460000,0.13470000,996750.00000000,1768053599999999,134586.69150000,695,500140.00000000,67584.04720000,0
1768053600000000,0.13460000,0.13470000,0.13400000,0.13440000,164685.00000000,1768057199999999,22127.06350000,277,80059.00000000,10758.65480000,0
1768057200000000,0.13440000,0.13460000,0.13420000,0.13430000,491033.00000000,1768060799999999,65968.54080000,556,286720.00000000,38528.64890000,0
1768060800000000,0.13430000,0.13430000,0.13350000,0.13370000,359131.00000000,1768064399999999,48083.97330000,529,136920.00000000,18328.64440000,0
1768064400000000,0.13370000,0.13440000,0.13320000,0.13330000,174138.00000000,1768067999999999,23314.16240000,361,79882.00000000,10693.51310000,0
1768068000000000,0.13340000,0.13420000,0.13310000,0.13390000,156003.00000000,1768071599999999,20857.30900000,212,60555.00000000,8095.20560000,0
1768071600000000,0.13390000,0.13510000,0.13390000,0.13510000,153859.00000000,1768075199999999,20722.17330000,180,92872.00000000,12505.41400000,0
1768075200000000,0.13520000,0.13530000,0.13460000,0.13480000,236058.00000000,1768078799999999,31863.17960000,327,137006.00000000,18495.47920000,0
1768078800000000,0.13480000,0.13510000,0.13420000,0.13420000,351570.00000000,1768082399999999,47319.74690000,480,122188.00000000,16466.88630000,0
1768082400000000,0.13410000,0.13460000,0.13300000,0.13310000,275104.00000000,1768085999999999,36821.99200000,305,114139.00000000,15294.11100000,0
1768086000000000,0.13310000,0.13410000,0.13310000,0.13370000,127561.00000000,1768089599999999,17051.39490000,183,56024.00000000,7491.35650000,0
1768089600000000,0.13370000,0.13400000,0.13330000,0.13380000,305119.00000000,1768093199999999,40756.74410000,294,105669.00000000,14122.35610000,0
1768093200000000,0.13370000,0.13390000,0.13340000,0.13390000,135514.00000000,1768096799999999,18114.24090000,183,53883.00000000,7203.44210000,0
1768096800000000,0.13390000,0.13440000,0.13370000,0.13430000,251120.00000000,1768100399999999,33672.95910000,242,133946.00000000,17970.83560000,0
1768100400000000,0.13430000,0.13450000,0.13400000,0.13430000,235994.00000000,1768103999999999,31643.20390000,178,172441.00000000,23119.72850000,0
1768104000000000,0.13430000,0.13460000,0.13370000,0.13460000,276577.00000000,1768107599999999,37093.58200000,243,153355.00000000,20572.51560000,0
1768107600000000,0.13450000,0.13480000,0.13420000,0.13450000,234283.00000000,1768111199999999,31514.88020000,252,95084.00000000,12791.36560000,0
1768111200000000,0.13440000,0.13450000,0.13350000,0.13410000,159686.00000000,1768114799999999,21391.04560000,189,77148.00000000,10331.54190000,0
1768114800000000,0.13410000,0.13450000,0.13390000,0.13450000,302813.00000000,1768118399999999,40632.94090000,251,123468.00000000,16573.19750000,0
1768118400000000,0.13450000,0.13470000,0.13410000,0.13430000,328441.00000000,1768121999999999,44112.25320000,305,174995.00000000,23506.19430000,0
1768122000000000,0.13440000,0.13490000,0.13430000,0.13460000,361167.00000000,1768125599999999,48606.76080000,286,204301.00000000,27499.98910000,0
1768125600000000,0.13470000,0.13530000,0.13430000,0.13510000,336079.00000000,1768129199999999,45377.93790000,293,113279.00000000,15304.53100000,0
1768129200000000,0.13500000,0.13510000,0.13460000,0.13470000,79539.00000000,1768132799999999,10729.84700000,126,49248.00000000,6642.96310000,0
1768132800000000,0.13480000,0.13620000,0.13480000,0.13600000,586520.00000000,1768136399999999,79594.80050000,630,363536.00000000,49323.17760000,0
1768136400000000,0.13590000,0.13590000,0.13470000,0.13470000,485543.00000000,1768139999999999,65578.34220000,315,122221.00000000,16506.29130000,0
1768140000000000,0.13460000,0.13560000,0.13450000,0.13550000,364342.00000000,1768143599999999,49155.23850000,333,149210.00000000,20138.15580000,0
1768143600000000,0.13540000,0.13560000,0.13340000,0.13390000,507089.00000000,1768147199999999,68092.21720000,528,184009.00000000,24708.41270000,0
1768147200000000,0.13390000,0.13610000,0.13380000,0.13500000,1076832.00000000,1768150799999999,145414.29140000,1447,623060.00000000,84182.91940000,0
1768150800000000,0.13500000,0.13510000,0.13340000,0.13380000,2560551.00000000,1768154399999999,342836.63500000,974,929078.00000000,124411.23440000,0
1768154400000000,0.13380000,0.13410000,0.13330000,0.13400000,549043.00000000,1768157999999999,73359.59690000,510,157248.00000000,21012.21300000,0
1768158000000000,0.13400000,0.13430000,0.13370000,0.13390000,265526.00000000,1768161599999999,35612.12960000,324,96389.00000000,12930.52100000,0
1768161600000000,0.13380000,0.13380000,0.13180000,0.13270000,904687.00000000,1768165199999999,119878.14910000,781,319443.00000000,42295.24130000,0
1768165200000000,0.13260000,0.13310000,0.13170000,0.13300000,488353.00000000,1768168799999999,64725.04480000,493,193079.00000000,25571.31400000,0
1768168800000000,0.13290000,0.13290000,0.13150000,0.13180000,410056.00000000,1768172399999999,54135.19540000,386,125341.00000000,16530.70990000,0
1768172400000000,0.13170000,0.13290000,0.13060000,0.13230000,700007.00000000,1768175999999999,92206.42460000,642,327814.00000000,43219.63990000,0
1768176000000000,0.13230000,0.13270000,0.13040000,0.13200000,1453518.00000000,1768179599999999,191367.81750000,1129,590991.00000000,77841.40650000,0
1768179600000000,0.13210000,0.13360000,0.13190000,0.13290000,1111719.00000000,1768183199999999,147638.23060000,960,541099.00000000,71925.54470000,0
1768183200000000,0.13290000,0.13480000,0.13290000,0.13460000,614010.00000000,1768186799999999,82301.74870000,615,324150.00000000,43445.97880000,0
1768186800000000,0.13460000,0.13500000,0.13270000,0.13280000,548016.00000000,1768190399999999,73521.61290000,495,277116.00000000,37157.91280000,0
1768190400000000,0.13280000,0.13430000,0.13240000,0.13420000,332392.00000000,1768193999999999,44379.78300000,424,170281.00000000,22727.39210000,0
1768194000000000,0.13410000,0.13440000,0.13360000,0.13390000,334301.00000000,1768197599999999,44780.63170000,350,117769.00000000,15775.59970000,0
1768197600000000,0.13370000,0.13410000,0.13290000,0.13310000,382957.00000000,1768201199999999,51104.15510000,378,207082.00000000,27627.02100000,0
1768201200000000,0.13320000,0.13400000,0.13180000,0.13200000,762248.00000000,1768204799999999,100967.10050000,582,365701.00000000,48432.20390000,0
1768204800000000,0.13200000,0.13280000,0.13040000,0.13150000,983080.00000000,1768208399999999,129291.68090000,1057,484938.00000000,63774.48510000,0
1768208400000000,0.13150000,0.13170000,0.13080000,0.13100000,662582.00000000,1768211999999999,86985.61490000,477,259999.00000000,34131.89670000,0
1768212000000000,0.13100000,0.13140000,0.13000000,0.13020000,1418668.00000000,1768215599999999,185473.85070000,628,1118618.00000000,146227.51010000,0
1768215600000000,0.13020000,0.13060000,0.13000000,0.13020000,374434.00000000,1768219199999999,48776.48770000,401,185128.00000000,24122.43980000,0
1768219200000000,0.13020000,0.13030000,0.12880000,0.12910000,1345483.00000000,1768222799999999,174378.52100000,813,632136.00000000,81906.91930000,0
1768222800000000,0.12910000,0.12940000,0.12840000,0.12860000,546740.00000000,1768226399999999,70447.80060000,592,283814.00000000,36573.87020000,0
1768226400000000,0.12850000,0.13070000,0.12800000,0.13030000,1770812.00000000,1768229999999999,228812.70480000,1457,832117.00000000,107590.54810000,0
1768230000000000,0.13030000,0.13200000,0.13010000,0.13190000,1624431.00000000,1768233599999999,213101.78630000,1325,875580.00000000,114843.45380000,0
1768233600000000,0.13190000,0.13300000,0.13140000,0.13190000,1082518.00000000,1768237199999999,142944.03880000,858,458971.00000000,60636.21990000,0
1768237200000000,0.13190000,0.13260000,0.13060000,0.13190000,4341350.00000000,1768240799999999,571063.45910000,2552,2882265.00000000,379158.73400000,0
1768240800000000,0.13190000,0.13200000,0.13060000,0.13120000,680941.00000000,1768244399999999,89440.53020000,676,404408.00000000,53140.32540000,0
1768244400000000,0.13100000,0.13130000,0.13040000,0.13080000,897701.00000000,1768247999999999,117436.93360000,535,363812.00000000,47589.38880000,0
1768248000000000,0.13090000,0.13140000,0.12950000,0.12960000,808145.00000000,1768251599999999,105232.54100000,613,368327.00000000,47960.70380000,0
1768251600000000,0.12960000,0.13000000,0.12840000,0.12880000,671777.00000000,1768255199999999,86703.95420000,606,297489.00000000,38394.06240000,0
1768255200000000,0.12880000,0.12990000,0.12880000,0.12940000,394880.00000000,1768258799999999,51119.89460000,351,184288.00000000,23865.79680000,0
1768258800000000,0.12950000,0.12970000,0.12880000,0.12900000,342470.00000000,1768262399999999,44268.34680000,306,158492.00000000,20491.77470000,0
1768262400000000,0.12890000,0.12960000,0.12890000,0.12960000,458211.00000000,1768265999999999,59231.45840000,443,236918.00000000,30626.60660000,0
1768266000000000,0.12950000,0.13000000,0.12910000,0.12940000,564848.00000000,1768269599999999,73164.15880000,444,265346.00000000,34379.17490000,0
1768269600000000,0.12950000,0.13050000,0.12940000,0.12950000,661141.00000000,1768273199999999,86025.67240000,477,424953.00000000,55337.00090000,0
1768273200000000,0.12950000,0.13050000,0.12930000,0.13030000,634180.00000000,1768276799999999,82377.14260000,496,382457.00000000,49668.94390000,0
1768276800000000,0.13030000,0.13090000,0.13030000,0.13090000,738891.00000000,1768280399999999,96547.09970000,490,244134.00000000,31890.34390000,0
1768280400000000,0.13090000,0.13160000,0.12960000,0.12980000,1106173.00000000,1768283999999999,144414.08770000,1301,544347.00000000,71186.85130000,0
1768284000000000,0.12980000,0.13020000,0.12930000,0.13020000,650089.00000000,1768287599999999,84373.91430000,606,366193.00000000,47547.92160000,0
1768287600000000,0.13010000,0.13060000,0.12980000,0.13050000,1104871.00000000,1768291199999999,143938.36770000,559,700922.00000000,91347.32470000,0
1768291200000000,0.13050000,0.13140000,0.13030000,0.13120000,470001.00000000,1768294799999999,61484.95410000,397,227244.00000000,29737.87760000,0
1768294800000000,0.13120000,0.13320000,0.13100000,0.13250000,1390164.00000000,1768298399999999,183369.61350000,956,749837.00000000,98835.93760000,0
1768298400000000,0.13250000,0.13340000,0.13200000,0.13250000,1789522.00000000,1768301999999999,237222.04050000,924,1174270.00000000,155612.72650000,0
1768302000000000,0.13250000,0.13330000,0.13150000,0.13270000,1491083.00000000,1768305599999999,197101.39240000,674,962598.00000000,127198.96410000,0
1768305600000000,0.13270000,0.13330000,0.13230000,0.13320000,504788.00000000,1768309199999999,66992.26170000,452,208908.00000000,27724.55900000,0
1768309200000000,0.13320000,0.13440000,0.13300000,0.13360000,1712817.00000000,1768312799999999,228921.88310000,1589,983707.00000000,131499.51560000,0
1768312800000000,0.13370000,0.13590000,0.13330000,0.13480000,2036749.00000000,1768316399999999,274651.86540000,1765,1178842.00000000,158909.31860000,0
1768316400000000,0.13470000,0.13590000,0.13380000,0.13590000,1945716.00000000,1768319999999999,262327.73070000,1894,930510.00000000,125467.48750000,0
1768320000000000,0.13590000,0.13770000,0.13590000,0.13720000,2546337.00000000,1768323599999999,347883.47370000,2412,1228431.00000000,167918.06540000,0
1768323600000000,0.13730000,0.13740000,0.13580000,0.13610000,1396661.00000000,1768327199999999,190286.19070000,1457,640464.00000000,87289.98030000,0
1768327200000000,0.13590000,0.13680000,0.13560000,0.13570000,1351737.00000000,1768330799999999,184196.36830000,1386,661253.00000000,90128.47590000,0
1768330800000000,0.13570000,0.13680000,0.13520000,0.13660000,1288835.00000000,1768334399999999,175429.95950000,985,648867.00000000,88360.65740000,0
1768334400000000,0.13660000,0.13710000,0.13490000,0.13580000,1765736.00000000,1768337999999999,240315.21530000,1563,924709.00000000,125968.14630000,0
1768338000000000,0.13580000,0.13670000,0.13570000,0.13620000,563162.00000000,1768341599999999,76738.86610000,561,328204.00000000,44715.94060000,0
1768341600000000,0.13610000,0.14040000,0.13610000,0.14010000,4768177.00000000,1768345199999999,663482.33770000,5149,2870889.00000000,399467.79890000,0
1768345200000000,0.14020000,0.14080000,0.13810000,0.13850000,1217873.00000000,1768348799999999,170156.31290000,1487,457944.00000000,63955.52580000,0
1768348800000000,0.13850000,0.13970000,0.13840000,0.13940000,1090292.00000000,1768352399999999,151584.99610000,1401,494669.00000000,68771.10410000,0
1768352400000000,0.13960000,0.14000000,0.13880000,0.13900000,1185621.00000000,1768355999999999,165297.82360000,1189,650582.00000000,90696.64600000,0
1768356000000000,0.13900000,0.13990000,0.13870000,0.13920000,826210.00000000,1768359599999999,115180.26720000,1047,305199.00000000,42545.77540000,0
1768359600000000,0.13930000,0.14040000,0.13890000,0.14030000,446665.00000000,1768363199999999,62414.17060000,591,244899.00000000,34226.07920000,0
1768363200000000,0.14030000,0.14060000,0.13920000,0.13950000,853929.00000000,1768366799999999,119413.45670000,1241,418249.00000000,58488.32480000,0
1768366800000000,0.13940000,0.14000000,0.13880000,0.13950000,597622.00000000,1768370399999999,83265.49330000,558,352365.00000000,49089.60450000,0
1768370400000000,0.13940000,0.14020000,0.13860000,0.14010000,682273.00000000,1768373999999999,95019.66450000,880,329422.00000000,45911.77230000,0
1768374000000000,0.14010000,0.14020000,0.13860000,0.13890000,893891.00000000,1768377599999999,124517.91030000,994,409820.00000000,57079.94980000,0
1768377600000000,0.13880000,0.13940000,0.13840000,0.13840000,673586.00000000,1768381199999999,93601.91980000,664,342109.00000000,47548.45390000,0
1768381200000000,0.13850000,0.13910000,0.13840000,0.13890000,801652.00000000,1768384799999999,111246.05480000,791,577951.00000000,80219.74720000,0
1768384800000000,0.13890000,0.13920000,0.13760000,0.13780000,1738324.00000000,1768388399999999,240105.53270000,1288,893849.00000000,123499.81760000,0
1768388400000000,0.13780000,0.13800000,0.13650000,0.13660000,855997.00000000,1768391999999999,117564.76220000,892,483790.00000000,66502.65740000,0
1768392000000000,0.13650000,0.13740000,0.13640000,0.13660000,741830.00000000,1768395599999999,101583.02720000,609,485636.00000000,66515.70530000,0
1768395600000000,0.13660000,0.13680000,0.13590000,0.13670000,808860.00000000,1768399199999999,110256.68060000,780,445305.00000000,60710.76070000,0
1768399200000000,0.13670000,0.14020000,0.13630000,0.13940000,5367006.00000000,1768402799999999,738258.88140000,4126,3135361.00000000,431349.81030000,0
1768402800000000,0.13920000,0.13980000,0.13800000,0.13900000,2782712.00000000,1768406399999999,386427.74690000,2311,1102215.00000000,153118.34670000,0
1768406400000000,0.13900000,0.14070000,0.13890000,0.13920000,3436939.00000000,1768409999999999,480779.90500000,2370,1360715.00000000,190534.98880000,0
1768410000000000,0.13920000,0.13960000,0.13700000,0.13730000,1087562.00000000,1768413599999999,150311.08270000,1097,582114.00000000,80503.45730000,0
1768413600000000,0.13720000,0.13760000,0.13510000,0.13650000,1577204.00000000,1768417199999999,214841.45220000,1695,793833.00000000,108147.76160000,0
1768417200000000,0.13630000,0.13850000,0.13610000,0.13700000,1491878.00000000,1768420799999999,204679.80580000,1391,876819.00000000,120308.76390000,0
1768420800000000,0.13710000,0.13780000,0.13630000,0.13700000,1044636.00000000,1768424399999999,143099.27130000,973,654609.00000000,89691.58330000,0
1768424400000000,0.13690000,0.13800000,0.13680000,0.13750000,512205.00000000,1768427999999999,70398.38420000,701,210969.00000000,29005.45010000,0
1768428000000000,0.13760000,0.13770000,0.13630000,0.13650000,837746.00000000,1768431599999999,114639.02530000,785,305553.00000000,41839.33640000,0
1768431600000000,0.13650000,0.13760000,0.13640000,0.13650000,305329.00000000,1768435199999999,41787.28310000,335,119698.00000000,16390.70250000,0
1768435200000000,0.13650000,0.13690000,0.13570000,0.13610000,928063.00000000,1768438799999999,126590.97810000,734,538994.00000000,73574.35770000,0
1768438800000000,0.13610000,0.13700000,0.13520000,0.13570000,437061.00000000,1768442399999999,59458.48550000,588,217928.00000000,29647.09960000,0
1768442400000000,0.13570000,0.13580000,0.13430000,0.13480000,606178.00000000,1768445999999999,81862.10880000,789,260190.00000000,35148.96610000,0
1768446000000000,0.13470000,0.13500000,0.13260000,0.13300000,1076848.00000000,1768449599999999,143696.19620000,1157,380473.00000000,50767.85790000,0
1768449600000000,0.13290000,0.13390000,0.13290000,0.13340000,375336.00000000,1768453199999999,50072.95290000,664,142007.00000000,18946.11040000,0
1768453200000000,0.13340000,0.13410000,0.13320000,0.13370000,511932.00000000,1768456799999999,68353.16980000,645,269970.00000000,36043.37670000,0
1768456800000000,0.13370000,0.13390000,0.13280000,0.13300000,354579.00000000,1768460399999999,47345.32800000,474,147668.00000000,19728.16310000,0
1768460400000000,0.13290000,0.13470000,0.13280000,0.13410000,348647.00000000,1768463999999999,46696.71180000,505,191145.00000000,25612.61420000,0
1768464000000000,0.13420000,0.13420000,0.13340000,0.13380000,324635.00000000,1768467599999999,43413.88550000,459,141599.00000000,18939.25370000,0
1768467600000000,0.13370000,0.13470000,0.13280000,0.13430000,406204.00000000,1768471199999999,54303.26080000,650,209977.00000000,28051.39360000,0
1768471200000000,0.13420000,0.13430000,0.13320000,0.13380000,556318.00000000,1768474799999999,74296.49450000,549,251068.00000000,33536.01090000,0
1768474800000000,0.13380000,0.13410000,0.13330000,0.13360000,436891.00000000,1768478399999999,58419.91930000,559,292140.00000000,39067.65250000,0
1768478400000000,0.13370000,0.13450000,0.13360000,0.13450000,402632.00000000,1768481999999999,53943.77850000,460,188085.00000000,25214.72420000,0
1768482000000000,0.13440000,0.13490000,0.13420000,0.13470000,560928.00000000,1768485599999999,75510.24930000,556,317332.00000000,42728.77350000,0
1768485600000000,0.13470000,0.13500000,0.13220000,0.13300000,2038208.00000000,1768489199999999,272265.18780000,2035,1073384.00000000,143465.79160000,0
1768489200000000,0.13300000,0.13360000,0.12970000,0.13190000,1964061.00000000,1768492799999999,258337.54970000,2094,895043.00000000,117819.17860000,0
1768492800000000,0.13190000,0.13240000,0.13090000,0.13190000,1037396.00000000,1768496399999999,136478.92400000,1230,569945.00000000,74965.61690000,0
1768496400000000,0.13190000,0.13220000,0.12970000,0.12990000,1528637.00000000,1768499999999999,200468.28820000,1256,527738.00000000,69223.35370000,0
1768500000000000,0.12990000,0.13030000,0.12780000,0.12800000,2386439.00000000,1768503599999999,307246.24830000,2006,810321.00000000,104378.69400000,0
1768503600000000,0.12800000,0.12820000,0.12710000,0.12810000,1300858.00000000,1768507199999999,166122.25070000,1226,480605.00000000,61375.60640000,0
1768507200000000,0.12810000,0.12860000,0.12630000,0.12690000,1417440.00000000,1768510799999999,180514.08200000,1135,493144.00000000,62802.26370000,0
1768510800000000,0.12690000,0.12800000,0.12680000,0.12780000,438920.00000000,1768514399999999,56046.16390000,487,200695.00000000,25627.68720000,0
1768514400000000,0.12780000,0.12820000,0.12770000,0.12800000,1065968.00000000,1768517999999999,136337.46640000,819,277541.00000000,35501.54670000,0
1768518000000000,0.12790000,0.12820000,0.12740000,0.12800000,565422.00000000,1768521599999999,72290.29030000,664,208319.00000000,26638.29980000,0
1768521600000000,0.12800000,0.12860000,0.12780000,0.12800000,534508.00000000,1768525199999999,68557.12600000,775,250623.00000000,32142.18570000,0
1768525200000000,0.12800000,0.12890000,0.12800000,0.12840000,515916.00000000,1768528799999999,66261.07430000,609,206840.00000000,26560.51420000,0
1768528800000000,0.12830000,0.12900000,0.12740000,0.12890000,344826.00000000,1768532399999999,44159.18410000,479,121555.00000000,15588.21080000,0
1768532400000000,0.12890000,0.12910000,0.12810000,0.12820000,825668.00000000,1768535999999999,106269.24670000,804,473267.00000000,60936.69600000,0
1768536000000000,0.12830000,0.12870000,0.12740000,0.12760000,1000926.00000000,1768539599999999,128225.30720000,994,508890.00000000,65290.69750000,0
1768539600000000,0.12760000,0.12910000,0.12760000,0.12880000,303032.00000000,1768543199999999,38915.54010000,367,141930.00000000,18226.17150000,0
1768543200000000,0.12890000,0.12890000,0.12810000,0.12870000,466057.00000000,1768546799999999,59873.04860000,486,281008.00000000,36111.68970000,0
1768546800000000,0.12870000,0.12880000,0.12810000,0.12850000,346271.00000000,1768550399999999,44459.51660000,475,123090.00000000,15804.17740000,0
1768550400000000,0.12840000,0.12890000,0.12810000,0.12810000,306956.00000000,1768553999999999,39428.20980000,322,136982.00000000,17604.23480000,0
1768554000000000,0.12820000,0.12850000,0.12800000,0.12800000,324867.00000000,1768557599999999,41614.50880000,332,178373.00000000,22850.31410000,0
1768557600000000,0.12800000,0.12810000,0.12730000,0.12750000,276264.00000000,1768561199999999,35287.43700000,365,136712.00000000,17465.05350000,0
1768561200000000,0.12750000,0.12760000,0.12690000,0.12730000,437800.00000000,1768564799999999,55692.37170000,510,194304.00000000,24721.49820000,0
1768564800000000,0.12730000,0.12730000,0.12670000,0.12700000,420600.00000000,1768568399999999,53408.35900000,357,183663.00000000,23322.28610000,0
1768568400000000,0.12710000,0.12740000,0.12660000,0.12710000,359599.00000000,1768571999999999,45652.80690000,467,181596.00000000,23061.31700000,0
1768572000000000,0.12720000,0.12750000,0.12670000,0.12680000,587493.00000000,1768575599999999,74717.84930000,710,315933.00000000,40187.76340000,0
1768575600000000,0.12680000,0.12770000,0.12460000,0.12540000,1386644.00000000,1768579199999999,174542.46950000,1760,522228.00000000,65799.69620000,0
1768579200000000,0.12530000,0.12630000,0.12510000,0.12550000,1404380.00000000,1768582799999999,176646.34910000,1224,578045.00000000,72691.10350000,0
1768582800000000,0.12550000,0.12570000,0.12440000,0.12560000,707372.00000000,1768586399999999,88482.36510000,828,258591.00000000,32341.36370000,0
1768586400000000,0.12570000,0.12630000,0.12540000,0.12550000,466518.00000000,1768589999999999,58695.20470000,631,204037.00000000,25670.48620000,0
1768590000000000,0.12550000,0.12670000,0.12500000,0.12650000,416113.00000000,1768593599999999,52427.74910000,640,231325.00000000,29156.08210000,0
1768593600000000,0.12660000,0.12990000,0.12650000,0.12980000,1114721.00000000,1768597199999999,142936.57270000,1219,815430.00000000,104518.91480000,0
1768597200000000,0.12980000,0.13110000,0.12930000,0.12950000,2243703.00000000,1768600799999999,292442.14640000,1970,1336155.00000000,174227.36810000,0
1768600800000000,0.12950000,0.13210000,0.12930000,0.13060000,1826811.00000000,1768604399999999,239273.35970000,1740,1121845.00000000,146910.08610000,0
1768604400000000,0.13070000,0.13100000,0.13010000,0.13030000,374457.00000000,1768607999999999,48852.56190000,463,161595.00000000,21092.44650000,0
1768608000000000,0.13030000,0.13170000,0.13000000,0.13130000,1312870.00000000,1768611599999999,171845.97230000,1008,923669.00000000,120987.38740000,0
1768611600000000,0.13130000,0.13200000,0.13110000,0.13160000,1680783.00000000,1768615199999999,220975.10700000,1176,404801.00000000,53245.84180000,0
1768615200000000,0.13160000,0.13230000,0.13060000,0.13080000,1376508.00000000,1768618799999999,181025.64230000,1028,754114.00000000,99231.42190000,0
1768618800000000,0.13080000,0.13150000,0.13070000,0.13140000,241993.00000000,1768622399999999,31731.50070000,346,96326.00000000,12633.18230000,0
1768622400000000,0.13130000,0.13180000,0.13080000,0.13170000,203072.00000000,1768625999999999,26678.42980000,474,109493.00000000,14387.91990000,0
1768626000000000,0.13170000,0.13280000,0.13160000,0.13190000,345974.00000000,1768629599999999,45790.14680000,525,227986.00000000,30172.66830000,0
1768629600000000,0.13190000,0.13200000,0.13130000,0.13180000,944287.00000000,1768633199999999,124355.64010000,857,560986.00000000,73883.58530000,0
1768633200000000,0.13170000,0.13260000,0.13120000,0.13260000,496708.00000000,1768636799999999,65557.22530000,502,338674.00000000,44726.39710000,0
1768636800000000,0.13260000,0.13400000,0.13260000,0.13330000,447925.00000000,1768640399999999,59601.62050000,699,242207.00000000,32237.65330000,0
1768640400000000,0.13340000,0.13410000,0.13260000,0.13290000,714518.00000000,1768643999999999,95387.06480000,668,394206.00000000,52612.97550000,0
1768644000000000,0.13280000,0.13350000,0.13250000,0.13280000,416735.00000000,1768647599999999,55377.31600000,562,234759.00000000,31203.52780000,0
1768647600000000,0.13270000,0.13280000,0.13160000,0.13170000,1641206.00000000,1768651199999999,217494.40350000,908,292468.00000000,38757.55650000,0
1768651200000000,0.13170000,0.13350000,0.13160000,0.13300000,459962.00000000,1768654799999999,61092.53130000,715,237696.00000000,31566.01350000,0
1768654800000000,0.13310000,0.13340000,0.13260000,0.13260000,496337.00000000,1768658399999999,66010.21640000,751,322532.00000000,42901.45690000,0
1768658400000000,0.13270000,0.13430000,0.13240000,0.13430000,705285.00000000,1768661999999999,94182.45950000,895,412713.00000000,55074.90110000,0
1768662000000000,0.13420000,0.13480000,0.13330000,0.13400000,1025133.00000000,1768665599999999,137720.55690000,957,627938.00000000,84372.25430000,0
1768665600000000,0.13410000,0.13410000,0.13290000,0.13330000,1598242.00000000,1768669199999999,213124.16210000,1784,1172425.00000000,156370.02120000,0
1768669200000000,0.13320000,0.13430000,0.13270000,0.13330000,2310263.00000000,1768672799999999,308862.44380000,1646,1718913.00000000,229780.59560000,0
1768672800000000,0.13320000,0.13320000,0.13250000,0.13300000,789610.00000000,1768676399999999,104910.65850000,724,411188.00000000,54658.54410000,0
1768676400000000,0.13300000,0.13340000,0.13240000,0.13260000,443993.00000000,1768679999999999,58992.93240000,533,263519.00000000,35018.62590000,0
1768680000000000,0.13270000,0.13290000,0.13180000,0.13200000,494936.00000000,1768683599999999,65432.92920000,631,252393.00000000,33381.64000000,0
1768683600000000,0.13200000,0.13200000,0.13110000,0.13120000,352875.00000000,1768687199999999,46377.16810000,532,191230.00000000,25138.29520000,0
1768687200000000,0.13120000,0.13170000,0.13080000,0.13130000,864906.00000000,1768690799999999,113415.46840000,861,289734.00000000,38026.54550000,0
1768690800000000,0.13130000,0.13160000,0.13100000,0.13150000,320621.00000000,1768694399999999,42090.53540000,346,81999.00000000,10766.40600000,0
1768694400000000,0.13140000,0.13230000,0.13110000,0.13120000,753475.00000000,1768697999999999,99317.83960000,850,340963.00000000,44946.48900000,0
1768698000000000,0.13120000,0.13120000,0.12960000,0.13000000,857702.00000000,1768701599999999,111763.16380000,821,410955.00000000,53567.71010000,0
1768701600000000,0.13000000,0.13030000,0.12830000,0.12860000,1400717.00000000,1768705199999999,180996.98850000,781,248734.00000000,32116.55860000,0
1768705200000000,0.12860000,0.12950000,0.12850000,0.12880000,345799.00000000,1768708799999999,44660.96440000,415,242077.00000000,31279.99480000,0
1768708800000000,0.12890000,0.12900000,0.12830000,0.12890000,480674.00000000,1768712399999999,61871.11350000,663,383646.00000000,49397.11590000,0
1768712400000000,0.12900000,0.12900000,0.12840000,0.12860000,434636.00000000,1768715999999999,55916.57290000,500,137316.00000000,17672.09110000,0
1768716000000000,0.12870000,0.12900000,0.12800000,0.12840000,1089585.00000000,1768719599999999,139837.41240000,629,393358.00000000,50496.35600000,0
1768719600000000,0.12830000,0.12900000,0.12780000,0.12890000,1104714.00000000,1768723199999999,141921.57910000,652,376379.00000000,48309.03120000,0
1768723200000000,0.12880000,0.12910000,0.12860000,0.12860000,273938.00000000,1768726799999999,35295.59630000,542,146243.00000000,18848.59480000,0
1768726800000000,0.12870000,0.12910000,0.12830000,0.12860000,240060.00000000,1768730399999999,30896.70770000,379,140641.00000000,18106.38020000,0
1768730400000000,0.12860000,0.12940000,0.12830000,0.12930000,318529.00000000,1768733999999999,41025.11260000,479,197244.00000000,25416.29990000,0
1768734000000000,0.12940000,0.12940000,0.12850000,0.12890000,261531.00000000,1768737599999999,33747.71040000,367,99005.00000000,12780.61490000,0
1768737600000000,0.12880000,0.12910000,0.12800000,0.12810000,356309.00000000,1768741199999999,45868.41830000,670,213250.00000000,27461.61870000,0
1768741200000000,0.12810000,0.12850000,0.12770000,0.12800000,469919.00000000,1768744799999999,60220.69890000,546,233946.00000000,29986.07110000,0
1768744800000000,0.12790000,0.12880000,0.12740000,0.12760000,700675.00000000,1768748399999999,89822.40830000,724,382379.00000000,49009.17900000,0
1768748400000000,0.12760000,0.12920000,0.12730000,0.12860000,924776.00000000,1768751999999999,118774.30520000,1547,455395.00000000,58494.05560000,0
1768752000000000,0.12850000,0.12930000,0.12790000,0.12800000,362843.00000000,1768755599999999,46669.36040000,584,176238.00000000,22679.19110000,0
1768755600000000,0.12800000,0.12850000,0.12770000,0.12830000,360581.00000000,1768759199999999,46211.38910000,358,210314.00000000,26956.13290000,0
1768759200000000,0.12820000,0.12910000,0.12800000,0.12840000,512665.00000000,1768762799999999,65982.18950000,471,233328.00000000,30032.16930000,0
1768762800000000,0.12850000,0.12880000,0.12740000,0.12770000,282958.00000000,1768766399999999,36290.33420000,370,175479.00000000,22514.63650000,0
1768766400000000,0.12760000,0.12880000,0.12740000,0.12800000,384749.00000000,1768769999999999,49322.22560000,530,193874.00000000,24852.05280000,0
1768770000000000,0.12810000,0.12830000,0.12770000,0.12820000,235786.00000000,1768773599999999,30195.42710000,397,105081.00000000,13458.21450000,0
1768773600000000,0.12830000,0.12870000,0.12800000,0.12850000,288317.00000000,1768777199999999,37012.05170000,421,166530.00000000,21382.21440000,0
1768777200000000,0.12840000,0.12840000,0.12260000,0.12280000,3417341.00000000,1768780799999999,426193.49450000,3521,1204341.00000000,149995.83430000,0
1768780800000000,0.12280000,0.12280000,0.11200000,0.11780000,16612314.00000000,1768784399999999,1951896.58170000,14355,7931960.00000000,932076.88530000,0
1768784400000000,0.11770000,0.11910000,0.11730000,0.11870000,2491764.00000000,1768787999999999,295238.16900000,2232,985960.00000000,116846.01830000,0
1768788000000000,0.11870000,0.11910000,0.11840000,0.11890000,883248.00000000,1768791599999999,104868.46200000,915,468828.00000000,55678.11630000,0
1768791600000000,0.11890000,0.11900000,0.11840000,0.11880000,885950.00000000,1768795199999999,105158.38620000,903,459663.00000000,54574.80660000,0
1768795200000000,0.11870000,0.11870000,0.11780000,0.11780000,879197.00000000,1768798799999999,103900.44870000,899,334822.00000000,39584.70900000,0
1768798800000000,0.11790000,0.11900000,0.11780000,0.11880000,977388.00000000,1768802399999999,115822.61530000,914,556019.00000000,65902.34990000,0
1768802400000000,0.11870000,0.11920000,0.11820000,0.11840000,614552.00000000,1768805999999999,72923.23620000,641,335275.00000000,39803.03920000,0
1768806000000000,0.11850000,0.11890000,0.11840000,0.11880000,727161.00000000,1768809599999999,86201.06720000,377,429200.00000000,50857.61300000,0
1768809600000000,0.11870000,0.12050000,0.11850000,0.12030000,828486.00000000,1768813199999999,99169.70650000,803,366737.00000000,43840.96610000,0
1768813200000000,0.12030000,0.12030000,0.11940000,0.12030000,681886.00000000,1768816799999999,81718.54920000,718,388518.00000000,46578.78130000,0
1768816800000000,0.12030000,0.12030000,0.11940000,0.11980000,666475.00000000,1768820399999999,79810.74410000,849,285093.00000000,34149.78600000,0
1768820400000000,0.11980000,0.12030000,0.11960000,0.11980000,550495.00000000,1768823999999999,66016.76290000,483,341183.00000000,40910.77370000,0
1768824000000000,0.11970000,0.12000000,0.11880000,0.11910000,884729.00000000,1768827599999999,105698.19600000,766,297203.00000000,35493.57930000,0
1768827600000000,0.11910000,0.11990000,0.11900000,0.11920000,662471.00000000,1768831199999999,79083.24410000,589,362751.00000000,43300.50780000,0
1768831200000000,0.11930000,0.12000000,0.11900000,0.11920000,1288628.00000000,1768834799999999,153852.86080000,957,467324.00000000,55802.76970000,0
1768834800000000,0.11930000,0.11940000,0.11820000,0.11900000,1074452.00000000,1768838399999999,127643.02200000,843,438087.00000000,52064.28990000,0
1768838400000000,0.11900000,0.12090000,0.11890000,0.12060000,935975.00000000,1768841999999999,112256.65420000,869,429950.00000000,51553.81260000,0
1768842000000000,0.12070000,0.12140000,0.12030000,0.12120000,723391.00000000,1768845599999999,87420.87160000,659,400079.00000000,48374.95410000,0
1768845600000000,0.12140000,0.12170000,0.12060000,0.12100000,605331.00000000,1768849199999999,73289.19720000,563,299470.00000000,36276.90720000,0
1768849200000000,0.12100000,0.12270000,0.12100000,0.12180000,757615.00000000,1768852799999999,92599.36760000,812,428144.00000000,52316.24770000,0
1768852800000000,0.12190000,0.12230000,0.12130000,0.12150000,629647.00000000,1768856399999999,76602.97370000,666,265122.00000000,32278.95620000,0
1768856400000000,0.12150000,0.12180000,0.12090000,0.12110000,706665.00000000,1768859999999999,85753.29080000,727,421050.00000000,51113.24840000,0
1768860000000000,0.12100000,0.12160000,0.12020000,0.12020000,877182.00000000,1768863599999999,106090.49720000,652,549876.00000000,66529.32020000,0
1768863600000000,0.12020000,0.12160000,0.12020000,0.12090000,720593.00000000,1768867199999999,87082.96210000,729,338291.00000000,40885.69510000,0
1768867200000000,0.12100000,0.12100000,0.12000000,0.12010000,541523.00000000,1768870799999999,65275.20650000,490,294057.00000000,35461.94890000,0
1768870800000000,0.12000000,0.12090000,0.11970000,0.12000000,420394.00000000,1768874399999999,50569.86610000,452,180994.00000000,21775.34490000,0
1768874400000000,0.12000000,0.12040000,0.11920000,0.12020000,899241.00000000,1768877999999999,107884.14220000,713,407824.00000000,48921.62580000,0
1768878000000000,0.12030000,0.12040000,0.11910000,0.11980000,605484.00000000,1768881599999999,72489.95430000,722,323093.00000000,38686.88960000,0
1768881600000000,0.11980000,0.12000000,0.11940000,0.11970000,570383.00000000,1768885199999999,68294.38340000,487,276914.00000000,33146.98320000,0
1768885200000000,0.11970000,0.12030000,0.11910000,0.11970000,837910.00000000,1768888799999999,100344.38640000,833,392012.00000000,46931.22150000,0
1768888800000000,0.11960000,0.11970000,0.11820000,0.11850000,1671872.00000000,1768892399999999,198584.49790000,1344,694859.00000000,82590.45540000,0
1768892400000000,0.11860000,0.11930000,0.11820000,0.11830000,740351.00000000,1768895999999999,87902.23440000,719,263236.00000000,31251.52550000,0
1768896000000000,0.11820000,0.11830000,0.11620000,0.11690000,4517882.00000000,1768899599999999,528743.82200000,2717,1370349.00000000,160728.05340000,0
1768899600000000,0.11690000,0.11730000,0.11670000,0.11730000,668826.00000000,1768903199999999,78244.96750000,717,252710.00000000,29563.16770000,0
1768903200000000,0.11740000,0.11820000,0.11730000,0.11780000,469157.00000000,1768906799999999,55275.45420000,591,185520.00000000,21853.01700000,0
1768906800000000,0.11780000,0.11810000,0.11680000,0.11690000,460350.00000000,1768910399999999,54036.10040000,688,222369.00000000,26105.90490000,0
1768910400000000,0.11700000,0.11800000,0.11680000,0.11760000,449609.00000000,1768913999999999,52844.74850000,615,263696.00000000,30996.83420000,0
1768914000000000,0.11760000,0.11760000,0.11630000,0.11640000,728294.00000000,1768917599999999,85180.95910000,621,247824.00000000,28979.02560000,0
1768917600000000,0.11640000,0.11850000,0.11640000,0.11750000,1401882.00000000,1768921199999999,164408.42700000,1309,664042.00000000,77886.44730000,0
1768921200000000,0.11760000,0.11760000,0.11570000,0.11660000,1617556.00000000,1768924799999999,188329.59820000,1452,734848.00000000,85601.22250000,0
1768924800000000,0.11660000,0.11710000,0.11460000,0.11500000,4456278.00000000,1768928399999999,514198.23310000,2167,1089544.00000000,125896.45200000,0
1768928400000000,0.11490000,0.11580000,0.11400000,0.11450000,1188463.00000000,1768931999999999,136371.01680000,1184,505912.00000000,58042.64860000,0
1768932000000000,0.11450000,0.11610000,0.11430000,0.11500000,4478777.00000000,1768935599999999,515744.37860000,2956,2474704.00000000,285010.43780000,0
1768935600000000,0.11500000,0.11600000,0.11500000,0.11550000,903474.00000000,1768939199999999,104306.36460000,708,409045.00000000,47239.87630000,0
1768939200000000,0.11550000,0.11630000,0.11500000,0.11620000,1172442.00000000,1768942799999999,135635.79580000,686,524221.00000000,60699.08980000,0
1768942800000000,0.11620000,0.11630000,0.11500000,0.11500000,539282.00000000,1768946399999999,62347.19720000,472,249739.00000000,28881.69010000,0
1768946400000000,0.11510000,0.11580000,0.11340000,0.11490000,1975901.00000000,1768949999999999,226571.76090000,705,614122.00000000,70372.90610000,0
1768950000000000,0.11480000,0.11480000,0.11410000,0.11430000,570436.00000000,1768953599999999,65279.52210000,438,316374.00000000,36206.75820000,0
1768953600000000,0.11440000,0.11640000,0.11430000,0.11630000,1365898.00000000,1768957199999999,157281.58420000,758,663977.00000000,76522.61140000,0
1768957200000000,0.11630000,0.11690000,0.11620000,0.11660000,395472.00000000,1768960799999999,46045.14030000,349,232160.00000000,27031.67060000,0
1768960800000000,0.11660000,0.11760000,0.11660000,0.11730000,277793.00000000,1768964399999999,32576.37080000,278,124334.00000000,14575.90440000,0
1768964400000000,0.11730000,0.11800000,0.11720000,0.11740000,477821.00000000,1768967999999999,56193.39810000,360,272343.00000000,32040.89870000,0
1768968000000000,0.11730000,0.11830000,0.11720000,0.11810000,2090006.00000000,1768971599999999,246297.26980000,838,1654256.00000000,194976.07300000,0
1768971600000000,0.11810000,0.11890000,0.11790000,0.11860000,415367.00000000,1768975199999999,49141.68730000,304,227584.00000000,26946.15240000,0
1768975200000000,0.11860000,0.11870000,0.11790000,0.11800000,321540.00000000,1768978799999999,38048.57700000,281,181093.00000000,21440.48130000,0
1768978800000000,0.11800000,0.11860000,0.11770000,0.11800000,540990.00000000,1768982399999999,63863.16230000,340,208904.00000000,24661.67780000,0
1768982400000000,0.11800000,0.11830000,0.11730000,0.11790000,584798.00000000,1768985999999999,68915.03560000,399,315626.00000000,37200.14460000,0
1768986000000000,0.11790000,0.11790000,0.11750000,0.11770000,286856.00000000,1768989599999999,33789.77400000,234,148204.00000000,17459.07120000,0
1768989600000000,0.11770000,0.11830000,0.11700000,0.11720000,752415.00000000,1768993199999999,88608.89010000,342,395298.00000000,46570.03790000,0
1768993200000000,0.11710000,0.11760000,0.11590000,0.11620000,2196589.00000000,1768996799999999,256269.86340000,666,1403546.00000000,163701.49990000,0
1768996800000000,0.11610000,0.11620000,0.11460000,0.11580000,1738759.00000000,1769000399999999,200661.26850000,1106,592092.00000000,68344.05170000,0
1769000400000000,0.11590000,0.11620000,0.11500000,0.11540000,1265738.00000000,1769003999999999,146273.75380000,720,558283.00000000,64585.98010000,0
1769004000000000,0.11540000,0.11850000,0.11530000,0.11830000,2891582.00000000,1769007599999999,339171.40810000,1843,1316482.00000000,154605.89800000,0
1769007600000000,0.11820000,0.12230000,0.11790000,0.12220000,3215480.00000000,1769011199999999,384816.12720000,2045,1791257.00000000,214460.06150000,0
1769011200000000,0.12220000,0.12220000,0.11620000,0.11630000,3646487.00000000,1769014799999999,436868.47040000,2741,1532975.00000000,183900.43910000,0
1769014800000000,0.11630000,0.11730000,0.11460000,0.11620000,2462024.00000000,1769018399999999,285170.06850000,1811,1099708.00000000,127410.76880000,0
1769018400000000,0.11620000,0.11740000,0.11550000,0.11690000,1159257.00000000,1769021999999999,134805.67070000,804,590681.00000000,68698.04320000,0
1769022000000000,0.11700000,0.12100000,0.11640000,0.12080000,3022965.00000000,1769025599999999,359813.88280000,1896,1648665.00000000,196087.09630000,0
1769025600000000,0.12090000,0.12120000,0.11890000,0.12030000,1274954.00000000,1769029199999999,152809.83290000,931,570397.00000000,68378.55610000,0
1769029200000000,0.12030000,0.12120000,0.11990000,0.12070000,733924.00000000,1769032799999999,88450.69250000,542,349374.00000000,42132.23810000,0
1769032800000000,0.12060000,0.12110000,0.11900000,0.11920000,703250.00000000,1769036399999999,84404.59410000,487,339658.00000000,40777.40980000,0
1769036400000000,0.11910000,0.11910000,0.11730000,0.11770000,601524.00000000,1769039999999999,71216.14410000,530,283255.00000000,33535.49840000,0
1769040000000000,0.11780000,0.11930000,0.11780000,0.11890000,563749.00000000,1769043599999999,66926.54510000,471,294554.00000000,34979.73050000,0
1769043600000000,0.11880000,0.12010000,0.11870000,0.12000000,650127.00000000,1769047199999999,77570.08990000,475,349424.00000000,41650.33690000,0
1769047200000000,0.11990000,0.12040000,0.11980000,0.11990000,430555.00000000,1769050799999999,51692.08390000,384,207302.00000000,24885.62910000,0
1769050800000000,0.12000000,0.12040000,0.11910000,0.11950000,305228.00000000,1769054399999999,36510.72170000,413,169331.00000000,20253.51330000,0
1769054400000000,0.11930000,0.11980000,0.11910000,0.11960000,331949.00000000,1769057999999999,39645.78630000,305,110262.00000000,13171.84860000,0
1769058000000000,0.11950000,0.12000000,0.11940000,0.11960000,504284.00000000,1769061599999999,60315.62700000,352,298165.00000000,35665.66310000,0
1769061600000000,0.11970000,0.11970000,0.11860000,0.11920000,476060.00000000,1769065199999999,56712.26370000,339,223688.00000000,26635.06140000,0
1769065200000000,0.11930000,0.11940000,0.11830000,0.11880000,588077.00000000,1769068799999999,69930.48110000,448,325019.00000000,38662.29040000,0
1769068800000000,0.11880000,0.11940000,0.11860000,0.11930000,869917.00000000,1769072399999999,103531.37140000,519,546450.00000000,65037.57160000,0
1769072400000000,0.11930000,0.11990000,0.11920000,0.11960000,543142.00000000,1769075999999999,64959.86120000,365,325538.00000000,38941.24720000,0
1769076000000000,0.11980000,0.11980000,0.11910000,0.11920000,330522.00000000,1769079599999999,39467.89940000,303,139011.00000000,16603.01140000,0
1769079600000000,0.11910000,0.11910000,0.11820000,0.11830000,529129.00000000,1769083199999999,62762.57900000,410,242233.00000000,28713.93470000,0
1769083200000000,0.11830000,0.11830000,0.11770000,0.11790000,606932.00000000,1769086799999999,71659.97350000,357,281987.00000000,33287.53570000,0
1769086800000000,0.11790000,0.11870000,0.11720000,0.11770000,910866.00000000,1769090399999999,107365.86800000,624,463874.00000000,54698.85550000,0
1769090400000000,0.11770000,0.11830000,0.11600000,0.11640000,1857476.00000000,1769093999999999,217507.05180000,1116,959577.00000000,112383.54690000,0
1769094000000000,0.11630000,0.11750000,0.11570000,0.11680000,1755588.00000000,1769097599999999,204459.93920000,1139,789468.00000000,91984.81920000,0
1769097600000000,0.11680000,0.11820000,0.11670000,0.11810000,1046668.00000000,1769101199999999,122940.86660000,735,513579.00000000,60334.62290000,0
1769101200000000,0.11820000,0.11850000,0.11720000,0.11850000,730878.00000000,1769104799999999,86192.69530000,619,368039.00000000,43408.47030000,0
1769104800000000,0.11840000,0.11890000,0.11780000,0.11780000,1148670.00000000,1769108399999999,135791.34420000,794,527098.00000000,62324.00600000,0
1769108400000000,0.11780000,0.11880000,0.11740000,0.11850000,673631.00000000,1769111999999999,79629.35400000,537,413123.00000000,48840.57750000,0
1769112000000000,0.11850000,0.11880000,0.11750000,0.11800000,491871.00000000,1769115599999999,58102.23620000,445,244862.00000000,28916.10780000,0
1769115600000000,0.11810000,0.11880000,0.11800000,0.11830000,429786.00000000,1769119199999999,50883.33430000,287,205411.00000000,24334.62190000,0
1769119200000000,0.11830000,0.11880000,0.11790000,0.11830000,558447.00000000,1769122799999999,66008.66690000,303,211064.00000000,24953.22980000,0
1769122800000000,0.11820000,0.11880000,0.11770000,0.11880000,290008.00000000,1769126399999999,34297.37200000,272,140066.00000000,16573.08140000,0
1769126400000000,0.11870000,0.12050000,0.11870000,0.11930000,1510374.00000000,1769129999999999,180739.35250000,800,747045.00000000,89327.79300000,0
1769130000000000,0.11930000,0.12100000,0.11930000,0.12080000,1090917.00000000,1769133599999999,131142.37950000,573,744450.00000000,89461.84050000,0
1769133600000000,0.12090000,0.12220000,0.12010000,0.12070000,971543.00000000,1769137199999999,117886.04300000,763,585695.00000000,71078.83060000,0
1769137200000000,0.12070000,0.12260000,0.12040000,0.12160000,466205.00000000,1769140799999999,56546.64890000,425,301363.00000000,36535.53100000,0
1769140800000000,0.12160000,0.12400000,0.12160000,0.12340000,1433519.00000000,1769144399999999,176081.95810000,1018,777333.00000000,95506.14630000,0
1769144400000000,0.12340000,0.12340000,0.12190000,0.12240000,1185554.00000000,1769147999999999,145187.57630000,742,386081.00000000,47358.33410000,0
1769148000000000,0.12240000,0.12300000,0.12140000,0.12140000,942427.00000000,1769151599999999,115184.15830000,770,410473.00000000,50235.06410000,0
1769151600000000,0.12140000,0.12160000,0.12090000,0.12140000,859873.00000000,1769155199999999,104233.51240000,691,378113.00000000,45852.34570000,0
1769155200000000,0.12140000,0.12160000,0.12030000,0.12070000,674042.00000000,1769158799999999,81483.60860000,532,312293.00000000,37746.22720000,0
1769158800000000,0.12070000,0.12090000,0.12010000,0.12040000,806337.00000000,1769162399999999,97157.80200000,560,448526.00000000,54047.69520000,0
1769162400000000,0.12030000,0.12060000,0.11960000,0.12020000,1495968.00000000,1769165999999999,179703.31460000,982,744030.00000000,89372.15400000,0
1769166000000000,0.12030000,0.12090000,0.12030000,0.12080000,318814.00000000,1769169599999999,38463.73430000,268,160500.00000000,19360.82790000,0
1769169600000000,0.12080000,0.12100000,0.12040000,0.12060000,524634.00000000,1769173199999999,63361.53940000,410,282618.00000000,34135.27300000,0
1769173200000000,0.12050000,0.12130000,0.12020000,0.12040000,557598.00000000,1769176799999999,67396.92780000,442,329157.00000000,39815.60390000,0
1769176800000000,0.12040000,0.12080000,0.11840000,0.11970000,1799424.00000000,1769180399999999,215078.78970000,1227,880966.00000000,105426.85700000,0
1769180400000000,0.11970000,0.12140000,0.11880000,0.12130000,1331702.00000000,1769183999999999,160084.17500000,1052,591067.00000000,71014.56780000,0
1769184000000000,0.12130000,0.12260000,0.12010000,0.12150000,1713344.00000000,1769187599999999,207939.35380000,1146,856512.00000000,104070.27890000,0
1769187600000000,0.12150000,0.12280000,0.12070000,0.12160000,1508710.00000000,1769191199999999,183867.49420000,1185,833046.00000000,101542.29090000,0
1769191200000000,0.12150000,0.12260000,0.12140000,0.12150000,631987.00000000,1769194799999999,77115.02010000,552,368219.00000000,44944.03680000,0
1769194800000000,0.12150000,0.12150000,0.12010000,0.12050000,1582446.00000000,1769198399999999,191231.71940000,964,620829.00000000,75011.39810000,0
1769198400000000,0.12050000,0.12090000,0.11870000,0.12070000,2193770.00000000,1769201999999999,263297.50880000,1396,1210533.00000000,145227.71960000,0
1769202000000000,0.12060000,0.12110000,0.12020000,0.12050000,602051.00000000,1769205599999999,72632.95160000,435,315300.00000000,38049.21890000,0
1769205600000000,0.12040000,0.12130000,0.12020000,0.12050000,558378.00000000,1769209199999999,67371.95700000,404,217958.00000000,26316.13000000,0
1769209200000000,0.12050000,0.12050000,0.11970000,0.12030000,259555.00000000,1769212799999999,31171.21890000,240,111787.00000000,13420.72180000,0
1769212800000000,0.12030000,0.12030000,0.11930000,0.11940000,416387.00000000,1769216399999999,49865.20860000,339,214264.00000000,25666.12840000,0
1769216400000000,0.11930000,0.11960000,0.11920000,0.11940000,290531.00000000,1769219999999999,34687.18160000,190,169612.00000000,20250.24240000,0
1769220000000000,0.11950000,0.12070000,0.11940000,0.12030000,758365.00000000,1769223599999999,91085.01090000,498,372978.00000000,44865.13020000,0
1769223600000000,0.12030000,0.12100000,0.12020000,0.12060000,703457.00000000,1769227199999999,84918.43630000,398,311130.00000000,37554.41360000,0
1769227200000000,0.12070000,0.12100000,0.11990000,0.12010000,659882.00000000,1769230799999999,79456.91390000,330,274097.00000000,33001.06040000,0
1769230800000000,0.12010000,0.12030000,0.11980000,0.12020000,380819.00000000,1769234399999999,45677.87510000,299,194810.00000000,23371.84760000,0
1769234400000000,0.12020000,0.12070000,0.12000000,0.12040000,484420.00000000,1769237999999999,58292.75710000,406,238332.00000000,28679.01890000,0
1769238000000000,0.12040000,0.12060000,0.12000000,0.12010000,127657.00000000,1769241599999999,15361.45950000,199,66725.00000000,8032.88740000,0
1769241600000000,0.12000000,0.12050000,0.11990000,0.12020000,505761.00000000,1769245199999999,60788.42880000,368,260330.00000000,31290.36580000,0
1769245200000000,0.12020000,0.12020000,0.11980000,0.12000000,288683.00000000,1769248799999999,34633.31020000,200,122712.00000000,14721.38420000,0
1769248800000000,0.12000000,0.12010000,0.11990000,0.12000000,233547.00000000,1769252399999999,28026.41800000,221,108673.00000000,13040.95790000,0
1769252400000000,0.11990000,0.12020000,0.11990000,0.11990000,491242.00000000,1769255999999999,58998.31150000,247,169860.00000000,20393.17900000,0
1769256000000000,0.11990000,0.12000000,0.11960000,0.11980000,342225.00000000,1769259599999999,40980.93990000,250,195247.00000000,23382.28050000,0
1769259600000000,0.11970000,0.12000000,0.11920000,0.11930000,322417.00000000,1769263199999999,38586.99310000,233,124011.00000000,14844.67450000,0
1769263200000000,0.11930000,0.12000000,0.11900000,0.11970000,546938.00000000,1769266799999999,65414.29720000,366,227649.00000000,27238.86860000,0
1769266800000000,0.11970000,0.11980000,0.11890000,0.11890000,326247.00000000,1769270399999999,38991.28230000,306,116384.00000000,13909.88120000,0
1769270400000000,0.11890000,0.11950000,0.11820000,0.11930000,552576.00000000,1769273999999999,65710.11560000,504,361939.00000000,43047.66380000,0
1769274000000000,0.11930000,0.11960000,0.11910000,0.11920000,377365.00000000,1769277599999999,45005.14430000,332,165470.00000000,19735.48160000,0
1769277600000000,0.11920000,0.11920000,0.11830000,0.11830000,594004.00000000,1769281199999999,70547.18500000,648,168746.00000000,20073.88420000,0
1769281200000000,0.11840000,0.11860000,0.11790000,0.11800000,650231.00000000,1769284799999999,76866.27230000,424,287616.00000000,34009.50260000,0
1769284800000000,0.11800000,0.11870000,0.11790000,0.11850000,232709.00000000,1769288399999999,27536.47220000,232,152502.00000000,18047.58600000,0
1769288400000000,0.11850000,0.11860000,0.11830000,0.11850000,180754.00000000,1769291999999999,21403.88460000,188,72118.00000000,8539.99910000,0
1769292000000000,0.11850000,0.11880000,0.11830000,0.11870000,238549.00000000,1769295599999999,28269.97950000,178,100966.00000000,11965.89340000,0
1769295600000000,0.11860000,0.11880000,0.11840000,0.11860000,233185.00000000,1769299199999999,27647.30640000,203,118127.00000000,14007.92320000,0
1769299200000000,0.11850000,0.11920000,0.11840000,0.11920000,543331.00000000,1769302799999999,64532.21720000,377,163737.00000000,19454.31990000,0
1769302800000000,0.11920000,0.11930000,0.11840000,0.11860000,384353.00000000,1769306399999999,45637.64970000,248,135962.00000000,16146.10860000,0
1769306400000000,0.11870000,0.11920000,0.11820000,0.11830000,151031.00000000,1769309999999999,17909.19970000,214,81351.00000000,9644.80010000,0
1769310000000000,0.11840000,0.11860000,0.11710000,0.11740000,567107.00000000,1769313599999999,66678.10650000,469,236383.00000000,27787.79290000,0
1769313600000000,0.11730000,0.11790000,0.11690000,0.11740000,600517.00000000,1769317199999999,70512.90500000,480,310200.00000000,36409.27790000,0
1769317200000000,0.11740000,0.11750000,0.11690000,0.11740000,443061.00000000,1769320799999999,51925.67790000,333,121648.00000000,14263.14330000,0
1769320800000000,0.11730000,0.11730000,0.11660000,0.11680000,472240.00000000,1769324399999999,55196.86210000,412,227941.00000000,26652.31300000,0
1769324400000000,0.11670000,0.11700000,0.11640000,0.11680000,336826.00000000,1769327999999999,39288.24380000,330,161547.00000000,18847.35590000,0
1769328000000000,0.11680000,0.11700000,0.11610000,0.11630000,861687.00000000,1769331599999999,100271.51910000,549,373435.00000000,43486.56780000,0
1769331600000000,0.11620000,0.11670000,0.11590000,0.11640000,1021280.00000000,1769335199999999,118668.71580000,544,284771.00000000,33119.90170000,0
1769335200000000,0.11640000,0.11770000,0.11640000,0.11720000,743779.00000000,1769338799999999,87073.81200000,341,422377.00000000,49488.86680000,0
1769338800000000,0.11720000,0.11750000,0.11670000,0.11690000,227615.00000000,1769342399999999,26665.06080000,265,91126.00000000,10678.64540000,0
1769342400000000,0.11680000,0.11680000,0.11590000,0.11670000,515121.00000000,1769345999999999,59938.57100000,431,210518.00000000,24489.90530000,0
1769346000000000,0.11660000,0.11690000,0.11630000,0.11680000,355414.00000000,1769349599999999,41486.17750000,346,205541.00000000,23992.08540000,0
1769349600000000,0.11680000,0.11680000,0.11550000,0.11600000,629499.00000000,1769353199999999,72955.72270000,562,254573.00000000,29505.52750000,0
1769353200000000,0.11610000,0.11660000,0.11590000,0.11630000,632954.00000000,1769356799999999,73524.62490000,579,321211.00000000,37315.09600000,0
1769356800000000,0.11620000,0.11620000,0.11380000,0.11460000,2821401.00000000,1769360399999999,323292.90370000,2133,1434593.00000000,164418.89940000,0
1769360400000000,0.11470000,0.11480000,0.11370000,0.11430000,723572.00000000,1769363999999999,82730.49180000,638,347137.00000000,39677.43040000,0
1769364000000000,0.11420000,0.11440000,0.11280000,0.11360000,1619776.00000000,1769367599999999,184057.12050000,1294,647310.00000000,73525.39620000,0
1769367600000000,0.11360000,0.11390000,0.11220000,0.11290000,3740716.00000000,1769371199999999,421731.26440000,2314,2324174.00000000,261921.09120000,0
1769371200000000,0.11300000,0.11340000,0.11240000,0.11330000,2325912.00000000,1769374799999999,262364.61640000,1234,1289925.00000000,145525.10440000,0
1769374800000000,0.11320000,0.11610000,0.11320000,0.11570000,2484718.00000000,1769378399999999,285065.56720000,1577,1608595.00000000,184605.73380000,0
1769378400000000,0.11570000,0.11570000,0.11390000,0.11440000,2260364.00000000,1769381999999999,259764.57120000,1183,1186632.00000000,136435.77880000,0
1769382000000000,0.11440000,0.11500000,0.11360000,0.11470000,685313.00000000,1769385599999999,78435.56460000,452,324833.00000000,37214.47280000,0
1769385600000000,0.11460000,0.11610000,0.11430000,0.11590000,1562245.00000000,1769389199999999,179910.16750000,744,748817.00000000,86264.59430000,0
1769389200000000,0.11580000,0.11790000,0.11560000,0.11770000,1661328.00000000,1769392799999999,194796.19330000,1033,870487.00000000,102076.00990000,0
1769392800000000,0.11760000,0.11760000,0.11620000,0.11630000,1018482.00000000,1769396399999999,119045.83750000,578,528506.00000000,61772.60110000,0
1769396400000000,0.11640000,0.11670000,0.11580000,0.11600000,627395.00000000,1769399999999999,72921.18980000,516,226683.00000000,26341.58090000,0
1769400000000000,0.11610000,0.11760000,0.11590000,0.11660000,1597812.00000000,1769403599999999,186705.17240000,1124,979348.00000000,114569.15970000,0
1769403600000000,0.11670000,0.11740000,0.11660000,0.11680000,1134939.00000000,1769407199999999,132799.99090000,695,821538.00000000,96144.33330000,0
1769407200000000,0.11680000,0.11870000,0.11640000,0.11860000,2063807.00000000,1769410799999999,241647.76020000,1318,1071621.00000000,125575.65220000,0
1769410800000000,0.11850000,0.11850000,0.11740000,0.11790000,913895.00000000,1769414399999999,107804.08600000,683,432533.00000000,51028.17370000,0
1769414400000000,0.11780000,0.11990000,0.11780000,0.11880000,2083737.00000000,1769417999999999,248139.56750000,1200,1333652.00000000,158825.25150000,0
1769418000000000,0.11880000,0.11900000,0.11790000,0.11850000,1384804.00000000,1769421599999999,163971.14130000,1002,588828.00000000,69709.44740000,0
1769421600000000,0.11840000,0.11980000,0.11830000,0.11980000,1209906.00000000,1769425199999999,144026.28460000,772,718099.00000000,85473.22280000,0
1769425200000000,0.11980000,0.12170000,0.11970000,0.12120000,1386829.00000000,1769428799999999,167155.28480000,867,739034.00000000,89083.07850000,0
1769428800000000,0.12120000,0.12240000,0.12070000,0.12210000,3556824.00000000,1769432399999999,431689.89480000,1987,1931867.00000000,234455.84420000,0
1769432400000000,0.12210000,0.12320000,0.12110000,0.12230000,4865964.00000000,1769435999999999,594559.93290000,2635,2250647.00000000,275140.09150000,0
1769436000000000,0.12230000,0.12450000,0.12130000,0.12400000,3739654.00000000,1769439599999999,458602.83740000,2107,1988502.00000000,243996.25220000,0
1769439600000000,0.12390000,0.12600000,0.12360000,0.12370000,7426049.00000000,1769443199999999,927389.66740000,4247,3418979.00000000,427091.69170000,0
1769443200000000,0.12370000,0.12410000,0.12200000,0.12250000,4791136.00000000,1769446799999999,588808.88170000,2665,1764503.00000000,216841.38270000,0
1769446800000000,0.12250000,0.12350000,0.12130000,0.12290000,2909220.00000000,1769450399999999,356092.68850000,1460,1093824.00000000,133874.06390000,0
1769450400000000,0.12280000,0.12360000,0.12240000,0.12290000,1076153.00000000,1769453999999999,132175.14800000,776,548086.00000000,67341.74060000,0
1769454000000000,0.12290000,0.12350000,0.12230000,0.12260000,1952397.00000000,1769457599999999,239864.60630000,938,1312722.00000000,161259.05760000,0
1769457600000000,0.12260000,0.12260000,0.12170000,0.12230000,1083693.00000000,1769461199999999,132342.45350000,538,578204.00000000,70605.36230000,0
1769461200000000,0.12240000,0.12380000,0.12200000,0.12270000,1865803.00000000,1769464799999999,229157.28540000,1131,766956.00000000,94183.00470000,0
1769464800000000,0.12270000,0.12480000,0.12270000,0.12320000,2222240.00000000,1769468399999999,274619.81650000,1204,1090237.00000000,134814.07590000,0
1769468400000000,0.12320000,0.12320000,0.12210000,0.12210000,1002468.00000000,1769471999999999,122952.62570000,593,591663.00000000,72573.45910000,0
1769472000000000,0.12210000,0.12220000,0.12150000,0.12190000,835676.00000000,1769475599999999,101927.81830000,566,406579.00000000,49594.09430000,0
1769475600000000,0.12190000,0.12280000,0.12170000,0.12260000,790892.00000000,1769479199999999,96619.59790000,467,359967.00000000,43992.43550000,0
1769479200000000,0.12260000,0.12300000,0.12180000,0.12220000,732252.00000000,1769482799999999,89516.19450000,398,457673.00000000,55945.91870000,0
1769482800000000,0.12220000,0.12220000,0.12160000,0.12200000,704105.00000000,1769486399999999,85862.31810000,567,303574.00000000,37022.56460000,0
1769486400000000,0.12200000,0.12320000,0.12200000,0.12230000,2540807.00000000,1769489999999999,311576.32220000,2376,1429864.00000000,175411.33240000,0
1769490000000000,0.12220000,0.12230000,0.12050000,0.12160000,2404651.00000000,1769493599999999,291832.43120000,1487,1203860.00000000,146049.07050000,0
1769493600000000,0.12160000,0.12170000,0.12060000,0.12070000,1319810.00000000,1769497199999999,159878.94310000,691,303429.00000000,36789.63220000,0
1769497200000000,0.12070000,0.12090000,0.11990000,0.12040000,738268.00000000,1769500799999999,88947.10670000,675,252276.00000000,30411.85930000,0
1769500800000000,0.12030000,0.12050000,0.11970000,0.12000000,453789.00000000,1769504399999999,54441.99550000,417,178612.00000000,21429.95710000,0
1769504400000000,0.12000000,0.12000000,0.11950000,0.11960000,604795.00000000,1769507999999999,72381.36950000,492,177398.00000000,21241.38460000,0
1769508000000000,0.11950000,0.11990000,0.11930000,0.11970000,1288059.00000000,1769511599999999,154122.18730000,580,773733.00000000,92614.01920000,0
1769511600000000,0.11970000,0.11970000,0.11880000,0.11940000,452220.00000000,1769515199999999,53919.31090000,414,200864.00000000,23964.74820000,0
1769515200000000,0.11940000,0.11960000,0.11860000,0.11900000,789093.00000000,1769518799999999,94003.31710000,474,334459.00000000,39872.03660000,0
1769518800000000,0.11900000,0.11930000,0.11880000,0.11920000,797532.00000000,1769522399999999,94915.79320000,483,348827.00000000,41519.80080000,0
1769522400000000,0.11920000,0.12010000,0.11880000,0.11890000,1440727.00000000,1769525999999999,172025.48950000,896,726706.00000000,86780.33870000,0
1769526000000000,0.11890000,0.12080000,0.11870000,0.12050000,1679912.00000000,1769529599999999,201424.47150000,875,1089512.00000000,130708.23770000,0
1769529600000000,0.12060000,0.12280000,0.12040000,0.12220000,2679399.00000000,1769533199999999,326418.81390000,1667,1350315.00000000,164537.66920000,0
1769533200000000,0.12220000,0.12230000,0.11870000,0.11920000,1826158.00000000,1769536799999999,219028.04290000,1060,816857.00000000,97919.52620000,0
1769536800000000,0.11920000,0.12050000,0.11890000,0.12000000,886123.00000000,1769540399999999,105765.94110000,684,509843.00000000,60866.72880000,0
1769540400000000,0.12000000,0.12040000,0.11950000,0.12010000,521886.00000000,1769543999999999,62587.26010000,462,279362.00000000,33520.23580000,0
1769544000000000,0.12010000,0.12180000,0.12010000,0.12160000,1592411.00000000,1769547599999999,192753.39800000,985,859183.00000000,103988.27500000,0
1769547600000000,0.12160000,0.12180000,0.12040000,0.12070000,1692370.00000000,1769551199999999,204943.86360000,726,866366.00000000,105033.33040000,0
1769551200000000,0.12070000,0.12220000,0.12070000,0.12170000,947187.00000000,1769554799999999,115232.84870000,389,509324.00000000,61980.35780000,0
1769554800000000,0.12180000,0.12230000,0.12150000,0.12200000,682276.00000000,1769558399999999,83136.01240000,481,264424.00000000,32233.65570000,0
1769558400000000,0.12200000,0.12280000,0.12150000,0.12280000,697631.00000000,1769561999999999,85230.24600000,501,276955.00000000,33836.88840000,0
1769562000000000,0.12280000,0.12320000,0.12200000,0.12230000,791377.00000000,1769565599999999,97055.76030000,534,325453.00000000,39922.02430000,0
1769565600000000,0.12220000,0.12250000,0.12160000,0.12240000,485238.00000000,1769569199999999,59192.71060000,393,237035.00000000,28920.00960000,0
1769569200000000,0.12240000,0.12260000,0.12190000,0.12190000,484867.00000000,1769572799999999,59264.21620000,435,233667.00000000,28569.13340000,0
1769572800000000,0.12190000,0.12190000,0.12080000,0.12100000,722419.00000000,1769576399999999,87584.61310000,582,305109.00000000,36986.97330000,0
1769576400000000,0.12110000,0.12140000,0.12070000,0.12130000,498626.00000000,1769579999999999,60388.75720000,319,251927.00000000,30514.55920000,0
1769580000000000,0.12140000,0.12190000,0.12100000,0.12170000,452059.00000000,1769583599999999,54894.61190000,341,178363.00000000,21652.17030000,0
1769583600000000,0.12170000,0.12170000,0.12080000,0.12100000,484898.00000000,1769587199999999,58771.36520000,413,157277.00000000,19055.76450000,0
1769587200000000,0.12100000,0.12110000,0.12040000,0.12040000,427057.00000000,1769590799999999,51574.15860000,295,231050.00000000,27908.41530000,0
1769590800000000,0.12050000,0.12150000,0.12000000,0.12110000,2182760.00000000,1769594399999999,263385.51470000,1079,894224.00000000,107820.92970000,0
1769594400000000,0.12120000,0.12160000,0.12080000,0.12140000,911368.00000000,1769597999999999,110470.69590000,531,503656.00000000,61051.11590000,0
1769598000000000,0.12140000,0.12210000,0.12100000,0.12200000,534812.00000000,1769601599999999,65044.38570000,444,239258.00000000,29101.18510000,0
1769601600000000,0.12200000,0.12210000,0.12110000,0.12160000,740542.00000000,1769605199999999,90037.42770000,445,333337.00000000,40534.37710000,0
1769605200000000,0.12170000,0.12200000,0.12130000,0.12150000,1306494.00000000,1769608799999999,158958.78540000,643,722056.00000000,87830.49220000,0
1769608800000000,0.12150000,0.12180000,0.12070000,0.12130000,1484285.00000000,1769612399999999,179998.29050000,864,710667.00000000,86186.33330000,0
1769612400000000,0.12120000,0.12160000,0.12000000,0.12010000,1344808.00000000,1769615999999999,162245.79000000,746,705350.00000000,85115.85820000,0
1769616000000000,0.12020000,0.12030000,0.11930000,0.11960000,1072086.00000000,1769619599999999,128414.98400000,748,515951.00000000,61794.66540000,0
1769619600000000,0.11970000,0.12200000,0.11950000,0.12150000,876038.00000000,1769623199999999,105626.11730000,614,454973.00000000,54859.74800000,0
1769623200000000,0.12150000,0.12150000,0.12060000,0.12090000,872973.00000000,1769626799999999,105671.26820000,518,377867.00000000,45733.99870000,0
1769626800000000,0.12100000,0.12170000,0.12050000,0.12150000,1909118.00000000,1769630399999999,231013.24090000,1192,916459.00000000,110905.01830000,0
1769630400000000,0.12140000,0.12260000,0.12090000,0.12130000,972690.00000000,1769633999999999,118399.33970000,658,471374.00000000,57365.46810000,0
1769634000000000,0.12140000,0.12230000,0.12070000,0.12190000,1251101.00000000,1769637599999999,152112.22730000,691,708826.00000000,86187.42680000,0
1769637600000000,0.12190000,0.12260000,0.12140000,0.12240000,558533.00000000,1769641199999999,68183.37370000,338,274602.00000000,33528.41550000,0
1769641200000000,0.12250000,0.12630000,0.12180000,0.12630000,6369414.00000000,1769644799999999,791487.19590000,4131,4023948.00000000,500122.32690000,0
1769644800000000,0.12620000,0.12690000,0.12340000,0.12400000,4524761.00000000,1769648399999999,566252.28030000,3016,2159034.00000000,270411.77190000,0
1769648400000000,0.12410000,0.12440000,0.12260000,0.12280000,1296327.00000000,1769651999999999,159870.54130000,850,553818.00000000,68282.65680000,0
1769652000000000,0.12280000,0.12490000,0.12230000,0.12230000,2048931.00000000,1769655599999999,252518.69070000,1603,836905.00000000,103132.45380000,0
1769655600000000,0.12230000,0.12360000,0.12180000,0.12290000,1963642.00000000,1769659199999999,240889.75230000,1210,961837.00000000,117923.46650000,0
1769659200000000,0.12280000,0.12320000,0.12180000,0.12260000,1422532.00000000,1769662799999999,174412.90930000,806,874780.00000000,107273.26620000,0
1769662800000000,0.12250000,0.12260000,0.12100000,0.12110000,1203479.00000000,1769666399999999,146682.74180000,718,470471.00000000,57343.34750000,0
1769666400000000,0.12110000,0.12170000,0.12090000,0.12170000,1318095.00000000,1769669999999999,159669.47310000,572,517690.00000000,62699.11910000,0
1769670000000000,0.12160000,0.12260000,0.12080000,0.12100000,736617.00000000,1769673599999999,89789.32160000,631,379895.00000000,46297.50040000,0
1769673600000000,0.12090000,0.12140000,0.12040000,0.12070000,883472.00000000,1769677199999999,106749.67610000,651,392586.00000000,47430.86460000,0
1769677200000000,0.12060000,0.12100000,0.11980000,0.12000000,1686161.00000000,1769680799999999,202725.94860000,1008,531661.00000000,63986.66280000,0
1769680800000000,0.12000000,0.12030000,0.11940000,0.12000000,1963567.00000000,1769684399999999,235300.87830000,886,1141389.00000000,136805.61680000,0
1769684400000000,0.12000000,0.12010000,0.11880000,0.11900000,2238838.00000000,1769687999999999,267255.43830000,947,648471.00000000,77553.37130000,0
1769688000000000,0.11890000,0.11960000,0.11860000,0.11950000,751473.00000000,1769691599999999,89523.05000000,613,363758.00000000,43371.04670000,0
1769691600000000,0.11950000,0.12040000,0.11950000,0.12020000,533189.00000000,1769695199999999,63945.34890000,414,342259.00000000,41055.71170000,0
1769695200000000,0.12030000,0.12080000,0.11680000,0.11700000,2430203.00000000,1769698799999999,288030.49660000,1466,870925.00000000,103372.55900000,0
1769698800000000,0.11700000,0.11710000,0.11350000,0.11520000,8288937.00000000,1769702399999999,951593.56940000,5719,3878758.00000000,445274.11310000,0
1769702400000000,0.11510000,0.11680000,0.11440000,0.11670000,2075605.00000000,1769705999999999,239310.69260000,1579,1142671.00000000,131794.68560000,0
1769706000000000,0.11670000,0.11780000,0.11380000,0.11420000,2320885.00000000,1769709599999999,268602.56510000,1631,775217.00000000,90001.19100000,0
1769709600000000,0.11420000,0.11430000,0.11250000,0.11260000,4614620.00000000,1769713199999999,523533.14080000,2578,2298704.00000000,260860.45260000,0
1769713200000000,0.11260000,0.11450000,0.11250000,0.11400000,2008955.00000000,1769716799999999,228292.89540000,1202,1079260.00000000,122593.26990000,0
1769716800000000,0.11400000,0.11520000,0.11380000,0.11510000,812409.00000000,1769720399999999,92903.13200000,569,449498.00000000,51434.59530000,0
1769720400000000,0.11510000,0.11560000,0.11480000,0.11510000,661152.00000000,1769723999999999,76166.96010000,512,337332.00000000,38857.17980000,0
1769724000000000,0.11510000,0.11540000,0.11420000,0.11440000,277866.00000000,1769727599999999,31891.26240000,312,156270.00000000,17935.75860000,0
1769727600000000,0.11440000,0.11490000,0.11380000,0.11450000,558063.00000000,1769731199999999,63850.87440000,445,356207.00000000,40763.50900000,0
1769731200000000,0.11450000,0.11530000,0.11450000,0.11500000,945864.00000000,1769734799999999,108633.12130000,487,499732.00000000,57401.63250000,0
1769734800000000,0.11500000,0.11790000,0.11140000,0.11340000,7584374.00000000,1769738399999999,856065.25810000,5255,4560722.00000000,514781.14840000,0
1769738400000000,0.11340000,0.11340000,0.11050000,0.11140000,1919954.00000000,1769741999999999,214616.77180000,1181,946025.00000000,105872.51690000,0
1769742000000000,0.11150000,0.11220000,0.11120000,0.11140000,801433.00000000,1769745599999999,89388.58570000,595,322312.00000000,35947.84790000,0
1769745600000000,0.11140000,0.11280000,0.11130000,0.11190000,871243.00000000,1769749199999999,97622.47930000,661,438873.00000000,49175.73880000,0
1769749200000000,0.11190000,0.11220000,0.11150000,0.11160000,614223.00000000,1769752799999999,68660.18210000,371,280935.00000000,31404.74100000,0
1769752800000000,0.11170000,0.11170000,0.11020000,0.11110000,1769355.00000000,1769756399999999,196351.13190000,983,844559.00000000,93758.28660000,0
1769756400000000,0.11120000,0.11300000,0.11110000,0.11250000,1387056.00000000,1769759999999999,155861.40540000,877,719583.00000000,80855.52350000,0
1769760000000000,0.11250000,0.11250000,0.11100000,0.11160000,993627.00000000,1769763599999999,111216.04460000,602,625504.00000000,70043.70420000,0
1769763600000000,0.11170000,0.11210000,0.11080000,0.11140000,2314734.00000000,1769767199999999,257846.86810000,1790,1210580.00000000,134877.28700000,0
1769767200000000,0.11140000,0.11200000,0.11080000,0.11200000,1123105.00000000,1769770799999999,125221.98370000,808,701223.00000000,78187.48110000,0
1769770800000000,0.11190000,0.11320000,0.11150000,0.11290000,707428.00000000,1769774399999999,79392.50900000,586,395364.00000000,44391.34320000,0
1769774400000000,0.11300000,0.11300000,0.11180000,0.11210000,607589.00000000,1769777999999999,68180.90660000,456,301061.00000000,33787.38820000,0
1769778000000000,0.11210000,0.11230000,0.11090000,0.11140000,2237426.00000000,1769781599999999,249293.61690000,1196,984182.00000000,109674.57370000,0
1769781600000000,0.11140000,0.11340000,0.11130000,0.11220000,2363831.00000000,1769785199999999,265748.50350000,1393,1230491.00000000,138400.51440000,0
1769785200000000,0.11230000,0.11290000,0.11050000,0.11180000,2295694.00000000,1769788799999999,257182.84460000,1330,998186.00000000,111854.37040000,0
1769788800000000,0.11170000,0.11270000,0.11110000,0.11190000,2562573.00000000,1769792399999999,286949.08850000,1308,1403862.00000000,157340.62820000,0
1769792400000000,0.11190000,0.11280000,0.11120000,0.11190000,1307539.00000000,1769795999999999,146433.53860000,857,657603.00000000,73653.29740000,0
1769796000000000,0.11200000,0.11400000,0.10930000,0.11370000,3380650.00000000,1769799599999999,376409.37630000,2220,1393308.00000000,155445.87950000,0
1769799600000000,0.11370000,0.11440000,0.11280000,0.11280000,2027424.00000000,1769803199999999,230292.46500000,1278,956473.00000000,108656.89640000,0
1769803200000000,0.11280000,0.11280000,0.11110000,0.11140000,2429576.00000000,1769806799999999,271933.93900000,1552,1217625.00000000,136287.65860000,0
1769806800000000,0.11140000,0.11230000,0.11070000,0.11120000,1836836.00000000,1769810399999999,204609.12340000,1121,1142811.00000000,127308.02880000,0
1769810400000000,0.11120000,0.11150000,0.11030000,0.11140000,523885.00000000,1769813999999999,58119.82300000,458,283844.00000000,31492.09000000,0
1769814000000000,0.11140000,0.11210000,0.11090000,0.11210000,725921.00000000,1769817599999999,80835.25890000,541,328420.00000000,36573.94080000,0
1769817600000000,0.11210000,0.11230000,0.11170000,0.11200000,1118416.00000000,1769821199999999,125232.65900000,549,502918.00000000,56285.79640000,0
1769821200000000,0.11190000,0.11290000,0.11190000,0.11240000,1413198.00000000,1769824799999999,159060.88280000,560,597459.00000000,67179.82450000,0
1769824800000000,0.11250000,0.11280000,0.11180000,0.11220000,641267.00000000,1769828399999999,71931.82820000,451,317027.00000000,35555.11840000,0
1769828400000000,0.11230000,0.11240000,0.11150000,0.11170000,457343.00000000,1769831999999999,51157.15360000,339,245221.00000000,27440.99390000,0
1769832000000000,0.11170000,0.11200000,0.11130000,0.11160000,550159.00000000,1769835599999999,61408.16560000,404,216239.00000000,24137.44080000,0
1769835600000000,0.11160000,0.11180000,0.11140000,0.11140000,455230.00000000,1769839199999999,50809.64020000,439,132623.00000000,14809.68640000,0
1769839200000000,0.11150000,0.11150000,0.11030000,0.11070000,732116.00000000,1769842799999999,81196.20720000,621,345869.00000000,38364.27470000,0
1769842800000000,0.11070000,0.11120000,0.10990000,0.11070000,1013347.00000000,1769846399999999,112083.47110000,682,476207.00000000,52695.04610000,0
1769846400000000,0.11080000,0.11100000,0.10820000,0.10920000,2975325.00000000,1769849999999999,324754.38590000,2067,1237916.00000000,135042.15200000,0
1769850000000000,0.10920000,0.10960000,0.10830000,0.10840000,2047107.00000000,1769853599999999,223197.24790000,1467,674627.00000000,73558.63690000,0
1769853600000000,0.10840000,0.10890000,0.10770000,0.10860000,1947208.00000000,1769857199999999,210697.85390000,1284,798988.00000000,86506.54530000,0
1769857200000000,0.10870000,0.10900000,0.10800000,0.10820000,982347.00000000,1769860799999999,106563.52960000,691,510770.00000000,55381.30480000,0
1769860800000000,0.10830000,0.10870000,0.10800000,0.10820000,984289.00000000,1769864399999999,106542.26340000,793,542559.00000000,58727.94120000,0
1769864400000000,0.10820000,0.10840000,0.10710000,0.10730000,1874958.00000000,1769867999999999,201956.06250000,1265,1000099.00000000,107776.45700000,0
1769868000000000,0.10730000,0.10760000,0.10200000,0.10330000,11028842.00000000,1769871599999999,1147901.13980000,6519,5222128.00000000,543658.53040000,0
1769871600000000,0.10320000,0.10450000,0.10280000,0.10310000,2762441.00000000,1769875199999999,286499.02650000,1617,1467801.00000000,152245.42940000,0
1769875200000000,0.10300000,0.10490000,0.10210000,0.10250000,4879611.00000000,1769878799999999,503768.87440000,2859,2211229.00000000,228365.57920000,0
1769878800000000,0.10260000,0.10280000,0.09750000,0.09960000,15965494.00000000,1769882399999999,1591435.72170000,9353,7072575.00000000,704778.85680000,0
1769882400000000,0.09970000,0.10090000,0.09470000,0.09980000,19222877.00000000,1769885999999999,1895621.64820000,9840,8964524.00000000,883683.46170000,0
1769886000000000,0.09970000,0.10150000,0.09920000,0.10050000,6067094.00000000,1769889599999999,608872.32280000,3116,3053893.00000000,306595.31180000,0
1769889600000000,0.10060000,0.10170000,0.09950000,0.10150000,3335689.00000000,1769893199999999,335352.44690000,2773,1937520.00000000,194855.75930000,0
1769893200000000,0.10160000,0.10320000,0.10100000,0.10260000,3092908.00000000,1769896799999999,315371.84320000,2544,1474235.00000000,150326.16850000,0
1769896800000000,0.10270000,0.10290000,0.10190000,0.10270000,2633656.00000000,1769900399999999,269611.43700000,2053,1353546.00000000,138574.83860000,0
1769900400000000,0.10280000,0.10550000,0.10260000,0.10400000,3115887.00000000,1769903999999999,324041.49050000,2026,1569538.00000000,163244.94050000,0
