1775001600000000,0.09390000,0.09770000,0.09360000,0.09680000,7382317.00000000,1775005199999999,705117.59630000,3662,4046997.00000000,386853.19910000,0
1775005200000000,0.09690000,0.09990000,0.09680000,0.09780000,5984383.00000000,1775008799999999,589730.35010000,3940,2764877.00000000,272685.45680000,0
1775008800000000,0.09790000,0.09870000,0.09550000,0.09610000,5279321.00000000,1775012399999999,512389.36610000,2235,2596530.00000000,252277.58450000,0
1775012400000000,0.09600000,0.09970000,0.09590000,0.09920000,5719966.00000000,1775015999999999,559533.51140000,2681,2826956.00000000,276613.02650000,0
1775016000000000,0.09920000,0.10230000,0.09910000,0.10120000,13125378.00000000,1775019599999999,1321832.24430000,7275,6976945.00000000,703042.18800000,0
1775019600000000,0.10130000,0.10370000,0.09990000,0.10350000,8459663.00000000,1775023199999999,865052.04780000,4499,4571621.00000000,468711.39420000,0
1775023200000000,0.10350000,0.10560000,0.10090000,0.10110000,13076210.00000000,1775026799999999,1356239.70880000,7244,6388908.00000000,663690.31490000,0
1775026800000000,0.10100000,0.10160000,0.09930000,0.09960000,4677624.00000000,1775030399999999,470222.13670000,2169,1833741.00000000,184438.13190000,0
1775030400000000,0.09960000,0.10430000,0.09960000,0.10320000,9238040.00000000,1775033999999999,946476.86360000,3378,4593014.00000000,470403.13500000,0
1775034000000000,0.10330000,0.10500000,0.10240000,0.10310000,8893803.00000000,1775037599999999,922556.36920000,3370,4957217.00000000,514490.91530000,0
1775037600000000,0.10310000,0.10540000,0.10300000,0.10440000,3303480.00000000,1775041199999999,344784.13060000,1508,2115346.00000000,220860.00760000,0
1775041200000000,0.10450000,0.10680000,0.10360000,0.10660000,4989680.00000000,1775044799999999,525067.00700000,2461,2654969.00000000,279869.50260000,0
1775044800000000,0.10660000,0.11020000,0.10630000,0.10650000,14002054.00000000,1775048399999999,1511895.93850000,11041,7533941.00000000,813304.78130000,0
1775048400000000,0.10660000,0.10860000,0.10390000,0.10670000,12675960.00000000,1775051999999999,1348810.15560000,7528,6687452.00000000,712361.91480000,0
1775052000000000,0.10670000,0.10760000,0.10410000,0.10450000,5900460.00000000,1775055599999999,624895.34660000,2875,2592333.00000000,274582.43520000,0
1775055600000000,0.10450000,0.10890000,0.10350000,0.10640000,7363084.00000000,1775059199999999,782633.12410000,3947,3856698.00000000,410206.60120000,0
1775059200000000,0.10640000,0.10640000,0.10460000,0.10590000,4649298.00000000,1775062799999999,490801.90400000,2744,2269656.00000000,239670.34390000,0
1775062800000000,0.10600000,0.10680000,0.10350000,0.10510000,7050010.00000000,1775066399999999,740717.22830000,4264,3371636.00000000,354360.19740000,0
1775066400000000,0.10520000,0.10580000,0.10320000,0.10330000,4070136.00000000,1775069999999999,425767.17620000,2018,1988340.00000000,208082.33020000,0
1775070000000000,0.10330000,0.10420000,0.10220000,0.10310000,4938928.00000000,1775073599999999,509318.35060000,2199,2193838.00000000,226330.75900000,0
1775073600000000,0.10320000,0.10370000,0.10160000,0.10170000,3024919.00000000,1775077199999999,310151.18730000,1266,1287620.00000000,132108.76370000,0
1775077200000000,0.10170000,0.10370000,0.10170000,0.10310000,1547759.00000000,1775080799999999,158869.47460000,793,1058793.00000000,108681.84860000,0
1775080800000000,0.10310000,0.10320000,0.10140000,0.10270000,3672529.00000000,1775084399999999,375663.17310000,1430,1601534.00000000,163777.51500000,0
1775084400000000,0.10270000,0.10350000,0.10090000,0.10260000,4991694.00000000,1775087999999999,508840.31600000,2351,2057033.00000000,209800.23800000,0
1775088000000000,0.10260000,0.10400000,0.10190000,0.10320000,5310262.00000000,1775091599999999,545300.04330000,2553,2675431.00000000,274824.48230000,0
1775091600000000,0.10320000,0.10360000,0.09980000,0.10100000,6248740.00000000,1775095199999999,633223.47520000,3072,2893419.00000000,293500.46790000,0
1775095200000000,0.10110000,0.10210000,0.09950000,0.10040000,4116329.00000000,1775098799999999,414757.24380000,2117,2019815.00000000,203687.22170000,0
1775098800000000,0.10040000,0.10100000,0.09860000,0.09910000,3422675.00000000,1775102399999999,340554.78710000,1606,1004175.00000000,100052.29740000,0
1775102400000000,0.09910000,0.09950000,0.09810000,0.09830000,2108128.00000000,1775105999999999,207922.31790000,1249,903519.00000000,89149.31860000,0
1775106000000000,0.09820000,0.10000000,0.09810000,0.09940000,2981702.00000000,1775109599999999,296232.86830000,1579,1410865.00000000,140103.48700000,0
1775109600000000,0.09940000,0.10040000,0.09870000,0.10020000,2948329.00000000,1775113199999999,293115.93450000,1850,1576090.00000000,156699.45530000,0
1775113200000000,0.10020000,0.10270000,0.09950000,0.10160000,4894026.00000000,1775116799999999,495303.41660000,2430,2822969.00000000,285946.00370000,0
1775116800000000,0.10160000,0.10310000,0.10150000,0.10160000,4805926.00000000,1775120399999999,490759.22100000,2571,2191527.00000000,224003.19470000,0
1775120400000000,0.10160000,0.10410000,0.10120000,0.10380000,6070280.00000000,1775123999999999,622481.94810000,2389,3094456.00000000,317398.52370000,0
1775124000000000,0.10370000,0.10450000,0.10200000,0.10350000,5228505.00000000,1775127599999999,540948.83380000,2600,2739766.00000000,283560.69100000,0
1775127600000000,0.10340000,0.10560000,0.10270000,0.10270000,6217453.00000000,1775131199999999,649644.38330000,2843,3485740.00000000,364392.48920000,0
1775131200000000,0.10280000,0.10340000,0.10090000,0.10330000,4360753.00000000,1775134799999999,444752.86000000,2122,2091412.00000000,213329.36050000,0
1775134800000000,0.10340000,0.10460000,0.10190000,0.10430000,6647900.00000000,1775138399999999,685828.80860000,2919,3210009.00000000,331387.27210000,0
1775138400000000,0.10430000,0.10870000,0.10400000,0.10720000,7659873.00000000,1775141999999999,820351.27580000,3957,4015686.00000000,429967.81900000,0
1775142000000000,0.10710000,0.10980000,0.10530000,0.10930000,9186369.00000000,1775145599999999,980313.34370000,3740,4949197.00000000,527881.47000000,0
1775145600000000,0.10930000,0.11000000,0.10580000,0.10700000,10169021.00000000,1775149199999999,1092192.35550000,4401,4557845.00000000,489771.79410000,0
1775149200000000,0.10690000,0.10840000,0.10630000,0.10710000,5049652.00000000,1775152799999999,541705.58220000,2215,2539727.00000000,272503.66230000,0
1775152800000000,0.10710000,0.11070000,0.10680000,0.10880000,4551697.00000000,1775156399999999,494529.76090000,2622,2553769.00000000,277625.54600000,0
1775156400000000,0.10890000,0.10910000,0.10660000,0.10680000,4035989.00000000,1775159999999999,436679.64160000,2089,1951992.00000000,211223.02130000,0
1775160000000000,0.10670000,0.10730000,0.10530000,0.10560000,4173659.00000000,1775163599999999,442689.15790000,2079,2095722.00000000,222412.55610000,0
1775163600000000,0.10570000,0.10670000,0.10400000,0.10670000,3760093.00000000,1775167199999999,395203.73040000,1669,1713557.00000000,180305.67330000,0
1775167200000000,0.10660000,0.10770000,0.10570000,0.10700000,2797558.00000000,1775170799999999,298972.09620000,1574,1416433.00000000,151419.81730000,0
1775170800000000,0.10700000,0.10780000,0.10600000,0.10640000,3043116.00000000,1775174399999999,326195.99240000,1317,1205220.00000000,129080.49290000,0
1775174400000000,0.10650000,0.11070000,0.10650000,0.11060000,5422624.00000000,1775177999999999,586054.46120000,2429,3147248.00000000,340211.04630000,0
1775178000000000,0.11060000,0.11250000,0.10820000,0.11030000,15407162.00000000,1775181599999999,1707837.94520000,7452,7539869.00000000,836519.85780000,0
1775181600000000,0.11030000,0.11370000,0.11010000,0.11090000,6216010.00000000,1775185199999999,694274.91220000,3613,3306078.00000000,369025.83330000,0
1775185200000000,0.11090000,0.11560000,0.11030000,0.11440000,6588784.00000000,1775188799999999,750335.98230000,3704,3350556.00000000,381425.35640000,0
1775188800000000,0.11440000,0.11870000,0.11390000,0.11720000,9982256.00000000,1775192399999999,1163236.85560000,7368,4813531.00000000,560790.81360000,0
1775192400000000,0.11730000,0.11840000,0.11580000,0.11760000,8640862.00000000,1775195999999999,1012015.31450000,5722,3957215.00000000,463572.17250000,0
1775196000000000,0.11750000,0.12270000,0.11750000,0.12200000,10156856.00000000,1775199599999999,1223155.17780000,6669,5506584.00000000,663106.42900000,0
1775199600000000,0.12210000,0.12250000,0.11760000,0.12030000,15662120.00000000,1775203199999999,1883495.09380000,6765,7677974.00000000,923449.74270000,0
1775203200000000,0.12020000,0.12130000,0.11800000,0.11840000,8845684.00000000,1775206799999999,1055948.96890000,4652,3881146.00000000,463595.22410000,0
1775206800000000,0.11850000,0.12160000,0.11770000,0.12070000,6446360.00000000,1775210399999999,770324.12250000,3815,3172876.00000000,379258.91430000,0
1775210400000000,0.12070000,0.12290000,0.11990000,0.12030000,6829490.00000000,1775213999999999,828959.42690000,3908,3488793.00000000,423627.10560000,0
1775214000000000,0.12020000,0.12020000,0.11530000,0.11690000,12295516.00000000,1775217599999999,1446650.04520000,5681,5647277.00000000,665040.66960000,0
1775217600000000,0.11700000,0.12070000,0.11680000,0.11800000,7001658.00000000,1775221199999999,828932.43370000,3580,3880894.00000000,459575.34040000,0
1775221200000000,0.11800000,0.12130000,0.11780000,0.12020000,5218827.00000000,1775224799999999,621703.07660000,3160,2721675.00000000,324122.60510000,0
1775224800000000,0.12030000,0.12140000,0.11890000,0.12060000,6548267.00000000,1775228399999999,786314.62740000,3102,3303282.00000000,397092.87460000,0
1775228400000000,0.12060000,0.12130000,0.11900000,0.12010000,6446832.00000000,1775231999999999,774521.03800000,2722,3969213.00000000,476838.59590000,0
1775232000000000,0.12020000,0.12150000,0.11960000,0.12070000,4212194.00000000,1775235599999999,507640.94080000,1899,2121401.00000000,255776.54810000,0
1775235600000000,0.12070000,0.12250000,0.11950000,0.12140000,4459052.00000000,1775239199999999,539528.95460000,2004,2348087.00000000,284170.42130000,0
1775239200000000,0.12130000,0.12380000,0.11970000,0.11980000,10093905.00000000,1775242799999999,1228332.69490000,4252,5145194.00000000,626097.49280000,0
1775242800000000,0.11990000,0.12220000,0.11810000,0.12190000,4420567.00000000,1775246399999999,529199.27440000,2420,2315845.00000000,277288.13650000,0
1775246400000000,0.12190000,0.12290000,0.12090000,0.12220000,4033278.00000000,1775249999999999,491906.01170000,1924,2318609.00000000,282911.82100000,0
1775250000000000,0.12220000,0.12650000,0.12220000,0.12440000,16600410.00000000,1775253599999999,2069482.16610000,7832,8565602.00000000,1068294.08480000,0
1775253600000000,0.12450000,0.12610000,0.12180000,0.12200000,8859398.00000000,1775257199999999,1098064.25580000,4362,4368832.00000000,541443.40890000,0
1775257200000000,0.12190000,0.12370000,0.12100000,0.12320000,3734233.00000000,1775260799999999,457373.45840000,1875,2192145.00000000,268585.66340000,0
1775260800000000,0.12320000,0.12420000,0.12040000,0.12250000,6469214.00000000,1775264399999999,792354.29810000,3064,3067175.00000000,376136.91530000,0
1775264400000000,0.12240000,0.12300000,0.12030000,0.12120000,3598540.00000000,1775267999999999,436471.73470000,1916,1510505.00000000,183433.87000000,0
1775268000000000,0.12130000,0.12290000,0.12060000,0.12110000,2532607.00000000,1775271599999999,308404.77550000,1616,1235224.00000000,150468.81520000,0
1775271600000000,0.12120000,0.12220000,0.12040000,0.12130000,1832884.00000000,1775275199999999,222066.76060000,1242,917099.00000000,111118.79020000,0
1775275200000000,0.12130000,0.12620000,0.12100000,0.12460000,5012908.00000000,1775278799999999,623366.65250000,3094,2871154.00000000,357088.02520000,0
1775278800000000,0.12460000,0.12460000,0.11960000,0.12160000,8454221.00000000,1775282399999999,1027473.29180000,3738,3854784.00000000,468919.12110000,0
1775282400000000,0.12170000,0.12700000,0.12100000,0.12440000,5784667.00000000,1775285999999999,718525.70830000,4313,3187721.00000000,395611.45230000,0
1775286000000000,0.12450000,0.12470000,0.12120000,0.12120000,2858406.00000000,1775289599999999,351277.81330000,1961,1471994.00000000,180995.20000000,0
1775289600000000,0.12130000,0.12210000,0.12050000,0.12180000,4544664.00000000,1775293199999999,551901.76190000,2250,1936356.00000000,235282.42190000,0
1775293200000000,0.12170000,0.12210000,0.12020000,0.12120000,3181276.00000000,1775296799999999,386201.29460000,1406,1836999.00000000,223071.43070000,0
1775296800000000,0.12110000,0.12210000,0.11990000,0.12180000,5579413.00000000,1775300399999999,674273.54940000,1768,1917417.00000000,231933.10640000,0
1775300400000000,0.12190000,0.12510000,0.12140000,0.12390000,7722502.00000000,1775303999999999,953404.53210000,4846,4428048.00000000,547179.45390000,0
1775304000000000,0.12380000,0.12520000,0.12310000,0.12380000,3759204.00000000,1775307599999999,466322.33770000,2654,1655268.00000000,205426.02070000,0
1775307600000000,0.12380000,0.12380000,0.12130000,0.12330000,3844482.00000000,1775311199999999,470617.00030000,2451,2040351.00000000,249838.45160000,0
1775311200000000,0.12340000,0.12420000,0.12090000,0.12120000,4010809.00000000,1775314799999999,492103.08550000,2177,2090328.00000000,256739.54550000,0
1775314800000000,0.12110000,0.12140000,0.11790000,0.11840000,10688792.00000000,1775318399999999,1278327.12800000,4756,4463753.00000000,533679.82530000,0
1775318400000000,0.11840000,0.12090000,0.11790000,0.11990000,4702696.00000000,1775321999999999,562908.90350000,2163,2656813.00000000,318044.23100000,0
1775322000000000,0.12000000,0.12100000,0.11890000,0.11900000,2425307.00000000,1775325599999999,291187.82810000,1232,1213632.00000000,145756.44320000,0
1775325600000000,0.11890000,0.11930000,0.11830000,0.11850000,2306339.00000000,1775329199999999,274106.32570000,1199,1264222.00000000,150286.57890000,0
1775329200000000,0.11840000,0.11940000,0.11830000,0.11910000,2739645.00000000,1775332799999999,325124.70620000,1457,1352515.00000000,160492.86750000,0
1775332800000000,0.11910000,0.11930000,0.11860000,0.11930000,754120.00000000,1775336399999999,89628.34530000,561,390916.00000000,46458.68560000,0
1775336400000000,0.11930000,0.12090000,0.11910000,0.12060000,1390160.00000000,1775339999999999,166495.77120000,965,931264.00000000,111597.32510000,0
1775340000000000,0.12060000,0.12120000,0.11930000,0.11980000,1214861.00000000,1775343599999999,146031.18940000,607,421393.00000000,50683.26240000,0
1775343600000000,0.11980000,0.12060000,0.11920000,0.12050000,1030231.00000000,1775347199999999,123425.59360000,679,650988.00000000,77991.12130000,0
1775347200000000,0.12040000,0.12130000,0.11850000,0.11930000,2352258.00000000,1775350799999999,281852.41910000,1284,897769.00000000,107507.22590000,0
1775350800000000,0.11930000,0.11950000,0.11670000,0.11720000,4151454.00000000,1775354399999999,488009.31960000,1937,2001732.00000000,235208.40770000,0
1775354400000000,0.11720000,0.12020000,0.11720000,0.11880000,3461556.00000000,1775357999999999,412604.53170000,1943,1644629.00000000,195955.69990000,0
1775358000000000,0.11880000,0.11880000,0.11670000,0.11750000,3399679.00000000,1775361599999999,398818.46410000,1468,1465211.00000000,171964.76890000,0
1775361600000000,0.11750000,0.11920000,0.11730000,0.11810000,1618872.00000000,1775365199999999,191277.56460000,922,817106.00000000,96610.34490000,0
1775365200000000,0.11800000,0.11890000,0.11770000,0.11820000,580657.00000000,1775368799999999,68615.15130000,539,327429.00000000,38690.49990000,0
1775368800000000,0.11810000,0.11820000,0.11680000,0.11740000,1582499.00000000,1775372399999999,185983.13960000,1153,804319.00000000,94533.59980000,0
1775372400000000,0.11740000,0.11770000,0.11600000,0.11610000,2042951.00000000,1775375999999999,238547.27890000,1157,908809.00000000,106169.10150000,0
1775376000000000,0.11600000,0.11650000,0.11520000,0.11590000,3389148.00000000,1775379599999999,392780.08850000,1774,1428380.00000000,165567.82810000,0
1775379600000000,0.11590000,0.11620000,0.11420000,0.11580000,3385423.00000000,1775383199999999,389910.69940000,1570,1512629.00000000,174333.36080000,0
1775383200000000,0.11580000,0.11750000,0.11540000,0.11650000,3296943.00000000,1775386799999999,383492.22690000,1255,1593948.00000000,185547.81310000,0
1775386800000000,0.11650000,0.11700000,0.11480000,0.11550000,1411778.00000000,1775390399999999,163143.41840000,834,703205.00000000,81271.46640000,0
1775390400000000,0.11560000,0.11600000,0.11460000,0.11550000,1748587.00000000,1775393999999999,201288.42660000,1006,821607.00000000,94679.85350000,0
1775394000000000,0.11550000,0.11970000,0.11470000,0.11860000,5674888.00000000,1775397599999999,668329.51230000,2677,3023937.00000000,355352.46970000,0
1775397600000000,0.11860000,0.11950000,0.11760000,0.11810000,3178868.00000000,1775401199999999,376988.83430000,1610,1723376.00000000,204519.80850000,0
1775401200000000,0.11810000,0.11960000,0.11670000,0.11840000,3089147.00000000,1775404799999999,365278.42340000,1594,1587971.00000000,187704.51720000,0
1775404800000000,0.11840000,0.12010000,0.11790000,0.11830000,1761609.00000000,1775408399999999,209364.63060000,1040,1000265.00000000,118875.29100000,0
1775408400000000,0.11840000,0.12010000,0.11840000,0.11920000,1360089.00000000,1775411999999999,161933.15920000,822,771357.00000000,91869.89290000,0
1775412000000000,0.11930000,0.11950000,0.11780000,0.11910000,1966586.00000000,1775415599999999,233326.31760000,1527,1263243.00000000,149851.08580000,0
1775415600000000,0.11900000,0.11970000,0.11860000,0.11910000,1104343.00000000,1775419199999999,131505.62510000,668,445896.00000000,53093.22730000,0
1775419200000000,0.11920000,0.12230000,0.11920000,0.12220000,3990005.00000000,1775422799999999,481088.91540000,2309,2414366.00000000,291166.73350000,0
1775422800000000,0.12230000,0.12480000,0.12120000,0.12380000,4906792.00000000,1775426399999999,603564.72390000,3124,2609402.00000000,321168.73300000,0
1775426400000000,0.12390000,0.12520000,0.12170000,0.12250000,5625976.00000000,1775429999999999,695326.40800000,3318,2848562.00000000,352458.19830000,0
1775430000000000,0.12260000,0.12500000,0.12060000,0.12150000,6517701.00000000,1775433599999999,797134.11440000,3927,3606698.00000000,441132.48080000,0
1775433600000000,0.12160000,0.12280000,0.11860000,0.11950000,4256970.00000000,1775437199999999,511252.60360000,2660,2259019.00000000,271374.05810000,0
1775437200000000,0.11950000,0.12090000,0.11880000,0.11990000,3479970.00000000,1775440799999999,416491.56240000,1895,1826842.00000000,218680.74420000,0
1775440800000000,0.12000000,0.12020000,0.11880000,0.12020000,2304482.00000000,1775444399999999,275367.82070000,1149,1094242.00000000,130847.26930000,0
1775444400000000,0.12020000,0.12170000,0.11940000,0.12160000,2127630.00000000,1775447999999999,257079.27950000,1015,980222.00000000,118416.26500000,0
1775448000000000,0.12170000,0.12470000,0.12140000,0.12430000,4280530.00000000,1775451599999999,526109.85170000,2215,2368793.00000000,291379.35400000,0
1775451600000000,0.12440000,0.12470000,0.12250000,0.12300000,2262575.00000000,1775455199999999,279856.24720000,1439,1199602.00000000,148329.42700000,0
1775455200000000,0.12290000,0.12690000,0.12280000,0.12650000,3561876.00000000,1775458799999999,444929.82320000,2375,2120788.00000000,264923.85330000,0
1775458800000000,0.12650000,0.12650000,0.12380000,0.12410000,2504088.00000000,1775462399999999,313048.43390000,1591,1172273.00000000,146474.70200000,0
1775462400000000,0.12410000,0.12470000,0.12330000,0.12370000,1871003.00000000,1775465999999999,231699.77000000,1472,843391.00000000,104470.87890000,0
1775466000000000,0.12360000,0.12460000,0.12280000,0.12450000,3117021.00000000,1775469599999999,385035.77080000,1777,1259194.00000000,155693.81290000,0
1775469600000000,0.12450000,0.12660000,0.12310000,0.12340000,3665109.00000000,1775473199999999,457814.07980000,2424,1832098.00000000,229025.89430000,0
1775473200000000,0.12330000,0.12630000,0.12300000,0.12510000,3442924.00000000,1775476799999999,430593.17720000,1851,2054583.00000000,257229.62180000,0
1775476800000000,0.12500000,0.12660000,0.12380000,0.12400000,4219146.00000000,1775480399999999,528169.39980000,2740,2063723.00000000,258437.19050000,0
1775480400000000,0.12390000,0.12410000,0.12130000,0.12160000,6048663.00000000,1775483999999999,740888.00960000,3263,2018580.00000000,247262.12270000,0
1775484000000000,0.12150000,0.12380000,0.12090000,0.12240000,5975121.00000000,1775487599999999,731008.24850000,3138,2312585.00000000,283084.31360000,0
1775487600000000,0.12240000,0.12340000,0.12210000,0.12260000,1492670.00000000,1775491199999999,183004.76390000,1065,690043.00000000,84635.90040000,0
1775491200000000,0.12280000,0.12360000,0.12200000,0.12300000,1979847.00000000,1775494799999999,243307.39100000,1126,1180323.00000000,145163.19870000,0
1775494800000000,0.12310000,0.12420000,0.12220000,0.12380000,1325511.00000000,1775498399999999,163182.55530000,1052,677213.00000000,83465.64220000,0
1775498400000000,0.12380000,0.12460000,0.12280000,0.12300000,1893203.00000000,1775501999999999,234315.30620000,1264,876072.00000000,108435.96390000,0
1775502000000000,0.12290000,0.12290000,0.12070000,0.12080000,1435083.00000000,1775505599999999,174718.69950000,1052,603752.00000000,73564.99830000,0
1775505600000000,0.12070000,0.12110000,0.12020000,0.12110000,957220.00000000,1775509199999999,115516.61570000,600,485067.00000000,58554.14210000,0
1775509200000000,0.12120000,0.12120000,0.11950000,0.11990000,1440636.00000000,1775512799999999,173457.58870000,750,594619.00000000,71531.71770000,0
1775512800000000,0.11990000,0.12010000,0.11870000,0.11880000,2593111.00000000,1775516399999999,309077.59220000,1024,572666.00000000,68309.48530000,0
1775516400000000,0.11890000,0.12030000,0.11850000,0.11860000,1848630.00000000,1775519999999999,220428.80440000,1194,956163.00000000,114037.56330000,0
1775520000000000,0.11850000,0.11920000,0.11640000,0.11660000,3315793.00000000,1775523599999999,390239.90090000,1759,1304351.00000000,153468.86560000,0
1775523600000000,0.11650000,0.11750000,0.11500000,0.11540000,3099134.00000000,1775527199999999,360217.42770000,1454,1447681.00000000,168416.06900000,0
1775527200000000,0.11520000,0.11530000,0.11420000,0.11460000,2899282.00000000,1775530799999999,332611.69660000,1308,1737528.00000000,199339.89400000,0
1775530800000000,0.11470000,0.11610000,0.11360000,0.11520000,4809917.00000000,1775534399999999,551633.08400000,2358,2205688.00000000,253047.84360000,0
1775534400000000,0.11520000,0.11520000,0.11240000,0.11310000,5502275.00000000,1775537999999999,622843.72100000,2310,2091807.00000000,236590.03450000,0
1775538000000000,0.11310000,0.11340000,0.11210000,0.11240000,1780477.00000000,1775541599999999,200507.66680000,835,535800.00000000,60358.39190000,0
1775541600000000,0.11240000,0.11290000,0.11170000,0.11200000,2100203.00000000,1775545199999999,235673.72510000,973,1317526.00000000,147866.12620000,0
1775545200000000,0.11200000,0.11350000,0.11180000,0.11310000,1487432.00000000,1775548799999999,167786.71380000,771,773783.00000000,87311.08750000,0
1775548800000000,0.11310000,0.11450000,0.11310000,0.11420000,2071051.00000000,1775552399999999,235870.56900000,1097,1307568.00000000,148941.41390000,0
1775552400000000,0.11410000,0.11530000,0.11390000,0.11450000,1116832.00000000,1775555999999999,128161.81590000,889,656639.00000000,75360.83250000,0
1775556000000000,0.11450000,0.11520000,0.11250000,0.11270000,2247771.00000000,1775559599999999,255140.58700000,1384,1051409.00000000,119329.00130000,0
1775559600000000,0.11270000,0.11290000,0.11180000,0.11220000,1288414.00000000,1775563199999999,144788.57020000,773,505797.00000000,56852.70290000,0
1775563200000000,0.11220000,0.11290000,0.11150000,0.11270000,3873383.00000000,1775566799999999,434609.91600000,1748,1618530.00000000,181660.43800000,0
1775566800000000,0.11280000,0.11450000,0.11270000,0.11370000,2195292.00000000,1775570399999999,249621.45310000,1035,1045828.00000000,118925.85050000,0
1775570400000000,0.11380000,0.11680000,0.11310000,0.11570000,7963396.00000000,1775573999999999,917891.27310000,3006,4550899.00000000,524319.59970000,0
1775574000000000,0.11570000,0.11570000,0.11370000,0.11420000,3689567.00000000,1775577599999999,422564.09840000,1557,1698796.00000000,194675.98710000,0
1775577600000000,0.11430000,0.11530000,0.11210000,0.11250000,3375128.00000000,1775581199999999,382386.48340000,1630,1787909.00000000,202740.61010000,0
1775581200000000,0.11260000,0.11320000,0.11170000,0.11250000,1326490.00000000,1775584799999999,149054.98330000,705,660230.00000000,74182.27540000,0
1775584800000000,0.11250000,0.11250000,0.11080000,0.11090000,1140570.00000000,1775588399999999,127157.00910000,695,578230.00000000,64494.38060000,0
1775588400000000,0.11090000,0.11220000,0.11070000,0.11200000,2403293.00000000,1775591999999999,268087.12160000,1114,1039010.00000000,115959.25800000,0
1775592000000000,0.11200000,0.11290000,0.11110000,0.11210000,2531710.00000000,1775595599999999,284154.67300000,903,819997.00000000,91968.98250000,0
1775595600000000,0.11210000,0.11440000,0.11200000,0.11380000,4642137.00000000,1775599199999999,527168.60270000,1656,2811955.00000000,319181.26040000,0
1775599200000000,0.11380000,0.11540000,0.11340000,0.11540000,5021277.00000000,1775602799999999,574349.81940000,2802,3120830.00000000,357034.43810000,0
1775602800000000,0.11550000,0.12020000,0.11490000,0.11710000,10178897.00000000,1775606399999999,1200390.22360000,4965,5407290.00000000,638028.23170000,0
1775606400000000,0.11710000,0.11930000,0.11660000,0.11790000,5955175.00000000,1775609999999999,702965.58010000,2643,3273884.00000000,386494.74950000,0
1775610000000000,0.11780000,0.11910000,0.11680000,0.11840000,3745263.00000000,1775613599999999,442475.43190000,1757,1796349.00000000,212297.36360000,0
1775613600000000,0.11840000,0.12030000,0.11730000,0.11950000,3190411.00000000,1775617199999999,378894.07170000,1423,1640414.00000000,194896.49140000,0
1775617200000000,0.11950000,0.11960000,0.11820000,0.11830000,1883917.00000000,1775620799999999,224105.89180000,943,856558.00000000,101915.75690000,0
1775620800000000,0.11820000,0.12260000,0.11790000,0.12160000,5574607.00000000,1775624399999999,671769.46950000,2472,3267939.00000000,393870.61550000,0
1775624400000000,0.12150000,0.12470000,0.12080000,0.12350000,4161121.00000000,1775627999999999,511304.98700000,2275,2205856.00000000,270941.26140000,0
1775628000000000,0.12350000,0.12410000,0.12140000,0.12220000,4180395.00000000,1775631599999999,513283.78810000,2556,2174436.00000000,267170.34930000,0
1775631600000000,0.12220000,0.12410000,0.12210000,0.12320000,2879843.00000000,1775635199999999,354425.53070000,1446,1648390.00000000,202878.77990000,0
1775635200000000,0.12320000,0.12420000,0.12210000,0.12250000,3003057.00000000,1775638799999999,369975.43750000,1262,1465079.00000000,180514.03910000,0
1775638800000000,0.12250000,0.12310000,0.12200000,0.12250000,2347040.00000000,1775642399999999,287707.48970000,935,1095410.00000000,134304.06450000,0
1775642400000000,0.12250000,0.12320000,0.12170000,0.12250000,3217054.00000000,1775645999999999,393769.06300000,1183,1648510.00000000,201810.86620000,0
1775646000000000,0.12250000,0.12300000,0.12150000,0.12150000,2792187.00000000,1775649599999999,341441.09920000,1240,1328968.00000000,162447.97810000,0
1775649600000000,0.12140000,0.12150000,0.11960000,0.11960000,3679436.00000000,1775653199999999,442754.40830000,1273,1669300.00000000,201047.89660000,0
1775653200000000,0.11970000,0.12040000,0.11860000,0.11900000,2657388.00000000,1775656799999999,316922.79650000,1354,1222396.00000000,145835.57170000,0
1775656800000000,0.11900000,0.11950000,0.11630000,0.11660000,2959171.00000000,1775660399999999,348247.02540000,1569,1365590.00000000,160778.70000000,0
1775660400000000,0.11660000,0.11720000,0.11550000,0.11580000,2172021.00000000,1775663999999999,252724.71690000,894,696732.00000000,81049.27830000,0
1775664000000000,0.11570000,0.11680000,0.11560000,0.11670000,968758.00000000,1775667599999999,112518.92060000,559,493826.00000000,57376.39720000,0
1775667600000000,0.11680000,0.11700000,0.11630000,0.11660000,1005394.00000000,1775671199999999,117256.94220000,623,607575.00000000,70859.15240000,0
1775671200000000,0.11650000,0.11660000,0.11560000,0.11590000,1235633.00000000,1775674799999999,143507.82740000,513,627036.00000000,72868.53830000,0
1775674800000000,0.11590000,0.11610000,0.11540000,0.11610000,566194.00000000,1775678399999999,65541.98250000,413,262562.00000000,30399.22390000,0
1775678400000000,0.11610000,0.11640000,0.11550000,0.11600000,712468.00000000,1775681999999999,82585.40370000,385,438608.00000000,50860.03220000,0
1775682000000000,0.11610000,0.11820000,0.11590000,0.11810000,1628083.00000000,1775685599999999,191165.96780000,811,931483.00000000,109305.07470000,0
1775685600000000,0.11820000,0.11820000,0.11610000,0.11620000,1666254.00000000,1775689199999999,195031.54560000,706,727386.00000000,85162.17430000,0
1775689200000000,0.11610000,0.11610000,0.11390000,0.11410000,2806655.00000000,1775692799999999,322020.86590000,1529,1552811.00000000,178078.42760000,0
1775692800000000,0.11400000,0.11460000,0.11300000,0.11370000,2653368.00000000,1775696399999999,301862.02220000,1094,1246983.00000000,141864.16200000,0
1775696400000000,0.11370000,0.11370000,0.11210000,0.11220000,1297277.00000000,1775699999999999,146391.19650000,766,737954.00000000,83290.56090000,0
1775700000000000,0.11230000,0.11330000,0.11170000,0.11280000,2715976.00000000,1775703599999999,305192.16340000,1152,1282129.00000000,144195.75560000,0
1775703600000000,0.11290000,0.11300000,0.11030000,0.11050000,7828754.00000000,1775707199999999,871653.50270000,1771,3642574.00000000,405371.01490000,0
1775707200000000,0.11040000,0.11110000,0.10910000,0.10950000,3238129.00000000,1775710799999999,355959.72910000,1701,1326269.00000000,145752.97840000,0
1775710800000000,0.10950000,0.11040000,0.10950000,0.10980000,1380326.00000000,1775714399999999,151709.65030000,693,966282.00000000,106161.91360000,0
1775714400000000,0.10970000,0.11100000,0.10940000,0.11050000,1811277.00000000,1775717999999999,199830.43320000,952,950417.00000000,104902.24160000,0
1775718000000000,0.11060000,0.11150000,0.11060000,0.11090000,1518792.00000000,1775721599999999,168870.82740000,879,763159.00000000,84865.93030000,0
1775721600000000,0.11090000,0.11220000,0.11090000,0.11160000,1320443.00000000,1775725199999999,147394.35580000,780,633989.00000000,70775.17280000,0
1775725200000000,0.11160000,0.11160000,0.11070000,0.11110000,1607648.00000000,1775728799999999,178716.00490000,711,539478.00000000,59967.62290000,0
1775728800000000,0.11110000,0.11160000,0.11070000,0.11090000,805909.00000000,1775732399999999,89579.88330000,558,454681.00000000,50550.80200000,0
1775732400000000,0.11090000,0.11210000,0.11040000,0.11180000,2869861.00000000,1775735999999999,319119.70990000,1541,1784478.00000000,198592.07300000,0
1775736000000000,0.11190000,0.11230000,0.11070000,0.11110000,4407434.00000000,1775739599999999,491167.76870000,1758,2167712.00000000,241930.84000000,0
1775739600000000,0.11120000,0.11390000,0.11070000,0.11320000,5789793.00000000,1775743199999999,648638.51110000,2827,3765609.00000000,421901.59250000,0
1775743200000000,0.11330000,0.11620000,0.11220000,0.11490000,10053397.00000000,1775746799999999,1149783.06540000,4950,6381693.00000000,730077.44830000,0
1775746800000000,0.11500000,0.11530000,0.11370000,0.11480000,2882673.00000000,1775750399999999,329999.45150000,1599,1302645.00000000,149240.02380000,0
1775750400000000,0.11490000,0.11590000,0.11400000,0.11430000,2538242.00000000,1775753999999999,292012.54400000,1055,1630696.00000000,187676.79310000,0
1775754000000000,0.11420000,0.11460000,0.11270000,0.11330000,3667970.00000000,1775757599999999,416248.57720000,1497,1410784.00000000,160411.40900000,0
1775757600000000,0.11330000,0.11350000,0.11130000,0.11270000,5903726.00000000,1775761199999999,663788.21000000,1870,3251314.00000000,365440.44300000,0
1775761200000000,0.11270000,0.11320000,0.11180000,0.11210000,1537185.00000000,1775764799999999,172974.53680000,1057,754439.00000000,84943.12070000,0
1775764800000000,0.11210000,0.11320000,0.11190000,0.11270000,1590716.00000000,1775768399999999,179137.66830000,1022,871429.00000000,98130.37950000,0
1775768400000000,0.11280000,0.11500000,0.11280000,0.11360000,2831505.00000000,1775771999999999,322666.26850000,1790,1460853.00000000,166457.09740000,0
1775772000000000,0.11360000,0.11550000,0.11310000,0.11320000,4276545.00000000,1775775599999999,490428.59520000,2115,2608975.00000000,299340.02670000,0
1775775600000000,0.11320000,0.11320000,0.11180000,0.11220000,1876828.00000000,1775779199999999,210921.77580000,1102,886372.00000000,99609.35430000,0
1775779200000000,0.11210000,0.11280000,0.11110000,0.11140000,2153882.00000000,1775782799999999,241093.11170000,1079,787790.00000000,88296.97660000,0
1775782800000000,0.11140000,0.11270000,0.11130000,0.11170000,965609.00000000,1775786399999999,107977.47000000,632,444636.00000000,49735.23240000,0
1775786400000000,0.11170000,0.11210000,0.11100000,0.11100000,767800.00000000,1775789999999999,85689.12350000,490,405291.00000000,45276.85590000,0
1775790000000000,0.11110000,0.11150000,0.11070000,0.11090000,847142.00000000,1775793599999999,94064.88850000,548,427646.00000000,47504.54760000,0
1775793600000000,0.11090000,0.11190000,0.11090000,0.11150000,789406.00000000,1775797199999999,87968.34750000,526,462336.00000000,51528.72190000,0
1775797200000000,0.11150000,0.11170000,0.11080000,0.11100000,2783543.00000000,1775800799999999,309684.90930000,734,557114.00000000,62014.71110000,0
1775800800000000,0.11100000,0.11120000,0.10960000,0.11030000,2423210.00000000,1775804399999999,267661.50860000,1263,702266.00000000,77484.67630000,0
1775804400000000,0.11040000,0.11080000,0.10980000,0.11060000,1359855.00000000,1775807999999999,149905.45590000,916,615692.00000000,67938.76100000,0
1775808000000000,0.11060000,0.11070000,0.10950000,0.10990000,727639.00000000,1775811599999999,80147.72880000,469,393609.00000000,43352.60530000,0
1775811600000000,0.10990000,0.11030000,0.10930000,0.10940000,1032084.00000000,1775815199999999,113222.66340000,568,376578.00000000,41359.69890000,0
1775815200000000,0.10940000,0.11010000,0.10900000,0.10940000,1310944.00000000,1775818799999999,143581.19040000,591,812940.00000000,89068.51250000,0
1775818800000000,0.10930000,0.11010000,0.10920000,0.10980000,2318735.00000000,1775822399999999,254238.22130000,722,1041453.00000000,114149.33680000,0
1775822400000000,0.10980000,0.11190000,0.10940000,0.10990000,4788280.00000000,1775825999999999,528394.27690000,1838,3103328.00000000,342340.36520000,0
1775826000000000,0.10990000,0.11020000,0.10930000,0.11000000,1038179.00000000,1775829599999999,113889.01870000,547,501001.00000000,54970.56200000,0
1775829600000000,0.10990000,0.11220000,0.10990000,0.11200000,6005831.00000000,1775833199999999,666974.49570000,1525,4019357.00000000,446409.71470000,0
1775833200000000,0.11200000,0.11280000,0.11170000,0.11220000,2429011.00000000,1775836799999999,272759.87770000,1210,1145675.00000000,128661.27710000,0
1775836800000000,0.11230000,0.11320000,0.11070000,0.11150000,2365843.00000000,1775840399999999,265294.84500000,1072,1392261.00000000,156250.44230000,0
1775840400000000,0.11150000,0.11160000,0.11070000,0.11140000,1136122.00000000,1775843999999999,126270.50820000,459,583034.00000000,64716.41800000,0
1775844000000000,0.11140000,0.11200000,0.11060000,0.11180000,2146870.00000000,1775847599999999,239290.65010000,1470,1159422.00000000,129265.59830000,0
1775847600000000,0.11180000,0.11240000,0.11150000,0.11210000,1430440.00000000,1775851199999999,160253.83960000,815,842246.00000000,94344.72900000,0
1775851200000000,0.11200000,0.11210000,0.11120000,0.11180000,547275.00000000,1775854799999999,61145.68260000,456,191079.00000000,21352.05130000,0
1775854800000000,0.11180000,0.11180000,0.11030000,0.11130000,837919.00000000,1775858399999999,92869.71140000,586,429864.00000000,47675.09210000,0
1775858400000000,0.11140000,0.11140000,0.11000000,0.11010000,400071.00000000,1775861999999999,44271.28190000,283,223077.00000000,24707.39130000,0
1775862000000000,0.11010000,0.11020000,0.10960000,0.11020000,709923.00000000,1775865599999999,78014.59990000,335,313812.00000000,34498.86130000,0
1775865600000000,0.11010000,0.11040000,0.10950000,0.11000000,1084502.00000000,1775869199999999,118989.76920000,528,375254.00000000,41204.44630000,0
1775869200000000,0.10990000,0.11010000,0.10840000,0.10880000,2837097.00000000,1775872799999999,310030.59790000,1187,837615.00000000,91550.07760000,0
1775872800000000,0.10890000,0.11010000,0.10890000,0.10970000,614004.00000000,1775876399999999,67229.35280000,338,396621.00000000,43446.34880000,0
1775876400000000,0.10970000,0.10990000,0.10860000,0.10870000,387315.00000000,1775879999999999,42431.30340000,273,216695.00000000,23751.55500000,0
1775880000000000,0.10870000,0.10940000,0.10850000,0.10880000,589866.00000000,1775883599999999,64267.17050000,482,330853.00000000,36050.93760000,0
1775883600000000,0.10890000,0.10910000,0.10740000,0.10760000,1976932.00000000,1775887199999999,213540.19790000,1044,911273.00000000,98308.70350000,0
1775887200000000,0.10760000,0.10760000,0.10680000,0.10690000,664953.00000000,1775890799999999,71272.01570000,371,244682.00000000,26226.36660000,0
1775890800000000,0.10690000,0.10720000,0.10640000,0.10640000,1223570.00000000,1775894399999999,130743.00690000,768,596625.00000000,63771.44610000,0
1775894400000000,0.10630000,0.10720000,0.10570000,0.10690000,1331029.00000000,1775897999999999,141788.59460000,863,512804.00000000,54649.15630000,0
1775898000000000,0.10690000,0.10740000,0.10660000,0.10690000,420896.00000000,1775901599999999,45000.14240000,393,189559.00000000,20268.21340000,0
1775901600000000,0.10690000,0.10800000,0.10670000,0.10780000,2146473.00000000,1775905199999999,230860.73660000,912,690413.00000000,74151.56300000,0
1775905200000000,0.10780000,0.10860000,0.10760000,0.10810000,1741210.00000000,1775908799999999,188340.61440000,896,1078572.00000000,116676.99060000,0
1775908800000000,0.10810000,0.10840000,0.10720000,0.10720000,619799.00000000,1775912399999999,66795.51190000,450,316108.00000000,34071.78850000,0
1775912400000000,0.10730000,0.10780000,0.10680000,0.10740000,778043.00000000,1775915999999999,83497.13090000,679,400163.00000000,42940.79530000,0
1775916000000000,0.10750000,0.10760000,0.10670000,0.10690000,588120.00000000,1775919599999999,62983.18110000,350,385640.00000000,41316.26010000,0
1775919600000000,0.10680000,0.10820000,0.10680000,0.10760000,856726.00000000,1775923199999999,92066.30780000,525,407607.00000000,43844.48900000,0
1775923200000000,0.10770000,0.10850000,0.10750000,0.10800000,881750.00000000,1775926799999999,95198.73630000,519,439451.00000000,47443.37780000,0
1775926800000000,0.10790000,0.10880000,0.10750000,0.10840000,2237704.00000000,1775930399999999,241869.28030000,730,1495865.00000000,161643.79690000,0
1775930400000000,0.10830000,0.11060000,0.10800000,0.10990000,3787387.00000000,1775933999999999,415509.77060000,1660,2556658.00000000,280508.05940000,0
1775934000000000,0.10990000,0.11050000,0.10950000,0.11000000,1766224.00000000,1775937599999999,194322.95850000,674,1047887.00000000,115318.88100000,0
1775937600000000,0.11000000,0.11010000,0.10870000,0.10890000,645629.00000000,1775941199999999,70512.13410000,421,245485.00000000,26813.74680000,0
1775941200000000,0.10880000,0.10930000,0.10840000,0.10930000,629691.00000000,1775944799999999,68507.59860000,288,272303.00000000,29635.92010000,0
1775944800000000,0.10930000,0.10970000,0.10830000,0.10830000,654168.00000000,1775948399999999,71385.24810000,465,272214.00000000,29696.38780000,0
1775948400000000,0.10830000,0.10860000,0.10760000,0.10830000,1404536.00000000,1775951999999999,151790.41070000,557,644989.00000000,69718.40100000,0
1775952000000000,0.10820000,0.10850000,0.10730000,0.10840000,799709.00000000,1775955599999999,86224.58670000,479,354724.00000000,38260.98160000,0
1775955600000000,0.10850000,0.10870000,0.10590000,0.10620000,2134011.00000000,1775959199999999,227806.38870000,1268,682488.00000000,72997.23010000,0
1775959200000000,0.10600000,0.10630000,0.10490000,0.10580000,2675184.00000000,1775962799999999,282296.71850000,1074,826077.00000000,87255.40720000,0
1775962800000000,0.10580000,0.10630000,0.10550000,0.10550000,602077.00000000,1775966399999999,63722.31770000,406,325433.00000000,34447.67560000,0
1775966400000000,0.10550000,0.10580000,0.10540000,0.10580000,348836.00000000,1775969999999999,36849.75450000,298,179142.00000000,18926.63660000,0
1775970000000000,0.10570000,0.10650000,0.10570000,0.10580000,521306.00000000,1775973599999999,55277.77140000,433,204304.00000000,21672.71520000,0
1775973600000000,0.10590000,0.10610000,0.10550000,0.10590000,269712.00000000,1775977199999999,28542.05850000,209,147258.00000000,15589.30910000,0
1775977200000000,0.10580000,0.10580000,0.10520000,0.10530000,478284.00000000,1775980799999999,50418.45140000,324,200337.00000000,21116.28250000,0
1775980800000000,0.10530000,0.10550000,0.10510000,0.10520000,365151.00000000,1775984399999999,38447.27420000,314,270935.00000000,28530.55950000,0
1775984400000000,0.10530000,0.10550000,0.10470000,0.10480000,969431.00000000,1775987999999999,102040.14120000,368,249093.00000000,26192.50240000,0
1775988000000000,0.10480000,0.10520000,0.10480000,0.10480000,371657.00000000,1775991599999999,39006.79000000,233,152174.00000000,15977.83370000,0
1775991600000000,0.10480000,0.10490000,0.10430000,0.10490000,389133.00000000,1775995199999999,40719.28460000,303,216560.00000000,22667.72100000,0
1775995200000000,0.10480000,0.10490000,0.10400000,0.10420000,483188.00000000,1775998799999999,50425.84180000,371,158331.00000000,16532.55080000,0
1775998800000000,0.10420000,0.10440000,0.10310000,0.10330000,1737877.00000000,1776002399999999,180662.14570000,846,970175.00000000,100928.38670000,0
1776002400000000,0.10340000,0.10400000,0.10280000,0.10300000,1595317.00000000,1776005999999999,164919.74470000,984,694348.00000000,71772.07640000,0
1776006000000000,0.10290000,0.10300000,0.10230000,0.10230000,1591524.00000000,1776009599999999,163388.93710000,896,571399.00000000,58682.59770000,0
1776009600000000,0.10230000,0.10270000,0.10170000,0.10240000,1361494.00000000,1776013199999999,139194.43550000,747,467761.00000000,47836.22720000,0
1776013200000000,0.10250000,0.10370000,0.10230000,0.10360000,1919563.00000000,1776016799999999,197856.35870000,758,1012982.00000000,104424.19050000,0
1776016800000000,0.10370000,0.10410000,0.10350000,0.10350000,441478.00000000,1776020399999999,45807.28850000,400,211461.00000000,21950.10360000,0
1776020400000000,0.10350000,0.10380000,0.10320000,0.10330000,131971.00000000,1776023999999999,13659.14790000,168,48303.00000000,5003.20130000,0
1776024000000000,0.10330000,0.10380000,0.10300000,0.10350000,411800.00000000,1776027599999999,42540.26730000,316,191670.00000000,19800.22330000,0
1776027600000000,0.10350000,0.10370000,0.10250000,0.10280000,689709.00000000,1776031199999999,70968.43830000,382,315630.00000000,32476.21990000,0
1776031200000000,0.10280000,0.10290000,0.10210000,0.10240000,1485303.00000000,1776034799999999,152165.14260000,657,864796.00000000,88598.11530000,0
1776034800000000,0.10240000,0.10240000,0.10150000,0.10180000,1187593.00000000,1776038399999999,120994.33730000,576,530484.00000000,54049.60380000,0
1776038400000000,0.10190000,0.10260000,0.10180000,0.10220000,951044.00000000,1776041999999999,97191.05200000,398,430958.00000000,44037.01210000,0
1776042000000000,0.10230000,0.10270000,0.10220000,0.10230000,1035491.00000000,1776045599999999,106028.47060000,411,508557.00000000,52073.91710000,0
1776045600000000,0.10230000,0.10260000,0.10190000,0.10210000,1117819.00000000,1776049199999999,114421.67300000,604,486389.00000000,49774.31040000,0
1776049200000000,0.10210000,0.10240000,0.10190000,0.10230000,451361.00000000,1776052799999999,46107.42710000,321,211039.00000000,21561.02650000,0
1776052800000000,0.10220000,0.10230000,0.10140000,0.10150000,467163.00000000,1776056399999999,47582.24190000,399,226923.00000000,23116.76880000,0
1776056400000000,0.10150000,0.10210000,0.10150000,0.10200000,376792.00000000,1776059999999999,38378.27180000,268,244245.00000000,24881.35080000,0
1776060000000000,0.10200000,0.10220000,0.10170000,0.10180000,543461.00000000,1776063599999999,55403.30080000,311,294214.00000000,29998.83730000,0
1776063600000000,0.10190000,0.10190000,0.10080000,0.10100000,445136.00000000,1776067199999999,45063.37750000,450,203872.00000000,20642.78840000,0
1776067200000000,0.10100000,0.10120000,0.10070000,0.10090000,793892.00000000,1776070799999999,80163.74170000,515,475855.00000000,48082.19200000,0
1776070800000000,0.10090000,0.10140000,0.10080000,0.10110000,329110.00000000,1776074399999999,33282.78980000,242,204975.00000000,20732.25250000,0
1776074400000000,0.10110000,0.10190000,0.10100000,0.10170000,812135.00000000,1776077999999999,82450.28510000,388,418604.00000000,42509.29790000,0
1776078000000000,0.10170000,0.10240000,0.10170000,0.10230000,838930.00000000,1776081599999999,85622.30660000,443,485841.00000000,49582.87370000,0
1776081600000000,0.10240000,0.10340000,0.10170000,0.10320000,571080.00000000,1776085199999999,58545.53180000,429,305669.00000000,31329.97580000,0
1776085200000000,0.10330000,0.10460000,0.10290000,0.10430000,2440818.00000000,1776088799999999,252881.49100000,1213,1390630.00000000,144161.04260000,0
1776088800000000,0.10430000,0.10540000,0.10380000,0.10470000,3576315.00000000,1776092399999999,374285.06270000,1213,1453318.00000000,152048.51540000,0
1776092400000000,0.10480000,0.10510000,0.10300000,0.10310000,1688445.00000000,1776095999999999,176260.24100000,871,867252.00000000,90515.55120000,0
1776096000000000,0.10300000,0.10390000,0.10230000,0.10290000,3033359.00000000,1776099599999999,312531.95420000,1395,1353240.00000000,139540.53500000,0
1776099600000000,0.10290000,0.10410000,0.10260000,0.10280000,1001756.00000000,1776103199999999,103311.75300000,545,405723.00000000,41850.60590000,0
1776103200000000,0.10270000,0.10360000,0.10250000,0.10350000,1158348.00000000,1776106799999999,119195.71730000,550,573362.00000000,59056.75330000,0
1776106800000000,0.10350000,0.10550000,0.10330000,0.10390000,2434234.00000000,1776110399999999,253650.89070000,1002,1390703.00000000,145086.95450000,0
1776110400000000,0.10390000,0.10410000,0.10320000,0.10370000,1102166.00000000,1776113999999999,114237.85430000,504,500503.00000000,51891.38360000,0
1776114000000000,0.10370000,0.10490000,0.10350000,0.10480000,578830.00000000,1776117599999999,60432.52800000,385,356456.00000000,37220.63040000,0
1776117600000000,0.10480000,0.10640000,0.10470000,0.10550000,2489310.00000000,1776121199999999,262634.98340000,1128,1970988.00000000,207938.97260000,0
1776121200000000,0.10540000,0.10960000,0.10500000,0.10920000,5434328.00000000,1776124799999999,583940.85890000,2298,2491206.00000000,267970.51180000,0
1776124800000000,0.10910000,0.11100000,0.10880000,0.11010000,3908130.00000000,1776128399999999,429631.36970000,1787,1918571.00000000,211079.26330000,0
1776128400000000,0.11020000,0.11150000,0.10980000,0.11090000,3725865.00000000,1776131999999999,412274.62620000,2261,2255407.00000000,249647.63590000,0
1776132000000000,0.11090000,0.11120000,0.11010000,0.11100000,4280819.00000000,1776135599999999,473168.15060000,2032,1248307.00000000,138252.11780000,0
1776135600000000,0.11100000,0.11220000,0.11060000,0.11190000,2145597.00000000,1776139199999999,239034.21160000,1357,1228068.00000000,136832.32630000,0
1776139200000000,0.11200000,0.11440000,0.11190000,0.11410000,4297169.00000000,1776142799999999,486607.57220000,2745,2197297.00000000,248764.56740000,0
1776142800000000,0.11410000,0.11430000,0.11100000,0.11130000,2965445.00000000,1776146399999999,334604.44360000,1852,1260882.00000000,142270.15490000,0
1776146400000000,0.11130000,0.11200000,0.11060000,0.11150000,1722822.00000000,1776149999999999,191567.99240000,1024,961354.00000000,106878.13330000,0
1776150000000000,0.11160000,0.11350000,0.11160000,0.11300000,2679097.00000000,1776153599999999,301462.52110000,1729,1421577.00000000,159970.32780000,0
1776153600000000,0.11300000,0.11420000,0.11240000,0.11310000,2089313.00000000,1776157199999999,236710.89350000,1197,943968.00000000,107011.01840000,0
1776157200000000,0.11300000,0.11420000,0.11230000,0.11410000,1579980.00000000,1776160799999999,178891.71300000,973,887675.00000000,100542.80010000,0
1776160800000000,0.11410000,0.11410000,0.11180000,0.11220000,2883412.00000000,1776164399999999,326437.15500000,1418,1528755.00000000,173097.01890000,0
1776164400000000,0.11210000,0.11270000,0.11030000,0.11160000,2795414.00000000,1776167999999999,311290.54760000,1309,1378165.00000000,153577.33520000,0
1776168000000000,0.11160000,0.11170000,0.11010000,0.11060000,1168444.00000000,1776171599999999,129344.53430000,627,499661.00000000,55312.44440000,0
1776171600000000,0.11050000,0.11190000,0.10980000,0.11160000,3102242.00000000,1776175199999999,342972.81680000,1366,1417512.00000000,156932.18600000,0
1776175200000000,0.11150000,0.11160000,0.11030000,0.11060000,3113306.00000000,1776178799999999,344863.17170000,937,1622981.00000000,179894.99030000,0
1776178800000000,0.11060000,0.11110000,0.10870000,0.10880000,3557853.00000000,1776182399999999,391250.98240000,1282,1625500.00000000,178648.23190000,0
1776182400000000,0.10890000,0.10930000,0.10800000,0.10830000,2931352.00000000,1776185999999999,317447.46490000,865,1756467.00000000,190249.18940000,0
1776186000000000,0.10830000,0.10860000,0.10710000,0.10780000,2892759.00000000,1776189599999999,311710.95720000,1028,1293866.00000000,139529.11140000,0
1776189600000000,0.10780000,0.10810000,0.10660000,0.10670000,1539614.00000000,1776193199999999,165237.08300000,676,842546.00000000,90416.58500000,0
1776193200000000,0.10670000,0.10740000,0.10640000,0.10740000,1693319.00000000,1776196799999999,180843.22830000,728,752064.00000000,80334.09870000,0
1776196800000000,0.10730000,0.10740000,0.10640000,0.10670000,2418245.00000000,1776200399999999,258327.72600000,785,1090228.00000000,116488.74250000,0
1776200400000000,0.10680000,0.10770000,0.10680000,0.10760000,1203529.00000000,1776203999999999,129180.36290000,565,774323.00000000,83123.72890000,0
1776204000000000,0.10750000,0.10770000,0.10700000,0.10740000,1042207.00000000,1776207599999999,111893.17290000,397,565915.00000000,60749.87260000,0
1776207600000000,0.10730000,0.10790000,0.10720000,0.10780000,1021345.00000000,1776211199999999,109887.78320000,394,670407.00000000,72151.96530000,0
1776211200000000,0.10780000,0.10880000,0.10780000,0.10790000,1576429.00000000,1776214799999999,170633.37910000,658,991866.00000000,107379.25800000,0
1776214800000000,0.10800000,0.10930000,0.10800000,0.10870000,2550652.00000000,1776218399999999,276831.59300000,780,1391254.00000000,150916.98850000,0
1776218400000000,0.10860000,0.10960000,0.10860000,0.10940000,1248538.00000000,1776221999999999,136209.99290000,623,638933.00000000,69722.59450000,0
1776222000000000,0.10950000,0.10950000,0.10800000,0.10840000,1061552.00000000,1776225599999999,115327.64440000,489,501387.00000000,54461.13290000,0
1776225600000000,0.10840000,0.10960000,0.10840000,0.10910000,1117631.00000000,1776229199999999,122137.75850000,508,551610.00000000,60277.19770000,0
1776229200000000,0.10920000,0.11050000,0.10880000,0.10990000,1992746.00000000,1776232799999999,218496.23890000,1053,1110074.00000000,121709.87150000,0
1776232800000000,0.11000000,0.11090000,0.10970000,0.11040000,1216711.00000000,1776236399999999,134212.36320000,693,572751.00000000,63171.55370000,0
1776236400000000,0.11050000,0.11170000,0.10990000,0.11150000,1657879.00000000,1776239999999999,183933.23310000,984,927478.00000000,102990.40110000,0
1776240000000000,0.11150000,0.11260000,0.11140000,0.11220000,3448521.00000000,1776243599999999,386629.54600000,1520,1502988.00000000,168449.52260000,0
1776243600000000,0.11220000,0.11400000,0.11190000,0.11380000,2837844.00000000,1776247199999999,319776.06850000,1309,1398759.00000000,157739.88470000,0
1776247200000000,0.11390000,0.11410000,0.11130000,0.11140000,3548577.00000000,1776250799999999,399811.63330000,1597,1534968.00000000,173006.83840000,0
1776250800000000,0.11150000,0.11230000,0.11080000,0.11140000,2164011.00000000,1776254399999999,241464.54550000,862,946203.00000000,105545.23940000,0
1776254400000000,0.11140000,0.11220000,0.11120000,0.11200000,1493559.00000000,1776257999999999,166651.57030000,678,684416.00000000,76380.52150000,0
1776258000000000,0.11190000,0.11220000,0.11040000,0.11060000,1651154.00000000,1776261599999999,183614.60900000,802,756177.00000000,84210.69140000,0
1776261600000000,0.11050000,0.11120000,0.11010000,0.11110000,1338192.00000000,1776265199999999,148157.16730000,929,671871.00000000,74393.43640000,0
1776265200000000,0.11100000,0.11270000,0.11080000,0.11200000,2379117.00000000,1776268799999999,266206.78400000,1219,1376554.00000000,154026.32300000,0
1776268800000000,0.11190000,0.11280000,0.11140000,0.11160000,1546669.00000000,1776272399999999,173510.89110000,728,711688.00000000,79882.27890000,0
1776272400000000,0.11160000,0.11190000,0.11120000,0.11160000,827031.00000000,1776275999999999,92331.51260000,514,402389.00000000,44922.87280000,0
1776276000000000,0.11160000,0.11300000,0.11160000,0.11290000,1650012.00000000,1776279599999999,185449.85870000,688,831174.00000000,93463.36350000,0
1776279600000000,0.11290000,0.11460000,0.11290000,0.11380000,3674506.00000000,1776283199999999,418135.84340000,1637,1722029.00000000,196036.08010000,0
1776283200000000,0.11380000,0.11420000,0.11260000,0.11300000,1691697.00000000,1776286799999999,191679.86430000,919,769292.00000000,87168.84950000,0
1776286800000000,0.11310000,0.11370000,0.11240000,0.11360000,661636.00000000,1776290399999999,74781.95670000,573,411283.00000000,46517.51360000,0
1776290400000000,0.11360000,0.11420000,0.11290000,0.11310000,859901.00000000,1776293999999999,97722.06820000,585,492006.00000000,55938.31280000,0
1776294000000000,0.11310000,0.11330000,0.11230000,0.11260000,841325.00000000,1776297599999999,94891.53050000,548,423933.00000000,47820.37600000,0
1776297600000000,0.11260000,0.11320000,0.11220000,0.11320000,1070009.00000000,1776301199999999,120385.04090000,438,510219.00000000,57420.35000000,0
1776301200000000,0.11320000,0.11320000,0.11230000,0.11250000,448077.00000000,1776304799999999,50476.15430000,222,219084.00000000,24673.18960000,0
1776304800000000,0.11260000,0.11260000,0.11180000,0.11210000,663564.00000000,1776308399999999,74442.50910000,378,318544.00000000,35735.79140000,0
1776308400000000,0.11200000,0.11330000,0.11190000,0.11320000,1010244.00000000,1776311999999999,113966.25790000,525,503964.00000000,56850.67080000,0
1776312000000000,0.11320000,0.11400000,0.11300000,0.11330000,1939726.00000000,1776315599999999,220176.30990000,788,915889.00000000,103976.99950000,0
1776315600000000,0.11330000,0.11400000,0.11310000,0.11390000,1456147.00000000,1776319199999999,165156.67020000,490,681353.00000000,77292.71320000,0
1776319200000000,0.11400000,0.11430000,0.11350000,0.11390000,1562832.00000000,1776322799999999,178069.00280000,613,963636.00000000,109812.99020000,0
1776322800000000,0.11390000,0.11390000,0.11280000,0.11310000,1808995.00000000,1776326399999999,204921.44390000,701,764670.00000000,86635.41070000,0
1776326400000000,0.11310000,0.11330000,0.11250000,0.11310000,1008023.00000000,1776329999999999,113944.95070000,485,470371.00000000,53167.12220000,0
1776330000000000,0.11300000,0.11420000,0.11300000,0.11320000,1245944.00000000,1776333599999999,141568.53480000,583,700663.00000000,79596.61230000,0
1776333600000000,0.11320000,0.11320000,0.11160000,0.11160000,1490561.00000000,1776337199999999,167389.82990000,611,748482.00000000,84028.80080000,0
1776337200000000,0.11160000,0.11260000,0.11150000,0.11210000,899756.00000000,1776340799999999,100729.90950000,476,493084.00000000,55212.08070000,0
1776340800000000,0.11210000,0.11270000,0.11180000,0.11250000,957741.00000000,1776344399999999,107493.84690000,473,472088.00000000,52995.40260000,0
1776344400000000,0.11250000,0.11430000,0.11220000,0.11310000,3233874.00000000,1776347999999999,365915.93450000,1248,1314773.00000000,149020.02230000,0
1776348000000000,0.11310000,0.11310000,0.11090000,0.11100000,1677706.00000000,1776351599999999,187207.35330000,1058,711847.00000000,79482.26290000,0
1776351600000000,0.11100000,0.11210000,0.11070000,0.11160000,1411969.00000000,1776355199999999,157368.84790000,973,731695.00000000,81519.56190000,0
1776355200000000,0.11160000,0.11250000,0.11120000,0.11160000,2224118.00000000,1776358799999999,248666.64740000,1270,1155855.00000000,129263.08370000,0
1776358800000000,0.11160000,0.11220000,0.11070000,0.11160000,1292182.00000000,1776362399999999,144096.34570000,792,665012.00000000,74215.48280000,0
1776362400000000,0.11160000,0.11330000,0.11130000,0.11260000,798338.00000000,1776365999999999,89541.25770000,593,477440.00000000,53542.31890000,0
1776366000000000,0.11270000,0.11410000,0.11230000,0.11400000,1716854.00000000,1776369599999999,194150.83360000,919,1011230.00000000,114335.75520000,0
1776369600000000,0.11400000,0.11500000,0.11360000,0.11370000,2172888.00000000,1776373199999999,248377.40100000,953,992254.00000000,113326.22100000,0
1776373200000000,0.11380000,0.11580000,0.11360000,0.11470000,5101753.00000000,1776376799999999,586093.18740000,2500,2805794.00000000,322334.12140000,0
1776376800000000,0.11470000,0.11700000,0.11450000,0.11680000,1886452.00000000,1776380399999999,218995.49790000,1575,951393.00000000,110322.66210000,0
1776380400000000,0.11680000,0.11760000,0.11550000,0.11570000,2124144.00000000,1776383999999999,247715.79500000,1391,837132.00000000,97700.60520000,0
1776384000000000,0.11580000,0.11660000,0.11510000,0.11640000,2556513.00000000,1776387599999999,296479.84640000,1317,1348838.00000000,156406.18890000,0
1776387600000000,0.11640000,0.11660000,0.11470000,0.11530000,2579710.00000000,1776391199999999,298264.31910000,1110,1244319.00000000,143839.56680000,0
1776391200000000,0.11530000,0.11590000,0.11450000,0.11510000,1181149.00000000,1776394799999999,135878.50420000,594,645915.00000000,74270.49150000,0
1776394800000000,0.11510000,0.11550000,0.11420000,0.11430000,1392574.00000000,1776398399999999,159991.93840000,593,655002.00000000,75302.30810000,0
1776398400000000,0.11430000,0.11530000,0.11430000,0.11440000,729076.00000000,1776401999999999,83607.73280000,398,390116.00000000,44710.31740000,0
1776402000000000,0.11440000,0.11440000,0.11320000,0.11360000,874908.00000000,1776405599999999,99492.76720000,466,372275.00000000,42319.05050000,0
1776405600000000,0.11360000,0.11500000,0.11360000,0.11490000,1180220.00000000,1776409199999999,134966.21400000,530,547789.00000000,62642.89440000,0
1776409200000000,0.11490000,0.11560000,0.11460000,0.11540000,1621238.00000000,1776412799999999,186468.97270000,596,739167.00000000,85034.86040000,0
1776412800000000,0.11540000,0.11730000,0.11490000,0.11680000,2064867.00000000,1776416399999999,240433.99200000,896,1306050.00000000,152050.93790000,0
1776416400000000,0.11670000,0.11780000,0.11590000,0.11760000,1776926.00000000,1776419999999999,207756.87700000,1003,1045936.00000000,122256.42760000,0
1776420000000000,0.11770000,0.11780000,0.11500000,0.11520000,1390997.00000000,1776423599999999,161250.73360000,758,593977.00000000,68792.24070000,0
1776423600000000,0.11520000,0.11580000,0.11510000,0.11560000,1159882.00000000,1776427199999999,133887.73340000,826,514113.00000000,59345.63080000,0
1776427200000000,0.11560000,0.11650000,0.11500000,0.11620000,1594983.00000000,1776430799999999,184760.00860000,998,879325.00000000,101889.94940000,0
1776430800000000,0.11610000,0.11780000,0.11600000,0.11750000,5333057.00000000,1776434399999999,624672.13230000,2460,2861588.00000000,335226.29170000,0
1776434400000000,0.11750000,0.11780000,0.11640000,0.11700000,2506286.00000000,1776437999999999,293304.60870000,1275,1409806.00000000,164926.92980000,0
1776438000000000,0.11700000,0.11700000,0.11390000,0.11420000,4987128.00000000,1776441599999999,574616.05370000,1618,2002018.00000000,230310.05420000,0
1776441600000000,0.11420000,0.11490000,0.11330000,0.11490000,3375774.00000000,1776445199999999,384974.62900000,1631,1547884.00000000,176652.81520000,0
1776445200000000,0.11480000,0.11490000,0.11290000,0.11300000,2254250.00000000,1776448799999999,256338.96060000,1162,1117751.00000000,127149.72470000,0
1776448800000000,0.11310000,0.11340000,0.11220000,0.11220000,1137252.00000000,1776452399999999,128168.74210000,815,518414.00000000,58475.84020000,0
1776452400000000,0.11220000,0.11240000,0.11150000,0.11200000,1976834.00000000,1776455999999999,221145.93980000,863,932867.00000000,104399.55090000,0
1776456000000000,0.11200000,0.11230000,0.11150000,0.11210000,949653.00000000,1776459599999999,106203.70940000,577,426631.00000000,47732.48080000,0
1776459600000000,0.11210000,0.11300000,0.11200000,0.11250000,2313352.00000000,1776463199999999,260234.80860000,828,1548671.00000000,174188.43470000,0
1776463200000000,0.11250000,0.11380000,0.11170000,0.11190000,2125899.00000000,1776466799999999,239098.40640000,883,1498951.00000000,168675.92740000,0
1776466800000000,0.11200000,0.11200000,0.11030000,0.11100000,1697760.00000000,1776470399999999,188398.25160000,942,748089.00000000,83094.22570000,0
1776470400000000,0.11100000,0.11130000,0.11050000,0.11060000,1023575.00000000,1776473999999999,113523.14390000,587,542577.00000000,60174.45030000,0
1776474000000000,0.11060000,0.11160000,0.11030000,0.11060000,2064230.00000000,1776477599999999,229239.31300000,1109,1139656.00000000,126636.65810000,0
1776477600000000,0.11070000,0.11210000,0.11050000,0.11160000,2413810.00000000,1776481199999999,269135.35430000,967,1399152.00000000,156017.85380000,0
1776481200000000,0.11160000,0.11200000,0.11080000,0.11090000,1380524.00000000,1776484799999999,153953.54850000,741,732485.00000000,81728.81380000,0
1776484800000000,0.11090000,0.11140000,0.11050000,0.11070000,832392.00000000,1776488399999999,92249.76340000,396,301604.00000000,33436.31700000,0
1776488400000000,0.11080000,0.11130000,0.11080000,0.11120000,720365.00000000,1776491999999999,79985.38180000,387,361080.00000000,40101.63200000,0
1776492000000000,0.11120000,0.11180000,0.11100000,0.11160000,960844.00000000,1776495599999999,107113.97250000,557,607458.00000000,67723.98600000,0
1776495600000000,0.11150000,0.11170000,0.11120000,0.11150000,675358.00000000,1776499199999999,75291.17480000,367,320643.00000000,35747.62570000,0
1776499200000000,0.11140000,0.11150000,0.10990000,0.11040000,1789560.00000000,1776502799999999,197768.90590000,1013,818765.00000000,90457.86560000,0
1776502800000000,0.11040000,0.11060000,0.11000000,0.11020000,2236901.00000000,1776506399999999,246690.00520000,872,1270066.00000000,140071.44780000,0
1776506400000000,0.11020000,0.11020000,0.10820000,0.10870000,2201924.00000000,1776509999999999,239887.89320000,1118,814694.00000000,88761.19010000,0
1776510000000000,0.10870000,0.10870000,0.10760000,0.10800000,1633945.00000000,1776513599999999,176595.52650000,980,771698.00000000,83434.38840000,0
1776513600000000,0.10800000,0.10840000,0.10780000,0.10840000,1387687.00000000,1776517199999999,150068.01270000,679,828946.00000000,89646.04040000,0
1776517200000000,0.10830000,0.10880000,0.10720000,0.10880000,2111072.00000000,1776520799999999,228013.45240000,948,1040659.00000000,112475.43390000,0
1776520800000000,0.10880000,0.10910000,0.10860000,0.10880000,542859.00000000,1776524399999999,59079.89030000,414,319740.00000000,34802.67560000,0
1776524400000000,0.10890000,0.11070000,0.10860000,0.10930000,1845432.00000000,1776527999999999,202881.21210000,1028,873276.00000000,95943.36630000,0
1776528000000000,0.10940000,0.11020000,0.10890000,0.10960000,3024197.00000000,1776531599999999,331526.06760000,1076,1115329.00000000,122268.78040000,0
1776531600000000,0.10960000,0.10960000,0.10880000,0.10880000,620936.00000000,1776535199999999,67794.11170000,418,215236.00000000,23511.56220000,0
1776535200000000,0.10880000,0.10880000,0.10780000,0.10790000,758684.00000000,1776538799999999,82158.72050000,536,376738.00000000,40819.14390000,0
1776538800000000,0.10800000,0.10860000,0.10760000,0.10780000,1267182.00000000,1776542399999999,136918.39100000,645,747770.00000000,80854.73210000,0
1776542400000000,0.10800000,0.10800000,0.10720000,0.10720000,894765.00000000,1776545999999999,96216.06970000,524,356493.00000000,38356.68820000,0
1776546000000000,0.10720000,0.10760000,0.10660000,0.10730000,1333070.00000000,1776549599999999,142689.42380000,703,774986.00000000,82930.15520000,0
1776549600000000,0.10740000,0.10770000,0.10700000,0.10740000,527173.00000000,1776553199999999,56577.85930000,298,314116.00000000,33711.65570000,0
1776553200000000,0.10740000,0.10760000,0.10640000,0.10640000,614841.00000000,1776556799999999,65821.70480000,420,238579.00000000,25557.54430000,0
1776556800000000,0.10640000,0.10680000,0.10610000,0.10640000,1204016.00000000,1776560399999999,128064.27740000,592,603601.00000000,64210.44590000,0
1776560400000000,0.10650000,0.10670000,0.10560000,0.10600000,853615.00000000,1776563999999999,90491.24870000,385,470556.00000000,49884.23020000,0
1776564000000000,0.10600000,0.10610000,0.10540000,0.10580000,598989.00000000,1776567599999999,63340.91510000,381,323419.00000000,34198.28550000,0
1776567600000000,0.10570000,0.10640000,0.10520000,0.10570000,972301.00000000,1776571199999999,102818.68990000,499,433969.00000000,45898.76790000,0
1776571200000000,0.10570000,0.10610000,0.10540000,0.10580000,940716.00000000,1776574799999999,99542.98910000,454,499099.00000000,52840.42310000,0
1776574800000000,0.10580000,0.10590000,0.10500000,0.10500000,545711.00000000,1776578399999999,57562.79340000,428,209816.00000000,22143.86740000,0
1776578400000000,0.10500000,0.10600000,0.10500000,0.10570000,904040.00000000,1776581999999999,95319.15870000,475,476290.00000000,50211.54550000,0
1776582000000000,0.10570000,0.10570000,0.10470000,0.10530000,1098390.00000000,1776585599999999,115570.69120000,508,639727.00000000,67314.17530000,0
1776585600000000,0.10530000,0.10560000,0.10470000,0.10480000,942303.00000000,1776589199999999,99032.07960000,349,228795.00000000,24038.89410000,0
1776589200000000,0.10480000,0.10490000,0.10410000,0.10420000,807848.00000000,1776592799999999,84323.28010000,466,329783.00000000,34420.15510000,0
1776592800000000,0.10420000,0.10450000,0.10400000,0.10440000,593961.00000000,1776596399999999,61915.75740000,413,314689.00000000,32808.73610000,0
1776596400000000,0.10450000,0.10540000,0.10440000,0.10540000,745478.00000000,1776599999999999,78260.41820000,450,520594.00000000,54648.20620000,0
1776600000000000,0.10540000,0.10580000,0.10490000,0.10560000,962503.00000000,1776603599999999,101270.01250000,618,604706.00000000,63641.21830000,0
1776603600000000,0.10560000,0.10650000,0.10540000,0.10550000,1725969.00000000,1776607199999999,182826.80960000,793,895106.00000000,94814.53590000,0
1776607200000000,0.10550000,0.10600000,0.10500000,0.10580000,760225.00000000,1776610799999999,80110.41790000,539,447651.00000000,47199.65290000,0
1776610800000000,0.10590000,0.10620000,0.10490000,0.10620000,1160680.00000000,1776614399999999,122488.69460000,672,530609.00000000,56002.79000000,0
1776614400000000,0.10610000,0.10630000,0.10520000,0.10530000,982515.00000000,1776617999999999,103951.01990000,725,482931.00000000,51130.83600000,0
1776618000000000,0.10530000,0.10550000,0.10420000,0.10420000,2573147.00000000,1776621599999999,270140.55380000,1149,1254789.00000000,131801.54110000,0
1776621600000000,0.10430000,0.10450000,0.10300000,0.10350000,3993856.00000000,1776625199999999,413818.08300000,1330,2353814.00000000,243780.91780000,0
1776625200000000,0.10350000,0.10430000,0.10350000,0.10380000,733332.00000000,1776628799999999,76261.81540000,619,395263.00000000,41118.67210000,0
1776628800000000,0.10380000,0.10390000,0.10280000,0.10330000,1430912.00000000,1776632399999999,147684.87110000,827,473044.00000000,48858.15630000,0
1776632400000000,0.10330000,0.10350000,0.10280000,0.10290000,533265.00000000,1776635999999999,55042.48450000,331,236395.00000000,24410.75190000,0
1776636000000000,0.10290000,0.10290000,0.10130000,0.10200000,2969534.00000000,1776639599999999,302364.15150000,1172,1379149.00000000,140427.82320000,0
1776639600000000,0.10190000,0.10200000,0.10140000,0.10150000,619744.00000000,1776643199999999,63048.42750000,404,310481.00000000,31598.33240000,0
1776643200000000,0.10150000,0.10250000,0.10150000,0.10220000,720115.00000000,1776646799999999,73540.07650000,402,428606.00000000,43761.21220000,0
1776646800000000,0.10230000,0.10240000,0.10150000,0.10230000,1121499.00000000,1776650399999999,114310.20410000,788,534970.00000000,54553.85900000,0
1776650400000000,0.10220000,0.10240000,0.10160000,0.10180000,1545253.00000000,1776653999999999,157572.94970000,483,595793.00000000,60766.37970000,0
1776654000000000,0.10190000,0.10210000,0.10150000,0.10180000,913818.00000000,1776657599999999,92990.72420000,412,429171.00000000,43683.77100000,0
1776657600000000,0.10180000,0.10220000,0.10120000,0.10220000,987224.00000000,1776661199999999,100427.65460000,436,540992.00000000,55058.36060000,0
1776661200000000,0.10220000,0.10220000,0.10130000,0.10150000,855596.00000000,1776664799999999,86997.91730000,349,375303.00000000,38159.09580000,0
1776664800000000,0.10150000,0.10290000,0.10140000,0.10250000,1273156.00000000,1776668399999999,129920.36680000,615,780495.00000000,79605.88790000,0
1776668400000000,0.10250000,0.10350000,0.10210000,0.10250000,1781253.00000000,1776671999999999,182918.97860000,808,944138.00000000,96964.11710000,0
1776672000000000,0.10260000,0.10300000,0.10220000,0.10240000,1005353.00000000,1776675599999999,103150.17440000,417,506935.00000000,52030.17580000,0
1776675600000000,0.10250000,0.10350000,0.10220000,0.10230000,1912183.00000000,1776679199999999,196846.10020000,705,1118796.00000000,115211.82180000,0
1776679200000000,0.10230000,0.10310000,0.10220000,0.10250000,1181495.00000000,1776682799999999,121046.64310000,449,417563.00000000,42822.93890000,0
1776682800000000,0.10250000,0.10260000,0.10210000,0.10250000,1283845.00000000,1776686399999999,131437.25570000,464,872556.00000000,89336.12090000,0
1776686400000000,0.10240000,0.10350000,0.10230000,0.10320000,1538713.00000000,1776689999999999,158558.50150000,630,829865.00000000,85493.15560000,0
1776690000000000,0.10330000,0.10380000,0.10240000,0.10310000,2311141.00000000,1776693599999999,238609.92190000,912,1218453.00000000,125813.83700000,0
1776693600000000,0.10310000,0.10330000,0.10190000,0.10210000,1330531.00000000,1776697199999999,136623.06530000,925,598308.00000000,61449.74130000,0
1776697200000000,0.10210000,0.10250000,0.10160000,0.10180000,1348814.00000000,1776700799999999,137567.69230000,907,807700.00000000,82395.41510000,0
1776700800000000,0.10170000,0.10270000,0.10110000,0.10210000,2770748.00000000,1776704399999999,282180.04620000,837,1215599.00000000,123948.85550000,0
1776704400000000,0.10210000,0.10340000,0.10200000,0.10340000,1278598.00000000,1776707999999999,131445.91040000,628,759575.00000000,78097.26050000,0
1776708000000000,0.10350000,0.10530000,0.10350000,0.10490000,1750537.00000000,1776711599999999,182622.19440000,956,1080960.00000000,112800.35210000,0
1776711600000000,0.10490000,0.10560000,0.10400000,0.10450000,1264142.00000000,1776715199999999,132514.52790000,612,731146.00000000,76670.76540000,0
1776715200000000,0.10450000,0.10450000,0.10390000,0.10420000,957019.00000000,1776718799999999,99691.69610000,544,590257.00000000,61491.55680000,0
1776718800000000,0.10420000,0.10450000,0.10360000,0.10400000,590931.00000000,1776722399999999,61426.29550000,335,259915.00000000,27026.35990000,0
1776722400000000,0.10400000,0.10410000,0.10350000,0.10370000,323303.00000000,1776725999999999,33540.59360000,256,157221.00000000,16310.07720000,0
1776726000000000,0.10360000,0.10360000,0.10300000,0.10340000,714072.00000000,1776729599999999,73743.05530000,381,390142.00000000,40271.90470000,0
1776729600000000,0.10350000,0.10410000,0.10320000,0.10400000,1099176.00000000,1776733199999999,113930.24940000,560,651491.00000000,67566.03780000,0
1776733200000000,0.10400000,0.10440000,0.10370000,0.10400000,535507.00000000,1776736799999999,55719.29940000,416,278755.00000000,29014.16980000,0
1776736800000000,0.10390000,0.10410000,0.10310000,0.10350000,597777.00000000,1776740399999999,61913.30260000,384,274248.00000000,28398.60080000,0
1776740400000000,0.10340000,0.10360000,0.10250000,0.10260000,1551881.00000000,1776743999999999,159689.27580000,592,525858.00000000,54137.46980000,0
1776744000000000,0.10260000,0.10320000,0.10200000,0.10320000,672497.00000000,1776747599999999,68933.10710000,622,442314.00000000,45323.68620000,0
1776747600000000,0.10310000,0.10380000,0.10280000,0.10280000,558026.00000000,1776751199999999,57637.19560000,338,151572.00000000,15666.39300000,0
1776751200000000,0.10290000,0.10300000,0.10210000,0.10290000,871326.00000000,1776754799999999,89368.28510000,492,501797.00000000,51490.85210000,0
1776754800000000,0.10290000,0.10360000,0.10280000,0.10320000,1017180.00000000,1776758399999999,104897.13120000,635,566942.00000000,58466.12980000,0
1776758400000000,0.10310000,0.10380000,0.10280000,0.10330000,666722.00000000,1776761999999999,68881.93600000,461,409528.00000000,42326.37540000,0
1776762000000000,0.10330000,0.10370000,0.10290000,0.10340000,618540.00000000,1776765599999999,63946.92140000,443,307612.00000000,31799.04850000,0
1776765600000000,0.10340000,0.10510000,0.10310000,0.10480000,1696774.00000000,1776769199999999,176552.35740000,849,1090267.00000000,113508.76990000,0
1776769200000000,0.10470000,0.10540000,0.10390000,0.10480000,1732804.00000000,1776772799999999,181515.95960000,769,935693.00000000,98005.60010000,0
1776772800000000,0.10480000,0.10510000,0.10320000,0.10410000,1479885.00000000,1776776399999999,153943.81390000,707,841383.00000000,87532.05930000,0
1776776400000000,0.10410000,0.10470000,0.10350000,0.10460000,1678684.00000000,1776779999999999,174917.10820000,1351,994402.00000000,103666.92000000,0
1776780000000000,0.10460000,0.10520000,0.10390000,0.10410000,1921193.00000000,1776783599999999,200861.10390000,978,983995.00000000,102871.34800000,0
1776783600000000,0.10420000,0.10450000,0.10380000,0.10400000,1380311.00000000,1776787199999999,143760.74760000,717,756222.00000000,78773.69380000,0
1776787200000000,0.10410000,0.10430000,0.10290000,0.10300000,779338.00000000,1776790799999999,80928.08920000,469,320253.00000000,33265.33970000,0
1776790800000000,0.10300000,0.10350000,0.10240000,0.10280000,2476251.00000000,1776794399999999,255040.79480000,1088,1199008.00000000,123504.78680000,0
1776794400000000,0.10290000,0.10310000,0.10210000,0.10270000,662114.00000000,1776797999999999,67982.90900000,435,359670.00000000,36935.77100000,0
1776798000000000,0.10280000,0.10330000,0.10140000,0.10170000,1236429.00000000,1776801599999999,126463.26220000,677,471134.00000000,48179.02750000,0
1776801600000000,0.10170000,0.10310000,0.10150000,0.10250000,1500080.00000000,1776805199999999,153608.89260000,731,945695.00000000,96780.27350000,0
1776805200000000,0.10250000,0.10260000,0.10220000,0.10240000,505841.00000000,1776808799999999,51795.11690000,280,230680.00000000,23619.20390000,0
1776808800000000,0.10230000,0.10270000,0.10200000,0.10250000,488524.00000000,1776812399999999,49980.39450000,366,255043.00000000,26087.13030000,0
1776812400000000,0.10250000,0.10340000,0.10250000,0.10320000,613806.00000000,1776815999999999,63178.98850000,362,393916.00000000,40560.06620000,0
1776816000000000,0.10330000,0.10340000,0.10260000,0.10270000,403696.00000000,1776819599999999,41612.32510000,274,146158.00000000,15072.77120000,0
1776819600000000,0.10260000,0.10310000,0.10240000,0.10290000,600829.00000000,1776823199999999,61675.39330000,259,344261.00000000,35350.62230000,0
1776823200000000,0.10290000,0.10480000,0.10280000,0.10460000,1060721.00000000,1776826799999999,110452.18250000,786,531769.00000000,55368.65150000,0
1776826800000000,0.10460000,0.10470000,0.10360000,0.10390000,1842597.00000000,1776830399999999,191847.10390000,650,623685.00000000,65042.09130000,0
1776830400000000,0.10390000,0.10500000,0.10380000,0.10470000,559686.00000000,1776833999999999,58447.28600000,619,305647.00000000,31922.89860000,0
1776834000000000,0.10470000,0.10640000,0.10450000,0.10570000,1703531.00000000,1776837599999999,180082.55130000,821,886173.00000000,93687.62170000,0
1776837600000000,0.10560000,0.10660000,0.10550000,0.10660000,1747730.00000000,1776841199999999,185541.88660000,454,1353466.00000000,143787.16330000,0
1776841200000000,0.10660000,0.10670000,0.10590000,0.10620000,1012807.00000000,1776844799999999,107629.01580000,522,427538.00000000,45442.30950000,0
1776844800000000,0.10630000,0.10650000,0.10580000,0.10600000,556438.00000000,1776848399999999,59068.75240000,413,234838.00000000,24926.81760000,0
1776848400000000,0.10600000,0.10630000,0.10570000,0.10590000,635777.00000000,1776851999999999,67353.59500000,517,335450.00000000,35551.60040000,0
1776852000000000,0.10580000,0.10600000,0.10530000,0.10540000,1253535.00000000,1776855599999999,132381.43370000,610,357850.00000000,37789.28820000,0
1776855600000000,0.10540000,0.10620000,0.10540000,0.10610000,712551.00000000,1776859199999999,75360.66620000,558,441477.00000000,46690.15070000,0
1776859200000000,0.10610000,0.10610000,0.10520000,0.10550000,1635909.00000000,1776862799999999,172785.84960000,601,878420.00000000,92743.25060000,0
1776862800000000,0.10560000,0.10570000,0.10470000,0.10480000,2102500.00000000,1776866399999999,220936.46700000,761,1059503.00000000,111367.26160000,0
1776866400000000,0.10480000,0.10530000,0.10460000,0.10490000,1510529.00000000,1776869999999999,158528.90250000,858,1035824.00000000,108699.89540000,0
1776870000000000,0.10500000,0.10520000,0.10460000,0.10470000,1426098.00000000,1776873599999999,149649.78900000,764,937578.00000000,98392.58180000,0
1776873600000000,0.10480000,0.10520000,0.10410000,0.10460000,1322577.00000000,1776877199999999,138283.11260000,574,689070.00000000,72056.52200000,0
1776877200000000,0.10460000,0.10500000,0.10400000,0.10440000,905441.00000000,1776880799999999,94631.87910000,466,629000.00000000,65755.51050000,0
1776880800000000,0.10440000,0.10470000,0.10400000,0.10410000,622967.00000000,1776884399999999,65024.35940000,424,373749.00000000,39016.97220000,0
1776884400000000,0.10410000,0.10430000,0.10340000,0.10390000,1170943.00000000,1776887999999999,121612.32090000,535,703058.00000000,73017.92810000,0
1776888000000000,0.10400000,0.10400000,0.10370000,0.10370000,703821.00000000,1776891599999999,73066.70430000,260,333567.00000000,34641.57970000,0
1776891600000000,0.10370000,0.10420000,0.10360000,0.10390000,293471.00000000,1776895199999999,30485.62620000,278,180462.00000000,18752.75340000,0
1776895200000000,0.10400000,0.10410000,0.10300000,0.10330000,928724.00000000,1776898799999999,96011.03910000,460,381210.00000000,39459.23760000,0
1776898800000000,0.10330000,0.10340000,0.10270000,0.10290000,1134228.00000000,1776902399999999,116896.35690000,489,740127.00000000,76273.02650000,0
1776902400000000,0.10290000,0.10340000,0.10220000,0.10270000,1658904.00000000,1776905999999999,170509.16850000,693,1032268.00000000,106131.60890000,0
1776906000000000,0.10270000,0.10280000,0.10210000,0.10250000,744569.00000000,1776909599999999,76271.15910000,333,445851.00000000,45674.88150000,0
1776909600000000,0.10260000,0.10260000,0.10150000,0.10200000,934300.00000000,1776913199999999,95267.99570000,467,556135.00000000,56739.04350000,0
1776913200000000,0.10200000,0.10210000,0.10070000,0.10110000,1811036.00000000,1776916799999999,183460.26830000,656,635771.00000000,64357.10090000,0
1776916800000000,0.10100000,0.10150000,0.10090000,0.10140000,914278.00000000,1776920399999999,92497.40070000,445,664476.00000000,67241.06050000,0
1776920400000000,0.10150000,0.10190000,0.10140000,0.10170000,561158.00000000,1776923999999999,57046.77590000,313,377384.00000000,38364.46260000,0
1776924000000000,0.10180000,0.10240000,0.10180000,0.10210000,227789.00000000,1776927599999999,23271.74310000,270,147894.00000000,15108.21250000,0
1776927600000000,0.10210000,0.10210000,0.10150000,0.10160000,1042441.00000000,1776931199999999,106057.92130000,343,252669.00000000,25714.08510000,0
1776931200000000,0.10160000,0.10190000,0.10150000,0.10150000,639734.00000000,1776934799999999,65022.32850000,293,324695.00000000,33021.36440000,0
1776934800000000,0.10160000,0.10160000,0.10100000,0.10140000,1024320.00000000,1776938399999999,103759.40210000,455,436239.00000000,44187.72310000,0
1776938400000000,0.10130000,0.10140000,0.10070000,0.10090000,849371.00000000,1776941999999999,85771.55400000,406,348954.00000000,35215.15360000,0
1776942000000000,0.10090000,0.10200000,0.10090000,0.10190000,560945.00000000,1776945599999999,56910.72360000,287,335180.00000000,33992.53890000,0
1776945600000000,0.10190000,0.10290000,0.10180000,0.10240000,3003853.00000000,1776949199999999,307633.77100000,1105,2064041.00000000,211370.95410000,0
1776949200000000,0.10240000,0.10280000,0.10220000,0.10220000,1238909.00000000,1776952799999999,126951.21120000,411,605133.00000000,62041.47240000,0
1776952800000000,0.10230000,0.10300000,0.10210000,0.10300000,634708.00000000,1776956399999999,65077.98620000,363,371434.00000000,38089.94130000,0
1776956400000000,0.10300000,0.10470000,0.10280000,0.10390000,2770801.00000000,1776959999999999,288230.60470000,1070,1243514.00000000,129388.61730000,0
1776960000000000,0.10390000,0.10430000,0.10340000,0.10350000,1826630.00000000,1776963599999999,189767.61470000,678,1032505.00000000,107257.63700000,0
1776963600000000,0.10340000,0.10350000,0.10160000,0.10240000,2012207.00000000,1776967199999999,206175.41740000,1006,772402.00000000,79201.89980000,0
1776967200000000,0.10230000,0.10330000,0.10220000,0.10260000,2547417.00000000,1776970799999999,262012.34280000,810,854642.00000000,87819.40690000,0
1776970800000000,0.10250000,0.10330000,0.10220000,0.10290000,1669027.00000000,1776974399999999,171773.32940000,704,925951.00000000,95313.36410000,0
1776974400000000,0.10290000,0.10370000,0.10280000,0.10350000,941051.00000000,1776977999999999,97074.23700000,379,567769.00000000,58564.27420000,0
1776978000000000,0.10340000,0.10440000,0.10320000,0.10420000,659301.00000000,1776981599999999,68430.35190000,287,385366.00000000,39991.96040000,0
1776981600000000,0.10420000,0.10490000,0.10410000,0.10440000,893525.00000000,1776985199999999,93430.78280000,571,415562.00000000,43443.73490000,0
1776985200000000,0.10440000,0.10510000,0.10400000,0.10440000,1462584.00000000,1776988799999999,152820.01350000,622,485501.00000000,50690.87630000,0
1776988800000000,0.10440000,0.10690000,0.10440000,0.10680000,3602658.00000000,1776992399999999,380106.19480000,1447,2149345.00000000,226703.01010000,0
1776992400000000,0.10690000,0.10750000,0.10610000,0.10710000,3249791.00000000,1776995999999999,346794.36080000,1179,1848936.00000000,197443.75370000,0
1776996000000000,0.10710000,0.10790000,0.10610000,0.10620000,2475448.00000000,1776999599999999,265188.38300000,1135,1238156.00000000,132624.33180000,0
1776999600000000,0.10620000,0.10620000,0.10450000,0.10520000,945241.00000000,1777003199999999,99468.12890000,575,474190.00000000,49864.39230000,0
1777003200000000,0.10520000,0.10580000,0.10470000,0.10560000,1114330.00000000,1777006799999999,117332.01560000,601,585287.00000000,61617.26450000,0
1777006800000000,0.10560000,0.10600000,0.10470000,0.10580000,799943.00000000,1777010399999999,84310.01830000,431,439584.00000000,46327.26300000,0
1777010400000000,0.10590000,0.10640000,0.10530000,0.10550000,1243349.00000000,1777013999999999,131706.03290000,483,497330.00000000,52678.25310000,0
1777014000000000,0.10540000,0.10580000,0.10510000,0.10530000,588257.00000000,1777017599999999,62013.28580000,322,262476.00000000,27661.43180000,0
1777017600000000,0.10530000,0.10700000,0.10530000,0.10600000,1088583.00000000,1777021199999999,115600.53030000,629,588965.00000000,62507.64490000,0
1777021200000000,0.10600000,0.10650000,0.10520000,0.10630000,1451540.00000000,1777024799999999,153694.62290000,806,856449.00000000,90665.58990000,0
1777024800000000,0.10630000,0.10720000,0.10610000,0.10690000,1404408.00000000,1777028399999999,149870.20630000,682,629010.00000000,67093.32450000,0
1777028400000000,0.10680000,0.10850000,0.10680000,0.10720000,1768478.00000000,1777031999999999,190158.36980000,1032,1017585.00000000,109342.51770000,0
1777032000000000,0.10720000,0.10840000,0.10700000,0.10730000,1437716.00000000,1777035599999999,155005.00980000,779,739687.00000000,79770.06700000,0
1777035600000000,0.10730000,0.10800000,0.10670000,0.10690000,1269881.00000000,1777039199999999,136267.33220000,703,647996.00000000,69592.37680000,0
1777039200000000,0.10680000,0.10700000,0.10610000,0.10620000,998864.00000000,1777042799999999,106532.77860000,537,456256.00000000,48667.72080000,0
1777042800000000,0.10630000,0.10920000,0.10560000,0.10910000,1853092.00000000,1777046399999999,198819.18000000,1221,1090053.00000000,116995.54640000,0
1777046400000000,0.10910000,0.10930000,0.10780000,0.10900000,3121795.00000000,1777049999999999,339677.53070000,1518,1372757.00000000,149356.16180000,0
1777050000000000,0.10890000,0.10950000,0.10760000,0.10790000,1807408.00000000,1777053599999999,195859.90620000,854,632977.00000000,68649.77200000,0
1777053600000000,0.10800000,0.10830000,0.10710000,0.10750000,493170.00000000,1777057199999999,53041.78120000,398,212110.00000000,22817.96870000,0
1777057200000000,0.10750000,0.10870000,0.10720000,0.10850000,392726.00000000,1777060799999999,42324.48020000,348,211008.00000000,22738.13410000,0
1777060800000000,0.10850000,0.10940000,0.10830000,0.10880000,1885706.00000000,1777064399999999,205232.44030000,995,967407.00000000,105292.22230000,0
1777064400000000,0.10870000,0.10970000,0.10780000,0.10910000,4893247.00000000,1777067999999999,531172.90590000,1415,3627295.00000000,393603.65540000,0
1777068000000000,0.10920000,0.11040000,0.10870000,0.10920000,3969473.00000000,1777071599999999,435891.75580000,1509,1538804.00000000,168837.73740000,0
1777071600000000,0.10930000,0.11020000,0.10900000,0.10980000,1044478.00000000,1777075199999999,114299.75990000,634,559123.00000000,61202.81110000,0
1777075200000000,0.10970000,0.11010000,0.10830000,0.11000000,2844314.00000000,1777078799999999,310622.10730000,1314,1219535.00000000,133164.04830000,0
1777078800000000,0.10990000,0.11070000,0.10930000,0.10970000,1683447.00000000,1777082399999999,185026.62050000,829,846731.00000000,93064.54720000,0
1777082400000000,0.10980000,0.11080000,0.10940000,0.11050000,944660.00000000,1777085999999999,103941.34700000,558,499048.00000000,54916.11030000,0
1777086000000000,0.11060000,0.11220000,0.11060000,0.11200000,1620202.00000000,1777089599999999,180608.57080000,988,897166.00000000,100009.73990000,0
1777089600000000,0.11200000,0.11220000,0.11120000,0.11210000,1775295.00000000,1777093199999999,198255.78100000,829,942812.00000000,105305.43830000,0
1777093200000000,0.11200000,0.11450000,0.11150000,0.11430000,3551607.00000000,1777096799999999,401475.02580000,1729,1833424.00000000,207563.55120000,0
1777096800000000,0.11430000,0.11560000,0.11380000,0.11400000,5889968.00000000,1777100399999999,676475.13700000,2668,2464674.00000000,283079.58910000,0
1777100400000000,0.11390000,0.11610000,0.11360000,0.11530000,4307786.00000000,1777103999999999,494910.67380000,1828,2070183.00000000,237880.91100000,0
1777104000000000,0.11520000,0.11700000,0.11450000,0.11630000,4209414.00000000,1777107599999999,487769.33320000,1989,2287810.00000000,265400.60660000,0
1777107600000000,0.11620000,0.11750000,0.11530000,0.11740000,4216883.00000000,1777111199999999,491534.15200000,1894,2378471.00000000,277441.80160000,0
1777111200000000,0.11740000,0.11760000,0.11530000,0.11610000,4881006.00000000,1777114799999999,566736.45940000,1946,2306339.00000000,267728.07550000,0
1777114800000000,0.11620000,0.11730000,0.11390000,0.11450000,4183223.00000000,1777118399999999,483054.29720000,2208,1723805.00000000,198962.21960000,0
1777118400000000,0.11450000,0.11460000,0.11320000,0.11390000,3480086.00000000,1777121999999999,396171.24600000,1704,1633493.00000000,185967.30380000,0
1777122000000000,0.11380000,0.11650000,0.11380000,0.11590000,3032150.00000000,1777125599999999,349799.86440000,1798,1591613.00000000,183617.42870000,0
1777125600000000,0.11590000,0.11690000,0.11510000,0.11560000,2707998.00000000,1777129199999999,314145.37820000,1696,1336590.00000000,154951.14190000,0
1777129200000000,0.11570000,0.11620000,0.11480000,0.11510000,2246640.00000000,1777132799999999,259556.67910000,1152,1077770.00000000,124604.76960000,0
1777132800000000,0.11510000,0.11580000,0.11410000,0.11470000,2003117.00000000,1777136399999999,230166.23620000,1154,1150895.00000000,132234.33500000,0
1777136400000000,0.11480000,0.11560000,0.11450000,0.11530000,1256926.00000000,1777139999999999,144563.37210000,860,681604.00000000,78399.35490000,0
1777140000000000,0.11530000,0.11700000,0.11530000,0.11600000,4394931.00000000,1777143599999999,510985.80630000,2199,1953710.00000000,227128.16170000,0
1777143600000000,0.11600000,0.11840000,0.11560000,0.11770000,5156324.00000000,1777147199999999,603214.10250000,2765,2683686.00000000,313898.86930000,0
1777147200000000,0.11780000,0.11850000,0.11550000,0.11630000,4580653.00000000,1777150799999999,535312.69390000,2337,2091845.00000000,244879.68270000,0
1777150800000000,0.11630000,0.11700000,0.11500000,0.11520000,1681934.00000000,1777154399999999,194766.10080000,812,946659.00000000,109631.68550000,0
1777154400000000,0.11520000,0.11600000,0.11490000,0.11540000,720687.00000000,1777157999999999,83205.58430000,490,376441.00000000,43463.68440000,0
1777158000000000,0.11540000,0.11580000,0.11490000,0.11520000,805935.00000000,1777161599999999,92890.78280000,413,425036.00000000,48983.99280000,0
1777161600000000,0.11530000,0.11530000,0.11360000,0.11360000,2297406.00000000,1777165199999999,262725.60900000,880,751923.00000000,85883.31670000,0
1777165200000000,0.11370000,0.11600000,0.11360000,0.11570000,2885420.00000000,1777168799999999,332417.81680000,1415,1595100.00000000,183747.45600000,0
1777168800000000,0.11560000,0.11740000,0.11540000,0.11680000,2301776.00000000,1777172399999999,268075.33680000,1330,1245040.00000000,144943.00490000,0
1777172400000000,0.11680000,0.11760000,0.11630000,0.11700000,2230166.00000000,1777175999999999,260757.59980000,1218,1203393.00000000,140728.72480000,0
1777176000000000,0.11690000,0.11710000,0.11560000,0.11610000,1594626.00000000,1777179599999999,185709.53110000,881,759836.00000000,88495.69630000,0
1777179600000000,0.11610000,0.11610000,0.11470000,0.11520000,4520476.00000000,1777183199999999,521427.26640000,1543,1703591.00000000,196427.07730000,0
1777183200000000,0.11530000,0.11730000,0.11530000,0.11720000,2454452.00000000,1777186799999999,285713.56580000,1114,1237893.00000000,144072.31020000,0
1777186800000000,0.11720000,0.11800000,0.11610000,0.11650000,2380863.00000000,1777190399999999,278883.05210000,1265,1077157.00000000,126208.73230000,0
1777190400000000,0.11650000,0.11920000,0.11630000,0.11870000,4011180.00000000,1777193999999999,473399.79450000,1883,1757683.00000000,207540.73470000,0
1777194000000000,0.11880000,0.11930000,0.11780000,0.11900000,3072617.00000000,1777197599999999,364699.06480000,1605,1532483.00000000,181832.98690000,0
1777197600000000,0.11900000,0.12100000,0.11890000,0.12030000,4091346.00000000,1777201199999999,490333.05620000,2295,2037909.00000000,244307.17640000,0
1777201200000000,0.12030000,0.12130000,0.11960000,0.12090000,3374717.00000000,1777204799999999,406880.15350000,1746,1657830.00000000,199947.26340000,0
1777204800000000,0.12090000,0.12110000,0.11740000,0.11820000,2806344.00000000,1777208399999999,334551.45250000,1385,1231330.00000000,146561.58520000,0
1777208400000000,0.11830000,0.11880000,0.11760000,0.11780000,1705062.00000000,1777211999999999,201694.25130000,879,914923.00000000,108229.48130000,0
1777212000000000,0.11780000,0.11950000,0.11770000,0.11920000,1397071.00000000,1777215599999999,165766.18180000,877,680386.00000000,80710.23580000,0
1777215600000000,0.11920000,0.12010000,0.11840000,0.11850000,1634745.00000000,1777219199999999,195169.48860000,913,754722.00000000,90130.62010000,0
1777219200000000,0.11860000,0.11950000,0.11830000,0.11930000,1776534.00000000,1777222799999999,211557.99650000,953,1050396.00000000,125084.56100000,0
1777222800000000,0.11920000,0.11920000,0.11770000,0.11790000,1868193.00000000,1777226399999999,221118.69870000,893,960534.00000000,113765.46590000,0
1777226400000000,0.11790000,0.11830000,0.11720000,0.11780000,1202081.00000000,1777229999999999,141403.55620000,607,508040.00000000,59816.09120000,0
1777230000000000,0.11790000,0.11950000,0.11790000,0.11850000,1002151.00000000,1777233599999999,118993.62280000,628,523059.00000000,62063.53820000,0
1777233600000000,0.11850000,0.11950000,0.11800000,0.11880000,1292566.00000000,1777237199999999,153372.90000000,686,604477.00000000,71733.47650000,0
1777237200000000,0.11880000,0.11970000,0.11880000,0.11950000,1300659.00000000,1777240799999999,155078.51840000,755,636538.00000000,75883.59970000,0
1777240800000000,0.11950000,0.12090000,0.11940000,0.12020000,2030492.00000000,1777244399999999,244368.46560000,1123,985808.00000000,118678.74570000,0
1777244400000000,0.12020000,0.12060000,0.11930000,0.12000000,1236997.00000000,1777247999999999,148558.17830000,751,684550.00000000,82196.06530000,0
1777248000000000,0.12010000,0.12080000,0.11930000,0.11980000,1718821.00000000,1777251599999999,206037.11630000,1079,841424.00000000,100846.87550000,0
1777251600000000,0.11980000,0.12110000,0.11980000,0.12060000,2055209.00000000,1777255199999999,247474.71850000,962,852005.00000000,102632.79550000,0
1777255200000000,0.12060000,0.12080000,0.11910000,0.12070000,2158278.00000000,1777258799999999,258649.37230000,1026,989075.00000000,118512.32300000,0
1777258800000000,0.12070000,0.12100000,0.11920000,0.11920000,2568907.00000000,1777262399999999,308191.67500000,833,1237024.00000000,148628.67370000,0
1777262400000000,0.11920000,0.11940000,0.11760000,0.11790000,2791274.00000000,1777265999999999,330504.81670000,895,1453903.00000000,172247.84670000,0
1777266000000000,0.11790000,0.11790000,0.11540000,0.11550000,3674784.00000000,1777269599999999,428214.10850000,1726,1871611.00000000,217914.39200000,0
1777269600000000,0.11560000,0.11600000,0.11470000,0.11510000,2429435.00000000,1777273199999999,279943.54380000,1045,1003573.00000000,115680.15780000,0
1777273200000000,0.11510000,0.11570000,0.11440000,0.11520000,2597129.00000000,1777276799999999,298658.06330000,1096,1520230.00000000,174877.64530000,0
1777276800000000,0.11530000,0.11650000,0.11490000,0.11590000,1871605.00000000,1777280399999999,216425.44320000,972,934863.00000000,108123.87990000,0
1777280400000000,0.11590000,0.11750000,0.11560000,0.11670000,1734351.00000000,1777283999999999,202257.61940000,729,1090402.00000000,127200.32420000,0
1777284000000000,0.11670000,0.11710000,0.11560000,0.11580000,2238493.00000000,1777287599999999,260686.14810000,856,892770.00000000,104025.21850000,0
1777287600000000,0.11570000,0.11590000,0.11510000,0.11570000,1339671.00000000,1777291199999999,154896.95790000,675,773989.00000000,89506.33380000,0
1777291200000000,0.11570000,0.11660000,0.11500000,0.11570000,1380215.00000000,1777294799999999,159755.62030000,708,683363.00000000,79137.21920000,0
1777294800000000,0.11560000,0.11630000,0.11500000,0.11560000,1559830.00000000,1777298399999999,180440.26840000,761,658958.00000000,76247.64140000,0
1777298400000000,0.11560000,0.11650000,0.11520000,0.11640000,1591457.00000000,1777301999999999,184544.66430000,791,895615.00000000,103858.66940000,0
1777302000000000,0.11640000,0.11780000,0.11580000,0.11740000,3793239.00000000,1777305599999999,442461.45810000,1720,1867210.00000000,217911.06130000,0
1777305600000000,0.11740000,0.12000000,0.11740000,0.11790000,3978397.00000000,1777309199999999,472376.79060000,2433,2276971.00000000,270363.23420000,0
1777309200000000,0.11790000,0.11910000,0.11720000,0.11720000,1378877.00000000,1777312799999999,162960.03810000,893,719700.00000000,85090.12660000,0
1777312800000000,0.11730000,0.11850000,0.11680000,0.11850000,761006.00000000,1777316399999999,89403.98730000,640,456546.00000000,53653.44850000,0
1777316400000000,0.11840000,0.11910000,0.11630000,0.11630000,2546871.00000000,1777319999999999,298868.13420000,1339,1055381.00000000,123923.36870000,0
1777320000000000,0.11630000,0.11670000,0.11540000,0.11560000,1192492.00000000,1777323599999999,138383.96650000,781,614213.00000000,71302.82560000,0
1777323600000000,0.11550000,0.11630000,0.11510000,0.11590000,985597.00000000,1777327199999999,113958.96540000,570,575803.00000000,66556.17450000,0
1777327200000000,0.11580000,0.11630000,0.11550000,0.11580000,539125.00000000,1777330799999999,62477.11870000,467,240083.00000000,27808.98610000,0
1777330800000000,0.11580000,0.11710000,0.11550000,0.11660000,831295.00000000,1777334399999999,96639.72870000,509,492453.00000000,57242.56910000,0
1777334400000000,0.11660000,0.11720000,0.11620000,0.11660000,1229135.00000000,1777337999999999,143350.76170000,766,639076.00000000,74518.43210000,0
1777338000000000,0.11660000,0.11720000,0.11620000,0.11710000,928583.00000000,1777341599999999,108341.66410000,425,471804.00000000,55088.14590000,0
1777341600000000,0.11700000,0.11710000,0.11510000,0.11550000,1421036.00000000,1777345199999999,164545.41070000,667,789119.00000000,91273.96950000,0
1777345200000000,0.11550000,0.11570000,0.11460000,0.11490000,2187464.00000000,1777348799999999,252074.49990000,797,1328795.00000000,153194.90460000,0
1777348800000000,0.11490000,0.11550000,0.11410000,0.11480000,1709295.00000000,1777352399999999,195756.11080000,644,703314.00000000,80511.55010000,0
1777352400000000,0.11480000,0.11530000,0.11480000,0.11490000,720334.00000000,1777355999999999,82831.69240000,422,407160.00000000,46824.72420000,0
1777356000000000,0.11480000,0.11580000,0.11430000,0.11470000,1075257.00000000,1777359599999999,123520.12870000,568,532630.00000000,61162.49440000,0
1777359600000000,0.11460000,0.11500000,0.11400000,0.11430000,953732.00000000,1777363199999999,109184.29220000,525,393418.00000000,45020.89130000,0
1777363200000000,0.11420000,0.11440000,0.11320000,0.11360000,2078714.00000000,1777366799999999,236647.83470000,754,783515.00000000,89169.40340000,0
1777366800000000,0.11370000,0.11450000,0.11360000,0.11420000,1390333.00000000,1777370399999999,158494.27000000,591,781494.00000000,89072.19720000,0
1777370400000000,0.11420000,0.11500000,0.11340000,0.11440000,1439041.00000000,1777373999999999,164238.99080000,721,699162.00000000,79815.77730000,0
1777374000000000,0.11440000,0.11470000,0.11350000,0.11380000,850783.00000000,1777377599999999,97153.82820000,436,393849.00000000,44954.27770000,0
1777377600000000,0.11380000,0.11440000,0.11350000,0.11400000,1767654.00000000,1777381199999999,201539.65460000,728,809624.00000000,92314.88650000,0
1777381200000000,0.11400000,0.11400000,0.11190000,0.11270000,3732337.00000000,1777384799999999,420282.18830000,1760,1673456.00000000,188390.95770000,0
1777384800000000,0.11270000,0.11270000,0.11160000,0.11210000,2231884.00000000,1777388399999999,250286.35300000,991,898750.00000000,100870.77010000,0
1777388400000000,0.11210000,0.11240000,0.11160000,0.11230000,2056301.00000000,1777391999999999,230324.73280000,996,857664.00000000,96096.56260000,0
1777392000000000,0.11230000,0.11290000,0.11150000,0.11190000,1329106.00000000,1777395599999999,149026.60960000,690,589039.00000000,66041.34690000,0
1777395600000000,0.11180000,0.11220000,0.11120000,0.11130000,1114405.00000000,1777399199999999,124590.82860000,527,512450.00000000,57300.71340000,0
1777399200000000,0.11130000,0.11190000,0.11090000,0.11190000,693964.00000000,1777402799999999,77133.38560000,426,404438.00000000,44966.25410000,0
1777402800000000,0.11190000,0.11270000,0.11100000,0.11240000,1420756.00000000,1777406399999999,158714.71210000,618,770633.00000000,86062.38630000,0
1777406400000000,0.11240000,0.11270000,0.11180000,0.11230000,866914.00000000,1777409999999999,97327.82830000,360,510474.00000000,57280.94920000,0
1777410000000000,0.11230000,0.11300000,0.11200000,0.11240000,1648099.00000000,1777413599999999,185528.02040000,632,899118.00000000,101236.13580000,0
1777413600000000,0.11240000,0.11320000,0.11200000,0.11230000,1093483.00000000,1777417199999999,123087.27730000,463,608016.00000000,68422.46300000,0
1777417200000000,0.11230000,0.11240000,0.11170000,0.11180000,786090.00000000,1777420799999999,88060.10600000,405,453570.00000000,50808.94800000,0
1777420800000000,0.11190000,0.11330000,0.11170000,0.11300000,1248988.00000000,1777424399999999,140270.09750000,526,733306.00000000,82337.25640000,0
1777424400000000,0.11310000,0.11310000,0.11210000,0.11220000,1071201.00000000,1777427999999999,120586.78950000,494,451452.00000000,50820.01790000,0
1777428000000000,0.11230000,0.11270000,0.11200000,0.11240000,1126635.00000000,1777431599999999,126601.33370000,397,634003.00000000,71249.70540000,0
1777431600000000,0.11230000,0.11310000,0.11210000,0.11290000,812545.00000000,1777435199999999,91564.52840000,333,432157.00000000,48705.80250000,0
1777435200000000,0.11300000,0.11350000,0.11270000,0.11330000,1147192.00000000,1777438799999999,129686.21050000,445,585882.00000000,66224.48040000,0
1777438800000000,0.11330000,0.11420000,0.11310000,0.11380000,1322734.00000000,1777442399999999,150385.24960000,474,730640.00000000,83051.89160000,0
1777442400000000,0.11380000,0.11420000,0.11310000,0.11330000,912754.00000000,1777445999999999,103781.92240000,411,397181.00000000,45142.22890000,0
1777446000000000,0.11320000,0.11340000,0.11280000,0.11280000,712152.00000000,1777449599999999,80573.62500000,390,359993.00000000,40744.91440000,0
1777449600000000,0.11290000,0.11300000,0.11220000,0.11230000,886414.00000000,1777453199999999,99790.22760000,460,466767.00000000,52543.58710000,0
1777453200000000,0.11230000,0.11370000,0.11230000,0.11310000,1242358.00000000,1777456799999999,140556.67670000,661,701539.00000000,79382.15210000,0
1777456800000000,0.11320000,0.11380000,0.11300000,0.11350000,1988593.00000000,1777460399999999,225564.55540000,995,762819.00000000,86502.66990000,0
1777460400000000,0.11350000,0.11380000,0.11260000,0.11270000,1883302.00000000,1777463999999999,213410.85540000,1139,692058.00000000,78415.91080000,0
1777464000000000,0.11270000,0.11280000,0.11190000,0.11220000,1485967.00000000,1777467599999999,166832.53220000,867,777154.00000000,87241.09380000,0
1777467600000000,0.11230000,0.11240000,0.11090000,0.11150000,2145899.00000000,1777471199999999,239162.12940000,1293,935989.00000000,104294.64260000,0
1777471200000000,0.11140000,0.11160000,0.11080000,0.11100000,1257401.00000000,1777474799999999,139709.46580000,651,695008.00000000,77208.95260000,0
1777474800000000,0.11110000,0.11110000,0.11000000,0.11030000,2015993.00000000,1777478399999999,222600.68110000,1139,908521.00000000,100319.16310000,0
1777478400000000,0.11030000,0.11070000,0.10960000,0.11020000,3743329.00000000,1777481999999999,412179.61130000,1348,1373380.00000000,151316.91960000,0
1777482000000000,0.11030000,0.11060000,0.10980000,0.11060000,1598977.00000000,1777485599999999,176436.02060000,612,750690.00000000,82830.02000000,0
1777485600000000,0.11070000,0.11070000,0.10820000,0.10940000,3249750.00000000,1777489199999999,354746.77600000,1870,1648596.00000000,179882.52140000,0
1777489200000000,0.10950000,0.10970000,0.10900000,0.10930000,1538997.00000000,1777492799999999,168322.35510000,727,819421.00000000,89639.35310000,0
1777492800000000,0.10930000,0.11000000,0.10920000,0.10970000,1225647.00000000,1777496399999999,134347.85390000,628,625044.00000000,68500.79770000,0
1777496400000000,0.10970000,0.11100000,0.10940000,0.11050000,1251995.00000000,1777499999999999,138043.70360000,577,728568.00000000,80331.52340000,0
1777500000000000,0.11050000,0.11080000,0.11020000,0.11040000,725565.00000000,1777503599999999,80209.79220000,355,403088.00000000,44553.32680000,0
1777503600000000,0.11030000,0.11070000,0.11010000,0.11040000,522990.00000000,1777507199999999,57726.29570000,289,289518.00000000,31954.94990000,0
1777507200000000,0.11040000,0.11190000,0.11030000,0.11190000,717080.00000000,1777510799999999,79756.94830000,416,314826.00000000,34988.43720000,0
1777510800000000,0.11180000,0.11200000,0.11120000,0.11140000,843086.00000000,1777514399999999,94095.86430000,432,338179.00000000,37725.34700000,0
1777514400000000,0.11140000,0.11200000,0.11050000,0.11080000,1579078.00000000,1777517999999999,175927.69490000,975,897061.00000000,100032.93670000,0
1777518000000000,0.11070000,0.11160000,0.11050000,0.11130000,1078426.00000000,1777521599999999,119644.39100000,554,577753.00000000,64099.54250000,0
1777521600000000,0.11130000,0.11130000,0.10990000,0.11010000,864303.00000000,1777525199999999,95492.54520000,600,406069.00000000,44840.03790000,0
1777525200000000,0.11010000,0.11090000,0.10970000,0.11030000,1067021.00000000,1777528799999999,117720.97960000,602,539486.00000000,59519.56740000,0
1777528800000000,0.11030000,0.11100000,0.11010000,0.11090000,745196.00000000,1777532399999999,82423.06030000,471,355951.00000000,39373.64210000,0
1777532400000000,0.11080000,0.11160000,0.11060000,0.11140000,1344338.00000000,1777535999999999,149517.77550000,785,684188.00000000,76106.39610000,0
1777536000000000,0.11140000,0.11190000,0.11100000,0.11110000,848909.00000000,1777539599999999,94613.31350000,402,411787.00000000,45860.96290000,0
1777539600000000,0.11120000,0.11140000,0.11080000,0.11100000,437832.00000000,1777543199999999,48603.81660000,324,246226.00000000,27335.70850000,0
1777543200000000,0.11090000,0.11120000,0.11050000,0.11110000,487850.00000000,1777546799999999,54106.76090000,364,290285.00000000,32189.57640000,0
1777546800000000,0.11110000,0.11160000,0.11060000,0.11120000,837342.00000000,1777550399999999,93069.75900000,508,415304.00000000,46196.80590000,0
1777550400000000,0.11120000,0.11200000,0.11100000,0.11110000,401261.00000000,1777553999999999,44743.15330000,326,226793.00000000,25291.52220000,0
1777554000000000,0.11110000,0.11130000,0.11070000,0.11090000,847442.00000000,1777557599999999,94081.91890000,489,454531.00000000,50457.00910000,0
1777557600000000,0.11090000,0.11140000,0.11050000,0.11120000,1027306.00000000,1777561199999999,113976.40230000,673,526619.00000000,58433.79990000,0
1777561200000000,0.11130000,0.11150000,0.11070000,0.11130000,498313.00000000,1777564799999999,55396.37820000,486,288023.00000000,32021.07820000,0
1777564800000000,0.11120000,0.11150000,0.11070000,0.11070000,418420.00000000,1777568399999999,46506.53710000,413,167597.00000000,18631.17070000,0
1777568400000000,0.11080000,0.11100000,0.11050000,0.11070000,238588.00000000,1777571999999999,26431.45420000,434,89431.00000000,9910.99340000,0
1777572000000000,0.11070000,0.11120000,0.11060000,0.11070000,296329.00000000,1777575599999999,32816.98120000,265,174220.00000000,19298.45720000,0
1777575600000000,0.11080000,0.11100000,0.11060000,0.11080000,284535.00000000,1777579199999999,31549.25660000,247,126243.00000000,13996.11740000,0
1777579200000000,0.11070000,0.11070000,0.11010000,0.11060000,476149.00000000,1777582799999999,52607.97430000,344,164216.00000000,18146.19720000,0
1777582800000000,0.11050000,0.11100000,0.11050000,0.11060000,310779.00000000,1777586399999999,34429.55680000,292,143510.00000000,15896.48860000,0
1777586400000000,0.11060000,0.11070000,0.11010000,0.11030000,172747.00000000,1777589999999999,19067.12120000,239,67319.00000000,7435.33420000,0
1777590000000000,0.11030000,0.11050000,0.11000000,0.11040000,194504.00000000,1777593599999999,21438.64990000,166,107615.00000000,11864.42300000,0
