1759276800000000,0.20810000,0.20860000,0.20620000,0.20710000,731294.00000000,1759280399999999,151511.49010000,849,387953.00000000,80404.99430000,0
1759280400000000,0.20710000,0.20870000,0.20640000,0.20870000,687074.00000000,1759283999999999,142633.06460000,886,390449.00000000,81051.61550000,0
1759284000000000,0.20870000,0.20920000,0.20760000,0.20760000,1035480.00000000,1759287599999999,215763.90290000,925,370134.00000000,77120.31930000,0
1759287600000000,0.20770000,0.20780000,0.20550000,0.20550000,651146.00000000,1759291199999999,134574.07510000,613,289287.00000000,59866.09810000,0
1759291200000000,0.20550000,0.20810000,0.20530000,0.20710000,1606391.00000000,1759294799999999,332902.80260000,1175,436326.00000000,90371.44430000,0
1759294800000000,0.20720000,0.20900000,0.20720000,0.20790000,1311084.00000000,1759298399999999,272966.55190000,1015,561680.00000000,116926.52600000,0
1759298400000000,0.20790000,0.20830000,0.20670000,0.20680000,371887.00000000,1759301999999999,77175.66530000,614,213940.00000000,44415.04140000,0
1759302000000000,0.20670000,0.20840000,0.20670000,0.20770000,566335.00000000,1759305599999999,117580.26650000,724,356129.00000000,73882.92220000,0
1759305600000000,0.20760000,0.21660000,0.20750000,0.21620000,6266381.00000000,1759309199999999,1338376.00500000,4143,3146851.00000000,672081.99840000,0
1759309200000000,0.21630000,0.21910000,0.21600000,0.21860000,5553699.00000000,1759312799999999,1208100.25560000,3529,3452622.00000000,751054.90780000,0
1759312800000000,0.21860000,0.21910000,0.21580000,0.21640000,2699902.00000000,1759316399999999,586615.06470000,1882,1195412.00000000,259596.25190000,0
1759316400000000,0.21630000,0.21690000,0.21560000,0.21670000,3005544.00000000,1759319999999999,650507.17660000,1540,1842218.00000000,398847.96450000,0
1759320000000000,0.21670000,0.21700000,0.21500000,0.21530000,2030400.00000000,1759323599999999,438640.61970000,1493,882984.00000000,190766.90900000,0
1759323600000000,0.21540000,0.21700000,0.21540000,0.21630000,1944299.00000000,1759327199999999,420537.87600000,1822,1060167.00000000,229336.99590000,0
1759327200000000,0.21630000,0.21780000,0.21590000,0.21710000,1971911.00000000,1759330799999999,427832.03740000,1752,1022663.00000000,221911.38870000,0
1759330800000000,0.21710000,0.21870000,0.21650000,0.21850000,1038265.00000000,1759334399999999,226104.38020000,1100,480395.00000000,104635.19920000,0
1759334400000000,0.21850000,0.21900000,0.21690000,0.21750000,2079941.00000000,1759337999999999,454138.17290000,1733,1134785.00000000,247839.94700000,0
1759338000000000,0.21750000,0.21870000,0.21740000,0.21780000,1120469.00000000,1759341599999999,244333.93970000,1057,589382.00000000,128553.92380000,0
1759341600000000,0.21780000,0.22090000,0.21780000,0.21970000,1417251.00000000,1759345199999999,311564.44750000,1436,698719.00000000,153610.70680000,0
1759345200000000,0.21970000,0.22170000,0.21940000,0.22130000,1714438.00000000,1759348799999999,378866.72300000,1225,845121.00000000,186633.34660000,0
1759348800000000,0.22130000,0.22150000,0.21980000,0.22040000,2125081.00000000,1759352399999999,468759.03840000,1961,870892.00000000,192161.75910000,0
1759352400000000,0.22030000,0.22050000,0.21910000,0.21980000,739950.00000000,1759355999999999,162517.76310000,721,352006.00000000,77301.88150000,0
1759356000000000,0.21980000,0.22090000,0.21910000,0.21950000,941963.00000000,1759359599999999,207095.03170000,934,421046.00000000,92599.20410000,0
1759359600000000,0.21950000,0.22120000,0.21920000,0.22090000,1494939.00000000,1759363199999999,329065.34760000,968,827273.00000000,182116.00630000,0
1759363200000000,0.22100000,0.22210000,0.22030000,0.22060000,1743723.00000000,1759366799999999,385538.76350000,1550,871502.00000000,192710.87610000,0
1759366800000000,0.22060000,0.22410000,0.22040000,0.22400000,1353405.00000000,1759370399999999,300725.79980000,1411,825292.00000000,183302.51440000,0
1759370400000000,0.22390000,0.22490000,0.22290000,0.22410000,1554956.00000000,1759373999999999,348263.68490000,1581,905168.00000000,202919.78320000,0
1759374000000000,0.22410000,0.22450000,0.22300000,0.22350000,1554790.00000000,1759377599999999,347805.58640000,1319,730796.00000000,163534.97770000,0
1759377600000000,0.22350000,0.22400000,0.22250000,0.22390000,1286680.00000000,1759381199999999,287371.52340000,1164,480739.00000000,107385.24060000,0
1759381200000000,0.22390000,0.22480000,0.22350000,0.22370000,801217.00000000,1759384799999999,179450.71100000,921,396891.00000000,88909.48020000,0
1759384800000000,0.22360000,0.22480000,0.22310000,0.22410000,1976433.00000000,1759388399999999,442525.97270000,1451,881411.00000000,197360.65540000,0
1759388400000000,0.22410000,0.22480000,0.22270000,0.22270000,1420539.00000000,1759391999999999,317843.16590000,1076,710646.00000000,159104.80560000,0
1759392000000000,0.22290000,0.22390000,0.22290000,0.22370000,614937.00000000,1759395599999999,137416.42260000,753,332525.00000000,74295.17720000,0
1759395600000000,0.22370000,0.22390000,0.22310000,0.22370000,560429.00000000,1759399199999999,125216.32050000,894,312523.00000000,69842.99870000,0
1759399200000000,0.22370000,0.22440000,0.22290000,0.22420000,1033567.00000000,1759402799999999,230935.46570000,886,471439.00000000,105305.94550000,0
1759402800000000,0.22410000,0.22540000,0.22340000,0.22390000,1069542.00000000,1759406399999999,240247.22870000,948,582544.00000000,130842.55370000,0
1759406400000000,0.22370000,0.22500000,0.22350000,0.22490000,1371741.00000000,1759409999999999,307899.10560000,1161,630722.00000000,141570.63460000,0
1759410000000000,0.22490000,0.22510000,0.22250000,0.22430000,1966883.00000000,1759413599999999,440876.87430000,1963,996466.00000000,223383.46920000,0
1759413600000000,0.22410000,0.22430000,0.21880000,0.22000000,2199503.00000000,1759417199999999,486810.99600000,2181,973866.00000000,215638.00590000,0
1759417200000000,0.21980000,0.22140000,0.21840000,0.22130000,1777759.00000000,1759420799999999,391037.33240000,1953,888783.00000000,195478.18700000,0
1759420800000000,0.22130000,0.22290000,0.22040000,0.22220000,2244246.00000000,1759424399999999,497964.34860000,2298,1331361.00000000,295484.64730000,0
1759424400000000,0.22220000,0.22460000,0.22170000,0.22430000,789604.00000000,1759427999999999,176209.26950000,1209,403435.00000000,90022.88560000,0
1759428000000000,0.22430000,0.22600000,0.22420000,0.22560000,1264952.00000000,1759431599999999,284990.59610000,1295,652084.00000000,146933.70360000,0
1759431600000000,0.22560000,0.22750000,0.22510000,0.22660000,1628082.00000000,1759435199999999,369372.59090000,1800,930190.00000000,211013.49930000,0
1759435200000000,0.22670000,0.22690000,0.22440000,0.22530000,1282009.00000000,1759438799999999,289612.82220000,1388,575655.00000000,130072.52030000,0
1759438800000000,0.22540000,0.22620000,0.22460000,0.22500000,815369.00000000,1759442399999999,183738.58480000,897,438809.00000000,98872.63960000,0
1759442400000000,0.22510000,0.22610000,0.22400000,0.22440000,2076457.00000000,1759445999999999,467193.34570000,1447,1171768.00000000,263906.89300000,0
1759446000000000,0.22450000,0.22540000,0.22430000,0.22500000,700892.00000000,1759449599999999,157603.72020000,840,443388.00000000,99686.31310000,0
1759449600000000,0.22510000,0.22530000,0.22240000,0.22270000,1018979.00000000,1759453199999999,227534.35020000,1207,555685.00000000,124137.66830000,0
1759453200000000,0.22280000,0.22350000,0.22110000,0.22130000,1643740.00000000,1759456799999999,365498.70600000,1411,781237.00000000,173859.61460000,0
1759456800000000,0.22120000,0.22270000,0.22110000,0.22230000,669858.00000000,1759460399999999,148750.12350000,955,365383.00000000,81144.61880000,0
1759460400000000,0.22240000,0.22430000,0.22180000,0.22210000,1612576.00000000,1759463999999999,360070.72880000,1459,838757.00000000,187306.20990000,0
1759464000000000,0.22210000,0.22440000,0.22210000,0.22420000,715584.00000000,1759467599999999,159861.28450000,859,483255.00000000,107992.61400000,0
1759467600000000,0.22430000,0.22450000,0.22260000,0.22340000,890225.00000000,1759471199999999,198871.99990000,899,396737.00000000,88567.51950000,0
1759471200000000,0.22350000,0.22410000,0.22190000,0.22270000,680828.00000000,1759474799999999,151849.19500000,819,305786.00000000,68260.39680000,0
1759474800000000,0.22260000,0.22260000,0.22140000,0.22260000,556627.00000000,1759478399999999,123636.14140000,740,271094.00000000,60220.99520000,0
1759478400000000,0.22260000,0.22390000,0.22150000,0.22380000,708903.00000000,1759481999999999,157955.36800000,884,343646.00000000,76599.29280000,0
1759482000000000,0.22380000,0.22390000,0.22230000,0.22340000,1331749.00000000,1759485599999999,297057.89280000,1350,749091.00000000,167074.23210000,0
1759485600000000,0.22340000,0.22360000,0.22300000,0.22330000,400636.00000000,1759489199999999,89469.80820000,728,177619.00000000,39665.80470000,0
1759489200000000,0.22330000,0.22330000,0.22170000,0.22190000,916490.00000000,1759492799999999,203669.52230000,849,420159.00000000,93433.40360000,0
1759492800000000,0.22190000,0.22290000,0.22160000,0.22210000,637859.00000000,1759496399999999,141722.74420000,904,295138.00000000,65555.84770000,0
1759496400000000,0.22200000,0.22360000,0.22000000,0.22260000,2045192.00000000,1759499999999999,454509.17500000,2342,981166.00000000,218243.14060000,0
1759500000000000,0.22260000,0.22390000,0.22050000,0.22330000,2178525.00000000,1759503599999999,483849.88850000,2438,1142642.00000000,253851.56310000,0
1759503600000000,0.22310000,0.22800000,0.22190000,0.22650000,6085893.00000000,1759507199999999,1371282.19080000,4479,3120610.00000000,704200.54360000,0
1759507200000000,0.22660000,0.23100000,0.22650000,0.22780000,6622780.00000000,1759510799999999,1516362.71410000,4732,3910215.00000000,896665.61860000,0
1759510800000000,0.22770000,0.22790000,0.22230000,0.22280000,7621057.00000000,1759514399999999,1713034.41820000,6244,2672944.00000000,601022.44880000,0
1759514400000000,0.22290000,0.22640000,0.22140000,0.22630000,1705957.00000000,1759517999999999,381566.51370000,1958,923095.00000000,206667.54580000,0
1759518000000000,0.22640000,0.22700000,0.22560000,0.22590000,1195185.00000000,1759521599999999,270511.47260000,1359,637674.00000000,144364.32750000,0
1759521600000000,0.22580000,0.22650000,0.22470000,0.22610000,699909.00000000,1759525199999999,157831.30120000,949,368723.00000000,83145.91460000,0
1759525200000000,0.22620000,0.22650000,0.22440000,0.22470000,487254.00000000,1759528799999999,109763.44530000,766,213693.00000000,48131.19360000,0
1759528800000000,0.22480000,0.22640000,0.22480000,0.22590000,531188.00000000,1759532399999999,119973.08900000,915,265887.00000000,60056.81030000,0
1759532400000000,0.22580000,0.22590000,0.22430000,0.22470000,635557.00000000,1759535999999999,143177.70950000,1031,356152.00000000,80247.56250000,0
1759536000000000,0.22480000,0.22540000,0.22320000,0.22400000,831203.00000000,1759539599999999,186500.43230000,1182,457664.00000000,102718.74640000,0
1759539600000000,0.22400000,0.22410000,0.22130000,0.22170000,778838.00000000,1759543199999999,173181.60900000,1247,329309.00000000,73223.49530000,0
1759543200000000,0.22170000,0.22270000,0.22090000,0.22200000,698220.00000000,1759546799999999,154798.66890000,1200,399966.00000000,88665.13920000,0
1759546800000000,0.22200000,0.22210000,0.22050000,0.22140000,735265.00000000,1759550399999999,162609.57570000,902,368753.00000000,81573.31760000,0
1759550400000000,0.22140000,0.22220000,0.22050000,0.22150000,680783.00000000,1759553999999999,150638.01610000,1196,238873.00000000,52826.34800000,0
1759554000000000,0.22150000,0.22280000,0.22100000,0.22190000,778088.00000000,1759557599999999,172645.00440000,1133,347625.00000000,77193.73550000,0
1759557600000000,0.22180000,0.22290000,0.22180000,0.22210000,818500.00000000,1759561199999999,181981.80510000,980,424985.00000000,94494.54650000,0
1759561200000000,0.22210000,0.22220000,0.22110000,0.22170000,748757.00000000,1759564799999999,166027.25880000,678,388750.00000000,86241.13550000,0
1759564800000000,0.22160000,0.22180000,0.21950000,0.21960000,989524.00000000,1759568399999999,217926.74810000,1268,495438.00000000,109117.34590000,0
1759568400000000,0.21960000,0.22250000,0.21920000,0.21980000,3548915.00000000,1759571999999999,783396.67180000,2192,2505022.00000000,553044.65200000,0
1759572000000000,0.21980000,0.22080000,0.21850000,0.21890000,799959.00000000,1759575599999999,175762.50130000,1097,342569.00000000,75274.08500000,0
1759575600000000,0.21880000,0.21930000,0.21820000,0.21860000,780363.00000000,1759579199999999,170649.57720000,881,456234.00000000,99787.26260000,0
1759579200000000,0.21860000,0.21940000,0.21810000,0.21840000,726732.00000000,1759582799999999,158966.05900000,795,481550.00000000,105336.52040000,0
1759582800000000,0.21840000,0.22100000,0.21840000,0.22000000,1080129.00000000,1759586399999999,237879.63720000,1013,692694.00000000,152524.90740000,0
1759586400000000,0.22000000,0.22120000,0.21790000,0.21790000,915759.00000000,1759589999999999,200594.91900000,1002,335080.00000000,73549.47450000,0
1759590000000000,0.21790000,0.21870000,0.21590000,0.21640000,2406778.00000000,1759593599999999,522718.42800000,2200,1241541.00000000,270080.45570000,0
1759593600000000,0.21650000,0.21760000,0.21580000,0.21700000,843147.00000000,1759597199999999,182743.26140000,1200,367846.00000000,79728.73050000,0
1759597200000000,0.21710000,0.21760000,0.21610000,0.21690000,465977.00000000,1759600799999999,101063.00190000,831,236431.00000000,51281.26710000,0
1759600800000000,0.21690000,0.21720000,0.21580000,0.21580000,656545.00000000,1759604399999999,142209.16160000,896,240561.00000000,52103.74240000,0
1759604400000000,0.21590000,0.21740000,0.21580000,0.21730000,809359.00000000,1759607999999999,175428.66900000,794,661522.00000000,143379.94510000,0
1759608000000000,0.21740000,0.21820000,0.21720000,0.21770000,527053.00000000,1759611599999999,114722.51360000,606,313008.00000000,68163.74690000,0
1759611600000000,0.21750000,0.21890000,0.21750000,0.21860000,404440.00000000,1759615199999999,88363.19620000,423,306417.00000000,66967.20260000,0
1759615200000000,0.21860000,0.21930000,0.21820000,0.21890000,537454.00000000,1759618799999999,117593.60960000,614,254945.00000000,55787.32030000,0
1759618800000000,0.21880000,0.22020000,0.21860000,0.21980000,1116307.00000000,1759622399999999,244872.21330000,853,921541.00000000,202128.65730000,0
1759622400000000,0.21970000,0.22080000,0.21870000,0.21870000,725182.00000000,1759625999999999,159652.01990000,728,398319.00000000,87705.57540000,0
1759626000000000,0.21880000,0.22040000,0.21870000,0.22020000,297355.00000000,1759629599999999,65364.25330000,603,193763.00000000,42578.16880000,0
1759629600000000,0.22020000,0.22500000,0.21960000,0.22500000,2233576.00000000,1759633199999999,496919.46230000,2223,1309387.00000000,291376.28170000,0
1759633200000000,0.22500000,0.22690000,0.22460000,0.22490000,2056142.00000000,1759636799999999,464228.29710000,2571,986377.00000000,222673.55470000,0
1759636800000000,0.22490000,0.22760000,0.22410000,0.22580000,2192223.00000000,1759640399999999,494730.36360000,2723,1169825.00000000,263948.19970000,0
1759640400000000,0.22590000,0.22690000,0.22550000,0.22670000,1056538.00000000,1759643999999999,239059.25980000,1421,539031.00000000,121984.92230000,0
1759644000000000,0.22670000,0.22730000,0.22620000,0.22630000,750312.00000000,1759647599999999,170139.68810000,881,371467.00000000,84245.42910000,0
1759647600000000,0.22640000,0.22980000,0.22630000,0.22970000,1619873.00000000,1759651199999999,368876.56640000,2035,933523.00000000,212645.50340000,0
1759651200000000,0.22980000,0.23040000,0.22790000,0.22820000,1482779.00000000,1759654799999999,339290.43730000,1852,854033.00000000,195383.82350000,0
1759654800000000,0.22840000,0.22840000,0.22470000,0.22480000,3440626.00000000,1759658399999999,778817.30850000,4667,1235816.00000000,279711.47030000,0
1759658400000000,0.22490000,0.22490000,0.22320000,0.22380000,4141297.00000000,1759661999999999,926601.06550000,3822,1361642.00000000,304990.10000000,0
1759662000000000,0.22370000,0.22480000,0.22250000,0.22460000,1097355.00000000,1759665599999999,245416.37460000,1129,584927.00000000,130871.96020000,0
1759665600000000,0.22450000,0.22450000,0.22220000,0.22290000,1836353.00000000,1759669199999999,409616.69480000,1464,1135627.00000000,253313.74480000,0
1759669200000000,0.22290000,0.22490000,0.22290000,0.22410000,1352943.00000000,1759672799999999,303064.88810000,1183,866471.00000000,194076.00910000,0
1759672800000000,0.22410000,0.22530000,0.22260000,0.22350000,766919.00000000,1759676399999999,171709.58190000,1191,449259.00000000,100610.76440000,0
1759676400000000,0.22340000,0.22420000,0.22290000,0.22360000,684619.00000000,1759679999999999,152920.56700000,651,388893.00000000,86883.86280000,0
1759680000000000,0.22360000,0.22410000,0.22130000,0.22340000,1202674.00000000,1759683599999999,267775.19490000,1246,453004.00000000,100889.35990000,0
1759683600000000,0.22350000,0.22390000,0.22010000,0.22060000,646069.00000000,1759687199999999,143405.84390000,848,313673.00000000,69719.13880000,0
1759687200000000,0.22050000,0.22140000,0.21950000,0.22060000,1087066.00000000,1759690799999999,239717.21470000,1121,571002.00000000,125937.19670000,0
1759690800000000,0.22050000,0.22050000,0.21770000,0.21810000,1038159.00000000,1759694399999999,227239.38370000,1017,461108.00000000,100956.66520000,0
1759694400000000,0.21810000,0.21990000,0.21740000,0.21910000,915245.00000000,1759697999999999,200492.30810000,891,514201.00000000,112713.68410000,0
1759698000000000,0.21900000,0.21930000,0.21850000,0.21900000,499228.00000000,1759701599999999,109222.65820000,505,237674.00000000,51998.92190000,0
1759701600000000,0.21910000,0.21980000,0.21810000,0.21900000,692495.00000000,1759705199999999,151605.23350000,718,469175.00000000,102734.53380000,0
1759705200000000,0.21900000,0.21950000,0.21860000,0.21860000,603689.00000000,1759708799999999,132350.91420000,536,262289.00000000,57502.16780000,0
1759708800000000,0.21860000,0.22060000,0.21700000,0.21760000,1887383.00000000,1759712399999999,412137.65460000,1710,1038116.00000000,226788.40960000,0
1759712400000000,0.21750000,0.22020000,0.21680000,0.21880000,3021207.00000000,1759715999999999,661099.61490000,1915,995506.00000000,218073.44960000,0
1759716000000000,0.21880000,0.22030000,0.21730000,0.21910000,815520.00000000,1759719599999999,178311.14520000,1147,467709.00000000,102359.58070000,0
1759719600000000,0.21910000,0.21920000,0.21810000,0.21860000,391097.00000000,1759723199999999,85527.72120000,564,263859.00000000,57702.83700000,0
1759723200000000,0.21850000,0.21860000,0.21680000,0.21700000,564783.00000000,1759726799999999,122972.53780000,661,268126.00000000,58405.25350000,0
1759726800000000,0.21690000,0.21770000,0.21630000,0.21740000,906220.00000000,1759730399999999,196478.09030000,899,498117.00000000,107971.11870000,0
1759730400000000,0.21740000,0.22090000,0.21740000,0.22060000,988726.00000000,1759733999999999,217208.93030000,1059,529335.00000000,116203.22440000,0
1759734000000000,0.22060000,0.22100000,0.21800000,0.21900000,915320.00000000,1759737599999999,201101.87820000,995,408220.00000000,89761.89550000,0
1759737600000000,0.21900000,0.22130000,0.21900000,0.22120000,1125275.00000000,1759741199999999,248169.83600000,1022,776450.00000000,171306.21880000,0
1759741200000000,0.22140000,0.22280000,0.22140000,0.22220000,1584157.00000000,1759744799999999,351666.38500000,1467,766281.00000000,170170.92000000,0
1759744800000000,0.22210000,0.22260000,0.22100000,0.22140000,1452489.00000000,1759748399999999,322063.67450000,1264,493466.00000000,109468.80350000,0
1759748400000000,0.22130000,0.22300000,0.22090000,0.22130000,1008657.00000000,1759751999999999,223511.70370000,969,378432.00000000,83948.91080000,0
1759752000000000,0.22120000,0.22420000,0.22120000,0.22370000,1151232.00000000,1759755599999999,257022.60940000,1416,504873.00000000,112616.20060000,0
1759755600000000,0.22380000,0.22710000,0.22350000,0.22700000,2275479.00000000,1759759199999999,512628.05900000,2713,1482878.00000000,334159.66370000,0
1759759200000000,0.22690000,0.23020000,0.22530000,0.22820000,4819261.00000000,1759762799999999,1099425.75790000,3865,2066392.00000000,471950.12390000,0
1759762800000000,0.22820000,0.23010000,0.22760000,0.22960000,2674649.00000000,1759766399999999,612535.77900000,2361,1261307.00000000,288837.39460000,0
1759766400000000,0.22960000,0.23040000,0.22780000,0.22900000,1181845.00000000,1759769999999999,270506.90450000,1611,621109.00000000,142175.65080000,0
1759770000000000,0.22900000,0.23070000,0.22810000,0.22970000,1488176.00000000,1759773599999999,341099.81210000,1492,561932.00000000,129081.40050000,0
1759773600000000,0.22970000,0.23080000,0.22940000,0.23020000,1373777.00000000,1759777199999999,316303.19360000,1515,788934.00000000,181758.15650000,0
1759777200000000,0.23030000,0.23030000,0.22890000,0.22960000,792653.00000000,1759780799999999,181871.53080000,1084,388120.00000000,89049.16450000,0
1759780800000000,0.22960000,0.23070000,0.22900000,0.23060000,1311209.00000000,1759784399999999,301785.60610000,1278,774492.00000000,178306.12580000,0
1759784400000000,0.23060000,0.23080000,0.22850000,0.23020000,1508503.00000000,1759787999999999,346834.11140000,1209,891455.00000000,205107.24070000,0
1759788000000000,0.23020000,0.23100000,0.22910000,0.23000000,1145556.00000000,1759791599999999,263285.44640000,998,731611.00000000,168120.20540000,0
1759791600000000,0.23010000,0.23020000,0.22870000,0.22930000,1124063.00000000,1759795199999999,257890.07560000,824,439504.00000000,100834.01400000,0
1759795200000000,0.22930000,0.22980000,0.22840000,0.22940000,1008306.00000000,1759798799999999,231075.44540000,847,522885.00000000,119869.60170000,0
1759798800000000,0.22940000,0.23020000,0.22830000,0.22890000,1406236.00000000,1759802399999999,322577.75780000,887,375128.00000000,86078.33770000,0
1759802400000000,0.22880000,0.22930000,0.22750000,0.22800000,692635.00000000,1759805999999999,158097.65360000,733,268971.00000000,61430.35810000,0
1759806000000000,0.22790000,0.22840000,0.22700000,0.22790000,646430.00000000,1759809599999999,147170.17730000,705,215095.00000000,48981.25080000,0
1759809600000000,0.22790000,0.23060000,0.22640000,0.22990000,1151895.00000000,1759813199999999,263551.38730000,950,587681.00000000,134418.19280000,0
1759813200000000,0.22990000,0.23070000,0.22900000,0.22940000,992646.00000000,1759816799999999,228099.65210000,878,557550.00000000,128107.46920000,0
1759816800000000,0.22940000,0.23010000,0.22540000,0.22560000,2048963.00000000,1759820399999999,465414.00700000,1527,936785.00000000,212781.44140000,0
1759820400000000,0.22560000,0.22670000,0.22430000,0.22480000,1730773.00000000,1759823999999999,389468.13570000,1210,556977.00000000,125540.08820000,0
1759824000000000,0.22490000,0.22490000,0.22230000,0.22450000,2070490.00000000,1759827599999999,462630.73560000,1572,842437.00000000,188168.42790000,0
1759827600000000,0.22440000,0.22600000,0.22440000,0.22530000,830878.00000000,1759831199999999,187228.80790000,766,408642.00000000,92073.04440000,0
1759831200000000,0.22520000,0.22620000,0.22480000,0.22600000,2181901.00000000,1759834799999999,492140.00470000,944,1271181.00000000,286703.98970000,0
1759834800000000,0.22600000,0.22760000,0.22570000,0.22740000,3683191.00000000,1759838399999999,834749.79220000,1944,2414661.00000000,547146.22620000,0
1759838400000000,0.22730000,0.22870000,0.22560000,0.22850000,2093791.00000000,1759841999999999,475121.27040000,1517,1338435.00000000,303809.63360000,0
1759842000000000,0.22870000,0.22990000,0.22420000,0.22690000,3422988.00000000,1759845599999999,777092.65540000,3604,1670100.00000000,379279.86740000,0
1759845600000000,0.22690000,0.22720000,0.22160000,0.22170000,2884140.00000000,1759849199999999,644871.14190000,3128,1237618.00000000,276639.06720000,0
1759849200000000,0.22170000,0.22240000,0.21870000,0.22040000,6428840.00000000,1759852799999999,1416550.91260000,5102,3602769.00000000,794337.20440000,0
1759852800000000,0.22030000,0.22360000,0.21890000,0.22240000,2919194.00000000,1759856399999999,644119.51320000,2464,1670220.00000000,368217.96470000,0
1759856400000000,0.22240000,0.22350000,0.22080000,0.22090000,1000701.00000000,1759859999999999,222585.66480000,1331,482135.00000000,107318.89930000,0
1759860000000000,0.22080000,0.22140000,0.21970000,0.21990000,1005934.00000000,1759863599999999,221670.25430000,1041,506982.00000000,111769.55800000,0
1759863600000000,0.21980000,0.22110000,0.21950000,0.22010000,1471638.00000000,1759867199999999,324064.46320000,1164,578468.00000000,127418.46050000,0
1759867200000000,0.22000000,0.22270000,0.22000000,0.22160000,905059.00000000,1759870799999999,200777.12370000,931,631271.00000000,140094.78610000,0
1759870800000000,0.22160000,0.22200000,0.22010000,0.22050000,645261.00000000,1759874399999999,142630.16540000,676,313759.00000000,69306.61560000,0
1759874400000000,0.22030000,0.22150000,0.21990000,0.22020000,497329.00000000,1759877999999999,109673.38950000,839,177795.00000000,39215.51730000,0
1759878000000000,0.22010000,0.22010000,0.21800000,0.21890000,929320.00000000,1759881599999999,203588.60480000,1188,331943.00000000,72725.80810000,0
1759881600000000,0.21890000,0.22090000,0.21840000,0.22010000,1098610.00000000,1759885199999999,241658.39320000,1095,470874.00000000,103539.94630000,0
1759885200000000,0.22010000,0.22080000,0.21940000,0.21990000,410978.00000000,1759888799999999,90395.23290000,834,201280.00000000,44268.31770000,0
1759888800000000,0.21990000,0.22020000,0.21880000,0.21920000,796557.00000000,1759892399999999,174746.30670000,872,369734.00000000,81093.05810000,0
1759892400000000,0.21910000,0.21920000,0.21610000,0.21700000,1411380.00000000,1759895999999999,306478.13980000,1431,631325.00000000,137123.08030000,0
1759896000000000,0.21700000,0.21910000,0.21620000,0.21850000,950578.00000000,1759899599999999,206952.91750000,1267,522707.00000000,113854.45940000,0
1759899600000000,0.21850000,0.21850000,0.21550000,0.21650000,1579959.00000000,1759903199999999,342525.72150000,1473,471170.00000000,102081.97310000,0
1759903200000000,0.21660000,0.21680000,0.21550000,0.21650000,530304.00000000,1759906799999999,114605.13510000,894,232695.00000000,50288.04330000,0
1759906800000000,0.21660000,0.21780000,0.21570000,0.21770000,766143.00000000,1759910399999999,165829.95810000,1011,414631.00000000,89838.49870000,0
1759910400000000,0.21780000,0.22010000,0.21740000,0.21900000,732861.00000000,1759913999999999,160247.11870000,901,333183.00000000,72819.19420000,0
1759914000000000,0.21900000,0.21940000,0.21810000,0.21880000,578631.00000000,1759917599999999,126451.29930000,731,341475.00000000,74620.23720000,0
1759917600000000,0.21890000,0.21970000,0.21840000,0.21940000,711028.00000000,1759921199999999,155798.68530000,744,457915.00000000,100333.78050000,0
1759921200000000,0.21930000,0.21980000,0.21800000,0.21820000,548983.00000000,1759924799999999,120117.41440000,576,301798.00000000,66051.43680000,0
1759924800000000,0.21820000,0.21960000,0.21710000,0.21850000,1550477.00000000,1759928399999999,338514.51180000,1348,954232.00000000,208359.01980000,0
1759928400000000,0.21850000,0.21950000,0.21710000,0.21950000,1122666.00000000,1759931999999999,245371.32580000,1514,601112.00000000,131391.58550000,0
1759932000000000,0.21940000,0.22220000,0.21920000,0.21950000,2176387.00000000,1759935599999999,480732.15560000,2159,1080439.00000000,238724.78130000,0
1759935600000000,0.21950000,0.22180000,0.21940000,0.22040000,1829286.00000000,1759939199999999,404208.21030000,1630,863765.00000000,190820.00130000,0
1759939200000000,0.22060000,0.22320000,0.22030000,0.22310000,1349407.00000000,1759942799999999,299760.30660000,1483,726672.00000000,161462.92020000,0
1759942800000000,0.22310000,0.22650000,0.22270000,0.22580000,2443089.00000000,1759946399999999,550140.05640000,2425,1358732.00000000,305919.19740000,0
1759946400000000,0.22580000,0.22760000,0.22500000,0.22560000,2927011.00000000,1759949999999999,662405.59430000,2529,1434443.00000000,324576.50540000,0
1759950000000000,0.22550000,0.22650000,0.22450000,0.22530000,1119840.00000000,1759953599999999,252233.42680000,1246,527715.00000000,118866.72470000,0
1759953600000000,0.22520000,0.22560000,0.22380000,0.22380000,722652.00000000,1759957199999999,162579.91590000,830,348312.00000000,78384.47450000,0
1759957200000000,0.22390000,0.22560000,0.22390000,0.22480000,714646.00000000,1759960799999999,160774.30260000,625,474830.00000000,106834.45500000,0
1759960800000000,0.22480000,0.22540000,0.22440000,0.22440000,717741.00000000,1759964399999999,161440.08580000,709,369360.00000000,83086.56910000,0
1759964400000000,0.22440000,0.22480000,0.22340000,0.22410000,902640.00000000,1759967999999999,202245.46970000,767,408137.00000000,91460.31080000,0
1759968000000000,0.22410000,0.22440000,0.22230000,0.22230000,847252.00000000,1759971599999999,189054.13600000,802,452997.00000000,101119.89230000,0
1759971600000000,0.22230000,0.22260000,0.21930000,0.22070000,1472241.00000000,1759975199999999,324778.18910000,1329,587806.00000000,129722.93570000,0
1759975200000000,0.22070000,0.22080000,0.21570000,0.21620000,1442962.00000000,1759978799999999,314282.45140000,1455,761974.00000000,165861.46160000,0
1759978800000000,0.21620000,0.21880000,0.21620000,0.21810000,564894.00000000,1759982399999999,123043.81910000,817,387173.00000000,84302.91570000,0
1759982400000000,0.21820000,0.21940000,0.21760000,0.21930000,959473.00000000,1759985999999999,209654.55180000,922,559206.00000000,122219.95130000,0
1759986000000000,0.21920000,0.22030000,0.21850000,0.21960000,845459.00000000,1759989599999999,185544.25630000,835,390944.00000000,85813.78080000,0
1759989600000000,0.21970000,0.21980000,0.21770000,0.21810000,917474.00000000,1759993199999999,200592.75040000,943,392928.00000000,85918.66450000,0
1759993200000000,0.21790000,0.21830000,0.21620000,0.21630000,815023.00000000,1759996799999999,177099.04070000,869,450519.00000000,97903.59170000,0
1759996800000000,0.21630000,0.21660000,0.21250000,0.21280000,3478722.00000000,1760000399999999,745730.38590000,2836,1554150.00000000,333202.03330000,0
1760000400000000,0.21290000,0.21640000,0.21280000,0.21620000,3616366.00000000,1760003999999999,777469.34040000,2738,1819348.00000000,391068.18270000,0
1760004000000000,0.21630000,0.21730000,0.21510000,0.21690000,1142374.00000000,1760007599999999,247097.24790000,1195,547628.00000000,118441.45630000,0
1760007600000000,0.21680000,0.21780000,0.21650000,0.21660000,1287512.00000000,1760011199999999,279519.93030000,1129,449176.00000000,97559.34290000,0
1760011200000000,0.21660000,0.21950000,0.21640000,0.21920000,1460011.00000000,1760014799999999,318108.59760000,1421,759816.00000000,165526.25420000,0
1760014800000000,0.21920000,0.21950000,0.21650000,0.21660000,1610162.00000000,1760018399999999,351234.08220000,1766,693119.00000000,151260.65370000,0
1760018400000000,0.21650000,0.21770000,0.21410000,0.21590000,2601022.00000000,1760021999999999,561679.04800000,2638,1568029.00000000,338755.86610000,0
1760022000000000,0.21600000,0.21740000,0.21450000,0.21550000,1145581.00000000,1760025599999999,247410.32440000,1375,633944.00000000,136887.02880000,0
1760025600000000,0.21560000,0.21650000,0.21290000,0.21380000,1769514.00000000,1760029199999999,380478.23790000,1863,782064.00000000,168081.90590000,0
1760029200000000,0.21360000,0.21770000,0.21350000,0.21760000,1548751.00000000,1760032799999999,334059.36910000,1907,933622.00000000,201520.97700000,0
1760032800000000,0.21770000,0.21860000,0.21700000,0.21710000,1351626.00000000,1760036399999999,294433.96170000,1395,659609.00000000,143693.86250000,0
1760036400000000,0.21700000,0.21800000,0.21680000,0.21730000,918617.00000000,1760039999999999,199565.86680000,1095,455407.00000000,98925.78460000,0
1760040000000000,0.21740000,0.21840000,0.21690000,0.21820000,1188564.00000000,1760043599999999,258832.84250000,1176,482523.00000000,105070.61070000,0
1760043600000000,0.21820000,0.21930000,0.21770000,0.21930000,1007434.00000000,1760047199999999,220297.77140000,989,490781.00000000,107307.10980000,0
1760047200000000,0.21940000,0.22240000,0.21910000,0.22170000,1847797.00000000,1760050799999999,408096.15820000,1567,966561.00000000,213612.27830000,0
1760050800000000,0.22180000,0.22190000,0.22010000,0.22030000,1000274.00000000,1760054399999999,220751.58520000,1350,444247.00000000,98048.61310000,0
1760054400000000,0.22040000,0.22180000,0.21990000,0.22070000,1691034.00000000,1760057999999999,373648.46310000,1337,925119.00000000,204365.57680000,0
1760058000000000,0.22070000,0.22160000,0.21900000,0.21980000,633217.00000000,1760061599999999,139608.81340000,823,220698.00000000,48651.05120000,0
1760061600000000,0.21980000,0.22060000,0.21900000,0.21950000,647682.00000000,1760065199999999,142370.04800000,879,335748.00000000,73805.12990000,0
1760065200000000,0.21960000,0.22410000,0.21860000,0.22230000,1302256.00000000,1760068799999999,289042.13680000,1613,645028.00000000,143263.87330000,0
1760068800000000,0.22230000,0.22340000,0.22120000,0.22190000,1243083.00000000,1760072399999999,275967.14150000,1110,473345.00000000,105152.35950000,0
1760072400000000,0.22200000,0.22400000,0.22080000,0.22330000,1773378.00000000,1760075999999999,393974.31770000,1457,684665.00000000,152252.67400000,0
1760076000000000,0.22330000,0.22400000,0.22040000,0.22080000,2572446.00000000,1760079599999999,572913.42160000,1461,1132419.00000000,252293.46160000,0
1760079600000000,0.22080000,0.22090000,0.21950000,0.21970000,768938.00000000,1760083199999999,169340.94770000,1128,299053.00000000,65864.38230000,0
1760083200000000,0.21980000,0.22150000,0.21940000,0.22080000,1071911.00000000,1760086799999999,236519.46620000,1169,486064.00000000,107208.14110000,0
1760086800000000,0.22080000,0.22140000,0.21950000,0.21960000,1747565.00000000,1760090399999999,385040.98460000,1858,597330.00000000,131648.61320000,0
1760090400000000,0.21960000,0.22250000,0.21960000,0.22210000,494917.00000000,1760093999999999,109443.80330000,935,267337.00000000,59137.78200000,0
1760094000000000,0.22210000,0.22280000,0.22130000,0.22180000,1165918.00000000,1760097599999999,258672.33420000,1202,466270.00000000,103455.63980000,0
1760097600000000,0.22170000,0.22310000,0.22170000,0.22280000,895160.00000000,1760101199999999,199006.84510000,1085,429106.00000000,95419.31060000,0
1760101200000000,0.22270000,0.22550000,0.22270000,0.22400000,1931697.00000000,1760104799999999,432908.67710000,2729,998641.00000000,223783.09830000,0
1760104800000000,0.22410000,0.22470000,0.21880000,0.21940000,4092559.00000000,1760108399999999,911915.92070000,4451,1732193.00000000,385952.19430000,0
1760108400000000,0.21960000,0.21980000,0.20960000,0.21270000,8951034.00000000,1760111999999999,1915984.21420000,10774,4156409.00000000,889619.91020000,0
1760112000000000,0.21270000,0.21540000,0.21180000,0.21230000,3471136.00000000,1760115599999999,741452.45070000,3728,1891190.00000000,404018.69910000,0
1760115600000000,0.21230000,0.21300000,0.21010000,0.21060000,1720251.00000000,1760119199999999,364055.77870000,2618,905771.00000000,191697.26530000,0
1760119200000000,0.21060000,0.21120000,0.20920000,0.20920000,1480962.00000000,1760122799999999,311363.76840000,2196,823150.00000000,173097.29530000,0
1760122800000000,0.20930000,0.21000000,0.20470000,0.20710000,4422505.00000000,1760126399999999,917736.25210000,5078,2188283.00000000,453752.12590000,0
1760126400000000,0.20730000,0.20860000,0.19000000,0.19340000,13950221.00000000,1760129999999999,2807280.60610000,12368,6357341.00000000,1278131.39070000,0
1760130000000000,0.19330000,0.19780000,0.10000000,0.16310000,58075621.00000000,1760133599999999,9284940.16450000,93424,27177563.00000000,4353913.44560000,0
1760133600000000,0.16280000,0.18500000,0.14590000,0.17110000,75065761.00000000,1760137199999999,11932298.83620000,124797,37849808.00000000,6011323.49730000,0
1760137200000000,0.17110000,0.18340000,0.16540000,0.17540000,33840018.00000000,1760140799999999,5893978.59570000,35717,15442200.00000000,2693633.91100000,0
1760140800000000,0.17530000,0.18400000,0.17240000,0.17980000,19930106.00000000,1760144399999999,3570972.96440000,18921,9788073.00000000,1754279.89800000,0
1760144400000000,0.17970000,0.18030000,0.17420000,0.17590000,10832923.00000000,1760147999999999,1916445.43800000,20359,5887007.00000000,1041572.53440000,0
1760148000000000,0.17600000,0.18670000,0.17580000,0.18520000,10441765.00000000,1760151599999999,1920110.03920000,19602,5092278.00000000,937899.06570000,0
1760151600000000,0.18530000,0.18590000,0.17940000,0.18130000,8256074.00000000,1760155199999999,1499847.19510000,13773,4413933.00000000,802607.93230000,0
1760155200000000,0.18130000,0.18450000,0.18080000,0.18380000,7062995.00000000,1760158799999999,1288304.63820000,10316,3425329.00000000,624728.67210000,0
1760158800000000,0.18380000,0.18430000,0.18010000,0.18160000,4950601.00000000,1760162399999999,902609.87510000,6655,2357011.00000000,430118.97540000,0
1760162400000000,0.18160000,0.18530000,0.18120000,0.18330000,5566785.00000000,1760165999999999,1020308.63900000,6055,2468919.00000000,452630.77570000,0
1760166000000000,0.18350000,0.18540000,0.18260000,0.18390000,4964538.00000000,1760169599999999,911505.56930000,4343,1707898.00000000,313825.68000000,0
1760169600000000,0.18400000,0.19100000,0.18330000,0.19020000,4993559.00000000,1760173199999999,938731.26870000,4382,2707151.00000000,509676.30580000,0
1760173200000000,0.19020000,0.19310000,0.18810000,0.18920000,5216397.00000000,1760176799999999,994318.65570000,4290,2503418.00000000,477652.09320000,0
1760176800000000,0.18910000,0.19150000,0.18890000,0.19040000,3906146.00000000,1760180399999999,743024.11750000,2942,1475586.00000000,280829.87250000,0
1760180400000000,0.19040000,0.19080000,0.18790000,0.18910000,3327423.00000000,1760183999999999,629347.98010000,2969,1760313.00000000,333064.24410000,0
1760184000000000,0.18900000,0.18970000,0.18580000,0.18740000,3518631.00000000,1760187599999999,660516.36960000,3330,1719803.00000000,322773.15490000,0
1760187600000000,0.18730000,0.18930000,0.18550000,0.18850000,4946791.00000000,1760191199999999,926823.90850000,4447,2420848.00000000,453728.58180000,0
1760191200000000,0.18870000,0.19090000,0.18690000,0.19060000,3757702.00000000,1760194799999999,708091.07280000,2977,1438101.00000000,271268.13180000,0
1760194800000000,0.19050000,0.19230000,0.18960000,0.19060000,5530310.00000000,1760198399999999,1057297.22910000,4038,3478137.00000000,665498.04770000,0
1760198400000000,0.19060000,0.19130000,0.18870000,0.18980000,1557884.00000000,1760201999999999,296604.58250000,1975,752945.00000000,143378.42540000,0
1760202000000000,0.19000000,0.19130000,0.18970000,0.19040000,1392576.00000000,1760205599999999,265190.48190000,1850,603007.00000000,114893.93860000,0
1760205600000000,0.19040000,0.19070000,0.18940000,0.18940000,1023639.00000000,1760209199999999,194584.29220000,1123,584667.00000000,111193.20610000,0
1760209200000000,0.18940000,0.18940000,0.18220000,0.18350000,4756993.00000000,1760212799999999,879346.31430000,6202,2147853.00000000,397012.80590000,0
1760212800000000,0.18340000,0.18400000,0.17800000,0.17950000,5630612.00000000,1760216399999999,1017670.16350000,10127,2743342.00000000,496274.20260000,0
1760216400000000,0.17950000,0.18310000,0.17630000,0.18220000,3952788.00000000,1760219999999999,711401.55560000,5703,1865817.00000000,336222.34580000,0
1760220000000000,0.18240000,0.18380000,0.18140000,0.18180000,1984155.00000000,1760223599999999,362426.05740000,1861,883487.00000000,161522.80640000,0
1760223600000000,0.18180000,0.18230000,0.18080000,0.18180000,1046526.00000000,1760227199999999,190105.94220000,2170,464371.00000000,84368.94710000,0
1760227200000000,0.18180000,0.18330000,0.17910000,0.17930000,4135593.00000000,1760230799999999,750476.87180000,3029,2323331.00000000,422147.15270000,0
1760230800000000,0.17940000,0.18210000,0.17910000,0.17940000,1636639.00000000,1760234399999999,295470.99140000,1699,769225.00000000,138859.64990000,0
1760234400000000,0.17940000,0.18270000,0.17890000,0.18040000,1209003.00000000,1760237999999999,218190.59690000,1658,751672.00000000,135592.13120000,0
1760238000000000,0.18050000,0.18570000,0.18020000,0.18450000,1882275.00000000,1760241599999999,345412.65870000,2577,1050552.00000000,192870.32330000,0
1760241600000000,0.18460000,0.18840000,0.18410000,0.18750000,1772169.00000000,1760245199999999,331493.51840000,1848,1024934.00000000,191833.96900000,0
1760245200000000,0.18740000,0.18880000,0.18580000,0.18770000,1049874.00000000,1760248799999999,196433.05710000,1378,514956.00000000,96541.62240000,0
1760248800000000,0.18770000,0.19020000,0.18740000,0.18920000,2645687.00000000,1760252399999999,501125.72190000,1732,1184121.00000000,224193.02410000,0
1760252400000000,0.18910000,0.19100000,0.18840000,0.19050000,1330263.00000000,1760255999999999,252336.39890000,1711,563345.00000000,106855.67580000,0
1760256000000000,0.19040000,0.19060000,0.18830000,0.18840000,1146139.00000000,1760259599999999,217511.17400000,1528,686394.00000000,130292.05800000,0
1760259600000000,0.18830000,0.19060000,0.18700000,0.19050000,1506013.00000000,1760263199999999,284364.41850000,1559,901980.00000000,170380.47160000,0
1760263200000000,0.19040000,0.19150000,0.18840000,0.18850000,1395269.00000000,1760266799999999,264884.72110000,1492,740526.00000000,140695.18150000,0
1760266800000000,0.18850000,0.19020000,0.18840000,0.18960000,992062.00000000,1760270399999999,187929.03490000,1058,496112.00000000,94001.71310000,0
1760270400000000,0.18950000,0.19200000,0.18950000,0.19030000,3149987.00000000,1760273999999999,602403.85560000,1832,2079132.00000000,397735.60760000,0
1760274000000000,0.19040000,0.19100000,0.18740000,0.18800000,1220678.00000000,1760277599999999,230432.48460000,1544,623218.00000000,117678.87220000,0
1760277600000000,0.18790000,0.19790000,0.18790000,0.19470000,6047817.00000000,1760281199999999,1173713.54700000,7898,3463585.00000000,672256.28440000,0
1760281200000000,0.19480000,0.19980000,0.19440000,0.19950000,8494377.00000000,1760284799999999,1668098.67520000,9054,5640718.00000000,1106495.04720000,0
1760284800000000,0.19950000,0.20480000,0.19950000,0.20290000,4249406.00000000,1760288399999999,857875.23420000,5358,2200779.00000000,444301.55110000,0
1760288400000000,0.20290000,0.20470000,0.20140000,0.20360000,3552783.00000000,1760291999999999,723507.73310000,2760,1758211.00000000,358048.36530000,0
1760292000000000,0.20350000,0.20430000,0.20160000,0.20290000,3611549.00000000,1760295599999999,734700.69780000,2522,1710652.00000000,347919.38050000,0
1760295600000000,0.20290000,0.20600000,0.20280000,0.20540000,1796215.00000000,1760299199999999,368195.84940000,1634,1349787.00000000,276819.24920000,0
1760299200000000,0.20540000,0.20730000,0.20430000,0.20530000,2140310.00000000,1760302799999999,439719.19030000,2246,1240343.00000000,254866.36050000,0
1760302800000000,0.20520000,0.20550000,0.20080000,0.20330000,1465609.00000000,1760306399999999,298231.96320000,2253,686068.00000000,139684.92000000,0
1760306400000000,0.20340000,0.20480000,0.20150000,0.20270000,1406550.00000000,1760309999999999,284946.60550000,2004,585338.00000000,118609.79650000,0
1760310000000000,0.20270000,0.20320000,0.20090000,0.20250000,1313159.00000000,1760313599999999,265274.14440000,1698,496408.00000000,100258.61230000,0
1760313600000000,0.20250000,0.20410000,0.19970000,0.20130000,2388579.00000000,1760317199999999,480599.79100000,2603,970558.00000000,195494.02130000,0
1760317200000000,0.20140000,0.20260000,0.20020000,0.20260000,943054.00000000,1760320799999999,189851.93880000,1402,521221.00000000,105004.89190000,0
1760320800000000,0.20260000,0.20330000,0.20030000,0.20190000,1158878.00000000,1760324399999999,233429.90730000,1512,626216.00000000,126166.05120000,0
1760324400000000,0.20200000,0.20270000,0.19990000,0.20030000,1424412.00000000,1760327999999999,286674.31360000,1592,756162.00000000,152130.01490000,0
1760328000000000,0.20030000,0.20180000,0.19950000,0.20140000,1388020.00000000,1760331599999999,278085.89420000,1240,717483.00000000,143711.90960000,0
1760331600000000,0.20160000,0.20170000,0.20030000,0.20090000,1330364.00000000,1760335199999999,267432.16160000,1553,561514.00000000,112898.36550000,0
1760335200000000,0.20100000,0.20430000,0.19980000,0.20340000,1439146.00000000,1760338799999999,291268.09040000,1707,685535.00000000,138696.22810000,0
1760338800000000,0.20340000,0.20670000,0.20280000,0.20390000,2286885.00000000,1760342399999999,467723.39820000,2283,1317328.00000000,269658.69500000,0
1760342400000000,0.20380000,0.20750000,0.20320000,0.20630000,2028305.00000000,1760345999999999,416144.39050000,1821,937204.00000000,192396.90710000,0
1760346000000000,0.20630000,0.20690000,0.20460000,0.20660000,1880522.00000000,1760349599999999,387007.21530000,1748,1005134.00000000,206985.85660000,0
1760349600000000,0.20670000,0.20690000,0.20430000,0.20600000,2373932.00000000,1760353199999999,488015.57320000,1859,1351143.00000000,277707.16860000,0
1760353200000000,0.20590000,0.20630000,0.19850000,0.20270000,5966762.00000000,1760356799999999,1208711.73250000,5469,2597483.00000000,525814.29710000,0
1760356800000000,0.20260000,0.20500000,0.20100000,0.20200000,2416769.00000000,1760360399999999,490585.85100000,2718,1130987.00000000,229745.43070000,0
1760360400000000,0.20200000,0.20770000,0.20130000,0.20610000,6439492.00000000,1760363999999999,1316936.71390000,7339,3122728.00000000,638741.58330000,0
1760364000000000,0.20610000,0.20670000,0.20080000,0.20180000,4454992.00000000,1760367599999999,905771.38310000,4949,2077783.00000000,422781.06690000,0
1760367600000000,0.20180000,0.20670000,0.20170000,0.20570000,1698508.00000000,1760371199999999,347487.86590000,2187,889392.00000000,182086.40510000,0
1760371200000000,0.20570000,0.20710000,0.20430000,0.20660000,2313266.00000000,1760374799999999,476118.69510000,2532,1178200.00000000,242555.19980000,0
1760374800000000,0.20660000,0.21140000,0.20660000,0.21120000,2938964.00000000,1760378399999999,613136.15550000,2870,1890453.00000000,394762.32080000,0
1760378400000000,0.21110000,0.21180000,0.20880000,0.20970000,2077505.00000000,1760381999999999,437502.94820000,2321,898063.00000000,189031.98970000,0
1760382000000000,0.20970000,0.21410000,0.20910000,0.21390000,3272061.00000000,1760385599999999,694764.55450000,2655,1834051.00000000,389775.46340000,0
1760385600000000,0.21390000,0.21490000,0.21190000,0.21470000,3423064.00000000,1760389199999999,730235.59550000,3101,1916524.00000000,409021.62020000,0
1760389200000000,0.21460000,0.21470000,0.21290000,0.21320000,1583426.00000000,1760392799999999,338712.96420000,1613,725129.00000000,155115.31390000,0
1760392800000000,0.21320000,0.21440000,0.21260000,0.21360000,1640587.00000000,1760396399999999,350535.73350000,1379,869514.00000000,185802.15180000,0
1760396400000000,0.21330000,0.21410000,0.21260000,0.21310000,994015.00000000,1760399999999999,211935.27830000,1389,582664.00000000,124252.58010000,0
1760400000000000,0.21310000,0.21410000,0.21110000,0.21220000,1320046.00000000,1760403599999999,281282.88880000,1373,594200.00000000,126564.08320000,0
1760403600000000,0.21220000,0.21250000,0.21060000,0.21100000,833004.00000000,1760407199999999,176287.52570000,925,339911.00000000,71984.77880000,0
1760407200000000,0.21090000,0.21100000,0.20800000,0.20820000,915522.00000000,1760410799999999,191444.41840000,1277,333150.00000000,69696.47610000,0
1760410800000000,0.20820000,0.20830000,0.20560000,0.20650000,1161123.00000000,1760414399999999,240139.98860000,1463,536052.00000000,110857.54540000,0
1760414400000000,0.20660000,0.20720000,0.20260000,0.20360000,1700767.00000000,1760417999999999,347589.39740000,2028,778598.00000000,159024.05610000,0
1760418000000000,0.20350000,0.20590000,0.20080000,0.20140000,1772305.00000000,1760421599999999,360090.93280000,2369,801719.00000000,162906.17220000,0
1760421600000000,0.20130000,0.20280000,0.19240000,0.19610000,6483076.00000000,1760425199999999,1277864.74820000,6002,2968109.00000000,584317.91580000,0
1760425200000000,0.19620000,0.19770000,0.19420000,0.19520000,2495481.00000000,1760428799999999,488737.97520000,3084,1318877.00000000,258404.60640000,0
1760428800000000,0.19520000,0.19780000,0.19380000,0.19650000,2063788.00000000,1760432399999999,403199.52840000,2005,1024303.00000000,200120.84240000,0
1760432400000000,0.19660000,0.19790000,0.19590000,0.19680000,1243531.00000000,1760435999999999,244933.24340000,1410,641187.00000000,126301.94690000,0
1760436000000000,0.19680000,0.19680000,0.19110000,0.19440000,2052214.00000000,1760439599999999,397518.26840000,2370,1033045.00000000,200164.84650000,0
1760439600000000,0.19450000,0.19730000,0.19430000,0.19580000,1876539.00000000,1760443199999999,367867.44390000,1982,977351.00000000,191627.66080000,0
1760443200000000,0.19570000,0.19570000,0.19240000,0.19260000,2451747.00000000,1760446799999999,475823.02140000,2470,1115154.00000000,216630.31610000,0
1760446800000000,0.19260000,0.19690000,0.19080000,0.19470000,4351439.00000000,1760450399999999,842061.04950000,4298,2133898.00000000,413474.96220000,0
1760450400000000,0.19460000,0.19950000,0.19380000,0.19650000,2948236.00000000,1760453999999999,580296.22660000,3703,1481417.00000000,291811.72960000,0
1760454000000000,0.19660000,0.20390000,0.19640000,0.20390000,3223386.00000000,1760457599999999,645071.81600000,3309,1586658.00000000,317405.35980000,0
1760457600000000,0.20390000,0.20730000,0.20140000,0.20230000,5077099.00000000,1760461199999999,1035061.82250000,4778,2569523.00000000,523919.20640000,0
1760461200000000,0.20230000,0.20500000,0.19950000,0.20320000,3464075.00000000,1760464799999999,702942.95360000,3696,1487624.00000000,301755.33030000,0
1760464800000000,0.20330000,0.20550000,0.20310000,0.20390000,1705140.00000000,1760468399999999,348099.14370000,2267,821986.00000000,167824.42260000,0
1760468400000000,0.20400000,0.20570000,0.20050000,0.20350000,2651086.00000000,1760471999999999,538448.05640000,3544,1298440.00000000,263795.21210000,0
1760472000000000,0.20350000,0.20500000,0.20240000,0.20470000,1868604.00000000,1760475599999999,380979.76780000,1518,1115826.00000000,227396.97230000,0
1760475600000000,0.20480000,0.20540000,0.20300000,0.20520000,792024.00000000,1760479199999999,161734.13480000,856,323581.00000000,66066.58850000,0
1760479200000000,0.20510000,0.20650000,0.20410000,0.20490000,957613.00000000,1760482799999999,196840.41020000,1043,406503.00000000,83605.35960000,0
1760482800000000,0.20480000,0.20600000,0.20450000,0.20530000,691323.00000000,1760486399999999,141986.60330000,1045,263936.00000000,54221.34480000,0
1760486400000000,0.20530000,0.20560000,0.20350000,0.20460000,1401487.00000000,1760489999999999,286221.86290000,1756,555085.00000000,113360.55070000,0
1760490000000000,0.20470000,0.20480000,0.20250000,0.20390000,1200775.00000000,1760493599999999,244248.83460000,1318,525359.00000000,106835.23980000,0
1760493600000000,0.20400000,0.20620000,0.20330000,0.20410000,1360730.00000000,1760497199999999,278310.95150000,1499,786806.00000000,160796.93630000,0
1760497200000000,0.20420000,0.20460000,0.20160000,0.20260000,940851.00000000,1760500799999999,190949.41550000,1365,426705.00000000,86637.72200000,0
1760500800000000,0.20270000,0.20480000,0.20200000,0.20440000,883785.00000000,1760504399999999,179590.45450000,1132,415860.00000000,84510.69620000,0
1760504400000000,0.20450000,0.20580000,0.20350000,0.20370000,992081.00000000,1760507999999999,203083.05030000,1248,473955.00000000,97058.85910000,0
1760508000000000,0.20360000,0.20420000,0.20090000,0.20390000,1244900.00000000,1760511599999999,252209.30930000,1768,641062.00000000,129874.17490000,0
1760511600000000,0.20380000,0.20490000,0.20310000,0.20460000,739965.00000000,1760515199999999,150838.53810000,989,386528.00000000,78809.67890000,0
1760515200000000,0.20460000,0.20860000,0.20440000,0.20640000,1750649.00000000,1760518799999999,361759.55280000,1875,896996.00000000,185358.86120000,0
1760518800000000,0.20640000,0.20690000,0.20420000,0.20460000,1215046.00000000,1760522399999999,249659.50610000,1424,487595.00000000,100127.07060000,0
1760522400000000,0.20460000,0.20540000,0.20320000,0.20380000,958833.00000000,1760525999999999,195755.88800000,1074,397096.00000000,81080.08980000,0
1760526000000000,0.20370000,0.20430000,0.20150000,0.20300000,978706.00000000,1760529599999999,198592.07360000,1167,486632.00000000,98710.70200000,0
1760529600000000,0.20300000,0.20350000,0.19950000,0.20120000,2769906.00000000,1760533199999999,555779.56350000,2033,1311987.00000000,263116.46040000,0
1760533200000000,0.20140000,0.20240000,0.19700000,0.20050000,2639900.00000000,1760536799999999,526714.94940000,3204,1236585.00000000,246654.94180000,0
1760536800000000,0.20040000,0.20300000,0.19810000,0.19920000,1807648.00000000,1760540399999999,363470.86030000,2299,884826.00000000,177997.41990000,0
1760540400000000,0.19920000,0.20060000,0.19610000,0.19720000,1648334.00000000,1760543999999999,326823.33110000,2261,814230.00000000,161286.60400000,0
1760544000000000,0.19720000,0.19860000,0.19640000,0.19730000,2096618.00000000,1760547599999999,413828.33050000,1759,1000170.00000000,197482.56580000,0
1760547600000000,0.19740000,0.19840000,0.19530000,0.19830000,1172742.00000000,1760551199999999,230650.14000000,1522,583189.00000000,114686.13970000,0
1760551200000000,0.19830000,0.20000000,0.19750000,0.19960000,1366181.00000000,1760554799999999,271146.93060000,1234,885466.00000000,175852.23700000,0
1760554800000000,0.19960000,0.19960000,0.19640000,0.19720000,922296.00000000,1760558399999999,183002.14790000,1178,517558.00000000,102748.52760000,0
1760558400000000,0.19720000,0.19810000,0.19380000,0.19590000,1500706.00000000,1760561999999999,294205.72350000,1856,712657.00000000,139789.40340000,0
1760562000000000,0.19580000,0.19740000,0.19340000,0.19520000,1545196.00000000,1760565599999999,302211.84200000,1674,702909.00000000,137520.58560000,0
1760565600000000,0.19530000,0.19720000,0.19510000,0.19580000,1019465.00000000,1760569199999999,199952.70650000,1396,609237.00000000,119506.54920000,0
1760569200000000,0.19580000,0.19700000,0.19520000,0.19650000,814667.00000000,1760572799999999,159836.30980000,920,454965.00000000,89314.19920000,0
1760572800000000,0.19650000,0.19690000,0.19510000,0.19530000,860146.00000000,1760576399999999,168442.49780000,1223,387001.00000000,75847.84890000,0
1760576400000000,0.19530000,0.19790000,0.19530000,0.19750000,863454.00000000,1760579999999999,169820.37660000,1227,542649.00000000,106733.84950000,0
1760580000000000,0.19760000,0.19830000,0.19620000,0.19760000,1620161.00000000,1760583599999999,320043.97860000,1102,963399.00000000,190474.22570000,0
1760583600000000,0.19760000,0.19790000,0.19520000,0.19530000,478160.00000000,1760587199999999,94019.37070000,673,218504.00000000,42965.62500000,0
1760587200000000,0.19530000,0.19680000,0.19390000,0.19480000,809736.00000000,1760590799999999,158420.83090000,944,440056.00000000,86103.69070000,0
1760590800000000,0.19470000,0.19650000,0.19410000,0.19530000,679270.00000000,1760594399999999,132693.06350000,997,355350.00000000,69400.37690000,0
1760594400000000,0.19530000,0.19790000,0.19520000,0.19770000,926043.00000000,1760597999999999,182141.15770000,1172,493719.00000000,97181.75370000,0
1760598000000000,0.19770000,0.19770000,0.19550000,0.19630000,931058.00000000,1760601599999999,182850.61820000,1227,455140.00000000,89353.96590000,0
1760601600000000,0.19620000,0.19640000,0.19420000,0.19450000,613782.00000000,1760605199999999,119833.93740000,850,272115.00000000,53084.61440000,0
1760605200000000,0.19450000,0.19760000,0.18940000,0.19650000,3892493.00000000,1760608799999999,750611.38440000,5234,1715843.00000000,331232.91710000,0
1760608800000000,0.19660000,0.19890000,0.19620000,0.19760000,1250854.00000000,1760612399999999,247149.37670000,1722,719238.00000000,142131.35700000,0
1760612400000000,0.19750000,0.19840000,0.19580000,0.19770000,1156277.00000000,1760615999999999,228031.57020000,1350,549531.00000000,108389.83710000,0
1760616000000000,0.19770000,0.19920000,0.19740000,0.19810000,1016366.00000000,1760619599999999,201414.21330000,1497,535250.00000000,106133.35720000,0
1760619600000000,0.19800000,0.19870000,0.19540000,0.19590000,1261100.00000000,1760623199999999,248680.12660000,1882,514078.00000000,101484.29100000,0
1760623200000000,0.19590000,0.19790000,0.19290000,0.19520000,2585150.00000000,1760626799999999,504000.09170000,3409,1252539.00000000,244226.30780000,0
1760626800000000,0.19530000,0.19590000,0.18910000,0.19010000,4394239.00000000,1760630399999999,845088.85450000,5080,2042794.00000000,393237.31220000,0
1760630400000000,0.19000000,0.19450000,0.18800000,0.19440000,3675925.00000000,1760633999999999,698036.37100000,4635,1761143.00000000,334731.13890000,0
1760634000000000,0.19430000,0.19430000,0.19040000,0.19050000,1559174.00000000,1760637599999999,300009.74140000,2198,677642.00000000,130351.85810000,0
1760637600000000,0.19050000,0.19050000,0.18710000,0.18920000,3282704.00000000,1760641199999999,619048.61100000,2969,1504221.00000000,284079.09040000,0
1760641200000000,0.18930000,0.18950000,0.18410000,0.18570000,2786939.00000000,1760644799999999,519442.08830000,3440,1234474.00000000,229972.40980000,0
1760644800000000,0.18580000,0.18670000,0.18280000,0.18370000,1565233.00000000,1760648399999999,288528.07570000,2276,719787.00000000,132767.35430000,0
1760648400000000,0.18380000,0.18640000,0.18340000,0.18640000,1319877.00000000,1760651999999999,243961.92850000,1327,721466.00000000,133490.00360000,0
1760652000000000,0.18650000,0.18670000,0.18390000,0.18400000,1203162.00000000,1760655599999999,222995.31970000,1309,536176.00000000,99414.77330000,0
1760655600000000,0.18390000,0.18570000,0.18360000,0.18510000,934465.00000000,1760659199999999,172590.53870000,1158,513574.00000000,94893.48490000,0
1760659200000000,0.18510000,0.18640000,0.18440000,0.18590000,1039035.00000000,1760662799999999,192514.43730000,1206,507582.00000000,94092.47370000,0
1760662800000000,0.18590000,0.18820000,0.18460000,0.18530000,1109043.00000000,1760666399999999,206777.12350000,1238,641839.00000000,119577.72480000,0
1760666400000000,0.18540000,0.18580000,0.18320000,0.18520000,1210706.00000000,1760669999999999,222924.05910000,1224,626122.00000000,115236.24030000,0
1760670000000000,0.18520000,0.18600000,0.18490000,0.18590000,854398.00000000,1760673599999999,158348.22180000,932,362741.00000000,67252.68480000,0
1760673600000000,0.18600000,0.18610000,0.18480000,0.18510000,924137.00000000,1760677199999999,171471.23740000,960,331839.00000000,61555.97820000,0
1760677200000000,0.18520000,0.18580000,0.18370000,0.18400000,1100519.00000000,1760680799999999,203228.97480000,1183,424544.00000000,78414.51330000,0
1760680800000000,0.18400000,0.18470000,0.17810000,0.17860000,3850016.00000000,1760684399999999,694295.35170000,3811,1647753.00000000,297376.63800000,0
1760684400000000,0.17880000,0.17910000,0.17260000,0.17300000,6047695.00000000,1760687999999999,1061667.22040000,5354,2473324.00000000,434079.77670000,0
1760688000000000,0.17310000,0.17400000,0.16970000,0.17200000,7475771.00000000,1760691599999999,1281886.14310000,5955,3268962.00000000,560975.96070000,0
1760691600000000,0.17190000,0.17730000,0.17170000,0.17370000,3545817.00000000,1760695199999999,618173.87000000,2968,1698341.00000000,296498.52650000,0
1760695200000000,0.17370000,0.17430000,0.17020000,0.17330000,4716360.00000000,1760698799999999,811520.43670000,4072,2492383.00000000,428911.45330000,0
1760698800000000,0.17340000,0.17870000,0.17320000,0.17750000,4098648.00000000,1760702399999999,724381.12490000,4076,2216697.00000000,391656.89480000,0
1760702400000000,0.17750000,0.17860000,0.17610000,0.17630000,1650118.00000000,1760705999999999,292877.70860000,1630,798690.00000000,141642.52780000,0
1760706000000000,0.17640000,0.17870000,0.17450000,0.17730000,2637297.00000000,1760709599999999,465878.66590000,3154,1270469.00000000,224696.21650000,0
1760709600000000,0.17730000,0.17800000,0.17350000,0.17490000,2892021.00000000,1760713199999999,508808.10210000,3047,1367909.00000000,240617.08340000,0
1760713200000000,0.17490000,0.17820000,0.17440000,0.17810000,1447881.00000000,1760716799999999,255253.98370000,1972,806638.00000000,142280.15900000,0
1760716800000000,0.17810000,0.18070000,0.17620000,0.17670000,3016027.00000000,1760720399999999,538972.83800000,2778,1583064.00000000,282913.16560000,0
1760720400000000,0.17660000,0.17860000,0.17630000,0.17810000,1175712.00000000,1760723999999999,208564.43050000,1379,637337.00000000,113077.61710000,0
1760724000000000,0.17810000,0.17930000,0.17730000,0.17750000,963612.00000000,1760727599999999,171847.74580000,1012,374834.00000000,66844.60910000,0
1760727600000000,0.17760000,0.17840000,0.17620000,0.17690000,826745.00000000,1760731199999999,146729.86910000,917,304002.00000000,53909.13460000,0
1760731200000000,0.17710000,0.17880000,0.17650000,0.17820000,705021.00000000,1760734799999999,125401.57490000,790,299669.00000000,53288.07650000,0
1760734800000000,0.17820000,0.17980000,0.17820000,0.17890000,970735.00000000,1760738399999999,173838.71740000,855,514162.00000000,92128.29570000,0
1760738400000000,0.17890000,0.17920000,0.17730000,0.17810000,594282.00000000,1760741999999999,106037.39770000,736,341299.00000000,60898.44830000,0
1760742000000000,0.17810000,0.17810000,0.17670000,0.17730000,536453.00000000,1760745599999999,95114.50830000,550,290300.00000000,51473.81020000,0
1760745600000000,0.17720000,0.17860000,0.17660000,0.17800000,486812.00000000,1760749199999999,86472.78430000,555,249656.00000000,44321.97950000,0
1760749200000000,0.17810000,0.18020000,0.17800000,0.18010000,719922.00000000,1760752799999999,129004.12770000,786,432094.00000000,77419.81620000,0
1760752800000000,0.18010000,0.18050000,0.17770000,0.17800000,782240.00000000,1760756399999999,140124.69750000,847,315778.00000000,56564.77620000,0
1760756400000000,0.17800000,0.17930000,0.17800000,0.17860000,614122.00000000,1760759999999999,109654.17180000,692,337604.00000000,60256.42160000,0
1760760000000000,0.17860000,0.17860000,0.17710000,0.17720000,427542.00000000,1760763599999999,75971.82600000,657,184240.00000000,32740.81800000,0
1760763600000000,0.17730000,0.17870000,0.17720000,0.17860000,552406.00000000,1760767199999999,98336.09280000,683,314166.00000000,55907.61600000,0
1760767200000000,0.17850000,0.17910000,0.17750000,0.17880000,883683.00000000,1760770799999999,157859.22800000,730,308673.00000000,55112.10300000,0
1760770800000000,0.17890000,0.18120000,0.17850000,0.17880000,2291865.00000000,1760774399999999,412179.99810000,1630,1319305.00000000,237112.50880000,0
1760774400000000,0.17880000,0.17960000,0.17810000,0.17820000,1204155.00000000,1760777999999999,215289.30740000,926,775717.00000000,138722.74630000,0
1760778000000000,0.17820000,0.18000000,0.17800000,0.17960000,972904.00000000,1760781599999999,174434.10610000,1024,545157.00000000,97730.30670000,0
1760781600000000,0.17970000,0.18030000,0.17880000,0.18010000,679595.00000000,1760785199999999,122114.60000000,683,306846.00000000,55122.81770000,0
1760785200000000,0.18020000,0.18090000,0.17960000,0.18070000,827901.00000000,1760788799999999,149218.96980000,648,440632.00000000,79416.82810000,0
1760788800000000,0.18060000,0.18150000,0.18010000,0.18010000,770565.00000000,1760792399999999,139278.17010000,723,455291.00000000,82307.41270000,0
1760792400000000,0.18010000,0.18010000,0.17780000,0.17840000,763294.00000000,1760795999999999,136334.86110000,817,354741.00000000,63341.88570000,0
1760796000000000,0.17820000,0.17940000,0.17720000,0.17900000,636325.00000000,1760799599999999,113494.74220000,762,311119.00000000,55510.97680000,0
1760799600000000,0.17900000,0.17930000,0.17720000,0.17830000,533628.00000000,1760803199999999,95196.71640000,708,296788.00000000,52981.61310000,0
1760803200000000,0.17830000,0.17860000,0.17660000,0.17790000,705656.00000000,1760806799999999,125127.29030000,913,287387.00000000,50998.92590000,0
1760806800000000,0.17790000,0.17980000,0.17740000,0.17960000,608509.00000000,1760810399999999,108715.57850000,736,372767.00000000,66571.89140000,0
1760810400000000,0.17970000,0.18020000,0.17950000,0.17970000,644358.00000000,1760813999999999,115895.99340000,618,364411.00000000,65546.79810000,0
1760814000000000,0.17970000,0.18060000,0.17930000,0.18030000,423628.00000000,1760817599999999,76241.23780000,493,261949.00000000,47147.96870000,0
1760817600000000,0.18030000,0.18120000,0.17970000,0.17970000,996990.00000000,1760821199999999,179929.93850000,816,560815.00000000,101251.90330000,0
1760821200000000,0.17960000,0.18030000,0.17880000,0.18020000,536338.00000000,1760824799999999,96210.08780000,514,245411.00000000,44057.04550000,0
1760824800000000,0.18010000,0.18040000,0.17950000,0.17980000,262178.00000000,1760828399999999,47186.10500000,428,157015.00000000,28261.76990000,0
1760828400000000,0.17970000,0.17990000,0.17930000,0.17990000,184906.00000000,1760831999999999,33215.90360000,312,108966.00000000,19575.54890000,0
1760832000000000,0.17980000,0.18000000,0.17800000,0.17870000,508536.00000000,1760835599999999,91069.04910000,513,294099.00000000,52702.78120000,0
1760835600000000,0.17870000,0.17920000,0.17800000,0.17890000,249381.00000000,1760839199999999,44535.85380000,354,105727.00000000,18884.49090000,0
1760839200000000,0.17890000,0.17910000,0.17800000,0.17830000,237628.00000000,1760842799999999,42433.81370000,341,133994.00000000,23929.66280000,0
1760842800000000,0.17830000,0.18080000,0.17810000,0.18040000,411076.00000000,1760846399999999,73933.55100000,496,255822.00000000,46024.85360000,0
1760846400000000,0.18050000,0.18050000,0.17950000,0.17970000,440630.00000000,1760849999999999,79288.21250000,455,217606.00000000,39142.34280000,0
1760850000000000,0.17970000,0.18050000,0.17900000,0.17910000,348358.00000000,1760853599999999,62667.55430000,452,178590.00000000,32152.10530000,0
1760853600000000,0.17910000,0.17950000,0.17810000,0.17840000,270331.00000000,1760857199999999,48273.31640000,365,141908.00000000,25341.23760000,0
1760857200000000,0.17830000,0.17930000,0.17830000,0.17910000,329060.00000000,1760860799999999,58866.23580000,320,104078.00000000,18603.96740000,0
1760860800000000,0.17910000,0.18120000,0.17750000,0.17770000,2666992.00000000,1760864399999999,478187.37440000,2193,1267761.00000000,227342.75760000,0
1760864400000000,0.17760000,0.18250000,0.17670000,0.18100000,2854180.00000000,1760867999999999,512943.68310000,2620,1575610.00000000,283218.13180000,0
1760868000000000,0.18120000,0.18410000,0.18050000,0.18360000,2355608.00000000,1760871599999999,430349.29340000,2156,1369243.00000000,250182.80530000,0
1760871600000000,0.18350000,0.18500000,0.18340000,0.18360000,1625087.00000000,1760875199999999,299342.60080000,1454,852564.00000000,157053.87500000,0
1760875200000000,0.18350000,0.18400000,0.18260000,0.18330000,875424.00000000,1760878799999999,160518.69800000,888,353069.00000000,64753.51950000,0
1760878800000000,0.18340000,0.18700000,0.18270000,0.18640000,1611732.00000000,1760882399999999,297538.50350000,1374,904469.00000000,166990.41210000,0
1760882400000000,0.18640000,0.18760000,0.18540000,0.18730000,1567947.00000000,1760885999999999,292621.54900000,1465,653745.00000000,122021.67530000,0
1760886000000000,0.18720000,0.18750000,0.18580000,0.18620000,1894984.00000000,1760889599999999,353153.43400000,1253,958504.00000000,178647.65830000,0
1760889600000000,0.18620000,0.18690000,0.18520000,0.18610000,977832.00000000,1760893199999999,181801.51720000,851,417953.00000000,77692.68700000,0
1760893200000000,0.18610000,0.18830000,0.18600000,0.18640000,1766243.00000000,1760896799999999,330981.26320000,1583,912210.00000000,170893.87210000,0
1760896800000000,0.18650000,0.18700000,0.18620000,0.18660000,586224.00000000,1760900399999999,109372.95950000,638,276823.00000000,51647.46800000,0
1760900400000000,0.18670000,0.18670000,0.18580000,0.18600000,692040.00000000,1760903999999999,128845.59980000,634,326564.00000000,60813.10580000,0
1760904000000000,0.18600000,0.18600000,0.18500000,0.18600000,709629.00000000,1760907599999999,131639.91510000,661,374819.00000000,69543.15540000,0
1760907600000000,0.18600000,0.18600000,0.18470000,0.18540000,526141.00000000,1760911199999999,97466.43150000,460,256325.00000000,47499.07550000,0
1760911200000000,0.18540000,0.18590000,0.18520000,0.18540000,537630.00000000,1760914799999999,99775.87260000,563,267132.00000000,49592.78710000,0
1760914800000000,0.18530000,0.18530000,0.18320000,0.18350000,596923.00000000,1760918399999999,109903.41170000,598,180130.00000000,33145.45400000,0
1760918400000000,0.18360000,0.18360000,0.17950000,0.18200000,1624735.00000000,1760921999999999,294165.05520000,1726,900626.00000000,163066.94420000,0
1760922000000000,0.18200000,0.18270000,0.18130000,0.18150000,613809.00000000,1760925599999999,111689.52520000,851,305306.00000000,55584.18630000,0
1760925600000000,0.18150000,0.18300000,0.18060000,0.18270000,520653.00000000,1760929199999999,94710.03050000,838,227101.00000000,41316.66490000,0
1760929200000000,0.18260000,0.18840000,0.18230000,0.18780000,1366675.00000000,1760932799999999,253578.00950000,1424,740120.00000000,137190.36930000,0
1760932800000000,0.18790000,0.18830000,0.18650000,0.18720000,845141.00000000,1760936399999999,158281.46850000,1214,458778.00000000,85922.47070000,0
1760936400000000,0.18730000,0.18820000,0.18620000,0.18790000,978653.00000000,1760939999999999,183090.39120000,888,475661.00000000,89038.41690000,0
1760940000000000,0.18780000,0.19000000,0.18770000,0.18960000,670584.00000000,1760943599999999,126854.26010000,857,382006.00000000,72302.76310000,0
1760943600000000,0.18940000,0.18970000,0.18850000,0.18910000,602396.00000000,1760947199999999,113924.14490000,661,222367.00000000,42052.19870000,0
1760947200000000,0.18910000,0.19040000,0.18810000,0.18910000,464290.00000000,1760950799999999,87744.60710000,641,219555.00000000,41497.33580000,0
1760950800000000,0.18910000,0.18910000,0.18780000,0.18850000,1073112.00000000,1760954399999999,202063.69500000,804,662174.00000000,124697.34370000,0
1760954400000000,0.18860000,0.19030000,0.18780000,0.18860000,1110277.00000000,1760957999999999,209777.54340000,1050,561765.00000000,106121.49890000,0
1760958000000000,0.18860000,0.18900000,0.18780000,0.18870000,731732.00000000,1760961599999999,137828.61440000,819,434288.00000000,81815.07310000,0
1760961600000000,0.18870000,0.18930000,0.18800000,0.18860000,671333.00000000,1760965199999999,126549.14570000,637,417678.00000000,78736.46610000,0
1760965200000000,0.18870000,0.19080000,0.18820000,0.19040000,1003336.00000000,1760968799999999,190395.44880000,944,437660.00000000,83044.58130000,0
1760968800000000,0.19060000,0.19110000,0.18940000,0.19030000,944256.00000000,1760972399999999,179705.01260000,1136,515252.00000000,98037.09700000,0
1760972400000000,0.19040000,0.19130000,0.18820000,0.18820000,1583100.00000000,1760975999999999,300494.05710000,1459,591349.00000000,112286.72040000,0
1760976000000000,0.18820000,0.18840000,0.18510000,0.18680000,1951635.00000000,1760979599999999,364577.20610000,2740,892845.00000000,166698.70790000,0
1760979600000000,0.18670000,0.18800000,0.18510000,0.18650000,1949356.00000000,1760983199999999,363374.33070000,1669,970642.00000000,180912.69190000,0
1760983200000000,0.18650000,0.18750000,0.18600000,0.18740000,655490.00000000,1760986799999999,122357.31120000,881,334177.00000000,62388.90690000,0
1760986800000000,0.18740000,0.19000000,0.18680000,0.18920000,711803.00000000,1760990399999999,133936.82600000,1033,368061.00000000,69287.13830000,0
1760990400000000,0.18920000,0.18970000,0.18840000,0.18950000,535595.00000000,1760993999999999,101219.77960000,885,211446.00000000,39965.13660000,0
1760994000000000,0.18940000,0.19030000,0.18770000,0.18800000,816966.00000000,1760997599999999,154495.32300000,821,373330.00000000,70597.61820000,0
1760997600000000,0.18810000,0.18880000,0.18760000,0.18830000,1090593.00000000,1761001199999999,205353.32240000,985,444041.00000000,83614.46100000,0
1761001200000000,0.18820000,0.18820000,0.18670000,0.18680000,794698.00000000,1761004799999999,148945.51400000,784,404197.00000000,75788.77100000,0
1761004800000000,0.18670000,0.18670000,0.18510000,0.18550000,1590156.00000000,1761008399999999,295287.57140000,1596,726673.00000000,134998.08050000,0
1761008400000000,0.18550000,0.18550000,0.18350000,0.18410000,1286712.00000000,1761011999999999,237197.05420000,1353,681212.00000000,125600.37750000,0
1761012000000000,0.18410000,0.18420000,0.18280000,0.18310000,697291.00000000,1761015599999999,127876.74650000,1034,314365.00000000,57678.36540000,0
1761015600000000,0.18310000,0.18350000,0.18190000,0.18220000,483790.00000000,1761019199999999,88379.94370000,837,242368.00000000,44268.35620000,0
1761019200000000,0.18220000,0.18230000,0.17870000,0.17900000,1876570.00000000,1761022799999999,338565.72360000,2501,734576.00000000,132637.40830000,0
1761022800000000,0.17900000,0.17990000,0.17850000,0.17870000,811616.00000000,1761026399999999,145397.40240000,1144,309078.00000000,55352.86970000,0
1761026400000000,0.17880000,0.18010000,0.17820000,0.17980000,509721.00000000,1761029999999999,91439.52910000,664,261983.00000000,46998.13870000,0
1761030000000000,0.17980000,0.18030000,0.17880000,0.17980000,834658.00000000,1761033599999999,149983.32160000,647,383894.00000000,68965.62430000,0
1761033600000000,0.17970000,0.17970000,0.17740000,0.17840000,654918.00000000,1761037199999999,116898.98870000,623,291566.00000000,52038.54990000,0
1761037200000000,0.17840000,0.17880000,0.17770000,0.17840000,762156.00000000,1761040799999999,135911.70120000,589,309718.00000000,55236.64840000,0
1761040800000000,0.17840000,0.18100000,0.17830000,0.18030000,777798.00000000,1761044399999999,139810.89040000,972,451298.00000000,81143.38900000,0
1761044400000000,0.18020000,0.18100000,0.17960000,0.18060000,533478.00000000,1761047999999999,96124.10880000,662,274715.00000000,49509.24260000,0
1761048000000000,0.18050000,0.18250000,0.17980000,0.18100000,863663.00000000,1761051599999999,156726.19730000,1057,543316.00000000,98614.56150000,0
1761051600000000,0.18110000,0.18260000,0.17990000,0.18080000,1128498.00000000,1761055199999999,204148.19940000,1667,516404.00000000,93425.38450000,0
1761055200000000,0.18090000,0.18970000,0.18080000,0.18950000,2911319.00000000,1761058799999999,542156.86420000,3472,1729580.00000000,322188.83700000,0
1761058800000000,0.18970000,0.19350000,0.18870000,0.19290000,3439336.00000000,1761062399999999,658082.97560000,3251,2009917.00000000,384657.41850000,0
1761062400000000,0.19290000,0.19550000,0.18960000,0.19000000,6214584.00000000,1761065999999999,1202639.13120000,4588,2697056.00000000,521899.20540000,0
1761066000000000,0.19010000,0.19200000,0.18890000,0.19100000,2518224.00000000,1761069599999999,479913.87790000,3021,1142190.00000000,217722.00290000,0
1761069600000000,0.19100000,0.19190000,0.18860000,0.18970000,1469248.00000000,1761073199999999,278937.96190000,1725,749333.00000000,142277.53460000,0
1761073200000000,0.18970000,0.19030000,0.18900000,0.18960000,964522.00000000,1761076799999999,183108.94810000,1176,548254.00000000,104080.53990000,0
1761076800000000,0.18960000,0.18990000,0.18670000,0.18780000,1450989.00000000,1761080399999999,272869.61760000,1688,658863.00000000,123918.45840000,0
1761080400000000,0.18770000,0.18830000,0.18480000,0.18670000,4465418.00000000,1761083999999999,832635.96850000,2968,1507196.00000000,281156.43520000,0
1761084000000000,0.18670000,0.18720000,0.18300000,0.18330000,1924227.00000000,1761087599999999,355589.60860000,2143,934749.00000000,172733.08460000,0
1761087600000000,0.18320000,0.18380000,0.18070000,0.18110000,913249.00000000,1761091199999999,166425.74980000,1148,403483.00000000,73569.24020000,0
1761091200000000,0.18110000,0.18200000,0.17910000,0.18010000,1548074.00000000,1761094799999999,279442.14970000,1619,790455.00000000,142670.51550000,0
1761094800000000,0.18010000,0.18220000,0.18010000,0.18130000,840350.00000000,1761098399999999,152081.44680000,960,417028.00000000,75462.59560000,0
1761098400000000,0.18130000,0.18230000,0.18100000,0.18120000,450311.00000000,1761101999999999,81716.26770000,525,197190.00000000,35773.27330000,0
1761102000000000,0.18120000,0.18140000,0.17980000,0.18130000,687947.00000000,1761105599999999,124156.96740000,689,250913.00000000,45312.11630000,0
1761105600000000,0.18120000,0.18270000,0.18120000,0.18170000,314134.00000000,1761109199999999,57147.08490000,529,182423.00000000,33168.57150000,0
1761109200000000,0.18160000,0.18170000,0.17860000,0.18090000,998058.00000000,1761112799999999,179932.56310000,1350,421621.00000000,76051.37730000,0
1761112800000000,0.18080000,0.18110000,0.18000000,0.18020000,1308152.00000000,1761116399999999,236136.76470000,1028,627246.00000000,113188.29510000,0
1761116400000000,0.18020000,0.18210000,0.17940000,0.18180000,1423614.00000000,1761119999999999,257481.73450000,1176,841554.00000000,152303.14060000,0
1761120000000000,0.18170000,0.18200000,0.18060000,0.18150000,717526.00000000,1761123599999999,130183.90790000,841,321303.00000000,58294.87480000,0
1761123600000000,0.18150000,0.18170000,0.17920000,0.17980000,940671.00000000,1761127199999999,169423.19480000,886,386559.00000000,69579.39790000,0
1761127200000000,0.17980000,0.18090000,0.17920000,0.17950000,528221.00000000,1761130799999999,94982.68780000,619,180554.00000000,32492.87210000,0
1761130800000000,0.17960000,0.18230000,0.17740000,0.18120000,2654499.00000000,1761134399999999,477246.95840000,2409,1224229.00000000,220338.31970000,0
1761134400000000,0.18120000,0.18340000,0.18080000,0.18250000,863205.00000000,1761137999999999,157330.23910000,1117,445640.00000000,81234.09210000,0
1761138000000000,0.18250000,0.18480000,0.18110000,0.18450000,1609116.00000000,1761141599999999,293752.18620000,2053,913076.00000000,166740.06720000,0
1761141600000000,0.18440000,0.18480000,0.18010000,0.18330000,2691831.00000000,1761145199999999,489739.28850000,2944,1376689.00000000,250491.22830000,0
1761145200000000,0.18340000,0.18410000,0.17990000,0.18170000,1526393.00000000,1761148799999999,277072.75470000,2551,794949.00000000,144302.75040000,0
1761148800000000,0.18170000,0.18290000,0.17990000,0.18140000,2484980.00000000,1761152399999999,450660.02610000,2827,1168244.00000000,211867.60970000,0
1761152400000000,0.18160000,0.18260000,0.17970000,0.17980000,659685.00000000,1761155999999999,119546.93450000,988,272478.00000000,49434.69300000,0
1761156000000000,0.17980000,0.18080000,0.17880000,0.17990000,928305.00000000,1761159599999999,167016.80100000,1316,488745.00000000,87989.02240000,0
1761159600000000,0.17990000,0.18180000,0.17840000,0.18010000,1200678.00000000,1761163199999999,216005.51670000,1378,565987.00000000,101787.13100000,0
1761163200000000,0.18000000,0.18060000,0.17840000,0.17880000,827329.00000000,1761166799999999,148543.66940000,981,387158.00000000,69582.37440000,0
1761166800000000,0.17880000,0.17890000,0.17480000,0.17630000,3988281.00000000,1761170399999999,703072.49980000,3307,1925367.00000000,339295.01550000,0
1761170400000000,0.17610000,0.17730000,0.17520000,0.17620000,1030836.00000000,1761173999999999,181985.06790000,1068,588485.00000000,103914.20050000,0
1761174000000000,0.17610000,0.17910000,0.17610000,0.17840000,2174343.00000000,1761177599999999,386677.81740000,1344,1148122.00000000,204291.12530000,0
1761177600000000,0.17840000,0.17940000,0.17800000,0.17890000,479767.00000000,1761181199999999,85726.69480000,559,211801.00000000,37820.80280000,0
1761181200000000,0.17890000,0.17990000,0.17860000,0.17860000,508807.00000000,1761184799999999,91152.73230000,630,220785.00000000,39569.53690000,0
1761184800000000,0.17850000,0.17910000,0.17810000,0.17830000,277250.00000000,1761188399999999,49525.96030000,421,129122.00000000,23058.02470000,0
1761188400000000,0.17830000,0.17980000,0.17820000,0.17910000,415864.00000000,1761191999999999,74500.19930000,597,219948.00000000,39397.41630000,0
1761192000000000,0.17910000,0.18050000,0.17880000,0.17940000,460926.00000000,1761195599999999,82823.84680000,576,178583.00000000,32080.75000000,0
1761195600000000,0.17940000,0.18020000,0.17940000,0.18020000,306409.00000000,1761199199999999,55064.20020000,365,127412.00000000,22905.33080000,0
1761199200000000,0.18030000,0.18290000,0.17990000,0.18260000,1491850.00000000,1761202799999999,271378.32750000,1406,693735.00000000,126316.34410000,0
1761202800000000,0.18270000,0.18270000,0.18140000,0.18240000,474529.00000000,1761206399999999,86389.71920000,652,275645.00000000,50191.55760000,0
1761206400000000,0.18240000,0.18350000,0.18240000,0.18250000,712136.00000000,1761209999999999,130307.87980000,851,358907.00000000,65663.94640000,0
1761210000000000,0.18260000,0.18280000,0.18210000,0.18260000,653066.00000000,1761213599999999,119163.43450000,681,389453.00000000,71072.80890000,0
1761213600000000,0.18270000,0.18330000,0.18190000,0.18200000,717464.00000000,1761217199999999,130943.28520000,768,329522.00000000,60147.94320000,0
1761217200000000,0.18190000,0.18210000,0.18060000,0.18090000,323051.00000000,1761220799999999,58586.61600000,665,140889.00000000,25543.91590000,0
1761220800000000,0.18080000,0.18150000,0.17930000,0.18150000,968053.00000000,1761224399999999,174807.84380000,1144,490027.00000000,88543.22330000,0
1761224400000000,0.18140000,0.18300000,0.18050000,0.18220000,652176.00000000,1761227999999999,118737.39870000,1278,311348.00000000,56692.92630000,0
1761228000000000,0.18230000,0.18270000,0.18050000,0.18210000,860285.00000000,1761231599999999,156358.40950000,1385,469788.00000000,85408.05700000,0
1761231600000000,0.18220000,0.18440000,0.18170000,0.18250000,1079219.00000000,1761235199999999,197594.05060000,1532,589566.00000000,107941.81480000,0
1761235200000000,0.18260000,0.18470000,0.18220000,0.18410000,732031.00000000,1761238799999999,134192.54830000,849,319780.00000000,58681.71940000,0
1761238800000000,0.18420000,0.18590000,0.18240000,0.18540000,1132093.00000000,1761242399999999,208548.21880000,1454,547995.00000000,100989.79880000,0
1761242400000000,0.18550000,0.18560000,0.18370000,0.18410000,915253.00000000,1761245999999999,168916.71580000,1006,396290.00000000,73163.30630000,0
1761246000000000,0.18400000,0.18400000,0.18300000,0.18350000,450085.00000000,1761249599999999,82608.09510000,600,234313.00000000,43023.76850000,0
1761249600000000,0.18350000,0.18350000,0.18060000,0.18120000,980485.00000000,1761253199999999,178452.55650000,969,390339.00000000,71008.54310000,0
1761253200000000,0.18110000,0.18170000,0.18050000,0.18050000,663242.00000000,1761256799999999,120017.36200000,964,240474.00000000,43534.15980000,0
1761256800000000,0.18050000,0.18160000,0.18030000,0.18150000,663854.00000000,1761260399999999,120174.49660000,913,370789.00000000,67153.70800000,0
1761260400000000,0.18140000,0.18160000,0.18070000,0.18140000,395526.00000000,1761263999999999,71631.66940000,463,244608.00000000,44297.21330000,0
1761264000000000,0.18140000,0.18250000,0.18060000,0.18180000,629561.00000000,1761267599999999,114267.14390000,657,423371.00000000,76835.68280000,0
1761267600000000,0.18190000,0.18220000,0.18100000,0.18190000,439599.00000000,1761271199999999,79799.23580000,504,244978.00000000,44474.70450000,0
1761271200000000,0.18180000,0.18190000,0.18070000,0.18140000,577401.00000000,1761274799999999,104696.89690000,472,258609.00000000,46878.54530000,0
1761274800000000,0.18140000,0.18140000,0.18070000,0.18130000,441493.00000000,1761278399999999,79944.07200000,402,209996.00000000,38024.07630000,0
1761278400000000,0.18120000,0.18470000,0.18090000,0.18410000,1036539.00000000,1761281999999999,189881.45750000,1251,602868.00000000,110431.35460000,0
1761282000000000,0.18420000,0.18520000,0.18380000,0.18470000,914272.00000000,1761285599999999,168627.16440000,776,484553.00000000,89356.58440000,0
1761285600000000,0.18460000,0.18520000,0.18430000,0.18500000,604572.00000000,1761289199999999,111681.32640000,501,328223.00000000,60646.81910000,0
1761289200000000,0.18510000,0.18540000,0.18310000,0.18410000,594587.00000000,1761292799999999,109603.76610000,620,321666.00000000,59328.50240000,0
1761292800000000,0.18410000,0.18610000,0.18330000,0.18580000,836983.00000000,1761296399999999,154779.09530000,983,540597.00000000,99949.65090000,0
1761296400000000,0.18590000,0.18590000,0.18460000,0.18500000,1309801.00000000,1761299999999999,242502.65810000,869,478627.00000000,88670.22470000,0
1761300000000000,0.18490000,0.18500000,0.18360000,0.18360000,502188.00000000,1761303599999999,92553.83040000,682,330437.00000000,60915.77170000,0
1761303600000000,0.18360000,0.18380000,0.18190000,0.18360000,763932.00000000,1761307199999999,139875.47240000,759,481528.00000000,88189.85560000,0
1761307200000000,0.18370000,0.18750000,0.18330000,0.18510000,2843913.00000000,1761310799999999,527193.02690000,2660,1393980.00000000,258284.14540000,0
1761310800000000,0.18500000,0.18540000,0.18280000,0.18430000,1214522.00000000,1761314399999999,224093.38730000,1349,591812.00000000,109254.06740000,0
1761314400000000,0.18420000,0.18420000,0.18130000,0.18240000,1621462.00000000,1761317999999999,295791.61800000,1796,836122.00000000,152518.20750000,0
1761318000000000,0.18240000,0.18320000,0.18090000,0.18140000,795460.00000000,1761321599999999,144926.12150000,946,427347.00000000,77910.38210000,0
1761321600000000,0.18150000,0.18200000,0.18050000,0.18130000,505273.00000000,1761325199999999,91452.53630000,591,292654.00000000,52971.99910000,0
1761325200000000,0.18130000,0.18230000,0.18100000,0.18150000,529218.00000000,1761328799999999,96133.56590000,597,272188.00000000,49459.17230000,0
1761328800000000,0.18150000,0.18290000,0.18120000,0.18270000,444665.00000000,1761332399999999,81080.66620000,660,258203.00000000,47089.35200000,0
1761332400000000,0.18280000,0.18460000,0.18280000,0.18430000,498868.00000000,1761335999999999,91865.00540000,618,317274.00000000,58414.61920000,0
1761336000000000,0.18430000,0.18600000,0.18410000,0.18570000,365087.00000000,1761339599999999,67649.58020000,443,140353.00000000,26007.48870000,0
1761339600000000,0.18580000,0.18610000,0.18490000,0.18610000,422872.00000000,1761343199999999,78512.72850000,441,246813.00000000,45834.09250000,0
1761343200000000,0.18600000,0.18630000,0.18560000,0.18580000,143103.00000000,1761346799999999,26615.91760000,326,74822.00000000,13916.46730000,0
1761346800000000,0.18580000,0.18600000,0.18520000,0.18570000,603253.00000000,1761350399999999,111930.70990000,479,396456.00000000,73574.07900000,0
1761350400000000,0.18560000,0.18570000,0.18460000,0.18500000,411885.00000000,1761353999999999,76272.60760000,481,232602.00000000,43074.17420000,0
1761354000000000,0.18510000,0.18610000,0.18440000,0.18460000,384417.00000000,1761357599999999,71088.19810000,503,147343.00000000,27250.23980000,0
1761357600000000,0.18460000,0.18510000,0.18400000,0.18450000,338333.00000000,1761361199999999,62419.43470000,365,183667.00000000,33892.10870000,0
1761361200000000,0.18440000,0.18440000,0.18320000,0.18320000,397866.00000000,1761364799999999,73123.12300000,528,161190.00000000,29647.89760000,0
1761364800000000,0.18320000,0.18420000,0.18310000,0.18340000,784453.00000000,1761368399999999,144128.02580000,732,344027.00000000,63242.05400000,0
1761368400000000,0.18330000,0.18350000,0.18290000,0.18350000,388983.00000000,1761371999999999,71267.56460000,422,234124.00000000,42901.62070000,0
1761372000000000,0.18360000,0.18380000,0.18290000,0.18300000,338848.00000000,1761375599999999,62095.05010000,396,167756.00000000,30749.01880000,0
1761375600000000,0.18300000,0.18450000,0.18290000,0.18320000,529807.00000000,1761379199999999,97279.92570000,572,294530.00000000,54101.22310000,0
1761379200000000,0.18320000,0.18450000,0.18320000,0.18420000,195169.00000000,1761382799999999,35889.18810000,306,119709.00000000,22008.65060000,0
1761382800000000,0.18430000,0.18430000,0.18320000,0.18340000,559943.00000000,1761386399999999,102919.60850000,471,203649.00000000,37438.37810000,0
1761386400000000,0.18350000,0.18360000,0.18240000,0.18270000,402541.00000000,1761389999999999,73602.27510000,474,146216.00000000,26730.29790000,0
1761390000000000,0.18260000,0.18310000,0.18240000,0.18290000,367504.00000000,1761393599999999,67176.98480000,357,172613.00000000,31563.29750000,0
1761393600000000,0.18290000,0.18420000,0.18270000,0.18410000,382871.00000000,1761397199999999,70316.83920000,438,201034.00000000,36923.31300000,0
1761397200000000,0.18400000,0.18410000,0.18320000,0.18370000,701135.00000000,1761400799999999,128748.34970000,655,358677.00000000,65868.21610000,0
1761400800000000,0.18360000,0.18560000,0.18360000,0.18560000,653339.00000000,1761404399999999,120537.51320000,590,365998.00000000,67562.58390000,0
1761404400000000,0.18550000,0.18550000,0.18470000,0.18510000,523190.00000000,1761407999999999,96836.19560000,526,264001.00000000,48851.76870000,0
1761408000000000,0.18530000,0.18550000,0.18480000,0.18530000,316458.00000000,1761411599999999,58578.55250000,353,148419.00000000,27474.10670000,0
1761411600000000,0.18530000,0.18570000,0.18470000,0.18480000,384473.00000000,1761415199999999,71200.22790000,407,195920.00000000,36302.78810000,0
1761415200000000,0.18480000,0.18650000,0.18460000,0.18650000,442251.00000000,1761418799999999,82176.54220000,532,322649.00000000,59965.44020000,0
1761418800000000,0.18640000,0.18650000,0.18580000,0.18640000,483670.00000000,1761422399999999,90015.05020000,406,278670.00000000,51862.72010000,0
1761422400000000,0.18640000,0.18710000,0.18550000,0.18600000,975248.00000000,1761425999999999,181720.21920000,660,466357.00000000,86953.36100000,0
1761426000000000,0.18610000,0.18630000,0.18490000,0.18550000,394689.00000000,1761429599999999,73239.34880000,304,180866.00000000,33538.49140000,0
1761429600000000,0.18540000,0.18570000,0.18480000,0.18550000,242964.00000000,1761433199999999,45040.17280000,303,113615.00000000,21068.39870000,0
1761433200000000,0.18550000,0.18550000,0.18480000,0.18530000,321916.00000000,1761436799999999,59628.31910000,320,173811.00000000,32197.60290000,0
1761436800000000,0.18530000,0.18560000,0.18440000,0.18510000,586629.00000000,1761440399999999,108594.14530000,559,303003.00000000,56093.41720000,0
1761440400000000,0.18500000,0.18540000,0.18370000,0.18430000,892605.00000000,1761443999999999,164864.74430000,675,421375.00000000,77863.24370000,0
1761444000000000,0.18430000,0.18460000,0.18360000,0.18380000,303837.00000000,1761447599999999,55958.14520000,306,169353.00000000,31188.55830000,0
1761447600000000,0.18390000,0.18430000,0.18300000,0.18330000,617111.00000000,1761451199999999,113350.08240000,461,240250.00000000,44132.71510000,0
1761451200000000,0.18330000,0.18430000,0.18330000,0.18420000,336565.00000000,1761454799999999,61885.23710000,282,195329.00000000,35905.45640000,0
1761454800000000,0.18410000,0.18520000,0.18380000,0.18510000,174489.00000000,1761458399999999,32218.38750000,260,114730.00000000,21186.11780000,0
1761458400000000,0.18500000,0.18540000,0.18460000,0.18530000,306838.00000000,1761461999999999,56785.62390000,296,182775.00000000,33837.10480000,0
1761462000000000,0.18520000,0.18560000,0.18480000,0.18550000,258626.00000000,1761465599999999,47877.79340000,272,103989.00000000,19249.55480000,0
1761465600000000,0.18550000,0.18680000,0.18530000,0.18640000,598690.00000000,1761469199999999,111572.84270000,501,218815.00000000,40788.67830000,0
1761469200000000,0.18650000,0.18890000,0.18600000,0.18860000,1064238.00000000,1761472799999999,200037.74250000,952,458563.00000000,86194.40860000,0
1761472800000000,0.18860000,0.18880000,0.18760000,0.18770000,633541.00000000,1761476399999999,119140.12540000,638,206545.00000000,38851.08390000,0
1761476400000000,0.18770000,0.18970000,0.18710000,0.18910000,782981.00000000,1761479999999999,147485.07890000,1041,525150.00000000,98908.34330000,0
1761480000000000,0.18920000,0.18970000,0.18880000,0.18930000,988092.00000000,1761483599999999,187006.84800000,914,454964.00000000,86134.79450000,0
1761483600000000,0.18950000,0.19090000,0.18890000,0.19030000,1201590.00000000,1761487199999999,227999.04980000,852,715638.00000000,135800.64680000,0
1761487200000000,0.19010000,0.19040000,0.18910000,0.18950000,585310.00000000,1761490799999999,110977.15720000,707,247939.00000000,47020.69310000,0
1761490800000000,0.18950000,0.19000000,0.18890000,0.18980000,280051.00000000,1761494399999999,53078.06560000,509,85725.00000000,16253.04630000,0
1761494400000000,0.18980000,0.18990000,0.18840000,0.18860000,410474.00000000,1761497999999999,77642.26400000,571,165719.00000000,31355.01750000,0
1761498000000000,0.18870000,0.18930000,0.18830000,0.18890000,730641.00000000,1761501599999999,137928.76270000,480,307936.00000000,58187.99710000,0
1761501600000000,0.18890000,0.18930000,0.18830000,0.18830000,439509.00000000,1761505199999999,83047.25620000,472,206649.00000000,39040.98610000,0
1761505200000000,0.18850000,0.18850000,0.18800000,0.18830000,414478.00000000,1761508799999999,78014.70140000,435,228716.00000000,43059.23370000,0
1761508800000000,0.18810000,0.18820000,0.18730000,0.18770000,185183.00000000,1761512399999999,34792.37280000,264,119384.00000000,22435.10820000,0
1761512400000000,0.18770000,0.18870000,0.18690000,0.18850000,633244.00000000,1761515999999999,118860.95910000,599,385780.00000000,72449.33580000,0
1761516000000000,0.18850000,0.19210000,0.18850000,0.19150000,1760842.00000000,1761519599999999,336347.60030000,2010,990239.00000000,189101.94640000,0
1761519600000000,0.19150000,0.19200000,0.19060000,0.19070000,617173.00000000,1761523199999999,118225.72290000,678,330655.00000000,63352.80310000,0
1761523200000000,0.19070000,0.19220000,0.19040000,0.19170000,716414.00000000,1761526799999999,137130.89900000,788,484343.00000000,92713.96970000,0
1761526800000000,0.19160000,0.19310000,0.19140000,0.19310000,738694.00000000,1761530399999999,141966.84670000,752,457328.00000000,87880.34950000,0
1761530400000000,0.19310000,0.19340000,0.19170000,0.19240000,565441.00000000,1761533999999999,108941.91440000,626,223163.00000000,43031.71330000,0
1761534000000000,0.19240000,0.19280000,0.19150000,0.19210000,557865.00000000,1761537599999999,107189.57730000,504,255013.00000000,49008.89110000,0
1761537600000000,0.19210000,0.19230000,0.19140000,0.19200000,577622.00000000,1761541199999999,110842.38270000,438,231228.00000000,44364.40700000,0
1761541200000000,0.19200000,0.19350000,0.19180000,0.19180000,882975.00000000,1761544799999999,170156.74050000,792,378477.00000000,72968.50690000,0
1761544800000000,0.19190000,0.19320000,0.19090000,0.19270000,991849.00000000,1761548399999999,190367.26560000,927,514283.00000000,98718.19880000,0
1761548400000000,0.19270000,0.19310000,0.18990000,0.19120000,1035629.00000000,1761551999999999,198056.63900000,1084,422874.00000000,80955.54830000,0
1761552000000000,0.19130000,0.19150000,0.18870000,0.18900000,1380531.00000000,1761555599999999,262185.70810000,1100,658741.00000000,125118.93480000,0
1761555600000000,0.18900000,0.18900000,0.18720000,0.18750000,1413819.00000000,1761559199999999,265964.85980000,1226,729323.00000000,137223.97820000,0
1761559200000000,0.18750000,0.18800000,0.18690000,0.18740000,789921.00000000,1761562799999999,148085.90890000,770,404986.00000000,75946.51270000,0
1761562800000000,0.18740000,0.18860000,0.18640000,0.18840000,974914.00000000,1761566399999999,183112.73840000,793,381059.00000000,71484.48980000,0
1761566400000000,0.18840000,0.18890000,0.18660000,0.18700000,2698209.00000000,1761569999999999,507271.73460000,1565,945817.00000000,177666.91350000,0
1761570000000000,0.18700000,0.18840000,0.18580000,0.18770000,931419.00000000,1761573599999999,174504.76740000,1230,539992.00000000,101291.96620000,0
1761573600000000,0.18780000,0.18790000,0.18610000,0.18710000,940846.00000000,1761577199999999,175950.58870000,930,552583.00000000,103339.13300000,0
1761577200000000,0.18720000,0.18980000,0.18720000,0.18920000,707587.00000000,1761580799999999,133679.05900000,895,272859.00000000,51547.07260000,0
1761580800000000,0.18920000,0.19220000,0.18910000,0.19200000,1084867.00000000,1761584399999999,206785.14990000,1095,601780.00000000,114679.50820000,0
1761584400000000,0.19210000,0.19210000,0.19050000,0.19060000,1471240.00000000,1761587999999999,281440.41290000,896,449493.00000000,85964.06380000,0
1761588000000000,0.19070000,0.19130000,0.19010000,0.19040000,527133.00000000,1761591599999999,100539.58950000,633,249941.00000000,47677.12570000,0
1761591600000000,0.19040000,0.19050000,0.18850000,0.18860000,662198.00000000,1761595199999999,125451.57650000,795,307143.00000000,58184.49310000,0
1761595200000000,0.18860000,0.18860000,0.18670000,0.18670000,1211918.00000000,1761598799999999,227384.45560000,1197,635660.00000000,119289.04440000,0
1761598800000000,0.18670000,0.18760000,0.18590000,0.18640000,672153.00000000,1761602399999999,125567.10990000,727,334950.00000000,62594.23590000,0
1761602400000000,0.18640000,0.18720000,0.18490000,0.18510000,656911.00000000,1761605999999999,122104.37470000,784,291505.00000000,54251.36360000,0
1761606000000000,0.18520000,0.18620000,0.18420000,0.18570000,667299.00000000,1761609599999999,123661.09730000,722,378094.00000000,70092.89490000,0
1761609600000000,0.18560000,0.18700000,0.18520000,0.18630000,899797.00000000,1761613199999999,167266.20960000,693,470938.00000000,87551.06400000,0
1761613200000000,0.18650000,0.18850000,0.18650000,0.18800000,757388.00000000,1761616799999999,142225.27140000,632,342107.00000000,64233.34730000,0
1761616800000000,0.18800000,0.18840000,0.18590000,0.18700000,1003983.00000000,1761620399999999,188017.28130000,757,539051.00000000,100947.37110000,0
1761620400000000,0.18690000,0.18740000,0.18580000,0.18710000,652482.00000000,1761623999999999,121878.67260000,743,310005.00000000,57891.76180000,0
1761624000000000,0.18710000,0.19240000,0.18620000,0.19200000,3326167.00000000,1761627599999999,631329.05280000,2720,1755206.00000000,333421.07890000,0
1761627600000000,0.19200000,0.19370000,0.18890000,0.18960000,5554247.00000000,1761631199999999,1064848.90480000,4438,3091267.00000000,593040.21470000,0
1761631200000000,0.18960000,0.19870000,0.18890000,0.19860000,6446855.00000000,1761634799999999,1257414.20860000,8215,3635359.00000000,709671.10610000,0
1761634800000000,0.19870000,0.19930000,0.19300000,0.19390000,4305886.00000000,1761638399999999,844967.06890000,3935,2301015.00000000,451792.09480000,0
1761638400000000,0.19390000,0.19640000,0.19230000,0.19400000,3068315.00000000,1761641999999999,595652.73130000,2501,1765637.00000000,342873.95640000,0
1761642000000000,0.19400000,0.19410000,0.19190000,0.19270000,1642723.00000000,1761645599999999,316521.75470000,1349,739783.00000000,142542.33640000,0
1761645600000000,0.19270000,0.19270000,0.19080000,0.19160000,937704.00000000,1761649199999999,179664.43620000,934,380785.00000000,72963.81540000,0
1761649200000000,0.19170000,0.19200000,0.18960000,0.19020000,1878215.00000000,1761652799999999,358623.27800000,1353,833672.00000000,159130.45910000,0
1761652800000000,0.19020000,0.19300000,0.18960000,0.19270000,1808348.00000000,1761656399999999,345400.34780000,1452,729013.00000000,139349.55410000,0
1761656400000000,0.19280000,0.19380000,0.19170000,0.19270000,2460093.00000000,1761659999999999,474180.31000000,1613,932885.00000000,179719.34650000,0
1761660000000000,0.19260000,0.19310000,0.18700000,0.19050000,2349345.00000000,1761663599999999,445163.91750000,2288,1060531.00000000,200992.37080000,0
1761663600000000,0.19040000,0.19100000,0.18860000,0.19010000,1250624.00000000,1761667199999999,237585.03250000,1375,454107.00000000,86227.12030000,0
1761667200000000,0.18990000,0.19150000,0.18950000,0.19150000,1129633.00000000,1761670799999999,215097.38980000,1209,471431.00000000,89803.63480000,0
1761670800000000,0.19140000,0.19170000,0.19050000,0.19120000,500412.00000000,1761674399999999,95619.39870000,478,235692.00000000,45026.24660000,0
1761674400000000,0.19110000,0.19200000,0.18990000,0.19070000,598630.00000000,1761677999999999,114274.90240000,512,383282.00000000,73189.51590000,0
1761678000000000,0.19080000,0.19090000,0.18660000,0.18750000,1643165.00000000,1761681599999999,309126.40860000,1366,685468.00000000,128977.74710000,0
1761681600000000,0.18740000,0.18740000,0.18300000,0.18400000,5694682.00000000,1761685199999999,1052134.55090000,3900,2574853.00000000,475944.69960000,0
1761685200000000,0.18410000,0.18490000,0.18140000,0.18400000,3129672.00000000,1761688799999999,572534.12500000,2031,1456250.00000000,266353.92540000,0
1761688800000000,0.18390000,0.18620000,0.18350000,0.18580000,889728.00000000,1761692399999999,164528.04770000,762,421631.00000000,77881.38800000,0
1761692400000000,0.18570000,0.18590000,0.18420000,0.18440000,764317.00000000,1761695999999999,141374.06390000,647,453107.00000000,83815.57300000,0
1761696000000000,0.18430000,0.18480000,0.18330000,0.18400000,1333930.00000000,1761699599999999,245513.25320000,803,781078.00000000,143739.71070000,0
1761699600000000,0.18390000,0.18450000,0.18240000,0.18360000,683919.00000000,1761703199999999,125400.03310000,544,280677.00000000,51455.36040000,0
1761703200000000,0.18360000,0.18410000,0.18320000,0.18370000,671111.00000000,1761706799999999,123225.15530000,499,236465.00000000,43426.71190000,0
1761706800000000,0.18370000,0.18370000,0.18260000,0.18280000,701734.00000000,1761710399999999,128448.09640000,471,283307.00000000,51830.59480000,0
1761710400000000,0.18280000,0.18340000,0.18220000,0.18220000,707604.00000000,1761713999999999,129454.46730000,501,429842.00000000,78629.31090000,0
1761714000000000,0.18220000,0.18370000,0.18220000,0.18330000,913989.00000000,1761717599999999,167360.55410000,656,399193.00000000,73090.26520000,0
1761717600000000,0.18320000,0.18380000,0.18290000,0.18380000,408064.00000000,1761721199999999,74812.94470000,392,185133.00000000,33950.13830000,0
1761721200000000,0.18370000,0.18410000,0.18270000,0.18350000,758071.00000000,1761724799999999,138995.38070000,499,420289.00000000,77064.61700000,0
1761724800000000,0.18340000,0.18370000,0.18170000,0.18210000,1451195.00000000,1761728399999999,265079.93520000,995,735733.00000000,134414.82370000,0
1761728400000000,0.18200000,0.18300000,0.18160000,0.18250000,1060755.00000000,1761731999999999,193334.20880000,760,636275.00000000,115979.29110000,0
1761732000000000,0.18240000,0.18470000,0.18230000,0.18350000,931151.00000000,1761735599999999,170771.24070000,719,477281.00000000,87402.56400000,0
1761735600000000,0.18350000,0.18520000,0.18310000,0.18480000,608187.00000000,1761739199999999,112143.89970000,492,341809.00000000,63005.23950000,0
1761739200000000,0.18470000,0.18550000,0.18460000,0.18510000,712998.00000000,1761742799999999,131916.55830000,495,385267.00000000,71269.19570000,0
1761742800000000,0.18500000,0.18700000,0.18500000,0.18550000,1722217.00000000,1761746399999999,320195.50170000,1289,718041.00000000,133511.69560000,0
1761746400000000,0.18560000,0.18580000,0.18370000,0.18420000,823417.00000000,1761749999999999,151900.96920000,823,474723.00000000,87570.23980000,0
1761750000000000,0.18430000,0.18460000,0.18110000,0.18220000,2194225.00000000,1761753599999999,401147.43310000,1405,899272.00000000,164565.74190000,0
1761753600000000,0.18210000,0.18460000,0.18110000,0.18370000,1541338.00000000,1761757199999999,281496.58380000,913,677211.00000000,123778.95940000,0
1761757200000000,0.18370000,0.18910000,0.18360000,0.18910000,730495.00000000,1761760799999999,136100.62280000,643,333300.00000000,62072.62050000,0
1761760800000000,0.18920000,0.18970000,0.18030000,0.18640000,6853600.00000000,1761764399999999,1267646.30240000,5997,3114897.00000000,576172.84600000,0
1761764400000000,0.18640000,0.18910000,0.18540000,0.18710000,1872924.00000000,1761767999999999,350855.40770000,1528,839066.00000000,157134.43600000,0
1761768000000000,0.18730000,0.18990000,0.18560000,0.18810000,1620407.00000000,1761771599999999,304326.02060000,1679,813363.00000000,152859.13780000,0
1761771600000000,0.18800000,0.18900000,0.18730000,0.18830000,728439.00000000,1761775199999999,136983.63360000,523,268152.00000000,50461.81010000,0
1761775200000000,0.18830000,0.18830000,0.18690000,0.18700000,405191.00000000,1761778799999999,76010.89370000,579,183303.00000000,34372.18610000,0
1761778800000000,0.18700000,0.18710000,0.18310000,0.18380000,967290.00000000,1761782399999999,178494.58040000,1232,376427.00000000,69500.34810000,0
1761782400000000,0.18390000,0.18500000,0.18230000,0.18470000,763603.00000000,1761785999999999,140277.45320000,1198,396255.00000000,72775.20520000,0
1761786000000000,0.18470000,0.18490000,0.18330000,0.18350000,558849.00000000,1761789599999999,102819.94980000,886,297851.00000000,54802.84400000,0
1761789600000000,0.18350000,0.18540000,0.18320000,0.18460000,321997.00000000,1761793199999999,59407.63260000,757,185373.00000000,34210.31310000,0
1761793200000000,0.18470000,0.18480000,0.18250000,0.18330000,667722.00000000,1761796799999999,122680.11270000,894,311428.00000000,57199.24380000,0
1761796800000000,0.18330000,0.18330000,0.17720000,0.18040000,3501651.00000000,1761800399999999,630035.67990000,4675,1537124.00000000,276472.01750000,0
1761800400000000,0.18040000,0.18450000,0.17960000,0.18410000,1341222.00000000,1761803999999999,243864.88130000,1824,648192.00000000,117894.63640000,0
1761804000000000,0.18410000,0.18620000,0.18370000,0.18550000,1152251.00000000,1761807599999999,213114.87770000,1349,491876.00000000,90993.27010000,0
1761807600000000,0.18550000,0.18700000,0.18480000,0.18540000,699151.00000000,1761811199999999,129811.85860000,1060,356338.00000000,66136.45120000,0
1761811200000000,0.18540000,0.18540000,0.18380000,0.18400000,452630.00000000,1761814799999999,83596.01240000,630,244510.00000000,45167.26740000,0
1761814800000000,0.18400000,0.18410000,0.18230000,0.18330000,629371.00000000,1761818399999999,115175.81110000,709,295714.00000000,54152.27220000,0
1761818400000000,0.18320000,0.18400000,0.18190000,0.18250000,609032.00000000,1761821999999999,111450.91550000,747,265872.00000000,48649.75810000,0
1761822000000000,0.18250000,0.18330000,0.18150000,0.18160000,621334.00000000,1761825599999999,113303.28900000,842,263396.00000000,48059.69540000,0
1761825600000000,0.18160000,0.18190000,0.17750000,0.17860000,2846776.00000000,1761829199999999,510973.09450000,3610,1140249.00000000,204521.97170000,0
1761829200000000,0.17850000,0.17930000,0.17490000,0.17520000,2947249.00000000,1761832799999999,520734.57550000,3441,1406534.00000000,248497.78340000,0
1761832800000000,0.17530000,0.17670000,0.17460000,0.17590000,1872172.00000000,1761836399999999,328550.77050000,2212,1035682.00000000,181735.41970000,0
1761836400000000,0.17590000,0.17640000,0.17260000,0.17300000,2177754.00000000,1761839999999999,378689.69020000,2293,1076338.00000000,187267.42190000,0
1761840000000000,0.17300000,0.17450000,0.17200000,0.17350000,1786755.00000000,1761843599999999,309469.57540000,2223,926546.00000000,160569.34790000,0
1761843600000000,0.17340000,0.17340000,0.16880000,0.17140000,2848672.00000000,1761847199999999,486036.42990000,2966,1336818.00000000,228141.55740000,0
1761847200000000,0.17150000,0.17170000,0.16880000,0.16920000,997075.00000000,1761850799999999,169627.38600000,1315,452301.00000000,76956.79940000,0
1761850800000000,0.16920000,0.16980000,0.16740000,0.16800000,2014209.00000000,1761854399999999,339603.16440000,2564,918269.00000000,154887.39040000,0
1761854400000000,0.16800000,0.17110000,0.16750000,0.17060000,2462672.00000000,1761857999999999,417222.59250000,3144,821646.00000000,139121.35140000,0
1761858000000000,0.17050000,0.17200000,0.16980000,0.17140000,1742449.00000000,1761861599999999,297676.29750000,1780,662973.00000000,113236.38430000,0
1761861600000000,0.17150000,0.17230000,0.17090000,0.17220000,1178855.00000000,1761865199999999,202287.90450000,935,438572.00000000,75323.33630000,0
1761865200000000,0.17230000,0.17410000,0.17130000,0.17410000,1483982.00000000,1761868799999999,255993.33100000,1927,482822.00000000,83303.81070000,0
1761868800000000,0.17400000,0.17500000,0.17280000,0.17470000,1403877.00000000,1761872399999999,243672.18400000,967,467000.00000000,81121.75590000,0
1761872400000000,0.17480000,0.17630000,0.17450000,0.17620000,1200499.00000000,1761875999999999,210978.52950000,1122,552734.00000000,97175.23720000,0
1761876000000000,0.17620000,0.17650000,0.17430000,0.17520000,789319.00000000,1761879599999999,138340.95360000,802,303324.00000000,53194.01470000,0
1761879600000000,0.17530000,0.17590000,0.17480000,0.17580000,360706.00000000,1761883199999999,63225.82510000,403,175772.00000000,30787.82300000,0
1761883200000000,0.17590000,0.17700000,0.17560000,0.17680000,916884.00000000,1761886799999999,161811.10680000,760,396871.00000000,70088.66030000,0
1761886800000000,0.17680000,0.17700000,0.17590000,0.17630000,351258.00000000,1761890399999999,61970.29250000,398,154905.00000000,27319.18050000,0
1761890400000000,0.17630000,0.17650000,0.17550000,0.17570000,360158.00000000,1761893999999999,63310.39490000,376,127308.00000000,22388.51670000,0
1761894000000000,0.17580000,0.17620000,0.17510000,0.17570000,849487.00000000,1761897599999999,149317.80240000,738,407465.00000000,71645.78060000,0
1761897600000000,0.17550000,0.17600000,0.17470000,0.17580000,623474.00000000,1761901199999999,109355.74160000,542,171577.00000000,30104.39680000,0
1761901200000000,0.17580000,0.17620000,0.17510000,0.17550000,737375.00000000,1761904799999999,129419.45240000,523,374907.00000000,65816.33410000,0
1761904800000000,0.17550000,0.17600000,0.17510000,0.17530000,322157.00000000,1761908399999999,56539.98480000,350,137322.00000000,24104.65170000,0
1761908400000000,0.17520000,0.17750000,0.17490000,0.17730000,752591.00000000,1761911999999999,132166.32970000,758,337853.00000000,59321.06280000,0
1761912000000000,0.17740000,0.17860000,0.17630000,0.17630000,901808.00000000,1761915599999999,160191.84120000,855,427865.00000000,76037.81100000,0
1761915600000000,0.17640000,0.17810000,0.17590000,0.17760000,873053.00000000,1761919199999999,154492.43810000,857,451242.00000000,79921.70440000,0
1761919200000000,0.17760000,0.17890000,0.17650000,0.17850000,1702731.00000000,1761922799999999,301987.79810000,1344,564952.00000000,100386.93810000,0
1761922800000000,0.17840000,0.17920000,0.17710000,0.17760000,1032290.00000000,1761926399999999,184019.64260000,853,451690.00000000,80550.35240000,0
1761926400000000,0.17760000,0.17780000,0.17430000,0.17450000,2320324.00000000,1761929999999999,409627.08530000,1571,1272179.00000000,224553.90290000,0
1761930000000000,0.17450000,0.17520000,0.17300000,0.17410000,1427467.00000000,1761933599999999,248511.66270000,2049,686753.00000000,119510.78320000,0
1761933600000000,0.17420000,0.17590000,0.17340000,0.17500000,1390009.00000000,1761937199999999,242983.54990000,1309,866359.00000000,151449.70500000,0
1761937200000000,0.17490000,0.17820000,0.17400000,0.17750000,874405.00000000,1761940799999999,154327.48530000,1022,517637.00000000,91296.09460000,0
1761940800000000,0.17740000,0.17780000,0.17580000,0.17590000,848667.00000000,1761944399999999,150269.34410000,742,586594.00000000,103897.61000000,0
1761944400000000,0.17590000,0.17700000,0.17580000,0.17670000,565042.00000000,1761947999999999,99606.26160000,377,333929.00000000,58853.14760000,0
1761948000000000,0.17670000,0.17770000,0.17650000,0.17730000,424042.00000000,1761951599999999,75112.26860000,367,264074.00000000,46781.61320000,0
1761951600000000,0.17720000,0.17800000,0.17710000,0.17740000,426210.00000000,1761955199999999,75718.66350000,291,248047.00000000,44079.59050000,0
