1754006400000000,0.24400000,0.24500000,0.23690000,0.24230000,7914953.00000000,1754009999999999,1903568.12640000,16490,3776481.00000000,909407.36440000,0
1754010000000000,0.24220000,0.24400000,0.23920000,0.24260000,4020033.00000000,1754013599999999,971580.98760000,10322,2121533.00000000,512776.47470000,0
1754013600000000,0.24250000,0.24660000,0.24210000,0.24590000,2380629.00000000,1754017199999999,582681.58860000,5638,1160358.00000000,284109.16110000,0
1754017200000000,0.24600000,0.24650000,0.24390000,0.24430000,1598056.00000000,1754020799999999,392008.87820000,3206,785004.00000000,192644.63470000,0
1754020800000000,0.24420000,0.24420000,0.24240000,0.24300000,1574525.00000000,1754024399999999,383191.95970000,4499,824702.00000000,200772.77350000,0
1754024400000000,0.24290000,0.24350000,0.24030000,0.24160000,1631755.00000000,1754027999999999,394804.84090000,4489,957688.00000000,231655.16160000,0
1754028000000000,0.24140000,0.24200000,0.23870000,0.24110000,2598626.00000000,1754031599999999,624240.00490000,5896,1228404.00000000,295166.83570000,0
1754031600000000,0.24120000,0.24200000,0.23920000,0.24070000,2056256.00000000,1754035199999999,495068.91730000,5024,1052242.00000000,253323.58670000,0
1754035200000000,0.24060000,0.24070000,0.23520000,0.23870000,4835002.00000000,1754038799999999,1150683.24900000,12882,2287700.00000000,544648.49900000,0
1754038800000000,0.23860000,0.24150000,0.23840000,0.23880000,1895012.00000000,1754042399999999,455007.88970000,5380,932225.00000000,223840.57060000,0
1754042400000000,0.23870000,0.24050000,0.23860000,0.23970000,1320935.00000000,1754045999999999,316502.16250000,4362,784048.00000000,187917.69090000,0
1754046000000000,0.23980000,0.24190000,0.23830000,0.24150000,2226519.00000000,1754049599999999,534591.12790000,3750,1344088.00000000,323090.75100000,0
1754049600000000,0.24140000,0.24470000,0.24010000,0.24250000,5222960.00000000,1754053199999999,1266822.56650000,9914,2656244.00000000,644612.90890000,0
1754053200000000,0.24250000,0.24360000,0.23500000,0.23690000,4935364.00000000,1754056799999999,1178449.14750000,11340,2538060.00000000,606328.47950000,0
1754056800000000,0.23680000,0.24510000,0.23540000,0.24450000,4685632.00000000,1754060399999999,1128590.95170000,12767,2493666.00000000,600302.97800000,0
1754060400000000,0.24460000,0.24480000,0.23990000,0.24270000,2660523.00000000,1754063999999999,644344.36270000,8542,1257663.00000000,304477.91370000,0
1754064000000000,0.24270000,0.24480000,0.23900000,0.23990000,1550083.00000000,1754067599999999,375498.47960000,5579,762169.00000000,184862.00070000,0
1754067600000000,0.23990000,0.24170000,0.23760000,0.23860000,1568658.00000000,1754071199999999,375391.54230000,6635,771108.00000000,184576.41850000,0
1754071200000000,0.23860000,0.24140000,0.23660000,0.23890000,2232383.00000000,1754074799999999,533524.10190000,8536,1035183.00000000,247412.86580000,0
1754074800000000,0.23880000,0.24200000,0.23830000,0.24110000,2200103.00000000,1754078399999999,528300.15920000,7715,1128227.00000000,270952.45590000,0
1754078400000000,0.24110000,0.24200000,0.23450000,0.23910000,3197889.00000000,1754081999999999,760320.27910000,8949,1424990.00000000,339149.85340000,0
1754082000000000,0.23920000,0.24090000,0.23810000,0.23820000,1158545.00000000,1754085599999999,277513.74030000,4177,593376.00000000,142134.08470000,0
1754085600000000,0.23830000,0.23860000,0.22990000,0.23310000,11213924.00000000,1754089199999999,2614671.98600000,23698,5503344.00000000,1283235.93700000,0
1754089200000000,0.23320000,0.23720000,0.23290000,0.23610000,1704837.00000000,1754092799999999,401156.49040000,5037,785216.00000000,184801.01910000,0
1754092800000000,0.23600000,0.23800000,0.23500000,0.23800000,2074032.00000000,1754096399999999,490275.98120000,5693,1044996.00000000,247055.70010000,0
1754096400000000,0.23800000,0.23860000,0.23560000,0.23840000,692555.00000000,1754099999999999,164332.87810000,2033,365595.00000000,86789.09450000,0
1754100000000000,0.23830000,0.23840000,0.23700000,0.23790000,514003.00000000,1754103599999999,122111.93960000,1401,232215.00000000,55193.98650000,0
1754103600000000,0.23800000,0.23910000,0.23800000,0.23880000,629022.00000000,1754107199999999,149996.35060000,1649,391332.00000000,93319.36200000,0
1754107200000000,0.23890000,0.24050000,0.23810000,0.24010000,774153.00000000,1754110799999999,185329.54540000,1778,282832.00000000,67755.70430000,0
1754110800000000,0.24010000,0.24020000,0.23870000,0.23870000,809786.00000000,1754114399999999,193843.85480000,1899,342671.00000000,82080.10850000,0
1754114400000000,0.23880000,0.23890000,0.23190000,0.23390000,2110839.00000000,1754117999999999,495668.23960000,6264,1005436.00000000,235959.55850000,0
1754118000000000,0.23390000,0.23760000,0.23200000,0.23730000,1654798.00000000,1754121599999999,388733.18630000,4697,576847.00000000,135763.66090000,0
1754121600000000,0.23730000,0.23740000,0.23330000,0.23350000,1050002.00000000,1754125199999999,247168.68410000,3321,409772.00000000,96514.29610000,0
1754125200000000,0.23350000,0.23460000,0.23210000,0.23330000,1093329.00000000,1754128799999999,255056.49800000,3660,648515.00000000,151311.98320000,0
1754128800000000,0.23330000,0.23360000,0.23070000,0.23260000,1200297.00000000,1754132399999999,278468.40050000,4222,502032.00000000,116476.24750000,0
1754132400000000,0.23250000,0.23480000,0.23100000,0.23350000,804308.00000000,1754135999999999,187927.53890000,3734,362623.00000000,84707.85060000,0
1754136000000000,0.23340000,0.23360000,0.23110000,0.23300000,1754305.00000000,1754139599999999,407292.15000000,3943,724380.00000000,168242.12800000,0
1754139600000000,0.23300000,0.23430000,0.23140000,0.23360000,1099844.00000000,1754143199999999,256000.39450000,3690,586942.00000000,136617.60380000,0
1754143200000000,0.23360000,0.23370000,0.22840000,0.22960000,2339986.00000000,1754146799999999,538553.06870000,5194,997299.00000000,229457.89510000,0
1754146800000000,0.22960000,0.23220000,0.22680000,0.22780000,4197455.00000000,1754150399999999,963806.24500000,7639,2077933.00000000,477006.24010000,0
1754150400000000,0.22790000,0.23020000,0.22530000,0.22880000,2959671.00000000,1754153999999999,672999.39780000,9200,1360917.00000000,309375.84720000,0
1754154000000000,0.22880000,0.23040000,0.22430000,0.22560000,3071126.00000000,1754157599999999,699339.08500000,7335,1442608.00000000,328987.15250000,0
1754157600000000,0.22560000,0.22690000,0.22350000,0.22450000,5785627.00000000,1754161199999999,1301011.52010000,12532,2962490.00000000,666264.17220000,0
1754161200000000,0.22460000,0.22860000,0.22360000,0.22550000,2349720.00000000,1754164799999999,531435.96950000,7012,1172903.00000000,265326.45400000,0
1754164800000000,0.22560000,0.22760000,0.22540000,0.22710000,1850716.00000000,1754168399999999,419083.91890000,4943,865623.00000000,196058.43880000,0
1754168400000000,0.22720000,0.22880000,0.22550000,0.22730000,1032509.00000000,1754171999999999,234498.50870000,3521,574604.00000000,130580.51330000,0
1754172000000000,0.22730000,0.22920000,0.22540000,0.22860000,1303597.00000000,1754175599999999,296600.37010000,3893,823398.00000000,187365.99460000,0
1754175600000000,0.22860000,0.22900000,0.22510000,0.22760000,1309439.00000000,1754179199999999,297363.57240000,5072,675901.00000000,153595.05950000,0
1754179200000000,0.22760000,0.22940000,0.22340000,0.22940000,3418414.00000000,1754182799999999,775582.58830000,8568,1740481.00000000,395062.96080000,0
1754182800000000,0.22930000,0.23000000,0.22800000,0.22910000,1415828.00000000,1754186399999999,324371.98500000,4089,750670.00000000,172006.45090000,0
1754186400000000,0.22910000,0.23100000,0.22910000,0.23070000,1060200.00000000,1754189999999999,244132.43520000,2250,630068.00000000,145132.89570000,0
1754190000000000,0.23070000,0.23080000,0.22940000,0.23020000,929422.00000000,1754193599999999,213895.91610000,2104,530138.00000000,122011.21730000,0
1754193600000000,0.23010000,0.23050000,0.22920000,0.23030000,416698.00000000,1754197199999999,95790.72470000,1553,182959.00000000,42058.87400000,0
1754197200000000,0.23030000,0.23130000,0.23020000,0.23090000,978714.00000000,1754200799999999,225882.15630000,2145,667182.00000000,154018.10780000,0
1754200800000000,0.23090000,0.23210000,0.23030000,0.23210000,913000.00000000,1754204399999999,211111.79010000,2068,492873.00000000,114045.05490000,0
1754204400000000,0.23210000,0.23380000,0.23210000,0.23340000,1805373.00000000,1754207999999999,420001.76110000,2555,836606.00000000,194642.16320000,0
1754208000000000,0.23350000,0.23650000,0.23340000,0.23600000,2111146.00000000,1754211599999999,496969.51880000,3633,1207607.00000000,284155.77000000,0
1754211600000000,0.23610000,0.23640000,0.23460000,0.23640000,1408245.00000000,1754215199999999,331264.76950000,2899,646464.00000000,152133.87630000,0
1754215200000000,0.23640000,0.23780000,0.23600000,0.23760000,984217.00000000,1754218799999999,233132.69070000,2372,593572.00000000,140605.57540000,0
1754218800000000,0.23750000,0.24160000,0.23740000,0.24080000,3346810.00000000,1754222399999999,802656.97300000,7450,1837926.00000000,440938.59600000,0
1754222400000000,0.24090000,0.24210000,0.23870000,0.24130000,3334305.00000000,1754225999999999,801650.95800000,5940,1626275.00000000,391238.24050000,0
1754226000000000,0.24130000,0.24140000,0.23840000,0.23960000,1465430.00000000,1754229599999999,351031.11240000,3905,704199.00000000,168666.96270000,0
1754229600000000,0.23970000,0.24220000,0.23840000,0.24200000,2145890.00000000,1754233199999999,514814.00030000,4560,1084786.00000000,260435.80350000,0
1754233200000000,0.24200000,0.24410000,0.24100000,0.24340000,3450847.00000000,1754236799999999,838069.54240000,6309,2186344.00000000,530945.38380000,0
1754236800000000,0.24340000,0.24360000,0.24050000,0.24310000,2018936.00000000,1754240399999999,488070.45370000,3600,852085.00000000,206325.81890000,0
1754240400000000,0.24310000,0.24450000,0.24250000,0.24340000,1427778.00000000,1754243999999999,347596.79120000,3435,692814.00000000,168727.74840000,0
1754244000000000,0.24350000,0.24360000,0.24170000,0.24270000,1631816.00000000,1754247599999999,395974.76170000,3378,508423.00000000,123359.38040000,0
1754247600000000,0.24270000,0.24370000,0.24180000,0.24240000,2085700.00000000,1754251199999999,506297.28790000,3570,1122136.00000000,272553.43820000,0
1754251200000000,0.24230000,0.24360000,0.24160000,0.24330000,837804.00000000,1754254799999999,203094.32090000,1989,445063.00000000,107925.39370000,0
1754254800000000,0.24320000,0.24370000,0.24230000,0.24340000,815030.00000000,1754258399999999,197989.96170000,1782,424420.00000000,103133.32760000,0
1754258400000000,0.24340000,0.24450000,0.24170000,0.24280000,934953.00000000,1754261999999999,226988.76870000,2517,455020.00000000,110513.07150000,0
1754262000000000,0.24280000,0.24450000,0.24250000,0.24400000,1296540.00000000,1754265599999999,315719.22350000,2869,823866.00000000,200636.82180000,0
1754265600000000,0.24400000,0.25070000,0.24320000,0.25040000,4520571.00000000,1754269199999999,1112596.20480000,8361,2300361.00000000,566869.25960000,0
1754269200000000,0.25040000,0.25060000,0.24640000,0.24690000,2134184.00000000,1754272799999999,531953.08920000,4850,986573.00000000,245945.22170000,0
1754272800000000,0.24700000,0.24830000,0.24600000,0.24760000,1277340.00000000,1754276399999999,315609.67650000,3100,645799.00000000,159578.56740000,0
1754276400000000,0.24760000,0.24780000,0.24520000,0.24550000,679310.00000000,1754279999999999,167254.04080000,1915,269781.00000000,66451.05770000,0
1754280000000000,0.24560000,0.24680000,0.24420000,0.24440000,1131986.00000000,1754283599999999,277956.22350000,2464,524603.00000000,128890.52130000,0
1754283600000000,0.24450000,0.24470000,0.24280000,0.24420000,808317.00000000,1754287199999999,197073.15500000,2398,315853.00000000,77013.23540000,0
1754287200000000,0.24420000,0.24470000,0.24260000,0.24420000,757054.00000000,1754290799999999,184367.18630000,2319,338142.00000000,82385.38710000,0
1754290800000000,0.24410000,0.24760000,0.24410000,0.24580000,1342351.00000000,1754294399999999,329938.05390000,2869,780397.00000000,191998.12720000,0
1754294400000000,0.24590000,0.24750000,0.24510000,0.24630000,1648544.00000000,1754297999999999,406537.98950000,3232,896692.00000000,221204.43090000,0
1754298000000000,0.24640000,0.24690000,0.24300000,0.24330000,1301998.00000000,1754301599999999,318535.37060000,2674,529044.00000000,129500.02320000,0
1754301600000000,0.24340000,0.24440000,0.24290000,0.24320000,1226702.00000000,1754305199999999,298596.77640000,2458,715285.00000000,174117.29760000,0
1754305200000000,0.24310000,0.24350000,0.24140000,0.24190000,2556408.00000000,1754308799999999,618736.19780000,3861,1168714.00000000,282843.89880000,0
1754308800000000,0.24200000,0.24360000,0.24170000,0.24340000,1468294.00000000,1754312399999999,356065.54550000,2634,739918.00000000,179435.93900000,0
1754312400000000,0.24350000,0.24720000,0.24170000,0.24660000,3393632.00000000,1754315999999999,829662.30780000,6364,1650007.00000000,403648.25720000,0
1754316000000000,0.24670000,0.24950000,0.24390000,0.24450000,4161202.00000000,1754319599999999,1029114.79320000,8493,1795119.00000000,444256.86640000,0
1754319600000000,0.24460000,0.24660000,0.24400000,0.24530000,1568148.00000000,1754323199999999,384761.52420000,4235,732449.00000000,179702.04090000,0
1754323200000000,0.24550000,0.24900000,0.24530000,0.24900000,2011465.00000000,1754326799999999,497157.37900000,4932,993667.00000000,245744.88580000,0
1754326800000000,0.24900000,0.25090000,0.24690000,0.24730000,1874107.00000000,1754330399999999,466581.83830000,4338,929800.00000000,231666.70920000,0
1754330400000000,0.24720000,0.24790000,0.24510000,0.24600000,1155685.00000000,1754333999999999,285089.19350000,2652,600739.00000000,148176.36440000,0
1754334000000000,0.24590000,0.24600000,0.24360000,0.24470000,762303.00000000,1754337599999999,186692.38150000,2206,358444.00000000,87777.86030000,0
1754337600000000,0.24460000,0.24590000,0.24400000,0.24540000,876988.00000000,1754341199999999,214746.16090000,2317,443588.00000000,108689.84230000,0
1754341200000000,0.24530000,0.24930000,0.24530000,0.24780000,1661719.00000000,1754344799999999,411540.48240000,3368,800201.00000000,198184.31990000,0
1754344800000000,0.24780000,0.24910000,0.24750000,0.24890000,1569003.00000000,1754348399999999,389751.70610000,3484,745083.00000000,185122.01680000,0
1754348400000000,0.24880000,0.24900000,0.24790000,0.24830000,1003022.00000000,1754351999999999,249094.92460000,1965,505557.00000000,125557.41600000,0
1754352000000000,0.24820000,0.24920000,0.24660000,0.24780000,1358276.00000000,1754355599999999,336510.72350000,2651,729639.00000000,180837.07110000,0
1754355600000000,0.24780000,0.24920000,0.24480000,0.24500000,1253856.00000000,1754359199999999,309537.30060000,3304,504573.00000000,124604.50650000,0
1754359200000000,0.24510000,0.24630000,0.24430000,0.24530000,615139.00000000,1754362799999999,150652.55980000,1767,368888.00000000,90332.64600000,0
1754362800000000,0.24530000,0.24530000,0.24160000,0.24200000,1222199.00000000,1754366399999999,296977.23100000,2568,480922.00000000,116824.53930000,0
1754366400000000,0.24210000,0.24290000,0.24030000,0.24090000,1041692.00000000,1754369999999999,251306.38850000,2653,510274.00000000,123124.69780000,0
1754370000000000,0.24090000,0.24200000,0.23990000,0.24090000,1048815.00000000,1754373599999999,252672.49590000,2309,511102.00000000,123205.71090000,0
1754373600000000,0.24100000,0.24210000,0.23870000,0.23910000,1134133.00000000,1754377199999999,272613.48740000,2218,545619.00000000,131179.50750000,0
1754377200000000,0.23910000,0.24000000,0.23630000,0.23720000,2187352.00000000,1754380799999999,520237.70150000,4907,1103665.00000000,262471.12830000,0
1754380800000000,0.23720000,0.23950000,0.23660000,0.23940000,804936.00000000,1754384399999999,191568.41940000,2333,490598.00000000,116779.78350000,0
1754384400000000,0.23950000,0.24380000,0.23940000,0.24350000,629201.00000000,1754387999999999,151771.27870000,1809,299292.00000000,72257.29960000,0
1754388000000000,0.24360000,0.24810000,0.24290000,0.24650000,2298912.00000000,1754391599999999,564933.88820000,4300,1143782.00000000,281252.50110000,0
1754391600000000,0.24660000,0.24800000,0.24600000,0.24690000,1375133.00000000,1754395199999999,339695.37740000,3040,461289.00000000,113954.44310000,0
1754395200000000,0.24700000,0.24740000,0.24170000,0.24290000,2256237.00000000,1754398799999999,550456.34120000,7301,1116864.00000000,272474.16090000,0
1754398800000000,0.24290000,0.24420000,0.24220000,0.24360000,1957378.00000000,1754402399999999,475998.42300000,4801,877526.00000000,213447.21120000,0
1754402400000000,0.24350000,0.24370000,0.23560000,0.23680000,7017333.00000000,1754405999999999,1670595.59870000,12446,3390045.00000000,806800.07620000,0
1754406000000000,0.23670000,0.23900000,0.23390000,0.23490000,2972714.00000000,1754409599999999,702463.06260000,5608,1433740.00000000,338735.74240000,0
1754409600000000,0.23490000,0.23820000,0.23470000,0.23650000,1596006.00000000,1754413199999999,377824.38780000,4961,998322.00000000,236336.98690000,0
1754413200000000,0.23650000,0.23870000,0.23620000,0.23830000,1268288.00000000,1754416799999999,301375.26600000,3502,498339.00000000,118353.26500000,0
1754416800000000,0.23820000,0.23830000,0.23490000,0.23750000,1355046.00000000,1754420399999999,320858.18090000,3702,657771.00000000,155780.09040000,0
1754420400000000,0.23760000,0.23840000,0.23530000,0.23580000,868400.00000000,1754423999999999,205642.97740000,2907,393745.00000000,93273.22370000,0
1754424000000000,0.23600000,0.23800000,0.23550000,0.23580000,678397.00000000,1754427599999999,160760.61520000,2512,346839.00000000,82199.66880000,0
1754427600000000,0.23570000,0.23740000,0.23460000,0.23500000,969985.00000000,1754431199999999,229095.12520000,1756,436678.00000000,103225.16470000,0
1754431200000000,0.23490000,0.23750000,0.23330000,0.23740000,1639455.00000000,1754434799999999,386100.50130000,3273,770273.00000000,181326.08770000,0
1754434800000000,0.23730000,0.23910000,0.23700000,0.23750000,2452595.00000000,1754438399999999,584039.19800000,2879,1431639.00000000,340958.38110000,0
1754438400000000,0.23750000,0.23750000,0.23330000,0.23370000,1944358.00000000,1754441999999999,457880.18220000,3256,894778.00000000,210674.12660000,0
1754442000000000,0.23370000,0.23480000,0.23270000,0.23440000,1571999.00000000,1754445599999999,367460.12320000,4068,763050.00000000,178364.37540000,0
1754445600000000,0.23430000,0.23440000,0.23210000,0.23270000,1342367.00000000,1754449199999999,312768.29910000,3174,555243.00000000,129332.73380000,0
1754449200000000,0.23270000,0.23300000,0.23110000,0.23150000,1520342.00000000,1754452799999999,352503.35450000,2786,590784.00000000,136947.21150000,0
1754452800000000,0.23140000,0.23190000,0.23070000,0.23160000,1119787.00000000,1754456399999999,259072.87490000,2422,417492.00000000,96598.72880000,0
1754456400000000,0.23150000,0.23840000,0.23110000,0.23640000,2264167.00000000,1754459999999999,534463.44520000,4880,1089278.00000000,256843.05950000,0
1754460000000000,0.23640000,0.23760000,0.23430000,0.23710000,1638019.00000000,1754463599999999,386236.77190000,3587,952760.00000000,224625.85860000,0
1754463600000000,0.23710000,0.23890000,0.23660000,0.23880000,1245368.00000000,1754467199999999,296382.72430000,2726,728552.00000000,173389.68740000,0
1754467200000000,0.23880000,0.23920000,0.23540000,0.23660000,1180210.00000000,1754470799999999,280186.57850000,2736,533562.00000000,126647.61240000,0
1754470800000000,0.23650000,0.23890000,0.23580000,0.23800000,1326486.00000000,1754474399999999,315562.73120000,2626,701511.00000000,166806.28160000,0
1754474400000000,0.23800000,0.23900000,0.23670000,0.23720000,1777314.00000000,1754477999999999,422274.95010000,2681,842645.00000000,200186.21440000,0
1754478000000000,0.23730000,0.23930000,0.23680000,0.23730000,1051335.00000000,1754481599999999,249897.82330000,2233,546814.00000000,129946.05730000,0
1754481600000000,0.23730000,0.23800000,0.23450000,0.23540000,2268596.00000000,1754485199999999,535896.75860000,3655,1311338.00000000,309791.35740000,0
1754485200000000,0.23540000,0.23810000,0.23500000,0.23730000,2565260.00000000,1754488799999999,607248.35760000,5906,1235906.00000000,292541.21380000,0
1754488800000000,0.23740000,0.24160000,0.23590000,0.24140000,1978965.00000000,1754492399999999,471816.61010000,5781,1074047.00000000,256245.94610000,0
1754492400000000,0.24150000,0.24450000,0.24000000,0.24370000,2364912.00000000,1754495999999999,572047.08000000,5742,1444232.00000000,349402.11440000,0
1754496000000000,0.24370000,0.24480000,0.24190000,0.24330000,2652040.00000000,1754499599999999,645469.59610000,4006,1411451.00000000,343669.90540000,0
1754499600000000,0.24320000,0.24590000,0.24270000,0.24550000,1329717.00000000,1754503199999999,325009.21670000,2823,855730.00000000,209141.47360000,0
1754503200000000,0.24560000,0.24690000,0.24390000,0.24400000,1110535.00000000,1754506799999999,272468.70880000,2956,464357.00000000,113966.00930000,0
1754506800000000,0.24400000,0.24480000,0.24300000,0.24380000,1183088.00000000,1754510399999999,288198.41350000,1921,570075.00000000,138926.36670000,0
1754510400000000,0.24380000,0.24380000,0.24190000,0.24250000,324837.00000000,1754513999999999,78789.87190000,1334,142940.00000000,34667.12050000,0
1754514000000000,0.24250000,0.24340000,0.24120000,0.24230000,629138.00000000,1754517599999999,152580.90790000,1440,329249.00000000,79897.40200000,0
1754517600000000,0.24240000,0.24300000,0.24200000,0.24250000,466497.00000000,1754521199999999,113105.34420000,1752,275959.00000000,66910.90440000,0
1754521200000000,0.24260000,0.24320000,0.24230000,0.24280000,500126.00000000,1754524799999999,121415.07210000,1126,376415.00000000,91383.66100000,0
1754524800000000,0.24280000,0.24480000,0.24190000,0.24370000,730750.00000000,1754528399999999,177841.19740000,1829,372899.00000000,90747.90070000,0
1754528400000000,0.24380000,0.24650000,0.24280000,0.24310000,1455643.00000000,1754531999999999,356517.61730000,3327,714231.00000000,174958.71710000,0
1754532000000000,0.24300000,0.24430000,0.24240000,0.24280000,615330.00000000,1754535599999999,149622.87240000,1826,315756.00000000,76793.60770000,0
1754535600000000,0.24280000,0.24350000,0.24180000,0.24200000,1007186.00000000,1754539199999999,244315.63450000,1520,306565.00000000,74375.28850000,0
1754539200000000,0.24190000,0.24410000,0.24180000,0.24260000,732518.00000000,1754542799999999,178008.45960000,1827,351488.00000000,85481.16480000,0
1754542800000000,0.24250000,0.24460000,0.24190000,0.24450000,1043275.00000000,1754546399999999,253981.42380000,1948,722880.00000000,176014.88900000,0
1754546400000000,0.24450000,0.24650000,0.24390000,0.24480000,4830313.00000000,1754549999999999,1185824.78740000,4940,2353148.00000000,577958.64330000,0
1754550000000000,0.24480000,0.24620000,0.24470000,0.24520000,2628179.00000000,1754553599999999,644602.88420000,3294,1302404.00000000,319436.24370000,0
1754553600000000,0.24520000,0.24650000,0.24500000,0.24530000,958857.00000000,1754557199999999,235680.19320000,1977,451246.00000000,110930.95090000,0
1754557200000000,0.24520000,0.24620000,0.24430000,0.24600000,528114.00000000,1754560799999999,129482.48610000,1412,242559.00000000,59515.00090000,0
1754560800000000,0.24590000,0.25360000,0.24570000,0.25350000,4450626.00000000,1754564399999999,1115019.50250000,7951,2551361.00000000,639024.74240000,0
1754564400000000,0.25360000,0.26210000,0.25350000,0.26050000,12622663.00000000,1754567999999999,3259267.14010000,18928,7463946.00000000,1925226.84460000,0
1754568000000000,0.26060000,0.26170000,0.25700000,0.25910000,4958118.00000000,1754571599999999,1285301.72420000,7898,2165979.00000000,561436.13600000,0
1754571600000000,0.25910000,0.26000000,0.25770000,0.25940000,3802901.00000000,1754575199999999,983915.66710000,6269,1740358.00000000,450259.94540000,0
1754575200000000,0.25950000,0.26110000,0.25630000,0.25700000,5023418.00000000,1754578799999999,1298778.70460000,7543,2289702.00000000,592013.15740000,0
1754578800000000,0.25700000,0.25770000,0.25510000,0.25680000,1467542.00000000,1754582399999999,376617.12540000,4466,788082.00000000,202270.17430000,0
1754582400000000,0.25680000,0.25770000,0.25080000,0.25360000,2243217.00000000,1754585999999999,569409.90820000,6265,1015719.00000000,257756.84610000,0
1754586000000000,0.25350000,0.25570000,0.25270000,0.25500000,3172349.00000000,1754589599999999,806748.44800000,5509,1866855.00000000,475063.55250000,0
1754589600000000,0.25490000,0.25490000,0.25210000,0.25310000,982265.00000000,1754593199999999,248694.16080000,2735,425819.00000000,107796.52800000,0
1754593200000000,0.25310000,0.25790000,0.25290000,0.25730000,2849803.00000000,1754596799999999,728137.98250000,5716,1746710.00000000,446117.30070000,0
1754596800000000,0.25730000,0.25850000,0.25590000,0.25750000,2081171.00000000,1754600399999999,535255.71180000,4624,1000429.00000000,257406.88910000,0
1754600400000000,0.25760000,0.26220000,0.25660000,0.26090000,2707816.00000000,1754603999999999,702303.47410000,6427,1421914.00000000,368621.14380000,0
1754604000000000,0.26090000,0.26360000,0.26020000,0.26320000,4548984.00000000,1754607599999999,1189984.87810000,9049,2528370.00000000,661439.07140000,0
1754607600000000,0.26330000,0.26470000,0.26090000,0.26440000,3299945.00000000,1754611199999999,867534.13560000,5971,1876270.00000000,493280.89480000,0
1754611200000000,0.26430000,0.26900000,0.25990000,0.26430000,16135656.00000000,1754614799999999,4267834.06840000,37859,8308724.00000000,2198080.97620000,0
1754614800000000,0.26430000,0.26710000,0.26040000,0.26380000,17930048.00000000,1754618399999999,4721941.26340000,43302,8980475.00000000,2365038.47860000,0
1754618400000000,0.26370000,0.26630000,0.26270000,0.26410000,2629032.00000000,1754621999999999,694874.67320000,6548,1461248.00000000,386176.19440000,0
1754622000000000,0.26420000,0.26760000,0.26370000,0.26630000,4742374.00000000,1754625599999999,1261487.13680000,8423,2619738.00000000,696985.01560000,0
1754625600000000,0.26620000,0.26790000,0.26460000,0.26570000,2570203.00000000,1754629199999999,684464.23150000,5320,1317637.00000000,350843.97040000,0
1754629200000000,0.26580000,0.26640000,0.26370000,0.26380000,1538088.00000000,1754632799999999,407759.00440000,4047,674543.00000000,178852.33490000,0
1754632800000000,0.26380000,0.26940000,0.26370000,0.26910000,3081511.00000000,1754636399999999,824178.99080000,6386,1590087.00000000,425270.76050000,0
1754636400000000,0.26920000,0.26920000,0.26330000,0.26580000,8291847.00000000,1754639999999999,2201062.95790000,13526,3215326.00000000,853767.34650000,0
1754640000000000,0.26590000,0.26790000,0.26390000,0.26520000,3948353.00000000,1754643599999999,1050502.49420000,6002,2140259.00000000,569562.88400000,0
1754643600000000,0.26520000,0.26650000,0.26320000,0.26490000,2566673.00000000,1754647199999999,678836.67360000,6393,1447895.00000000,383110.40800000,0
1754647200000000,0.26480000,0.26550000,0.26320000,0.26360000,2020551.00000000,1754650799999999,533817.70240000,3669,866685.00000000,229109.93920000,0
1754650800000000,0.26360000,0.26520000,0.26360000,0.26490000,933315.00000000,1754654399999999,247024.61200000,2310,512088.00000000,135532.97060000,0
1754654400000000,0.26490000,0.26490000,0.26210000,0.26250000,2141984.00000000,1754657999999999,564089.84130000,3888,1161695.00000000,305954.25620000,0
1754658000000000,0.26250000,0.26790000,0.26200000,0.26790000,4055985.00000000,1754661599999999,1070635.08990000,7678,2054861.00000000,542419.16970000,0
1754661600000000,0.26800000,0.26900000,0.26090000,0.26180000,5029444.00000000,1754665199999999,1333559.26840000,12321,2568101.00000000,680951.70790000,0
1754665200000000,0.26190000,0.26200000,0.25630000,0.25770000,5947840.00000000,1754668799999999,1537541.51120000,10123,2363535.00000000,611145.96710000,0
1754668800000000,0.25770000,0.26010000,0.25680000,0.25920000,3142744.00000000,1754672399999999,812469.01290000,4596,2043497.00000000,528754.56810000,0
1754672400000000,0.25930000,0.26520000,0.25930000,0.26520000,3408308.00000000,1754675999999999,893750.13100000,5959,1391245.00000000,365584.59430000,0
1754676000000000,0.26520000,0.26650000,0.26300000,0.26380000,2910340.00000000,1754679599999999,770322.49140000,5947,1405517.00000000,371977.37600000,0
1754679600000000,0.26380000,0.26520000,0.26250000,0.26510000,1215597.00000000,1754683199999999,320307.72240000,3323,570708.00000000,150429.23470000,0
1754683200000000,0.26520000,0.26550000,0.26270000,0.26490000,1165365.00000000,1754686799999999,307949.44010000,2866,709499.00000000,187571.72520000,0
1754686800000000,0.26490000,0.26530000,0.26360000,0.26480000,1204929.00000000,1754690399999999,318807.77100000,1743,485773.00000000,128610.71710000,0
1754690400000000,0.26480000,0.26590000,0.26350000,0.26520000,1284178.00000000,1754693999999999,340226.83270000,2840,652257.00000000,172862.49520000,0
1754694000000000,0.26520000,0.26630000,0.26400000,0.26620000,1770615.00000000,1754697599999999,469870.92470000,3002,995443.00000000,264280.46670000,0
1754697600000000,0.26630000,0.26760000,0.26540000,0.26750000,2101386.00000000,1754701199999999,559705.39990000,3380,1145611.00000000,305235.12600000,0
1754701200000000,0.26760000,0.26870000,0.26600000,0.26800000,1016630.00000000,1754704799999999,272023.29060000,2419,634401.00000000,169863.93580000,0
1754704800000000,0.26790000,0.26840000,0.26690000,0.26700000,725521.00000000,1754708399999999,194113.29880000,1963,363692.00000000,97317.96930000,0
1754708400000000,0.26700000,0.26730000,0.26540000,0.26590000,1066334.00000000,1754711999999999,284135.36420000,2117,492842.00000000,131365.51290000,0
1754712000000000,0.26580000,0.26860000,0.26540000,0.26850000,1071343.00000000,1754715599999999,286027.20090000,3034,569233.00000000,151883.39530000,0
1754715600000000,0.26840000,0.27380000,0.26820000,0.27200000,4946303.00000000,1754719199999999,1344286.88040000,8919,2280557.00000000,619738.99510000,0
1754719200000000,0.27200000,0.27230000,0.26890000,0.26940000,2401274.00000000,1754722799999999,650085.34940000,4313,1076133.00000000,291211.87050000,0
1754722800000000,0.26940000,0.27230000,0.26910000,0.27230000,1779577.00000000,1754726399999999,482565.25600000,2680,1177885.00000000,319667.38260000,0
1754726400000000,0.27220000,0.27400000,0.27130000,0.27190000,5723813.00000000,1754729999999999,1560886.96030000,5660,2769979.00000000,755372.65790000,0
1754730000000000,0.27190000,0.27490000,0.27160000,0.27360000,5737267.00000000,1754733599999999,1568289.96850000,6347,2709443.00000000,740691.48870000,0
1754733600000000,0.27350000,0.27470000,0.27230000,0.27320000,6797619.00000000,1754737199999999,1858624.76710000,5527,3308443.00000000,904918.26330000,0
1754737200000000,0.27320000,0.27470000,0.27250000,0.27320000,3259233.00000000,1754740799999999,891169.44360000,4033,1618179.00000000,442412.13610000,0
1754740800000000,0.27320000,0.27740000,0.27270000,0.27700000,4859258.00000000,1754744399999999,1336569.00480000,5086,2791142.00000000,768758.05220000,0
1754744400000000,0.27700000,0.27750000,0.27210000,0.27210000,5147617.00000000,1754747999999999,1416332.95360000,7021,2306599.00000000,634729.62690000,0
1754748000000000,0.27220000,0.27380000,0.27040000,0.27350000,1586219.00000000,1754751599999999,431139.61310000,4077,714511.00000000,194379.53660000,0
1754751600000000,0.27340000,0.27410000,0.27050000,0.27170000,1105700.00000000,1754755199999999,300585.99280000,3629,537818.00000000,146255.35920000,0
1754755200000000,0.27180000,0.27380000,0.27150000,0.27190000,1556403.00000000,1754758799999999,424035.87270000,3397,614583.00000000,167579.56280000,0
1754758800000000,0.27190000,0.27510000,0.27120000,0.27350000,1781378.00000000,1754762399999999,487542.74480000,3160,1059420.00000000,289997.19280000,0
1754762400000000,0.27350000,0.27450000,0.27250000,0.27390000,778813.00000000,1754765999999999,212924.75290000,2536,360538.00000000,98575.49040000,0
1754766000000000,0.27390000,0.27590000,0.27350000,0.27360000,3009722.00000000,1754769599999999,826142.78810000,3526,1249920.00000000,343398.17690000,0
1754769600000000,0.27360000,0.27560000,0.27300000,0.27470000,1925572.00000000,1754773199999999,528467.58080000,3551,963095.00000000,264322.45880000,0
1754773200000000,0.27470000,0.27470000,0.27040000,0.27150000,1832608.00000000,1754776799999999,499175.13560000,3481,904590.00000000,246284.00350000,0
1754776800000000,0.27150000,0.27420000,0.26970000,0.27090000,2651855.00000000,1754780399999999,721128.99680000,5003,1423480.00000000,387116.92730000,0
1754780400000000,0.27090000,0.27130000,0.26970000,0.27000000,1124837.00000000,1754783999999999,304136.46680000,2820,469513.00000000,126991.42200000,0
1754784000000000,0.27000000,0.27320000,0.26960000,0.27290000,1081232.00000000,1754787599999999,292910.77590000,3054,483977.00000000,131112.54670000,0
1754787600000000,0.27290000,0.27410000,0.27070000,0.27130000,868365.00000000,1754791199999999,236181.76110000,2912,418765.00000000,113894.82820000,0
1754791200000000,0.27130000,0.27210000,0.26900000,0.26960000,1404168.00000000,1754794799999999,380207.28470000,3600,530843.00000000,143680.27800000,0
1754794800000000,0.26950000,0.27270000,0.26820000,0.27220000,2861476.00000000,1754798399999999,774611.55720000,6697,1501007.00000000,406259.51920000,0
1754798400000000,0.27220000,0.27650000,0.27120000,0.27560000,1159386.00000000,1754801999999999,318227.19180000,3282,524941.00000000,144113.53640000,0
1754802000000000,0.27560000,0.27580000,0.27040000,0.27040000,1528110.00000000,1754805599999999,417373.47070000,4033,696490.00000000,190139.37660000,0
1754805600000000,0.27050000,0.27080000,0.26640000,0.26830000,2473455.00000000,1754809199999999,663126.03410000,5353,1400878.00000000,375497.20390000,0
1754809200000000,0.26840000,0.26930000,0.26120000,0.26270000,4003240.00000000,1754812799999999,1059887.39540000,10200,1840817.00000000,487149.79300000,0
1754812800000000,0.26280000,0.26530000,0.25950000,0.26500000,2639553.00000000,1754816399999999,691448.31130000,5633,1115135.00000000,292362.50070000,0
1754816400000000,0.26500000,0.26570000,0.26360000,0.26410000,794771.00000000,1754819999999999,210394.86270000,2593,381277.00000000,100957.02230000,0
1754820000000000,0.26410000,0.26460000,0.26090000,0.26140000,1949902.00000000,1754823599999999,511762.30840000,4205,1025761.00000000,268979.94560000,0
1754823600000000,0.26150000,0.26330000,0.26070000,0.26160000,1622373.00000000,1754827199999999,425344.22400000,4117,813952.00000000,213416.43060000,0
1754827200000000,0.26170000,0.26370000,0.26130000,0.26320000,1212537.00000000,1754830799999999,318094.49060000,2887,661582.00000000,173471.69280000,0
1754830800000000,0.26320000,0.26370000,0.26020000,0.26060000,1392696.00000000,1754834399999999,365026.24960000,3196,679670.00000000,178253.13270000,0
1754834400000000,0.26060000,0.26540000,0.25990000,0.26490000,1914997.00000000,1754837999999999,504988.15700000,4217,1115570.00000000,294149.96050000,0
1754838000000000,0.26490000,0.26610000,0.26420000,0.26450000,1706181.00000000,1754841599999999,452129.41340000,3884,774431.00000000,205365.84460000,0
1754841600000000,0.26440000,0.26700000,0.26420000,0.26640000,930261.00000000,1754845199999999,247313.02820000,2474,482169.00000000,128227.86760000,0
1754845200000000,0.26640000,0.26660000,0.26460000,0.26570000,672385.00000000,1754848799999999,178740.44130000,2290,337197.00000000,89676.63610000,0
1754848800000000,0.26560000,0.26750000,0.26560000,0.26740000,555394.00000000,1754852399999999,148173.87290000,1869,250785.00000000,66904.85560000,0
1754852400000000,0.26730000,0.26850000,0.26670000,0.26680000,564201.00000000,1754855999999999,150936.15820000,1837,301772.00000000,80744.82930000,0
1754856000000000,0.26670000,0.26690000,0.26380000,0.26440000,2131336.00000000,1754859599999999,564630.51560000,3287,1145384.00000000,303318.36870000,0
1754859600000000,0.26430000,0.26440000,0.26170000,0.26410000,1566585.00000000,1754863199999999,411897.40070000,3238,808685.00000000,212512.92010000,0
1754863200000000,0.26420000,0.26550000,0.26290000,0.26530000,963231.00000000,1754866799999999,254425.47460000,2295,472346.00000000,124788.45680000,0
1754866800000000,0.26540000,0.26670000,0.26450000,0.26630000,796222.00000000,1754870399999999,211441.38150000,2532,407328.00000000,108163.72590000,0
1754870400000000,0.26640000,0.26780000,0.26430000,0.26540000,1481436.00000000,1754873999999999,394172.46300000,4107,671591.00000000,178765.18410000,0
1754874000000000,0.26530000,0.27160000,0.26520000,0.27050000,2519608.00000000,1754877599999999,679136.92260000,5977,1345857.00000000,362709.53130000,0
1754877600000000,0.27050000,0.27940000,0.27040000,0.27760000,5490272.00000000,1754881199999999,1510163.00750000,10650,2695518.00000000,741460.61180000,0
1754881200000000,0.27760000,0.27770000,0.27380000,0.27510000,2451840.00000000,1754884799999999,675102.81570000,7213,1082937.00000000,298173.58000000,0
1754884800000000,0.27500000,0.27980000,0.27490000,0.27840000,4101218.00000000,1754888399999999,1138640.68180000,7866,2341951.00000000,650133.89250000,0
1754888400000000,0.27840000,0.27980000,0.27710000,0.27910000,3991023.00000000,1754891999999999,1111743.23400000,6307,2230301.00000000,621350.25750000,0
1754892000000000,0.27920000,0.28040000,0.27670000,0.27900000,3806492.00000000,1754895599999999,1059262.88840000,6066,1799253.00000000,500793.18360000,0
1754895600000000,0.27910000,0.27950000,0.27180000,0.27250000,3071976.00000000,1754899199999999,846990.63330000,6025,1324431.00000000,365382.31640000,0
1754899200000000,0.27250000,0.27760000,0.27030000,0.27400000,4324283.00000000,1754902799999999,1187035.91810000,8490,2201811.00000000,604673.83880000,0
1754902800000000,0.27410000,0.27570000,0.27080000,0.27170000,2135270.00000000,1754906399999999,584310.30100000,4974,860329.00000000,235569.31980000,0
1754906400000000,0.27170000,0.27240000,0.26840000,0.26920000,3156991.00000000,1754909999999999,853480.47960000,6597,1581398.00000000,427473.55020000,0
1754910000000000,0.26920000,0.26950000,0.26020000,0.26120000,7142754.00000000,1754913599999999,1884850.53560000,13927,3447066.00000000,909202.13090000,0
1754913600000000,0.26120000,0.26220000,0.25780000,0.25940000,5043098.00000000,1754917199999999,1311030.19750000,11241,2623995.00000000,682244.00990000,0
1754917200000000,0.25950000,0.26310000,0.25650000,0.26200000,5755486.00000000,1754920799999999,1493812.55620000,11816,3186510.00000000,827093.16130000,0
1754920800000000,0.26210000,0.26350000,0.25920000,0.25940000,2932277.00000000,1754924399999999,766774.90750000,7589,1545751.00000000,403928.27510000,0
1754924400000000,0.25940000,0.26180000,0.25820000,0.26150000,2470007.00000000,1754927999999999,641588.67550000,5925,1381553.00000000,358834.95130000,0
1754928000000000,0.26160000,0.26520000,0.26000000,0.26150000,4208988.00000000,1754931599999999,1106001.45240000,8963,1919496.00000000,504455.87300000,0
1754931600000000,0.26150000,0.26270000,0.25800000,0.25900000,2395174.00000000,1754935199999999,623296.09700000,6088,1279815.00000000,333139.30260000,0
1754935200000000,0.25900000,0.26030000,0.25630000,0.25900000,2661618.00000000,1754938799999999,687471.04380000,5942,1517946.00000000,392265.41740000,0
1754938800000000,0.25900000,0.25920000,0.25410000,0.25630000,2521733.00000000,1754942399999999,646532.23430000,6331,1196802.00000000,306992.62920000,0
1754942400000000,0.25620000,0.25650000,0.25420000,0.25570000,1483335.00000000,1754945999999999,378542.77840000,3917,826822.00000000,211064.80940000,0
1754946000000000,0.25570000,0.25700000,0.25120000,0.25310000,2466889.00000000,1754949599999999,626734.64420000,6721,1310887.00000000,332929.57600000,0
1754949600000000,0.25310000,0.25340000,0.25020000,0.25310000,2489053.00000000,1754953199999999,626534.90200000,5155,1221439.00000000,307553.59330000,0
1754953200000000,0.25320000,0.25460000,0.25280000,0.25320000,1578638.00000000,1754956799999999,400713.77820000,3314,979050.00000000,248568.13510000,0
1754956800000000,0.25320000,0.25610000,0.25270000,0.25550000,1321656.00000000,1754960399999999,336371.78340000,3600,772570.00000000,196593.28400000,0
1754960400000000,0.25550000,0.25700000,0.25460000,0.25660000,1004324.00000000,1754963999999999,257040.16140000,2871,630404.00000000,161363.59150000,0
1754964000000000,0.25660000,0.25850000,0.25560000,0.25620000,1098878.00000000,1754967599999999,282202.26110000,2182,608063.00000000,156211.45440000,0
1754967600000000,0.25620000,0.25680000,0.25450000,0.25600000,799040.00000000,1754971199999999,204431.44990000,2184,427353.00000000,109390.19390000,0
1754971200000000,0.25600000,0.25820000,0.25550000,0.25750000,882157.00000000,1754974799999999,227027.28220000,2442,448337.00000000,115391.58930000,0
1754974800000000,0.25740000,0.25750000,0.25370000,0.25460000,1448769.00000000,1754978399999999,369406.24390000,3191,771609.00000000,196863.76040000,0
1754978400000000,0.25460000,0.25640000,0.25230000,0.25410000,1544625.00000000,1754981999999999,393263.93950000,3285,705391.00000000,179542.12880000,0
1754982000000000,0.25410000,0.25720000,0.25410000,0.25650000,1444643.00000000,1754985599999999,370299.55620000,2183,508783.00000000,130303.33320000,0
1754985600000000,0.25640000,0.25690000,0.25410000,0.25460000,982266.00000000,1754989199999999,250776.53050000,2278,519208.00000000,132532.80170000,0
1754989200000000,0.25450000,0.25500000,0.25230000,0.25240000,1564080.00000000,1754992799999999,396250.34310000,3027,654462.00000000,165789.38440000,0
1754992800000000,0.25240000,0.25260000,0.25050000,0.25130000,1526100.00000000,1754996399999999,383863.10940000,3220,517690.00000000,130270.58190000,0
1754996400000000,0.25130000,0.25390000,0.24940000,0.25350000,2456698.00000000,1754999999999999,618191.96550000,4374,1050152.00000000,264053.59540000,0
1755000000000000,0.25350000,0.26210000,0.25260000,0.26060000,9472857.00000000,1755003599999999,2460334.52000000,15531,5132077.00000000,1332808.88870000,0
1755003600000000,0.26070000,0.26320000,0.25720000,0.25990000,8608289.00000000,1755007199999999,2245293.06730000,16195,4509270.00000000,1176537.56780000,0
1755007200000000,0.25980000,0.26670000,0.25940000,0.26590000,4305142.00000000,1755010799999999,1134729.25580000,8069,2099523.00000000,553274.76190000,0
1755010800000000,0.26590000,0.27000000,0.26570000,0.26960000,4083227.00000000,1755014399999999,1095132.48830000,8176,2013172.00000000,540210.53900000,0
1755014400000000,0.26960000,0.27010000,0.26790000,0.26960000,2718115.00000000,1755017999999999,730855.06380000,5225,1312149.00000000,352802.68300000,0
1755018000000000,0.26970000,0.27340000,0.26940000,0.26990000,4013028.00000000,1755021599999999,1088286.96900000,6980,1995364.00000000,541318.11390000,0
1755021600000000,0.26990000,0.27320000,0.26940000,0.27120000,2040065.00000000,1755025199999999,554379.99510000,5331,1033316.00000000,280778.73860000,0
1755025200000000,0.27120000,0.27460000,0.27070000,0.27460000,1772041.00000000,1755028799999999,484149.35920000,4808,797425.00000000,217826.81400000,0
1755028800000000,0.27460000,0.27990000,0.27300000,0.27710000,5661913.00000000,1755032399999999,1561790.07860000,8355,2703426.00000000,746425.22150000,0
1755032400000000,0.27710000,0.27710000,0.27160000,0.27210000,4575618.00000000,1755035999999999,1251968.75690000,10299,1755356.00000000,480175.36590000,0
1755036000000000,0.27220000,0.27320000,0.27130000,0.27220000,1813167.00000000,1755039599999999,493485.92750000,7086,744378.00000000,202631.18460000,0
1755039600000000,0.27220000,0.27260000,0.27030000,0.27140000,2114518.00000000,1755043199999999,574224.02920000,5553,740753.00000000,201163.19620000,0
1755043200000000,0.27140000,0.27320000,0.27110000,0.27210000,2392535.00000000,1755046799999999,651264.69290000,4811,1085473.00000000,295591.90250000,0
1755046800000000,0.27210000,0.27210000,0.26790000,0.26910000,2779515.00000000,1755050399999999,749176.00880000,5064,1243153.00000000,334902.60190000,0
1755050400000000,0.26910000,0.27230000,0.26770000,0.27220000,1377632.00000000,1755053999999999,371052.48980000,3490,501355.00000000,135227.74810000,0
1755054000000000,0.27220000,0.27390000,0.27020000,0.27260000,1782355.00000000,1755057599999999,485090.72700000,5560,888588.00000000,241747.46020000,0
1755057600000000,0.27250000,0.27480000,0.27200000,0.27340000,1948075.00000000,1755061199999999,532874.27550000,4779,926778.00000000,253459.72250000,0
1755061200000000,0.27330000,0.27340000,0.26920000,0.26960000,1888972.00000000,1755064799999999,512299.38260000,4177,724966.00000000,196520.29900000,0
1755064800000000,0.26960000,0.27060000,0.26780000,0.26980000,1483577.00000000,1755068399999999,399569.67080000,4715,604109.00000000,162682.28200000,0
1755068400000000,0.26990000,0.27260000,0.26960000,0.27250000,2025550.00000000,1755071999999999,548494.64930000,4494,990172.00000000,268079.39560000,0
1755072000000000,0.27250000,0.27670000,0.27240000,0.27620000,4493583.00000000,1755075599999999,1234209.16970000,6414,2055425.00000000,564727.85250000,0
1755075600000000,0.27620000,0.27920000,0.27610000,0.27840000,3846171.00000000,1755079199999999,1067360.38050000,6506,2045450.00000000,567760.28120000,0
1755079200000000,0.27830000,0.28010000,0.27760000,0.27930000,2590549.00000000,1755082799999999,723214.59450000,4557,1282525.00000000,358102.40150000,0
1755082800000000,0.27930000,0.27940000,0.27670000,0.27720000,2757595.00000000,1755086399999999,765568.97020000,4751,1465293.00000000,406872.97700000,0
1755086400000000,0.27720000,0.27810000,0.27490000,0.27520000,2630312.00000000,1755089999999999,726859.73220000,4713,1188833.00000000,328485.23710000,0
1755090000000000,0.27520000,0.28190000,0.27500000,0.27840000,7743825.00000000,1755093599999999,2155004.05870000,13728,3900632.00000000,1084952.56470000,0
1755093600000000,0.27850000,0.27930000,0.27360000,0.27440000,5221653.00000000,1755097199999999,1442663.08820000,13754,2473708.00000000,683564.06720000,0
1755097200000000,0.27460000,0.27630000,0.27190000,0.27460000,3740025.00000000,1755100799999999,1024960.43700000,10393,1797754.00000000,492643.66910000,0
1755100800000000,0.27460000,0.27770000,0.27410000,0.27560000,1820729.00000000,1755104399999999,501853.49000000,6167,938322.00000000,258588.10180000,0
1755104400000000,0.27550000,0.27710000,0.27510000,0.27540000,1366051.00000000,1755107999999999,377015.85640000,3373,557136.00000000,153772.35090000,0
1755108000000000,0.27530000,0.27650000,0.27220000,0.27390000,2088790.00000000,1755111599999999,572614.29830000,5019,953639.00000000,261310.35810000,0
1755111600000000,0.27390000,0.27740000,0.27370000,0.27730000,2167917.00000000,1755115199999999,597632.09270000,4061,1172812.00000000,323376.24740000,0
1755115200000000,0.27730000,0.27750000,0.27520000,0.27610000,679466.00000000,1755118799999999,187710.52490000,2589,366690.00000000,101328.58540000,0
1755118800000000,0.27610000,0.27790000,0.27420000,0.27550000,1647676.00000000,1755122399999999,455566.68370000,3389,716655.00000000,198307.99130000,0
1755122400000000,0.27540000,0.28180000,0.27510000,0.28010000,2899839.00000000,1755125999999999,808647.65530000,6289,1628338.00000000,453812.70140000,0
1755126000000000,0.28010000,0.28210000,0.28000000,0.28050000,2614539.00000000,1755129599999999,734303.47050000,5279,1181607.00000000,331918.71210000,0
1755129600000000,0.28050000,0.28370000,0.27880000,0.28080000,3952967.00000000,1755133199999999,1113755.64360000,10129,1898592.00000000,534996.36240000,0
1755133200000000,0.28080000,0.28520000,0.27840000,0.28420000,4821651.00000000,1755136799999999,1360538.17630000,9455,2402690.00000000,677919.60180000,0
1755136800000000,0.28410000,0.28880000,0.28250000,0.28860000,5168266.00000000,1755140399999999,1475214.08830000,9064,2805507.00000000,801259.64690000,0
1755140400000000,0.28860000,0.29000000,0.28650000,0.28670000,3986991.00000000,1755143999999999,1149467.57970000,7975,2058101.00000000,593349.89360000,0
1755144000000000,0.28670000,0.28850000,0.28360000,0.28360000,3726577.00000000,1755147599999999,1067476.66180000,7131,1682628.00000000,481945.07480000,0
1755147600000000,0.28360000,0.28510000,0.28060000,0.28130000,2764391.00000000,1755151199999999,781741.94850000,6576,1346504.00000000,380600.18130000,0
1755151200000000,0.28130000,0.28180000,0.27630000,0.28050000,4024670.00000000,1755154799999999,1123690.09590000,8893,2061453.00000000,575888.34650000,0
1755154800000000,0.28040000,0.28130000,0.27680000,0.27890000,3697480.00000000,1755158399999999,1031178.31330000,5445,2125592.00000000,592765.76510000,0
1755158400000000,0.27890000,0.27900000,0.27290000,0.27350000,4177807.00000000,1755161999999999,1150155.14910000,8492,1852335.00000000,509667.85520000,0
1755162000000000,0.27340000,0.27530000,0.27180000,0.27440000,4848721.00000000,1755165599999999,1325005.17750000,6438,2314381.00000000,632795.15090000,0
1755165600000000,0.27440000,0.27440000,0.26920000,0.27130000,3171555.00000000,1755169199999999,860413.70860000,7445,1542567.00000000,418483.44790000,0
1755169200000000,0.27120000,0.27220000,0.26900000,0.26990000,2831300.00000000,1755172799999999,765797.21230000,5232,1166343.00000000,315565.42330000,0
1755172800000000,0.26990000,0.27240000,0.24900000,0.25770000,22982871.00000000,1755176399999999,6026026.59350000,31405,10983228.00000000,2882240.66840000,0
1755176400000000,0.25770000,0.26230000,0.25300000,0.25900000,11366988.00000000,1755179999999999,2922592.32410000,28856,5536286.00000000,1423535.76320000,0
1755180000000000,0.25910000,0.26260000,0.25790000,0.25980000,4388422.00000000,1755183599999999,1142158.98080000,11240,1950155.00000000,507756.08430000,0
1755183600000000,0.25990000,0.26080000,0.25700000,0.25720000,3665644.00000000,1755187199999999,948313.29930000,9756,1564629.00000000,404775.67310000,0
1755187200000000,0.25730000,0.25730000,0.25200000,0.25520000,8193735.00000000,1755190799999999,2083104.43730000,14690,4589896.00000000,1166879.41720000,0
1755190800000000,0.25520000,0.25630000,0.25290000,0.25410000,2159163.00000000,1755194399999999,549868.53070000,5545,1124803.00000000,286464.88350000,0
1755194400000000,0.25410000,0.25450000,0.25020000,0.25400000,2347746.00000000,1755197999999999,593042.65770000,4358,1381801.00000000,349024.96270000,0
1755198000000000,0.25390000,0.25600000,0.25270000,0.25290000,1687113.00000000,1755201599999999,429933.40420000,3845,979308.00000000,249632.64490000,0
1755201600000000,0.25290000,0.25400000,0.25130000,0.25300000,1427391.00000000,1755205199999999,360624.52130000,4743,800219.00000000,202135.90840000,0
1755205200000000,0.25300000,0.25320000,0.24740000,0.25070000,2951373.00000000,1755208799999999,737515.61030000,6010,1192831.00000000,298133.04770000,0
1755208800000000,0.25070000,0.25320000,0.24880000,0.25320000,2532998.00000000,1755212399999999,637126.58300000,4744,1532002.00000000,385806.75780000,0
1755212400000000,0.25320000,0.25470000,0.25280000,0.25380000,2475084.00000000,1755215999999999,627923.69530000,5877,1400294.00000000,355275.27750000,0
1755216000000000,0.25370000,0.25530000,0.25270000,0.25320000,2295961.00000000,1755219599999999,583653.32920000,6668,1172425.00000000,298038.78440000,0
1755219600000000,0.25320000,0.25810000,0.25250000,0.25730000,6907579.00000000,1755223199999999,1771636.40690000,9406,3099300.00000000,794972.33080000,0
1755223200000000,0.25730000,0.25750000,0.25550000,0.25630000,2074918.00000000,1755226799999999,532237.38330000,7409,1186504.00000000,304317.19640000,0
1755226800000000,0.25630000,0.26440000,0.25550000,0.26430000,2957064.00000000,1755230399999999,769895.07020000,7397,1924676.00000000,501421.56590000,0
1755230400000000,0.26430000,0.26610000,0.26000000,0.26030000,3844444.00000000,1755233999999999,1012479.36190000,7757,1873464.00000000,493325.99370000,0
1755234000000000,0.26040000,0.26120000,0.25870000,0.26120000,1786312.00000000,1755237599999999,463951.76480000,3254,1026936.00000000,266818.33030000,0
1755237600000000,0.26110000,0.26270000,0.26010000,0.26150000,2994755.00000000,1755241199999999,783247.07310000,5213,1420875.00000000,371642.54040000,0
1755241200000000,0.26140000,0.26200000,0.25880000,0.26060000,1299670.00000000,1755244799999999,337902.54390000,3718,595303.00000000,154792.46000000,0
1755244800000000,0.26060000,0.26430000,0.26030000,0.26180000,1283446.00000000,1755248399999999,336652.10220000,4336,727364.00000000,190890.11770000,0
1755248400000000,0.26170000,0.26240000,0.25770000,0.25850000,1417043.00000000,1755251999999999,368350.97470000,3333,537436.00000000,139801.23080000,0
1755252000000000,0.25850000,0.26120000,0.25790000,0.25810000,4530313.00000000,1755255599999999,1173970.08940000,3879,3490543.00000000,904358.09270000,0
1755255600000000,0.25810000,0.25930000,0.25720000,0.25740000,1306779.00000000,1755259199999999,337515.75210000,3172,581641.00000000,150340.91980000,0
1755259200000000,0.25740000,0.26180000,0.25530000,0.25790000,5635790.00000000,1755262799999999,1456839.49410000,13648,2576906.00000000,666300.34240000,0
1755262800000000,0.25770000,0.25900000,0.25440000,0.25540000,3855465.00000000,1755266399999999,990599.66140000,10094,2042783.00000000,525364.17880000,0
1755266400000000,0.25530000,0.25710000,0.25140000,0.25230000,4071095.00000000,1755269999999999,1033545.16520000,10036,2017717.00000000,512851.39920000,0
1755270000000000,0.25240000,0.25280000,0.24670000,0.24850000,5736653.00000000,1755273599999999,1432408.97690000,13190,2903028.00000000,725106.39110000,0
1755273600000000,0.24840000,0.25120000,0.24610000,0.25060000,2911666.00000000,1755277199999999,722698.28520000,7913,1471963.00000000,365216.58900000,0
1755277200000000,0.25050000,0.25290000,0.24830000,0.25180000,2002843.00000000,1755280799999999,503439.52350000,5077,994319.00000000,249775.19920000,0
1755280800000000,0.25180000,0.25220000,0.24860000,0.24970000,1799121.00000000,1755284399999999,450155.08990000,3427,847324.00000000,212007.91510000,0
1755284400000000,0.24980000,0.25200000,0.24900000,0.25030000,1598333.00000000,1755287999999999,399498.38370000,3592,950190.00000000,237534.71600000,0
1755288000000000,0.25030000,0.25330000,0.24940000,0.25330000,1110170.00000000,1755291599999999,278803.48540000,4009,682257.00000000,171349.16610000,0
1755291600000000,0.25330000,0.25450000,0.25150000,0.25400000,1153923.00000000,1755295199999999,292099.23160000,3010,530433.00000000,134297.38010000,0
1755295200000000,0.25400000,0.25670000,0.25340000,0.25660000,997411.00000000,1755298799999999,254105.02200000,2527,574157.00000000,146366.89320000,0
1755298800000000,0.25650000,0.25720000,0.25230000,0.25410000,1381247.00000000,1755302399999999,350881.92090000,3380,667962.00000000,169779.18720000,0
1755302400000000,0.25400000,0.25710000,0.25330000,0.25650000,1395502.00000000,1755305999999999,355866.62810000,2930,665415.00000000,169758.59230000,0
1755306000000000,0.25660000,0.25680000,0.25460000,0.25550000,1052215.00000000,1755309599999999,268983.43010000,2256,597233.00000000,152710.99930000,0
1755309600000000,0.25550000,0.25580000,0.25390000,0.25440000,1128840.00000000,1755313199999999,287794.96470000,1759,409011.00000000,104283.74120000,0
1755313200000000,0.25440000,0.25560000,0.25390000,0.25450000,741678.00000000,1755316799999999,189026.38350000,1907,325823.00000000,83046.41630000,0
1755316800000000,0.25460000,0.25560000,0.25380000,0.25520000,630237.00000000,1755320399999999,160526.38010000,1641,337099.00000000,85852.41140000,0
1755320400000000,0.25520000,0.25520000,0.25230000,0.25290000,1311882.00000000,1755323999999999,332203.17840000,2061,786369.00000000,199135.98560000,0
1755324000000000,0.25300000,0.25410000,0.25240000,0.25290000,1860813.00000000,1755327599999999,470923.73260000,2421,875586.00000000,221673.37650000,0
1755327600000000,0.25300000,0.25570000,0.25300000,0.25500000,763291.00000000,1755331199999999,194429.23610000,1718,457791.00000000,116549.30120000,0
1755331200000000,0.25500000,0.25600000,0.25440000,0.25540000,691063.00000000,1755334799999999,176323.72490000,2039,302107.00000000,77085.39680000,0
1755334800000000,0.25540000,0.25770000,0.25380000,0.25380000,1452524.00000000,1755338399999999,371780.41410000,3039,570937.00000000,146180.96570000,0
1755338400000000,0.25370000,0.25520000,0.25270000,0.25340000,2076648.00000000,1755341999999999,526958.13750000,4517,917761.00000000,232816.35630000,0
1755342000000000,0.25340000,0.25540000,0.25270000,0.25280000,786642.00000000,1755345599999999,199935.47550000,1881,410274.00000000,104301.90030000,0
1755345600000000,0.25290000,0.25430000,0.25180000,0.25400000,1531897.00000000,1755349199999999,387481.67190000,3215,879864.00000000,222603.01250000,0
1755349200000000,0.25380000,0.25860000,0.25350000,0.25690000,2794034.00000000,1755352799999999,718157.48230000,4853,1580373.00000000,406267.17170000,0
1755352800000000,0.25690000,0.26250000,0.25630000,0.26180000,2687432.00000000,1755356399999999,697311.62080000,4560,1595301.00000000,414061.06200000,0
1755356400000000,0.26170000,0.26290000,0.26090000,0.26200000,1872822.00000000,1755359999999999,490696.81910000,3990,1026559.00000000,269029.85830000,0
1755360000000000,0.26190000,0.26370000,0.26020000,0.26100000,3169725.00000000,1755363599999999,829989.35370000,4929,1377954.00000000,361010.29500000,0
1755363600000000,0.26110000,0.26120000,0.25870000,0.25910000,861272.00000000,1755367199999999,223911.36870000,2331,381599.00000000,99320.89830000,0
1755367200000000,0.25910000,0.26130000,0.25850000,0.26000000,1032699.00000000,1755370799999999,268401.62070000,2034,588014.00000000,152908.90980000,0
1755370800000000,0.25990000,0.26210000,0.25980000,0.26130000,979559.00000000,1755374399999999,255703.32260000,1734,493450.00000000,128792.75800000,0
1755374400000000,0.26120000,0.26250000,0.26060000,0.26180000,819641.00000000,1755377999999999,214440.40740000,1840,407630.00000000,106651.92790000,0
1755378000000000,0.26170000,0.26210000,0.26060000,0.26060000,549282.00000000,1755381599999999,143575.38040000,1171,236099.00000000,61719.76910000,0
1755381600000000,0.26060000,0.26220000,0.26000000,0.26170000,903546.00000000,1755385199999999,235669.00610000,1750,503828.00000000,131437.84110000,0
1755385200000000,0.26180000,0.26190000,0.26010000,0.26080000,578586.00000000,1755388799999999,150851.63860000,1462,211982.00000000,55251.38960000,0
1755388800000000,0.26080000,0.26100000,0.25920000,0.25970000,902180.00000000,1755392399999999,234709.10560000,1884,409889.00000000,106658.99390000,0
1755392400000000,0.25980000,0.26050000,0.25880000,0.25990000,955547.00000000,1755395999999999,248055.14390000,2005,406188.00000000,105435.83910000,0
1755396000000000,0.25990000,0.26280000,0.25950000,0.26260000,1151283.00000000,1755399599999999,300908.09910000,2285,705625.00000000,184497.51820000,0
1755399600000000,0.26270000,0.26330000,0.26160000,0.26270000,900141.00000000,1755403199999999,236500.16750000,1514,452583.00000000,118958.71980000,0
1755403200000000,0.26270000,0.26410000,0.26200000,0.26400000,641129.00000000,1755406799999999,168629.77100000,1473,314443.00000000,82721.77630000,0
1755406800000000,0.26400000,0.26500000,0.26290000,0.26400000,1002883.00000000,1755410399999999,264996.46240000,2331,446166.00000000,117858.39660000,0
1755410400000000,0.26410000,0.26520000,0.26220000,0.26250000,930201.00000000,1755413999999999,245137.42440000,1439,336380.00000000,88692.51310000,0
1755414000000000,0.26250000,0.26380000,0.26210000,0.26360000,537126.00000000,1755417599999999,141361.03320000,1402,254653.00000000,67026.50770000,0
1755417600000000,0.26370000,0.26620000,0.26300000,0.26620000,1539720.00000000,1755421199999999,408065.90050000,2905,899631.00000000,238385.08740000,0
1755421200000000,0.26610000,0.26670000,0.26470000,0.26620000,1710633.00000000,1755424799999999,454619.95740000,3216,704044.00000000,187114.74590000,0
1755424800000000,0.26620000,0.26680000,0.26450000,0.26610000,1439944.00000000,1755428399999999,383106.88600000,2468,819366.00000000,218053.17110000,0
1755428400000000,0.26610000,0.26760000,0.26510000,0.26730000,869803.00000000,1755431999999999,231567.09520000,1757,464380.00000000,123653.13180000,0
1755432000000000,0.26740000,0.26790000,0.26670000,0.26710000,1059854.00000000,1755435599999999,283379.57660000,2142,528637.00000000,141367.00260000,0
1755435600000000,0.26710000,0.26890000,0.26670000,0.26840000,1502866.00000000,1755439199999999,402538.91040000,2384,889288.00000000,238066.79390000,0
1755439200000000,0.26840000,0.27060000,0.26740000,0.26980000,1389799.00000000,1755442799999999,373733.44330000,2540,788337.00000000,212040.21170000,0
1755442800000000,0.26980000,0.27370000,0.26920000,0.27360000,1527640.00000000,1755446399999999,414494.41510000,3362,872581.00000000,236673.99440000,0
1755446400000000,0.27370000,0.27530000,0.26880000,0.26990000,4051767.00000000,1755449999999999,1102669.98200000,7877,1990775.00000000,542226.64730000,0
1755450000000000,0.26990000,0.27090000,0.26810000,0.26810000,1461391.00000000,1755453599999999,394089.79490000,2909,799498.00000000,215880.24050000,0
1755453600000000,0.26820000,0.26870000,0.26360000,0.26650000,3133471.00000000,1755457199999999,833869.94810000,5945,1492430.00000000,397397.38490000,0
1755457200000000,0.26660000,0.26770000,0.26440000,0.26490000,1156978.00000000,1755460799999999,307935.73790000,3674,581702.00000000,154850.80700000,0
1755460800000000,0.26500000,0.26650000,0.26440000,0.26530000,1433873.00000000,1755464399999999,380873.58330000,3127,761849.00000000,202393.86320000,0
1755464400000000,0.26530000,0.26570000,0.26400000,0.26440000,1396110.00000000,1755467999999999,369237.87440000,2908,625402.00000000,165416.50420000,0
1755468000000000,0.26440000,0.26900000,0.26410000,0.26860000,1308378.00000000,1755471599999999,348730.18240000,4110,780721.00000000,208187.40920000,0
1755471600000000,0.26870000,0.26870000,0.26480000,0.26500000,1122667.00000000,1755475199999999,299199.94340000,2063,537305.00000000,143241.42620000,0
1755475200000000,0.26490000,0.26620000,0.26310000,0.26480000,2110109.00000000,1755478799999999,558626.48180000,5333,1068396.00000000,282832.78090000,0
1755478800000000,0.26480000,0.26520000,0.25940000,0.25980000,4592519.00000000,1755482399999999,1202337.56630000,9675,1990734.00000000,521711.43170000,0
1755482400000000,0.25980000,0.26020000,0.25380000,0.25440000,6620964.00000000,1755485999999999,1701192.34370000,13077,3130018.00000000,803979.63190000,0
1755486000000000,0.25450000,0.25570000,0.25170000,0.25400000,3965694.00000000,1755489599999999,1005247.07000000,6802,2231792.00000000,565933.62620000,0
1755489600000000,0.25400000,0.25710000,0.25280000,0.25710000,1762948.00000000,1755493199999999,450270.69600000,3261,933679.00000000,238589.03970000,0
1755493200000000,0.25710000,0.25790000,0.25330000,0.25530000,1784947.00000000,1755496799999999,456483.86830000,3791,868205.00000000,221831.22190000,0
1755496800000000,0.25520000,0.25520000,0.24960000,0.25130000,3200642.00000000,1755500399999999,805522.63110000,6573,1569843.00000000,394889.40430000,0
1755500400000000,0.25120000,0.25240000,0.25020000,0.25080000,1884261.00000000,1755503999999999,473551.64450000,3522,884316.00000000,222282.35070000,0
1755504000000000,0.25090000,0.25190000,0.24970000,0.25000000,2083873.00000000,1755507599999999,522735.21920000,3941,1231014.00000000,308859.50220000,0
1755507600000000,0.24990000,0.25280000,0.24810000,0.25230000,3562895.00000000,1755511199999999,889629.88430000,6073,1755456.00000000,438324.57660000,0
1755511200000000,0.25220000,0.25310000,0.25080000,0.25100000,2063372.00000000,1755514799999999,520003.62140000,3907,973678.00000000,245439.12930000,0
1755514800000000,0.25100000,0.25200000,0.25020000,0.25110000,1866077.00000000,1755518399999999,468207.55090000,3129,1199507.00000000,300954.52880000,0
1755518400000000,0.25110000,0.25530000,0.25040000,0.25530000,2063348.00000000,1755521999999999,521933.11090000,4335,1104461.00000000,279318.65080000,0
1755522000000000,0.25520000,0.25640000,0.25200000,0.25200000,3801619.00000000,1755525599999999,967689.45690000,8315,1641576.00000000,418034.21630000,0
1755525600000000,0.25200000,0.25500000,0.25080000,0.25420000,3379435.00000000,1755529199999999,855327.91440000,7710,1873538.00000000,473850.50230000,0
1755529200000000,0.25420000,0.25550000,0.25170000,0.25540000,3223631.00000000,1755532799999999,817294.20810000,7968,1716088.00000000,434951.40640000,0
1755532800000000,0.25530000,0.25670000,0.25210000,0.25310000,2302164.00000000,1755536399999999,586048.93080000,6218,1121333.00000000,285650.75780000,0
1755536400000000,0.25300000,0.25930000,0.25300000,0.25600000,1487341.00000000,1755539999999999,382417.83490000,4117,645997.00000000,166174.32850000,0
1755540000000000,0.25600000,0.25750000,0.25470000,0.25730000,1326002.00000000,1755543599999999,339813.98940000,3221,900324.00000000,230788.87270000,0
1755543600000000,0.25730000,0.25830000,0.25560000,0.25640000,1156267.00000000,1755547199999999,296980.13140000,2165,565829.00000000,145379.16090000,0
1755547200000000,0.25650000,0.25760000,0.25470000,0.25640000,1360143.00000000,1755550799999999,348589.96110000,3310,474424.00000000,121655.89220000,0
1755550800000000,0.25640000,0.25890000,0.25610000,0.25820000,1590538.00000000,1755554399999999,409965.15420000,2570,841877.00000000,217014.35900000,0
1755554400000000,0.25820000,0.26050000,0.25740000,0.25750000,2048157.00000000,1755557999999999,530886.95500000,3366,1026033.00000000,265997.34200000,0
1755558000000000,0.25760000,0.25800000,0.25470000,0.25510000,963848.00000000,1755561599999999,247179.92030000,2343,458720.00000000,117578.04540000,0
1755561600000000,0.25510000,0.25680000,0.25090000,0.25670000,3028083.00000000,1755565199999999,768362.92700000,6323,1363585.00000000,346093.88030000,0
1755565200000000,0.25660000,0.25840000,0.25290000,0.25340000,1554435.00000000,1755568799999999,396389.40820000,3994,556683.00000000,142056.82780000,0
1755568800000000,0.25340000,0.25430000,0.25190000,0.25230000,1250402.00000000,1755572399999999,316484.94110000,3500,740656.00000000,187443.43730000,0
1755572400000000,0.25240000,0.25250000,0.24690000,0.24720000,3956843.00000000,1755575999999999,985159.50360000,6259,1805461.00000000,449264.72640000,0
1755576000000000,0.24720000,0.24900000,0.24480000,0.24900000,4502979.00000000,1755579599999999,1110576.76810000,7126,2185634.00000000,539251.62010000,0
1755579600000000,0.24900000,0.24990000,0.24780000,0.24790000,1531760.00000000,1755583199999999,381119.62460000,2952,662860.00000000,164984.85500000,0
1755583200000000,0.24800000,0.24830000,0.24650000,0.24760000,685291.00000000,1755586799999999,169547.10560000,2224,288389.00000000,71373.33260000,0
1755586800000000,0.24760000,0.24780000,0.24490000,0.24640000,2754638.00000000,1755590399999999,677754.19110000,3447,1185269.00000000,291765.55700000,0
1755590400000000,0.24640000,0.24850000,0.24420000,0.24670000,2447144.00000000,1755593999999999,602781.92930000,4112,1142832.00000000,281737.32380000,0
1755594000000000,0.24680000,0.25070000,0.24670000,0.24990000,1863482.00000000,1755597599999999,464496.82060000,3617,1034304.00000000,257864.82200000,0
1755597600000000,0.24990000,0.25140000,0.24950000,0.25060000,974981.00000000,1755601199999999,244170.41510000,2547,354131.00000000,88700.24970000,0
1755601200000000,0.25070000,0.25150000,0.24970000,0.25120000,1272567.00000000,1755604799999999,318726.79860000,2607,602837.00000000,151023.45960000,0
1755604800000000,0.25130000,0.25130000,0.24850000,0.24980000,805740.00000000,1755608399999999,201175.91400000,2795,423088.00000000,105619.51310000,0
1755608400000000,0.24980000,0.25200000,0.24600000,0.24790000,3806169.00000000,1755611999999999,945072.02150000,8529,1777470.00000000,441428.54970000,0
1755612000000000,0.24800000,0.24890000,0.24170000,0.24300000,4783943.00000000,1755615599999999,1166555.55570000,9804,2289115.00000000,557918.94130000,0
1755615600000000,0.24310000,0.24610000,0.24180000,0.24230000,3779948.00000000,1755619199999999,920163.04460000,6577,1909703.00000000,464973.48560000,0
1755619200000000,0.24240000,0.24260000,0.23970000,0.24040000,2919302.00000000,1755622799999999,703887.45780000,6641,1318531.00000000,317887.09150000,0
1755622800000000,0.24040000,0.24210000,0.23870000,0.24180000,2566821.00000000,1755626399999999,617202.04330000,5696,1178776.00000000,283364.11200000,0
1755626400000000,0.24170000,0.24180000,0.23760000,0.23870000,1973417.00000000,1755629999999999,472818.48190000,4155,816017.00000000,195483.38070000,0
1755630000000000,0.23870000,0.24160000,0.23730000,0.23960000,1764849.00000000,1755633599999999,422892.49460000,4720,821754.00000000,196932.73510000,0
1755633600000000,0.23960000,0.24260000,0.23870000,0.24250000,1900836.00000000,1755637199999999,457708.93160000,3259,979869.00000000,235892.92870000,0
1755637200000000,0.24250000,0.24250000,0.24130000,0.24210000,478488.00000000,1755640799999999,115784.99620000,1703,231744.00000000,56080.25410000,0
1755640800000000,0.24200000,0.24210000,0.24030000,0.24110000,1409484.00000000,1755644399999999,340076.45580000,3169,721875.00000000,174156.30550000,0
1755644400000000,0.24100000,0.24110000,0.23620000,0.23790000,4135946.00000000,1755647999999999,986517.77220000,5308,1281379.00000000,306027.21890000,0
1755648000000000,0.23800000,0.24070000,0.23800000,0.24000000,1342993.00000000,1755651599999999,321612.89110000,3459,727999.00000000,174257.22080000,0
1755651600000000,0.24000000,0.24080000,0.23660000,0.24010000,2286482.00000000,1755655199999999,545422.75200000,5276,1125164.00000000,268298.88700000,0
1755655200000000,0.24010000,0.24110000,0.23940000,0.23950000,1698387.00000000,1755658799999999,407942.89540000,3118,811270.00000000,194845.85430000,0
1755658800000000,0.23950000,0.24220000,0.23930000,0.24050000,1103085.00000000,1755662399999999,265511.12110000,1831,497775.00000000,119812.79760000,0
1755662400000000,0.24060000,0.24290000,0.24060000,0.24220000,1275833.00000000,1755665999999999,308977.23170000,2179,790172.00000000,191435.19090000,0
1755666000000000,0.24230000,0.24280000,0.24090000,0.24270000,899867.00000000,1755669599999999,217721.47210000,2072,399154.00000000,96587.60250000,0
1755669600000000,0.24270000,0.24290000,0.24080000,0.24180000,930687.00000000,1755673199999999,225209.76920000,2265,363673.00000000,88003.33340000,0
1755673200000000,0.24190000,0.24300000,0.24100000,0.24120000,868774.00000000,1755676799999999,210467.46900000,1932,529701.00000000,128332.90030000,0
1755676800000000,0.24110000,0.24470000,0.24100000,0.24460000,1856111.00000000,1755680399999999,451816.60190000,2726,1175800.00000000,286284.80440000,0
1755680400000000,0.24450000,0.24450000,0.24310000,0.24340000,712803.00000000,1755683999999999,173885.32490000,1858,324845.00000000,79244.58440000,0
1755684000000000,0.24340000,0.24450000,0.24280000,0.24380000,1476414.00000000,1755687599999999,359411.97550000,1745,670023.00000000,163218.58950000,0
1755687600000000,0.24380000,0.24420000,0.23960000,0.24260000,1159752.00000000,1755691199999999,280230.65770000,3329,548092.00000000,132502.71180000,0
1755691200000000,0.24260000,0.24470000,0.24210000,0.24310000,1410465.00000000,1755694799999999,343272.69970000,3958,499656.00000000,121607.80560000,0
1755694800000000,0.24300000,0.24320000,0.23780000,0.23890000,2993497.00000000,1755698399999999,719921.52430000,7702,1431981.00000000,344685.24530000,0
1755698400000000,0.23890000,0.24500000,0.23710000,0.24340000,3528401.00000000,1755701999999999,849746.41530000,8661,1862202.00000000,448100.47180000,0
1755702000000000,0.24340000,0.24890000,0.24300000,0.24600000,4095336.00000000,1755705599999999,1011591.42330000,8153,2011775.00000000,497013.03410000,0
1755705600000000,0.24610000,0.25180000,0.24600000,0.25180000,3054142.00000000,1755709199999999,763279.96630000,6817,1459597.00000000,364877.32050000,0
1755709200000000,0.25170000,0.25690000,0.25090000,0.25670000,4559764.00000000,1755712799999999,1157785.85370000,9231,2218962.00000000,563818.31470000,0
1755712800000000,0.25670000,0.25700000,0.25260000,0.25540000,3737073.00000000,1755716399999999,952992.71540000,7988,1642967.00000000,418853.98220000,0
1755716400000000,0.25550000,0.26000000,0.25480000,0.25950000,2552526.00000000,1755719999999999,659090.58270000,5579,1206807.00000000,311682.03270000,0
1755720000000000,0.25960000,0.25970000,0.25630000,0.25670000,1767934.00000000,1755723599999999,455636.49730000,4086,762590.00000000,196481.60350000,0
1755723600000000,0.25680000,0.25720000,0.25460000,0.25640000,1440522.00000000,1755727199999999,368488.48430000,3076,790650.00000000,202312.87540000,0
1755727200000000,0.25640000,0.25890000,0.25640000,0.25810000,1736422.00000000,1755730799999999,447738.47220000,3584,1003203.00000000,258712.58090000,0
1755730800000000,0.25800000,0.25810000,0.25640000,0.25670000,1040582.00000000,1755734399999999,267725.26070000,1935,369804.00000000,95202.40560000,0
1755734400000000,0.25670000,0.25830000,0.25530000,0.25830000,1774986.00000000,1755737999999999,456008.92290000,2731,1175124.00000000,301979.87750000,0
1755738000000000,0.25820000,0.25860000,0.25570000,0.25860000,1111398.00000000,1755741599999999,285966.09340000,2575,409093.00000000,105180.97490000,0
1755741600000000,0.25850000,0.25900000,0.25340000,0.25520000,1077423.00000000,1755745199999999,275619.39440000,2051,363240.00000000,92947.23230000,0
1755745200000000,0.25530000,0.25840000,0.25510000,0.25520000,1059971.00000000,1755748799999999,271967.87800000,2725,454563.00000000,116650.47860000,0
1755748800000000,0.25510000,0.25570000,0.25420000,0.25470000,521160.00000000,1755752399999999,132896.03440000,1502,258146.00000000,65826.99990000,0
1755752400000000,0.25470000,0.25500000,0.25260000,0.25460000,1099818.00000000,1755755999999999,279192.81600000,2439,540592.00000000,137182.83640000,0
1755756000000000,0.25470000,0.25470000,0.25250000,0.25310000,684770.00000000,1755759599999999,173349.29080000,1699,334050.00000000,84545.13380000,0
1755759600000000,0.25300000,0.25330000,0.25090000,0.25260000,670847.00000000,1755763199999999,169046.43860000,2246,298012.00000000,75121.73280000,0
1755763200000000,0.25260000,0.25280000,0.25010000,0.25020000,946794.00000000,1755766799999999,238065.16350000,2644,444585.00000000,111794.94650000,0
1755766800000000,0.25020000,0.25070000,0.24890000,0.24950000,1149407.00000000,1755770399999999,286945.56330000,2909,582419.00000000,145398.88420000,0
1755770400000000,0.24950000,0.25250000,0.24900000,0.25100000,2520543.00000000,1755773999999999,632493.26810000,3804,1177637.00000000,295399.15320000,0
1755774000000000,0.25100000,0.25220000,0.25010000,0.25140000,826866.00000000,1755777599999999,207645.42560000,2803,457710.00000000,114942.36200000,0
1755777600000000,0.25140000,0.25230000,0.24870000,0.24960000,913592.00000000,1755781199999999,228902.44470000,3700,387782.00000000,97160.49100000,0
1755781200000000,0.24970000,0.25380000,0.24930000,0.25100000,2057698.00000000,1755784799999999,517948.68760000,6048,1184782.00000000,298326.78320000,0
1755784800000000,0.25090000,0.25460000,0.24950000,0.25110000,1961574.00000000,1755788399999999,495319.76970000,6827,935977.00000000,236427.41220000,0
1755788400000000,0.25120000,0.25160000,0.24850000,0.24870000,1632827.00000000,1755791999999999,407778.51900000,4131,833874.00000000,208258.98250000,0
1755792000000000,0.24870000,0.25050000,0.24740000,0.24770000,1452628.00000000,1755795599999999,361388.16380000,3738,539222.00000000,134179.20170000,0
1755795600000000,0.24770000,0.24910000,0.24630000,0.24840000,1082226.00000000,1755799199999999,267754.39710000,2927,533793.00000000,132200.96880000,0
1755799200000000,0.24840000,0.25020000,0.24770000,0.25000000,778145.00000000,1755802799999999,193785.12310000,2273,441939.00000000,110023.31190000,0
1755802800000000,0.25000000,0.25050000,0.24670000,0.24750000,639227.00000000,1755806399999999,158678.60840000,1922,299295.00000000,74280.88730000,0
1755806400000000,0.24750000,0.25130000,0.24730000,0.25020000,1051643.00000000,1755809999999999,261982.13030000,2403,635083.00000000,158185.22050000,0
1755810000000000,0.25010000,0.25180000,0.24890000,0.25100000,1039804.00000000,1755813599999999,260415.08770000,2341,467390.00000000,117109.13500000,0
1755813600000000,0.25120000,0.25170000,0.25000000,0.25050000,462102.00000000,1755817199999999,115868.89090000,1470,235624.00000000,59089.52230000,0
1755817200000000,0.25050000,0.25050000,0.24720000,0.24830000,550212.00000000,1755820799999999,136715.42310000,1343,166251.00000000,41294.24860000,0
1755820800000000,0.24840000,0.24940000,0.24700000,0.24780000,962553.00000000,1755824399999999,239152.35080000,2187,329443.00000000,81878.24220000,0
1755824400000000,0.24780000,0.24820000,0.24580000,0.24740000,1127939.00000000,1755827999999999,278622.94650000,2525,617538.00000000,152549.31310000,0
1755828000000000,0.24740000,0.25040000,0.24690000,0.24780000,957288.00000000,1755831599999999,238359.75720000,2253,489906.00000000,122050.50590000,0
1755831600000000,0.24770000,0.24860000,0.24460000,0.24480000,1031545.00000000,1755835199999999,253808.59270000,2130,314355.00000000,77403.79670000,0
1755835200000000,0.24490000,0.24740000,0.24480000,0.24580000,1178833.00000000,1755838799999999,290185.69530000,2719,568564.00000000,139878.28870000,0
1755838800000000,0.24580000,0.24730000,0.24510000,0.24690000,987086.00000000,1755842399999999,242975.69820000,2095,496812.00000000,122233.17620000,0
1755842400000000,0.24680000,0.24810000,0.24500000,0.24540000,675715.00000000,1755845999999999,166491.32040000,2413,394528.00000000,97216.88540000,0
1755846000000000,0.24540000,0.24860000,0.24510000,0.24770000,890992.00000000,1755849599999999,220493.67660000,1823,454028.00000000,112407.32050000,0
1755849600000000,0.24770000,0.25050000,0.24760000,0.24770000,1069022.00000000,1755853199999999,266415.01490000,2477,539689.00000000,134468.53630000,0
1755853200000000,0.24780000,0.24830000,0.24640000,0.24800000,1113121.00000000,1755856799999999,275543.83020000,2523,640391.00000000,158561.27600000,0
1755856800000000,0.24790000,0.24800000,0.24490000,0.24530000,601860.00000000,1755860399999999,148068.95700000,2142,205445.00000000,50550.92360000,0
1755860400000000,0.24530000,0.24540000,0.24320000,0.24340000,1102388.00000000,1755863999999999,268896.81580000,2417,488028.00000000,119064.83910000,0
1755864000000000,0.24340000,0.24360000,0.23920000,0.24190000,2426439.00000000,1755867599999999,586289.22850000,6997,1225127.00000000,296107.52520000,0
1755867600000000,0.24180000,0.24650000,0.24100000,0.24390000,3020776.00000000,1755871199999999,735764.99330000,7424,1414912.00000000,344537.25330000,0
1755871200000000,0.24400000,0.26500000,0.24400000,0.26190000,25282511.00000000,1755874799999999,6551428.43090000,54887,12982859.00000000,3363869.11870000,0
1755874800000000,0.26190000,0.26500000,0.26190000,0.26190000,3707603.00000000,1755878399999999,978134.43460000,8092,1790054.00000000,472521.61450000,0
1755878400000000,0.26180000,0.26820000,0.26180000,0.26380000,6602150.00000000,1755881999999999,1752003.22900000,12464,3082402.00000000,818552.62880000,0
1755882000000000,0.26390000,0.26830000,0.26390000,0.26610000,3127789.00000000,1755885599999999,833248.66010000,8580,1666347.00000000,443846.48820000,0
1755885600000000,0.26620000,0.26750000,0.26480000,0.26640000,1938154.00000000,1755889199999999,516421.32240000,5428,960240.00000000,255931.31920000,0
1755889200000000,0.26650000,0.26750000,0.26580000,0.26650000,2203680.00000000,1755892799999999,587127.29120000,6053,1212397.00000000,322955.70690000,0
1755892800000000,0.26660000,0.26770000,0.26620000,0.26770000,1481258.00000000,1755896399999999,395377.11210000,4965,755946.00000000,201830.29220000,0
1755896400000000,0.26770000,0.26960000,0.26730000,0.26750000,2408789.00000000,1755899999999999,646520.97040000,4907,1198756.00000000,321878.56350000,0
1755900000000000,0.26750000,0.26790000,0.26530000,0.26570000,1861576.00000000,1755903599999999,496488.49020000,5748,1032072.00000000,275266.21580000,0
1755903600000000,0.26570000,0.26730000,0.26540000,0.26650000,1205338.00000000,1755907199999999,320875.71570000,4237,620108.00000000,165037.41370000,0
1755907200000000,0.26650000,0.26730000,0.26430000,0.26470000,1402078.00000000,1755910799999999,372647.71690000,4896,518808.00000000,138055.25180000,0
1755910800000000,0.26470000,0.26500000,0.25980000,0.26150000,2208915.00000000,1755914399999999,578330.61200000,7448,985657.00000000,258169.32010000,0
1755914400000000,0.26150000,0.26200000,0.25660000,0.25910000,2618871.00000000,1755917999999999,678246.53650000,5935,1131132.00000000,293084.68940000,0
1755918000000000,0.25920000,0.25980000,0.25720000,0.25800000,1466960.00000000,1755921599999999,379512.90310000,3633,575076.00000000,148847.94270000,0
1755921600000000,0.25800000,0.26200000,0.25800000,0.26180000,937771.00000000,1755925199999999,244048.60790000,2703,482599.00000000,125526.13200000,0
1755925200000000,0.26170000,0.26540000,0.26130000,0.26480000,1479613.00000000,1755928799999999,389369.36570000,3336,629738.00000000,166011.16520000,0
1755928800000000,0.26480000,0.26580000,0.26330000,0.26440000,979361.00000000,1755932399999999,258858.89710000,3172,445076.00000000,117672.10760000,0
1755932400000000,0.26430000,0.26530000,0.26160000,0.26210000,1647294.00000000,1755935999999999,433980.79140000,4183,757387.00000000,199420.39440000,0
1755936000000000,0.26220000,0.26330000,0.26140000,0.26240000,1113254.00000000,1755939599999999,292283.67680000,3047,567150.00000000,148901.27400000,0
1755939600000000,0.26230000,0.26260000,0.26090000,0.26260000,1137819.00000000,1755943199999999,297889.98440000,2043,585837.00000000,153498.36580000,0
1755943200000000,0.26250000,0.26270000,0.26000000,0.26000000,787540.00000000,1755946799999999,205369.32630000,1853,344940.00000000,89947.54130000,0
1755946800000000,0.26000000,0.26190000,0.26000000,0.26110000,693276.00000000,1755950399999999,180993.84140000,1832,355544.00000000,92812.81030000,0
1755950400000000,0.26120000,0.26240000,0.25980000,0.26010000,771166.00000000,1755953999999999,201163.80090000,2324,447980.00000000,116810.86670000,0
1755954000000000,0.26010000,0.26070000,0.25910000,0.25950000,1361002.00000000,1755957599999999,353757.87560000,3143,526175.00000000,136777.35250000,0
1755957600000000,0.25960000,0.26200000,0.25910000,0.25950000,872091.00000000,1755961199999999,227279.52200000,2920,542115.00000000,141343.78170000,0
1755961200000000,0.25960000,0.26070000,0.25950000,0.26000000,705750.00000000,1755964799999999,183565.82070000,2327,351781.00000000,91496.36480000,0
1755964800000000,0.26000000,0.26020000,0.25840000,0.25910000,1086001.00000000,1755968399999999,281610.25480000,1972,668999.00000000,173513.95580000,0
1755968400000000,0.25910000,0.26010000,0.25910000,0.25950000,516686.00000000,1755971999999999,134205.93920000,1086,341777.00000000,88816.21540000,0
1755972000000000,0.25950000,0.26030000,0.25920000,0.26000000,309561.00000000,1755975599999999,80398.38170000,1230,183153.00000000,47569.69830000,0
1755975600000000,0.26010000,0.26340000,0.26000000,0.26300000,755945.00000000,1755979199999999,198107.23170000,1589,298430.00000000,78221.95450000,0
1755979200000000,0.26310000,0.26490000,0.26250000,0.26460000,722981.00000000,1755982799999999,190712.90040000,1768,330128.00000000,87178.87860000,0
1755982800000000,0.26450000,0.26480000,0.26260000,0.26350000,486720.00000000,1755986399999999,128303.29850000,1426,222390.00000000,58604.99240000,0
1755986400000000,0.26350000,0.26450000,0.26310000,0.26440000,533532.00000000,1755989999999999,140763.98890000,1445,205139.00000000,54136.94640000,0
1755990000000000,0.26430000,0.26470000,0.26360000,0.26410000,778035.00000000,1755993599999999,205563.75180000,1614,389200.00000000,102834.78490000,0
1755993600000000,0.26410000,0.26440000,0.26300000,0.26350000,686853.00000000,1755997199999999,181122.25540000,1703,329164.00000000,86775.91120000,0
1755997200000000,0.26350000,0.26400000,0.26190000,0.26340000,1482589.00000000,1756000799999999,390500.05210000,2295,1035453.00000000,272805.50670000,0
1756000800000000,0.26340000,0.26400000,0.26240000,0.26250000,602299.00000000,1756004399999999,158559.88380000,1859,220937.00000000,58179.27580000,0
1756004400000000,0.26250000,0.26250000,0.26050000,0.26130000,692117.00000000,1756007999999999,180955.90800000,1890,271225.00000000,70888.16500000,0
1756008000000000,0.26140000,0.26170000,0.26030000,0.26130000,753295.00000000,1756011599999999,196576.44600000,1792,323864.00000000,84503.38950000,0
1756011600000000,0.26140000,0.26200000,0.26000000,0.26020000,754867.00000000,1756015199999999,197131.60780000,1858,332921.00000000,86981.07160000,0
1756015200000000,0.26020000,0.26020000,0.25670000,0.25690000,1178630.00000000,1756018799999999,304464.25800000,2704,552173.00000000,142683.56760000,0
1756018800000000,0.25680000,0.25890000,0.25660000,0.25740000,739106.00000000,1756022399999999,190598.80580000,1754,324978.00000000,83782.22160000,0
1756022400000000,0.25750000,0.25890000,0.25670000,0.25800000,997739.00000000,1756025999999999,257144.05690000,1833,395328.00000000,101937.05570000,0
1756026000000000,0.25790000,0.25920000,0.25720000,0.25740000,984711.00000000,1756029599999999,254405.81440000,2042,666299.00000000,172211.25800000,0
1756029600000000,0.25730000,0.25750000,0.25360000,0.25380000,1226183.00000000,1756033199999999,312802.57420000,3320,524277.00000000,133688.40850000,0
1756033200000000,0.25380000,0.25510000,0.25280000,0.25450000,1944593.00000000,1756036799999999,493592.92350000,3281,938827.00000000,238467.37400000,0
1756036800000000,0.25450000,0.25740000,0.25420000,0.25730000,772559.00000000,1756040399999999,197681.25660000,2071,453884.00000000,116117.57640000,0
1756040400000000,0.25720000,0.25850000,0.25670000,0.25680000,987061.00000000,1756043999999999,254381.77870000,2314,462483.00000000,119172.14010000,0
1756044000000000,0.25680000,0.25960000,0.25550000,0.25950000,911026.00000000,1756047599999999,234681.17300000,2110,671105.00000000,172936.74040000,0
1756047600000000,0.25940000,0.26310000,0.25910000,0.26080000,2087488.00000000,1756051199999999,546809.63640000,4296,1142520.00000000,299495.36710000,0
1756051200000000,0.26080000,0.26180000,0.25930000,0.26070000,1290913.00000000,1756054799999999,336244.36110000,3383,547421.00000000,142556.85790000,0
1756054800000000,0.26060000,0.26700000,0.26050000,0.26560000,2593022.00000000,1756058399999999,684769.92540000,5958,1522877.00000000,402007.84850000,0
1756058400000000,0.26560000,0.28150000,0.26440000,0.27810000,11080324.00000000,1756061999999999,3036812.67370000,18895,6213608.00000000,1702834.10190000,0
1756062000000000,0.27820000,0.28260000,0.26530000,0.27110000,25761676.00000000,1756065599999999,7051619.62710000,54396,12473646.00000000,3415290.29590000,0
1756065600000000,0.27110000,0.27500000,0.26450000,0.27260000,10079306.00000000,1756069199999999,2720975.98050000,24447,5110739.00000000,1380424.39520000,0
1756069200000000,0.27260000,0.27780000,0.26980000,0.27440000,4923218.00000000,1756072799999999,1345917.90450000,11241,2237880.00000000,611596.36820000,0
1756072800000000,0.27440000,0.27450000,0.26950000,0.27380000,3620759.00000000,1756076399999999,985250.18030000,8775,1716553.00000000,467322.71370000,0
1756076400000000,0.27380000,0.27540000,0.27080000,0.27160000,2098285.00000000,1756079999999999,573442.93640000,4837,1229213.00000000,336320.20190000,0
1756080000000000,0.27160000,0.27250000,0.26330000,0.26590000,3653086.00000000,1756083599999999,974662.73050000,8622,1413919.00000000,377412.05220000,0
1756083600000000,0.26590000,0.26850000,0.26460000,0.26720000,1641532.00000000,1756087199999999,437502.71960000,3769,863509.00000000,230265.19870000,0
1756087200000000,0.26720000,0.27450000,0.26710000,0.27250000,3074391.00000000,1756090799999999,837857.59210000,6869,1672608.00000000,455848.02920000,0
1756090800000000,0.27240000,0.27420000,0.26990000,0.27090000,1959687.00000000,1756094399999999,533102.48390000,5797,818093.00000000,222520.28140000,0
1756094400000000,0.27090000,0.27120000,0.26660000,0.26710000,1778234.00000000,1756097999999999,477905.83940000,5092,834844.00000000,224320.58290000,0
1756098000000000,0.26710000,0.26760000,0.26470000,0.26480000,1390975.00000000,1756101599999999,370183.20250000,3822,661661.00000000,176180.64480000,0
1756101600000000,0.26480000,0.26530000,0.25930000,0.25960000,3321478.00000000,1756105199999999,871443.57350000,6803,1752467.00000000,460052.88450000,0
1756105200000000,0.25960000,0.26110000,0.25380000,0.25460000,4924166.00000000,1756108799999999,1269420.28940000,9744,2041597.00000000,526329.84060000,0
1756108800000000,0.25470000,0.25790000,0.25170000,0.25710000,4424298.00000000,1756112399999999,1125699.49880000,8766,2367901.00000000,603031.01500000,0
1756112400000000,0.25710000,0.25910000,0.25580000,0.25760000,4010574.00000000,1756115999999999,1033456.75330000,7170,2298305.00000000,592613.46600000,0
1756116000000000,0.25770000,0.25790000,0.25300000,0.25510000,2149050.00000000,1756119599999999,548443.26400000,5497,925600.00000000,236186.12530000,0
1756119600000000,0.25520000,0.25610000,0.25350000,0.25610000,1019048.00000000,1756123199999999,259563.53430000,3077,483443.00000000,123178.91270000,0
1756123200000000,0.25610000,0.25770000,0.25420000,0.25740000,3080019.00000000,1756126799999999,787801.90710000,5556,1265606.00000000,324237.18100000,0
1756126800000000,0.25740000,0.25920000,0.25400000,0.25870000,4682910.00000000,1756130399999999,1202517.99250000,11508,2165307.00000000,555971.55310000,0
1756130400000000,0.25880000,0.26350000,0.25720000,0.26300000,5176737.00000000,1756133999999999,1350656.60680000,12091,2805652.00000000,732084.81810000,0
1756134000000000,0.26300000,0.26430000,0.25890000,0.25940000,3528699.00000000,1756137599999999,925394.60550000,8381,1567819.00000000,411336.22490000,0
1756137600000000,0.25940000,0.26070000,0.25600000,0.25610000,2702909.00000000,1756141199999999,698336.37600000,6210,1223231.00000000,315788.38580000,0
1756141200000000,0.25600000,0.25650000,0.25330000,0.25510000,3422982.00000000,1756144799999999,872430.01300000,5886,1812727.00000000,462373.72120000,0
1756144800000000,0.25520000,0.25560000,0.25250000,0.25250000,2217903.00000000,1756148399999999,563012.93590000,3739,786421.00000000,199718.26910000,0
1756148400000000,0.25250000,0.25410000,0.24740000,0.24830000,4820958.00000000,1756151999999999,1208484.50940000,10783,2288508.00000000,573940.23050000,0
1756152000000000,0.24840000,0.24920000,0.24200000,0.24220000,7876692.00000000,1756155599999999,1933830.98870000,22410,3758114.00000000,923166.15560000,0
1756155600000000,0.24210000,0.24590000,0.24170000,0.24330000,3888021.00000000,1756159199999999,947805.28950000,10682,2104073.00000000,513022.00280000,0
1756159200000000,0.24320000,0.24790000,0.24290000,0.24650000,2596352.00000000,1756162799999999,636637.05700000,7079,1276138.00000000,312879.28260000,0
1756162800000000,0.24640000,0.24660000,0.24420000,0.24600000,2118658.00000000,1756166399999999,520172.27810000,5494,992674.00000000,243753.52250000,0
1756166400000000,0.24600000,0.24710000,0.24310000,0.24440000,5464970.00000000,1756169999999999,1340801.49150000,10103,2557791.00000000,627971.51580000,0
1756170000000000,0.24450000,0.24810000,0.24360000,0.24810000,3255585.00000000,1756173599999999,801446.75250000,7029,1263614.00000000,310985.49500000,0
1756173600000000,0.24800000,0.24980000,0.24670000,0.24730000,1989420.00000000,1756177199999999,493674.41120000,3514,988672.00000000,245392.44940000,0
1756177200000000,0.24720000,0.25130000,0.24600000,0.25070000,2926644.00000000,1756180799999999,727393.30560000,4668,1567195.00000000,389670.95350000,0
1756180800000000,0.25060000,0.25330000,0.25020000,0.25220000,1218163.00000000,1756184399999999,306686.69410000,3362,652657.00000000,164387.82260000,0
1756184400000000,0.25220000,0.25400000,0.25150000,0.25180000,1690544.00000000,1756187999999999,427151.26640000,3455,624324.00000000,157782.06700000,0
1756188000000000,0.25170000,0.25250000,0.24940000,0.25100000,2620681.00000000,1756191599999999,656676.18910000,4220,1447903.00000000,362655.35750000,0
1756191600000000,0.25090000,0.25540000,0.24970000,0.25400000,1668395.00000000,1756195199999999,422085.93620000,4622,865669.00000000,219182.24930000,0
1756195200000000,0.25390000,0.25540000,0.25170000,0.25420000,1646423.00000000,1756198799999999,417331.75210000,4198,788052.00000000,199497.66570000,0
1756198800000000,0.25420000,0.25620000,0.25210000,0.25270000,2419019.00000000,1756202399999999,615921.45400000,4128,1188948.00000000,302820.22610000,0
1756202400000000,0.25280000,0.25420000,0.25250000,0.25300000,1141993.00000000,1756205999999999,289483.73750000,3112,557066.00000000,141251.31000000,0
1756206000000000,0.25300000,0.25340000,0.25030000,0.25120000,1891408.00000000,1756209599999999,476548.98360000,3530,765722.00000000,193045.05350000,0
1756209600000000,0.25130000,0.25650000,0.24950000,0.25410000,2968612.00000000,1756213199999999,752467.25690000,8401,1470209.00000000,372676.72980000,0
1756213200000000,0.25400000,0.25490000,0.24920000,0.25260000,3859897.00000000,1756216799999999,973403.31520000,8937,1895855.00000000,478028.68300000,0
1756216800000000,0.25270000,0.25490000,0.25090000,0.25400000,2187455.00000000,1756220399999999,553570.84180000,6229,1019502.00000000,258007.41860000,0
1756220400000000,0.25400000,0.25470000,0.24970000,0.25070000,1952780.00000000,1756223999999999,492285.43830000,4561,906817.00000000,228547.55720000,0
1756224000000000,0.25080000,0.25300000,0.24990000,0.25290000,1459796.00000000,1756227599999999,366697.22700000,3647,775850.00000000,194978.64180000,0
1756227600000000,0.25290000,0.25310000,0.25050000,0.25200000,927820.00000000,1756231199999999,233636.05480000,3085,399335.00000000,100539.81370000,0
1756231200000000,0.25210000,0.25540000,0.25190000,0.25450000,835545.00000000,1756234799999999,212106.77510000,2553,489880.00000000,124384.11480000,0
1756234800000000,0.25450000,0.25890000,0.25350000,0.25810000,1357340.00000000,1756238399999999,348054.65850000,4614,763309.00000000,195763.16710000,0
1756238400000000,0.25810000,0.25910000,0.25630000,0.25750000,1208282.00000000,1756241999999999,311400.75260000,3568,574727.00000000,148153.54610000,0
1756242000000000,0.25740000,0.25790000,0.25630000,0.25750000,862217.00000000,1756245599999999,221574.66730000,2635,439433.00000000,112972.53910000,0
1756245600000000,0.25760000,0.25810000,0.25590000,0.25640000,1386576.00000000,1756249199999999,356372.00290000,2491,683302.00000000,175649.07470000,0
1756249200000000,0.25640000,0.25760000,0.25440000,0.25470000,1403982.00000000,1756252799999999,359327.80620000,3155,806711.00000000,206499.67230000,0
1756252800000000,0.25470000,0.25480000,0.25200000,0.25240000,1594766.00000000,1756256399999999,404436.60280000,2885,628823.00000000,159393.38610000,0
1756256400000000,0.25230000,0.25280000,0.25090000,0.25220000,1065617.00000000,1756259999999999,268396.97170000,2546,512439.00000000,129133.45900000,0
1756260000000000,0.25220000,0.25320000,0.25060000,0.25250000,725024.00000000,1756263599999999,182866.00630000,2346,391150.00000000,98686.72950000,0
1756263600000000,0.25240000,0.25580000,0.25060000,0.25430000,874721.00000000,1756267199999999,221540.42740000,2766,403475.00000000,102186.72130000,0
1756267200000000,0.25430000,0.25690000,0.25380000,0.25550000,1822017.00000000,1756270799999999,465543.68790000,3529,956479.00000000,244404.40320000,0
1756270800000000,0.25550000,0.25570000,0.25320000,0.25340000,711169.00000000,1756274399999999,180980.62370000,1771,418872.00000000,106656.29470000,0
1756274400000000,0.25350000,0.25410000,0.25210000,0.25220000,1197372.00000000,1756277999999999,303127.34550000,2149,565769.00000000,143197.78160000,0
1756278000000000,0.25220000,0.25260000,0.25130000,0.25210000,788686.00000000,1756281599999999,198590.85250000,1940,372465.00000000,93814.94330000,0
1756281600000000,0.25220000,0.25380000,0.25100000,0.25370000,835637.00000000,1756285199999999,210400.23850000,2218,465485.00000000,117294.15490000,0
1756285200000000,0.25370000,0.25470000,0.25210000,0.25220000,1113040.00000000,1756288799999999,282103.10940000,2335,474769.00000000,120416.17640000,0
1756288800000000,0.25220000,0.25340000,0.25110000,0.25160000,930235.00000000,1756292399999999,234717.22890000,1741,524122.00000000,132349.33640000,0
1756292400000000,0.25160000,0.25240000,0.25140000,0.25200000,913706.00000000,1756295999999999,230151.25420000,2206,354934.00000000,89412.59130000,0
1756296000000000,0.25200000,0.25280000,0.25010000,0.25140000,1616458.00000000,1756299599999999,406153.60140000,3547,639238.00000000,160502.69090000,0
1756299600000000,0.25140000,0.25380000,0.24890000,0.25170000,3104200.00000000,1756303199999999,779140.96670000,7325,1546657.00000000,388166.02440000,0
1756303200000000,0.25180000,0.25510000,0.25010000,0.25220000,1874355.00000000,1756306799999999,473477.86650000,6947,968819.00000000,244616.31230000,0
1756306800000000,0.25220000,0.25410000,0.25150000,0.25400000,1558031.00000000,1756310399999999,393701.53360000,4612,889859.00000000,224857.95210000,0
1756310400000000,0.25400000,0.25540000,0.25240000,0.25420000,1232931.00000000,1756313999999999,312786.61610000,4335,630458.00000000,159852.26590000,0
1756314000000000,0.25420000,0.25580000,0.25290000,0.25570000,587223.00000000,1756317599999999,149418.14910000,2292,348546.00000000,88703.92060000,0
1756317600000000,0.25570000,0.25660000,0.25270000,0.25270000,1047264.00000000,1756321199999999,266829.46190000,2863,422458.00000000,107602.99920000,0
1756321200000000,0.25280000,0.25330000,0.25010000,0.25120000,2069367.00000000,1756324799999999,520739.96850000,4341,1105834.00000000,278218.16610000,0
1756324800000000,0.25120000,0.25450000,0.24830000,0.25430000,5509518.00000000,1756328399999999,1386505.04260000,16671,2567690.00000000,646303.65560000,0
1756328400000000,0.25440000,0.25470000,0.24980000,0.25040000,754698.00000000,1756331999999999,190295.56770000,2888,337979.00000000,85249.80310000,0
1756332000000000,0.25040000,0.25150000,0.24770000,0.25050000,1888480.00000000,1756335599999999,470895.15970000,4176,974173.00000000,243003.97100000,0
1756335600000000,0.25040000,0.25070000,0.24630000,0.24750000,3381984.00000000,1756339199999999,836322.29250000,3136,1530371.00000000,378231.34230000,0
1756339200000000,0.24740000,0.24870000,0.24540000,0.24770000,1469014.00000000,1756342799999999,362880.44480000,4602,876269.00000000,216499.26510000,0
1756342800000000,0.24780000,0.25080000,0.24760000,0.25020000,916520.00000000,1756346399999999,228576.27420000,2453,381057.00000000,95018.64820000,0
1756346400000000,0.25020000,0.25070000,0.24820000,0.24870000,688038.00000000,1756349999999999,171717.30630000,2205,360368.00000000,89944.28590000,0
1756350000000000,0.24870000,0.25080000,0.24800000,0.25020000,586085.00000000,1756353599999999,146438.56760000,1685,351588.00000000,87870.56730000,0
1756353600000000,0.25030000,0.25350000,0.24960000,0.25290000,839635.00000000,1756357199999999,211423.43540000,2913,359418.00000000,90466.96130000,0
1756357200000000,0.25300000,0.25370000,0.25130000,0.25200000,1030471.00000000,1756360799999999,260410.72650000,2435,457756.00000000,115610.13460000,0
1756360800000000,0.25200000,0.25260000,0.25100000,0.25180000,984448.00000000,1756364399999999,247938.54130000,2373,588378.00000000,148219.17270000,0
1756364400000000,0.25180000,0.25300000,0.25110000,0.25280000,994970.00000000,1756367999999999,250644.55380000,1381,507613.00000000,127922.24770000,0
1756368000000000,0.25280000,0.25490000,0.25280000,0.25450000,1289550.00000000,1756371599999999,327308.02120000,1654,578515.00000000,146908.00620000,0
1756371600000000,0.25450000,0.25450000,0.25180000,0.25200000,592606.00000000,1756375199999999,149719.84510000,1326,208131.00000000,52593.77540000,0
1756375200000000,0.25210000,0.25300000,0.25140000,0.25300000,343616.00000000,1756378799999999,86668.22840000,1020,161412.00000000,40713.46470000,0
1756378800000000,0.25300000,0.25360000,0.25200000,0.25350000,2141938.00000000,1756382399999999,541697.34820000,1616,1260995.00000000,318817.16560000,0
1756382400000000,0.25360000,0.25510000,0.25300000,0.25400000,1751416.00000000,1756385999999999,444988.17550000,2998,667348.00000000,169650.44160000,0
1756386000000000,0.25400000,0.25550000,0.25270000,0.25400000,1845371.00000000,1756389599999999,468672.54110000,4537,944136.00000000,239868.19730000,0
1756389600000000,0.25410000,0.25600000,0.25280000,0.25550000,1496896.00000000,1756393199999999,380768.65090000,5602,748404.00000000,190378.34080000,0
1756393200000000,0.25560000,0.25630000,0.25050000,0.25130000,2064350.00000000,1756396799999999,522800.68630000,4600,882080.00000000,223156.79900000,0
1756396800000000,0.25130000,0.25300000,0.24880000,0.24890000,1561796.00000000,1756400399999999,393106.05850000,2803,933080.00000000,234988.06470000,0
1756400400000000,0.24880000,0.25190000,0.24850000,0.25170000,1131697.00000000,1756403999999999,283518.73540000,2156,546158.00000000,136777.16510000,0
1756404000000000,0.25160000,0.25260000,0.25070000,0.25150000,573818.00000000,1756407599999999,144370.14630000,1313,268570.00000000,67627.16520000,0
1756407600000000,0.25150000,0.25240000,0.24820000,0.24820000,3783680.00000000,1756411199999999,948672.94620000,4004,2221993.00000000,557391.38460000,0
1756411200000000,0.24830000,0.25050000,0.24780000,0.25000000,728733.00000000,1756414799999999,181605.04100000,1611,417146.00000000,103953.52540000,0
1756414800000000,0.25000000,0.25160000,0.25000000,0.25130000,489533.00000000,1756418399999999,122798.72270000,1032,275158.00000000,69019.56250000,0
1756418400000000,0.25130000,0.25500000,0.25120000,0.25480000,1431966.00000000,1756421999999999,363571.73800000,1819,962844.00000000,244473.60130000,0
1756422000000000,0.25480000,0.25510000,0.25220000,0.25280000,4033008.00000000,1756425599999999,1021081.15610000,3719,1713471.00000000,433765.60510000,0
1756425600000000,0.25280000,0.25390000,0.25070000,0.25120000,1560509.00000000,1756429199999999,392955.46850000,2671,548670.00000000,138290.34600000,0
1756429200000000,0.25120000,0.25160000,0.24860000,0.24970000,1337045.00000000,1756432799999999,333869.20250000,2552,806116.00000000,201338.43740000,0
1756432800000000,0.24960000,0.25190000,0.24920000,0.25050000,919764.00000000,1756436399999999,230270.66810000,1772,509499.00000000,127518.65740000,0
1756436400000000,0.25050000,0.25110000,0.24940000,0.25020000,814103.00000000,1756439999999999,203861.08690000,1667,481755.00000000,120630.92600000,0
1756440000000000,0.25020000,0.25060000,0.24820000,0.24850000,707087.00000000,1756443599999999,176407.06910000,1564,350841.00000000,87531.02800000,0
1756443600000000,0.24840000,0.24870000,0.24730000,0.24770000,816520.00000000,1756447199999999,202466.08380000,1618,500944.00000000,124281.34130000,0
1756447200000000,0.24770000,0.24790000,0.24480000,0.24610000,1653388.00000000,1756450799999999,406580.79860000,2408,749089.00000000,184250.30670000,0
1756450800000000,0.24600000,0.24600000,0.24060000,0.24070000,2508473.00000000,1756454399999999,608960.52400000,4411,1006626.00000000,244341.24760000,0
1756454400000000,0.24060000,0.24160000,0.23650000,0.23670000,3401634.00000000,1756457999999999,813118.32430000,4527,1532671.00000000,366230.13530000,0
1756458000000000,0.23680000,0.23740000,0.23470000,0.23700000,2902645.00000000,1756461599999999,684870.98220000,4332,1234591.00000000,291340.36480000,0
1756461600000000,0.23690000,0.23860000,0.23680000,0.23820000,2280568.00000000,1756465199999999,542553.24050000,3541,1200641.00000000,285747.01270000,0
1756465200000000,0.23820000,0.23960000,0.23650000,0.23680000,1039826.00000000,1756468799999999,247425.17770000,2554,643066.00000000,153063.69800000,0
1756468800000000,0.23670000,0.24380000,0.23660000,0.23920000,4920630.00000000,1756472399999999,1182249.44570000,9822,2426657.00000000,583103.96990000,0
1756472400000000,0.23910000,0.23940000,0.23440000,0.23660000,3447871.00000000,1756475999999999,817420.85410000,8315,1581266.00000000,374937.90620000,0
1756476000000000,0.23660000,0.23790000,0.23250000,0.23480000,4903983.00000000,1756479599999999,1152048.34930000,10970,2697913.00000000,633588.67220000,0
1756479600000000,0.23480000,0.23690000,0.23430000,0.23490000,3994335.00000000,1756483199999999,941899.44560000,6078,1782161.00000000,420248.91950000,0
1756483200000000,0.23500000,0.23630000,0.23310000,0.23560000,1188922.00000000,1756486799999999,279257.12360000,3709,579087.00000000,136011.63400000,0
1756486800000000,0.23560000,0.23560000,0.23270000,0.23410000,1261487.00000000,1756490399999999,295347.30220000,4367,714039.00000000,167167.89900000,0
1756490400000000,0.23410000,0.23470000,0.23230000,0.23290000,1732478.00000000,1756493999999999,404204.25520000,4447,558556.00000000,130385.63360000,0
1756494000000000,0.23280000,0.23560000,0.23240000,0.23410000,883104.00000000,1756497599999999,207116.82470000,2976,457101.00000000,107206.72970000,0
1756497600000000,0.23410000,0.23430000,0.23270000,0.23320000,880855.00000000,1756501199999999,205538.62700000,3107,424066.00000000,98940.03680000,0
1756501200000000,0.23330000,0.23690000,0.23190000,0.23660000,1757976.00000000,1756504799999999,413402.97950000,3002,913851.00000000,214953.22560000,0
1756504800000000,0.23660000,0.23670000,0.23500000,0.23650000,893216.00000000,1756508399999999,210690.73670000,1579,378675.00000000,89319.97880000,0
1756508400000000,0.23650000,0.23730000,0.23590000,0.23650000,1089723.00000000,1756511999999999,257752.03260000,1776,674664.00000000,159567.39720000,0
1756512000000000,0.23640000,0.23650000,0.23430000,0.23480000,1387918.00000000,1756515599999999,327136.51160000,2351,566887.00000000,133589.84090000,0
1756515600000000,0.23480000,0.23550000,0.22960000,0.23020000,2994882.00000000,1756519199999999,693565.81880000,3227,1346452.00000000,311779.83930000,0
1756519200000000,0.23020000,0.23270000,0.23000000,0.23210000,886335.00000000,1756522799999999,205285.61720000,2091,389423.00000000,90142.66490000,0
1756522800000000,0.23210000,0.23600000,0.23190000,0.23410000,1474381.00000000,1756526399999999,345999.38960000,2797,770693.00000000,180817.12020000,0
1756526400000000,0.23420000,0.23440000,0.23360000,0.23400000,570509.00000000,1756529999999999,133493.44440000,1137,306088.00000000,71635.92210000,0
1756530000000000,0.23400000,0.23610000,0.23390000,0.23520000,818040.00000000,1756533599999999,192429.57960000,1715,255830.00000000,60146.78680000,0
1756533600000000,0.23530000,0.23620000,0.23480000,0.23570000,521629.00000000,1756537199999999,122857.96340000,1497,286287.00000000,67421.96400000,0
1756537200000000,0.23580000,0.23720000,0.23550000,0.23690000,598819.00000000,1756540799999999,141501.96780000,1431,380110.00000000,89834.49970000,0
1756540800000000,0.23690000,0.23690000,0.23540000,0.23560000,523977.00000000,1756544399999999,123771.98910000,1617,262050.00000000,61908.80230000,0
1756544400000000,0.23570000,0.23610000,0.23500000,0.23570000,657952.00000000,1756547999999999,154960.13240000,1424,321041.00000000,75612.42150000,0
1756548000000000,0.23580000,0.23730000,0.23560000,0.23680000,1010876.00000000,1756551599999999,239153.34090000,1821,548759.00000000,129945.51780000,0
1756551600000000,0.23680000,0.23720000,0.23570000,0.23700000,922169.00000000,1756555199999999,218273.99000000,1449,435453.00000000,103122.68580000,0
1756555200000000,0.23700000,0.23710000,0.23330000,0.23380000,1096977.00000000,1756558799999999,257206.72110000,2730,362364.00000000,84940.09390000,0
1756558800000000,0.23380000,0.23390000,0.23150000,0.23190000,1713558.00000000,1756562399999999,398308.14470000,3588,731792.00000000,170118.28650000,0
1756562400000000,0.23190000,0.23220000,0.22990000,0.23200000,1153276.00000000,1756565999999999,266489.65170000,2511,512304.00000000,118319.12250000,0
1756566000000000,0.23200000,0.23490000,0.23160000,0.23430000,773093.00000000,1756569599999999,180540.71920000,2063,412524.00000000,96334.09420000,0
1756569600000000,0.23430000,0.23430000,0.23210000,0.23210000,878760.00000000,1756573199999999,204647.80950000,1753,366091.00000000,85276.39200000,0
1756573200000000,0.23220000,0.23250000,0.23070000,0.23140000,783202.00000000,1756576799999999,181512.23330000,1414,330421.00000000,76558.20600000,0
1756576800000000,0.23140000,0.23310000,0.23110000,0.23270000,1013883.00000000,1756580399999999,235167.77710000,2025,726713.00000000,168556.19940000,0
1756580400000000,0.23270000,0.23370000,0.23240000,0.23360000,380684.00000000,1756583999999999,88702.32900000,1290,123981.00000000,28901.07200000,0
1756584000000000,0.23370000,0.23370000,0.23190000,0.23310000,385315.00000000,1756587599999999,89630.01920000,1284,151342.00000000,35217.00610000,0
1756587600000000,0.23310000,0.23340000,0.23250000,0.23290000,280492.00000000,1756591199999999,65317.75550000,908,133450.00000000,31078.32730000,0
1756591200000000,0.23280000,0.23340000,0.23200000,0.23310000,236082.00000000,1756594799999999,54933.77210000,939,91685.00000000,21329.79130000,0
1756594800000000,0.23310000,0.23400000,0.23310000,0.23370000,662848.00000000,1756598399999999,154833.30490000,1056,261827.00000000,61172.20410000,0
1756598400000000,0.23360000,0.23690000,0.23360000,0.23670000,1194443.00000000,1756601999999999,280968.46470000,2535,671350.00000000,157820.84210000,0
1756602000000000,0.23680000,0.23880000,0.23570000,0.23790000,1238813.00000000,1756605599999999,294054.59190000,2553,599742.00000000,142379.65450000,0
1756605600000000,0.23790000,0.23850000,0.23700000,0.23810000,573986.00000000,1756609199999999,136506.97990000,1383,322709.00000000,76776.74430000,0
1756609200000000,0.23820000,0.23880000,0.23740000,0.23840000,549363.00000000,1756612799999999,130825.10840000,1446,295550.00000000,70373.50390000,0
1756612800000000,0.23850000,0.23860000,0.23670000,0.23720000,689233.00000000,1756616399999999,163812.01140000,1122,278712.00000000,66255.00010000,0
1756616400000000,0.23710000,0.23710000,0.23540000,0.23580000,660310.00000000,1756619999999999,155887.75760000,1550,274766.00000000,64858.35890000,0
1756620000000000,0.23580000,0.23590000,0.23500000,0.23570000,1113884.00000000,1756623599999999,262202.27030000,1411,661708.00000000,155755.69730000,0
1756623600000000,0.23560000,0.23690000,0.23550000,0.23610000,533648.00000000,1756627199999999,126149.40580000,1047,219918.00000000,51988.14600000,0
1756627200000000,0.23620000,0.23850000,0.23570000,0.23840000,1266524.00000000,1756630799999999,300604.04240000,1542,964397.00000000,228971.85970000,0
1756630800000000,0.23840000,0.23890000,0.23770000,0.23800000,2128525.00000000,1756634399999999,507097.82860000,2746,1147588.00000000,273515.29830000,0
1756634400000000,0.23800000,0.23850000,0.23630000,0.23700000,1460602.00000000,1756637999999999,347086.57550000,2287,805792.00000000,191639.56660000,0
1756638000000000,0.23700000,0.23900000,0.23660000,0.23890000,881623.00000000,1756641599999999,209789.85140000,1860,483819.00000000,115180.88240000,0
1756641600000000,0.23890000,0.23940000,0.23750000,0.23900000,1013760.00000000,1756645199999999,241712.52450000,2027,542236.00000000,129316.83100000,0
1756645200000000,0.23900000,0.23970000,0.23720000,0.23720000,637351.00000000,1756648799999999,151996.95860000,1990,269855.00000000,64347.19720000,0
1756648800000000,0.23730000,0.23750000,0.23550000,0.23560000,811659.00000000,1756652399999999,191654.74040000,1658,386037.00000000,91211.49870000,0
1756652400000000,0.23560000,0.23750000,0.23550000,0.23730000,861923.00000000,1756655999999999,204098.81040000,1767,502216.00000000,118924.90890000,0
1756656000000000,0.23730000,0.23730000,0.23550000,0.23600000,372369.00000000,1756659599999999,87946.38000000,1123,144596.00000000,34141.07770000,0
1756659600000000,0.23600000,0.23600000,0.23490000,0.23530000,789501.00000000,1756663199999999,185785.62210000,1488,200717.00000000,47273.43130000,0
1756663200000000,0.23530000,0.23710000,0.23510000,0.23680000,367803.00000000,1756666799999999,86899.85460000,957,214802.00000000,50744.65250000,0
1756666800000000,0.23690000,0.23700000,0.23510000,0.23510000,312330.00000000,1756670399999999,73655.48590000,1272,112825.00000000,26610.55940000,0
1756670400000000,0.23510000,0.23570000,0.23450000,0.23500000,933666.00000000,1756673999999999,219452.77920000,1639,312951.00000000,73557.48730000,0
1756674000000000,0.23490000,0.23640000,0.23440000,0.23590000,453619.00000000,1756677599999999,106638.39820000,1014,215623.00000000,50720.07990000,0
1756677600000000,0.23590000,0.23600000,0.23340000,0.23410000,1181674.00000000,1756681199999999,277243.67030000,1749,382236.00000000,89781.39600000,0
1756681200000000,0.23410000,0.23410000,0.23120000,0.23160000,1254012.00000000,1756684799999999,291304.29620000,2323,519515.00000000,120704.93240000,0
