1767225600000000,4.19000000,4.23500000,4.18600000,4.21100000,36969.99000000,1767229199999999,155835.25374000,1841,16124.94000000,67963.53481000,0
1767229200000000,4.21200000,4.23000000,4.19800000,4.20800000,32665.11000000,1767232799999999,137471.04880000,1431,15924.44000000,67029.91486000,0
1767232800000000,4.20800000,4.22300000,4.20000000,4.21000000,19813.73000000,1767236399999999,83429.47135000,912,8959.66000000,37728.23040000,0
1767236400000000,4.20900000,4.21100000,4.18800000,4.20100000,18133.67000000,1767239999999999,76130.62419000,718,6027.60000000,25308.13023000,0
1767240000000000,4.20000000,4.20100000,4.16300000,4.17200000,45739.09000000,1767243599999999,191450.19824000,1327,13550.38000000,56631.13583000,0
1767243600000000,4.17300000,4.23500000,4.17300000,4.22000000,20877.82000000,1767247199999999,88039.92608000,958,9455.64000000,39838.18709000,0
1767247200000000,4.22000000,4.23000000,4.19200000,4.19200000,18600.61000000,1767250799999999,78372.05973000,607,9461.35000000,39873.76906000,0
1767250800000000,4.19200000,4.21200000,4.19100000,4.19900000,7910.94000000,1767254399999999,33248.93283000,465,4770.46000000,20051.21665000,0
1767254400000000,4.19700000,4.21700000,4.19300000,4.21700000,15848.41000000,1767257999999999,66616.32655000,777,9529.65000000,40058.72248000,0
1767258000000000,4.21800000,4.23200000,4.20400000,4.22500000,37797.61000000,1767261599999999,159461.05825000,1358,21924.97000000,92527.94301000,0
1767261600000000,4.22400000,4.26000000,4.21900000,4.26000000,22303.80000000,1767265199999999,94590.50612000,866,12180.39000000,51672.10711000,0
1767265200000000,4.25900000,4.26400000,4.24700000,4.25900000,18755.15000000,1767268799999999,79839.04598000,665,8646.21000000,36800.80161000,0
1767268800000000,4.26000000,4.27900000,4.24200000,4.27400000,20801.86000000,1767272399999999,88605.24679000,820,10730.02000000,45695.40409000,0
1767272400000000,4.27400000,4.32700000,4.26900000,4.32100000,37303.67000000,1767275999999999,160548.58735000,1473,20900.56000000,89985.78027000,0
1767276000000000,4.32200000,4.36300000,4.30200000,4.34500000,42406.35000000,1767279599999999,183748.63014000,1729,25667.00000000,111222.75130000,0
1767279600000000,4.34600000,4.40500000,4.33800000,4.37000000,58833.81000000,1767283199999999,256821.62904000,2627,33943.85000000,148196.29890000,0
1767283200000000,4.37000000,4.41700000,4.37000000,4.41100000,64999.55000000,1767286799999999,285768.49126000,2382,27742.64000000,121964.64549000,0
1767286800000000,4.41100000,4.47400000,4.40800000,4.46000000,53020.18000000,1767290399999999,235920.82255000,2460,31059.91000000,138277.38358000,0
1767290400000000,4.46100000,4.48000000,4.42600000,4.44100000,44783.00000000,1767293999999999,199352.31558000,2066,24004.62000000,106764.08510000,0
1767294000000000,4.44100000,4.50900000,4.44000000,4.50900000,50867.16000000,1767297599999999,227588.05911000,2104,27568.21000000,123328.13967000,0
1767297600000000,4.50800000,4.52900000,4.46000000,4.48100000,59576.27000000,1767301199999999,267873.91362000,2463,31813.13000000,143085.36879000,0
1767301200000000,4.48000000,4.49100000,4.46600000,4.48700000,22483.33000000,1767304799999999,100735.72570000,1154,10018.07000000,44891.43602000,0
1767304800000000,4.48700000,4.54800000,4.48600000,4.54400000,33219.21000000,1767308399999999,149899.17762000,1295,23926.49000000,107988.52702000,0
1767308400000000,4.54400000,4.59500000,4.52400000,4.53700000,36478.79000000,1767311999999999,166180.06386000,2053,17579.49000000,80057.02269000,0
1767312000000000,4.53800000,4.56800000,4.51600000,4.54200000,39396.50000000,1767315599999999,178773.89886000,1756,19243.56000000,87327.93634000,0
1767315600000000,4.54200000,4.56400000,4.53000000,4.54300000,29885.21000000,1767319199999999,135713.94842000,1503,12698.14000000,57676.23902000,0
1767319200000000,4.54300000,4.56000000,4.50800000,4.55800000,35273.66000000,1767322799999999,159728.34093000,1659,17581.58000000,79627.16513000,0
1767322800000000,4.55800000,4.64500000,4.54400000,4.62500000,85661.64000000,1767326399999999,393783.35744000,3334,55537.82000000,255226.99083000,0
1767326400000000,4.62500000,4.64300000,4.56500000,4.58600000,48078.94000000,1767329999999999,221038.67833000,2279,21308.02000000,97942.08509000,0
1767330000000000,4.58500000,4.59300000,4.54500000,4.57300000,18829.40000000,1767333599999999,86028.83578000,1096,9810.63000000,44814.61078000,0
1767333600000000,4.57400000,4.59200000,4.55900000,4.55900000,25169.13000000,1767337199999999,115092.18682000,1235,12878.84000000,58893.91154000,0
1767337200000000,4.55900000,4.56900000,4.50500000,4.51600000,65356.69000000,1767340799999999,296060.05415000,2004,29100.78000000,131812.74697000,0
1767340800000000,4.51600000,4.51700000,4.49100000,4.51700000,40712.83000000,1767344399999999,183399.20476000,1949,16900.60000000,76118.18860000,0
1767344400000000,4.51700000,4.63200000,4.51500000,4.61400000,61292.57000000,1767347999999999,281056.20929000,3571,34454.36000000,157902.85608000,0
1767348000000000,4.61500000,4.62900000,4.58500000,4.61900000,60614.24000000,1767351599999999,279300.61017000,2842,35651.27000000,164264.83323000,0
1767351600000000,4.61800000,4.62100000,4.54900000,4.56100000,43421.24000000,1767355199999999,198748.40855000,2390,17715.53000000,81181.10358000,0
1767355200000000,4.56000000,4.63000000,4.54300000,4.61900000,53746.89000000,1767358799999999,247133.04361000,2804,32314.11000000,148552.75047000,0
1767358800000000,4.62000000,4.68200000,4.60200000,4.60600000,80234.91000000,1767362399999999,372097.67182000,3292,37212.19000000,172630.90012000,0
1767362400000000,4.60700000,4.68000000,4.55200000,4.64200000,137672.59000000,1767365999999999,635676.92720000,8071,73150.38000000,338055.85582000,0
1767366000000000,4.64300000,4.68400000,4.56900000,4.64000000,87198.59000000,1767369599999999,404217.57323000,5642,44741.81000000,207623.62868000,0
1767369600000000,4.64000000,4.81700000,4.62800000,4.81600000,140447.06000000,1767373199999999,665325.75280000,8518,74962.56000000,355421.00422000,0
1767373200000000,4.81500000,4.84300000,4.78500000,4.81800000,111432.46000000,1767376799999999,536965.35974000,5960,49666.13000000,239371.84168000,0
1767376800000000,4.81800000,4.87000000,4.77000000,4.80000000,68178.97000000,1767380399999999,328897.24350000,3905,33886.94000000,163522.27215000,0
1767380400000000,4.80100000,4.89400000,4.78200000,4.88600000,54099.96000000,1767383999999999,262226.73197000,3314,28426.17000000,137740.87657000,0
1767384000000000,4.88700000,4.93300000,4.84000000,4.85600000,53759.35000000,1767387599999999,262896.75846000,3261,26000.95000000,127175.22178000,0
1767387600000000,4.85600000,4.92600000,4.85000000,4.90700000,47398.38000000,1767391199999999,232091.77206000,2252,20232.58000000,99040.54001000,0
1767391200000000,4.90600000,4.95900000,4.88500000,4.92900000,60817.24000000,1767394799999999,298891.62554000,3346,29999.94000000,147564.43880000,0
1767394800000000,4.92700000,4.94200000,4.90200000,4.91600000,27599.84000000,1767398399999999,135799.64414000,2287,13634.64000000,67104.97941000,0
1767398400000000,4.91600000,4.97100000,4.90800000,4.91800000,38867.65000000,1767401999999999,192102.86004000,2312,19354.96000000,95675.75545000,0
1767402000000000,4.91700000,4.94200000,4.90100000,4.92000000,28284.38000000,1767405599999999,139088.79960000,1741,12930.42000000,63607.05376000,0
1767405600000000,4.92000000,4.95700000,4.88900000,4.95300000,20276.00000000,1767409199999999,100062.80951000,1430,7576.36000000,37411.33437000,0
1767409200000000,4.95100000,4.98900000,4.92000000,4.97700000,25721.06000000,1767412799999999,127550.07691000,1837,15317.48000000,76032.82463000,0
1767412800000000,4.97600000,4.97600000,4.93500000,4.94700000,22692.51000000,1767416399999999,112396.59804000,1324,7613.64000000,37718.13283000,0
1767416400000000,4.94600000,4.97700000,4.93000000,4.95700000,24320.15000000,1767419999999999,120464.95859000,1640,11676.49000000,57821.85005000,0
1767420000000000,4.95600000,4.99200000,4.88100000,4.89500000,46805.60000000,1767423599999999,230925.56795000,2830,18914.74000000,93359.88870000,0
1767423600000000,4.89400000,4.91000000,4.79500000,4.81200000,79889.57000000,1767427199999999,386468.86368000,4201,35199.64000000,170272.34462000,0
1767427200000000,4.81200000,4.88800000,4.78500000,4.86800000,134846.40000000,1767430799999999,655402.76728000,6258,90493.41000000,439959.41409000,0
1767430800000000,4.86900000,4.88900000,4.83700000,4.84600000,23781.98000000,1767434399999999,115594.69032000,1798,11621.18000000,56505.41743000,0
1767434400000000,4.84700000,4.84900000,4.81600000,4.82600000,32990.43000000,1767437999999999,159427.47499000,1620,16431.73000000,79446.65315000,0
1767438000000000,4.82700000,4.83800000,4.81500000,4.83600000,21066.55000000,1767441599999999,101658.08150000,1048,13669.97000000,65964.24510000,0
1767441600000000,4.83600000,4.87900000,4.81000000,4.87500000,39128.94000000,1767445199999999,190004.85742000,1782,25991.65000000,126315.04296000,0
1767445200000000,4.87400000,4.92200000,4.86600000,4.89400000,50076.13000000,1767448799999999,245050.40243000,2032,26338.38000000,128967.65427000,0
1767448800000000,4.89400000,4.89800000,4.85100000,4.85900000,90943.96000000,1767452399999999,442879.84350000,3232,26092.82000000,127096.28675000,0
1767452400000000,4.85800000,4.85800000,4.82800000,4.83100000,34788.71000000,1767455999999999,168360.71395000,1299,12353.62000000,59791.06926000,0
1767456000000000,4.83100000,4.90900000,4.83000000,4.89900000,19456.78000000,1767459599999999,94897.62745000,1831,10662.12000000,52015.13500000,0
1767459600000000,4.90000000,4.90200000,4.87100000,4.87800000,10393.34000000,1767463199999999,50727.38971000,825,5538.66000000,27027.66960000,0
1767463200000000,4.87800000,4.89100000,4.85000000,4.89100000,7357.41000000,1767466799999999,35846.81284000,719,4738.31000000,23089.04195000,0
1767466800000000,4.88900000,4.89300000,4.86600000,4.88300000,8253.67000000,1767470399999999,40286.19359000,657,5827.64000000,28445.54500000,0
1767470400000000,4.88300000,4.88400000,4.84200000,4.86800000,10975.21000000,1767473999999999,53354.82545000,901,7321.19000000,35596.41843000,0
1767474000000000,4.86800000,4.90300000,4.85300000,4.87200000,20636.63000000,1767477599999999,100669.58966000,1025,6128.17000000,29900.57673000,0
1767477600000000,4.87000000,4.93100000,4.85700000,4.93100000,26627.71000000,1767481199999999,130682.26991000,1133,18848.01000000,92600.65495000,0
1767481200000000,4.93100000,4.94600000,4.89900000,4.91300000,17970.26000000,1767484799999999,88435.39082000,1154,7741.17000000,38118.30876000,0
1767484800000000,4.91200000,4.98900000,4.90700000,4.95700000,43019.54000000,1767488399999999,212881.32621000,4301,26672.99000000,132022.19263000,0
1767488400000000,4.95600000,4.96100000,4.90600000,4.93900000,17335.14000000,1767491999999999,85449.55915000,1396,8655.90000000,42664.42524000,0
1767492000000000,4.93800000,4.98100000,4.93100000,4.95100000,14959.92000000,1767495599999999,74105.80963000,1334,9448.92000000,46816.14699000,0
1767495600000000,4.95000000,5.03600000,4.95000000,5.00500000,36477.77000000,1767499199999999,182570.02077000,2749,20511.99000000,102661.26901000,0
1767499200000000,5.00400000,5.03000000,4.97600000,4.98400000,21977.09000000,1767502799999999,110023.41063000,1649,11242.57000000,56310.70942000,0
1767502800000000,4.98400000,5.06400000,4.98400000,5.05300000,37619.43000000,1767506399999999,188843.19656000,2010,17627.69000000,88556.57714000,0
1767506400000000,5.05200000,5.07100000,4.97100000,4.97600000,49553.61000000,1767509999999999,248928.12375000,3372,25069.62000000,125927.31301000,0
1767510000000000,4.97500000,5.02800000,4.95100000,5.00500000,46721.67000000,1767513599999999,232800.87123000,2001,22769.22000000,113607.62952000,0
1767513600000000,5.00600000,5.03300000,4.94700000,5.02400000,37481.79000000,1767517199999999,186910.90902000,2668,14012.96000000,69894.64301000,0
1767517200000000,5.02600000,5.08400000,5.00700000,5.06300000,61298.71000000,1767520799999999,309823.46351000,2935,38816.95000000,196342.69106000,0
1767520800000000,5.06400000,5.08800000,5.04600000,5.05800000,30978.09000000,1767524399999999,156841.36077000,1899,12926.20000000,65430.40157000,0
1767524400000000,5.05600000,5.08400000,5.02300000,5.07900000,32115.13000000,1767527999999999,162305.92406000,1784,12384.90000000,62617.39749000,0
1767528000000000,5.07800000,5.13500000,5.07400000,5.07900000,69365.32000000,1767531599999999,353779.21807000,3721,29574.41000000,150788.52314000,0
1767531600000000,5.07900000,5.15500000,5.04900000,5.13500000,41195.96000000,1767535199999999,209757.65500000,2925,23332.62000000,118881.11851000,0
1767535200000000,5.13600000,5.17000000,5.10700000,5.14500000,44958.22000000,1767538799999999,230948.68691000,3289,20623.41000000,106027.77769000,0
1767538800000000,5.14400000,5.17800000,5.11300000,5.15700000,50300.36000000,1767542399999999,259092.59475000,3121,31724.60000000,163513.60003000,0
1767542400000000,5.15600000,5.22000000,5.13800000,5.21000000,51143.14000000,1767545999999999,265848.18961000,3151,24938.60000000,129572.22839000,0
1767546000000000,5.20900000,5.22600000,5.17500000,5.21500000,31323.20000000,1767549599999999,162923.91124000,2275,18102.39000000,94140.00413000,0
1767549600000000,5.21600000,5.22700000,5.13900000,5.16600000,40680.34000000,1767553199999999,210674.27404000,2578,21570.47000000,111776.78859000,0
1767553200000000,5.16500000,5.16500000,5.06300000,5.12700000,56264.95000000,1767556799999999,287310.77465000,3373,19611.56000000,100062.15685000,0
1767556800000000,5.12700000,5.17500000,5.11300000,5.15300000,24366.79000000,1767560399999999,125516.07708000,1594,16102.58000000,82940.18796000,0
1767560400000000,5.15200000,5.19800000,5.11800000,5.16400000,33697.99000000,1767563999999999,174047.86225000,2462,19260.75000000,99522.69167000,0
1767564000000000,5.16300000,5.20600000,5.15000000,5.17900000,26492.06000000,1767567599999999,137261.59172000,1507,17202.25000000,89136.23199000,0
1767567600000000,5.18000000,5.23600000,5.16300000,5.18400000,23625.55000000,1767571199999999,123042.41471000,2955,11307.96000000,58916.91403000,0
1767571200000000,5.18300000,5.24900000,5.16100000,5.20200000,57313.59000000,1767574799999999,298095.39878000,5989,35069.09000000,182484.18327000,0
1767574800000000,5.20300000,5.30000000,5.18500000,5.25400000,90445.83000000,1767578399999999,475141.26801000,5904,49125.17000000,257904.44117000,0
1767578400000000,5.25500000,5.27400000,5.17500000,5.23500000,39646.49000000,1767581999999999,206944.60037000,3109,18608.56000000,97179.78378000,0
1767582000000000,5.23600000,5.24300000,5.18600000,5.22300000,21819.22000000,1767585599999999,113878.56622000,1861,9854.14000000,51412.26376000,0
1767585600000000,5.22200000,5.23600000,5.11700000,5.16500000,68279.16000000,1767589199999999,354061.94214000,4406,28597.85000000,147954.71336000,0
1767589200000000,5.16400000,5.22400000,5.14500000,5.17100000,34756.22000000,1767592799999999,180411.85524000,2438,15447.78000000,80114.45893000,0
1767592800000000,5.17000000,5.17900000,5.09800000,5.16500000,26506.44000000,1767596399999999,136075.45994000,2532,10805.21000000,55499.67378000,0
1767596400000000,5.16300000,5.23200000,5.15100000,5.19900000,53540.41000000,1767599999999999,278130.12260000,3861,22733.78000000,118179.23733000,0
1767600000000000,5.19900000,5.23100000,5.14300000,5.16000000,33558.57000000,1767603599999999,174206.02464000,2732,17940.11000000,93262.87123000,0
1767603600000000,5.16000000,5.16100000,5.10800000,5.12300000,38733.90000000,1767607199999999,198508.01423000,3297,14730.45000000,75513.72265000,0
1767607200000000,5.12400000,5.17000000,5.07900000,5.11500000,34053.11000000,1767610799999999,174311.32880000,2585,12909.35000000,66119.15519000,0
1767610800000000,5.11400000,5.12800000,5.08800000,5.10600000,17039.01000000,1767614399999999,86982.51775000,1495,9749.38000000,49791.66617000,0
1767614400000000,5.10700000,5.14300000,5.07900000,5.12600000,46010.47000000,1767617999999999,234806.43165000,2489,32693.10000000,166777.60208000,0
1767618000000000,5.12600000,5.13500000,5.08200000,5.11200000,28333.39000000,1767621599999999,144775.06345000,2499,14842.62000000,75894.33559000,0
1767621600000000,5.11200000,5.22000000,5.09200000,5.19300000,47055.48000000,1767625199999999,242609.85508000,5186,28185.90000000,145364.44474000,0
1767625200000000,5.19400000,5.25400000,5.14000000,5.24100000,66793.72000000,1767628799999999,347160.94167000,5462,34299.17000000,178304.87449000,0
1767628800000000,5.24200000,5.26200000,5.17600000,5.19400000,37607.56000000,1767632399999999,196062.63776000,3852,16523.21000000,86173.73732000,0
1767632400000000,5.19300000,5.31600000,5.13300000,5.30700000,90573.36000000,1767635999999999,472753.47549000,6068,60154.73000000,314037.07969000,0
1767636000000000,5.30600000,5.37200000,5.27100000,5.36400000,92292.26000000,1767639599999999,490281.07447000,5918,45321.49000000,241024.87373000,0
1767639600000000,5.36500000,5.37500000,5.30900000,5.32200000,68939.86000000,1767643199999999,368200.61739000,4258,51512.85000000,275082.23432000,0
1767643200000000,5.32100000,5.47100000,5.31300000,5.38700000,114029.20000000,1767646799999999,616597.65213000,8185,56300.56000000,304165.16951000,0
1767646800000000,5.38800000,5.42300000,5.37200000,5.37800000,25486.14000000,1767650399999999,137618.34578000,2128,12518.99000000,67597.27864000,0
1767650400000000,5.37800000,5.49300000,5.36700000,5.44700000,36978.34000000,1767653999999999,201873.27090000,2199,20230.77000000,110374.95338000,0
1767654000000000,5.44800000,5.45000000,5.39100000,5.39100000,46815.38000000,1767657599999999,253563.48540000,2405,27470.31000000,148723.06757000,0
1767657600000000,5.39100000,5.41100000,5.31800000,5.40400000,40956.48000000,1767661199999999,219966.92763000,3064,21768.01000000,117031.16615000,0
1767661200000000,5.40300000,5.46500000,5.35900000,5.36100000,42063.91000000,1767664799999999,228024.72420000,3470,18970.35000000,102969.27594000,0
1767664800000000,5.36200000,5.40200000,5.35500000,5.36600000,27253.36000000,1767668399999999,146411.23750000,2040,12403.12000000,66642.98028000,0
1767668400000000,5.36500000,5.44600000,5.35800000,5.41400000,38302.29000000,1767671999999999,207413.89566000,2691,23115.73000000,125146.18908000,0
1767672000000000,5.41400000,5.44300000,5.38900000,5.41800000,53222.23000000,1767675599999999,288359.29556000,2735,24613.53000000,133346.74744000,0
1767675600000000,5.41700000,5.43400000,5.39400000,5.41400000,32568.39000000,1767679199999999,176260.07546000,1975,14784.03000000,80071.07013000,0
1767679200000000,5.41300000,5.46500000,5.37400000,5.42300000,46318.29000000,1767682799999999,251467.35133000,2357,29104.33000000,158114.85839000,0
1767682800000000,5.42000000,5.42100000,5.31000000,5.32200000,42381.98000000,1767686399999999,227055.83803000,2410,15023.97000000,80557.66472000,0
1767686400000000,5.32500000,5.39800000,5.32500000,5.35600000,27957.08000000,1767689999999999,149957.41234000,2273,14553.67000000,78068.72876000,0
1767690000000000,5.35500000,5.42400000,5.34400000,5.41700000,25985.26000000,1767693599999999,140278.60020000,1664,13552.39000000,73124.48547000,0
1767693600000000,5.41500000,5.51000000,5.39900000,5.47500000,128905.89000000,1767697199999999,704862.81205000,4031,96576.81000000,528240.97003000,0
1767697200000000,5.47600000,5.54900000,5.47200000,5.54500000,58285.83000000,1767700799999999,321627.01980000,3438,31516.34000000,173885.74591000,0
1767700800000000,5.54400000,5.66700000,5.54400000,5.65400000,126238.36000000,1767704399999999,709034.97726000,6857,71078.83000000,398960.73928000,0
1767704400000000,5.65300000,5.75700000,5.64300000,5.69400000,101278.40000000,1767707999999999,577669.37961000,5843,50845.99000000,289954.81730000,0
1767708000000000,5.69300000,5.90800000,5.66700000,5.71700000,263180.15000000,1767711599999999,1523249.61581000,16037,131605.56000000,761773.12804000,0
1767711600000000,5.71700000,5.80200000,5.60400000,5.65600000,154902.13000000,1767715199999999,885068.17498000,9611,75205.32000000,430349.46900000,0
1767715200000000,5.65500000,5.68100000,5.45100000,5.49100000,212591.74000000,1767718799999999,1179765.33439000,11221,87413.45000000,486590.68041000,0
1767718800000000,5.49000000,5.52600000,5.31700000,5.33800000,125880.26000000,1767722399999999,683481.83736000,8514,50548.13000000,275081.60416000,0
1767722400000000,5.33700000,5.41000000,5.31800000,5.39600000,63423.23000000,1767725999999999,341529.61206000,4365,30327.58000000,163245.36205000,0
1767726000000000,5.39700000,5.44600000,5.38300000,5.41500000,76547.14000000,1767729599999999,414737.12112000,3650,49041.89000000,265793.55303000,0
1767729600000000,5.41600000,5.53900000,5.41600000,5.52000000,65521.02000000,1767733199999999,360332.67968000,4572,41476.21000000,228133.68597000,0
1767733200000000,5.52100000,5.69500000,5.51800000,5.65400000,117562.13000000,1767736799999999,662269.94617000,8442,64563.57000000,363412.18540000,0
1767736800000000,5.65300000,5.67000000,5.52800000,5.55200000,67322.28000000,1767740399999999,375829.49920000,3490,30072.35000000,167927.70202000,0
1767740400000000,5.55200000,5.61100000,5.55000000,5.59900000,21934.67000000,1767743999999999,122422.29100000,1706,12036.49000000,67210.89462000,0
1767744000000000,5.59800000,5.59800000,5.45600000,5.46600000,55142.55000000,1767747599999999,304580.01058000,3324,29387.05000000,162141.33935000,0
1767747600000000,5.46500000,5.47100000,5.41200000,5.42400000,48921.04000000,1767751199999999,266372.02425000,2911,18675.23000000,101606.43245000,0
1767751200000000,5.42300000,5.47400000,5.41000000,5.45900000,20640.70000000,1767754799999999,112159.31548000,1666,11640.17000000,63291.24245000,0
1767754800000000,5.46000000,5.48400000,5.44200000,5.46600000,24991.97000000,1767758399999999,136547.62353000,1489,15773.91000000,86183.25766000,0
1767758400000000,5.46700000,5.50100000,5.43700000,5.44400000,15704.23000000,1767761999999999,85902.84566000,1129,6033.34000000,32976.84997000,0
1767762000000000,5.44500000,5.50400000,5.43700000,5.44200000,20772.26000000,1767765599999999,113737.08964000,1464,12165.12000000,66707.34985000,0
1767765600000000,5.44100000,5.46800000,5.42800000,5.43000000,13400.38000000,1767769199999999,72926.81673000,1119,7856.80000000,42760.67641000,0
1767769200000000,5.43000000,5.56500000,5.42900000,5.56400000,29083.22000000,1767772799999999,160657.29656000,2302,16863.15000000,93172.25277000,0
1767772800000000,5.56500000,5.59700000,5.52900000,5.55200000,39614.15000000,1767776399999999,220323.78285000,2635,17156.80000000,95455.27796000,0
1767776400000000,5.55100000,5.55400000,5.41100000,5.42200000,47508.45000000,1767779999999999,259708.94963000,3821,21549.00000000,117689.39290000,0
1767780000000000,5.42100000,5.44900000,5.41300000,5.43000000,20713.00000000,1767783599999999,112553.65696000,2032,11367.58000000,61781.95758000,0
1767783600000000,5.42900000,5.46700000,5.42500000,5.43800000,34265.94000000,1767787199999999,186538.87513000,2247,13354.35000000,72707.60856000,0
1767787200000000,5.43700000,5.44000000,5.34400000,5.34800000,133615.43000000,1767790799999999,719461.88777000,4303,36286.70000000,195624.81151000,0
1767790800000000,5.34900000,5.37700000,5.31800000,5.32100000,43978.34000000,1767794399999999,234961.27573000,2955,21790.08000000,116442.71190000,0
1767794400000000,5.32200000,5.33700000,5.21100000,5.32200000,121241.53000000,1767797999999999,638768.89748000,8351,61767.11000000,325494.11982000,0
1767798000000000,5.32300000,5.32800000,5.20700000,5.25500000,92298.49000000,1767801599999999,484784.26865000,6424,45668.70000000,239755.66990000,0
1767801600000000,5.25400000,5.29800000,5.22000000,5.25900000,33512.80000000,1767805199999999,176263.04693000,2698,17857.53000000,93920.08547000,0
1767805200000000,5.26000000,5.33000000,5.24800000,5.28100000,29524.14000000,1767808799999999,156202.75239000,1905,16353.91000000,86523.16775000,0
1767808800000000,5.28200000,5.32400000,5.26200000,5.29100000,42024.92000000,1767812399999999,222323.11929000,2586,19372.71000000,102552.84213000,0
1767812400000000,5.29200000,5.31300000,5.24400000,5.29500000,38338.03000000,1767815999999999,202314.01130000,2353,20287.31000000,107063.65943000,0
1767816000000000,5.29600000,5.30600000,5.23900000,5.26700000,23595.54000000,1767819599999999,124215.62799000,1589,11536.08000000,60739.59378000,0
1767819600000000,5.26600000,5.28700000,5.24700000,5.24800000,23571.89000000,1767823199999999,124140.87951000,1148,9731.59000000,51291.75179000,0
1767823200000000,5.24700000,5.28600000,5.21400000,5.23800000,21199.88000000,1767826799999999,111266.09509000,1292,11169.77000000,58629.31275000,0
1767826800000000,5.23800000,5.29800000,5.21000000,5.26300000,27175.17000000,1767830399999999,142930.90290000,2182,16704.53000000,87880.74540000,0
1767830400000000,5.26400000,5.29200000,5.24300000,5.27500000,21286.57000000,1767833999999999,112069.47018000,1623,10015.50000000,52733.16113000,0
1767834000000000,5.27600000,5.28600000,5.24600000,5.27900000,14269.94000000,1767837599999999,75183.25760000,1166,8577.75000000,45194.19917000,0
1767837600000000,5.27800000,5.28600000,5.22200000,5.22700000,25430.69000000,1767841199999999,133629.74248000,1936,10082.70000000,52994.32070000,0
1767841200000000,5.22800000,5.26000000,5.18300000,5.20300000,26870.93000000,1767844799999999,140185.61442000,1975,10908.28000000,56947.77089000,0
1767844800000000,5.20200000,5.26200000,5.19200000,5.24200000,22382.27000000,1767848399999999,117075.57817000,1831,10958.01000000,57287.14593000,0
1767848400000000,5.24300000,5.28000000,5.22200000,5.22500000,12185.93000000,1767851999999999,64043.98016000,1074,4486.19000000,23583.20549000,0
1767852000000000,5.22600000,5.23500000,5.14200000,5.14400000,39480.90000000,1767855599999999,204975.71142000,3009,18749.08000000,97357.62358000,0
1767855600000000,5.14500000,5.23500000,5.11000000,5.23200000,54113.93000000,1767859199999999,280076.53687000,3689,30520.74000000,158034.93242000,0
1767859200000000,5.23200000,5.26900000,5.16200000,5.16700000,36952.54000000,1767862799999999,193251.10449000,1894,17691.38000000,92514.65578000,0
1767862800000000,5.16800000,5.18400000,5.11100000,5.11600000,39789.90000000,1767866399999999,204689.18154000,2061,17105.29000000,87957.29194000,0
1767866400000000,5.11600000,5.14600000,5.07200000,5.13700000,40757.25000000,1767869999999999,208329.53301000,2722,23393.96000000,119633.66796000,0
1767870000000000,5.13600000,5.14300000,5.07000000,5.08600000,70642.02000000,1767873599999999,359725.39270000,4277,24605.86000000,125345.06604000,0
1767873600000000,5.08700000,5.09500000,5.02900000,5.04800000,67673.40000000,1767877199999999,342032.92525000,3309,31729.06000000,160227.99668000,0
1767877200000000,5.04800000,5.06600000,5.02800000,5.04500000,14307.56000000,1767880799999999,72253.38636000,1235,7709.52000000,38921.84972000,0
1767880800000000,5.04400000,5.10100000,5.00500000,5.08800000,76880.16000000,1767884399999999,387696.67378000,4873,45243.39000000,228250.27851000,0
1767884400000000,5.08700000,5.27500000,5.05300000,5.25700000,87954.87000000,1767887999999999,454426.86144000,6205,59986.61000000,310001.43684000,0
1767888000000000,5.25800000,5.27400000,5.18500000,5.24400000,95968.07000000,1767891599999999,500701.66563000,7640,62262.38000000,324786.08612000,0
1767891600000000,5.24400000,5.28100000,5.19100000,5.26600000,61109.30000000,1767895199999999,320433.39353000,4773,41339.70000000,216767.78862000,0
1767895200000000,5.26500000,5.26500000,5.19100000,5.20200000,38643.76000000,1767898799999999,201882.21631000,2982,19025.68000000,99397.75102000,0
1767898800000000,5.20300000,5.22800000,5.15700000,5.16900000,38569.76000000,1767902399999999,200102.43939000,2720,24933.61000000,129374.43355000,0
1767902400000000,5.16900000,5.16900000,5.11300000,5.15000000,36139.92000000,1767905999999999,185610.61062000,2715,13370.20000000,68630.75351000,0
1767906000000000,5.15000000,5.23600000,5.15000000,5.22900000,30595.59000000,1767909599999999,158840.58965000,1916,18373.73000000,95415.33854000,0
1767909600000000,5.23000000,5.25500000,5.18300000,5.22100000,28295.14000000,1767913199999999,147510.28919000,1659,15493.61000000,80804.80622000,0
1767913200000000,5.22200000,5.22500000,5.18400000,5.19200000,9995.05000000,1767916799999999,52033.05235000,870,3372.87000000,17566.14931000,0
1767916800000000,5.19300000,5.21500000,5.19100000,5.19900000,20050.08000000,1767920399999999,104287.42455000,1435,14506.29000000,75451.63118000,0
1767920400000000,5.20000000,5.24700000,5.14100000,5.16400000,56866.11000000,1767923999999999,295291.03778000,4125,28337.35000000,147326.71859000,0
1767924000000000,5.16300000,5.22400000,5.15800000,5.16500000,20872.75000000,1767927599999999,108533.57354000,1477,11551.18000000,60055.91566000,0
1767927600000000,5.16400000,5.22100000,5.15900000,5.22000000,17080.58000000,1767931199999999,88800.95977000,1418,10346.20000000,53788.18094000,0
1767931200000000,5.21800000,5.22400000,5.17700000,5.18600000,19059.30000000,1767934799999999,99048.04764000,1385,12747.59000000,66238.59026000,0
1767934800000000,5.18700000,5.22600000,5.18700000,5.22400000,40830.10000000,1767938399999999,212634.19482000,1491,34268.76000000,178470.89135000,0
1767938400000000,5.22400000,5.25900000,5.20600000,5.25900000,23478.88000000,1767941999999999,122831.45935000,1343,15477.38000000,81003.43873000,0
1767942000000000,5.25800000,5.27200000,5.22700000,5.22700000,29556.12000000,1767945599999999,155293.31199000,2121,13078.42000000,68734.84528000,0
1767945600000000,5.22800000,5.24300000,5.10500000,5.13700000,51468.03000000,1767949199999999,265574.62927000,4456,20147.27000000,103837.01268000,0
1767949200000000,5.13700000,5.21300000,5.13500000,5.17700000,34560.49000000,1767952799999999,178870.16951000,2686,15705.37000000,81307.64184000,0
1767952800000000,5.17800000,5.20600000,5.16300000,5.20000000,26484.67000000,1767956399999999,137318.18806000,1861,18914.83000000,98088.30840000,0
1767956400000000,5.20100000,5.22200000,5.16200000,5.16900000,49769.15000000,1767959999999999,258050.89809000,1853,11126.98000000,57810.81210000,0
1767960000000000,5.16900000,5.18200000,5.13400000,5.16100000,22882.75000000,1767963599999999,117963.49756000,1549,13105.14000000,67580.55762000,0
1767963600000000,5.16100000,5.25500000,5.15100000,5.22300000,74838.05000000,1767967199999999,390237.40350000,5501,53188.97000000,277389.71465000,0
1767967200000000,5.22400000,5.22700000,5.13000000,5.15600000,50029.69000000,1767970799999999,258518.78882000,4799,26566.58000000,137237.25608000,0
1767970800000000,5.15700000,5.36200000,5.12400000,5.27600000,114061.37000000,1767974399999999,599619.26363000,10492,71868.32000000,377564.03177000,0
1767974400000000,5.27700000,5.40000000,5.27700000,5.32500000,65951.00000000,1767977999999999,352299.93591000,5692,41498.63000000,221729.98115000,0
1767978000000000,5.32600000,5.33300000,5.20700000,5.28300000,37666.85000000,1767981599999999,198246.11857000,3145,16097.22000000,84665.17743000,0
1767981600000000,5.28200000,5.28700000,5.14100000,5.20700000,35118.63000000,1767985199999999,182628.25719000,3222,13430.46000000,69849.58688000,0
1767985200000000,5.20700000,5.20700000,5.13500000,5.15700000,30434.72000000,1767988799999999,157167.30593000,3177,18897.86000000,97618.54682000,0
1767988800000000,5.15700000,5.20300000,5.15000000,5.17100000,35546.87000000,1767992399999999,183918.27758000,2492,26911.27000000,139255.41127000,0
1767992400000000,5.17000000,5.21900000,5.15300000,5.20400000,17372.27000000,1767995999999999,90248.97902000,1565,11949.73000000,62097.84129000,0
1767996000000000,5.20300000,5.24000000,5.18700000,5.23400000,14168.82000000,1767999599999999,73946.54324000,868,7946.15000000,41505.86974000,0
1767999600000000,5.23300000,5.23300000,5.18400000,5.19300000,8021.32000000,1768003199999999,41765.92885000,926,2890.25000000,15053.61419000,0
1768003200000000,5.19300000,5.19400000,5.15000000,5.17400000,10498.79000000,1768006799999999,54277.98311000,1028,4197.65000000,21698.61394000,0
1768006800000000,5.17400000,5.18300000,5.16100000,5.16400000,7681.42000000,1768010399999999,39739.83641000,745,3826.21000000,19797.90605000,0
1768010400000000,5.16500000,5.17000000,5.12800000,5.14300000,8616.02000000,1768013999999999,44352.00573000,694,4880.16000000,25120.60047000,0
1768014000000000,5.14400000,5.16300000,5.11600000,5.15900000,14474.48000000,1768017599999999,74323.64290000,1041,7766.98000000,39886.81060000,0
1768017600000000,5.15900000,5.15900000,5.12100000,5.13200000,7563.60000000,1768021199999999,38835.90532000,936,3337.96000000,17142.26254000,0
1768021200000000,5.13200000,5.13500000,5.11700000,5.12300000,5239.20000000,1768024799999999,26855.32820000,481,3286.91000000,16850.79382000,0
1768024800000000,5.12300000,5.14700000,5.09300000,5.13600000,12311.09000000,1768028399999999,63020.37839000,880,8244.72000000,42225.29050000,0
1768028400000000,5.13500000,5.17800000,5.13400000,5.16000000,19421.26000000,1768031999999999,100173.71087000,1140,10075.04000000,51979.18442000,0
1768032000000000,5.16000000,5.19200000,5.15600000,5.18900000,19197.90000000,1768035599999999,99256.84978000,1150,7416.24000000,38349.15270000,0
1768035600000000,5.18800000,5.22800000,5.18800000,5.21300000,19908.93000000,1768039199999999,103734.67114000,1362,13185.26000000,68719.87122000,0
1768039200000000,5.21200000,5.23900000,5.19900000,5.23300000,11295.65000000,1768042799999999,58991.75431000,646,7835.12000000,40945.31981000,0
1768042800000000,5.23400000,5.30800000,5.21600000,5.29600000,45389.36000000,1768046399999999,239166.81864000,2426,31463.84000000,165815.45417000,0
1768046400000000,5.29500000,5.37700000,5.28200000,5.36600000,43448.12000000,1768049999999999,231476.45368000,2374,24968.04000000,132979.67923000,0
1768050000000000,5.36600000,5.36800000,5.30900000,5.31600000,31107.64000000,1768053599999999,165936.97245000,1952,12638.84000000,67409.48573000,0
1768053600000000,5.31700000,5.32400000,5.27000000,5.28000000,21662.94000000,1768057199999999,114632.34639000,1892,10268.51000000,54344.43265000,0
1768057200000000,5.28100000,5.30000000,5.26900000,5.27900000,14977.40000000,1768060799999999,79108.57434000,1047,8086.20000000,42727.80444000,0
1768060800000000,5.27900000,5.29300000,5.23800000,5.24500000,39374.79000000,1768064399999999,207804.00562000,1622,29187.05000000,154184.11526000,0
1768064400000000,5.24500000,5.29100000,5.22000000,5.22700000,22073.46000000,1768067999999999,116075.06037000,1713,10159.96000000,53422.02252000,0
1768068000000000,5.22800000,5.26700000,5.21400000,5.25000000,18227.08000000,1768071599999999,95650.22076000,1190,8484.15000000,44500.11118000,0
1768071600000000,5.25000000,5.29300000,5.25000000,5.28900000,14368.01000000,1768075199999999,75851.73630000,1090,5544.54000000,29257.41139000,0
1768075200000000,5.29000000,5.29200000,5.25300000,5.25700000,35078.18000000,1768078799999999,184998.87851000,1143,5812.12000000,30627.75095000,0
1768078800000000,5.25600000,5.26200000,5.21400000,5.21700000,10375.26000000,1768082399999999,54290.84421000,809,3440.51000000,18012.43588000,0
1768082400000000,5.21700000,5.22000000,5.16800000,5.17000000,15554.59000000,1768085999999999,80872.07004000,833,7255.94000000,37695.44378000,0
1768086000000000,5.16900000,5.21000000,5.16800000,5.19700000,13757.04000000,1768089599999999,71351.19970000,950,8980.88000000,46617.85106000,0
1768089600000000,5.19800000,5.22600000,5.18700000,5.22500000,8787.68000000,1768093199999999,45730.40148000,797,5472.16000000,28479.31531000,0
1768093200000000,5.22400000,5.23700000,5.20300000,5.22300000,11513.85000000,1768096799999999,60112.66228000,938,4047.17000000,21119.03859000,0
1768096800000000,5.22400000,5.23900000,5.20100000,5.20400000,11512.34000000,1768100399999999,60103.33691000,808,3997.82000000,20876.65524000,0
1768100400000000,5.20500000,5.24000000,5.20200000,5.22300000,23329.97000000,1768103999999999,121902.05619000,1128,12752.19000000,66608.44345000,0
1768104000000000,5.22200000,5.22300000,5.19200000,5.22200000,10236.12000000,1768107599999999,53346.08903000,783,7112.71000000,37079.27816000,0
1768107600000000,5.22300000,5.23100000,5.20400000,5.21700000,12033.61000000,1768111199999999,62826.00244000,779,5775.71000000,30149.61637000,0
1768111200000000,5.21800000,5.22300000,5.18800000,5.21700000,5117.78000000,1768114799999999,26639.96265000,567,2826.38000000,14705.41216000,0
1768114800000000,5.21700000,5.23200000,5.20900000,5.22900000,16155.82000000,1768118399999999,84385.55738000,605,4223.78000000,22053.78986000,0
1768118400000000,5.22700000,5.24600000,5.21500000,5.22900000,17064.87000000,1768121999999999,89217.53037000,1191,11151.53000000,58284.70141000,0
1768122000000000,5.22800000,5.26800000,5.22700000,5.25800000,17220.08000000,1768125599999999,90446.41320000,1192,13301.87000000,69879.64759000,0
1768125600000000,5.25700000,5.28300000,5.24800000,5.28200000,16159.11000000,1768129199999999,85136.07143000,1043,10265.97000000,54098.28235000,0
1768129200000000,5.28200000,5.28800000,5.26100000,5.27800000,24054.08000000,1768132799999999,126863.91095000,1218,13563.67000000,71541.20875000,0
1768132800000000,5.27900000,5.32100000,5.27300000,5.29900000,20017.71000000,1768136399999999,106033.93468000,1294,12455.96000000,65966.66179000,0
1768136400000000,5.30000000,5.30300000,5.22600000,5.23100000,86373.33000000,1768139999999999,455007.73412000,2163,18322.50000000,96490.53018000,0
1768140000000000,5.23000000,5.29200000,5.22300000,5.27700000,28502.28000000,1768143599999999,149683.24309000,1942,19210.41000000,100845.50760000,0
1768143600000000,5.27900000,5.29000000,5.18900000,5.20800000,28113.02000000,1768147199999999,147188.06319000,2049,14363.87000000,75233.90780000,0
1768147200000000,5.20900000,5.31500000,5.20800000,5.26100000,41769.48000000,1768150799999999,220247.11688000,3412,28023.09000000,147835.38348000,0
1768150800000000,5.26200000,5.28800000,5.23100000,5.28700000,15482.73000000,1768154399999999,81482.54909000,1479,8076.89000000,42528.28817000,0
1768154400000000,5.28800000,5.29200000,5.24300000,5.26800000,9331.04000000,1768157999999999,49074.22693000,873,5072.42000000,26681.20350000,0
1768158000000000,5.26800000,5.28600000,5.23800000,5.24500000,13234.87000000,1768161599999999,69657.30397000,1404,6193.20000000,32584.08913000,0
1768161600000000,5.24400000,5.24400000,5.15200000,5.19000000,41594.97000000,1768165199999999,215615.72586000,2981,18540.71000000,96072.56788000,0
1768165200000000,5.18900000,5.22300000,5.15500000,5.21500000,41648.05000000,1768168799999999,215922.81742000,2235,16706.72000000,86746.67948000,0
1768168800000000,5.21400000,5.21400000,5.13200000,5.13600000,23035.49000000,1768172399999999,118751.58864000,1528,9144.09000000,47110.90156000,0
1768172400000000,5.13500000,5.19400000,5.08300000,5.18500000,49114.86000000,1768175999999999,253284.10549000,3048,35745.74000000,184612.53698000,0
1768176000000000,5.18600000,5.20400000,5.09600000,5.18500000,31590.41000000,1768179599999999,163049.46344000,3508,20853.97000000,107638.11504000,0
1768179600000000,5.18600000,5.25400000,5.17400000,5.21600000,39465.48000000,1768183199999999,205842.59155000,4061,21759.76000000,113491.26787000,0
1768183200000000,5.21700000,5.33500000,5.21700000,5.32900000,56454.01000000,1768186799999999,299199.58927000,3860,40338.06000000,213831.20990000,0
1768186800000000,5.33000000,5.35200000,5.24600000,5.24800000,63240.02000000,1768190399999999,336080.35835000,3655,30938.59000000,164638.12820000,0
1768190400000000,5.24900000,5.31200000,5.23700000,5.30300000,40262.48000000,1768193999999999,212335.07604000,2105,20912.70000000,110468.97388000,0
1768194000000000,5.30400000,5.33200000,5.27700000,5.28900000,36759.23000000,1768197599999999,194980.15842000,1901,17823.74000000,94596.28582000,0
1768197600000000,5.28900000,5.30100000,5.23400000,5.24200000,22373.37000000,1768201199999999,117967.18197000,1845,10542.84000000,55656.97434000,0
1768201200000000,5.24300000,5.27300000,5.13200000,5.13400000,91443.41000000,1768204799999999,475149.47053000,6911,37115.97000000,193152.95680000,0
1768204800000000,5.13500000,5.17300000,5.04200000,5.09200000,68158.54000000,1768208399999999,348515.82443000,9256,26018.18000000,133091.99613000,0
1768208400000000,5.09200000,5.11800000,5.07700000,5.08800000,26206.92000000,1768211999999999,133613.59171000,2517,13096.21000000,66787.16935000,0
1768212000000000,5.08900000,5.10800000,5.07100000,5.08100000,23649.29000000,1768215599999999,120406.15409000,2027,8135.18000000,41411.48633000,0
1768215600000000,5.08100000,5.11400000,5.08000000,5.09400000,24439.85000000,1768219199999999,124633.68631000,2139,12659.61000000,64577.57521000,0
1768219200000000,5.09300000,5.10500000,5.06600000,5.07300000,27124.59000000,1768222799999999,138035.80380000,1597,9044.43000000,46030.57669000,0
1768222800000000,5.07400000,5.08700000,5.03500000,5.05000000,27467.90000000,1768226399999999,138966.32930000,2471,13632.30000000,68973.01375000,0
1768226400000000,5.04900000,5.12800000,4.99700000,5.09700000,72802.07000000,1768229999999999,368046.47506000,5459,41325.32000000,209156.66260000,0
1768230000000000,5.09700000,5.18400000,5.08600000,5.16100000,62568.52000000,1768233599999999,321286.11779000,3917,42386.97000000,217432.27055000,0
1768233600000000,5.16000000,5.19700000,5.11900000,5.14500000,63029.57000000,1768237199999999,324684.80931000,3650,25230.70000000,130129.95166000,0
1768237200000000,5.14600000,5.16000000,5.03400000,5.07400000,26866.84000000,1768240799999999,136786.13633000,2938,14391.75000000,73200.69367000,0
1768240800000000,5.07500000,5.11700000,5.05900000,5.07800000,39558.31000000,1768244399999999,201360.62790000,2207,15708.32000000,79922.86231000,0
1768244400000000,5.07700000,5.08300000,5.04500000,5.07800000,18685.43000000,1768247999999999,94732.06444000,1488,8987.26000000,45576.58883000,0
1768248000000000,5.07800000,5.11600000,5.03200000,5.03600000,20113.07000000,1768251599999999,101895.74577000,1580,9482.32000000,48046.59459000,0
1768251600000000,5.03500000,5.04300000,4.98400000,5.00700000,39029.80000000,1768255199999999,195684.93862000,1910,18591.85000000,93245.79181000,0
1768255200000000,5.00800000,5.04400000,5.00000000,5.02800000,62230.83000000,1768258799999999,312689.78986000,1806,22156.92000000,111243.78544000,0
1768258800000000,5.02600000,5.03500000,5.00000000,5.02600000,23884.79000000,1768262399999999,119906.45946000,1996,7101.59000000,35664.68796000,0
1768262400000000,5.02500000,5.04600000,5.01600000,5.03900000,25995.46000000,1768265999999999,130812.47520000,1345,19395.48000000,97613.75938000,0
1768266000000000,5.03800000,5.06500000,5.02800000,5.04300000,7209.97000000,1768269599999999,36397.79040000,872,3104.76000000,15677.69143000,0
1768269600000000,5.04300000,5.09000000,5.04300000,5.05200000,21178.52000000,1768273199999999,107444.86380000,1155,12598.74000000,63942.05890000,0
1768273200000000,5.05300000,5.10900000,5.04000000,5.10200000,28597.37000000,1768276799999999,145248.92400000,1698,19876.43000000,100993.16683000,0
1768276800000000,5.10300000,5.14900000,5.10100000,5.14800000,21354.32000000,1768280399999999,109427.54871000,1343,12126.51000000,62115.02785000,0
1768280400000000,5.14700000,5.23100000,5.14600000,5.20700000,49877.53000000,1768283999999999,258920.27637000,3325,32308.79000000,167630.22351000,0
1768284000000000,5.20800000,5.22900000,5.17300000,5.19800000,112179.01000000,1768287599999999,584246.94416000,4054,43639.74000000,227412.70215000,0
1768287600000000,5.19900000,5.19900000,5.16300000,5.17300000,11165.52000000,1768291199999999,57796.92152000,856,4368.06000000,22614.38437000,0
1768291200000000,5.17400000,5.21600000,5.13200000,5.20500000,20849.50000000,1768294799999999,107828.44085000,1309,8126.19000000,42063.02401000,0
1768294800000000,5.20600000,5.22800000,5.17900000,5.20400000,29327.61000000,1768298399999999,152711.36760000,2191,16576.81000000,86364.12311000,0
1768298400000000,5.20500000,5.25500000,5.19800000,5.25000000,19651.61000000,1768301999999999,102731.96208000,1434,10946.65000000,57237.15284000,0
1768302000000000,5.25000000,5.29700000,5.24500000,5.27700000,63070.17000000,1768305599999999,332558.29985000,2962,29424.64000000,155161.25565000,0
1768305600000000,5.27800000,5.31500000,5.25800000,5.31200000,41230.64000000,1768309199999999,217901.34135000,2806,24420.58000000,129124.84941000,0
1768309200000000,5.31200000,5.39700000,5.29200000,5.37600000,109832.66000000,1768312799999999,587439.48939000,7591,54737.22000000,292711.37618000,0
1768312800000000,5.37600000,5.44800000,5.34700000,5.38000000,99709.67000000,1768316399999999,537832.53396000,7896,45869.70000000,247518.47133000,0
1768316400000000,5.37900000,5.51700000,5.33900000,5.48200000,134415.37000000,1768319999999999,730843.78727000,8451,87089.45000000,474356.95965000,0
1768320000000000,5.48200000,5.57200000,5.47400000,5.53500000,209968.20000000,1768323599999999,1159479.40849000,10306,97558.53000000,539291.43411000,0
1768323600000000,5.53500000,5.55000000,5.44500000,5.49100000,103100.31000000,1768327199999999,564029.88625000,5511,47469.32000000,259603.87855000,0
1768327200000000,5.49100000,5.53800000,5.47400000,5.49600000,99389.05000000,1768330799999999,547072.70991000,4750,41740.73000000,229721.81413000,0
1768330800000000,5.49500000,5.51500000,5.46000000,5.50200000,23141.84000000,1768334399999999,126895.50136000,1866,11916.91000000,65375.71898000,0
1768334400000000,5.50300000,5.52000000,5.44200000,5.46900000,66902.81000000,1768337999999999,366100.14016000,3474,30659.06000000,167858.53008000,0
1768338000000000,5.46900000,5.50100000,5.45500000,5.49800000,27776.15000000,1768341599999999,152069.04792000,1825,16429.25000000,89954.68617000,0
1768341600000000,5.49900000,5.79700000,5.49900000,5.74300000,308133.06000000,1768345199999999,1761108.44667000,19567,151261.98000000,864041.32753000,0
1768345200000000,5.74400000,5.76900000,5.62400000,5.64300000,119723.78000000,1768348799999999,679550.57594000,6391,48183.61000000,273464.59340000,0
1768348800000000,5.64600000,5.68900000,5.62500000,5.66800000,72940.51000000,1768352399999999,413261.46823000,4049,47008.26000000,266471.51195000,0
1768352400000000,5.66800000,5.69300000,5.63600000,5.65300000,29990.84000000,1768355999999999,169777.46162000,2193,17229.24000000,97580.87180000,0
1768356000000000,5.65200000,5.67900000,5.63800000,5.64900000,28908.80000000,1768359599999999,163553.97694000,2211,14129.79000000,79934.83334000,0
1768359600000000,5.64800000,5.66100000,5.62700000,5.65800000,28099.89000000,1768363199999999,158625.90119000,1641,18703.68000000,105586.46716000,0
1768363200000000,5.65700000,5.66400000,5.61000000,5.62100000,72962.47000000,1768366799999999,411101.09401000,3025,40718.06000000,229577.99735000,0
1768366800000000,5.62000000,5.62000000,5.57200000,5.60300000,69574.18000000,1768370399999999,389425.42138000,2437,36676.44000000,205325.20386000,0
1768370400000000,5.60200000,5.64100000,5.56200000,5.63900000,45668.24000000,1768373999999999,255522.57370000,2471,17450.71000000,97728.94542000,0
1768374000000000,5.63900000,5.66900000,5.60700000,5.64000000,55628.90000000,1768377599999999,313717.13451000,2309,39252.07000000,221335.93707000,0
1768377600000000,5.64100000,5.65800000,5.62100000,5.62100000,48505.41000000,1768381199999999,273280.05797000,1662,16545.91000000,93305.29956000,0
1768381200000000,5.62100000,5.66000000,5.62100000,5.65600000,28392.37000000,1768384799999999,160079.16931000,1814,16615.52000000,93729.28774000,0
1768384800000000,5.65600000,5.67800000,5.58600000,5.58600000,41269.19000000,1768388399999999,232646.76757000,2413,21857.32000000,123238.96035000,0
1768388400000000,5.58600000,5.60000000,5.54700000,5.56700000,83123.93000000,1768391999999999,463193.10797000,3689,44707.87000000,248989.82802000,0
1768392000000000,5.56700000,5.60800000,5.56200000,5.57200000,21613.91000000,1768395599999999,120670.87501000,1427,11681.39000000,65223.05748000,0
1768395600000000,5.57100000,5.58300000,5.51400000,5.51900000,57367.83000000,1768399199999999,318202.05303000,2250,19082.63000000,105852.94153000,0
1768399200000000,5.51800000,5.66100000,5.51700000,5.63600000,95891.08000000,1768402799999999,536819.60546000,5602,54127.33000000,303119.79511000,0
1768402800000000,5.63600000,5.70900000,5.60200000,5.68200000,145465.35000000,1768406399999999,822856.90706000,6781,79632.07000000,450567.03366000,0
1768406400000000,5.68300000,5.72700000,5.64700000,5.66000000,104957.00000000,1768409999999999,596827.40283000,5112,54451.05000000,309669.59044000,0
1768410000000000,5.66000000,5.68400000,5.57400000,5.59400000,95643.68000000,1768413599999999,538517.39712000,4690,45395.45000000,255730.20721000,0
1768413600000000,5.59300000,5.61000000,5.49400000,5.54600000,130948.52000000,1768417199999999,727856.69779000,5668,63646.88000000,353595.35264000,0
1768417200000000,5.54500000,5.63500000,5.52300000,5.56600000,106298.66000000,1768420799999999,592647.99949000,5694,61576.97000000,343464.89737000,0
1768420800000000,5.56700000,5.62600000,5.55400000,5.58700000,40709.54000000,1768424399999999,227231.59130000,2603,23341.53000000,130337.84503000,0
1768424400000000,5.58600000,5.59500000,5.52300000,5.55100000,112070.84000000,1768427999999999,621652.15578000,2916,71231.15000000,394590.43896000,0
1768428000000000,5.55000000,5.55000000,5.48900000,5.51600000,49395.78000000,1768431599999999,272574.06014000,2070,19582.00000000,108118.29405000,0
1768431600000000,5.51500000,5.55800000,5.50900000,5.52700000,49017.66000000,1768435199999999,271052.30169000,2034,25265.64000000,139704.19897000,0
1768435200000000,5.52800000,5.52800000,5.47600000,5.48800000,66206.51000000,1768438799999999,364062.10300000,2909,33627.97000000,184941.50086000,0
1768438800000000,5.48800000,5.53900000,5.45800000,5.47100000,79845.83000000,1768442399999999,438580.47834000,3532,37911.16000000,208243.67214000,0
1768442400000000,5.46900000,5.48200000,5.41600000,5.42500000,86539.74000000,1768445999999999,471750.16634000,3692,43863.20000000,239085.17364000,0
1768446000000000,5.42500000,5.43400000,5.29400000,5.30200000,109134.10000000,1768449599999999,584260.09483000,4206,41316.52000000,221358.76101000,0
1768449600000000,5.30200000,5.34300000,5.28600000,5.31700000,44517.17000000,1768453199999999,236529.25841000,2061,24096.84000000,128060.63565000,0
1768453200000000,5.31600000,5.35600000,5.31500000,5.33600000,41393.18000000,1768456799999999,221120.48987000,1913,24990.14000000,133490.79398000,0
1768456800000000,5.33500000,5.35100000,5.29900000,5.30700000,24156.34000000,1768460399999999,128716.22773000,1079,9211.84000000,49079.80746000,0
1768460400000000,5.30700000,5.39000000,5.30500000,5.37300000,38557.80000000,1768463999999999,206765.93208000,1639,23047.92000000,123566.30519000,0
1768464000000000,5.37200000,5.37700000,5.34000000,5.35200000,57950.97000000,1768467599999999,310285.83701000,1751,28123.47000000,150565.05254000,0
1768467600000000,5.35200000,5.40400000,5.32900000,5.38200000,60795.00000000,1768471199999999,326141.28660000,1981,32285.04000000,173249.78451000,0
1768471200000000,5.38200000,5.38700000,5.34600000,5.36300000,42225.89000000,1768474799999999,226585.49281000,1537,17894.18000000,96024.26070000,0
1768474800000000,5.36200000,5.37200000,5.32600000,5.33400000,14338.47000000,1768478399999999,76673.06494000,761,7540.35000000,40336.34922000,0
1768478400000000,5.33300000,5.40200000,5.33200000,5.40100000,23803.16000000,1768481999999999,127714.50572000,1147,13835.38000000,74220.13902000,0
1768482000000000,5.40000000,5.41800000,5.37300000,5.39100000,40349.23000000,1768485599999999,217645.10258000,1666,22677.65000000,122302.08416000,0
1768485600000000,5.39000000,5.40300000,5.27400000,5.31000000,77312.36000000,1768489199999999,412213.16498000,4180,42781.53000000,228092.80976000,0
1768489200000000,5.30900000,5.33700000,5.15100000,5.24200000,105281.48000000,1768492799999999,550254.37420000,6085,47319.83000000,247379.16058000,0
1768492800000000,5.24100000,5.26700000,5.19000000,5.23900000,49291.46000000,1768496399999999,257599.24963000,3319,26520.90000000,138592.29588000,0
1768496400000000,5.23800000,5.27700000,5.18200000,5.19700000,49343.66000000,1768499999999999,258245.72355000,2878,24941.61000000,130628.86643000,0
1768500000000000,5.19800000,5.20600000,5.11700000,5.13800000,76358.96000000,1768503599999999,393817.20951000,3385,32937.57000000,169882.46251000,0
1768503600000000,5.13800000,5.18200000,5.10900000,5.16700000,55513.78000000,1768507199999999,285574.80369000,2997,28441.83000000,146337.98886000,0
1768507200000000,5.16600000,5.18600000,5.09300000,5.10400000,29034.17000000,1768510799999999,148973.40398000,1552,11503.32000000,59005.42302000,0
1768510800000000,5.10400000,5.14300000,5.10100000,5.14200000,23515.89000000,1768514399999999,120573.13779000,975,10270.60000000,52651.33286000,0
1768514400000000,5.14200000,5.17800000,5.13700000,5.15700000,12985.51000000,1768517999999999,66985.29743000,568,8712.51000000,44950.20180000,0
1768518000000000,5.15800000,5.18800000,5.14100000,5.16700000,24065.25000000,1768521599999999,124541.79252000,1044,18397.02000000,95252.43439000,0
1768521600000000,5.16600000,5.19000000,5.16000000,5.17200000,24273.51000000,1768525199999999,125731.84520000,1516,16664.71000000,86334.41129000,0
1768525200000000,5.17300000,5.19700000,5.16600000,5.18200000,14009.74000000,1768528799999999,72577.46793000,1056,10191.71000000,52796.78505000,0
1768528800000000,5.18200000,5.20100000,5.14100000,5.19500000,20305.99000000,1768532399999999,104783.47571000,1527,10101.24000000,52148.01797000,0
1768532400000000,5.19600000,5.20400000,5.16500000,5.17400000,10102.25000000,1768535999999999,52361.79031000,629,4431.09000000,22964.98397000,0
1768536000000000,5.17400000,5.18800000,5.11500000,5.13800000,47922.22000000,1768539599999999,247037.34765000,1602,11722.04000000,60407.55745000,0
1768539600000000,5.13800000,5.20100000,5.13500000,5.18600000,25059.58000000,1768543199999999,129555.10397000,1167,16086.08000000,83223.32192000,0
1768543200000000,5.18500000,5.21000000,5.17300000,5.20800000,17177.13000000,1768546799999999,89151.67772000,732,9917.86000000,51495.62654000,0
1768546800000000,5.20700000,5.23200000,5.19300000,5.20100000,20269.54000000,1768550399999999,105690.00569000,780,5887.93000000,30716.34590000,0
1768550400000000,5.20300000,5.22500000,5.19800000,5.21000000,21749.92000000,1768553999999999,113443.02667000,890,12079.10000000,63000.41497000,0
1768554000000000,5.21000000,5.22200000,5.20000000,5.20500000,14557.83000000,1768557599999999,75870.83642000,711,7820.75000000,40762.48547000,0
1768557600000000,5.20600000,5.20600000,5.17400000,5.18100000,13895.35000000,1768561199999999,72099.50987000,761,5620.90000000,29165.13049000,0
1768561200000000,5.18200000,5.19800000,5.15900000,5.19400000,15750.43000000,1768564799999999,81638.11582000,733,11624.80000000,60290.08055000,0
1768564800000000,5.19400000,5.20600000,5.17800000,5.19800000,24230.06000000,1768568399999999,125937.84705000,969,20217.90000000,105089.28807000,0
1768568400000000,5.19900000,5.19900000,5.16700000,5.18400000,8853.17000000,1768571999999999,45896.82401000,562,4482.64000000,23241.62506000,0
1768572000000000,5.18300000,5.22600000,5.17900000,5.19700000,20868.33000000,1768575599999999,108509.07870000,1470,12177.24000000,63313.85695000,0
1768575600000000,5.19600000,5.21700000,5.03000000,5.06100000,111364.53000000,1768579199999999,568349.99065000,4910,50196.65000000,256190.65392000,0
1768579200000000,5.06100000,5.14400000,5.04700000,5.11500000,45699.31000000,1768582799999999,232855.80397000,2252,27454.39000000,139964.57087000,0
1768582800000000,5.11600000,5.15100000,5.06900000,5.14500000,23128.73000000,1768586399999999,118014.41769000,1422,14476.55000000,73908.08931000,0
1768586400000000,5.14500000,5.20000000,5.12700000,5.13600000,52950.73000000,1768589999999999,273184.92470000,2415,27786.68000000,143392.73419000,0
1768590000000000,5.13500000,5.16700000,5.11100000,5.15500000,6525.88000000,1768593599999999,33482.36757000,857,3254.94000000,16711.09265000,0
1768593600000000,5.15400000,5.27600000,5.13500000,5.27200000,37065.21000000,1768597199999999,193228.31850000,2043,25840.81000000,134904.34297000,0
1768597200000000,5.27200000,5.33500000,5.26000000,5.32600000,73444.05000000,1768600799999999,390124.40113000,3065,40869.28000000,216920.64733000,0
1768600800000000,5.32600000,5.35700000,5.30300000,5.33100000,27454.90000000,1768604399999999,146428.13617000,1338,16429.52000000,87633.64566000,0
1768604400000000,5.33100000,5.34100000,5.28200000,5.28900000,28337.28000000,1768607999999999,150164.54326000,1140,17680.12000000,93688.95950000,0
1768608000000000,5.29000000,5.33100000,5.29000000,5.32400000,42673.99000000,1768611599999999,226698.20347000,1302,32153.26000000,170833.07737000,0
1768611600000000,5.32300000,5.36600000,5.31500000,5.35800000,22341.09000000,1768615199999999,119265.27326000,1377,11971.85000000,63891.52983000,0
1768615200000000,5.35900000,5.36900000,5.29000000,5.33200000,18819.15000000,1768618799999999,100248.68246000,1006,8951.82000000,47589.85218000,0
1768618800000000,5.33300000,5.35900000,5.31900000,5.34900000,14291.87000000,1768622399999999,76324.69656000,1045,8245.35000000,44039.89511000,0
1768622400000000,5.34800000,5.38000000,5.33500000,5.36900000,18865.23000000,1768625999999999,101092.31988000,1203,11134.29000000,59685.42731000,0
1768626000000000,5.37000000,5.41800000,5.36900000,5.39200000,33257.71000000,1768629599999999,179431.49776000,1400,23763.58000000,128185.73329000,0
1768629600000000,5.39300000,5.39800000,5.36800000,5.37600000,21906.85000000,1768633199999999,117847.94337000,1088,12541.34000000,67473.45085000,0
1768633200000000,5.37500000,5.45300000,5.35600000,5.43000000,71281.76000000,1768636799999999,386190.34523000,3264,39380.01000000,213118.54978000,0
1768636800000000,5.43100000,5.51500000,5.42800000,5.48300000,51762.55000000,1768640399999999,283144.81957000,2518,32018.03000000,175035.95557000,0
1768640400000000,5.48400000,5.49600000,5.40900000,5.41300000,49504.28000000,1768643999999999,269417.10208000,2826,14086.63000000,76697.93140000,0
1768644000000000,5.41300000,5.46800000,5.39500000,5.40900000,42504.90000000,1768647599999999,230515.32666000,1637,14820.27000000,80458.57488000,0
1768647600000000,5.40800000,5.40800000,5.34800000,5.35800000,28869.62000000,1768651199999999,155198.18554000,1532,15044.47000000,80846.77776000,0
1768651200000000,5.35600000,5.45100000,5.35000000,5.43300000,50595.24000000,1768654799999999,273758.21316000,2541,33236.14000000,179701.93416000,0
1768654800000000,5.43500000,5.44100000,5.40300000,5.40700000,38862.65000000,1768658399999999,210783.75403000,2012,13991.70000000,75876.43385000,0
1768658400000000,5.40700000,5.48900000,5.38900000,5.47000000,48967.40000000,1768661999999999,266571.09909000,2350,24409.67000000,132826.83182000,0
1768662000000000,5.46900000,5.48900000,5.40800000,5.45300000,111927.63000000,1768665599999999,609743.13408000,2922,83747.46000000,456309.49642000,0
1768665600000000,5.45300000,5.45900000,5.37600000,5.41400000,80296.13000000,1768669199999999,435797.13151000,3639,28516.75000000,154610.67227000,0
1768669200000000,5.41100000,5.43500000,5.37900000,5.40200000,9631.61000000,1768672799999999,52075.52250000,945,4163.80000000,22507.90577000,0
1768672800000000,5.40100000,5.41400000,5.38600000,5.41200000,5590.26000000,1768676399999999,30195.36463000,566,3510.04000000,18961.81747000,0
1768676400000000,5.41100000,5.42400000,5.37400000,5.39900000,8616.55000000,1768679999999999,46514.34420000,618,4922.51000000,26600.55020000,0
1768680000000000,5.40000000,5.40700000,5.35300000,5.36500000,34184.30000000,1768683599999999,183665.03787000,1036,14917.60000000,80146.69591000,0
1768683600000000,5.36600000,5.36600000,5.34400000,5.36300000,6306.95000000,1768687199999999,33762.78582000,578,3002.97000000,16077.43170000,0
1768687200000000,5.36200000,5.36400000,5.28900000,5.30900000,46202.98000000,1768690799999999,245919.78896000,1087,10465.02000000,55588.62692000,0
1768690800000000,5.30800000,5.32000000,5.29200000,5.31900000,12204.71000000,1768694399999999,64735.45750000,861,6370.80000000,33812.10281000,0
1768694400000000,5.31800000,5.35800000,5.30900000,5.31400000,18652.78000000,1768697999999999,99606.89483000,1473,12180.91000000,65075.42240000,0
1768698000000000,5.31400000,5.32500000,5.24900000,5.26300000,29420.27000000,1768701599999999,155387.97694000,1837,11935.04000000,63067.27441000,0
1768701600000000,5.26400000,5.28600000,5.22900000,5.24300000,37924.41000000,1768705199999999,199130.47568000,1625,18873.85000000,99109.36590000,0
1768705200000000,5.24300000,5.26600000,5.23500000,5.23700000,17902.19000000,1768708799999999,93962.94957000,900,8510.39000000,44660.79461000,0
1768708800000000,5.23600000,5.25300000,5.22400000,5.25200000,12743.72000000,1768712399999999,66742.35131000,617,6694.76000000,35074.64544000,0
1768712400000000,5.25100000,5.25300000,5.22700000,5.24200000,12125.19000000,1768715999999999,63554.63369000,777,7619.28000000,39936.98233000,0
1768716000000000,5.24200000,5.24900000,5.20800000,5.21100000,7895.09000000,1768719599999999,41286.88612000,625,3760.98000000,19662.88620000,0
1768719600000000,5.21000000,5.23000000,5.18500000,5.21500000,16011.41000000,1768723199999999,83389.95325000,1118,7161.63000000,37287.92911000,0
1768723200000000,5.21400000,5.22300000,5.19500000,5.21800000,46673.33000000,1768726799999999,243253.35059000,1415,33170.36000000,172917.04534000,0
1768726800000000,5.21800000,5.23500000,5.18500000,5.21100000,109466.60000000,1768730399999999,569869.48349000,1719,54169.47000000,281848.44389000,0
1768730400000000,5.21000000,5.21500000,5.19200000,5.21100000,14209.32000000,1768733999999999,73924.99952000,810,6521.78000000,33937.38769000,0
1768734000000000,5.20900000,5.22300000,5.19500000,5.20000000,11173.18000000,1768737599999999,58184.36269000,747,5569.12000000,29002.10283000,0
1768737600000000,5.19900000,5.22500000,5.17700000,5.18600000,26298.19000000,1768741199999999,136754.89084000,1232,14290.83000000,74307.13162000,0
1768741200000000,5.18500000,5.20700000,5.16200000,5.18700000,22679.18000000,1768744799999999,117547.15737000,1163,12471.91000000,64693.62330000,0
1768744800000000,5.18600000,5.22500000,5.15600000,5.15900000,23958.42000000,1768748399999999,124256.78351000,1321,9951.04000000,51632.12547000,0
1768748400000000,5.15800000,5.20700000,5.14700000,5.20600000,19929.82000000,1768751999999999,103301.02945000,1885,12970.26000000,67243.79707000,0
1768752000000000,5.20700000,5.23300000,5.18900000,5.19900000,13935.95000000,1768755599999999,72675.01696000,1057,7566.70000000,39455.83679000,0
1768755600000000,5.20000000,5.20800000,5.17200000,5.19600000,20282.66000000,1768759199999999,105285.80721000,1178,12053.72000000,62569.64251000,0
1768759200000000,5.19600000,5.27200000,5.18600000,5.25200000,50136.17000000,1768762799999999,262818.00303000,2101,37635.62000000,197336.75934000,0
1768762800000000,5.25200000,5.26300000,5.17800000,5.19400000,21103.38000000,1768766399999999,110128.76674000,1102,11220.91000000,58637.52924000,0
1768766400000000,5.19300000,5.24900000,5.18500000,5.20600000,16732.71000000,1768769999999999,87318.95532000,990,5522.48000000,28830.09884000,0
1768770000000000,5.20700000,5.22200000,5.19100000,5.20500000,48037.98000000,1768773599999999,250119.35230000,1528,18236.15000000,94965.38143000,0
1768773600000000,5.20600000,5.23700000,5.20500000,5.22200000,27619.50000000,1768777199999999,144176.04062000,872,12533.15000000,65466.79545000,0
1768777200000000,5.22100000,5.22100000,4.90600000,4.91100000,187465.44000000,1768780799999999,945527.13799000,9678,76681.93000000,385676.39310000,0
1768780800000000,4.91200000,4.91200000,4.43600000,4.66600000,874977.39000000,1768784399999999,4079518.39828000,40408,408450.06000000,1901046.76756000,0
1768784400000000,4.66500000,4.72500000,4.63000000,4.68600000,120687.41000000,1768787999999999,564282.04309000,5956,64994.71000000,304124.13215000,0
1768788000000000,4.68500000,4.75000000,4.67400000,4.73300000,52844.73000000,1768791599999999,249534.37953000,2762,30576.52000000,144412.23613000,0
1768791600000000,4.73300000,4.75100000,4.71800000,4.73600000,27143.19000000,1768795199999999,128482.68194000,2153,14864.86000000,70367.34698000,0
1768795200000000,4.73500000,4.73700000,4.66700000,4.66700000,31439.65000000,1768798799999999,147625.92717000,2263,14247.91000000,66893.08340000,0
1768798800000000,4.66700000,4.69100000,4.64600000,4.67800000,42956.76000000,1768802399999999,200430.77915000,2673,20986.14000000,97921.03821000,0
1768802400000000,4.67800000,4.68200000,4.63800000,4.64000000,32445.92000000,1768805999999999,151277.57161000,2422,16771.91000000,78208.85428000,0
1768806000000000,4.64100000,4.68800000,4.63900000,4.67500000,54881.59000000,1768809599999999,256358.62218000,3188,24621.01000000,114955.63581000,0
1768809600000000,4.67500000,4.69500000,4.65100000,4.67700000,42759.79000000,1768813199999999,199879.26954000,3776,23048.81000000,107766.15222000,0
1768813200000000,4.68000000,4.71900000,4.67200000,4.71500000,43768.51000000,1768816799999999,205466.32453000,1663,29512.11000000,138511.19329000,0
1768816800000000,4.71500000,4.71700000,4.65500000,4.67600000,39361.39000000,1768820399999999,184488.13172000,1371,16727.78000000,78372.91007000,0
1768820400000000,4.67700000,4.69200000,4.64100000,4.64300000,44342.89000000,1768823999999999,206831.83657000,1717,19466.28000000,90712.48456000,0
1768824000000000,4.64300000,4.65800000,4.62100000,4.65500000,35351.36000000,1768827599999999,164088.44344000,1657,17730.49000000,82318.97233000,0
1768827600000000,4.65600000,4.68300000,4.65000000,4.66200000,23934.43000000,1768831199999999,111754.91759000,1261,11936.79000000,55738.43373000,0
1768831200000000,4.66200000,4.69200000,4.65100000,4.67400000,34659.72000000,1768834799999999,161908.99712000,1649,21488.51000000,100396.68772000,0
1768834800000000,4.67400000,4.69900000,4.67100000,4.68200000,58382.63000000,1768838399999999,273420.02325000,1925,31518.06000000,147603.30298000,0
1768838400000000,4.68100000,4.77400000,4.67500000,4.76700000,31942.14000000,1768841999999999,151101.01427000,1773,19280.75000000,91274.80671000,0
1768842000000000,4.76700000,4.78500000,4.74100000,4.75400000,32661.79000000,1768845599999999,155544.40905000,1578,19493.22000000,92819.23011000,0
1768845600000000,4.75500000,4.80800000,4.73100000,4.80500000,34962.63000000,1768849199999999,166813.58154000,1678,18622.44000000,88988.21702000,0
1768849200000000,4.80600000,4.89000000,4.79500000,4.84200000,72097.63000000,1768852799999999,349779.19544000,3379,39805.13000000,192962.04020000,0
1768852800000000,4.84300000,4.87900000,4.83000000,4.85600000,99181.09000000,1768856399999999,481388.09152000,3033,70301.82000000,341169.72681000,0
1768856400000000,4.85800000,4.87200000,4.79100000,4.79600000,26742.16000000,1768859999999999,128784.62675000,1403,11938.10000000,57512.44696000,0
1768860000000000,4.79500000,4.80000000,4.74100000,4.74100000,40672.70000000,1768863599999999,194107.29728000,1366,20517.20000000,97962.10767000,0
1768863600000000,4.74200000,4.89900000,4.73800000,4.83900000,87196.76000000,1768867199999999,420430.12648000,3966,48116.14000000,232165.80855000,0
1768867200000000,4.84000000,4.85100000,4.79000000,4.80100000,62451.23000000,1768870799999999,301163.30543000,2368,29627.28000000,142941.29303000,0
1768870800000000,4.80000000,4.85900000,4.77200000,4.80800000,39966.25000000,1768874399999999,192821.25907000,2018,24385.50000000,117720.64197000,0
1768874400000000,4.80900000,4.85100000,4.76500000,4.82700000,62102.02000000,1768877999999999,298177.27530000,2808,27814.19000000,133557.96294000,0
1768878000000000,4.82700000,4.83400000,4.77300000,4.80100000,27161.75000000,1768881599999999,130375.71075000,1550,13729.25000000,65898.05872000,0
1768881600000000,4.80000000,4.81900000,4.77800000,4.80200000,25877.70000000,1768885199999999,124213.88852000,1537,11313.91000000,54332.19293000,0
1768885200000000,4.80100000,4.83600000,4.76900000,4.78900000,44981.28000000,1768888799999999,215964.71770000,2798,25253.76000000,121237.40485000,0
1768888800000000,4.78800000,4.78800000,4.70500000,4.74200000,75117.68000000,1768892399999999,356164.83392000,3658,30619.76000000,145122.72821000,0
1768892400000000,4.74300000,4.76500000,4.70200000,4.70200000,26256.67000000,1768895999999999,124338.72809000,1966,18534.84000000,87783.36076000,0
1768896000000000,4.70100000,4.70900000,4.64000000,4.68400000,108960.59000000,1768899599999999,509335.03948000,5781,45081.68000000,210889.77270000,0
1768899600000000,4.68400000,4.69500000,4.65400000,4.68300000,36208.11000000,1768903199999999,169341.68629000,1992,21876.65000000,102337.11129000,0
1768903200000000,4.68200000,4.72900000,4.66200000,4.66500000,43794.71000000,1768906799999999,205362.65841000,1994,23536.18000000,110362.90576000,0
1768906800000000,4.66500000,4.67400000,4.63100000,4.63200000,25210.20000000,1768910399999999,117240.92220000,1257,12572.62000000,58488.78481000,0
1768910400000000,4.63200000,4.69300000,4.62600000,4.67100000,25224.51000000,1768913999999999,117718.07969000,1642,16631.19000000,77633.64896000,0
1768914000000000,4.67100000,4.67100000,4.60900000,4.61600000,37199.20000000,1768917599999999,172711.87465000,1661,21460.83000000,99696.12353000,0
1768917600000000,4.61600000,4.70900000,4.60500000,4.65300000,78170.05000000,1768921199999999,363682.13711000,5039,38200.17000000,177984.00695000,0
1768921200000000,4.65200000,4.66900000,4.59600000,4.63200000,81987.61000000,1768924799999999,379808.90811000,5047,46598.36000000,215922.61762000,0
1768924800000000,4.63100000,4.65000000,4.54200000,4.56200000,49475.63000000,1768928399999999,227400.17662000,3158,23092.39000000,106329.38679000,0
1768928400000000,4.56100000,4.62700000,4.52500000,4.55200000,66134.24000000,1768931999999999,301919.69320000,3903,29103.13000000,132880.19765000,0
1768932000000000,4.55300000,4.56700000,4.49700000,4.51800000,77273.14000000,1768935599999999,349408.27070000,3612,33635.88000000,152076.90638000,0
1768935600000000,4.51900000,4.55400000,4.51200000,4.54900000,32989.88000000,1768939199999999,149687.50020000,2419,20253.23000000,91894.39955000,0
1768939200000000,4.54800000,4.58500000,4.53500000,4.57800000,25361.24000000,1768942799999999,115828.92592000,1995,14517.70000000,66304.36731000,0
1768942800000000,4.57900000,4.57900000,4.52500000,4.53400000,11342.02000000,1768946399999999,51598.37638000,958,4528.19000000,20620.88207000,0
1768946400000000,4.53300000,4.54100000,4.45300000,4.50900000,54136.71000000,1768949999999999,243257.06642000,2214,19125.66000000,86027.21495000,0
1768950000000000,4.51000000,4.51100000,4.46800000,4.49400000,19033.26000000,1768953599999999,85453.96617000,1578,8480.21000000,38074.13170000,0
1768953600000000,4.49400000,4.59700000,4.48900000,4.59000000,33870.06000000,1768957199999999,153520.65765000,1774,19445.30000000,88245.98723000,0
1768957200000000,4.59000000,4.61500000,4.58200000,4.60000000,16658.95000000,1768960799999999,76548.58680000,951,8733.62000000,40130.23000000,0
1768960800000000,4.60100000,4.65900000,4.60100000,4.63700000,33965.05000000,1768964399999999,157371.83703000,1950,20524.06000000,95073.54018000,0
1768964400000000,4.63800000,4.64800000,4.61100000,4.61800000,21494.15000000,1768967999999999,99568.41073000,1206,12197.99000000,56482.31061000,0
1768968000000000,4.61700000,4.63600000,4.60100000,4.63500000,8525.28000000,1768971599999999,39421.15945000,542,4440.42000000,20536.10623000,0
1768971600000000,4.63400000,4.65700000,4.61600000,4.64200000,17953.54000000,1768975199999999,83219.75571000,727,7324.38000000,33932.31088000,0
1768975200000000,4.64100000,4.65200000,4.63300000,4.64300000,17087.95000000,1768978799999999,79317.46412000,635,9282.28000000,43096.95252000,0
1768978800000000,4.64200000,4.65700000,4.61900000,4.63000000,11232.47000000,1768982399999999,52034.07713000,777,5006.36000000,23174.57242000,0
1768982400000000,4.62900000,4.63500000,4.58300000,4.62200000,30485.06000000,1768985999999999,140694.43652000,1316,10457.10000000,48200.96350000,0
1768986000000000,4.62300000,4.62900000,4.60700000,4.62300000,14353.51000000,1768989599999999,66290.61576000,764,5596.54000000,25851.74401000,0
1768989600000000,4.62300000,4.68400000,4.61900000,4.67000000,48059.59000000,1768993199999999,224050.23248000,2467,25893.02000000,120696.55255000,0
1768993200000000,4.66900000,4.67300000,4.60600000,4.61600000,34235.02000000,1768996799999999,159200.21779000,1320,14760.17000000,68625.39359000,0
1768996800000000,4.61700000,4.61800000,4.54000000,4.61000000,71545.43000000,1769000399999999,327688.92508000,3895,39432.56000000,180498.38526000,0
1769000400000000,4.60800000,4.62900000,4.56600000,4.57600000,58879.21000000,1769003999999999,270116.76479000,2591,29417.98000000,134904.20688000,0
1769004000000000,4.57500000,4.72400000,4.57100000,4.70900000,118961.25000000,1769007599999999,555450.30038000,8792,70243.80000000,328000.16125000,0
1769007600000000,4.70800000,4.79700000,4.69000000,4.74600000,121686.56000000,1769011199999999,575862.03933000,6276,62667.79000000,296750.78415000,0
1769011200000000,4.74700000,4.75200000,4.51300000,4.52900000,90140.75000000,1769014799999999,415560.82022000,6886,37668.70000000,173756.03864000,0
1769014800000000,4.52900000,4.58600000,4.48000000,4.53700000,79750.75000000,1769018399999999,360453.50278000,6845,32235.09000000,145895.34148000,0
1769018400000000,4.53600000,4.58600000,4.51400000,4.56200000,35071.39000000,1769021999999999,159500.07146000,2848,19036.43000000,86632.33409000,0
1769022000000000,4.56300000,4.76500000,4.53400000,4.76100000,159064.39000000,1769025599999999,744198.58002000,8707,90089.93000000,421515.74730000,0
1769025600000000,4.76200000,4.77100000,4.65600000,4.73600000,47389.84000000,1769029199999999,222771.09742000,3152,27317.49000000,128407.63890000,0
1769029200000000,4.73700000,4.76900000,4.71100000,4.73700000,41927.67000000,1769032799999999,198836.74993000,2329,25319.62000000,120128.95514000,0
1769032800000000,4.73800000,4.77300000,4.69100000,4.69300000,27474.26000000,1769036399999999,129945.65672000,1198,9687.23000000,45833.38460000,0
1769036400000000,4.69300000,4.70500000,4.61700000,4.64000000,26031.87000000,1769039999999999,121446.46163000,1401,13462.47000000,62828.68507000,0
1769040000000000,4.64100000,4.69100000,4.64100000,4.68000000,18026.66000000,1769043599999999,84245.34444000,1157,11209.92000000,52379.67005000,0
1769043600000000,4.67900000,4.72400000,4.66800000,4.72300000,21027.95000000,1769047199999999,98728.30651000,1276,10822.93000000,50820.16787000,0
1769047200000000,4.72200000,4.72800000,4.70300000,4.70900000,14230.37000000,1769050799999999,67155.76913000,856,6926.75000000,32691.46905000,0
1769050800000000,4.71000000,4.72300000,4.66200000,4.68300000,16237.73000000,1769054399999999,76117.05126000,896,10589.30000000,49631.84772000,0
1769054400000000,4.68300000,4.70700000,4.67300000,4.69700000,7369.93000000,1769057999999999,34587.23716000,559,2756.48000000,12939.51774000,0
1769058000000000,4.69600000,4.70900000,4.66400000,4.67100000,8785.93000000,1769061599999999,41156.76911000,667,4056.79000000,19003.52464000,0
1769061600000000,4.67000000,4.67800000,4.62500000,4.66300000,24496.93000000,1769065199999999,113845.26572000,959,11290.17000000,52470.47854000,0
1769065200000000,4.66300000,4.66800000,4.63100000,4.64400000,15920.75000000,1769068799999999,73984.16982000,817,5754.42000000,26753.17789000,0
1769068800000000,4.64500000,4.66700000,4.62500000,4.66100000,9893.09000000,1769072399999999,45963.82261000,759,4887.61000000,22728.52430000,0
1769072400000000,4.66000000,4.68900000,4.65500000,4.68000000,12923.44000000,1769075999999999,60433.05393000,789,8762.16000000,40971.07551000,0
1769076000000000,4.68100000,4.68200000,4.65700000,4.66200000,25459.78000000,1769079599999999,118802.94844000,1098,13510.20000000,63038.36497000,0
1769079600000000,4.66100000,4.66100000,4.61800000,4.61800000,20153.08000000,1769083199999999,93337.48366000,879,10389.05000000,48119.80055000,0
1769083200000000,4.61700000,4.62300000,4.59700000,4.61600000,47992.28000000,1769086799999999,221407.00100000,1299,29457.00000000,135944.28511000,0
1769086800000000,4.61600000,4.65000000,4.59400000,4.61400000,43720.84000000,1769090399999999,202105.40543000,1840,22856.39000000,105692.61193000,0
1769090400000000,4.61300000,4.62100000,4.53100000,4.54700000,47341.77000000,1769093999999999,216817.76340000,2899,16451.26000000,75319.36089000,0
1769094000000000,4.54600000,4.59900000,4.50200000,4.57100000,44501.59000000,1769097599999999,202683.55085000,3673,25538.04000000,116394.34643000,0
1769097600000000,4.57100000,4.63900000,4.56900000,4.62500000,24497.18000000,1769101199999999,112692.98742000,1915,14707.44000000,67664.50925000,0
1769101200000000,4.62500000,4.64300000,4.58500000,4.63600000,20713.45000000,1769104799999999,95784.01436000,1538,10430.56000000,48212.39157000,0
1769104800000000,4.63600000,4.63900000,4.59200000,4.59300000,24653.22000000,1769108399999999,113791.57356000,1437,15611.98000000,72082.46630000,0
1769108400000000,4.59100000,4.62100000,4.57100000,4.59900000,18920.67000000,1769111999999999,86994.18621000,1370,11450.45000000,52654.65971000,0
1769112000000000,4.59800000,4.61000000,4.55000000,4.56900000,22198.36000000,1769115599999999,101680.74027000,1263,10430.16000000,47751.89203000,0
1769115600000000,4.57000000,4.59500000,4.56100000,4.57800000,17165.48000000,1769119199999999,78589.25242000,1035,11452.64000000,52435.49174000,0
1769119200000000,4.57800000,4.59800000,4.56600000,4.58000000,19382.24000000,1769122799999999,88831.40421000,693,10698.88000000,49033.79292000,0
1769122800000000,4.58000000,4.59900000,4.55300000,4.59500000,10080.29000000,1769126399999999,46185.92566000,788,6294.54000000,28855.44669000,0
1769126400000000,4.59500000,4.61400000,4.58500000,4.60300000,6977.26000000,1769129999999999,32075.78431000,694,3222.65000000,14813.10617000,0
1769130000000000,4.60400000,4.63800000,4.60400000,4.63500000,16165.63000000,1769133599999999,74776.48500000,780,7582.82000000,35072.56123000,0
1769133600000000,4.63400000,4.63900000,4.60900000,4.60900000,29869.67000000,1769137199999999,138086.00558000,790,13426.53000000,62071.19373000,0
1769137200000000,4.60800000,4.66000000,4.60700000,4.64400000,17094.39000000,1769140799999999,79223.05078000,869,11421.34000000,52907.35244000,0
1769140800000000,4.64500000,4.68500000,4.63500000,4.67700000,20282.07000000,1769144399999999,94477.98848000,1238,13095.78000000,60993.76544000,0
1769144400000000,4.67600000,4.68100000,4.64700000,4.67100000,16651.47000000,1769147999999999,77661.20212000,841,5300.75000000,24723.15567000,0
1769148000000000,4.67100000,4.67600000,4.61900000,4.62000000,9379.48000000,1769151599999999,43596.55333000,1057,4389.57000000,20410.66103000,0
1769151600000000,4.62000000,4.64000000,4.60700000,4.61700000,13030.53000000,1769155199999999,60252.12687000,849,5498.12000000,25429.63757000,0
1769155200000000,4.61700000,4.63100000,4.57000000,4.58700000,16421.48000000,1769158799999999,75505.97028000,1091,7067.87000000,32526.73259000,0
1769158800000000,4.58700000,4.60700000,4.57400000,4.59000000,13668.90000000,1769162399999999,62738.32603000,1022,7933.16000000,36418.45238000,0
1769162400000000,4.59000000,4.59500000,4.56200000,4.58000000,16409.74000000,1769165999999999,75145.28682000,909,8516.42000000,38984.31144000,0
1769166000000000,4.58000000,4.61600000,4.57900000,4.61600000,15506.61000000,1769169599999999,71387.21597000,843,9157.28000000,42164.26360000,0
1769169600000000,4.61500000,4.62100000,4.58700000,4.60300000,11009.86000000,1769173199999999,50714.83716000,626,4698.87000000,21641.31543000,0
1769173200000000,4.60200000,4.63100000,4.59800000,4.60500000,12933.67000000,1769176799999999,59715.46863000,855,5423.97000000,25041.13299000,0
1769176800000000,4.60400000,4.61000000,4.47100000,4.52500000,51871.40000000,1769180399999999,235161.14967000,3694,22171.64000000,100541.41745000,0
1769180400000000,4.52600000,4.60500000,4.47900000,4.60000000,40977.18000000,1769183999999999,185938.25556000,3333,20361.40000000,92488.40966000,0
1769184000000000,4.60000000,4.65300000,4.55300000,4.61800000,46547.68000000,1769187599999999,214619.80929000,3060,25638.15000000,118227.87715000,0
1769187600000000,4.61700000,4.70900000,4.58200000,4.64400000,76275.17000000,1769191199999999,355516.23598000,4389,46426.73000000,216356.59973000,0
1769191200000000,4.64500000,4.69100000,4.63000000,4.65800000,36885.09000000,1769194799999999,172010.44850000,2778,18683.91000000,87185.94637000,0
1769194800000000,4.65900000,4.65900000,4.55400000,4.58100000,54178.91000000,1769198399999999,248762.39935000,3656,22157.09000000,101723.43857000,0
1769198400000000,4.58200000,4.59300000,4.52600000,4.55300000,43887.68000000,1769201999999999,200076.19136000,3294,21800.15000000,99509.22584000,0
1769202000000000,4.55100000,4.59000000,4.54700000,4.56500000,15642.98000000,1769205599999999,71552.15197000,1094,8775.70000000,40139.48215000,0
1769205600000000,4.56400000,4.60800000,4.56300000,4.60600000,23253.57000000,1769209199999999,106786.19001000,1284,12844.37000000,58974.37547000,0
1769209200000000,4.60500000,4.60500000,4.56800000,4.58200000,11597.78000000,1769212799999999,53143.86594000,901,6005.21000000,27513.89187000,0
1769212800000000,4.58200000,4.59200000,4.55200000,4.55600000,9746.32000000,1769216399999999,44563.96908000,794,4240.47000000,19385.09534000,0
1769216400000000,4.55500000,4.56900000,4.53800000,4.56500000,18662.46000000,1769219999999999,84989.95269000,933,7237.10000000,32964.90295000,0
1769220000000000,4.56600000,4.58000000,4.56200000,4.56800000,7184.92000000,1769223599999999,32833.73409000,515,4493.23000000,20535.19628000,0
1769223600000000,4.56900000,4.61200000,4.56400000,4.59500000,13908.71000000,1769227199999999,63927.71377000,951,8648.18000000,39750.52298000,0
1769227200000000,4.59600000,4.60600000,4.58000000,4.59100000,12254.00000000,1769230799999999,56301.26323000,630,9603.34000000,44132.83259000,0
1769230800000000,4.59100000,4.59100000,4.57200000,4.58200000,5016.01000000,1769234399999999,22973.77856000,397,2440.02000000,11176.54596000,0
1769234400000000,4.58300000,4.59200000,4.57400000,4.58300000,8654.85000000,1769237999999999,39664.41032000,527,4562.94000000,20921.52861000,0
1769238000000000,4.58300000,4.59500000,4.56500000,4.56900000,24659.96000000,1769241599999999,112760.14157000,883,5544.03000000,25366.29087000,0
1769241600000000,4.57000000,4.58000000,4.55500000,4.57500000,10252.68000000,1769245199999999,46809.88450000,599,2307.13000000,10535.67369000,0
1769245200000000,4.57400000,4.57600000,4.54500000,4.54700000,11380.48000000,1769248799999999,51831.48272000,542,4150.20000000,18915.46640000,0
1769248800000000,4.54800000,4.56900000,4.54100000,4.55600000,65396.84000000,1769252399999999,297647.84125000,1270,15031.52000000,68415.33101000,0
1769252400000000,4.55600000,4.57200000,4.55600000,4.57100000,10688.75000000,1769255999999999,48789.12590000,531,6673.61000000,30462.96517000,0
1769256000000000,4.57000000,4.59300000,4.56600000,4.58700000,63448.76000000,1769259599999999,290550.06738000,1102,50332.02000000,230500.07843000,0
1769259600000000,4.58700000,4.58900000,4.55500000,4.55500000,26572.42000000,1769263199999999,121706.96256000,1161,14991.94000000,68659.96681000,0
1769263200000000,4.55400000,4.59900000,4.54600000,4.58400000,28509.32000000,1769266799999999,130257.74936000,1177,23453.99000000,107158.39683000,0
1769266800000000,4.58500000,4.59300000,4.54100000,4.54800000,28343.53000000,1769270399999999,129559.96526000,1114,7644.76000000,34919.05826000,0
1769270400000000,4.54800000,4.55300000,4.51300000,4.54600000,21429.81000000,1769273999999999,97237.64173000,1313,6685.39000000,30320.61892000,0
1769274000000000,4.54600000,4.56200000,4.53900000,4.55800000,15492.28000000,1769277599999999,70545.37108000,1032,9331.67000000,42492.01711000,0
1769277600000000,4.55800000,4.56600000,4.52500000,4.53200000,66511.11000000,1769281199999999,301887.94229000,1175,13072.40000000,59369.77214000,0
1769281200000000,4.53200000,4.53200000,4.51800000,4.52000000,8906.75000000,1769284799999999,40307.22557000,527,5207.51000000,23566.47735000,0
1769284800000000,4.51900000,4.55000000,4.51900000,4.54800000,5310.87000000,1769288399999999,24106.57371000,443,2708.00000000,12282.57547000,0
1769288400000000,4.54700000,4.54700000,4.53000000,4.53600000,4820.08000000,1769291999999999,21873.45238000,431,2913.86000000,13226.00594000,0
1769292000000000,4.53700000,4.55500000,4.53200000,4.54600000,17694.75000000,1769295599999999,80421.02955000,957,8802.59000000,40005.98394000,0
1769295600000000,4.54800000,4.55200000,4.53300000,4.53900000,9399.00000000,1769299199999999,42694.07211000,852,3801.65000000,17271.78009000,0
1769299200000000,4.53900000,4.55400000,4.53300000,4.55200000,17073.01000000,1769302799999999,77579.29179000,1049,8124.02000000,36914.29189000,0
1769302800000000,4.55300000,4.56700000,4.52000000,4.53100000,12211.35000000,1769306399999999,55546.96411000,832,7919.89000000,36045.75508000,0
1769306400000000,4.53100000,4.54500000,4.52000000,4.53000000,5680.80000000,1769309999999999,25758.09617000,547,2369.47000000,10744.72937000,0
1769310000000000,4.53100000,4.53800000,4.49100000,4.49900000,13251.62000000,1769313599999999,59806.39370000,973,6836.23000000,30876.30617000,0
1769313600000000,4.49800000,4.52200000,4.49000000,4.50100000,9470.50000000,1769317199999999,42660.25290000,661,6944.06000000,31285.84475000,0
1769317200000000,4.50000000,4.50900000,4.48900000,4.50900000,7809.61000000,1769320799999999,35127.99857000,515,2560.07000000,11521.27582000,0
1769320800000000,4.50800000,4.51300000,4.49000000,4.49400000,9145.61000000,1769324399999999,41182.21123000,714,4267.16000000,19224.45260000,0
1769324400000000,4.49400000,4.49400000,4.46600000,4.48300000,23879.72000000,1769327999999999,107034.01116000,2099,14927.21000000,66930.78641000,0
1769328000000000,4.48300000,4.48800000,4.44300000,4.45800000,22952.76000000,1769331599999999,102401.83779000,1382,9492.97000000,42378.37347000,0
1769331600000000,4.45700000,4.52500000,4.45200000,4.50300000,25605.52000000,1769335199999999,114852.60049000,1964,12255.36000000,54965.76143000,0
1769335200000000,4.50400000,4.52900000,4.49600000,4.51300000,22737.16000000,1769338799999999,102507.44921000,1254,13398.01000000,60387.90202000,0
1769338800000000,4.51200000,4.53000000,4.49300000,4.50000000,28888.35000000,1769342399999999,130435.89825000,1196,23651.06000000,106807.08687000,0
1769342400000000,4.49900000,4.49900000,4.46200000,4.48200000,26841.58000000,1769345999999999,120114.72728000,1691,12774.49000000,57169.50115000,0
1769346000000000,4.48100000,4.49700000,4.46300000,4.49100000,22291.50000000,1769349599999999,99976.01533000,1077,14787.80000000,66358.63899000,0
1769349600000000,4.49000000,4.49300000,4.42000000,4.45800000,30339.24000000,1769353199999999,134864.01125000,1858,16506.70000000,73398.34960000,0
1769353200000000,4.45700000,4.47700000,4.43600000,4.44500000,21133.23000000,1769356799999999,94163.54433000,2253,7784.52000000,34692.09271000,0
1769356800000000,4.44400000,4.44400000,4.31300000,4.37300000,151621.62000000,1769360399999999,661893.38445000,10224,77224.43000000,337019.21100000,0
1769360400000000,4.37300000,4.38300000,4.33500000,4.35300000,29057.45000000,1769363999999999,126664.66771000,1940,10471.16000000,45653.73465000,0
1769364000000000,4.35200000,4.36000000,4.27200000,4.29900000,63061.05000000,1769367599999999,271612.42058000,5031,25972.71000000,111786.40409000,0
1769367600000000,4.29800000,4.31000000,4.18300000,4.20700000,110993.72000000,1769371199999999,469738.52758000,6053,42441.29000000,179754.67258000,0
1769371200000000,4.20600000,4.24500000,4.20100000,4.24100000,58379.06000000,1769374799999999,246642.35099000,3537,34602.47000000,146195.97542000,0
1769374800000000,4.24000000,4.27800000,4.24000000,4.26700000,26678.81000000,1769378399999999,113683.05777000,1934,13326.62000000,56778.93264000,0
1769378400000000,4.26800000,4.27300000,4.23500000,4.25700000,28717.48000000,1769381999999999,122229.57374000,1358,14654.76000000,62380.52115000,0
1769382000000000,4.25700000,4.29600000,4.23200000,4.28700000,25130.27000000,1769385599999999,107351.67335000,2362,9125.48000000,39025.03404000,0
1769385600000000,4.28700000,4.32400000,4.27200000,4.32100000,33178.43000000,1769389199999999,142732.16237000,2000,18707.98000000,80441.65693000,0
1769389200000000,4.32200000,4.40600000,4.31700000,4.39000000,54695.18000000,1769392799999999,239744.38373000,3174,30287.91000000,132750.01026000,0
1769392800000000,4.39100000,4.39500000,4.35500000,4.37700000,15712.54000000,1769396399999999,68805.75070000,1333,8224.08000000,36016.35351000,0
1769396400000000,4.37600000,4.39300000,4.33100000,4.34600000,12599.70000000,1769399999999999,54951.80250000,870,6255.63000000,27270.92302000,0
1769400000000000,4.34700000,4.40900000,4.34700000,4.38400000,26194.66000000,1769403599999999,114604.46337000,1278,15174.59000000,66483.89013000,0
1769403600000000,4.38500000,4.39500000,4.37500000,4.38300000,7509.31000000,1769407199999999,32920.37258000,546,5210.64000000,22843.54315000,0
1769407200000000,4.38300000,4.42500000,4.37300000,4.42500000,31377.20000000,1769410799999999,137859.53459000,1740,19520.15000000,85785.96024000,0
1769410800000000,4.42400000,4.44200000,4.40400000,4.42400000,26334.60000000,1769414399999999,116431.41853000,1802,12903.71000000,57050.29628000,0
1769414400000000,4.42400000,4.46900000,4.41800000,4.42300000,34230.65000000,1769417999999999,151925.88487000,2007,17562.96000000,77956.35667000,0
1769418000000000,4.42300000,4.42300000,4.36700000,4.37100000,30194.37000000,1769421599999999,132504.22680000,1364,16627.82000000,72964.37356000,0
1769421600000000,4.37100000,4.40100000,4.37000000,4.38700000,10467.57000000,1769425199999999,45908.79816000,694,4898.84000000,21491.68490000,0
1769425200000000,4.38800000,4.40300000,4.38200000,4.38900000,7393.56000000,1769428799999999,32456.73667000,545,4001.84000000,17568.16953000,0
1769428800000000,4.39000000,4.41100000,4.39000000,4.41100000,14556.53000000,1769432399999999,64090.78193000,1092,7925.13000000,34899.64102000,0
1769432400000000,4.41200000,4.43600000,4.41100000,4.42700000,15447.29000000,1769435999999999,68327.88547000,950,10725.95000000,47447.74954000,0
1769436000000000,4.42800000,4.46800000,4.38400000,4.45600000,48884.88000000,1769439599999999,216551.68390000,3698,22771.47000000,100913.45355000,0
1769439600000000,4.45700000,4.51700000,4.42000000,4.44300000,99556.48000000,1769443199999999,445098.78785000,5847,46661.71000000,208670.10136000,0
1769443200000000,4.44400000,4.48600000,4.42200000,4.45600000,36880.66000000,1769446799999999,164359.19410000,3560,18545.59000000,82659.06786000,0
1769446800000000,4.45600000,4.46700000,4.39100000,4.44300000,46365.11000000,1769450399999999,205220.46471000,3112,21394.17000000,94737.03281000,0
1769450400000000,4.44200000,4.48500000,4.42700000,4.46200000,29953.50000000,1769453999999999,133445.78388000,2497,13907.47000000,61948.70526000,0
1769454000000000,4.46300000,4.47700000,4.42700000,4.43500000,16138.17000000,1769457599999999,71782.41281000,1186,7595.36000000,33801.74235000,0
1769457600000000,4.43500000,4.44600000,4.40800000,4.41600000,14034.36000000,1769461199999999,62097.21412000,1058,6891.55000000,30499.00445000,0
1769461200000000,4.41600000,4.48800000,4.40300000,4.46500000,23271.00000000,1769464799999999,103744.36541000,1745,15448.80000000,68920.47132000,0
1769464800000000,4.46500000,4.48000000,4.44800000,4.45200000,14253.11000000,1769468399999999,63635.61628000,1049,7037.07000000,31422.65426000,0
1769468400000000,4.45100000,4.46200000,4.43500000,4.43800000,15435.98000000,1769471999999999,68654.34295000,1283,6363.95000000,28309.68162000,0
1769472000000000,4.43900000,4.44600000,4.42600000,4.44300000,8887.75000000,1769475599999999,39447.11431000,744,5837.15000000,25911.65115000,0
1769475600000000,4.44200000,4.47500000,4.42300000,4.45800000,17466.88000000,1769479199999999,77637.78702000,1177,10207.67000000,45404.05241000,0
1769479200000000,4.45900000,4.47800000,4.45100000,4.46800000,26074.72000000,1769482799999999,116311.36940000,1396,15575.75000000,69482.02999000,0
1769482800000000,4.46700000,4.47300000,4.44300000,4.45100000,31555.07000000,1769486399999999,140480.75887000,1390,11965.26000000,53275.84906000,0
1769486400000000,4.45000000,4.48800000,4.43400000,4.45100000,108585.52000000,1769489999999999,485811.53265000,3523,25555.07000000,114190.27627000,0
1769490000000000,4.45000000,4.45400000,4.44000000,4.45000000,10183.72000000,1769493599999999,45302.65512000,668,6316.49000000,28099.81624000,0
1769493600000000,4.45100000,4.45100000,4.40600000,4.41800000,109782.78000000,1769497199999999,485740.35824000,1687,24702.33000000,109325.76796000,0
1769497200000000,4.41900000,4.44500000,4.41600000,4.42900000,12776.95000000,1769500799999999,56547.37107000,694,7746.73000000,34292.84198000,0
1769500800000000,4.42900000,4.43900000,4.40800000,4.41300000,8480.57000000,1769504399999999,37473.35369000,670,3735.02000000,16510.42316000,0
1769504400000000,4.41200000,4.42300000,4.38700000,4.39200000,65939.49000000,1769507999999999,290484.18219000,1993,30266.70000000,133466.48568000,0
1769508000000000,4.39300000,4.40000000,4.37700000,4.38100000,10381.08000000,1769511599999999,45546.07642000,785,4086.23000000,17938.68639000,0
1769511600000000,4.38100000,4.39000000,4.37600000,4.37600000,12615.36000000,1769515199999999,55281.11640000,708,8600.86000000,37688.89604000,0
1769515200000000,4.37600000,4.38600000,4.36100000,4.36900000,20163.22000000,1769518799999999,88121.00131000,815,10817.88000000,47298.97354000,0
1769518800000000,4.37000000,4.37900000,4.35400000,4.35700000,42664.61000000,1769522399999999,186387.51555000,1338,24087.35000000,105313.24691000,0
1769522400000000,4.35700000,4.40500000,4.34600000,4.36100000,36504.57000000,1769525999999999,159645.07896000,2074,21367.94000000,93543.53600000,0
1769526000000000,4.36100000,4.41600000,4.35300000,4.41400000,33450.97000000,1769529599999999,146291.40609000,2574,17761.50000000,77742.37040000,0
1769529600000000,4.41300000,4.48600000,4.40600000,4.46300000,66374.51000000,1769533199999999,295673.08759000,4657,31377.62000000,139815.97589000,0
1769533200000000,4.46400000,4.46600000,4.34500000,4.36300000,44040.42000000,1769536799999999,193162.94865000,2961,15610.93000000,68454.47523000,0
1769536800000000,4.36300000,4.44800000,4.35200000,4.42600000,23569.31000000,1769540399999999,103509.67571000,2210,14613.15000000,64200.19063000,0
1769540400000000,4.42500000,4.44600000,4.41200000,4.43700000,16538.20000000,1769543999999999,73237.64306000,1486,6932.60000000,30710.40776000,0
1769544000000000,4.43600000,4.51400000,4.43600000,4.50500000,60061.95000000,1769547599999999,269561.00416000,4109,34595.88000000,155245.98130000,0
1769547600000000,4.50500000,4.51300000,4.44600000,4.44900000,31069.37000000,1769551199999999,139033.45569000,2182,13486.78000000,60389.26536000,0
1769551200000000,4.45000000,4.50300000,4.45000000,4.49400000,19469.57000000,1769554799999999,87169.11607000,1074,14218.46000000,63648.78087000,0
1769554800000000,4.49400000,4.50000000,4.47900000,4.48800000,22293.46000000,1769558399999999,100100.75698000,1167,16484.65000000,74015.89257000,0
1769558400000000,4.48900000,4.49700000,4.45000000,4.48500000,12971.08000000,1769561999999999,57964.98315000,906,6554.96000000,29298.62731000,0
1769562000000000,4.48500000,4.48500000,4.44200000,4.45400000,9472.46000000,1769565599999999,42276.22703000,1046,4764.47000000,21253.20307000,0
1769565600000000,4.45400000,4.46800000,4.44200000,4.46000000,20038.79000000,1769569199999999,89257.96890000,1296,9780.55000000,43586.26957000,0
1769569200000000,4.46100000,4.46700000,4.44300000,4.45000000,12797.96000000,1769572799999999,56964.33693000,875,6671.74000000,29694.81848000,0
1769572800000000,4.44900000,4.45100000,4.42600000,4.43900000,15699.85000000,1769576399999999,69634.92235000,999,5455.68000000,24196.20021000,0
1769576400000000,4.44000000,4.45900000,4.43200000,4.45000000,20236.67000000,1769579999999999,89984.37374000,1237,8238.97000000,36654.57553000,0
1769580000000000,4.45000000,4.48200000,4.45000000,4.48000000,11003.86000000,1769583599999999,49136.69499000,894,9155.59000000,40882.44365000,0
1769583600000000,4.48100000,4.49500000,4.45800000,4.46500000,25560.93000000,1769587199999999,114451.11786000,966,14628.29000000,65502.03097000,0
1769587200000000,4.46600000,4.46700000,4.43400000,4.43600000,13629.81000000,1769590799999999,60631.24433000,760,5399.34000000,24012.67168000,0
1769590800000000,4.43700000,4.48200000,4.42300000,4.48100000,45672.86000000,1769594399999999,203075.59878000,1767,15510.19000000,69014.60660000,0
1769594400000000,4.48200000,4.50100000,4.46900000,4.47800000,18657.55000000,1769597999999999,83664.29466000,1380,10679.36000000,47903.28806000,0
1769598000000000,4.47800000,4.53100000,4.47800000,4.52700000,26461.37000000,1769601599999999,119036.83711000,1797,16906.57000000,76079.01082000,0
1769601600000000,4.52600000,4.52900000,4.47500000,4.48600000,18280.64000000,1769605199999999,82368.40664000,1410,9306.91000000,41936.72456000,0
1769605200000000,4.48600000,4.52000000,4.48600000,4.50100000,18708.68000000,1769608799999999,84256.42513000,1356,12138.76000000,54658.56650000,0
1769608800000000,4.50000000,4.50600000,4.46300000,4.46700000,44064.31000000,1769612399999999,197326.09976000,2773,13992.72000000,62706.22869000,0
1769612400000000,4.46500000,4.48800000,4.42800000,4.44200000,104876.22000000,1769615999999999,466586.22325000,4255,38874.62000000,172957.75504000,0
1769616000000000,4.44200000,4.46100000,4.41100000,4.42000000,18481.79000000,1769619599999999,81869.19841000,1677,8349.00000000,36996.21343000,0
1769619600000000,4.42100000,4.48500000,4.40000000,4.46200000,25490.11000000,1769623199999999,113092.99767000,2120,13742.51000000,60987.87896000,0
1769623200000000,4.46100000,4.46300000,4.42500000,4.44500000,29171.90000000,1769626799999999,129559.25184000,1818,11149.81000000,49524.12673000,0
1769626800000000,4.44500000,4.47600000,4.42300000,4.46100000,30431.62000000,1769630399999999,135307.68668000,3421,15831.21000000,70422.16107000,0
1769630400000000,4.46100000,4.50800000,4.43700000,4.44700000,39682.67000000,1769633999999999,177667.83143000,2365,17444.29000000,78163.10825000,0
1769634000000000,4.44800000,4.49600000,4.41200000,4.48300000,51714.92000000,1769637599999999,230678.61799000,3722,26909.71000000,120094.20502000,0
1769637600000000,4.48400000,4.54100000,4.46000000,4.53400000,72727.88000000,1769641199999999,328192.58230000,1959,37349.23000000,168210.44725000,0
1769641200000000,4.53700000,4.54400000,4.48600000,4.49800000,21031.43000000,1769644799999999,95061.38091000,1842,10715.04000000,48447.42126000,0
1769644800000000,4.49900000,4.51100000,4.43800000,4.46300000,22152.57000000,1769648399999999,98861.04720000,1807,13887.15000000,61950.12271000,0
1769648400000000,4.46400000,4.47100000,4.40600000,4.41600000,30690.34000000,1769651999999999,135872.84102000,1905,6976.87000000,30880.72988000,0
1769652000000000,4.41700000,4.43700000,4.33600000,4.35200000,61639.15000000,1769655599999999,270007.86462000,3943,27276.48000000,119426.64820000,0
1769655600000000,4.35100000,4.38600000,4.33900000,4.34900000,25070.46000000,1769659199999999,109274.15737000,1525,9075.82000000,39577.05520000,0
1769659200000000,4.34800000,4.35300000,4.31200000,4.34400000,19867.72000000,1769662799999999,86062.33493000,1234,7863.46000000,34083.90256000,0
1769662800000000,4.34400000,4.36400000,4.33700000,4.34700000,11989.06000000,1769666399999999,52180.20867000,1115,8095.89000000,35252.55848000,0
1769666400000000,4.34600000,4.37400000,4.34500000,4.36800000,17442.19000000,1769669999999999,76073.26363000,1047,7343.15000000,32036.99790000,0
1769670000000000,4.36700000,4.38400000,4.35700000,4.36200000,12797.85000000,1769673599999999,55968.00543000,1102,8111.92000000,35478.00137000,0
1769673600000000,4.36300000,4.37000000,4.32900000,4.33900000,33712.23000000,1769677199999999,146320.42125000,1432,16107.30000000,69884.34772000,0
1769677200000000,4.33800000,4.34100000,4.31400000,4.32300000,38442.80000000,1769680799999999,166252.12029000,1633,25523.25000000,110369.89550000,0
1769680800000000,4.32300000,4.32900000,4.29700000,4.30300000,22244.62000000,1769684399999999,95831.37201000,878,10964.72000000,47229.57164000,0
1769684400000000,4.30300000,4.30300000,4.26800000,4.27200000,26564.04000000,1769687999999999,113715.71382000,1436,8561.72000000,36639.52984000,0
1769688000000000,4.27200000,4.28400000,4.24600000,4.26000000,16942.52000000,1769691599999999,72187.86556000,886,9257.80000000,39460.08143000,0
1769691600000000,4.25900000,4.28000000,4.25900000,4.27500000,8857.19000000,1769695199999999,37809.77612000,753,4640.23000000,19809.12771000,0
1769695200000000,4.27600000,4.28500000,4.15400000,4.15900000,71646.86000000,1769698799999999,302439.62999000,4199,30094.11000000,127122.12237000,0
1769698800000000,4.16000000,4.16100000,4.01400000,4.09000000,525607.99000000,1769702399999999,2140993.42448000,20707,279026.31000000,1136053.13090000,0
1769702400000000,4.08900000,4.14000000,4.05000000,4.13800000,76453.95000000,1769705999999999,312523.92207000,4881,47766.39000000,195337.11342000,0
1769706000000000,4.13700000,4.19300000,4.08100000,4.08800000,71477.69000000,1769709599999999,295803.60599000,4245,35580.14000000,147314.65639000,0
1769709600000000,4.08700000,4.09600000,4.00200000,4.00700000,107028.49000000,1769713199999999,433252.67305000,5503,45539.40000000,184274.93004000,0
1769713200000000,4.00600000,4.08700000,3.99200000,4.06800000,105315.26000000,1769716799999999,424804.63446000,4815,55876.03000000,226004.88186000,0
1769716800000000,4.06900000,4.10300000,4.05300000,4.09900000,71264.34000000,1769720399999999,289949.15291000,2209,26994.47000000,109996.21293000,0
1769720400000000,4.09900000,4.12400000,4.08700000,4.09900000,35237.51000000,1769723999999999,144664.45523000,1499,21592.47000000,88647.49163000,0
1769724000000000,4.10200000,4.11100000,4.07500000,4.09100000,39840.16000000,1769727599999999,163078.08294000,1091,24496.16000000,100291.28886000,0
1769727600000000,4.09000000,4.09100000,4.06300000,4.07800000,11669.22000000,1769731199999999,47595.17376000,771,8026.19000000,32742.61972000,0
1769731200000000,4.07800000,4.09400000,4.06200000,4.07700000,33268.26000000,1769734799999999,135663.18082000,1319,23065.10000000,94064.73874000,0
1769734800000000,4.07800000,4.11000000,3.91900000,4.03500000,197714.05000000,1769738399999999,792373.56779000,10177,83297.41000000,334029.82196000,0
1769738400000000,4.03600000,4.04700000,3.96900000,4.01100000,91368.11000000,1769741999999999,365614.81254000,3970,43741.29000000,175021.86678000,0
1769742000000000,4.01200000,4.02400000,3.97800000,3.98900000,36400.44000000,1769745599999999,145512.49205000,1631,16132.52000000,64464.86304000,0
1769745600000000,3.99100000,4.03800000,3.98500000,4.00700000,42283.58000000,1769749199999999,169535.61635000,1806,25231.35000000,101113.40185000,0
1769749200000000,4.00800000,4.01700000,3.98500000,4.00300000,29286.86000000,1769752799999999,117281.47543000,1185,14541.63000000,58231.19573000,0
1769752800000000,4.00200000,4.00700000,3.96400000,3.98900000,84601.12000000,1769756399999999,336700.56987000,4045,48582.54000000,193388.66437000,0
1769756400000000,3.99100000,4.05400000,3.98900000,4.00000000,131802.61000000,1769759999999999,529484.73900000,4727,62632.85000000,251518.66547000,0
1769760000000000,4.00000000,4.01700000,3.97400000,3.99000000,178950.05000000,1769763599999999,713685.50746000,7401,110735.03000000,441657.93470000,0
1769763600000000,3.99000000,4.01000000,3.97700000,3.99400000,112945.60000000,1769767199999999,450470.38880000,6130,61358.95000000,244681.26861000,0
1769767200000000,3.99300000,4.01300000,3.98400000,4.00100000,29207.02000000,1769770799999999,116801.70288000,2177,14677.04000000,58708.03301000,0
1769770800000000,4.00000000,4.07300000,3.99600000,4.05900000,35960.06000000,1769774399999999,144917.89708000,2837,19294.04000000,77812.13899000,0
1769774400000000,4.05900000,4.06300000,3.99300000,4.00200000,43779.19000000,1769777999999999,176239.82453000,2581,17475.15000000,70335.61935000,0
1769778000000000,4.00200000,4.03500000,3.96300000,3.97600000,122112.30000000,1769781599999999,488282.72509000,3841,75091.40000000,300663.05846000,0
1769781600000000,3.97600000,4.03800000,3.97600000,3.98900000,61183.64000000,1769785199999999,244830.00837000,3776,31647.04000000,126707.51229000,0
1769785200000000,3.99000000,4.02600000,3.93800000,3.99600000,89787.19000000,1769788799999999,358228.38479000,4440,45006.31000000,179723.33830000,0
1769788800000000,3.99500000,4.04200000,3.96200000,4.00800000,66596.63000000,1769792399999999,266510.66179000,4038,30729.19000000,123090.73593000,0
1769792400000000,4.00900000,4.04700000,3.98400000,4.00900000,38620.03000000,1769795999999999,155056.13707000,2834,22996.09000000,92335.40690000,0
1769796000000000,4.00900000,4.08100000,3.91000000,4.06500000,138875.30000000,1769799599999999,554184.61647000,7543,79887.15000000,318951.39877000,0
1769799600000000,4.06600000,4.08900000,4.04600000,4.05500000,66569.81000000,1769803199999999,270848.16730000,3417,39843.95000000,162108.47670000,0
1769803200000000,4.05400000,4.05400000,3.97000000,3.98400000,87030.77000000,1769806799999999,348462.68757000,4601,37263.24000000,149282.98122000,0
1769806800000000,3.98500000,4.02300000,3.97200000,3.99800000,49798.70000000,1769810399999999,199083.30789000,2425,29415.70000000,117610.49596000,0
1769810400000000,3.99900000,4.00800000,3.97100000,3.99900000,18663.75000000,1769813999999999,74451.16920000,899,10035.39000000,40050.51804000,0
1769814000000000,3.99900000,4.00200000,3.96400000,3.99800000,28576.38000000,1769817599999999,113781.10279000,1362,17025.97000000,67809.48140000,0
1769817600000000,3.99900000,4.00500000,3.97700000,3.98000000,32282.73000000,1769821199999999,128755.36735000,1198,15517.83000000,61867.62576000,0
1769821200000000,3.97900000,4.00100000,3.97400000,3.99000000,9942.99000000,1769824799999999,39634.37920000,864,4747.06000000,18926.97528000,0
1769824800000000,3.99000000,4.00800000,3.96900000,3.99700000,16027.44000000,1769828399999999,63911.85066000,954,9995.11000000,39868.70630000,0
1769828400000000,3.99700000,4.00300000,3.98400000,3.98800000,6308.53000000,1769831999999999,25185.66328000,474,4421.93000000,17651.99857000,0
1769832000000000,3.98800000,4.00400000,3.96800000,3.97500000,10787.55000000,1769835599999999,43026.80633000,721,5596.23000000,22319.90585000,0
1769835600000000,3.97400000,3.99500000,3.96000000,3.99100000,29099.72000000,1769839199999999,115535.25447000,997,9374.39000000,37278.13382000,0
1769839200000000,3.99100000,3.99900000,3.93700000,3.95800000,26778.28000000,1769842799999999,106147.85065000,1445,9174.44000000,36400.73838000,0
1769842800000000,3.95900000,3.96600000,3.91300000,3.94400000,15750.32000000,1769846399999999,61972.27065000,1195,7717.37000000,30385.51761000,0
1769846400000000,3.94300000,3.95000000,3.83900000,3.88300000,120803.61000000,1769849999999999,468271.91681000,5648,47445.83000000,183925.20899000,0
1769850000000000,3.88400000,3.92500000,3.87900000,3.88200000,94219.58000000,1769853599999999,367074.14959000,2944,33981.21000000,132571.49749000,0
1769853600000000,3.88200000,3.89700000,3.85700000,3.87400000,38012.59000000,1769857199999999,147293.58246000,1739,16457.78000000,63789.52309000,0
1769857200000000,3.87500000,3.87500000,3.84100000,3.85300000,51583.68000000,1769860799999999,198884.24227000,1811,18984.42000000,73167.78998000,0
1769860800000000,3.85400000,3.85600000,3.82600000,3.83300000,49862.88000000,1769864399999999,191373.40179000,2367,17822.24000000,68415.28702000,0
1769864400000000,3.83300000,3.83800000,3.78400000,3.80100000,62949.37000000,1769867999999999,239529.71400000,3497,26953.17000000,102529.58655000,0
1769868000000000,3.80100000,3.81100000,3.57900000,3.64600000,434245.42000000,1769871599999999,1588422.56073000,18460,197422.04000000,721401.66214000,0
1769871600000000,3.64600000,3.69800000,3.63200000,3.63600000,114951.23000000,1769875199999999,421436.41308000,4663,57318.41000000,210105.39503000,0
1769875200000000,3.63700000,3.69700000,3.58600000,3.60800000,279228.55000000,1769878799999999,1016050.65778000,10077,144223.21000000,525184.48019000,0
1769878800000000,3.60800000,3.63100000,3.41400000,3.47600000,517376.12000000,1769882399999999,1808510.06386000,22541,239376.60000000,836328.86576000,0
1769882400000000,3.47600000,3.49700000,3.24000000,3.41800000,386023.62000000,1769885999999999,1309393.31654000,18385,184386.96000000,624866.75163000,0
1769886000000000,3.41900000,3.50400000,3.41600000,3.47900000,151708.04000000,1769889599999999,524663.01678000,7885,88265.18000000,305460.06715000,0
1769889600000000,3.47900000,3.51800000,3.43600000,3.48300000,129087.86000000,1769893199999999,447806.62890000,4741,62148.22000000,216187.48148000,0
1769893200000000,3.48200000,3.55800000,3.46800000,3.54500000,82642.99000000,1769896799999999,289931.62151000,4333,41444.73000000,145421.37110000,0
1769896800000000,3.54600000,3.56000000,3.51300000,3.54300000,36423.59000000,1769900399999999,128806.44840000,1462,15163.93000000,53631.90336000,0
1769900400000000,3.54400000,3.64300000,3.54100000,3.61800000,71939.48000000,1769903999999999,258521.04355000,3383,48913.20000000,175590.93546000,0
