1759276800000000,12.01000000,12.04000000,11.89000000,11.95000000,9080.31000000,1759280399999999,108543.24810000,1222,3833.57000000,45768.60370000,0
1759280400000000,11.95000000,12.07000000,11.93000000,12.06000000,13876.96000000,1759283999999999,166627.91900000,1276,8098.04000000,97236.01800000,0
1759284000000000,12.06000000,12.06000000,11.96000000,11.96000000,6733.28000000,1759287599999999,80871.66030000,717,1513.13000000,18162.29840000,0
1759287600000000,11.95000000,11.98000000,11.85000000,11.85000000,17772.75000000,1759291199999999,211795.27060000,1201,7599.25000000,90745.21830000,0
1759291200000000,11.85000000,11.97000000,11.85000000,11.88000000,7099.28000000,1759294799999999,84716.99560000,1135,3247.35000000,38758.41530000,0
1759294800000000,11.89000000,12.00000000,11.89000000,11.94000000,10777.05000000,1759298399999999,128809.70610000,1514,5479.84000000,65484.88440000,0
1759298400000000,11.95000000,11.95000000,11.85000000,11.85000000,6459.17000000,1759301999999999,76887.16990000,1089,2360.95000000,28102.37490000,0
1759302000000000,11.85000000,11.97000000,11.85000000,11.93000000,6209.48000000,1759305599999999,73997.32080000,1024,3320.14000000,39575.97810000,0
1759305600000000,11.92000000,12.40000000,11.90000000,12.38000000,74603.06000000,1759309199999999,912786.56300000,7125,42330.41000000,517376.02860000,0
1759309200000000,12.38000000,12.48000000,12.36000000,12.44000000,59824.89000000,1759312799999999,743228.73300000,4486,28843.42000000,358567.32740000,0
1759312800000000,12.44000000,12.44000000,12.31000000,12.33000000,23716.00000000,1759316399999999,293165.91850000,1626,11082.59000000,137049.87030000,0
1759316400000000,12.32000000,12.40000000,12.32000000,12.35000000,11268.59000000,1759319999999999,139319.71630000,947,8678.50000000,107327.61030000,0
1759320000000000,12.36000000,12.38000000,12.25000000,12.27000000,24012.62000000,1759323599999999,295962.92370000,1877,7126.41000000,87843.55220000,0
1759323600000000,12.27000000,12.38000000,12.27000000,12.32000000,27182.07000000,1759327199999999,334794.83290000,2153,15595.57000000,192012.04610000,0
1759327200000000,12.32000000,12.41000000,12.31000000,12.36000000,32703.69000000,1759330799999999,404162.50420000,2465,20193.40000000,249561.82840000,0
1759330800000000,12.37000000,12.48000000,12.33000000,12.45000000,25856.56000000,1759334399999999,321175.42530000,2352,16802.48000000,208837.38350000,0
1759334400000000,12.46000000,12.52000000,12.37000000,12.41000000,51070.84000000,1759337999999999,636086.38990000,3783,26163.67000000,326040.89510000,0
1759338000000000,12.41000000,12.43000000,12.33000000,12.35000000,28362.80000000,1759341599999999,351148.20130000,1895,10208.62000000,126534.85460000,0
1759341600000000,12.35000000,12.52000000,12.35000000,12.50000000,9944.47000000,1759345199999999,124049.83350000,919,4261.26000000,53157.65890000,0
1759345200000000,12.50000000,12.57000000,12.48000000,12.53000000,18281.96000000,1759348799999999,229142.72220000,1342,6213.59000000,77902.75880000,0
1759348800000000,12.54000000,12.55000000,12.49000000,12.53000000,23223.25000000,1759352399999999,290749.30880000,1816,12631.92000000,158183.20960000,0
1759352400000000,12.52000000,12.53000000,12.46000000,12.48000000,11926.65000000,1759355999999999,148977.99130000,1098,4923.09000000,61501.26750000,0
1759356000000000,12.48000000,12.57000000,12.48000000,12.55000000,15074.19000000,1759359599999999,188781.26640000,1288,8540.15000000,107010.19260000,0
1759359600000000,12.54000000,12.63000000,12.53000000,12.61000000,21941.43000000,1759363199999999,276017.79210000,1613,9784.90000000,123109.12400000,0
1759363200000000,12.62000000,12.65000000,12.53000000,12.55000000,22201.40000000,1759366799999999,279758.47030000,2276,9728.63000000,122696.98060000,0
1759366800000000,12.55000000,12.67000000,12.53000000,12.67000000,7164.67000000,1759370399999999,90231.17140000,967,3742.00000000,47116.41770000,0
1759370400000000,12.66000000,12.74000000,12.61000000,12.71000000,36014.99000000,1759373999999999,456441.52100000,1924,20729.01000000,262826.70080000,0
1759374000000000,12.72000000,12.73000000,12.62000000,12.65000000,19574.43000000,1759377599999999,248021.04680000,1704,8234.46000000,104291.04260000,0
1759377600000000,12.64000000,12.69000000,12.57000000,12.68000000,11079.95000000,1759381199999999,140062.63890000,1656,6811.33000000,86088.06120000,0
1759381200000000,12.68000000,12.75000000,12.67000000,12.70000000,15454.95000000,1759384799999999,196501.29740000,1375,8657.57000000,110096.16760000,0
1759384800000000,12.70000000,12.80000000,12.69000000,12.73000000,27250.98000000,1759388399999999,347239.44450000,1879,15847.87000000,201997.47600000,0
1759388400000000,12.73000000,12.73000000,12.63000000,12.63000000,13965.23000000,1759391999999999,177083.79630000,1033,5818.21000000,73739.42180000,0
1759392000000000,12.63000000,12.71000000,12.63000000,12.67000000,48723.16000000,1759395599999999,617493.47890000,1437,35418.49000000,448904.08390000,0
1759395600000000,12.67000000,12.67000000,12.61000000,12.64000000,44980.24000000,1759399199999999,568272.58260000,1404,11800.01000000,149122.93640000,0
1759399200000000,12.64000000,12.68000000,12.58000000,12.66000000,22329.80000000,1759402799999999,281756.92280000,1561,11786.86000000,148812.78350000,0
1759402800000000,12.66000000,12.71000000,12.63000000,12.65000000,24609.52000000,1759406399999999,311689.40070000,1583,12737.17000000,161330.23950000,0
1759406400000000,12.65000000,12.70000000,12.63000000,12.70000000,26652.70000000,1759409999999999,337726.46190000,1667,15999.42000000,202770.78440000,0
1759410000000000,12.69000000,12.71000000,12.56000000,12.62000000,33160.81000000,1759413599999999,419378.44090000,2962,16088.60000000,203358.97450000,0
1759413600000000,12.63000000,12.65000000,12.37000000,12.43000000,109771.45000000,1759417199999999,1373797.25300000,5134,43794.37000000,549230.54980000,0
1759417200000000,12.42000000,12.60000000,12.35000000,12.59000000,40056.72000000,1759420799999999,498181.33360000,2831,17396.07000000,216602.10910000,0
1759420800000000,12.59000000,12.68000000,12.56000000,12.64000000,54159.64000000,1759424399999999,683494.97170000,2490,40772.71000000,514515.72760000,0
1759424400000000,12.63000000,12.77000000,12.60000000,12.73000000,30350.51000000,1759427999999999,384785.68550000,1886,20758.09000000,263259.25210000,0
1759428000000000,12.73000000,12.87000000,12.73000000,12.83000000,22777.46000000,1759431599999999,291686.63210000,1910,9619.32000000,123221.15200000,0
1759431600000000,12.83000000,12.94000000,12.81000000,12.91000000,50496.98000000,1759435199999999,651393.88480000,2469,26326.12000000,339675.99720000,0
1759435200000000,12.91000000,12.96000000,12.81000000,12.96000000,35550.41000000,1759438799999999,458468.39120000,2246,22318.86000000,287884.83930000,0
1759438800000000,12.96000000,12.99000000,12.85000000,12.87000000,39317.85000000,1759442399999999,508459.76660000,2204,19627.66000000,253903.27840000,0
1759442400000000,12.86000000,12.95000000,12.86000000,12.88000000,19361.25000000,1759445999999999,249575.39790000,1219,5727.61000000,73860.58520000,0
1759446000000000,12.88000000,12.97000000,12.86000000,12.95000000,21317.00000000,1759449599999999,275231.70950000,1698,13869.40000000,179105.54540000,0
1759449600000000,12.96000000,12.97000000,12.81000000,12.88000000,38230.65000000,1759453199999999,492192.98090000,2380,22881.88000000,294573.53550000,0
1759453200000000,12.87000000,12.91000000,12.74000000,12.74000000,29477.80000000,1759456799999999,377712.81880000,2105,10672.66000000,136826.52990000,0
1759456800000000,12.74000000,12.86000000,12.72000000,12.86000000,18357.84000000,1759460399999999,235154.26590000,1770,11487.64000000,147219.24270000,0
1759460400000000,12.86000000,12.99000000,12.83000000,12.84000000,42302.57000000,1759463999999999,546329.04310000,2944,21959.27000000,283624.01580000,0
1759464000000000,12.84000000,12.94000000,12.81000000,12.87000000,16867.31000000,1759467599999999,216942.52710000,1447,5665.92000000,72838.67640000,0
1759467600000000,12.88000000,12.90000000,12.77000000,12.80000000,8436.64000000,1759471199999999,108233.04250000,1237,2756.94000000,35359.81680000,0
1759471200000000,12.79000000,12.89000000,12.77000000,12.85000000,35800.05000000,1759474799999999,459130.98730000,2406,17103.35000000,219559.92550000,0
1759474800000000,12.85000000,12.86000000,12.74000000,12.79000000,29916.05000000,1759478399999999,382376.05230000,1838,13809.16000000,176528.03520000,0
1759478400000000,12.79000000,12.83000000,12.68000000,12.82000000,19795.04000000,1759481999999999,252871.32870000,1583,11489.32000000,146800.04140000,0
1759482000000000,12.83000000,12.87000000,12.74000000,12.87000000,24971.98000000,1759485599999999,319031.68660000,1588,14566.68000000,186083.53120000,0
1759485600000000,12.86000000,12.89000000,12.84000000,12.85000000,10219.73000000,1759489199999999,131472.07440000,957,4470.79000000,57523.75560000,0
1759489200000000,12.85000000,12.85000000,12.75000000,12.77000000,35769.30000000,1759492799999999,456929.17910000,1399,18416.77000000,235254.50900000,0
1759492800000000,12.77000000,12.82000000,12.76000000,12.78000000,13783.04000000,1759496399999999,176245.55610000,1174,7157.01000000,91530.08090000,0
1759496400000000,12.77000000,12.88000000,12.69000000,12.84000000,39859.57000000,1759499999999999,509964.61730000,3111,15195.14000000,194800.19240000,0
1759500000000000,12.84000000,12.85000000,12.68000000,12.81000000,38425.83000000,1759503599999999,490886.05860000,3238,17525.66000000,223819.37970000,0
1759503600000000,12.80000000,13.11000000,12.75000000,13.08000000,47563.79000000,1759507199999999,617787.70860000,3518,30967.13000000,402238.72660000,0
1759507200000000,13.09000000,13.39000000,13.04000000,13.23000000,114983.93000000,1759510799999999,1521150.44950000,7454,64628.57000000,854623.00540000,0
1759510800000000,13.23000000,13.24000000,12.86000000,12.90000000,186677.58000000,1759514399999999,2437134.40300000,13875,85251.92000000,1113127.41810000,0
1759514400000000,12.90000000,13.26000000,12.84000000,13.24000000,126882.54000000,1759517999999999,1661706.86130000,8302,77300.96000000,1012960.92320000,0
1759518000000000,13.25000000,13.32000000,13.14000000,13.32000000,101072.41000000,1759521599999999,1338483.07610000,4857,57693.19000000,764133.57250000,0
1759521600000000,13.31000000,13.43000000,13.30000000,13.39000000,65564.78000000,1759525199999999,876454.20900000,4704,38479.10000000,514149.53790000,0
1759525200000000,13.40000000,13.60000000,13.38000000,13.53000000,107098.83000000,1759528799999999,1444778.98520000,6312,57353.87000000,773818.88370000,0
1759528800000000,13.53000000,13.62000000,13.48000000,13.49000000,21336.56000000,1759532399999999,288965.75900000,1791,10090.55000000,136760.29650000,0
1759532400000000,13.49000000,13.50000000,13.36000000,13.39000000,17227.47000000,1759535999999999,231215.92350000,1529,8848.61000000,118705.30190000,0
1759536000000000,13.40000000,13.50000000,13.37000000,13.43000000,25697.02000000,1759539599999999,345439.39270000,2604,13017.63000000,175046.32030000,0
1759539600000000,13.43000000,13.43000000,13.23000000,13.31000000,73328.66000000,1759543199999999,975119.31600000,2986,26724.15000000,355128.25010000,0
1759543200000000,13.31000000,13.39000000,13.18000000,13.29000000,74407.20000000,1759546799999999,984760.94020000,3326,24875.71000000,329640.43400000,0
1759546800000000,13.29000000,13.30000000,13.15000000,13.25000000,22319.39000000,1759550399999999,294965.78450000,2302,12148.64000000,160558.05110000,0
1759550400000000,13.24000000,13.35000000,13.17000000,13.27000000,51672.96000000,1759553999999999,685706.61430000,3901,22226.40000000,294751.33550000,0
1759554000000000,13.27000000,13.40000000,13.26000000,13.39000000,42201.49000000,1759557599999999,562351.64710000,4002,24994.31000000,333124.66360000,0
1759557600000000,13.39000000,13.43000000,13.32000000,13.32000000,31213.97000000,1759561199999999,417787.09610000,3246,16432.99000000,219998.04430000,0
1759561200000000,13.31000000,13.34000000,13.20000000,13.24000000,13843.39000000,1759564799999999,183601.32550000,1132,7623.15000000,101089.74860000,0
1759564800000000,13.24000000,13.24000000,13.06000000,13.09000000,15085.68000000,1759568399999999,198103.11110000,1543,5312.17000000,69827.67070000,0
1759568400000000,13.09000000,13.12000000,13.02000000,13.05000000,17384.38000000,1759571999999999,227374.94380000,1234,5483.15000000,71701.03260000,0
1759572000000000,13.05000000,13.10000000,12.95000000,12.96000000,13941.60000000,1759575599999999,181471.73090000,1610,6468.79000000,84260.70850000,0
1759575600000000,12.96000000,13.00000000,12.91000000,12.96000000,20716.65000000,1759579199999999,268136.64750000,2188,8238.00000000,106652.52930000,0
1759579200000000,12.96000000,13.00000000,12.90000000,12.95000000,16629.56000000,1759582799999999,215170.36110000,1217,4279.93000000,55508.18170000,0
1759582800000000,12.94000000,13.11000000,12.94000000,13.00000000,25175.68000000,1759586399999999,328372.70250000,2109,15311.27000000,199771.10240000,0
1759586400000000,12.99000000,13.06000000,12.84000000,12.85000000,18838.22000000,1759589999999999,243803.91070000,1777,8221.60000000,106490.26920000,0
1759590000000000,12.84000000,12.88000000,12.71000000,12.76000000,33007.02000000,1759593599999999,421852.32170000,2870,14177.54000000,181350.07890000,0
1759593600000000,12.76000000,12.84000000,12.72000000,12.81000000,21496.26000000,1759597199999999,274593.83470000,1733,7695.51000000,98325.37890000,0
1759597200000000,12.81000000,12.97000000,12.72000000,12.74000000,78562.90000000,1759600799999999,1009081.39340000,4195,48768.82000000,627317.25600000,0
1759600800000000,12.73000000,12.74000000,12.10000000,12.42000000,368055.35000000,1759604399999999,4555804.21500000,22080,178286.37000000,2205186.16910000,0
1759604400000000,12.42000000,12.53000000,12.41000000,12.51000000,28466.13000000,1759607999999999,355026.89060000,3058,14286.00000000,178161.88490000,0
1759608000000000,12.51000000,12.59000000,12.49000000,12.54000000,35016.40000000,1759611599999999,439652.35810000,2417,23290.19000000,292575.71580000,0
1759611600000000,12.54000000,12.64000000,12.49000000,12.50000000,25760.71000000,1759615199999999,323267.67120000,1798,6901.01000000,86684.16050000,0
1759615200000000,12.50000000,12.60000000,12.49000000,12.58000000,16201.80000000,1759618799999999,203447.84700000,1599,10435.96000000,131003.21500000,0
1759618800000000,12.58000000,12.58000000,12.52000000,12.54000000,15078.74000000,1759622399999999,189240.17150000,1048,7041.76000000,88367.78780000,0
1759622400000000,12.55000000,12.56000000,12.42000000,12.44000000,47926.77000000,1759625999999999,599452.10670000,2677,26621.81000000,333190.67440000,0
1759626000000000,12.43000000,12.55000000,12.43000000,12.54000000,9198.39000000,1759629599999999,115028.76760000,961,4448.76000000,55643.35970000,0
1759629600000000,12.53000000,12.70000000,12.49000000,12.66000000,43322.82000000,1759633199999999,545626.31230000,4378,24241.45000000,305405.78660000,0
1759633200000000,12.66000000,12.73000000,12.59000000,12.66000000,42981.43000000,1759636799999999,544705.70560000,3189,27041.92000000,342872.15470000,0
1759636800000000,12.66000000,12.90000000,12.66000000,12.83000000,57137.44000000,1759640399999999,730601.57040000,5323,31657.15000000,404749.02240000,0
1759640400000000,12.84000000,12.93000000,12.80000000,12.88000000,40233.16000000,1759643999999999,517984.39410000,3133,16789.72000000,216074.87290000,0
1759644000000000,12.88000000,12.96000000,12.86000000,12.94000000,25115.74000000,1759647599999999,324577.24410000,2227,15837.69000000,204682.45160000,0
1759647600000000,12.95000000,13.11000000,12.93000000,13.10000000,32936.22000000,1759651199999999,429206.21790000,2895,17670.33000000,230200.77970000,0
1759651200000000,13.10000000,13.16000000,13.00000000,13.07000000,45596.32000000,1759654799999999,595911.60350000,3313,24315.61000000,317756.95580000,0
1759654800000000,13.07000000,13.07000000,12.93000000,12.94000000,59360.90000000,1759658399999999,771730.03270000,5295,32133.25000000,417943.26680000,0
1759658400000000,12.94000000,12.96000000,12.83000000,12.85000000,41002.90000000,1759661999999999,529089.77600000,3923,16229.28000000,209443.79180000,0
1759662000000000,12.85000000,12.88000000,12.76000000,12.86000000,31049.86000000,1759665599999999,397850.97470000,2253,15835.81000000,202985.89010000,0
1759665600000000,12.86000000,12.86000000,12.75000000,12.76000000,16469.12000000,1759669199999999,210752.02820000,1261,6628.52000000,84806.53570000,0
1759669200000000,12.76000000,12.86000000,12.76000000,12.81000000,7986.02000000,1759672799999999,102286.84190000,669,5482.29000000,70205.75420000,0
1759672800000000,12.82000000,12.91000000,12.73000000,12.79000000,29102.32000000,1759676399999999,373169.36420000,2862,16504.25000000,211957.92200000,0
1759676400000000,12.79000000,12.89000000,12.76000000,12.86000000,33175.71000000,1759679999999999,426291.08580000,1685,23184.18000000,298018.57190000,0
1759680000000000,12.85000000,12.88000000,12.73000000,12.85000000,17855.01000000,1759683599999999,228477.74930000,2008,6460.40000000,82696.64950000,0
1759683600000000,12.85000000,12.87000000,12.68000000,12.71000000,19760.26000000,1759687199999999,252458.84230000,1631,10574.15000000,135226.35010000,0
1759687200000000,12.71000000,12.76000000,12.66000000,12.71000000,12696.18000000,1759690799999999,161422.00140000,1248,6013.98000000,76495.79460000,0
1759690800000000,12.71000000,12.71000000,12.56000000,12.57000000,19303.24000000,1759694399999999,244117.16030000,1629,8723.20000000,110370.20330000,0
1759694400000000,12.57000000,12.65000000,12.50000000,12.60000000,25651.45000000,1759697999999999,322202.85050000,2062,8792.70000000,110559.51420000,0
1759698000000000,12.59000000,12.60000000,12.54000000,12.58000000,14642.61000000,1759701599999999,184033.37300000,1296,7524.90000000,94581.71630000,0
1759701600000000,12.59000000,12.71000000,12.53000000,12.69000000,12892.06000000,1759705199999999,162633.08270000,1122,7427.52000000,93750.70350000,0
1759705200000000,12.69000000,12.79000000,12.68000000,12.69000000,11697.03000000,1759708799999999,148912.13310000,1394,6351.02000000,80842.85260000,0
1759708800000000,12.68000000,13.22000000,12.57000000,12.91000000,395103.35000000,1759712399999999,5107140.62760000,19603,197115.38000000,2545897.57890000,0
1759712400000000,12.92000000,13.58000000,12.85000000,13.21000000,486368.16000000,1759715999999999,6482177.46110000,36234,263489.27000000,3510140.82520000,0
1759716000000000,13.21000000,13.38000000,13.15000000,13.29000000,144386.16000000,1759719599999999,1913636.85610000,13404,75429.54000000,999850.29330000,0
1759719600000000,13.30000000,13.31000000,12.99000000,13.05000000,106713.12000000,1759723199999999,1397825.89560000,8185,53562.59000000,701257.63430000,0
1759723200000000,13.05000000,13.16000000,12.90000000,12.91000000,41858.23000000,1759726799999999,545036.07560000,3904,19718.93000000,256905.57530000,0
1759726800000000,12.91000000,13.02000000,12.87000000,12.97000000,53894.87000000,1759730399999999,697126.83240000,3304,26079.13000000,337450.58910000,0
1759730400000000,12.97000000,13.12000000,12.93000000,13.04000000,44393.97000000,1759733999999999,578231.74880000,3410,23695.70000000,308633.80390000,0
1759734000000000,13.04000000,13.15000000,12.90000000,12.95000000,40012.66000000,1759737599999999,521900.44830000,2990,22804.75000000,297493.07480000,0
1759737600000000,12.95000000,13.04000000,12.92000000,12.97000000,21928.42000000,1759741199999999,284567.28780000,1658,11125.83000000,144348.31150000,0
1759741200000000,12.98000000,13.05000000,12.96000000,13.01000000,16884.10000000,1759744799999999,219508.61200000,1500,8782.20000000,114186.75700000,0
1759744800000000,13.01000000,13.03000000,12.95000000,13.01000000,20378.50000000,1759748399999999,264751.21140000,1848,8952.68000000,116354.88230000,0
1759748400000000,13.01000000,13.10000000,12.98000000,13.02000000,23820.48000000,1759751999999999,310692.94870000,1714,12738.70000000,166190.78160000,0
1759752000000000,13.02000000,13.17000000,13.02000000,13.17000000,21814.93000000,1759755599999999,286236.35060000,1870,13168.11000000,172682.58820000,0
1759755600000000,13.18000000,13.33000000,13.15000000,13.32000000,47242.89000000,1759759199999999,625546.73660000,4001,27578.75000000,365304.23230000,0
1759759200000000,13.33000000,13.39000000,13.12000000,13.13000000,66483.52000000,1759762799999999,883034.07420000,3826,25207.90000000,335089.46270000,0
1759762800000000,13.14000000,13.32000000,13.13000000,13.22000000,51971.59000000,1759766399999999,689075.47820000,3047,22711.94000000,301307.80510000,0
1759766400000000,13.23000000,13.27000000,13.16000000,13.25000000,37172.85000000,1759769999999999,491579.46190000,2264,16348.80000000,216294.15710000,0
1759770000000000,13.25000000,13.30000000,13.20000000,13.23000000,35543.80000000,1759773599999999,471272.79350000,2965,17975.93000000,238415.55860000,0
1759773600000000,13.23000000,13.28000000,13.18000000,13.25000000,33755.54000000,1759777199999999,446944.93660000,3232,15595.68000000,206542.59160000,0
1759777200000000,13.24000000,13.26000000,13.19000000,13.23000000,30091.03000000,1759780799999999,398064.87120000,2384,13404.47000000,177314.61430000,0
1759780800000000,13.24000000,13.29000000,13.18000000,13.22000000,38091.38000000,1759784399999999,503832.16020000,2855,16493.42000000,218441.67320000,0
1759784400000000,13.21000000,13.23000000,13.11000000,13.19000000,17347.68000000,1759787999999999,228494.25220000,2255,5832.46000000,76762.69060000,0
1759788000000000,13.19000000,13.22000000,13.13000000,13.17000000,14808.80000000,1759791599999999,195127.24340000,1955,6385.10000000,84149.98560000,0
1759791600000000,13.17000000,13.17000000,13.04000000,13.06000000,18770.75000000,1759795199999999,245589.08050000,2380,6726.89000000,87984.57500000,0
1759795200000000,13.06000000,13.13000000,13.04000000,13.12000000,22811.80000000,1759798799999999,298398.68510000,2936,10656.22000000,139369.44250000,0
1759798800000000,13.12000000,13.17000000,13.06000000,13.09000000,14691.28000000,1759802399999999,192436.24540000,2657,3650.86000000,47843.11070000,0
1759802400000000,13.09000000,13.12000000,13.00000000,13.06000000,29126.55000000,1759805999999999,380446.81500000,3251,10873.88000000,142048.13850000,0
1759806000000000,13.06000000,13.12000000,13.05000000,13.08000000,16652.89000000,1759809599999999,217976.88870000,1823,7914.20000000,103617.96740000,0
1759809600000000,13.08000000,13.16000000,12.97000000,13.08000000,25945.81000000,1759813199999999,339034.72350000,2794,11562.68000000,150880.85130000,0
1759813200000000,13.08000000,13.12000000,13.02000000,13.05000000,16218.57000000,1759816799999999,211871.74120000,1863,8772.23000000,114574.22780000,0
1759816800000000,13.05000000,13.05000000,12.85000000,12.87000000,24697.56000000,1759820399999999,318992.34330000,3012,8547.51000000,110489.30640000,0
1759820400000000,12.87000000,12.93000000,12.83000000,12.86000000,16204.31000000,1759823999999999,208532.15570000,1899,8388.53000000,107950.60200000,0
1759824000000000,12.86000000,12.87000000,12.72000000,12.81000000,28144.54000000,1759827599999999,360388.33060000,2970,12752.78000000,163327.67560000,0
1759827600000000,12.80000000,12.86000000,12.77000000,12.81000000,25282.30000000,1759831199999999,323454.89940000,1442,5684.30000000,72795.18380000,0
1759831200000000,12.81000000,12.90000000,12.79000000,12.89000000,15761.52000000,1759834799999999,202731.94510000,1355,7324.23000000,94216.88130000,0
1759834800000000,12.88000000,12.94000000,12.85000000,12.89000000,18664.92000000,1759838399999999,240892.23490000,1523,8821.80000000,113879.51670000,0
1759838400000000,12.89000000,13.03000000,12.83000000,13.03000000,23273.57000000,1759841999999999,300373.47190000,2408,10725.05000000,138642.05140000,0
1759842000000000,13.03000000,13.21000000,12.81000000,12.94000000,156646.11000000,1759845599999999,2039577.60720000,13271,80005.72000000,1043167.85500000,0
1759845600000000,12.94000000,12.96000000,12.66000000,12.66000000,139935.11000000,1759849199999999,1786709.43860000,10564,73827.66000000,942958.58410000,0
1759849200000000,12.67000000,12.72000000,12.40000000,12.49000000,183610.51000000,1759852799999999,2302037.34010000,13357,77523.31000000,973191.92950000,0
1759852800000000,12.48000000,12.71000000,12.40000000,12.62000000,200453.85000000,1759856399999999,2508604.99400000,9096,91157.43000000,1140315.71630000,0
1759856400000000,12.62000000,12.64000000,12.45000000,12.46000000,64013.33000000,1759859999999999,803654.65400000,4004,32399.70000000,407529.33140000,0
1759860000000000,12.45000000,12.49000000,12.41000000,12.41000000,22874.62000000,1759863599999999,284685.03090000,2185,14371.25000000,178878.23890000,0
1759863600000000,12.40000000,12.51000000,12.40000000,12.46000000,30874.53000000,1759867199999999,384491.60980000,2762,19545.83000000,243405.61570000,0
1759867200000000,12.45000000,12.68000000,12.45000000,12.58000000,55593.03000000,1759870799999999,701027.81970000,3221,39774.65000000,501819.50140000,0
1759870800000000,12.57000000,12.60000000,12.45000000,12.48000000,20851.79000000,1759874399999999,261620.88770000,1339,7076.30000000,88771.77440000,0
1759874400000000,12.48000000,12.54000000,12.45000000,12.48000000,21238.32000000,1759877999999999,265930.66790000,1107,6397.42000000,80060.76490000,0
1759878000000000,12.48000000,12.49000000,12.34000000,12.41000000,20154.59000000,1759881599999999,249996.55560000,1227,6293.73000000,78146.53760000,0
1759881600000000,12.41000000,12.52000000,12.37000000,12.46000000,13127.86000000,1759885199999999,163404.53460000,1510,5743.36000000,71493.52370000,0
1759885200000000,12.47000000,12.56000000,12.44000000,12.55000000,9789.74000000,1759888799999999,122534.24750000,994,4543.04000000,56886.25370000,0
1759888800000000,12.55000000,12.57000000,12.48000000,12.49000000,13967.62000000,1759892399999999,174993.72130000,1203,6055.45000000,75929.45010000,0
1759892400000000,12.48000000,12.49000000,12.25000000,12.29000000,44620.07000000,1759895999999999,549706.14290000,3177,16211.09000000,199640.37890000,0
1759896000000000,12.30000000,12.38000000,12.22000000,12.35000000,20234.73000000,1759899599999999,249131.60050000,1593,9234.80000000,113745.29070000,0
1759899600000000,12.35000000,12.35000000,12.24000000,12.29000000,7999.06000000,1759903199999999,98245.75340000,1035,3142.90000000,38629.75340000,0
1759903200000000,12.29000000,12.35000000,12.24000000,12.32000000,19376.28000000,1759906799999999,238240.48280000,1753,13744.27000000,169035.93380000,0
1759906800000000,12.33000000,12.43000000,12.28000000,12.42000000,15380.14000000,1759910399999999,189568.51100000,1681,5137.39000000,63398.84630000,0
1759910400000000,12.43000000,12.52000000,12.40000000,12.47000000,16952.30000000,1759913999999999,211276.31950000,1538,10648.03000000,132804.28120000,0
1759914000000000,12.47000000,12.47000000,12.38000000,12.45000000,19010.90000000,1759917599999999,236067.43500000,1901,9249.95000000,114919.33890000,0
1759917600000000,12.46000000,12.56000000,12.46000000,12.56000000,21952.47000000,1759921199999999,274468.65620000,1603,17468.54000000,218409.33290000,0
1759921200000000,12.55000000,12.56000000,12.42000000,12.43000000,13343.88000000,1759924799999999,166621.38350000,1176,5645.61000000,70377.56630000,0
1759924800000000,12.43000000,12.46000000,12.39000000,12.44000000,9641.47000000,1759928399999999,119716.83880000,1400,5632.42000000,69945.98700000,0
1759928400000000,12.43000000,12.51000000,12.36000000,12.51000000,24147.61000000,1759931999999999,300290.98340000,2502,10933.12000000,136078.20880000,0
1759932000000000,12.51000000,12.66000000,12.41000000,12.43000000,25664.24000000,1759935599999999,322331.65940000,2549,10780.33000000,135614.50130000,0
1759935600000000,12.43000000,12.56000000,12.43000000,12.47000000,34213.98000000,1759939199999999,426611.37500000,1996,7379.60000000,92122.21560000,0
1759939200000000,12.47000000,12.69000000,12.44000000,12.68000000,25287.06000000,1759942799999999,318398.37040000,2142,14030.41000000,176669.96950000,0
1759942800000000,12.69000000,12.86000000,12.67000000,12.81000000,53887.85000000,1759946399999999,689025.28370000,4054,33521.26000000,428951.01290000,0
1759946400000000,12.82000000,12.83000000,12.71000000,12.75000000,16678.99000000,1759949999999999,212930.49500000,2214,6743.06000000,86086.63270000,0
1759950000000000,12.76000000,12.77000000,12.68000000,12.74000000,14259.65000000,1759953599999999,181505.23950000,1836,4884.06000000,62215.66350000,0
1759953600000000,12.74000000,12.78000000,12.66000000,12.67000000,10115.29000000,1759957199999999,128673.97690000,1294,3728.58000000,47459.23520000,0
1759957200000000,12.67000000,12.75000000,12.66000000,12.69000000,12548.67000000,1759960799999999,159307.79310000,1035,2640.55000000,33544.31640000,0
1759960800000000,12.69000000,12.74000000,12.66000000,12.67000000,23735.04000000,1759964399999999,301277.45470000,1110,6819.71000000,86718.40360000,0
1759964400000000,12.66000000,12.70000000,12.63000000,12.66000000,14479.17000000,1759967999999999,183294.59010000,695,7899.35000000,100024.30040000,0
1759968000000000,12.66000000,12.70000000,12.59000000,12.59000000,9659.47000000,1759971599999999,122015.62910000,650,3577.06000000,45234.47990000,0
1759971600000000,12.60000000,12.61000000,12.50000000,12.56000000,20105.26000000,1759975199999999,252289.28810000,1158,6915.12000000,86741.73150000,0
1759975200000000,12.55000000,12.56000000,12.28000000,12.30000000,33392.52000000,1759978799999999,414434.62880000,1689,13046.88000000,162153.37920000,0
1759978800000000,12.30000000,12.45000000,12.30000000,12.41000000,11621.08000000,1759982399999999,144162.52180000,705,5564.01000000,69090.93600000,0
1759982400000000,12.41000000,12.45000000,12.37000000,12.44000000,10768.19000000,1759985999999999,133578.67120000,668,5142.32000000,63798.93130000,0
1759986000000000,12.45000000,12.46000000,12.36000000,12.38000000,9336.14000000,1759989599999999,115840.77340000,691,4904.97000000,60896.47090000,0
1759989600000000,12.38000000,12.39000000,12.29000000,12.30000000,14304.16000000,1759993199999999,176405.04400000,998,5683.85000000,70150.33470000,0
1759993200000000,12.30000000,12.33000000,12.24000000,12.26000000,15988.34000000,1759996799999999,196468.73060000,995,9863.26000000,121225.29300000,0
1759996800000000,12.26000000,12.27000000,12.05000000,12.06000000,36284.61000000,1760000399999999,440202.66770000,1909,15045.06000000,182576.62600000,0
1760000400000000,12.06000000,12.17000000,12.06000000,12.14000000,37110.17000000,1760003999999999,450444.03880000,2348,25874.82000000,314191.77030000,0
1760004000000000,12.13000000,12.21000000,12.09000000,12.19000000,10052.48000000,1760007599999999,122167.72770000,1211,5831.29000000,70916.37820000,0
1760007600000000,12.19000000,12.26000000,12.17000000,12.18000000,27753.10000000,1760011199999999,338938.52610000,1890,12363.75000000,150969.79720000,0
1760011200000000,12.17000000,12.29000000,12.14000000,12.24000000,46573.36000000,1760014799999999,568976.80500000,2739,24021.89000000,293812.37810000,0
1760014800000000,12.24000000,12.28000000,12.10000000,12.10000000,23789.35000000,1760018399999999,290058.62040000,2876,11551.16000000,140833.64710000,0
1760018400000000,12.11000000,12.18000000,11.96000000,12.08000000,54803.28000000,1760021999999999,660342.01140000,4211,18227.66000000,219871.55600000,0
1760022000000000,12.09000000,12.16000000,11.91000000,11.94000000,61350.86000000,1760025599999999,738236.07370000,3285,25693.27000000,309511.34650000,0
1760025600000000,11.94000000,11.99000000,11.79000000,11.83000000,36248.82000000,1760029199999999,431154.83220000,2631,14978.94000000,178170.54650000,0
1760029200000000,11.83000000,12.08000000,11.82000000,12.08000000,43701.39000000,1760032799999999,524203.12380000,3504,31378.42000000,376616.63710000,0
1760032800000000,12.08000000,12.11000000,12.02000000,12.05000000,12790.99000000,1760036399999999,154317.93320000,1676,6779.98000000,81808.10910000,0
1760036400000000,12.04000000,12.10000000,12.00000000,12.06000000,39508.19000000,1760039999999999,475976.79460000,2625,13521.11000000,162989.73890000,0
1760040000000000,12.06000000,12.11000000,12.01000000,12.05000000,7328.92000000,1760043599999999,88320.89620000,970,3689.06000000,44462.55530000,0
1760043600000000,12.04000000,12.11000000,12.03000000,12.11000000,9097.27000000,1760047199999999,109823.92020000,955,3829.59000000,46240.67690000,0
1760047200000000,12.11000000,12.22000000,12.09000000,12.18000000,21394.94000000,1760050799999999,259617.32610000,1208,8482.00000000,103046.66930000,0
1760050800000000,12.18000000,12.18000000,12.07000000,12.11000000,11123.50000000,1760054399999999,134792.85840000,974,4120.19000000,49913.51110000,0
1760054400000000,12.11000000,12.18000000,12.10000000,12.15000000,4272.63000000,1760057999999999,51846.95520000,705,1957.85000000,23761.04880000,0
1760058000000000,12.14000000,12.20000000,12.12000000,12.16000000,8006.95000000,1760061599999999,97427.74220000,920,3187.11000000,38752.08640000,0
1760061600000000,12.16000000,12.19000000,12.09000000,12.10000000,7881.52000000,1760065199999999,95580.75220000,848,3291.20000000,39933.10250000,0
1760065200000000,12.10000000,12.32000000,12.04000000,12.23000000,29635.57000000,1760068799999999,362836.13690000,1991,15194.60000000,185804.58750000,0
1760068800000000,12.22000000,12.27000000,12.16000000,12.19000000,17711.93000000,1760072399999999,216175.65230000,1657,8690.64000000,106077.17410000,0
1760072400000000,12.19000000,12.30000000,12.13000000,12.29000000,23107.16000000,1760075999999999,282517.99330000,1379,14293.71000000,174686.31940000,0
1760076000000000,12.30000000,12.35000000,12.16000000,12.18000000,25462.45000000,1760079599999999,311491.24060000,1616,11986.84000000,146628.42300000,0
1760079600000000,12.18000000,12.18000000,12.07000000,12.09000000,14013.89000000,1760083199999999,169915.76410000,1155,6609.61000000,80224.48640000,0
1760083200000000,12.08000000,12.20000000,12.08000000,12.20000000,19125.80000000,1760086799999999,232147.15320000,1903,10070.97000000,122248.07530000,0
1760086800000000,12.19000000,12.28000000,12.15000000,12.17000000,26200.88000000,1760090399999999,319825.73790000,1875,16625.63000000,203022.30270000,0
1760090400000000,12.17000000,12.26000000,12.16000000,12.25000000,7513.65000000,1760093999999999,91738.00370000,609,3022.83000000,36925.95470000,0
1760094000000000,12.24000000,12.27000000,12.19000000,12.26000000,15537.04000000,1760097599999999,190229.24770000,1211,5043.42000000,61745.13530000,0
1760097600000000,12.25000000,12.33000000,12.23000000,12.32000000,9417.34000000,1760101199999999,115602.76170000,1098,4422.63000000,54321.52260000,0
1760101200000000,12.33000000,12.44000000,12.27000000,12.34000000,59133.37000000,1760104799999999,731985.57570000,3653,27521.11000000,341009.82330000,0
1760104800000000,12.34000000,12.37000000,12.02000000,12.06000000,65907.49000000,1760108399999999,803068.60980000,5889,28116.60000000,342684.49440000,0
1760108400000000,12.06000000,12.07000000,11.53000000,11.64000000,221955.18000000,1760111999999999,2616299.58300000,19564,109617.48000000,1291671.98020000,0
1760112000000000,11.64000000,11.76000000,11.57000000,11.58000000,51636.07000000,1760115599999999,602407.31730000,5307,26355.56000000,307564.57900000,0
1760115600000000,11.59000000,11.61000000,11.42000000,11.48000000,51033.77000000,1760119199999999,588181.52830000,4095,18067.02000000,208276.52520000,0
1760119200000000,11.48000000,11.50000000,11.36000000,11.37000000,51417.23000000,1760122799999999,587932.06540000,3296,25115.08000000,287548.10360000,0
1760122800000000,11.37000000,11.41000000,11.14000000,11.23000000,70033.65000000,1760126399999999,788775.85720000,6043,29812.21000000,335983.89380000,0
1760126400000000,11.23000000,11.34000000,10.23000000,10.42000000,340503.96000000,1760129999999999,3695731.05740000,19831,145362.76000000,1574314.30260000,0
1760130000000000,10.42000000,10.61000000,2.74000000,7.69000000,1932588.03000000,1760133599999999,14896485.28130000,104925,959727.12000000,7373268.08000000,0
1760133600000000,7.74000000,8.50000000,6.95000000,8.48000000,1224575.74000000,1760137199999999,9498935.80380000,92995,700745.28000000,5427946.66180000,0
1760137200000000,8.48000000,9.19000000,8.19000000,8.57000000,736648.55000000,1760140799999999,6370384.45940000,47523,341317.87000000,2949911.84940000,0
1760140800000000,8.56000000,8.78000000,8.30000000,8.72000000,609038.09000000,1760144399999999,5217781.63360000,52498,234628.26000000,2018682.08930000,0
1760144400000000,8.71000000,8.76000000,8.49000000,8.57000000,269826.58000000,1760147999999999,2323562.88250000,21581,130972.88000000,1129247.73540000,0
1760148000000000,8.56000000,9.14000000,8.55000000,9.07000000,136775.12000000,1760151599999999,1222804.06380000,8062,69734.15000000,624774.28130000,0
1760151600000000,9.07000000,9.09000000,8.80000000,8.94000000,101344.84000000,1760155199999999,902767.03200000,5382,58122.28000000,517483.35220000,0
1760155200000000,8.94000000,9.13000000,8.89000000,9.10000000,123551.36000000,1760158799999999,1112255.28520000,5469,62796.96000000,566043.47100000,0
1760158800000000,9.10000000,9.17000000,8.89000000,8.94000000,135775.22000000,1760162399999999,1224078.85160000,6019,72118.66000000,649521.41020000,0
1760162400000000,8.95000000,9.07000000,8.89000000,8.93000000,105359.65000000,1760165999999999,948378.42500000,4775,50377.53000000,453627.46760000,0
1760166000000000,8.94000000,9.11000000,8.88000000,8.97000000,98324.39000000,1760169599999999,884071.20380000,4952,52689.19000000,474175.99920000,0
1760169600000000,8.98000000,9.26000000,8.91000000,9.21000000,102612.54000000,1760173199999999,937793.30000000,5066,59060.87000000,539755.18900000,0
1760173200000000,9.22000000,9.41000000,9.12000000,9.16000000,95431.71000000,1760176799999999,884502.00580000,4208,49472.67000000,458800.59460000,0
1760176800000000,9.16000000,9.26000000,9.07000000,9.12000000,51939.62000000,1760180399999999,475532.02670000,2741,24086.13000000,220572.30660000,0
1760180400000000,9.13000000,9.17000000,9.00000000,9.12000000,46549.67000000,1760183999999999,424325.93440000,2682,26357.32000000,240291.49130000,0
1760184000000000,9.12000000,9.16000000,8.88000000,8.93000000,83277.05000000,1760187599999999,753425.98620000,5166,44804.18000000,405977.60770000,0
1760187600000000,8.94000000,9.01000000,8.76000000,8.97000000,79639.81000000,1760191199999999,707708.30770000,5321,43013.51000000,382595.10320000,0
1760191200000000,8.96000000,8.99000000,8.85000000,8.94000000,75478.26000000,1760194799999999,671940.87460000,3572,47131.15000000,419451.98280000,0
1760194800000000,8.94000000,9.08000000,8.94000000,8.98000000,131239.06000000,1760198399999999,1181065.59660000,5535,65586.31000000,590373.70660000,0
1760198400000000,8.99000000,9.04000000,8.87000000,8.92000000,60696.73000000,1760201999999999,543843.20840000,4052,35673.83000000,319639.27550000,0
1760202000000000,8.92000000,9.00000000,8.88000000,8.90000000,60452.44000000,1760205599999999,541033.85680000,3014,33991.19000000,304380.09450000,0
1760205600000000,8.91000000,8.91000000,8.82000000,8.83000000,30601.69000000,1760209199999999,271288.74810000,2198,16068.72000000,142471.59110000,0
1760209200000000,8.83000000,8.83000000,8.44000000,8.53000000,119765.10000000,1760212799999999,1029794.79040000,6577,47932.94000000,413140.94990000,0
1760212800000000,8.53000000,8.56000000,8.31000000,8.37000000,133999.85000000,1760216399999999,1126691.59970000,7308,69672.94000000,585845.37010000,0
1760216400000000,8.38000000,8.51000000,8.21000000,8.49000000,99367.65000000,1760219999999999,830996.23160000,5425,49036.98000000,410643.23360000,0
1760220000000000,8.50000000,8.55000000,8.45000000,8.48000000,66603.42000000,1760223599999999,566038.21840000,4366,36853.68000000,313339.81080000,0
1760223600000000,8.49000000,8.53000000,8.46000000,8.48000000,25845.36000000,1760227199999999,219476.85490000,2146,12195.48000000,103598.61310000,0
1760227200000000,8.48000000,8.52000000,8.33000000,8.35000000,32698.10000000,1760230799999999,275457.33000000,2535,15233.13000000,128458.78890000,0
1760230800000000,8.35000000,8.45000000,8.30000000,8.31000000,34698.33000000,1760234399999999,289986.06150000,2226,16097.68000000,134738.68040000,0
1760234400000000,8.31000000,8.45000000,8.25000000,8.33000000,48227.97000000,1760237999999999,401811.17680000,3859,19083.78000000,159028.72990000,0
1760238000000000,8.32000000,8.56000000,8.32000000,8.47000000,59226.43000000,1760241599999999,500897.18350000,3798,27815.89000000,235310.93190000,0
1760241600000000,8.46000000,8.59000000,8.44000000,8.55000000,37287.60000000,1760245199999999,318464.22120000,2691,19837.60000000,169403.43770000,0
1760245200000000,8.54000000,8.62000000,8.52000000,8.59000000,30003.40000000,1760248799999999,257310.16200000,1994,15258.58000000,130875.89460000,0
1760248800000000,8.58000000,8.68000000,8.57000000,8.64000000,31115.51000000,1760252399999999,268493.32270000,1859,16162.98000000,139472.88700000,0
1760252400000000,8.64000000,8.66000000,8.57000000,8.62000000,26740.28000000,1760255999999999,230580.13660000,1794,10873.96000000,93805.10130000,0
1760256000000000,8.61000000,8.69000000,8.60000000,8.61000000,102146.95000000,1760259599999999,883253.00410000,3298,35609.83000000,307943.90690000,0
1760259600000000,8.61000000,8.68000000,8.53000000,8.68000000,117801.35000000,1760263199999999,1010770.04920000,3408,62402.74000000,535551.99870000,0
1760263200000000,8.68000000,8.76000000,8.58000000,8.59000000,35965.44000000,1760266799999999,311346.73990000,2338,18839.95000000,163288.70210000,0
1760266800000000,8.60000000,8.67000000,8.59000000,8.64000000,29222.51000000,1760270399999999,252262.53540000,1709,17756.22000000,153336.06250000,0
1760270400000000,8.63000000,8.77000000,8.63000000,8.69000000,47491.30000000,1760273999999999,413306.70510000,2969,23911.67000000,208149.88890000,0
1760274000000000,8.68000000,8.73000000,8.50000000,8.53000000,82878.54000000,1760277599999999,713234.84940000,3832,35585.46000000,306452.91390000,0
1760277600000000,8.53000000,9.06000000,8.52000000,8.88000000,233493.72000000,1760281199999999,2068333.71130000,12418,118290.83000000,1047898.68680000,0
1760281200000000,8.89000000,9.27000000,8.87000000,9.21000000,285039.10000000,1760284799999999,2596234.21470000,16657,142418.33000000,1298139.46930000,0
1760284800000000,9.22000000,9.83000000,9.21000000,9.72000000,318604.94000000,1760288399999999,3041831.33320000,19389,183988.91000000,1756457.95970000,0
1760288400000000,9.72000000,9.82000000,9.57000000,9.61000000,205365.31000000,1760291999999999,1994083.51130000,12464,92466.57000000,898722.61930000,0
1760292000000000,9.62000000,9.71000000,9.48000000,9.57000000,75068.21000000,1760295599999999,719773.62070000,4794,39741.99000000,380946.65060000,0
1760295600000000,9.58000000,9.70000000,9.55000000,9.67000000,68338.53000000,1760299199999999,659236.94980000,3194,38366.33000000,370230.66200000,0
1760299200000000,9.67000000,9.79000000,9.63000000,9.68000000,97228.85000000,1760302799999999,942779.87580000,5791,50607.02000000,490861.28320000,0
1760302800000000,9.68000000,9.77000000,9.46000000,9.60000000,77348.15000000,1760306399999999,744122.15270000,4531,40523.93000000,390176.50880000,0
1760306400000000,9.61000000,9.70000000,9.50000000,9.57000000,322701.85000000,1760309999999999,3092987.62610000,14852,157988.22000000,1514773.37060000,0
1760310000000000,9.58000000,9.58000000,9.44000000,9.55000000,215414.05000000,1760313599999999,2045528.43150000,9556,107561.80000000,1021542.99670000,0
1760313600000000,9.56000000,9.63000000,9.36000000,9.43000000,179418.80000000,1760317199999999,1700401.61830000,10643,85618.86000000,811696.46110000,0
1760317200000000,9.43000000,9.55000000,9.34000000,9.55000000,142913.58000000,1760320799999999,1342749.66300000,7223,72284.50000000,679373.35290000,0
1760320800000000,9.55000000,9.59000000,9.41000000,9.52000000,151287.01000000,1760324399999999,1434396.56690000,5363,73648.66000000,698494.99770000,0
1760324400000000,9.53000000,9.57000000,9.41000000,9.44000000,40206.83000000,1760327999999999,381762.76940000,3124,18141.23000000,172231.44980000,0
1760328000000000,9.44000000,9.49000000,9.40000000,9.49000000,55966.06000000,1760331599999999,528364.92760000,3125,24461.95000000,231070.15120000,0
1760331600000000,9.48000000,9.50000000,9.40000000,9.42000000,25965.44000000,1760335199999999,244992.77880000,1903,12160.97000000,114773.10330000,0
1760335200000000,9.43000000,9.61000000,9.35000000,9.60000000,57690.92000000,1760338799999999,547779.72510000,3786,34874.64000000,331157.43210000,0
1760338800000000,9.60000000,9.72000000,9.53000000,9.56000000,83336.97000000,1760342399999999,801865.12310000,4584,38502.63000000,370893.10910000,0
1760342400000000,9.56000000,9.75000000,9.53000000,9.69000000,59557.32000000,1760345999999999,574576.05820000,4785,30470.11000000,293860.19940000,0
1760346000000000,9.69000000,9.75000000,9.60000000,9.75000000,46599.22000000,1760349599999999,450621.42070000,3672,23783.11000000,229899.69180000,0
1760349600000000,9.74000000,9.76000000,9.58000000,9.64000000,60663.07000000,1760353199999999,585356.24140000,5032,28576.23000000,275875.41700000,0
1760353200000000,9.63000000,9.65000000,9.24000000,9.45000000,302493.00000000,1760356799999999,2867954.57400000,16158,141655.72000000,1344119.25860000,0
1760356800000000,9.44000000,9.61000000,9.34000000,9.47000000,150199.16000000,1760360399999999,1424779.51380000,9347,73585.86000000,698084.97290000,0
1760360400000000,9.47000000,9.84000000,9.44000000,9.71000000,634640.46000000,1760363999999999,6088496.71620000,31903,314779.29000000,3021009.56720000,0
1760364000000000,9.71000000,9.75000000,9.42000000,9.51000000,211376.89000000,1760367599999999,2024865.56040000,13589,97463.26000000,934539.52740000,0
1760367600000000,9.51000000,9.80000000,9.50000000,9.74000000,107633.80000000,1760371199999999,1042950.65890000,7296,56776.70000000,550175.09000000,0
1760371200000000,9.74000000,9.83000000,9.65000000,9.79000000,230364.97000000,1760374799999999,2244331.09880000,12414,115652.72000000,1126816.00800000,0
1760374800000000,9.79000000,9.96000000,9.69000000,9.95000000,112705.58000000,1760378399999999,1105231.64820000,7889,56393.23000000,553356.41630000,0
1760378400000000,9.94000000,9.98000000,9.83000000,9.88000000,104514.99000000,1760381999999999,1033810.07140000,6294,50716.14000000,501762.59780000,0
1760382000000000,9.88000000,10.03000000,9.86000000,9.97000000,157672.07000000,1760385599999999,1572029.02390000,7968,99214.86000000,989482.41930000,0
1760385600000000,9.97000000,10.08000000,9.93000000,10.07000000,76046.07000000,1760389199999999,759350.11690000,4050,38699.50000000,386606.68960000,0
1760389200000000,10.06000000,10.09000000,9.92000000,9.94000000,35495.26000000,1760392799999999,355841.28460000,2758,15025.27000000,150649.64560000,0
1760392800000000,9.93000000,10.01000000,9.90000000,9.97000000,218409.80000000,1760396399999999,2172710.09830000,8348,110501.58000000,1099516.05390000,0
1760396400000000,9.97000000,10.00000000,9.89000000,9.93000000,173290.41000000,1760399999999999,1722963.06360000,6856,78024.26000000,775902.64140000,0
1760400000000000,9.92000000,9.99000000,9.84000000,9.87000000,39042.72000000,1760403599999999,387480.47460000,4370,18741.70000000,186135.04920000,0
1760403600000000,9.87000000,9.93000000,9.80000000,9.84000000,123309.85000000,1760407199999999,1217186.83680000,4936,59192.95000000,584492.66750000,0
1760407200000000,9.84000000,9.84000000,9.70000000,9.72000000,36523.93000000,1760410799999999,356419.97400000,3271,19599.18000000,191382.04010000,0
1760410800000000,9.72000000,9.80000000,9.61000000,9.70000000,48176.60000000,1760414399999999,467295.59950000,3924,25827.13000000,250449.51630000,0
1760414400000000,9.69000000,9.72000000,9.46000000,9.53000000,61551.02000000,1760417999999999,589929.05000000,5268,31261.45000000,299751.02790000,0
1760418000000000,9.53000000,9.63000000,9.36000000,9.44000000,59910.04000000,1760421599999999,567868.80410000,5100,29275.67000000,277881.98750000,0
1760421600000000,9.45000000,9.51000000,9.01000000,9.20000000,154392.32000000,1760425199999999,1423805.21560000,7990,74149.08000000,683410.86640000,0
1760425200000000,9.20000000,9.26000000,9.08000000,9.12000000,91197.46000000,1760428799999999,834682.84950000,6711,41797.91000000,382353.29720000,0
1760428800000000,9.12000000,9.27000000,9.03000000,9.20000000,81161.33000000,1760432399999999,742874.18410000,5409,36621.08000000,335304.29920000,0
1760432400000000,9.20000000,9.27000000,9.16000000,9.22000000,59864.35000000,1760435999999999,552024.77140000,3752,31606.10000000,291440.03820000,0
1760436000000000,9.22000000,9.22000000,8.95000000,9.08000000,84632.69000000,1760439599999999,766642.14760000,5289,33879.07000000,306568.32340000,0
1760439600000000,9.09000000,9.25000000,9.08000000,9.18000000,74148.61000000,1760443199999999,681122.46120000,3503,37104.85000000,340794.54690000,0
1760443200000000,9.17000000,9.19000000,9.04000000,9.06000000,38538.53000000,1760446799999999,350804.30310000,4982,15878.22000000,144592.48100000,0
1760446800000000,9.06000000,9.27000000,8.99000000,9.21000000,91221.17000000,1760450399999999,833608.98570000,8128,45430.18000000,415330.81780000,0
1760450400000000,9.20000000,9.42000000,9.17000000,9.30000000,91114.00000000,1760453999999999,846437.60250000,6185,49904.67000000,463496.17500000,0
1760454000000000,9.30000000,9.60000000,9.26000000,9.59000000,81794.76000000,1760457599999999,772795.97460000,5894,44146.97000000,416956.20520000,0
1760457600000000,9.59000000,9.72000000,9.46000000,9.52000000,120080.89000000,1760461199999999,1151049.87120000,8565,62631.29000000,600529.67210000,0
1760461200000000,9.52000000,9.65000000,9.39000000,9.55000000,85862.61000000,1760464799999999,820269.51860000,5822,38895.90000000,371808.72790000,0
1760464800000000,9.55000000,9.67000000,9.55000000,9.59000000,34060.94000000,1760468399999999,326995.95410000,2649,14178.21000000,136191.88780000,0
1760468400000000,9.59000000,9.71000000,9.40000000,9.53000000,107689.00000000,1760471999999999,1029519.86110000,5779,49241.01000000,470708.27570000,0
1760472000000000,9.53000000,9.57000000,9.46000000,9.54000000,54209.75000000,1760475599999999,515904.09780000,2235,22647.76000000,215793.32540000,0
1760475600000000,9.55000000,9.57000000,9.45000000,9.56000000,25034.15000000,1760479199999999,237929.68000000,1317,10883.53000000,103518.35860000,0
1760479200000000,9.56000000,9.63000000,9.49000000,9.53000000,19711.08000000,1760482799999999,188315.98490000,1649,6502.90000000,62163.50100000,0
1760482800000000,9.52000000,9.58000000,9.52000000,9.54000000,12884.21000000,1760486399999999,123138.28350000,1005,5266.92000000,50345.05920000,0
1760486400000000,9.55000000,9.56000000,9.45000000,9.52000000,23139.18000000,1760489999999999,219864.95590000,2066,8747.42000000,83141.31030000,0
1760490000000000,9.52000000,9.53000000,9.41000000,9.49000000,19891.81000000,1760493599999999,188269.42020000,2142,8310.38000000,78658.46990000,0
1760493600000000,9.48000000,9.60000000,9.47000000,9.50000000,23760.48000000,1760497199999999,226648.57970000,2049,12442.33000000,118735.59340000,0
1760497200000000,9.50000000,9.51000000,9.36000000,9.41000000,20559.65000000,1760500799999999,194013.89170000,1912,7972.32000000,75275.09550000,0
1760500800000000,9.42000000,9.52000000,9.38000000,9.51000000,6880.34000000,1760504399999999,65057.58430000,746,4317.80000000,40805.43600000,0
1760504400000000,9.51000000,9.56000000,9.46000000,9.49000000,12432.23000000,1760507999999999,118290.27470000,1413,7038.83000000,66981.11930000,0
1760508000000000,9.49000000,9.55000000,9.39000000,9.51000000,25125.30000000,1760511599999999,237652.79150000,2292,12778.81000000,120937.84210000,0
1760511600000000,9.52000000,9.54000000,9.44000000,9.52000000,18910.56000000,1760515199999999,179476.48140000,1486,8173.81000000,77567.62820000,0
1760515200000000,9.52000000,9.72000000,9.51000000,9.55000000,63363.99000000,1760518799999999,608112.24190000,3578,34333.08000000,329237.16160000,0
1760518800000000,9.54000000,9.57000000,9.45000000,9.47000000,31580.56000000,1760522399999999,300182.87630000,1774,14690.51000000,139691.21790000,0
1760522400000000,9.46000000,9.50000000,9.39000000,9.42000000,22707.18000000,1760525999999999,214023.82370000,1564,8078.51000000,76214.40440000,0
1760526000000000,9.42000000,9.44000000,9.31000000,9.37000000,19800.57000000,1760529599999999,185393.65610000,1721,9737.52000000,91151.21770000,0
1760529600000000,9.36000000,9.38000000,9.24000000,9.27000000,28683.67000000,1760533199999999,266552.02640000,1966,9912.94000000,92258.56310000,0
1760533200000000,9.28000000,9.32000000,9.06000000,9.25000000,66815.91000000,1760536799999999,614327.17290000,5074,31326.60000000,288203.85590000,0
1760536800000000,9.24000000,9.35000000,9.11000000,9.16000000,35585.51000000,1760540399999999,329066.86290000,3585,20630.55000000,190884.11040000,0
1760540400000000,9.17000000,9.22000000,9.03000000,9.10000000,43778.74000000,1760543999999999,399186.64490000,4077,19080.97000000,174093.42490000,0
1760544000000000,9.09000000,9.13000000,9.04000000,9.09000000,39276.36000000,1760547599999999,357158.98510000,2399,18830.88000000,171242.93570000,0
1760547600000000,9.08000000,9.15000000,8.99000000,9.14000000,35127.18000000,1760551199999999,317936.92950000,3108,16454.19000000,148987.44000000,0
1760551200000000,9.15000000,9.19000000,9.08000000,9.16000000,23511.49000000,1760554799999999,214529.61950000,1849,13586.84000000,123998.29730000,0
1760554800000000,9.16000000,9.16000000,9.03000000,9.07000000,16038.84000000,1760558399999999,145933.44230000,1428,8695.48000000,79185.14920000,0
1760558400000000,9.07000000,9.14000000,8.92000000,9.02000000,49613.41000000,1760561999999999,447124.65020000,3304,25374.30000000,228744.28760000,0
1760562000000000,9.03000000,9.09000000,8.94000000,8.99000000,34146.82000000,1760565599999999,307794.97600000,2359,13282.73000000,119809.21040000,0
1760565600000000,8.99000000,9.06000000,8.98000000,8.99000000,12777.48000000,1760569199999999,115318.97150000,1213,6932.21000000,62593.83340000,0
1760569200000000,8.99000000,9.07000000,8.99000000,9.05000000,15298.41000000,1760572799999999,138096.39130000,1013,8724.54000000,78750.87400000,0
1760572800000000,9.05000000,9.06000000,8.97000000,8.97000000,13771.29000000,1760576399999999,124183.96830000,1261,7724.55000000,69692.47920000,0
1760576400000000,8.97000000,9.08000000,8.97000000,9.07000000,11578.70000000,1760579999999999,104491.88090000,1388,5181.85000000,46807.65960000,0
1760580000000000,9.07000000,9.12000000,9.00000000,9.08000000,14553.76000000,1760583599999999,131764.24070000,1375,6279.20000000,56867.44490000,0
1760583600000000,9.07000000,9.09000000,8.99000000,9.01000000,13507.77000000,1760587199999999,122005.92600000,984,6729.07000000,60763.73480000,0
1760587200000000,9.01000000,9.09000000,8.97000000,9.00000000,15001.16000000,1760590799999999,135643.20670000,1108,8105.33000000,73305.30150000,0
1760590800000000,9.01000000,9.10000000,8.97000000,9.03000000,17181.49000000,1760594399999999,155219.07700000,1585,8935.20000000,80726.20090000,0
1760594400000000,9.03000000,9.19000000,9.03000000,9.18000000,25768.96000000,1760597999999999,235158.28910000,1701,16923.49000000,154499.84130000,0
1760598000000000,9.18000000,9.19000000,9.08000000,9.12000000,13699.87000000,1760601599999999,125013.06290000,1106,5912.59000000,53989.03360000,0
1760601600000000,9.12000000,9.14000000,9.01000000,9.05000000,23788.95000000,1760605199999999,215352.70790000,1405,10305.80000000,93406.27550000,0
1760605200000000,9.05000000,9.20000000,8.75000000,9.13000000,155579.26000000,1760608799999999,1394453.38870000,7793,72321.05000000,649046.08500000,0
1760608800000000,9.13000000,9.29000000,9.13000000,9.24000000,41608.44000000,1760612399999999,382875.67730000,2929,21477.27000000,197726.32240000,0
1760612400000000,9.24000000,9.28000000,9.16000000,9.23000000,38755.64000000,1760615999999999,357688.97090000,2260,18400.66000000,169832.96020000,0
1760616000000000,9.23000000,9.31000000,9.18000000,9.19000000,35265.53000000,1760619599999999,325316.11080000,2193,14665.58000000,135440.31790000,0
1760619600000000,9.19000000,9.25000000,9.11000000,9.15000000,38902.01000000,1760623199999999,357571.73930000,3135,19466.95000000,179009.49790000,0
1760623200000000,9.15000000,9.21000000,8.97000000,9.05000000,65894.54000000,1760626799999999,597676.72030000,5419,29828.64000000,270825.59310000,0
1760626800000000,9.04000000,9.07000000,8.71000000,8.76000000,101416.55000000,1760630399999999,899237.69410000,7381,41038.94000000,364316.94870000,0
1760630400000000,8.76000000,8.98000000,8.63000000,8.98000000,101010.79000000,1760633999999999,883950.27830000,10823,46120.43000000,404034.70870000,0
1760634000000000,8.98000000,8.98000000,8.77000000,8.80000000,48309.01000000,1760637599999999,428819.49380000,4564,25958.02000000,230226.55070000,0
1760637600000000,8.79000000,8.82000000,8.67000000,8.77000000,37125.32000000,1760641199999999,324696.85640000,3715,17392.12000000,152162.60240000,0
1760641200000000,8.78000000,8.79000000,8.53000000,8.62000000,59749.91000000,1760644799999999,515424.73590000,5381,26768.94000000,230884.76360000,0
1760644800000000,8.63000000,8.66000000,8.48000000,8.52000000,48844.02000000,1760648399999999,416819.38710000,4290,23128.05000000,197337.91670000,0
1760648400000000,8.53000000,8.66000000,8.49000000,8.64000000,24610.50000000,1760651999999999,211059.10210000,2069,13888.45000000,119224.19100000,0
1760652000000000,8.65000000,8.66000000,8.53000000,8.54000000,25526.67000000,1760655599999999,219498.27730000,1792,10376.94000000,89224.56580000,0
1760655600000000,8.53000000,8.64000000,8.52000000,8.63000000,21690.39000000,1760659199999999,186444.68150000,1529,11063.15000000,95057.66000000,0
1760659200000000,8.62000000,8.67000000,8.60000000,8.65000000,20425.14000000,1760662799999999,176192.44930000,1713,8126.18000000,70145.87270000,0
1760662800000000,8.66000000,8.75000000,8.63000000,8.66000000,21097.35000000,1760666399999999,183506.80270000,1602,9242.53000000,80436.32870000,0
1760666400000000,8.67000000,8.69000000,8.58000000,8.65000000,14505.32000000,1760669999999999,125260.46380000,1297,8034.24000000,69384.43460000,0
1760670000000000,8.66000000,8.70000000,8.65000000,8.69000000,11136.49000000,1760673599999999,96572.01760000,1157,4801.60000000,41647.48030000,0
1760673600000000,8.69000000,8.70000000,8.61000000,8.63000000,24409.02000000,1760677199999999,211508.15750000,1520,8867.93000000,76866.41660000,0
1760677200000000,8.62000000,8.65000000,8.56000000,8.57000000,23974.24000000,1760680799999999,206330.81440000,1650,10469.25000000,90122.71420000,0
1760680800000000,8.57000000,8.61000000,8.24000000,8.28000000,109642.71000000,1760684399999999,919799.19990000,6361,44940.04000000,376560.65480000,0
1760684400000000,8.28000000,8.30000000,7.95000000,7.98000000,144542.40000000,1760687999999999,1173176.25770000,9652,61384.25000000,499309.80750000,0
1760688000000000,7.99000000,8.01000000,7.77000000,7.81000000,184777.13000000,1760691599999999,1453761.56460000,9925,91233.55000000,717694.49040000,0
1760691600000000,7.82000000,8.13000000,7.80000000,7.97000000,80318.92000000,1760695199999999,638019.87990000,5482,40451.32000000,321194.09260000,0
1760695200000000,7.98000000,8.02000000,7.81000000,7.96000000,75114.48000000,1760698799999999,594692.09800000,4629,43884.03000000,347614.48880000,0
1760698800000000,7.96000000,8.24000000,7.95000000,8.18000000,108852.45000000,1760702399999999,883062.20970000,6910,61606.85000000,499597.99880000,0
1760702400000000,8.17000000,8.23000000,8.13000000,8.15000000,37944.88000000,1760705999999999,310385.38500000,2544,19702.21000000,161212.29960000,0
1760706000000000,8.15000000,8.27000000,8.07000000,8.21000000,74847.62000000,1760709599999999,612881.68020000,5232,45994.47000000,376767.27310000,0
1760709600000000,8.21000000,8.23000000,8.00000000,8.11000000,73228.94000000,1760713199999999,593315.43240000,4706,31267.29000000,253680.51060000,0
1760713200000000,8.11000000,8.32000000,8.10000000,8.32000000,56622.16000000,1760716799999999,464224.69190000,3998,35488.34000000,291188.02800000,0
1760716800000000,8.32000000,8.43000000,8.25000000,8.28000000,76961.23000000,1760720399999999,642624.38160000,4578,38896.95000000,324753.78170000,0
1760720400000000,8.29000000,8.37000000,8.24000000,8.34000000,29585.49000000,1760723999999999,245560.65260000,2267,14254.43000000,118354.11870000,0
1760724000000000,8.34000000,8.42000000,8.32000000,8.34000000,20379.31000000,1760727599999999,170718.45780000,1928,8854.28000000,74254.67650000,0
1760727600000000,8.35000000,8.38000000,8.24000000,8.30000000,23574.80000000,1760731199999999,195685.10510000,1553,8779.50000000,72896.18470000,0
1760731200000000,8.29000000,8.40000000,8.27000000,8.37000000,35812.14000000,1760734799999999,299766.56130000,1639,23133.02000000,193670.23950000,0
1760734800000000,8.37000000,8.46000000,8.37000000,8.44000000,26471.08000000,1760738399999999,223091.25410000,1172,14865.62000000,125274.09650000,0
1760738400000000,8.45000000,8.55000000,8.38000000,8.42000000,41332.06000000,1760741999999999,349378.67290000,1619,19694.63000000,166643.03990000,0
1760742000000000,8.42000000,8.42000000,8.31000000,8.35000000,43012.65000000,1760745599999999,359188.25170000,1238,17641.81000000,147393.03180000,0
1760745600000000,8.35000000,8.43000000,8.33000000,8.38000000,26353.50000000,1760749199999999,220931.82190000,1026,14560.70000000,122105.33870000,0
1760749200000000,8.38000000,8.46000000,8.38000000,8.44000000,20085.62000000,1760752799999999,169136.98590000,1043,11153.81000000,93904.54260000,0
1760752800000000,8.44000000,8.48000000,8.40000000,8.44000000,27143.90000000,1760756399999999,228833.16850000,1154,12827.23000000,108181.40210000,0
1760756400000000,8.44000000,8.50000000,8.43000000,8.47000000,42180.11000000,1760759999999999,356487.85700000,977,10423.89000000,88228.72500000,0
1760760000000000,8.46000000,8.46000000,8.37000000,8.38000000,21607.89000000,1760763599999999,181496.27170000,857,10318.73000000,86672.26980000,0
1760763600000000,8.39000000,8.42000000,8.35000000,8.40000000,17784.28000000,1760767199999999,149282.13650000,878,9831.60000000,82529.61470000,0
1760767200000000,8.40000000,8.43000000,8.34000000,8.40000000,20347.41000000,1760770799999999,170738.56160000,827,9123.05000000,76527.45470000,0
1760770800000000,8.39000000,8.56000000,8.39000000,8.41000000,46037.94000000,1760774399999999,389638.24540000,2309,22669.32000000,192028.54800000,0
1760774400000000,8.41000000,8.46000000,8.40000000,8.42000000,18120.61000000,1760777999999999,152976.31550000,950,8417.86000000,71067.66280000,0
1760778000000000,8.42000000,8.53000000,8.41000000,8.51000000,20885.45000000,1760781599999999,176749.69940000,1057,10377.27000000,87899.81920000,0
1760781600000000,8.52000000,8.55000000,8.46000000,8.51000000,31066.06000000,1760785199999999,264037.21500000,1456,18134.53000000,154042.35650000,0
1760785200000000,8.51000000,8.55000000,8.47000000,8.52000000,17099.14000000,1760788799999999,145457.36480000,1050,10699.10000000,91001.60890000,0
1760788800000000,8.52000000,8.54000000,8.45000000,8.46000000,26149.71000000,1760792399999999,222124.32370000,931,10991.52000000,93427.69870000,0
1760792400000000,8.46000000,8.46000000,8.39000000,8.40000000,21787.95000000,1760795999999999,183380.43570000,1555,10662.77000000,89735.18460000,0
1760796000000000,8.41000000,8.47000000,8.35000000,8.45000000,19771.08000000,1760799599999999,166421.16960000,1476,9812.23000000,82618.36310000,0
1760799600000000,8.44000000,8.47000000,8.37000000,8.41000000,19833.77000000,1760803199999999,167007.61380000,979,7190.09000000,60517.56120000,0
1760803200000000,8.40000000,8.42000000,8.33000000,8.38000000,21417.23000000,1760806799999999,179296.61390000,1134,9107.01000000,76259.91580000,0
1760806800000000,8.38000000,8.47000000,8.35000000,8.47000000,16792.31000000,1760810399999999,141131.40620000,1166,8777.40000000,73840.98740000,0
1760810400000000,8.46000000,8.48000000,8.43000000,8.43000000,11099.75000000,1760813999999999,93793.71060000,933,5387.66000000,45532.51860000,0
1760814000000000,8.44000000,8.47000000,8.43000000,8.46000000,6585.54000000,1760817599999999,55648.04480000,786,3615.04000000,30539.71570000,0
1760817600000000,8.46000000,8.52000000,8.44000000,8.44000000,21891.26000000,1760821199999999,185571.81780000,1800,9586.89000000,81325.41060000,0
1760821200000000,8.44000000,8.47000000,8.40000000,8.47000000,25494.70000000,1760824799999999,214651.40790000,1596,13594.69000000,114417.55500000,0
1760824800000000,8.47000000,8.47000000,8.42000000,8.44000000,10591.63000000,1760828399999999,89526.35030000,772,5341.76000000,45150.22560000,0
1760828400000000,8.43000000,8.45000000,8.41000000,8.44000000,13700.36000000,1760831999999999,115533.86960000,669,8784.41000000,74077.86170000,0
1760832000000000,8.44000000,8.45000000,8.35000000,8.37000000,19560.82000000,1760835599999999,164051.03660000,1479,8580.98000000,71984.90560000,0
1760835600000000,8.37000000,8.41000000,8.35000000,8.41000000,16260.62000000,1760839199999999,136401.70900000,865,10187.66000000,85507.05660000,0
1760839200000000,8.40000000,8.43000000,8.37000000,8.39000000,24892.81000000,1760842799999999,209210.43360000,844,15172.32000000,127522.55360000,0
1760842800000000,8.38000000,8.48000000,8.37000000,8.46000000,9846.33000000,1760846399999999,83139.74000000,718,5985.59000000,50511.45880000,0
1760846400000000,8.47000000,8.47000000,8.41000000,8.42000000,9570.80000000,1760849999999999,80726.52060000,560,4986.56000000,42051.15980000,0
1760850000000000,8.42000000,8.46000000,8.38000000,8.39000000,15621.51000000,1760853599999999,131486.26110000,860,7081.07000000,59624.03370000,0
1760853600000000,8.39000000,8.41000000,8.34000000,8.36000000,9149.11000000,1760857199999999,76601.21980000,849,4450.47000000,37276.16180000,0
1760857200000000,8.36000000,8.40000000,8.35000000,8.37000000,13911.06000000,1760860799999999,116493.76120000,631,7887.43000000,66049.97360000,0
1760860800000000,8.38000000,8.48000000,8.31000000,8.33000000,60130.77000000,1760864399999999,504859.86660000,3719,31564.97000000,265175.62360000,0
1760864400000000,8.33000000,8.52000000,8.28000000,8.45000000,64296.67000000,1760867999999999,539864.53970000,3281,32617.40000000,273836.35530000,0
1760868000000000,8.45000000,8.58000000,8.41000000,8.55000000,61445.35000000,1760871599999999,522139.52520000,3082,37288.94000000,317101.47410000,0
1760871600000000,8.56000000,8.65000000,8.54000000,8.56000000,67245.16000000,1760875199999999,578443.49790000,3189,42467.58000000,365408.31020000,0
1760875200000000,8.56000000,8.58000000,8.48000000,8.52000000,42303.44000000,1760878799999999,360210.77950000,2050,16306.77000000,138902.10120000,0
1760878800000000,8.52000000,8.73000000,8.49000000,8.69000000,77354.87000000,1760882399999999,663298.03800000,3795,46437.63000000,398259.11140000,0
1760882400000000,8.70000000,8.73000000,8.62000000,8.71000000,53310.57000000,1760885999999999,462798.45850000,2197,23815.99000000,206737.18040000,0
1760886000000000,8.72000000,8.72000000,8.64000000,8.66000000,32366.55000000,1760889599999999,280608.12990000,1426,16277.98000000,141142.20450000,0
1760889600000000,8.66000000,8.70000000,8.60000000,8.65000000,46518.02000000,1760893199999999,402564.88570000,1637,20388.37000000,176493.88840000,0
1760893200000000,8.65000000,8.75000000,8.64000000,8.64000000,41480.74000000,1760896799999999,360932.12470000,2087,25044.10000000,217924.08940000,0
1760896800000000,8.65000000,8.68000000,8.63000000,8.67000000,17060.36000000,1760900399999999,147652.96700000,793,8511.50000000,73695.22790000,0
1760900400000000,8.66000000,8.67000000,8.62000000,8.65000000,15790.68000000,1760903999999999,136496.66280000,739,6185.63000000,53481.90210000,0
1760904000000000,8.64000000,8.68000000,8.62000000,8.68000000,27077.37000000,1760907599999999,234259.38850000,1195,12493.07000000,108064.67960000,0
1760907600000000,8.68000000,8.68000000,8.56000000,8.61000000,36445.90000000,1760911199999999,313668.61960000,1386,13955.03000000,120171.89480000,0
1760911200000000,8.62000000,8.67000000,8.61000000,8.64000000,17876.44000000,1760914799999999,154450.69840000,850,8321.43000000,71901.10080000,0
1760914800000000,8.63000000,8.63000000,8.54000000,8.55000000,23578.03000000,1760918399999999,202138.50240000,1111,8999.72000000,77187.25090000,0
1760918400000000,8.56000000,8.56000000,8.34000000,8.45000000,58130.58000000,1760921999999999,490103.64430000,3821,24126.14000000,203176.00300000,0
1760922000000000,8.45000000,8.49000000,8.42000000,8.47000000,16464.03000000,1760925599999999,139302.70540000,1207,7759.83000000,65661.67180000,0
1760925600000000,8.46000000,8.53000000,8.41000000,8.51000000,12073.15000000,1760929199999999,102418.04370000,1114,4788.77000000,40627.90890000,0
1760929200000000,8.50000000,8.78000000,8.48000000,8.75000000,33001.02000000,1760932799999999,285219.72420000,2201,18025.23000000,156046.70860000,0
1760932800000000,8.76000000,8.78000000,8.71000000,8.77000000,29746.25000000,1760936399999999,260047.23280000,1886,16392.41000000,143328.85510000,0
1760936400000000,8.77000000,8.83000000,8.73000000,8.82000000,20859.87000000,1760939999999999,183157.85750000,1268,10564.56000000,92805.82310000,0
1760940000000000,8.82000000,8.97000000,8.80000000,8.90000000,37005.27000000,1760943599999999,329034.33900000,2516,19101.75000000,169714.97050000,0
1760943600000000,8.90000000,8.93000000,8.82000000,8.85000000,24824.15000000,1760947199999999,220286.40020000,1340,11702.39000000,103834.61550000,0
1760947200000000,8.85000000,8.89000000,8.79000000,8.81000000,34512.44000000,1760950799999999,304807.31090000,1662,20707.18000000,182916.72960000,0
1760950800000000,8.81000000,8.84000000,8.78000000,8.83000000,15396.60000000,1760954399999999,135622.44400000,1129,6682.92000000,58876.74880000,0
1760954400000000,8.84000000,8.90000000,8.78000000,8.82000000,67164.76000000,1760957999999999,594092.14670000,3268,33831.90000000,299405.75320000,0
1760958000000000,8.82000000,8.86000000,8.79000000,8.84000000,20759.03000000,1760961599999999,183157.04720000,889,9527.45000000,84079.98860000,0
1760961600000000,8.84000000,8.87000000,8.81000000,8.86000000,22869.73000000,1760965199999999,202284.31550000,794,8258.77000000,73099.07720000,0
1760965200000000,8.87000000,8.97000000,8.85000000,8.96000000,28039.00000000,1760968799999999,249536.17080000,1590,13819.49000000,122976.21050000,0
1760968800000000,8.96000000,8.99000000,8.90000000,8.96000000,39975.20000000,1760972399999999,357988.03000000,1381,20454.38000000,183249.77060000,0
1760972400000000,8.96000000,8.99000000,8.87000000,8.88000000,50021.17000000,1760975999999999,447122.97280000,1513,25136.05000000,224655.74880000,0
1760976000000000,8.87000000,8.87000000,8.66000000,8.77000000,91535.77000000,1760979599999999,802261.40030000,2463,41600.44000000,364839.52430000,0
1760979600000000,8.77000000,8.83000000,8.70000000,8.76000000,32418.01000000,1760983199999999,283946.24820000,1064,18266.42000000,160104.82400000,0
1760983200000000,8.77000000,8.81000000,8.74000000,8.79000000,42440.67000000,1760986799999999,372202.04810000,1007,18944.44000000,166100.95750000,0
1760986800000000,8.79000000,8.86000000,8.74000000,8.84000000,28697.67000000,1760990399999999,252384.52920000,1006,16300.45000000,143426.66850000,0
1760990400000000,8.83000000,8.84000000,8.79000000,8.83000000,24367.73000000,1760993999999999,214809.51800000,758,8647.83000000,76234.09980000,0
1760994000000000,8.83000000,8.89000000,8.75000000,8.77000000,28237.75000000,1760997599999999,249420.68540000,882,12104.91000000,106925.26800000,0
1760997600000000,8.77000000,8.81000000,8.74000000,8.79000000,15133.50000000,1761001199999999,132742.08710000,538,8268.40000000,72539.33720000,0
1761001200000000,8.79000000,8.80000000,8.73000000,8.74000000,12671.78000000,1761004799999999,111054.42960000,391,4691.47000000,41143.43640000,0
1761004800000000,8.74000000,8.75000000,8.69000000,8.70000000,13907.04000000,1761008399999999,121369.42130000,550,6677.99000000,58293.26360000,0
1761008400000000,8.69000000,8.70000000,8.61000000,8.63000000,26128.50000000,1761011999999999,226073.80810000,1187,9487.85000000,82107.68300000,0
1761012000000000,8.63000000,8.63000000,8.56000000,8.60000000,15068.02000000,1761015599999999,129568.62990000,1213,6752.46000000,58099.90800000,0
1761015600000000,8.59000000,8.62000000,8.52000000,8.54000000,17354.15000000,1761019199999999,148832.96130000,1115,6114.23000000,52448.76410000,0
1761019200000000,8.53000000,8.55000000,8.36000000,8.38000000,79118.59000000,1761022799999999,668615.90220000,3267,34006.24000000,287547.44240000,0
1761022800000000,8.39000000,8.44000000,8.35000000,8.39000000,37421.35000000,1761026399999999,314378.34600000,1330,15590.30000000,131006.58880000,0
1761026400000000,8.39000000,8.45000000,8.37000000,8.42000000,27322.07000000,1761029999999999,229948.64330000,996,16720.74000000,140734.36130000,0
1761030000000000,8.43000000,8.45000000,8.37000000,8.41000000,32654.16000000,1761033599999999,274719.47500000,886,13910.72000000,117041.97210000,0
1761033600000000,8.41000000,8.42000000,8.29000000,8.34000000,31739.18000000,1761037199999999,264866.41150000,1039,10959.31000000,91583.22850000,0
1761037200000000,8.34000000,8.36000000,8.31000000,8.33000000,20220.88000000,1761040799999999,168566.39730000,761,11523.80000000,96081.27450000,0
1761040800000000,8.34000000,8.43000000,8.33000000,8.39000000,47433.07000000,1761044399999999,397632.26560000,1410,33619.49000000,281900.71750000,0
1761044400000000,8.39000000,8.46000000,8.36000000,8.43000000,33089.44000000,1761047999999999,278403.62780000,971,17098.47000000,143866.60500000,0
1761048000000000,8.44000000,8.57000000,8.43000000,8.48000000,26327.86000000,1761051599999999,223887.48420000,1032,15744.28000000,133816.88760000,0
1761051600000000,8.48000000,8.57000000,8.43000000,8.50000000,44890.02000000,1761055199999999,380936.55400000,1544,20613.96000000,175027.98080000,0
1761055200000000,8.49000000,8.98000000,8.49000000,8.97000000,121156.03000000,1761058799999999,1063529.12500000,4091,74661.93000000,655966.23210000,0
1761058800000000,8.98000000,9.13000000,8.91000000,9.06000000,127867.30000000,1761062399999999,1154309.98550000,7333,57811.94000000,522449.08560000,0
1761062400000000,9.05000000,9.19000000,8.92000000,8.96000000,95165.80000000,1761065999999999,864411.26220000,4570,42857.64000000,389874.38510000,0
1761066000000000,8.96000000,9.07000000,8.89000000,8.99000000,77214.41000000,1761069599999999,694247.32210000,3953,30912.62000000,278098.70840000,0
1761069600000000,9.00000000,9.03000000,8.90000000,8.96000000,34135.09000000,1761073199999999,305189.41900000,2268,17201.56000000,153833.63760000,0
1761073200000000,8.96000000,8.97000000,8.88000000,8.89000000,18639.79000000,1761076799999999,166506.40080000,1384,9551.34000000,85361.41450000,0
1761076800000000,8.89000000,8.89000000,8.75000000,8.78000000,74670.62000000,1761080399999999,656859.07930000,2849,28179.47000000,247939.28180000,0
1761080400000000,8.77000000,8.81000000,8.63000000,8.75000000,51190.61000000,1761083999999999,446689.98610000,2276,17491.41000000,152613.73860000,0
1761084000000000,8.76000000,8.77000000,8.54000000,8.57000000,56574.21000000,1761087599999999,488988.46050000,2629,20672.69000000,178560.17700000,0
1761087600000000,8.56000000,8.58000000,8.42000000,8.45000000,22981.25000000,1761091199999999,195232.74520000,1641,11714.06000000,99506.57610000,0
1761091200000000,8.44000000,8.50000000,8.35000000,8.39000000,40961.13000000,1761094799999999,345116.35790000,1767,17730.79000000,149517.80440000,0
1761094800000000,8.39000000,8.47000000,8.38000000,8.42000000,29486.06000000,1761098399999999,248115.35330000,1358,16102.63000000,135525.93330000,0
1761098400000000,8.42000000,8.46000000,8.34000000,8.37000000,43914.19000000,1761101999999999,368360.05950000,1417,18072.12000000,151599.90260000,0
1761102000000000,8.37000000,8.37000000,8.31000000,8.34000000,39449.62000000,1761105599999999,328926.12210000,1443,10322.04000000,86067.48650000,0
1761105600000000,8.34000000,8.43000000,8.33000000,8.42000000,24555.22000000,1761109199999999,205957.55730000,1011,14244.42000000,119504.52850000,0
1761109200000000,8.42000000,8.42000000,8.25000000,8.35000000,56849.68000000,1761112799999999,474468.08520000,2059,32460.01000000,271234.88690000,0
1761112800000000,8.34000000,8.35000000,8.29000000,8.29000000,35409.02000000,1761116399999999,294656.37350000,1033,19698.88000000,163881.17320000,0
1761116400000000,8.28000000,8.35000000,8.25000000,8.33000000,51151.24000000,1761119999999999,424808.32680000,1559,31962.76000000,265400.38790000,0
1761120000000000,8.32000000,8.32000000,8.25000000,8.26000000,25738.26000000,1761123599999999,213023.47930000,848,11173.26000000,92490.61320000,0
1761123600000000,8.27000000,8.29000000,8.21000000,8.23000000,29269.60000000,1761127199999999,241524.18260000,1196,15220.49000000,125661.96050000,0
1761127200000000,8.23000000,8.28000000,8.21000000,8.23000000,23610.34000000,1761130799999999,194755.78890000,1102,13768.10000000,113583.11890000,0
1761130800000000,8.23000000,8.40000000,8.15000000,8.33000000,88097.23000000,1761134399999999,727966.39370000,3254,37998.88000000,314247.59890000,0
1761134400000000,8.33000000,8.39000000,8.29000000,8.33000000,24180.51000000,1761137999999999,201693.00970000,1173,12353.89000000,103076.54130000,0
1761138000000000,8.32000000,8.48000000,8.28000000,8.47000000,89901.62000000,1761141599999999,753857.45220000,2842,47847.35000000,401464.75160000,0
1761141600000000,8.47000000,8.48000000,8.29000000,8.47000000,75306.13000000,1761145199999999,630373.12930000,4068,40165.98000000,336396.51570000,0
1761145200000000,8.47000000,8.50000000,8.34000000,8.43000000,45693.70000000,1761148799999999,385051.45390000,2394,22361.31000000,188333.24640000,0
1761148800000000,8.43000000,8.46000000,8.31000000,8.39000000,51042.34000000,1761152399999999,428138.71790000,3234,27613.47000000,231603.74180000,0
1761152400000000,8.38000000,8.42000000,8.26000000,8.29000000,38870.32000000,1761155999999999,324502.06140000,1922,18182.44000000,151777.36990000,0
1761156000000000,8.29000000,8.35000000,8.26000000,8.32000000,36102.50000000,1761159599999999,300022.50160000,3698,22899.39000000,190278.25930000,0
1761159600000000,8.32000000,8.41000000,8.25000000,8.34000000,45379.25000000,1761163199999999,378366.66760000,4014,25230.89000000,210414.36120000,0
1761163200000000,8.34000000,8.36000000,8.22000000,8.23000000,42916.61000000,1761166799999999,354802.26850000,3722,20317.17000000,168157.77580000,0
1761166800000000,8.22000000,8.24000000,7.94000000,8.11000000,172974.52000000,1761170399999999,1394932.76650000,6699,93309.17000000,752587.71340000,0
1761170400000000,8.10000000,8.17000000,8.06000000,8.10000000,24173.74000000,1761173999999999,196005.37080000,3171,14561.54000000,118077.16960000,0
1761174000000000,8.10000000,8.24000000,8.10000000,8.20000000,31639.89000000,1761177599999999,259022.23920000,3002,17410.11000000,142457.87060000,0
1761177600000000,8.20000000,8.21000000,8.14000000,8.17000000,19344.09000000,1761181199999999,158302.09420000,730,6753.34000000,55262.69480000,0
1761181200000000,8.17000000,8.23000000,8.16000000,8.18000000,26890.42000000,1761184799999999,220058.01780000,1739,14495.83000000,118634.94220000,0
1761184800000000,8.18000000,8.23000000,8.16000000,8.20000000,14894.14000000,1761188399999999,122064.85700000,2350,8031.47000000,65837.30380000,0
1761188400000000,8.20000000,8.25000000,8.18000000,8.20000000,24790.14000000,1761191999999999,203864.64490000,2529,13372.54000000,110128.75830000,0
1761192000000000,8.20000000,8.27000000,8.16000000,8.22000000,21961.15000000,1761195599999999,180297.48460000,2531,12668.89000000,104029.65470000,0
1761195600000000,8.22000000,8.29000000,8.22000000,8.29000000,21007.82000000,1761199199999999,173217.68920000,2433,12889.39000000,106337.76810000,0
1761199200000000,8.29000000,8.40000000,8.25000000,8.39000000,46287.98000000,1761202799999999,386531.91550000,3461,28864.46000000,241243.32670000,0
1761202800000000,8.39000000,8.40000000,8.31000000,8.34000000,20655.45000000,1761206399999999,172301.76970000,2512,5715.84000000,47718.27730000,0
1761206400000000,8.34000000,8.41000000,8.33000000,8.38000000,17765.71000000,1761209999999999,148887.28680000,2587,11487.37000000,96252.97720000,0
1761210000000000,8.38000000,8.40000000,8.35000000,8.39000000,18851.29000000,1761213599999999,157914.85920000,2383,10412.69000000,87271.20700000,0
1761213600000000,8.39000000,8.46000000,8.38000000,8.38000000,25399.01000000,1761217199999999,213681.28250000,2547,13185.78000000,110991.05920000,0
1761217200000000,8.38000000,8.39000000,8.30000000,8.33000000,10413.60000000,1761220799999999,86966.32750000,2405,6073.83000000,50751.59960000,0
1761220800000000,8.33000000,8.38000000,8.25000000,8.38000000,24839.65000000,1761224399999999,206756.40270000,2856,16769.67000000,139688.77720000,0
1761224400000000,8.38000000,8.52000000,8.33000000,8.47000000,65976.93000000,1761227999999999,556975.53140000,4028,39094.83000000,330075.50720000,0
1761228000000000,8.47000000,8.50000000,8.33000000,8.37000000,66572.79000000,1761231599999999,561172.34380000,2488,37787.15000000,319050.31360000,0
1761231600000000,8.38000000,8.52000000,8.35000000,8.47000000,53041.69000000,1761235199999999,448522.13310000,1769,31429.78000000,265605.34080000,0
1761235200000000,8.48000000,8.61000000,8.47000000,8.59000000,24833.01000000,1761238799999999,211556.48060000,991,11559.27000000,98591.85100000,0
1761238800000000,8.59000000,8.65000000,8.50000000,8.60000000,45149.24000000,1761242399999999,386983.84180000,2005,22166.49000000,190124.43350000,0
1761242400000000,8.61000000,8.61000000,8.47000000,8.48000000,36227.43000000,1761245999999999,308869.02220000,1873,9772.14000000,83358.04450000,0
1761246000000000,8.48000000,8.49000000,8.42000000,8.49000000,23525.71000000,1761249599999999,198854.66370000,1681,10249.61000000,86702.82340000,0
1761249600000000,8.48000000,8.48000000,8.35000000,8.38000000,54817.83000000,1761253199999999,461292.25900000,2216,18322.12000000,154158.68460000,0
1761253200000000,8.37000000,8.42000000,8.35000000,8.36000000,17438.19000000,1761256799999999,146178.07690000,1072,6790.34000000,56921.44500000,0
1761256800000000,8.36000000,8.40000000,8.35000000,8.38000000,30349.75000000,1761260399999999,254190.48940000,979,14556.40000000,121960.52470000,0
1761260400000000,8.38000000,8.42000000,8.35000000,8.41000000,20239.44000000,1761263999999999,169528.62790000,586,13412.18000000,112334.17910000,0
1761264000000000,8.41000000,8.47000000,8.36000000,8.43000000,23602.14000000,1761267599999999,198600.98220000,1100,12621.85000000,106219.17590000,0
1761267600000000,8.43000000,8.46000000,8.39000000,8.42000000,15044.39000000,1761271199999999,126673.40740000,665,6281.60000000,52910.84790000,0
1761271200000000,8.41000000,8.41000000,8.36000000,8.37000000,14441.37000000,1761274799999999,121013.02380000,548,7122.80000000,59686.65140000,0
1761274800000000,8.36000000,8.37000000,8.34000000,8.36000000,16555.57000000,1761278399999999,138311.83420000,555,8654.72000000,72299.39070000,0
1761278400000000,8.35000000,8.54000000,8.33000000,8.52000000,32907.96000000,1761281999999999,279162.80460000,1380,17360.34000000,147213.22440000,0
1761282000000000,8.53000000,8.57000000,8.50000000,8.54000000,22805.03000000,1761285599999999,194593.23000000,825,10949.46000000,93429.63550000,0
1761285600000000,8.54000000,8.58000000,8.52000000,8.56000000,35957.37000000,1761289199999999,307335.83460000,988,13359.25000000,114226.50410000,0
1761289200000000,8.57000000,8.59000000,8.49000000,8.53000000,33977.13000000,1761292799999999,290293.64380000,910,16581.67000000,141746.99670000,0
1761292800000000,8.54000000,8.61000000,8.49000000,8.58000000,26063.42000000,1761296399999999,222945.25270000,956,13429.77000000,114916.60250000,0
1761296400000000,8.58000000,8.58000000,8.49000000,8.50000000,18192.86000000,1761299999999999,155191.25560000,635,8258.25000000,70428.97520000,0
1761300000000000,8.50000000,8.51000000,8.45000000,8.45000000,14379.85000000,1761303599999999,121841.80750000,604,4364.22000000,36970.73930000,0
1761303600000000,8.45000000,8.48000000,8.38000000,8.48000000,35338.11000000,1761307199999999,297949.61450000,1116,13913.90000000,117282.87570000,0
1761307200000000,8.48000000,8.71000000,8.46000000,8.54000000,121444.46000000,1761310799999999,1043180.48450000,3561,67500.80000000,579285.68700000,0
1761310800000000,8.55000000,8.55000000,8.40000000,8.48000000,36156.34000000,1761314399999999,306473.18460000,1530,16546.57000000,140389.88950000,0
1761314400000000,8.48000000,8.48000000,8.31000000,8.38000000,50263.27000000,1761317999999999,420589.07300000,1810,23752.05000000,198782.75240000,0
1761318000000000,8.38000000,8.43000000,8.30000000,8.34000000,36525.92000000,1761321599999999,305610.89250000,1442,21428.10000000,179399.21440000,0
1761321600000000,8.34000000,8.34000000,8.24000000,8.29000000,37610.85000000,1761325199999999,311590.87120000,1432,12845.45000000,106519.40270000,0
1761325200000000,8.29000000,8.36000000,8.28000000,8.32000000,29062.25000000,1761328799999999,241781.65100000,896,11781.99000000,97886.72240000,0
1761328800000000,8.32000000,8.40000000,8.31000000,8.38000000,15582.75000000,1761332399999999,130445.48240000,699,8354.95000000,69939.08490000,0
1761332400000000,8.38000000,8.47000000,8.38000000,8.45000000,20687.95000000,1761335999999999,174705.32400000,991,10755.48000000,90857.23560000,0
1761336000000000,8.44000000,8.51000000,8.44000000,8.47000000,18450.96000000,1761339599999999,156446.38640000,945,9525.46000000,80772.02520000,0
1761339600000000,8.48000000,8.51000000,8.45000000,8.51000000,21433.78000000,1761343199999999,181625.95710000,824,8922.71000000,75659.91800000,0
1761343200000000,8.51000000,8.54000000,8.49000000,8.49000000,11561.35000000,1761346799999999,98423.67130000,529,5580.26000000,47505.24160000,0
1761346800000000,8.49000000,8.51000000,8.46000000,8.48000000,12086.29000000,1761350399999999,102552.63720000,357,6148.22000000,52174.72520000,0
1761350400000000,8.48000000,8.48000000,8.41000000,8.42000000,24705.67000000,1761353999999999,208795.97010000,1031,11310.98000000,95587.88990000,0
1761354000000000,8.42000000,8.48000000,8.41000000,8.43000000,11831.41000000,1761357599999999,99777.94560000,534,4628.47000000,39044.45680000,0
1761357600000000,8.43000000,8.46000000,8.41000000,8.44000000,10400.71000000,1761361199999999,87704.96520000,397,4051.83000000,34158.21740000,0
1761361200000000,8.43000000,8.43000000,8.36000000,8.36000000,18151.93000000,1761364799999999,152321.95000000,469,7294.77000000,61211.32980000,0
1761364800000000,8.36000000,8.40000000,8.34000000,8.35000000,16480.44000000,1761368399999999,137916.24020000,458,7804.14000000,65322.79940000,0
1761368400000000,8.35000000,8.37000000,8.31000000,8.33000000,21898.78000000,1761371999999999,182415.92110000,677,12778.04000000,106437.84900000,0
1761372000000000,8.34000000,8.35000000,8.32000000,8.34000000,16836.37000000,1761375599999999,140399.01760000,451,8345.28000000,69584.77390000,0
1761375600000000,8.34000000,8.40000000,8.33000000,8.35000000,15026.24000000,1761379199999999,125591.20090000,628,8141.57000000,68067.54250000,0
1761379200000000,8.35000000,8.42000000,8.35000000,8.42000000,20345.77000000,1761382799999999,170652.26740000,627,14035.21000000,117751.57800000,0
1761382800000000,8.42000000,8.42000000,8.35000000,8.35000000,12779.20000000,1761386399999999,107274.93200000,523,6217.54000000,52202.17430000,0
1761386400000000,8.35000000,8.39000000,8.32000000,8.37000000,14697.05000000,1761389999999999,122771.45770000,595,5482.35000000,45813.55600000,0
1761390000000000,8.36000000,8.41000000,8.35000000,8.41000000,5428.72000000,1761393599999999,45518.92980000,272,2768.93000000,23216.01640000,0
1761393600000000,8.40000000,8.48000000,8.40000000,8.46000000,19662.15000000,1761397199999999,166068.96260000,627,9312.42000000,78607.42270000,0
1761397200000000,8.46000000,8.46000000,8.39000000,8.41000000,16508.84000000,1761400799999999,139120.88030000,528,4604.89000000,38759.84020000,0
1761400800000000,8.41000000,8.47000000,8.41000000,8.46000000,22777.94000000,1761404399999999,192350.10360000,591,11428.36000000,96547.35620000,0
1761404400000000,8.46000000,8.47000000,8.41000000,8.43000000,27164.55000000,1761407999999999,229143.40190000,724,6471.23000000,54634.16120000,0
1761408000000000,8.43000000,8.44000000,8.40000000,8.41000000,19196.53000000,1761411599999999,161602.35270000,692,8678.23000000,73048.98520000,0
1761411600000000,8.42000000,8.45000000,8.41000000,8.41000000,11634.13000000,1761415199999999,98047.50510000,404,6761.31000000,56971.46000000,0
1761415200000000,8.41000000,8.49000000,8.39000000,8.47000000,14061.41000000,1761418799999999,118675.86560000,480,6641.35000000,56025.25040000,0
1761418800000000,8.47000000,8.48000000,8.45000000,8.46000000,5367.23000000,1761422399999999,45425.59900000,233,3390.55000000,28700.26180000,0
1761422400000000,8.46000000,8.49000000,8.44000000,8.44000000,10783.78000000,1761425999999999,91316.92060000,468,4666.27000000,39526.31410000,0
1761426000000000,8.45000000,8.46000000,8.41000000,8.43000000,8763.38000000,1761429599999999,73926.68670000,459,4063.95000000,34300.38800000,0
1761429600000000,8.43000000,8.44000000,8.40000000,8.43000000,13980.73000000,1761433199999999,117640.02440000,538,6263.96000000,52721.59800000,0
1761433200000000,8.42000000,8.43000000,8.39000000,8.40000000,14309.83000000,1761436799999999,120395.46040000,498,7536.46000000,63417.13260000,0
1761436800000000,8.41000000,8.43000000,8.38000000,8.40000000,25570.12000000,1761440399999999,214870.71750000,755,9414.03000000,79149.15290000,0
1761440400000000,8.40000000,8.41000000,8.32000000,8.35000000,14679.49000000,1761443999999999,122913.06210000,634,5457.64000000,45721.64390000,0
1761444000000000,8.34000000,8.36000000,8.31000000,8.34000000,9620.30000000,1761447599999999,80210.59950000,399,5311.33000000,44300.10600000,0
1761447600000000,8.33000000,8.33000000,8.29000000,8.31000000,8767.58000000,1761451199999999,72914.04060000,425,3849.80000000,32019.78430000,0
1761451200000000,8.31000000,8.37000000,8.30000000,8.36000000,8772.09000000,1761454799999999,73200.47650000,315,4993.32000000,41658.73610000,0
1761454800000000,8.36000000,8.44000000,8.35000000,8.43000000,7308.01000000,1761458399999999,61312.51220000,327,4597.44000000,38550.85660000,0
1761458400000000,8.43000000,8.46000000,8.41000000,8.45000000,12054.10000000,1761461999999999,101743.18990000,365,6562.35000000,55401.27870000,0
1761462000000000,8.45000000,8.49000000,8.43000000,8.49000000,12434.37000000,1761465599999999,105215.77000000,392,6446.50000000,54565.76580000,0
1761465600000000,8.49000000,8.58000000,8.49000000,8.56000000,31049.05000000,1761469199999999,264841.15690000,877,20437.49000000,174364.14460000,0
1761469200000000,8.57000000,8.70000000,8.53000000,8.67000000,48472.86000000,1761472799999999,417699.26220000,1755,31947.56000000,275358.89330000,0
1761472800000000,8.67000000,8.68000000,8.62000000,8.63000000,14722.88000000,1761476399999999,127278.77850000,591,5232.51000000,45233.03720000,0
1761476400000000,8.64000000,8.79000000,8.62000000,8.79000000,25604.38000000,1761479999999999,223064.71990000,1178,15088.33000000,131461.60690000,0
1761480000000000,8.79000000,8.80000000,8.73000000,8.77000000,41071.22000000,1761483599999999,360211.63580000,1203,27006.57000000,236801.17700000,0
1761483600000000,8.78000000,8.86000000,8.75000000,8.85000000,31473.14000000,1761487199999999,277317.40500000,1374,16668.60000000,146829.19500000,0
1761487200000000,8.85000000,8.86000000,8.78000000,8.86000000,31467.24000000,1761490799999999,277786.08610000,917,18431.90000000,162830.60920000,0
1761490800000000,8.87000000,8.87000000,8.81000000,8.85000000,23354.84000000,1761494399999999,206359.93980000,689,10914.68000000,96486.70600000,0
1761494400000000,8.84000000,8.84000000,8.78000000,8.79000000,26029.42000000,1761497999999999,229392.23890000,720,12130.99000000,106935.22760000,0
1761498000000000,8.79000000,8.85000000,8.77000000,8.85000000,49814.19000000,1761501599999999,438791.93040000,728,37415.61000000,329517.01760000,0
1761501600000000,8.84000000,8.98000000,8.84000000,8.90000000,58489.83000000,1761505199999999,521038.86500000,1469,29284.56000000,260991.06580000,0
1761505200000000,8.90000000,8.90000000,8.85000000,8.90000000,15291.11000000,1761508799999999,135753.24580000,520,7277.06000000,64623.75660000,0
1761508800000000,8.89000000,8.90000000,8.81000000,8.82000000,18532.00000000,1761512399999999,163851.68290000,909,4856.61000000,42946.51290000,0
1761512400000000,8.82000000,8.85000000,8.77000000,8.84000000,13104.45000000,1761515999999999,115459.77020000,706,5070.77000000,44675.35900000,0
1761516000000000,8.84000000,9.09000000,8.84000000,9.04000000,91889.58000000,1761519599999999,829108.74530000,3778,55327.41000000,499104.25600000,0
1761519600000000,9.04000000,9.08000000,9.01000000,9.02000000,24965.62000000,1761523199999999,225898.08580000,1410,9363.47000000,84751.95140000,0
1761523200000000,9.03000000,9.07000000,9.01000000,9.04000000,20418.88000000,1761526799999999,184515.84410000,1065,9534.49000000,86187.17470000,0
1761526800000000,9.05000000,9.14000000,9.01000000,9.13000000,17462.81000000,1761530399999999,158302.97670000,1041,10289.14000000,93389.40020000,0
1761530400000000,9.13000000,9.13000000,9.05000000,9.07000000,16725.48000000,1761533999999999,152146.94790000,814,7539.44000000,68600.95250000,0
1761534000000000,9.07000000,9.08000000,9.00000000,9.02000000,17641.42000000,1761537599999999,159320.90770000,780,5838.27000000,52777.44390000,0
1761537600000000,9.01000000,9.06000000,8.99000000,9.06000000,15496.49000000,1761541199999999,139680.01210000,497,5776.41000000,52081.10530000,0
1761541200000000,9.05000000,9.14000000,9.02000000,9.03000000,30786.33000000,1761544799999999,279606.60000000,1094,14263.74000000,129547.23340000,0
1761544800000000,9.03000000,9.03000000,8.95000000,8.96000000,35288.68000000,1761548399999999,316813.29510000,1112,9800.88000000,88053.87440000,0
1761548400000000,8.96000000,9.00000000,8.85000000,8.90000000,21983.94000000,1761551999999999,196164.49820000,1173,5410.62000000,48243.24870000,0
1761552000000000,8.89000000,8.92000000,8.80000000,8.82000000,37627.33000000,1761555599999999,333103.73980000,1528,14672.58000000,129903.96680000,0
1761555600000000,8.82000000,8.82000000,8.72000000,8.74000000,50318.19000000,1761559199999999,441136.29710000,1844,21013.89000000,184334.55330000,0
1761559200000000,8.74000000,8.77000000,8.71000000,8.72000000,19321.14000000,1761562799999999,168891.93570000,715,7772.77000000,67987.28930000,0
1761562800000000,8.72000000,8.77000000,8.68000000,8.74000000,19373.59000000,1761566399999999,168968.45550000,925,7611.70000000,66401.36510000,0
1761566400000000,8.73000000,8.74000000,8.65000000,8.68000000,25851.37000000,1761569999999999,224389.75840000,770,10136.47000000,88001.78820000,0
1761570000000000,8.67000000,8.75000000,8.61000000,8.73000000,43291.69000000,1761573599999999,375800.80780000,1730,16355.21000000,142113.26170000,0
1761573600000000,8.73000000,8.74000000,8.62000000,8.64000000,56266.06000000,1761577199999999,487479.42240000,1284,38034.42000000,329683.80040000,0
1761577200000000,8.64000000,8.73000000,8.64000000,8.66000000,30704.75000000,1761580799999999,266587.70700000,1101,17468.19000000,151628.08830000,0
1761580800000000,8.67000000,8.85000000,8.67000000,8.84000000,27194.01000000,1761584399999999,238517.10960000,1480,15568.19000000,136541.88150000,0
1761584400000000,8.84000000,8.92000000,8.81000000,8.88000000,37157.97000000,1761587999999999,329400.34500000,1543,21403.15000000,189819.43330000,0
1761588000000000,8.88000000,8.90000000,8.79000000,8.82000000,23974.21000000,1761591599999999,211771.05780000,1080,9529.56000000,84229.38350000,0
1761591600000000,8.81000000,8.81000000,8.68000000,8.69000000,21152.69000000,1761595199999999,185214.60570000,1020,5761.07000000,50444.32840000,0
1761595200000000,8.69000000,8.70000000,8.63000000,8.63000000,14346.43000000,1761598799999999,124189.35290000,918,6286.73000000,54427.47870000,0
1761598800000000,8.63000000,8.68000000,8.57000000,8.62000000,24137.82000000,1761602399999999,208053.08900000,998,7460.83000000,64418.15660000,0
1761602400000000,8.62000000,8.68000000,8.58000000,8.59000000,12654.36000000,1761605999999999,109264.86330000,806,7474.85000000,64588.07720000,0
1761606000000000,8.59000000,8.64000000,8.55000000,8.62000000,44279.04000000,1761609599999999,380178.30340000,920,13119.19000000,112795.58150000,0
1761609600000000,8.62000000,8.68000000,8.59000000,8.64000000,14690.24000000,1761613199999999,126866.12710000,784,10628.13000000,91799.26960000,0
1761613200000000,8.65000000,8.67000000,8.61000000,8.64000000,11733.12000000,1761616799999999,101473.21720000,848,6171.18000000,53381.27430000,0
1761616800000000,8.65000000,8.67000000,8.53000000,8.59000000,12270.62000000,1761620399999999,105505.95670000,677,6337.21000000,54510.97070000,0
1761620400000000,8.59000000,8.63000000,8.53000000,8.58000000,14499.48000000,1761623999999999,124244.01910000,815,6131.67000000,52552.24600000,0
1761624000000000,8.57000000,8.70000000,8.56000000,8.67000000,12967.74000000,1761627599999999,111895.94970000,773,7872.26000000,67929.94820000,0
1761627600000000,8.66000000,8.67000000,8.51000000,8.51000000,42952.07000000,1761631199999999,368324.73350000,1143,25050.34000000,214911.02190000,0
1761631200000000,8.51000000,8.69000000,8.50000000,8.68000000,20709.31000000,1761634799999999,177234.61900000,1069,9000.71000000,77109.09660000,0
1761634800000000,8.68000000,8.71000000,8.57000000,8.58000000,16878.73000000,1761638399999999,145756.06890000,809,6449.68000000,55745.32380000,0
1761638400000000,8.58000000,8.68000000,8.58000000,8.65000000,10535.63000000,1761641999999999,90949.94730000,641,5982.92000000,51646.80920000,0
1761642000000000,8.66000000,8.68000000,8.61000000,8.66000000,11721.10000000,1761645599999999,101380.06130000,632,6463.03000000,55905.17760000,0
1761645600000000,8.66000000,8.67000000,8.60000000,8.64000000,14773.64000000,1761649199999999,127619.98200000,635,8365.31000000,72275.26630000,0
1761649200000000,8.65000000,8.67000000,8.58000000,8.59000000,11034.27000000,1761652799999999,95069.87430000,751,5407.07000000,46606.81150000,0
1761652800000000,8.58000000,8.66000000,8.55000000,8.64000000,17123.08000000,1761656399999999,147094.43380000,832,6478.75000000,55668.53550000,0
1761656400000000,8.64000000,8.78000000,8.64000000,8.77000000,37710.40000000,1761659999999999,328843.62690000,1732,19107.21000000,166775.13690000,0
1761660000000000,8.76000000,8.80000000,8.46000000,8.62000000,93968.67000000,1761663599999999,811602.50560000,3875,56372.41000000,487549.44140000,0
1761663600000000,8.62000000,8.68000000,8.57000000,8.60000000,34711.07000000,1761667199999999,299617.75680000,1428,20943.07000000,180929.47920000,0
1761667200000000,8.60000000,8.73000000,8.60000000,8.70000000,35999.17000000,1761670799999999,312018.75970000,1328,17977.13000000,155790.54490000,0
1761670800000000,8.70000000,8.71000000,8.64000000,8.67000000,13925.47000000,1761674399999999,120873.53580000,641,8425.74000000,73146.46450000,0
1761674400000000,8.67000000,8.71000000,8.57000000,8.61000000,23195.13000000,1761677999999999,199927.90560000,788,9830.19000000,84781.93800000,0
1761678000000000,8.62000000,8.63000000,8.42000000,8.47000000,63155.47000000,1761681599999999,537489.34710000,2126,29180.33000000,248153.80990000,0
1761681600000000,8.47000000,8.47000000,8.29000000,8.33000000,77620.66000000,1761685199999999,648849.44590000,3548,37705.11000000,315178.83650000,0
1761685200000000,8.33000000,8.40000000,8.21000000,8.34000000,42672.92000000,1761688799999999,354085.29730000,1802,19349.53000000,160690.37000000,0
1761688800000000,8.33000000,8.45000000,8.31000000,8.44000000,19456.04000000,1761692399999999,163317.87820000,904,13215.01000000,110987.47320000,0
1761692400000000,8.43000000,8.44000000,8.35000000,8.38000000,30333.98000000,1761695999999999,254344.19370000,758,13548.90000000,113740.56840000,0
1761696000000000,8.38000000,8.43000000,8.36000000,8.39000000,29151.32000000,1761699599999999,244519.39280000,938,11630.96000000,97661.11410000,0
1761699600000000,8.37000000,8.48000000,8.37000000,8.41000000,27091.08000000,1761703199999999,228117.38740000,873,14829.44000000,124842.46840000,0
1761703200000000,8.41000000,8.42000000,8.38000000,8.39000000,10528.72000000,1761706799999999,88435.77180000,508,5653.59000000,47488.51340000,0
1761706800000000,8.39000000,8.40000000,8.34000000,8.39000000,19483.62000000,1761710399999999,163173.03970000,675,9124.10000000,76434.99550000,0
1761710400000000,8.39000000,8.44000000,8.38000000,8.42000000,11052.43000000,1761713999999999,93045.19990000,544,5233.90000000,44053.23900000,0
1761714000000000,8.41000000,8.45000000,8.40000000,8.42000000,21867.89000000,1761717599999999,184117.78610000,683,11923.70000000,100433.21180000,0
1761717600000000,8.42000000,8.48000000,8.40000000,8.47000000,12814.59000000,1761721199999999,108049.66460000,379,7401.19000000,62407.20750000,0
1761721200000000,8.47000000,8.48000000,8.41000000,8.43000000,14357.42000000,1761724799999999,121103.26130000,491,6621.58000000,55813.99380000,0
1761724800000000,8.43000000,8.45000000,8.38000000,8.40000000,39321.28000000,1761728399999999,330502.53820000,818,14536.99000000,122280.11920000,0
1761728400000000,8.39000000,8.48000000,8.36000000,8.45000000,15027.35000000,1761731999999999,126646.10530000,654,8851.53000000,74598.75810000,0
1761732000000000,8.45000000,8.57000000,8.44000000,8.52000000,11644.39000000,1761735599999999,99207.71620000,765,6423.11000000,54691.85150000,0
1761735600000000,8.52000000,8.59000000,8.51000000,8.58000000,13941.18000000,1761739199999999,119427.25230000,825,8163.30000000,69932.41840000,0
1761739200000000,8.59000000,8.59000000,8.53000000,8.54000000,47656.07000000,1761742799999999,408014.83820000,827,27122.41000000,232185.04650000,0
1761742800000000,8.55000000,8.64000000,8.54000000,8.58000000,37360.28000000,1761746399999999,321249.40010000,1339,16667.27000000,143318.98330000,0
1761746400000000,8.59000000,8.62000000,8.53000000,8.59000000,19745.54000000,1761749999999999,169362.51970000,1878,9020.86000000,77429.65950000,0
1761750000000000,8.59000000,8.60000000,8.41000000,8.46000000,44529.40000000,1761753599999999,378682.37710000,2671,20704.01000000,176030.78840000,0
1761753600000000,8.46000000,8.55000000,8.40000000,8.45000000,64178.62000000,1761757199999999,544755.29450000,1704,31927.95000000,271503.32630000,0
1761757200000000,8.45000000,8.67000000,8.45000000,8.67000000,35079.03000000,1761760799999999,300700.72850000,1430,22437.96000000,192530.10770000,0
1761760800000000,8.68000000,8.73000000,8.24000000,8.57000000,285583.27000000,1761764399999999,2418646.21220000,13702,147829.06000000,1253222.43050000,0
1761764400000000,8.57000000,8.72000000,8.53000000,8.67000000,55916.27000000,1761767999999999,482356.63100000,4124,32904.40000000,283865.53400000,0
1761768000000000,8.67000000,8.82000000,8.60000000,8.74000000,96478.93000000,1761771599999999,839681.63340000,3160,54325.86000000,473551.69680000,0
1761771600000000,8.72000000,8.74000000,8.65000000,8.70000000,21905.09000000,1761775199999999,190293.44330000,943,10759.29000000,93454.65520000,0
1761775200000000,8.70000000,8.72000000,8.63000000,8.66000000,41083.81000000,1761778799999999,355946.47200000,893,10034.77000000,87015.67220000,0
1761778800000000,8.65000000,8.65000000,8.45000000,8.50000000,39490.31000000,1761782399999999,337622.85720000,1825,18173.60000000,155611.09260000,0
1761782400000000,8.49000000,8.62000000,8.44000000,8.61000000,25961.66000000,1761785999999999,221558.93620000,1197,10189.79000000,87035.27150000,0
1761786000000000,8.60000000,8.60000000,8.52000000,8.54000000,14914.70000000,1761789599999999,127761.27260000,965,6683.00000000,57253.48150000,0
1761789600000000,8.55000000,8.65000000,8.53000000,8.61000000,17825.55000000,1761793199999999,153266.49750000,1030,10101.05000000,86780.95310000,0
1761793200000000,8.61000000,8.61000000,8.50000000,8.54000000,17956.46000000,1761796799999999,153767.09150000,905,8790.07000000,75229.61910000,0
1761796800000000,8.53000000,8.53000000,8.15000000,8.24000000,119040.75000000,1761800399999999,986466.60300000,5306,57340.61000000,475222.36030000,0
1761800400000000,8.24000000,8.41000000,8.19000000,8.39000000,61285.32000000,1761803999999999,506389.39870000,2479,43627.23000000,360311.42000000,0
1761804000000000,8.39000000,8.41000000,8.31000000,8.36000000,22201.81000000,1761807599999999,185563.45420000,1066,10626.96000000,88876.52130000,0
1761807600000000,8.36000000,8.46000000,8.34000000,8.41000000,25126.94000000,1761811199999999,211512.54010000,1096,13776.45000000,115925.55870000,0
1761811200000000,8.42000000,8.43000000,8.30000000,8.32000000,24842.77000000,1761814799999999,207985.93920000,934,13373.38000000,111979.96640000,0
1761814800000000,8.31000000,8.33000000,8.24000000,8.25000000,27026.14000000,1761818399999999,223765.47840000,956,12576.60000000,104189.68900000,0
1761818400000000,8.25000000,8.28000000,8.19000000,8.22000000,36921.00000000,1761821999999999,303918.80040000,1281,17817.73000000,146693.47390000,0
1761822000000000,8.22000000,8.25000000,8.18000000,8.19000000,30686.02000000,1761825599999999,252033.67890000,1098,14654.56000000,120434.11800000,0
1761825600000000,8.18000000,8.21000000,7.99000000,8.08000000,120236.16000000,1761829199999999,971732.77880000,3895,53985.02000000,436403.07560000,0
1761829200000000,8.07000000,8.09000000,7.87000000,7.88000000,118996.49000000,1761832799999999,948594.83070000,3725,52712.79000000,420311.22670000,0
1761832800000000,7.88000000,7.95000000,7.86000000,7.91000000,75308.81000000,1761836399999999,595564.53170000,2749,51699.56000000,408886.66970000,0
1761836400000000,7.91000000,7.93000000,7.76000000,7.79000000,63243.37000000,1761839999999999,495044.47920000,2481,33857.74000000,265092.60210000,0
1761840000000000,7.79000000,7.85000000,7.75000000,7.79000000,37344.06000000,1761843599999999,291037.17810000,1778,20155.87000000,157126.91580000,0
1761843600000000,7.80000000,7.80000000,7.55000000,7.66000000,93938.30000000,1761847199999999,719112.85840000,2960,36404.04000000,278300.23200000,0
1761847200000000,7.66000000,7.67000000,7.50000000,7.51000000,52792.70000000,1761850799999999,399846.56890000,1748,23776.89000000,180106.36700000,0
1761850800000000,7.52000000,7.54000000,7.40000000,7.45000000,66696.56000000,1761854399999999,498450.56930000,2570,33409.84000000,249836.10410000,0
1761854400000000,7.45000000,7.61000000,7.43000000,7.58000000,70226.34000000,1761857999999999,528112.26870000,2422,37211.99000000,279736.58970000,0
1761858000000000,7.58000000,7.64000000,7.55000000,7.60000000,35332.70000000,1761861599999999,268020.39280000,1549,16578.98000000,125863.82170000,0
1761861600000000,7.60000000,7.64000000,7.59000000,7.62000000,39985.42000000,1761865199999999,304482.65760000,1457,23138.36000000,176273.52500000,0
1761865200000000,7.63000000,7.65000000,7.58000000,7.65000000,37965.24000000,1761868799999999,288917.85880000,1903,19407.45000000,147724.74460000,0
1761868800000000,7.65000000,7.73000000,7.62000000,7.71000000,33730.65000000,1761872399999999,258763.87010000,1658,17371.67000000,133350.34670000,0
1761872400000000,7.71000000,7.78000000,7.69000000,7.77000000,35271.03000000,1761875999999999,273544.72730000,1234,20044.67000000,155572.61090000,0
1761876000000000,7.78000000,7.78000000,7.68000000,7.77000000,34160.28000000,1761879599999999,264628.55630000,1043,17472.83000000,135312.52500000,0
1761879600000000,7.77000000,7.81000000,7.69000000,7.74000000,42452.51000000,1761883199999999,328668.24310000,1120,19282.18000000,149352.94510000,0
1761883200000000,7.75000000,7.86000000,7.74000000,7.85000000,37910.52000000,1761886799999999,295958.11540000,1298,22363.86000000,174647.54740000,0
1761886800000000,7.84000000,7.87000000,7.81000000,7.82000000,23062.81000000,1761890399999999,180737.71810000,676,12047.57000000,94364.52500000,0
1761890400000000,7.82000000,7.83000000,7.77000000,7.78000000,17995.61000000,1761893999999999,140273.68820000,530,8215.62000000,64023.58110000,0
1761894000000000,7.79000000,7.83000000,7.75000000,7.78000000,19772.83000000,1761897599999999,154065.15250000,781,9571.43000000,74575.76320000,0
1761897600000000,7.78000000,7.79000000,7.71000000,7.75000000,20270.96000000,1761901199999999,156948.71650000,657,9534.18000000,73852.82190000,0
1761901200000000,7.74000000,7.77000000,7.68000000,7.69000000,28606.29000000,1761904799999999,220851.51330000,671,16343.05000000,126342.21660000,0
1761904800000000,7.70000000,7.71000000,7.66000000,7.67000000,21763.26000000,1761908399999999,167247.53920000,710,7777.68000000,59769.79160000,0
1761908400000000,7.66000000,7.72000000,7.65000000,7.72000000,81779.33000000,1761911999999999,627323.84010000,1491,56736.76000000,435125.72700000,0
1761912000000000,7.71000000,7.76000000,7.68000000,7.69000000,39344.15000000,1761915599999999,303697.48390000,1276,20131.33000000,155456.72370000,0
1761915600000000,7.68000000,7.75000000,7.62000000,7.69000000,35680.30000000,1761919199999999,274228.34240000,1309,19055.11000000,146500.30830000,0
1761919200000000,7.69000000,7.80000000,7.63000000,7.78000000,44364.23000000,1761922799999999,341992.36440000,1742,26547.26000000,204846.22090000,0
1761922800000000,7.78000000,7.82000000,7.70000000,7.73000000,40903.27000000,1761926399999999,318019.91600000,1456,22475.30000000,174666.06420000,0
1761926400000000,7.72000000,7.73000000,7.49000000,7.50000000,57032.31000000,1761929999999999,434030.25030000,2218,17292.00000000,131789.66510000,0
1761930000000000,7.50000000,7.53000000,7.39000000,7.49000000,76597.05000000,1761933599999999,571598.07210000,2170,44318.67000000,330779.61000000,0
1761933600000000,7.50000000,7.63000000,7.46000000,7.58000000,60779.77000000,1761937199999999,458378.92420000,2104,36361.79000000,274206.35710000,0
1761937200000000,7.57000000,7.73000000,7.50000000,7.70000000,39247.89000000,1761940799999999,299327.19110000,1675,21688.02000000,165490.69870000,0
1761940800000000,7.70000000,7.72000000,7.60000000,7.61000000,43992.59000000,1761944399999999,338423.18150000,1323,19804.12000000,152339.02520000,0
1761944400000000,7.60000000,7.62000000,7.55000000,7.57000000,28523.05000000,1761947999999999,216124.22030000,712,10204.05000000,77358.72820000,0
1761948000000000,7.57000000,7.63000000,7.57000000,7.61000000,19252.11000000,1761951599999999,146543.42210000,661,7714.90000000,58730.75000000,0
1761951600000000,7.60000000,7.62000000,7.58000000,7.59000000,19667.83000000,1761955199999999,149417.34830000,476,9048.50000000,68779.29360000,0
