1772323200000000,3.12300000,3.13000000,3.08000000,3.08200000,101287.51000000,1772326799999999,314003.70311000,1911,24892.75000000,77115.78458000,0
1772326800000000,3.08000000,3.17300000,3.05600000,3.14400000,83678.57000000,1772330399999999,259060.35652000,2978,32679.94000000,101532.47061000,0
1772330400000000,3.14400000,3.21000000,3.14400000,3.16200000,122478.03000000,1772333999999999,389556.88710000,4074,78188.37000000,248776.13596000,0
1772334000000000,3.16100000,3.16100000,3.10000000,3.11100000,44713.03000000,1772337599999999,139970.82874000,1759,13183.38000000,41308.34441000,0
1772337600000000,3.11100000,3.11900000,3.07700000,3.10800000,80508.55000000,1772341199999999,249457.57833000,1891,24660.17000000,76416.02393000,0
1772341200000000,3.10800000,3.12600000,3.10400000,3.11800000,24259.17000000,1772344799999999,75556.82724000,983,13390.13000000,41743.71513000,0
1772344800000000,3.11800000,3.11900000,3.08500000,3.10300000,25110.76000000,1772348399999999,77899.38598000,1092,13467.39000000,41783.48149000,0
1772348400000000,3.10500000,3.13600000,3.09300000,3.12400000,44920.68000000,1772351999999999,139873.69214000,1573,20959.11000000,65248.67441000,0
1772352000000000,3.12600000,3.12800000,3.07300000,3.08000000,54398.87000000,1772355599999999,168820.36744000,2334,28223.28000000,87631.17015000,0
1772355600000000,3.08000000,3.10100000,3.05600000,3.06300000,34497.41000000,1772359199999999,105943.03704000,1295,9051.46000000,27910.43761000,0
1772359200000000,3.06200000,3.08000000,3.04500000,3.06500000,63537.74000000,1772362799999999,194715.25157000,1664,38448.95000000,118019.88224000,0
1772362800000000,3.06400000,3.07600000,3.06200000,3.06600000,9619.84000000,1772366399999999,29515.82966000,538,4496.08000000,13801.50893000,0
1772366400000000,3.06500000,3.07300000,3.03800000,3.04000000,29955.23000000,1772369999999999,91442.03992000,874,20686.03000000,63133.60490000,0
1772370000000000,3.04100000,3.10500000,3.02000000,3.08200000,48306.25000000,1772373599999999,147660.27535000,2182,22020.32000000,67422.80790000,0
1772373600000000,3.08200000,3.10900000,3.04600000,3.05800000,61164.85000000,1772377199999999,188215.48932000,2133,35139.80000000,108159.79641000,0
1772377200000000,3.05600000,3.07200000,3.04700000,3.04800000,38405.27000000,1772380799999999,117515.87496000,1459,13582.81000000,41609.47300000,0
1772380800000000,3.05000000,3.07100000,3.00900000,3.03400000,46378.53000000,1772384399999999,141019.05513000,1837,22531.28000000,68596.62494000,0
1772384400000000,3.03400000,3.03600000,3.00000000,3.01700000,72260.50000000,1772387999999999,218331.90819000,1761,24458.20000000,73916.01995000,0
1772388000000000,3.01900000,3.05500000,3.01000000,3.02300000,32365.80000000,1772391599999999,98166.75153000,1216,17945.10000000,54409.94429000,0
1772391600000000,3.02400000,3.02500000,2.99300000,2.99800000,42938.50000000,1772395199999999,129007.91805000,1681,25736.85000000,77343.15561000,0
1772395200000000,2.99700000,2.99700000,2.94300000,2.95000000,70205.61000000,1772398799999999,207749.72716000,2152,27579.19000000,81657.99302000,0
1772398800000000,2.95000000,2.98800000,2.95000000,2.98400000,14893.29000000,1772402399999999,44303.18170000,689,4238.30000000,12601.64850000,0
1772402400000000,2.98200000,3.04100000,2.97900000,2.98300000,61399.19000000,1772405999999999,184823.80844000,2214,38677.95000000,116429.54200000,0
1772406000000000,2.98400000,3.02900000,2.98000000,3.00000000,25839.46000000,1772409599999999,77587.53268000,1141,11748.55000000,35331.36782000,0
1772409600000000,3.00100000,3.05800000,3.00100000,3.04100000,28953.42000000,1772413199999999,87788.14711000,1669,14125.67000000,42762.20987000,0
1772413200000000,3.04100000,3.07800000,3.03600000,3.04600000,72035.78000000,1772416799999999,219798.26270000,2044,51478.67000000,156980.19580000,0
1772416800000000,3.04700000,3.05700000,3.01400000,3.03500000,28450.60000000,1772420399999999,86340.01274000,1125,13660.28000000,41490.99046000,0
1772420400000000,3.03700000,3.06500000,3.02600000,3.05800000,21286.76000000,1772423999999999,64980.08723000,792,9967.30000000,30420.87823000,0
1772424000000000,3.05800000,3.07000000,3.05100000,3.05500000,25314.77000000,1772427599999999,77453.90292000,921,8568.29000000,26228.94521000,0
1772427600000000,3.05600000,3.06300000,3.03000000,3.03400000,20653.65000000,1772431199999999,62915.67715000,948,10686.85000000,32557.25001000,0
1772431200000000,3.03600000,3.03600000,2.99800000,3.01000000,22954.57000000,1772434799999999,69211.92040000,1073,9929.48000000,29935.23390000,0
1772434800000000,3.00900000,3.02000000,2.98300000,3.00800000,62801.74000000,1772438399999999,188149.12619000,3446,44150.73000000,132296.92329000,0
1772438400000000,3.00800000,3.02100000,2.97300000,3.00900000,72904.90000000,1772441999999999,218488.07113000,2573,43345.61000000,130024.69692000,0
1772442000000000,3.01000000,3.03400000,3.00600000,3.00600000,23161.16000000,1772445599999999,69929.02238000,1012,9819.40000000,29647.60337000,0
1772445600000000,3.00500000,3.01600000,2.99800000,3.00900000,31775.19000000,1772449199999999,95466.04633000,1032,12413.08000000,37307.61774000,0
1772449200000000,3.01000000,3.02700000,3.00100000,3.01400000,35107.51000000,1772452799999999,105848.12360000,1140,18925.87000000,57072.68379000,0
1772452800000000,3.01400000,3.02100000,3.00100000,3.00500000,16426.72000000,1772456399999999,49403.22042000,588,5725.75000000,17224.84764000,0
1772456400000000,3.00500000,3.02100000,2.99300000,3.00300000,31769.85000000,1772459999999999,95509.24359000,1303,17425.71000000,52395.02642000,0
1772460000000000,3.00300000,3.08700000,2.99700000,3.08300000,94691.56000000,1772463599999999,288420.61130000,2702,52219.85000000,159297.08113000,0
1772463600000000,3.08300000,3.14300000,3.07100000,3.11600000,180123.33000000,1772467199999999,561473.66644000,4700,84808.75000000,264512.06944000,0
1772467200000000,3.11900000,3.15600000,3.09700000,3.12600000,114811.66000000,1772470799999999,358915.98227000,3448,68102.40000000,212828.38845000,0
1772470800000000,3.12700000,3.13000000,3.07300000,3.11500000,75064.62000000,1772474399999999,232858.69715000,2138,31730.74000000,98581.10494000,0
1772474400000000,3.11500000,3.15300000,3.09200000,3.12700000,59802.31000000,1772477999999999,186846.57321000,1805,25965.89000000,81176.83861000,0
1772478000000000,3.12800000,3.13700000,3.10200000,3.11300000,54294.37000000,1772481599999999,169335.33181000,1671,24342.31000000,75959.49245000,0
1772481600000000,3.11200000,3.13500000,3.08500000,3.10200000,45247.58000000,1772485199999999,140375.71298000,1437,22210.01000000,68919.99334000,0
1772485200000000,3.10300000,3.10300000,3.08400000,3.09600000,12773.12000000,1772488799999999,39533.96439000,777,7141.65000000,22107.60139000,0
1772488800000000,3.09700000,3.13500000,3.09700000,3.12100000,56327.70000000,1772492399999999,175720.68542000,1057,26902.75000000,83944.23259000,0
1772492400000000,3.12000000,3.12400000,3.07800000,3.08900000,36634.64000000,1772495999999999,113347.90558000,1057,18434.22000000,56989.49108000,0
1772496000000000,3.09000000,3.09400000,3.06100000,3.08200000,35392.78000000,1772499599999999,108954.79877000,1042,17252.36000000,53165.98110000,0
1772499600000000,3.08000000,3.09600000,3.07000000,3.07300000,18877.18000000,1772503199999999,58228.88828000,919,10017.26000000,30911.10515000,0
1772503200000000,3.07200000,3.08200000,3.04100000,3.07400000,34360.95000000,1772506799999999,105189.68446000,1204,18384.28000000,56355.14841000,0
1772506800000000,3.07300000,3.09100000,3.06300000,3.08200000,22021.73000000,1772510399999999,67792.62821000,626,12358.90000000,38042.65853000,0
1772510400000000,3.08200000,3.09000000,3.05600000,3.06300000,11388.38000000,1772513999999999,34966.39472000,499,6307.07000000,19371.52064000,0
1772514000000000,3.06100000,3.08600000,3.04700000,3.05700000,25844.12000000,1772517599999999,79277.36045000,908,15081.88000000,46283.26807000,0
1772517600000000,3.05600000,3.06800000,3.05000000,3.05700000,9123.88000000,1772521199999999,27905.00775000,540,5533.11000000,16926.38888000,0
1772521200000000,3.05700000,3.07500000,3.05400000,3.06200000,18152.15000000,1772524799999999,55596.76168000,718,11747.65000000,35991.05129000,0
1772524800000000,3.06400000,3.07200000,3.02100000,3.02500000,27824.59000000,1772528399999999,84612.90811000,1053,12031.71000000,36581.68248000,0
1772528400000000,3.02400000,3.04100000,3.00000000,3.00400000,39981.35000000,1772531999999999,120550.70080000,1280,14361.35000000,43288.57459000,0
1772532000000000,3.00200000,3.02200000,2.99800000,3.01300000,49915.11000000,1772535599999999,150158.94865000,937,22596.91000000,67983.08682000,0
1772535600000000,3.01300000,3.01600000,2.99600000,3.00800000,53322.86000000,1772539199999999,160179.08873000,787,36392.70000000,109336.52703000,0
1772539200000000,3.00800000,3.05300000,3.00800000,3.01900000,17507.73000000,1772542799999999,52964.59752000,694,6913.20000000,20917.05543000,0
1772542800000000,3.02100000,3.02100000,2.98200000,2.98900000,45943.51000000,1772546399999999,137552.50793000,913,15846.97000000,47499.60844000,0
1772546400000000,2.98800000,3.02200000,2.95700000,2.98800000,61436.29000000,1772549999999999,183496.65175000,2198,30428.90000000,91018.95961000,0
1772550000000000,2.98800000,3.02800000,2.97300000,3.01700000,52685.78000000,1772553599999999,158020.04733000,1975,25398.26000000,76220.13008000,0
1772553600000000,3.01500000,3.08500000,3.00200000,3.04900000,78352.65000000,1772557199999999,237973.07613000,3118,55178.18000000,167613.84240000,0
1772557200000000,3.05100000,3.06400000,3.01800000,3.05300000,22329.25000000,1772560799999999,67788.19501000,1220,11119.33000000,33789.03095000,0
1772560800000000,3.05400000,3.09100000,3.04000000,3.05600000,41434.74000000,1772564399999999,127237.42783000,1478,25442.31000000,78141.13117000,0
1772564400000000,3.05700000,3.06100000,3.03300000,3.04300000,27531.48000000,1772567999999999,84002.13734000,1092,12287.41000000,37490.31359000,0
1772568000000000,3.04300000,3.04700000,3.01100000,3.01400000,17991.46000000,1772571599999999,54408.75100000,705,7940.45000000,24032.22638000,0
1772571600000000,3.01400000,3.01600000,2.99400000,3.01300000,33173.81000000,1772575199999999,99795.23902000,912,21939.79000000,66039.91889000,0
1772575200000000,3.01300000,3.04900000,3.01200000,3.03900000,19402.29000000,1772578799999999,58945.70246000,730,10732.99000000,32609.80878000,0
1772578800000000,3.03800000,3.05800000,3.02900000,3.03100000,12530.39000000,1772582399999999,38119.13946000,730,6599.94000000,20089.62737000,0
1772582400000000,3.03100000,3.04400000,3.01000000,3.02600000,10877.53000000,1772585999999999,32950.58802000,751,4458.77000000,13521.32137000,0
1772586000000000,3.02700000,3.05100000,3.01500000,3.01600000,35984.84000000,1772589599999999,109138.73022000,1520,25112.27000000,76175.37302000,0
1772589600000000,3.01700000,3.01900000,2.99800000,3.01700000,26777.63000000,1772593199999999,80475.37226000,1145,16833.16000000,50598.99243000,0
1772593200000000,3.01600000,3.02600000,2.98400000,3.00600000,45386.05000000,1772596799999999,136167.56115000,1440,20959.22000000,62920.85904000,0
1772596800000000,3.00600000,3.01300000,2.98300000,3.00000000,43594.89000000,1772600399999999,130564.10049000,1084,15316.77000000,45899.99899000,0
1772600400000000,3.00000000,3.02100000,2.99100000,3.01300000,41515.72000000,1772603999999999,124774.12664000,1074,14331.86000000,43105.28686000,0
1772604000000000,3.01200000,3.02900000,2.99900000,3.02100000,15088.22000000,1772607599999999,45465.30633000,620,8082.40000000,24357.70474000,0
1772607600000000,3.02100000,3.05800000,3.01300000,3.04500000,40822.89000000,1772611199999999,123774.69772000,1167,24553.39000000,74420.51665000,0
1772611200000000,3.04400000,3.11600000,3.03400000,3.10600000,61579.94000000,1772614799999999,189349.45037000,2100,34950.56000000,107497.84732000,0
1772614800000000,3.10700000,3.13700000,3.09200000,3.12200000,81851.22000000,1772618399999999,255127.00555000,3522,40365.54000000,125850.48973000,0
1772618400000000,3.12200000,3.12800000,3.07500000,3.08000000,72464.67000000,1772621999999999,224115.49720000,2476,26748.42000000,82820.18996000,0
1772622000000000,3.08400000,3.09400000,3.05000000,3.07000000,35996.00000000,1772625599999999,110683.25088000,1410,15352.80000000,47199.46539000,0
1772625600000000,3.07100000,3.07200000,3.03800000,3.05400000,33100.96000000,1772629199999999,101012.89388000,1084,12025.51000000,36706.95045000,0
1772629200000000,3.05400000,3.09600000,3.05400000,3.09100000,77899.69000000,1772632799999999,239993.58576000,1470,47880.20000000,147606.11934000,0
1772632800000000,3.09100000,3.13100000,3.06500000,3.08300000,117992.26000000,1772636399999999,364940.77574000,3284,66205.51000000,204721.66942000,0
1772636400000000,3.08300000,3.14700000,3.08200000,3.14700000,90560.93000000,1772639999999999,282614.09424000,3735,37207.75000000,116026.73941000,0
1772640000000000,3.14600000,3.15600000,3.10600000,3.12200000,74626.80000000,1772643599999999,233852.65996000,2396,31213.75000000,97891.97044000,0
1772643600000000,3.12200000,3.13200000,3.08600000,3.12200000,36631.56000000,1772647199999999,113958.32423000,1599,21629.16000000,67300.75952000,0
1772647200000000,3.12200000,3.13400000,3.10100000,3.13300000,12329.03000000,1772650799999999,38454.89948000,895,7553.39000000,23583.71581000,0
1772650800000000,3.13400000,3.17600000,3.12400000,3.14400000,86094.63000000,1772654399999999,271317.52109000,2232,45798.89000000,144495.57712000,0
1772654400000000,3.14300000,3.17400000,3.12800000,3.14600000,60133.27000000,1772657999999999,189435.29536000,1636,29669.49000000,93527.83845000,0
1772658000000000,3.14600000,3.15000000,3.12900000,3.15000000,29918.70000000,1772661599999999,93864.55158000,866,17537.74000000,55061.51678000,0
1772661600000000,3.15000000,3.16300000,3.10800000,3.11300000,25949.66000000,1772665199999999,81195.96036000,731,10517.92000000,32957.56857000,0
1772665200000000,3.11500000,3.12700000,3.08800000,3.12300000,48211.47000000,1772668799999999,149693.51974000,1300,22228.95000000,69130.70292000,0
1772668800000000,3.12200000,3.12300000,3.09200000,3.10600000,46702.14000000,1772672399999999,144991.54560000,1030,18700.62000000,58109.94871000,0
1772672400000000,3.10500000,3.12200000,3.07500000,3.08300000,34415.51000000,1772675999999999,106359.65529000,1071,20314.33000000,62760.84169000,0
1772676000000000,3.08400000,3.11000000,3.08100000,3.09300000,16057.34000000,1772679599999999,49749.88425000,679,8978.02000000,27805.95864000,0
1772679600000000,3.09200000,3.09700000,3.05800000,3.07100000,32820.76000000,1772683199999999,100974.66893000,936,12142.59000000,37348.32282000,0
1772683200000000,3.07100000,3.10000000,3.07100000,3.09100000,23147.45000000,1772686799999999,71418.74374000,784,18371.02000000,56700.69229000,0
1772686800000000,3.09100000,3.10000000,3.05800000,3.06800000,33361.79000000,1772690399999999,102493.41713000,756,10428.36000000,32016.16493000,0
1772690400000000,3.06800000,3.09300000,3.05800000,3.09100000,73880.11000000,1772693999999999,226754.04522000,1323,54087.50000000,166078.62728000,0
1772694000000000,3.09200000,3.10700000,3.06200000,3.07500000,39089.20000000,1772697599999999,120981.26540000,1314,27810.42000000,86142.27538000,0
1772697600000000,3.07400000,3.08300000,3.06000000,3.07900000,12771.88000000,1772701199999999,39210.17966000,572,4768.55000000,14648.62811000,0
1772701200000000,3.07700000,3.11800000,3.07700000,3.10400000,30079.24000000,1772704799999999,93310.98857000,1288,19235.73000000,59674.48413000,0
1772704800000000,3.10300000,3.13500000,3.09300000,3.11700000,32193.91000000,1772708399999999,100293.10952000,1231,20749.73000000,64662.36170000,0
1772708400000000,3.11500000,3.11700000,3.07400000,3.08400000,78664.70000000,1772711999999999,243352.75972000,1843,49221.16000000,152276.80998000,0
1772712000000000,3.08300000,3.10100000,3.06700000,3.09800000,14292.03000000,1772715599999999,44104.60981000,835,6535.61000000,20173.09564000,0
1772715600000000,3.09900000,3.09900000,3.05100000,3.07300000,38449.50000000,1772719199999999,117952.20466000,1420,11309.91000000,34739.91366000,0
1772719200000000,3.07400000,3.12500000,3.07300000,3.10800000,81086.63000000,1772722799999999,251248.25596000,3428,53382.81000000,165338.28068000,0
1772722800000000,3.10900000,3.11100000,3.02900000,3.04000000,78132.68000000,1772726399999999,238472.84806000,3107,33785.12000000,103139.07347000,0
1772726400000000,3.04100000,3.04100000,2.98800000,3.02100000,105860.38000000,1772729999999999,319006.21820000,3371,31921.10000000,96338.76295000,0
1772730000000000,3.02200000,3.03800000,2.99400000,3.00200000,46804.08000000,1772733599999999,140604.79218000,1758,15241.15000000,45822.47476000,0
1772733600000000,3.00000000,3.02800000,2.99500000,3.02100000,128194.93000000,1772737199999999,386404.76948000,1542,102003.96000000,307593.35560000,0
1772737200000000,3.02300000,3.05800000,3.02300000,3.03700000,23922.69000000,1772740799999999,72762.48289000,962,14052.65000000,42768.11796000,0
1772740800000000,3.03700000,3.07400000,3.02900000,3.06500000,34816.88000000,1772744399999999,106557.28945000,1155,19569.52000000,59902.38360000,0
1772744400000000,3.06400000,3.07600000,3.04000000,3.04700000,14111.98000000,1772747999999999,43177.67071000,708,5782.93000000,17709.22968000,0
1772748000000000,3.04700000,3.04900000,3.02700000,3.03200000,10606.64000000,1772751599999999,32195.26397000,497,4704.54000000,14285.97081000,0
1772751600000000,3.03100000,3.04000000,3.02100000,3.02300000,19256.85000000,1772755199999999,58327.55457000,602,12683.25000000,38416.01322000,0
1772755200000000,3.02200000,3.02800000,3.01200000,3.01700000,13182.78000000,1772758799999999,39810.26684000,612,9334.17000000,28193.40287000,0
1772758800000000,3.01800000,3.04100000,2.99900000,3.03600000,15657.70000000,1772762399999999,47245.48946000,848,6987.76000000,21123.79748000,0
1772762400000000,3.03600000,3.03900000,3.02300000,3.03300000,22630.82000000,1772765999999999,68657.70774000,584,8011.12000000,24300.50868000,0
1772766000000000,3.03400000,3.03500000,3.02200000,3.03000000,8045.27000000,1772769599999999,24356.69709000,328,3486.21000000,10557.61899000,0
1772769600000000,3.03000000,3.03400000,3.00500000,3.01900000,22408.55000000,1772773199999999,67769.58076000,809,9343.65000000,28249.35767000,0
1772773200000000,3.01800000,3.03200000,2.99800000,3.02100000,40862.97000000,1772776799999999,123273.95774000,942,14755.58000000,44467.86786000,0
1772776800000000,3.02000000,3.04100000,3.02000000,3.03100000,13161.43000000,1772780399999999,39830.39752000,538,4929.46000000,14925.04515000,0
1772780400000000,3.03200000,3.05100000,3.02100000,3.04300000,12441.83000000,1772783999999999,37824.63468000,516,5361.83000000,16297.69716000,0
1772784000000000,3.04300000,3.04400000,3.01700000,3.01900000,18143.67000000,1772787599999999,54975.25773000,599,10422.35000000,31573.44505000,0
1772787600000000,3.02000000,3.02200000,2.98400000,3.00000000,36268.99000000,1772791199999999,108610.24859000,1090,10565.86000000,31626.85432000,0
1772791200000000,3.00000000,3.02600000,3.00000000,3.00500000,27221.72000000,1772794799999999,82063.13812000,847,17563.48000000,52954.64258000,0
1772794800000000,3.00400000,3.00500000,2.98600000,2.98600000,59366.45000000,1772798399999999,178015.46942000,964,21911.14000000,65671.54134000,0
1772798400000000,2.98600000,2.98600000,2.94400000,2.96300000,70136.73000000,1772801999999999,207771.27418000,2332,31168.04000000,92230.99715000,0
1772802000000000,2.96200000,2.99600000,2.93300000,2.93400000,86603.25000000,1772805599999999,256924.03857000,2779,42891.58000000,127349.89016000,0
1772805600000000,2.93400000,2.94300000,2.87700000,2.88900000,139182.62000000,1772809199999999,404395.22452000,5016,70808.83000000,205904.26787000,0
1772809200000000,2.88800000,2.90400000,2.85100000,2.87200000,113612.48000000,1772812799999999,328001.73504000,3785,51685.82000000,149279.94755000,0
1772812800000000,2.87100000,2.88300000,2.85000000,2.86900000,48276.29000000,1772816399999999,138318.54160000,2062,23179.70000000,66453.55710000,0
1772816400000000,2.86800000,2.88800000,2.83700000,2.85300000,37804.64000000,1772819999999999,108318.30957000,1458,20166.12000000,57856.11850000,0
1772820000000000,2.85100000,2.88800000,2.84900000,2.87800000,46872.72000000,1772823599999999,135027.08232000,1549,34331.43000000,98940.35338000,0
1772823600000000,2.87800000,2.88900000,2.87700000,2.88600000,12801.69000000,1772827199999999,36890.13889000,830,8267.29000000,23827.58259000,0
1772827200000000,2.88600000,2.89800000,2.88000000,2.89500000,41544.46000000,1772830799999999,120074.73864000,2148,24654.39000000,71273.88577000,0
1772830800000000,2.89500000,2.90900000,2.88700000,2.90500000,17949.88000000,1772834399999999,52054.99630000,734,12974.72000000,37646.16004000,0
1772834400000000,2.90500000,2.91400000,2.89700000,2.91100000,14733.03000000,1772837999999999,42827.78579000,594,8532.23000000,24807.50665000,0
1772838000000000,2.91000000,2.91700000,2.90000000,2.90500000,29812.28000000,1772841599999999,86717.00751000,638,18693.38000000,54411.34982000,0
1772841600000000,2.90600000,2.91800000,2.90100000,2.91300000,9416.17000000,1772845199999999,27408.84267000,368,3926.33000000,11434.94148000,0
1772845200000000,2.91200000,2.91300000,2.88700000,2.88700000,30550.31000000,1772848799999999,88362.40483000,487,6036.84000000,17492.58734000,0
1772848800000000,2.88700000,2.89100000,2.87200000,2.89100000,39503.69000000,1772852399999999,113779.73506000,637,16815.16000000,48474.10616000,0
1772852400000000,2.89100000,2.90300000,2.88400000,2.88900000,11601.36000000,1772855999999999,33571.63540000,337,7820.56000000,22644.55409000,0
1772856000000000,2.88900000,2.90800000,2.87700000,2.90100000,15479.13000000,1772859599999999,44804.26917000,545,10329.30000000,29911.55982000,0
1772859600000000,2.90200000,2.90500000,2.89100000,2.89200000,6511.44000000,1772863199999999,18848.94263000,270,3970.64000000,11496.06054000,0
1772863200000000,2.89100000,2.89100000,2.86000000,2.86300000,13159.50000000,1772866799999999,37779.42142000,498,5108.48000000,14674.41831000,0
1772866800000000,2.86400000,2.87400000,2.85500000,2.86900000,19188.93000000,1772870399999999,54977.66662000,512,9542.86000000,27359.57797000,0
1772870400000000,2.87000000,2.88500000,2.86500000,2.86800000,32513.86000000,1772873999999999,93440.14034000,673,5594.97000000,16105.33221000,0
1772874000000000,2.86800000,2.88300000,2.86200000,2.88200000,11705.99000000,1772877599999999,33644.35071000,469,5322.11000000,15298.93386000,0
1772877600000000,2.88300000,2.89000000,2.88000000,2.88700000,8570.35000000,1772881199999999,24719.71600000,389,5143.47000000,14838.99666000,0
1772881200000000,2.88700000,2.90300000,2.88300000,2.88700000,13596.66000000,1772884799999999,39353.27183000,548,7590.19000000,21981.64470000,0
1772884800000000,2.88600000,2.90200000,2.88500000,2.88800000,16649.81000000,1772888399999999,48222.40701000,595,12957.87000000,37540.69377000,0
1772888400000000,2.88800000,2.90600000,2.88200000,2.89700000,15230.48000000,1772891999999999,44119.50782000,565,8934.22000000,25874.77469000,0
1772892000000000,2.89800000,2.89800000,2.85500000,2.88400000,61697.60000000,1772895599999999,177065.85858000,1142,22258.06000000,64045.76837000,0
1772895600000000,2.88300000,2.88300000,2.84500000,2.86200000,43796.00000000,1772899199999999,125279.98094000,1191,14664.06000000,41948.94303000,0
1772899200000000,2.86000000,2.88400000,2.85800000,2.87900000,38912.64000000,1772902799999999,111812.02837000,849,26997.72000000,77640.04434000,0
1772902800000000,2.87800000,2.89700000,2.87700000,2.89500000,17181.56000000,1772906399999999,49668.36395000,491,6628.89000000,19170.00898000,0
1772906400000000,2.89500000,2.89500000,2.86200000,2.86600000,27469.33000000,1772909999999999,78892.54419000,996,10665.10000000,30626.21978000,0
1772910000000000,2.86600000,2.86700000,2.83600000,2.84900000,24434.50000000,1772913599999999,69656.83415000,796,10961.68000000,31251.09415000,0
1772913600000000,2.84900000,2.86000000,2.84500000,2.85000000,26791.95000000,1772917199999999,76444.14017000,820,15549.87000000,44405.28629000,0
1772917200000000,2.85000000,2.85700000,2.83900000,2.84800000,9882.28000000,1772920799999999,28126.61990000,383,6210.16000000,17677.11219000,0
1772920800000000,2.84800000,2.85000000,2.81300000,2.81600000,37958.39000000,1772924399999999,107293.25453000,956,20888.85000000,59006.72471000,0
1772924400000000,2.81700000,2.83100000,2.81500000,2.82900000,13368.78000000,1772927999999999,37772.33427000,437,7518.06000000,21241.05440000,0
1772928000000000,2.82900000,2.83300000,2.80800000,2.81200000,33052.06000000,1772931599999999,93237.42464000,708,11327.22000000,31952.32105000,0
1772931600000000,2.81100000,2.83000000,2.80700000,2.82300000,26968.25000000,1772935199999999,75978.29032000,791,19996.17000000,56331.09758000,0
1772935200000000,2.82200000,2.82400000,2.78300000,2.79500000,29715.29000000,1772938799999999,83190.60665000,1070,15931.55000000,44588.30639000,0
1772938800000000,2.79600000,2.81300000,2.79400000,2.80900000,30200.89000000,1772942399999999,84700.48464000,1146,17152.42000000,48077.15696000,0
1772942400000000,2.80900000,2.81300000,2.79100000,2.79900000,19276.07000000,1772945999999999,53989.39868000,817,11977.57000000,33550.41675000,0
1772946000000000,2.80000000,2.82700000,2.80000000,2.81700000,16016.59000000,1772949599999999,45141.59613000,505,9263.07000000,26102.81455000,0
1772949600000000,2.81800000,2.83200000,2.81400000,2.83200000,9906.99000000,1772953199999999,27956.37389000,353,6113.98000000,17258.66413000,0
1772953200000000,2.83100000,2.84600000,2.82900000,2.83500000,16487.82000000,1772956799999999,46829.64422000,595,8980.01000000,25509.40862000,0
1772956800000000,2.83400000,2.83500000,2.81800000,2.82900000,15883.85000000,1772960399999999,44915.70955000,418,5339.85000000,15099.71196000,0
1772960400000000,2.82800000,2.84600000,2.82500000,2.84300000,14001.37000000,1772963999999999,39705.29282000,551,6050.98000000,17171.66270000,0
1772964000000000,2.84400000,2.87800000,2.84400000,2.86300000,12937.16000000,1772967599999999,37035.44991000,648,8605.42000000,24635.36912000,0
1772967600000000,2.86200000,2.86200000,2.83500000,2.84500000,15668.00000000,1772971199999999,44590.83844000,819,7284.89000000,20728.15406000,0
1772971200000000,2.84400000,2.86400000,2.81800000,2.84400000,20002.72000000,1772974799999999,56812.12262000,1043,10684.20000000,30332.71566000,0
1772974800000000,2.84400000,2.85100000,2.81200000,2.83100000,26916.55000000,1772978399999999,76138.69525000,1324,13727.98000000,38854.56913000,0
1772978400000000,2.83100000,2.83800000,2.81400000,2.82300000,13937.31000000,1772981999999999,39384.13625000,697,5461.28000000,15427.55343000,0
1772982000000000,2.82300000,2.82400000,2.79700000,2.80800000,22794.48000000,1772985599999999,64005.27789000,664,12447.72000000,34960.89783000,0
1772985600000000,2.80700000,2.81200000,2.79000000,2.80000000,16998.26000000,1772989199999999,47629.51921000,584,8017.35000000,22472.21501000,0
1772989200000000,2.80000000,2.81700000,2.79900000,2.80200000,17809.83000000,1772992799999999,49967.76551000,599,5783.17000000,16219.38518000,0
1772992800000000,2.80400000,2.80900000,2.79400000,2.80800000,21303.88000000,1772996399999999,59661.47533000,490,7433.37000000,20827.21034000,0
1772996400000000,2.80900000,2.85300000,2.80400000,2.83800000,16617.27000000,1772999999999999,47140.69470000,741,7895.21000000,22380.25877000,0
1773000000000000,2.83800000,2.85100000,2.82700000,2.83300000,21898.09000000,1773003599999999,62109.18315000,871,12102.65000000,34315.22371000,0
1773003600000000,2.83300000,2.83800000,2.81400000,2.82200000,20537.57000000,1773007199999999,57984.93204000,549,10883.98000000,30746.82397000,0
1773007200000000,2.82100000,2.82100000,2.76200000,2.81500000,112441.10000000,1773010799999999,313202.40275000,2558,47300.42000000,131912.32241000,0
1773010800000000,2.81500000,2.82500000,2.79000000,2.79600000,32068.03000000,1773014399999999,89937.69518000,1400,19694.78000000,55235.50688000,0
1773014400000000,2.80000000,2.84500000,2.79400000,2.82300000,27397.75000000,1773017999999999,77177.52910000,1036,16792.33000000,47281.15308000,0
1773018000000000,2.82300000,2.83900000,2.80600000,2.81400000,24594.67000000,1773021599999999,69507.49715000,908,14445.03000000,40824.50776000,0
1773021600000000,2.81300000,2.84700000,2.80400000,2.83500000,19496.10000000,1773025199999999,55110.87573000,651,11513.69000000,32629.58122000,0
1773025200000000,2.83400000,2.88300000,2.83100000,2.84600000,43547.31000000,1773028799999999,124429.60517000,1401,20953.24000000,59903.96510000,0
1773028800000000,2.84700000,2.87100000,2.84400000,2.84700000,16541.56000000,1773032399999999,47242.16088000,526,6919.16000000,19758.91983000,0
1773032400000000,2.84800000,2.91700000,2.84700000,2.90600000,68092.11000000,1773035999999999,196691.49686000,1635,31939.88000000,92258.16765000,0
1773036000000000,2.90800000,2.91200000,2.88600000,2.88700000,25440.12000000,1773039599999999,73825.89221000,682,11262.23000000,32659.43148000,0
1773039600000000,2.88700000,2.90200000,2.85500000,2.89300000,11290.98000000,1773043199999999,32490.54595000,565,6120.76000000,17623.38045000,0
1773043200000000,2.89400000,2.92600000,2.89300000,2.89700000,23064.45000000,1773046799999999,67152.85455000,727,9898.50000000,28815.18389000,0
1773046800000000,2.89900000,2.92800000,2.88400000,2.89700000,30166.31000000,1773050399999999,87610.32598000,1056,12955.25000000,37632.45564000,0
1773050400000000,2.89700000,2.90000000,2.87900000,2.88100000,30849.95000000,1773053999999999,89176.60468000,908,14630.04000000,42319.24110000,0
1773054000000000,2.88200000,2.89700000,2.86400000,2.88300000,22066.44000000,1773057599999999,63544.77633000,789,8356.13000000,24052.85346000,0
1773057600000000,2.88400000,2.90800000,2.88000000,2.90000000,14526.50000000,1773061199999999,42056.20724000,545,6707.44000000,19439.68944000,0
1773061200000000,2.89900000,2.93300000,2.89400000,2.91100000,44775.37000000,1773064799999999,130629.66365000,1134,12987.90000000,37893.58440000,0
1773064800000000,2.91000000,2.92000000,2.88700000,2.90500000,50192.57000000,1773068399999999,145659.90771000,1309,17907.39000000,52058.39676000,0
1773068400000000,2.90600000,2.91800000,2.89100000,2.91200000,17238.42000000,1773071999999999,50141.43323000,624,8145.77000000,23696.57582000,0
1773072000000000,2.91100000,2.93200000,2.90900000,2.91800000,33505.89000000,1773075599999999,97919.64872000,947,22009.65000000,64341.27665000,0
1773075600000000,2.92000000,2.93000000,2.91300000,2.91900000,37586.93000000,1773079199999999,109776.20764000,718,16973.14000000,49621.58941000,0
1773079200000000,2.91900000,2.92700000,2.90300000,2.91100000,18096.05000000,1773082799999999,52736.32201000,667,9032.75000000,26332.54786000,0
1773082800000000,2.91500000,2.98100000,2.90500000,2.93200000,60320.79000000,1773086399999999,177467.58432000,1807,34975.74000000,103008.13409000,0
1773086400000000,2.93300000,2.94400000,2.91700000,2.93900000,42697.40000000,1773089999999999,124854.93418000,874,24174.57000000,70673.18782000,0
1773090000000000,2.93800000,2.96100000,2.92700000,2.94100000,77372.07000000,1773093599999999,227615.99720000,1040,43743.17000000,128839.64011000,0
1773093600000000,2.94000000,2.94000000,2.88900000,2.89700000,16779.04000000,1773097199999999,48815.46453000,633,5734.04000000,16689.64018000,0
1773097200000000,2.89800000,2.91000000,2.89300000,2.90000000,10797.41000000,1773100799999999,31326.43526000,353,3389.48000000,9840.65138000,0
1773100800000000,2.89900000,2.93000000,2.89800000,2.91400000,13918.02000000,1773104399999999,40654.77236000,460,7576.15000000,22135.60871000,0
1773104400000000,2.91500000,2.93100000,2.90100000,2.91700000,8360.93000000,1773107999999999,24386.08333000,369,3836.58000000,11189.91191000,0
1773108000000000,2.91500000,2.96100000,2.91200000,2.94500000,24836.73000000,1773111599999999,72906.86901000,976,11230.87000000,33005.56615000,0
1773111600000000,2.94500000,2.94800000,2.91800000,2.92500000,13600.23000000,1773115199999999,39935.88609000,507,4991.90000000,14650.41664000,0
1773115200000000,2.92700000,2.94600000,2.92700000,2.94100000,8211.98000000,1773118799999999,24129.96974000,311,3691.22000000,10848.58192000,0
1773118800000000,2.94100000,2.94700000,2.91800000,2.92100000,16713.07000000,1773122399999999,49029.55497000,655,9686.83000000,28418.28454000,0
1773122400000000,2.92300000,2.92600000,2.90900000,2.92300000,19322.05000000,1773125999999999,56290.27046000,428,10595.89000000,30872.76644000,0
1773126000000000,2.92300000,2.96500000,2.92000000,2.96100000,68271.31000000,1773129599999999,201703.10390000,925,55551.55000000,164279.43697000,0
1773129600000000,2.96200000,3.00000000,2.96200000,2.97200000,220074.41000000,1773133199999999,656524.71252000,3568,109050.66000000,325255.96561000,0
1773133200000000,2.97400000,2.99100000,2.96200000,2.97300000,297368.55000000,1773136799999999,884770.83144000,2056,190078.63000000,565454.40633000,0
1773136800000000,2.97200000,2.97200000,2.95200000,2.96300000,23396.31000000,1773140399999999,69243.09761000,552,10146.99000000,30021.06124000,0
1773140400000000,2.96300000,2.96500000,2.94900000,2.96000000,51568.19000000,1773143999999999,152589.83240000,726,16210.23000000,47975.24383000,0
1773144000000000,2.96100000,2.97300000,2.95400000,2.96700000,28158.93000000,1773147599999999,83484.16632000,545,13790.97000000,40876.79116000,0
1773147600000000,2.96700000,2.98400000,2.94100000,2.96000000,86988.92000000,1773151199999999,258014.79342000,2080,47468.95000000,140905.39512000,0
1773151200000000,2.96100000,3.02300000,2.93000000,3.02300000,64821.84000000,1773154799999999,192508.94266000,1770,33241.16000000,98726.13440000,0
1773154800000000,3.02500000,3.02900000,2.97500000,3.00000000,66608.15000000,1773158399999999,199653.99719000,1775,20254.11000000,60653.27077000,0
1773158400000000,3.00000000,3.02500000,2.98600000,3.01200000,38581.87000000,1773161999999999,116184.25275000,1240,20633.87000000,62179.21915000,0
1773162000000000,3.01500000,3.02000000,2.97500000,2.99700000,37660.87000000,1773165599999999,112871.10765000,986,19538.95000000,58567.70616000,0
1773165600000000,2.99700000,2.99700000,2.94300000,2.95300000,84025.54000000,1773169199999999,249478.69373000,1128,20823.21000000,61853.24246000,0
1773169200000000,2.95200000,2.95900000,2.93300000,2.94700000,17081.08000000,1773172799999999,50291.99755000,623,8178.77000000,24082.27236000,0
1773172800000000,2.94700000,2.96100000,2.94500000,2.95100000,14938.06000000,1773176399999999,44117.59619000,655,3744.73000000,11063.33787000,0
1773176400000000,2.95100000,2.96200000,2.91600000,2.92600000,28533.06000000,1773179999999999,83775.62205000,652,13461.04000000,39540.41262000,0
1773180000000000,2.92600000,2.93800000,2.91700000,2.93000000,21534.84000000,1773183599999999,62993.49513000,549,8651.20000000,25322.64189000,0
1773183600000000,2.93100000,2.94000000,2.93100000,2.93700000,17123.46000000,1773187199999999,50289.60891000,356,6612.95000000,19416.66119000,0
1773187200000000,2.93700000,2.94100000,2.91800000,2.93600000,20995.13000000,1773190799999999,61467.04290000,735,11457.37000000,33548.66770000,0
1773190800000000,2.93600000,2.94000000,2.92300000,2.92900000,15020.64000000,1773194399999999,44035.70242000,515,3830.82000000,11233.47476000,0
1773194400000000,2.93000000,2.93000000,2.91000000,2.92600000,28184.58000000,1773197999999999,82293.19030000,845,16829.62000000,49133.42069000,0
1773198000000000,2.92700000,2.93600000,2.92400000,2.92700000,9524.14000000,1773201599999999,27903.45726000,370,4616.93000000,13529.51823000,0
1773201600000000,2.92600000,2.94700000,2.91900000,2.94500000,18781.20000000,1773205199999999,55055.74251000,465,12147.54000000,35598.50094000,0
1773205200000000,2.94400000,2.94700000,2.89800000,2.91000000,22725.09000000,1773208799999999,66403.05518000,635,6755.15000000,19723.92203000,0
1773208800000000,2.91100000,2.93800000,2.90900000,2.92900000,27821.37000000,1773212399999999,81420.58291000,786,14692.27000000,42977.86021000,0
1773212400000000,2.92800000,2.94200000,2.91600000,2.92400000,18691.15000000,1773215999999999,54723.39742000,474,8031.49000000,23521.12487000,0
1773216000000000,2.92300000,2.92800000,2.91100000,2.92100000,50830.88000000,1773219599999999,148425.42220000,843,33241.28000000,97098.47315000,0
1773219600000000,2.92100000,2.93800000,2.91900000,2.92800000,10254.55000000,1773223199999999,30024.14173000,462,5604.70000000,16411.34296000,0
1773223200000000,2.93000000,2.94800000,2.92700000,2.93600000,19906.63000000,1773226799999999,58401.00344000,539,4345.35000000,12758.76937000,0
1773226800000000,2.93700000,2.94400000,2.92700000,2.93100000,18889.37000000,1773230399999999,55423.36842000,718,7490.68000000,21984.51287000,0
1773230400000000,2.93200000,2.99100000,2.92600000,2.96200000,64227.60000000,1773233999999999,190385.54213000,1706,32314.45000000,95800.58685000,0
1773234000000000,2.96200000,3.02900000,2.96100000,2.98500000,57246.14000000,1773237599999999,171397.48729000,1948,29855.22000000,89378.86374000,0
1773237600000000,2.98700000,3.01100000,2.98100000,2.99000000,44912.48000000,1773241199999999,134816.19785000,1233,20930.65000000,62820.40724000,0
1773241200000000,2.99100000,2.99100000,2.94800000,2.97700000,40625.14000000,1773244799999999,120739.05878000,1350,20458.72000000,60837.22325000,0
1773244800000000,2.97700000,2.99300000,2.96900000,2.99200000,50109.39000000,1773248399999999,149289.79855000,1081,24943.47000000,74326.36591000,0
1773248400000000,2.99300000,3.01100000,2.97300000,2.99200000,27403.22000000,1773251999999999,82084.47152000,908,15764.20000000,47240.84242000,0
1773252000000000,2.99500000,3.02300000,2.99100000,3.01700000,40909.08000000,1773255599999999,122915.47563000,881,20947.54000000,62970.85913000,0
1773255600000000,3.01900000,3.02200000,2.99900000,3.00500000,65276.55000000,1773259199999999,196422.80587000,612,53680.80000000,161533.53914000,0
1773259200000000,3.00600000,3.01200000,2.99400000,3.00300000,16171.94000000,1773262799999999,48535.19388000,343,11597.75000000,34795.13059000,0
1773262800000000,3.00400000,3.01800000,2.99300000,3.00900000,14810.18000000,1773266399999999,44563.20324000,350,9712.75000000,29226.49082000,0
1773266400000000,3.01100000,3.01900000,3.00000000,3.01500000,17427.52000000,1773269999999999,52430.51401000,560,10061.18000000,30276.31576000,0
1773270000000000,3.01500000,3.02300000,2.99800000,3.00300000,21124.54000000,1773273599999999,63582.58814000,516,4997.99000000,15039.95515000,0
1773273600000000,3.00400000,3.01500000,3.00000000,3.00700000,48431.52000000,1773277199999999,145854.22274000,612,39364.46000000,118584.58776000,0
1773277200000000,3.00500000,3.00500000,2.98700000,2.99100000,19927.50000000,1773280799999999,59642.02878000,443,7435.51000000,22249.61164000,0
1773280800000000,2.99400000,3.00400000,2.97400000,2.97500000,16964.57000000,1773284399999999,50746.85247000,401,7753.58000000,23186.56113000,0
1773284400000000,2.97400000,2.99200000,2.97100000,2.97600000,6609.55000000,1773287999999999,19698.69218000,256,2596.41000000,7739.35212000,0
1773288000000000,2.97600000,2.98500000,2.97100000,2.97500000,5312.34000000,1773291599999999,15816.76897000,188,1420.87000000,4230.84842000,0
1773291600000000,2.97400000,2.98000000,2.95800000,2.97800000,59730.24000000,1773295199999999,177345.08170000,486,6887.06000000,20427.50169000,0
1773295200000000,2.97700000,2.98400000,2.97200000,2.98300000,6918.83000000,1773298799999999,20605.35246000,195,2193.01000000,6533.95125000,0
1773298800000000,2.98400000,3.00900000,2.97800000,2.99700000,16613.05000000,1773302399999999,49753.09811000,665,12109.42000000,36276.43967000,0
1773302400000000,2.99600000,2.99600000,2.97500000,2.99200000,52581.28000000,1773305999999999,156970.22909000,753,6964.62000000,20787.59023000,0
1773306000000000,2.99100000,3.00600000,2.97400000,2.99300000,21414.77000000,1773309599999999,63910.15870000,420,8190.30000000,24498.17225000,0
1773309600000000,2.99300000,3.02500000,2.99300000,3.01600000,21014.62000000,1773313199999999,63296.70820000,888,12857.44000000,38706.03645000,0
1773313200000000,3.01500000,3.01600000,2.98700000,2.99300000,8458.60000000,1773316799999999,25417.21887000,350,2985.00000000,8971.51540000,0
1773316800000000,2.99400000,3.00800000,2.98500000,3.00300000,15096.96000000,1773320399999999,45269.46222000,414,11486.44000000,34443.93009000,0
1773320400000000,3.00300000,3.01700000,2.98100000,2.99300000,16294.20000000,1773323999999999,48848.58544000,803,8559.37000000,25657.73566000,0
1773324000000000,2.99400000,3.01400000,2.96000000,2.98200000,21832.29000000,1773327599999999,65107.81964000,945,9762.92000000,29168.16806000,0
1773327600000000,2.98300000,3.00700000,2.97700000,2.99000000,18275.42000000,1773331199999999,54706.50311000,725,12183.50000000,36475.43112000,0
1773331200000000,2.99100000,3.01200000,2.97500000,3.00300000,23315.39000000,1773334799999999,69932.20770000,648,16189.99000000,48572.97476000,0
1773334800000000,3.00300000,3.00900000,2.99100000,3.00100000,9942.31000000,1773338399999999,29844.25737000,442,5196.10000000,15599.81486000,0
1773338400000000,3.00100000,3.01500000,2.99200000,3.00900000,30822.69000000,1773341999999999,92687.97445000,591,21015.98000000,63188.26730000,0
1773342000000000,3.01100000,3.04300000,3.01000000,3.03600000,42734.11000000,1773345599999999,129405.99676000,875,24721.49000000,74880.52332000,0
1773345600000000,3.03400000,3.03900000,3.02000000,3.02400000,12562.26000000,1773349199999999,38036.51144000,400,6473.87000000,19596.12882000,0
1773349200000000,3.02400000,3.05600000,3.02300000,3.05200000,30610.02000000,1773352799999999,92873.34679000,877,15149.83000000,46009.11030000,0
1773352800000000,3.05200000,3.06100000,3.04600000,3.05400000,11737.19000000,1773356399999999,35829.37600000,469,7011.65000000,21408.93106000,0
1773356400000000,3.05400000,3.07700000,3.04600000,3.04800000,22666.69000000,1773359999999999,69327.43773000,850,11710.97000000,35835.62275000,0
1773360000000000,3.05200000,3.11800000,3.04300000,3.08700000,91353.17000000,1773363599999999,280991.13613000,2111,60876.50000000,186963.31982000,0
1773363600000000,3.08900000,3.10700000,3.08200000,3.10100000,21032.25000000,1773367199999999,65082.94843000,671,11742.32000000,36358.65945000,0
1773367200000000,3.10400000,3.10500000,3.08800000,3.10000000,18947.76000000,1773370799999999,58638.99813000,577,9181.21000000,28408.26774000,0
1773370800000000,3.10100000,3.13100000,3.09700000,3.12700000,27607.11000000,1773374399999999,85803.54763000,1486,14912.05000000,46374.49226000,0
1773374400000000,3.12500000,3.12700000,3.10300000,3.10900000,58614.15000000,1773377999999999,182595.99582000,1146,16998.54000000,52865.35586000,0
1773378000000000,3.10800000,3.13000000,3.10000000,3.12200000,25057.44000000,1773381599999999,78121.13778000,1012,11988.46000000,37359.57093000,0
1773381600000000,3.12300000,3.13500000,3.11300000,3.12000000,29458.15000000,1773385199999999,92073.35072000,960,19899.27000000,62222.88252000,0
1773385200000000,3.11900000,3.13200000,3.11300000,3.12100000,50616.78000000,1773388799999999,158201.87128000,795,23474.17000000,73362.34575000,0
1773388800000000,3.12100000,3.13300000,3.10400000,3.10800000,60095.09000000,1773392399999999,187129.75598000,1431,25078.97000000,78085.22453000,0
1773392400000000,3.10900000,3.12700000,3.09300000,3.12000000,35778.90000000,1773395999999999,111289.00980000,997,20441.36000000,63682.49019000,0
1773396000000000,3.11900000,3.14500000,3.11800000,3.13400000,56567.04000000,1773399599999999,177176.34544000,894,43936.34000000,137574.35184000,0
1773399600000000,3.13500000,3.13500000,3.10500000,3.11700000,24485.74000000,1773403199999999,76295.84688000,688,7058.28000000,22006.79669000,0
1773403200000000,3.11600000,3.15000000,3.11300000,3.13700000,38173.58000000,1773406799999999,119638.04675000,956,21626.97000000,67792.16537000,0
1773406800000000,3.13600000,3.17100000,3.13000000,3.15200000,104491.86000000,1773410399999999,328837.30357000,1892,77012.23000000,242170.10488000,0
1773410400000000,3.15200000,3.16400000,3.11300000,3.11800000,36869.07000000,1773413999999999,115695.81497000,1109,15749.99000000,49466.98660000,0
1773414000000000,3.11900000,3.14800000,3.11300000,3.12200000,30387.17000000,1773417599999999,95102.91092000,1184,18607.24000000,58258.63468000,0
1773417600000000,3.12300000,3.14300000,3.10100000,3.13600000,27845.87000000,1773421199999999,87029.78932000,911,15371.66000000,48059.67063000,0
1773421200000000,3.13800000,3.14500000,3.08900000,3.09900000,32187.76000000,1773424799999999,100159.72505000,822,12290.66000000,38221.30953000,0
1773424800000000,3.09900000,3.10700000,3.08700000,3.09200000,38773.80000000,1773428399999999,120129.42953000,999,8764.42000000,27154.00981000,0
1773428400000000,3.09200000,3.10400000,3.08700000,3.09700000,18329.57000000,1773431999999999,56700.18542000,468,7064.13000000,21861.64312000,0
1773432000000000,3.09400000,3.10800000,3.09300000,3.10500000,6398.98000000,1773435599999999,19842.47283000,393,3503.36000000,10867.53829000,0
1773435600000000,3.10800000,3.12100000,3.09400000,3.10400000,8160.42000000,1773439199999999,25381.93132000,474,4448.89000000,13852.76546000,0
1773439200000000,3.10300000,3.10400000,3.06800000,3.08100000,24199.45000000,1773442799999999,74480.33695000,965,10913.27000000,33581.43356000,0
1773442800000000,3.08100000,3.09300000,3.07800000,3.08900000,7614.51000000,1773446399999999,23491.87473000,510,2267.55000000,7000.82804000,0
1773446400000000,3.09000000,3.09000000,3.06200000,3.06900000,18264.25000000,1773449999999999,56094.30324000,880,7172.05000000,22030.10480000,0
1773450000000000,3.06700000,3.07900000,3.06000000,3.07600000,37594.24000000,1773453599999999,115361.96136000,918,19635.76000000,60252.12618000,0
1773453600000000,3.07600000,3.08400000,3.06500000,3.08100000,17043.50000000,1773457199999999,52444.21725000,418,11209.81000000,34493.93461000,0
1773457200000000,3.08100000,3.09700000,3.08000000,3.09100000,6807.10000000,1773460799999999,21034.44525000,350,4190.09000000,12949.34750000,0
1773460800000000,3.09100000,3.10400000,3.07800000,3.08000000,10236.15000000,1773464399999999,31649.44517000,402,4650.35000000,14393.84355000,0
1773464400000000,3.07900000,3.08000000,3.05400000,3.06400000,13864.66000000,1773467999999999,42497.20275000,548,5943.66000000,18204.65692000,0
1773468000000000,3.06300000,3.06300000,3.03300000,3.04800000,13868.25000000,1773471599999999,42245.00260000,600,8342.58000000,25402.83041000,0
1773471600000000,3.04800000,3.04900000,3.03300000,3.03800000,15995.92000000,1773475199999999,48628.58740000,379,4837.34000000,14710.20482000,0
1773475200000000,3.03800000,3.04200000,3.03500000,3.03600000,8346.98000000,1773478799999999,25367.70409000,292,4723.33000000,14355.97911000,0
1773478800000000,3.03800000,3.04100000,3.02500000,3.03300000,17625.77000000,1773482399999999,53513.64092000,399,4272.02000000,12974.10733000,0
1773482400000000,3.03200000,3.03400000,3.02200000,3.02500000,9881.51000000,1773485999999999,29924.00282000,464,6059.88000000,18353.50984000,0
1773486000000000,3.02600000,3.04200000,3.02500000,3.04000000,10509.26000000,1773489599999999,31891.70018000,277,3994.45000000,12115.37477000,0
1773489600000000,3.03800000,3.04000000,3.00500000,3.02500000,39289.46000000,1773493199999999,118561.17026000,747,12302.33000000,37140.11412000,0
1773493200000000,3.02400000,3.04000000,3.02300000,3.03500000,6640.77000000,1773496799999999,20141.45205000,276,4435.07000000,13452.68661000,0
1773496800000000,3.03500000,3.04400000,3.02500000,3.02900000,13403.49000000,1773500399999999,40652.41492000,456,7444.81000000,22585.35880000,0
1773500400000000,3.02800000,3.03200000,3.01400000,3.02100000,10609.44000000,1773503999999999,32042.96370000,552,5030.29000000,15195.10225000,0
1773504000000000,3.02100000,3.03500000,3.01700000,3.03500000,10191.36000000,1773507599999999,30855.38279000,418,6991.24000000,21180.79595000,0
1773507600000000,3.03400000,3.03400000,3.02100000,3.02600000,7373.93000000,1773511199999999,22314.40631000,322,2744.81000000,8312.14596000,0
1773511200000000,3.02400000,3.02900000,3.01800000,3.02400000,14187.44000000,1773514799999999,42891.90260000,368,3290.53000000,9954.20380000,0
1773514800000000,3.02300000,3.02400000,3.01800000,3.01800000,5164.26000000,1773518399999999,15598.29632000,156,1801.37000000,5442.39668000,0
1773518400000000,3.01900000,3.02100000,3.00600000,3.02100000,20977.29000000,1773521999999999,63193.33565000,514,11680.01000000,35195.00889000,0
1773522000000000,3.02000000,3.02800000,3.01400000,3.02700000,11864.39000000,1773525599999999,35813.97459000,328,5297.85000000,16013.10784000,0
1773525600000000,3.02700000,3.02700000,3.01800000,3.02000000,3690.44000000,1773529199999999,11151.37490000,186,851.80000000,2576.00092000,0
1773529200000000,3.02100000,3.04500000,3.02100000,3.04500000,12999.43000000,1773532799999999,39455.19560000,512,7676.89000000,23304.06561000,0
1773532800000000,3.04500000,3.04700000,3.02000000,3.02400000,9781.94000000,1773536399999999,29696.61000000,360,5990.35000000,18202.79603000,0
1773536400000000,3.02400000,3.04600000,3.02400000,3.04100000,8602.09000000,1773539999999999,26132.92694000,349,3636.96000000,11043.37215000,0
1773540000000000,3.04300000,3.08600000,3.04300000,3.08200000,23998.99000000,1773543599999999,73658.97888000,909,17354.53000000,53271.78584000,0
1773543600000000,3.08400000,3.08900000,3.05900000,3.06600000,16840.86000000,1773547199999999,51818.15021000,522,11635.05000000,35789.33373000,0
1773547200000000,3.06700000,3.07800000,3.04700000,3.05900000,5796.32000000,1773550799999999,17755.11048000,387,2913.85000000,8941.01303000,0
1773550800000000,3.05900000,3.07000000,3.05100000,3.05600000,18825.62000000,1773554399999999,57545.83365000,424,12689.14000000,38780.27232000,0
1773554400000000,3.05500000,3.05800000,3.04300000,3.04700000,7334.56000000,1773557999999999,22366.16093000,344,2739.75000000,8351.72244000,0
1773558000000000,3.04800000,3.06000000,3.04100000,3.05600000,30678.77000000,1773561599999999,93700.63607000,486,24526.60000000,74931.82629000,0
1773561600000000,3.05600000,3.07200000,3.05100000,3.06900000,32136.71000000,1773565199999999,98380.81151000,777,17143.40000000,52475.90723000,0
1773565200000000,3.07100000,3.08100000,3.04500000,3.05000000,39926.72000000,1773568799999999,122227.68839000,715,8599.27000000,26383.36866000,0
1773568800000000,3.05000000,3.06800000,3.05000000,3.06700000,19723.38000000,1773572399999999,60317.38248000,336,15817.77000000,48376.80520000,0
1773572400000000,3.06700000,3.08000000,3.06100000,3.07200000,22754.11000000,1773575999999999,69874.21922000,660,9007.96000000,27675.24709000,0
1773576000000000,3.07300000,3.08800000,3.06600000,3.07100000,9824.03000000,1773579599999999,30234.26946000,750,3698.12000000,11386.51885000,0
1773579600000000,3.07000000,3.07200000,3.04500000,3.06300000,24542.97000000,1773583199999999,75008.19729000,926,9953.07000000,30406.25633000,0
1773583200000000,3.06200000,3.07000000,3.05800000,3.06400000,18459.26000000,1773586799999999,56546.17077000,716,10762.24000000,32972.09164000,0
1773586800000000,3.06500000,3.06500000,3.04900000,3.05100000,9213.89000000,1773590399999999,28138.22873000,380,4654.54000000,14213.94194000,0
1773590400000000,3.05000000,3.06400000,3.04800000,3.05600000,14163.61000000,1773593999999999,43306.78646000,462,7316.07000000,22365.93060000,0
1773594000000000,3.05500000,3.08900000,3.05500000,3.08000000,11658.09000000,1773597599999999,35825.19322000,680,7333.06000000,22536.69126000,0
1773597600000000,3.08200000,3.08700000,3.06300000,3.06600000,10668.15000000,1773601199999999,32832.01963000,616,3408.15000000,10491.49311000,0
1773601200000000,3.06700000,3.08600000,3.06700000,3.08500000,7412.50000000,1773604799999999,22833.46262000,475,3834.14000000,11810.52537000,0
1773604800000000,3.08500000,3.10700000,3.08200000,3.09300000,33464.14000000,1773608399999999,103669.61762000,1105,28785.52000000,89195.36948000,0
1773608400000000,3.09100000,3.11000000,3.08100000,3.09900000,9435.26000000,1773611999999999,29223.42039000,524,4903.32000000,15193.28026000,0
1773612000000000,3.10200000,3.12700000,3.08300000,3.11800000,33762.17000000,1773615599999999,104914.34554000,1642,18158.73000000,56387.05944000,0
1773615600000000,3.12000000,3.12400000,3.09200000,3.11100000,28912.08000000,1773619199999999,89793.70010000,1120,15114.60000000,46934.01268000,0
1773619200000000,3.11200000,3.11900000,3.09100000,3.10300000,23734.12000000,1773622799999999,73593.89249000,1027,8545.11000000,26483.55028000,0
1773622800000000,3.10200000,3.11100000,3.08700000,3.10800000,11676.12000000,1773626399999999,36173.25154000,603,6001.53000000,18592.78920000,0
1773626400000000,3.10800000,3.11500000,3.09400000,3.11000000,15573.82000000,1773629999999999,48327.17718000,564,9931.57000000,30807.32582000,0
1773630000000000,3.10900000,3.17600000,3.10600000,3.14400000,44439.69000000,1773633599999999,139794.45771000,1961,23894.72000000,75155.86205000,0
1773633600000000,3.14400000,3.17600000,3.13900000,3.16500000,29070.68000000,1773637199999999,91749.57409000,1179,13570.70000000,42884.87833000,0
1773637200000000,3.16600000,3.20700000,3.16400000,3.20000000,35749.67000000,1773640799999999,113886.54209000,1599,17558.85000000,55990.11451000,0
1773640800000000,3.20100000,3.20700000,3.17700000,3.19900000,25965.65000000,1773644399999999,82986.93847000,1084,12615.21000000,40310.65332000,0
1773644400000000,3.20000000,3.21800000,3.20000000,3.20200000,30670.31000000,1773647999999999,98456.22467000,1146,12679.13000000,40717.57552000,0
1773648000000000,3.20300000,3.23200000,3.17600000,3.18500000,51357.99000000,1773651599999999,164722.71535000,1764,15746.28000000,50427.96043000,0
1773651600000000,3.18600000,3.21000000,3.18500000,3.19700000,20911.66000000,1773655199999999,66918.78815000,1009,13036.87000000,41729.81058000,0
1773655200000000,3.19600000,3.20200000,3.17200000,3.18600000,21628.48000000,1773658799999999,69014.56679000,938,11022.72000000,35198.58671000,0
1773658800000000,3.18500000,3.19100000,3.17000000,3.17900000,15010.26000000,1773662399999999,47734.79920000,677,7179.18000000,22832.54594000,0
1773662400000000,3.17800000,3.19000000,3.17100000,3.18600000,25402.68000000,1773665999999999,80851.21503000,939,12757.81000000,40611.39022000,0
1773666000000000,3.18400000,3.21800000,3.17900000,3.19800000,51958.47000000,1773669599999999,166314.35698000,1956,24722.61000000,79126.09901000,0
1773669600000000,3.19900000,3.21400000,3.15600000,3.19600000,35536.03000000,1773673199999999,113074.99393000,2017,21032.18000000,66975.75537000,0
1773673200000000,3.19700000,3.20800000,3.17600000,3.17900000,32472.87000000,1773676799999999,103607.61714000,1441,14161.27000000,45221.82908000,0
1773676800000000,3.18000000,3.22900000,3.18000000,3.21900000,49238.42000000,1773680399999999,157837.23719000,1567,32329.20000000,103577.77713000,0
1773680400000000,3.21900000,3.25800000,3.21900000,3.24900000,29204.48000000,1773683999999999,94609.09898000,1175,20762.89000000,67247.68451000,0
1773684000000000,3.24900000,3.28700000,3.24600000,3.25300000,97932.98000000,1773687599999999,319726.36692000,3550,29522.63000000,96441.11997000,0
1773687600000000,3.25300000,3.27400000,3.24000000,3.26100000,54725.60000000,1773691199999999,178267.96415000,2474,20060.70000000,65353.74687000,0
1773691200000000,3.26200000,3.29300000,3.25500000,3.28400000,49637.00000000,1773694799999999,162676.56268000,1797,23502.07000000,77012.61396000,0
1773694800000000,3.28400000,3.32000000,3.27700000,3.30700000,59174.53000000,1773698399999999,195439.73682000,2163,23298.31000000,76934.47575000,0
1773698400000000,3.30800000,3.34200000,3.30700000,3.32600000,97095.12000000,1773701999999999,322731.32756000,2918,27340.95000000,90929.46442000,0
1773702000000000,3.32500000,3.34400000,3.30100000,3.32900000,56687.72000000,1773705599999999,188500.10827000,1521,19815.39000000,65971.68440000,0
1773705600000000,3.32900000,3.33500000,3.30000000,3.31200000,66708.20000000,1773709199999999,221365.04799000,1853,37928.83000000,125885.10154000,0
1773709200000000,3.31200000,3.31600000,3.28900000,3.30400000,39284.42000000,1773712799999999,129780.88808000,1678,20766.86000000,68646.36173000,0
1773712800000000,3.30200000,3.32000000,3.29000000,3.29900000,24823.77000000,1773716399999999,81928.32555000,937,12993.85000000,42884.73633000,0
1773716400000000,3.29800000,3.29900000,3.24400000,3.26300000,34429.32000000,1773719999999999,112366.65876000,1589,11456.83000000,37387.71800000,0
1773720000000000,3.26300000,3.27200000,3.21500000,3.23000000,42718.93000000,1773723599999999,138492.18144000,1355,10731.90000000,34808.50241000,0
1773723600000000,3.22900000,3.23500000,3.20900000,3.22300000,34530.15000000,1773727199999999,111215.01551000,1309,8978.17000000,28932.49520000,0
1773727200000000,3.22400000,3.23900000,3.19900000,3.22000000,121174.01000000,1773730799999999,389012.84268000,1835,45065.66000000,144637.06629000,0
1773730800000000,3.22100000,3.25300000,3.22100000,3.24100000,12059.33000000,1773734399999999,39101.17831000,900,6469.94000000,20985.28285000,0
1773734400000000,3.24100000,3.25400000,3.23600000,3.24100000,10236.73000000,1773737999999999,33228.30350000,611,4776.22000000,15506.51884000,0
1773738000000000,3.24200000,3.25300000,3.23100000,3.24500000,17433.83000000,1773741599999999,56529.78714000,897,6601.26000000,21411.21598000,0
1773741600000000,3.24500000,3.24800000,3.23300000,3.23900000,20671.55000000,1773745199999999,66955.98547000,786,8770.94000000,28410.00806000,0
1773745200000000,3.23900000,3.25700000,3.22900000,3.23200000,42203.06000000,1773748799999999,136914.73991000,1441,27454.33000000,89095.75151000,0
1773748800000000,3.23200000,3.24000000,3.20400000,3.21500000,71981.25000000,1773752399999999,232127.94455000,2034,42345.27000000,136600.03914000,0
1773752400000000,3.21500000,3.23300000,3.19900000,3.21200000,45768.57000000,1773755999999999,147134.26256000,1782,18315.55000000,58891.53586000,0
1773756000000000,3.21200000,3.23600000,3.20400000,3.23100000,30303.04000000,1773759599999999,97589.80775000,1390,18461.73000000,59455.95611000,0
1773759600000000,3.23200000,3.24700000,3.20600000,3.22700000,26618.88000000,1773763199999999,85825.89515000,1026,8277.86000000,26696.21511000,0
1773763200000000,3.22600000,3.24000000,3.21500000,3.22100000,16452.62000000,1773766799999999,53005.74801000,661,12309.49000000,39655.09742000,0
1773766800000000,3.22200000,3.23500000,3.21300000,3.23100000,53460.77000000,1773770399999999,172428.10508000,1232,23046.78000000,74424.87532000,0
1773770400000000,3.23100000,3.23500000,3.22200000,3.23000000,9120.97000000,1773773999999999,29446.37990000,491,6077.66000000,19622.78394000,0
1773774000000000,3.23100000,3.23200000,3.21300000,3.21400000,33801.16000000,1773777599999999,108910.26935000,980,10304.71000000,33195.09005000,0
1773777600000000,3.21400000,3.23200000,3.21200000,3.23100000,9776.89000000,1773781199999999,31489.90647000,358,8077.89000000,26020.19062000,0
1773781200000000,3.23100000,3.25500000,3.23000000,3.24400000,7895.02000000,1773784799999999,25620.95297000,374,3666.37000000,11901.12143000,0
1773784800000000,3.24500000,3.25500000,3.23300000,3.24700000,30194.16000000,1773788399999999,97932.74808000,1063,14332.48000000,46503.31600000,0
1773788400000000,3.24600000,3.24900000,3.22500000,3.22700000,20100.31000000,1773791999999999,64954.53369000,593,4141.49000000,13389.33537000,0
1773792000000000,3.22700000,3.23300000,3.20000000,3.21600000,18449.75000000,1773795599999999,59264.52886000,742,9704.27000000,31175.43817000,0
1773795600000000,3.21700000,3.23800000,3.21600000,3.22600000,17169.94000000,1773799199999999,55461.47522000,637,7708.10000000,24903.76902000,0
1773799200000000,3.22500000,3.26500000,3.22400000,3.24800000,42597.36000000,1773802799999999,138359.90094000,1185,22510.69000000,73138.19192000,0
1773802800000000,3.24900000,3.27600000,3.24900000,3.25700000,15077.69000000,1773806399999999,49258.54501000,603,11710.40000000,38270.61080000,0
1773806400000000,3.25700000,3.25800000,3.23000000,3.24100000,12819.46000000,1773809999999999,41518.14453000,531,2212.07000000,7167.93704000,0
1773810000000000,3.24100000,3.26700000,3.23000000,3.23300000,23794.68000000,1773813599999999,77262.73707000,750,11131.68000000,36162.11977000,0
1773813600000000,3.23300000,3.24900000,3.23000000,3.23100000,6147.21000000,1773817199999999,19896.01547000,333,2020.74000000,6548.24573000,0
1773817200000000,3.23000000,3.23000000,3.21100000,3.22100000,15709.82000000,1773820799999999,50597.91033000,669,5477.31000000,17653.88534000,0
1773820800000000,3.22500000,3.23300000,3.22000000,3.22300000,13541.00000000,1773824399999999,43666.46459000,563,6301.15000000,20321.27789000,0
1773824400000000,3.22400000,3.23900000,3.22100000,3.23400000,7854.23000000,1773827999999999,25383.91774000,443,3350.60000000,10827.44843000,0
1773828000000000,3.23300000,3.23300000,3.20300000,3.21000000,9098.77000000,1773831599999999,29263.70430000,481,2924.95000000,9409.05268000,0
1773831600000000,3.20900000,3.21500000,3.14100000,3.15800000,68738.85000000,1773835199999999,217750.52235000,2445,24836.90000000,78611.59316000,0
1773835200000000,3.15800000,3.15800000,3.11100000,3.11900000,127176.97000000,1773838799999999,398977.80882000,3913,39252.02000000,122995.14011000,0
1773838800000000,3.11700000,3.12800000,3.10100000,3.11200000,33787.52000000,1773842399999999,105238.14751000,1256,12845.91000000,40016.41995000,0
1773842400000000,3.11300000,3.11400000,3.04500000,3.04900000,42732.89000000,1773845999999999,131576.49778000,1749,13221.34000000,40748.05760000,0
1773846000000000,3.04900000,3.06400000,3.02300000,3.05400000,52278.43000000,1773849599999999,159280.58291000,1763,23840.41000000,72571.26069000,0
1773849600000000,3.05400000,3.05900000,3.03900000,3.05000000,16409.04000000,1773853199999999,50051.67506000,824,9231.52000000,28153.86880000,0
1773853200000000,3.05000000,3.07600000,3.03300000,3.06300000,61746.55000000,1773856799999999,188281.43324000,1300,20359.67000000,62264.88410000,0
1773856800000000,3.06400000,3.09000000,3.05400000,3.06300000,40590.59000000,1773860399999999,124880.71216000,1587,29479.92000000,90739.37483000,0
1773860400000000,3.06300000,3.08900000,3.05800000,3.05900000,26915.32000000,1773863999999999,82754.86644000,913,16087.54000000,49463.03825000,0
1773864000000000,3.05900000,3.08000000,3.03300000,3.07500000,23144.15000000,1773867599999999,70729.90845000,908,14422.92000000,44117.02945000,0
1773867600000000,3.07400000,3.09800000,3.07300000,3.08800000,32622.78000000,1773871199999999,100669.08402000,443,15949.54000000,49227.62597000,0
1773871200000000,3.08800000,3.08800000,3.07300000,3.07700000,9281.79000000,1773874799999999,28577.80925000,335,3497.49000000,10771.66172000,0
1773874800000000,3.07800000,3.07900000,3.06700000,3.07800000,11853.60000000,1773878399999999,36440.70703000,425,2864.16000000,8807.57614000,0
1773878400000000,3.07800000,3.08200000,3.05400000,3.05800000,12292.54000000,1773881999999999,37672.85209000,544,3825.46000000,11730.49789000,0
1773882000000000,3.05700000,3.06100000,3.05200000,3.05500000,4470.85000000,1773885599999999,13665.02445000,275,2588.33000000,7912.74018000,0
1773885600000000,3.05400000,3.05600000,3.03900000,3.04700000,21857.88000000,1773889199999999,66597.94422000,712,11143.70000000,33965.35610000,0
1773889200000000,3.04800000,3.08400000,3.04600000,3.06500000,18086.42000000,1773892799999999,55456.18387000,755,9461.16000000,29041.61268000,0
1773892800000000,3.06400000,3.06400000,3.04500000,3.04500000,11595.84000000,1773896399999999,35392.44732000,472,5857.42000000,17872.07060000,0
1773896400000000,3.04400000,3.04600000,3.02400000,3.02600000,41004.58000000,1773899999999999,124252.73931000,487,22997.21000000,69622.60807000,0
1773900000000000,3.02800000,3.03600000,3.01300000,3.02800000,15868.73000000,1773903599999999,47983.46727000,586,7229.59000000,21854.17341000,0
1773903600000000,3.02800000,3.03000000,2.98100000,3.00000000,75865.52000000,1773907199999999,228053.32160000,1499,36524.72000000,109871.29897000,0
1773907200000000,2.99900000,3.01800000,2.99900000,3.00600000,15189.35000000,1773910799999999,45668.24609000,613,9083.55000000,27308.86346000,0
1773910800000000,3.00700000,3.03800000,3.00700000,3.03300000,21646.72000000,1773914399999999,65458.81184000,886,13600.94000000,41131.30184000,0
1773914400000000,3.03400000,3.03500000,3.01200000,3.01300000,15793.07000000,1773917999999999,47741.96464000,458,8758.59000000,26473.07007000,0
1773918000000000,3.01300000,3.01600000,3.00300000,3.00300000,8035.26000000,1773921599999999,24175.56977000,296,2727.06000000,8209.65898000,0
1773921600000000,3.00200000,3.00200000,2.96200000,2.96200000,20581.68000000,1773925199999999,61392.34798000,705,6649.73000000,19828.25915000,0
1773925200000000,2.96100000,2.98600000,2.95500000,2.97400000,48226.42000000,1773928799999999,143151.18303000,1548,14245.85000000,42301.73295000,0
1773928800000000,2.97500000,2.98500000,2.95800000,2.97500000,22761.97000000,1773932399999999,67613.71932000,792,13446.75000000,39970.33622000,0
1773932400000000,2.97400000,2.98500000,2.95000000,2.97800000,37287.75000000,1773935999999999,110528.09975000,1015,22784.37000000,67561.20558000,0
1773936000000000,2.97800000,2.97900000,2.96500000,2.97000000,35369.76000000,1773939599999999,105198.00827000,1079,13279.66000000,39465.27707000,0
1773939600000000,2.97100000,2.99600000,2.95700000,2.99100000,12189.36000000,1773943199999999,36286.52657000,635,8139.42000000,24241.48370000,0
1773943200000000,2.99100000,2.99600000,2.98100000,2.99100000,11228.43000000,1773946799999999,33560.10107000,377,7222.69000000,21584.96846000,0
1773946800000000,2.99000000,3.02000000,2.99000000,3.01000000,9419.18000000,1773950399999999,28359.98893000,707,5899.91000000,17768.97038000,0
1773950400000000,3.00900000,3.03000000,3.00600000,3.02000000,12224.95000000,1773953999999999,36906.51802000,548,6734.42000000,20339.30364000,0
1773954000000000,3.02000000,3.03700000,3.02000000,3.03400000,11921.14000000,1773957599999999,36129.74864000,361,8728.53000000,26452.06622000,0
1773957600000000,3.03300000,3.05100000,3.02700000,3.05000000,40537.00000000,1773961199999999,123243.47895000,1542,27536.44000000,83725.41786000,0
1773961200000000,3.05100000,3.06500000,3.04500000,3.06200000,51367.63000000,1773964799999999,156992.50343000,1948,34477.40000000,105368.98224000,0
1773964800000000,3.06200000,3.07600000,3.05300000,3.07500000,31085.83000000,1773968399999999,95219.73570000,1313,19797.89000000,60635.71896000,0
1773968400000000,3.07500000,3.12700000,3.07200000,3.11400000,37651.52000000,1773971999999999,116867.17137000,1486,25378.29000000,78768.71718000,0
1773972000000000,3.11400000,3.17200000,3.11400000,3.15600000,72072.25000000,1773975599999999,226666.17695000,2165,41968.52000000,132075.51348000,0
1773975600000000,3.15700000,3.19600000,3.14400000,3.19000000,54807.12000000,1773979199999999,174359.76547000,2330,24614.75000000,78304.26707000,0
1773979200000000,3.19200000,3.23800000,3.18000000,3.22800000,76883.96000000,1773982799999999,246521.20914000,3007,40117.07000000,128761.01782000,0
1773982800000000,3.22900000,3.24700000,3.19100000,3.21100000,52229.60000000,1773986399999999,168120.82263000,3153,23777.50000000,76598.01273000,0
1773986400000000,3.21100000,3.21100000,3.14400000,3.14800000,123774.39000000,1773989999999999,393707.29723000,3386,73006.43000000,232259.31165000,0
1773990000000000,3.14800000,3.15100000,3.12600000,3.14200000,44773.89000000,1773993599999999,140344.35588000,1665,22265.56000000,69807.89919000,0
1773993600000000,3.14200000,3.14900000,3.11400000,3.12500000,38204.86000000,1773997199999999,119829.05046000,2083,17568.01000000,55085.83089000,0
1773997200000000,3.12500000,3.13000000,3.10100000,3.12700000,38586.00000000,1774000799999999,120183.40094000,1685,14990.62000000,46727.75908000,0
1774000800000000,3.12800000,3.14400000,3.10000000,3.13300000,42024.07000000,1774004399999999,131054.73447000,1818,20646.25000000,64426.52121000,0
1774004400000000,3.13300000,3.14500000,3.08700000,3.10300000,64748.66000000,1774007999999999,201304.18935000,2188,19007.28000000,59102.47728000,0
1774008000000000,3.10300000,3.13400000,3.09200000,3.09900000,62415.93000000,1774011599999999,193890.32255000,2096,25384.12000000,78983.79931000,0
1774011600000000,3.10000000,3.11900000,3.08000000,3.08600000,77853.37000000,1774015199999999,241149.20358000,2238,29272.68000000,90796.51384000,0
1774015200000000,3.08600000,3.11300000,3.07100000,3.08600000,41698.06000000,1774018799999999,128952.60955000,1978,25221.48000000,78071.90520000,0
1774018800000000,3.08700000,3.09900000,3.07500000,3.09800000,24836.07000000,1774022399999999,76721.43267000,1135,13625.16000000,42091.28828000,0
1774022400000000,3.09800000,3.10500000,3.07300000,3.08600000,25013.74000000,1774025999999999,77144.95088000,1697,14274.96000000,44029.01413000,0
1774026000000000,3.08600000,3.11000000,3.07800000,3.10600000,30905.66000000,1774029599999999,95420.92769000,2282,15347.52000000,47403.64151000,0
1774029600000000,3.10600000,3.11700000,3.07800000,3.08500000,19146.33000000,1774033199999999,59311.52931000,1072,7507.59000000,23259.68483000,0
1774033200000000,3.08500000,3.09700000,3.05300000,3.09400000,31356.57000000,1774036799999999,96407.51563000,1198,15017.43000000,46259.44236000,0
1774036800000000,3.09400000,3.10000000,3.05700000,3.07300000,15401.32000000,1774040399999999,47495.12876000,681,5266.60000000,16249.72816000,0
1774040400000000,3.07200000,3.10000000,3.06200000,3.09000000,21026.47000000,1774043999999999,64810.33864000,636,6587.94000000,20338.22212000,0
1774044000000000,3.09100000,3.11900000,3.09100000,3.09400000,17861.07000000,1774047599999999,55453.71910000,980,9461.10000000,29412.94037000,0
1774047600000000,3.09300000,3.09400000,3.07600000,3.08500000,10464.40000000,1774051199999999,32287.96241000,618,3897.81000000,12029.92016000,0
1774051200000000,3.08500000,3.09400000,3.08200000,3.09300000,14356.51000000,1774054799999999,44318.04560000,613,5736.44000000,17709.00897000,0
1774054800000000,3.09200000,3.10100000,3.08100000,3.08200000,10250.80000000,1774058399999999,31708.53143000,416,4272.10000000,13221.63326000,0
1774058400000000,3.08100000,3.09300000,3.08000000,3.09100000,6701.18000000,1774061999999999,20688.97901000,320,1958.26000000,6045.50762000,0
1774062000000000,3.09100000,3.09100000,3.08200000,3.08600000,4140.24000000,1774065599999999,12776.73679000,342,1242.21000000,3834.17915000,0
1774065600000000,3.08600000,3.09200000,3.07700000,3.07900000,12024.69000000,1774069199999999,37065.07731000,405,4229.11000000,13038.85827000,0
1774069200000000,3.07900000,3.10400000,3.07700000,3.09400000,13666.46000000,1774072799999999,42244.60008000,475,9484.92000000,29317.27716000,0
1774072800000000,3.09300000,3.11500000,3.09000000,3.10500000,15936.04000000,1774076399999999,49474.39784000,528,7975.93000000,24773.65826000,0
1774076400000000,3.10500000,3.10800000,3.09000000,3.09200000,8766.72000000,1774079999999999,27188.86600000,425,4985.44000000,15468.34524000,0
1774080000000000,3.09200000,3.10200000,3.08800000,3.10200000,10069.83000000,1774083599999999,31139.91637000,405,6518.06000000,20158.16966000,0
1774083600000000,3.10200000,3.11000000,3.09700000,3.10100000,5457.13000000,1774087199999999,16934.44265000,231,3318.56000000,10298.03426000,0
1774087200000000,3.10000000,3.10100000,3.08000000,3.08900000,10655.37000000,1774090799999999,32894.92024000,282,5076.43000000,15674.91519000,0
1774090800000000,3.08900000,3.09000000,3.07600000,3.08700000,12197.94000000,1774094399999999,37597.86856000,364,4618.23000000,14241.62896000,0
1774094400000000,3.08800000,3.10300000,3.08800000,3.09700000,34806.51000000,1774097999999999,107806.04788000,950,21647.70000000,67065.56449000,0
1774098000000000,3.09800000,3.10300000,3.08600000,3.09700000,13644.44000000,1774101599999999,42243.69367000,438,7380.89000000,22854.47501000,0
1774101600000000,3.09700000,3.12600000,3.09700000,3.11000000,26409.04000000,1774105199999999,82255.56857000,709,14354.66000000,44715.79846000,0
1774105200000000,3.11000000,3.15300000,3.10900000,3.14800000,34583.65000000,1774108799999999,108238.69191000,1287,18952.67000000,59325.24281000,0
1774108800000000,3.14800000,3.15200000,3.11200000,3.11600000,38060.10000000,1774112399999999,119191.92660000,960,18130.59000000,56821.82113000,0
1774112400000000,3.11700000,3.12900000,3.10200000,3.12000000,24309.15000000,1774115999999999,75732.20586000,613,13326.39000000,41554.68178000,0
1774116000000000,3.12100000,3.12800000,3.10600000,3.10900000,16192.58000000,1774119599999999,50420.69144000,499,2873.26000000,8959.30989000,0
1774119600000000,3.10900000,3.11200000,3.10000000,3.10300000,9948.52000000,1774123199999999,30910.87552000,375,3610.36000000,11224.21972000,0
1774123200000000,3.10300000,3.11700000,3.10200000,3.11200000,8132.41000000,1774126799999999,25281.16909000,386,6507.66000000,20234.19479000,0
1774126800000000,3.11200000,3.11600000,3.10700000,3.11000000,6639.60000000,1774130399999999,20649.46281000,203,1934.58000000,6018.25042000,0
1774130400000000,3.10900000,3.12200000,3.09800000,3.11100000,25754.31000000,1774133999999999,80085.40548000,565,17930.24000000,55780.20258000,0
1774134000000000,3.11200000,3.12700000,3.01300000,3.03400000,109743.77000000,1774137599999999,337493.66617000,5097,49213.90000000,151429.07170000,0
1774137600000000,3.03400000,3.05800000,2.97200000,3.03600000,94579.59000000,1774141199999999,285859.03110000,3431,28757.71000000,86692.24743000,0
1774141200000000,3.03700000,3.04800000,3.00600000,3.02500000,23503.26000000,1774144799999999,71113.33785000,1011,8187.66000000,24790.60971000,0
1774144800000000,3.02600000,3.04700000,3.01600000,3.03000000,23147.07000000,1774148399999999,70147.68621000,875,10976.15000000,33258.10188000,0
1774148400000000,3.02900000,3.06100000,3.02000000,3.03000000,27189.77000000,1774151999999999,82653.26759000,1011,14422.70000000,43868.04612000,0
1774152000000000,3.03000000,3.05100000,3.02300000,3.03400000,13831.98000000,1774155599999999,41969.78340000,594,6709.41000000,20377.09018000,0
1774155600000000,3.03500000,3.03500000,3.01200000,3.01400000,8714.36000000,1774159199999999,26363.75578000,445,2947.90000000,8914.96597000,0
1774159200000000,3.01200000,3.01200000,3.00000000,3.00800000,16941.18000000,1774162799999999,50907.78809000,539,7892.70000000,23714.08387000,0
1774162800000000,3.00700000,3.01200000,2.99200000,2.99300000,20406.08000000,1774166399999999,61249.31345000,611,12484.93000000,37492.48618000,0
1774166400000000,2.99200000,2.99600000,2.96700000,2.99500000,73494.67000000,1774169999999999,219372.03495000,1487,41399.96000000,123646.52090000,0
1774170000000000,2.99400000,3.00600000,2.98700000,2.99400000,13351.84000000,1774173599999999,40015.91578000,471,8834.07000000,26485.41184000,0
1774173600000000,2.99300000,2.99300000,2.96000000,2.96200000,56673.44000000,1774177199999999,168127.89686000,849,8906.13000000,26470.83973000,0
1774177200000000,2.96100000,2.96400000,2.94100000,2.94400000,18498.73000000,1774180799999999,54612.21355000,799,7847.67000000,23177.19932000,0
1774180800000000,2.94400000,2.98000000,2.94400000,2.96900000,18722.78000000,1774184399999999,55390.96811000,683,13178.42000000,38986.57439000,0
1774184400000000,2.96900000,2.97800000,2.96500000,2.97400000,5623.13000000,1774187999999999,16702.64743000,351,2755.22000000,8183.05685000,0
1774188000000000,2.97400000,2.98500000,2.96100000,2.97700000,15639.62000000,1774191599999999,46522.88524000,542,8674.41000000,25811.50605000,0
1774191600000000,2.97700000,2.98700000,2.97300000,2.98400000,8778.28000000,1774195199999999,26176.57505000,402,5417.22000000,16155.71806000,0
1774195200000000,2.98500000,2.99600000,2.96700000,2.96700000,21844.84000000,1774198799999999,65157.24122000,703,5874.99000000,17550.65265000,0
1774198800000000,2.96600000,2.97100000,2.95600000,2.95700000,8885.39000000,1774202399999999,26327.34592000,521,4560.96000000,13512.68663000,0
1774202400000000,2.95600000,2.96300000,2.93400000,2.95200000,20201.26000000,1774205999999999,59631.68028000,793,9301.00000000,27447.75196000,0
1774206000000000,2.95200000,2.95400000,2.93600000,2.94600000,17240.38000000,1774209599999999,50779.08519000,857,6261.00000000,18439.45866000,0
1774209600000000,2.94700000,2.96500000,2.94700000,2.95600000,25893.93000000,1774213199999999,76522.06007000,828,13600.60000000,40214.13635000,0
1774213200000000,2.95700000,2.96000000,2.90400000,2.93600000,43691.32000000,1774216799999999,128050.61315000,1582,25115.01000000,73714.57644000,0
1774216800000000,2.93500000,2.96400000,2.90900000,2.96000000,17153.84000000,1774220399999999,50503.42238000,1108,7786.22000000,22953.19672000,0
1774220400000000,2.96100000,2.97600000,2.94100000,2.94800000,35159.84000000,1774223999999999,104074.28218000,1235,13723.21000000,40662.88951000,0
1774224000000000,2.94800000,2.98200000,2.94300000,2.96800000,31634.65000000,1774227599999999,93639.93868000,1348,14936.03000000,44225.70241000,0
1774227600000000,2.96800000,2.98800000,2.96100000,2.97500000,15098.77000000,1774231199999999,44995.19579000,717,9038.81000000,26943.39420000,0
1774231200000000,2.97500000,3.00200000,2.97100000,2.98600000,42348.96000000,1774234799999999,126223.98392000,832,28288.12000000,84257.84436000,0
1774234800000000,2.98600000,3.00100000,2.97700000,2.97800000,7256.35000000,1774238399999999,21683.22111000,382,2024.51000000,6048.71478000,0
1774238400000000,2.97800000,2.99200000,2.97700000,2.99200000,7482.36000000,1774241999999999,22334.42727000,270,5039.76000000,15053.55492000,0
1774242000000000,2.99200000,2.99700000,2.97400000,2.98400000,8134.51000000,1774245599999999,24309.50296000,490,2585.78000000,7715.79905000,0
1774245600000000,2.98200000,2.98200000,2.93800000,2.94700000,40722.44000000,1774249199999999,120334.12676000,1487,15409.05000000,45467.30663000,0
1774249200000000,2.94600000,2.94600000,2.91400000,2.93300000,27465.87000000,1774252799999999,80411.94355000,1354,9213.49000000,27003.23761000,0
1774252800000000,2.93400000,2.93800000,2.91100000,2.91600000,13162.86000000,1774256399999999,38543.72536000,492,5930.85000000,17369.16182000,0
1774256400000000,2.91500000,2.92600000,2.90000000,2.91900000,45856.20000000,1774259999999999,133715.49748000,985,19381.21000000,56542.82237000,0
1774260000000000,2.91900000,2.93700000,2.91600000,2.92600000,10421.74000000,1774263599999999,30509.91377000,590,7690.45000000,22517.32875000,0
1774263600000000,2.92700000,3.07900000,2.92500000,3.03000000,259265.68000000,1774267199999999,786848.07698000,9727,129257.11000000,391736.27348000,0
1774267200000000,3.03000000,3.05600000,3.01300000,3.04800000,41837.13000000,1774270799999999,127128.94994000,1684,21142.29000000,64224.28050000,0
1774270800000000,3.04800000,3.07000000,3.02900000,3.06400000,21555.12000000,1774274399999999,65719.09061000,1402,10918.37000000,33300.20260000,0
1774274400000000,3.06500000,3.09000000,3.04000000,3.05300000,118825.23000000,1774277999999999,362858.14710000,2155,82123.49000000,250560.19929000,0
1774278000000000,3.05200000,3.06600000,3.00000000,3.00300000,48587.72000000,1774281599999999,147204.64944000,1978,19732.08000000,59768.05350000,0
1774281600000000,3.00400000,3.01900000,2.98500000,3.01800000,41077.32000000,1774285199999999,123280.57494000,1252,23231.16000000,69810.15714000,0
1774285200000000,3.01900000,3.04600000,3.01000000,3.04500000,20143.86000000,1774288799999999,61111.73984000,910,15821.77000000,48025.99611000,0
1774288800000000,3.04500000,3.06800000,3.03700000,3.06700000,31604.39000000,1774292399999999,96321.45764000,1077,19870.81000000,60584.40287000,0
1774292400000000,3.06800000,3.08600000,3.04900000,3.05100000,56025.18000000,1774295999999999,171496.59868000,1448,35108.12000000,107434.48943000,0
1774296000000000,3.05100000,3.09700000,3.03900000,3.08100000,154552.06000000,1774299599999999,473890.06557000,1837,80919.57000000,247819.30154000,0
1774299600000000,3.08300000,3.11000000,3.07200000,3.10400000,66663.08000000,1774303199999999,205820.00593000,1511,30921.72000000,95670.88964000,0
1774303200000000,3.10400000,3.10500000,3.07600000,3.08100000,55895.80000000,1774306799999999,172350.18724000,1846,24918.71000000,76801.38002000,0
1774306800000000,3.08100000,3.09100000,3.05800000,3.09000000,21960.75000000,1774310399999999,67484.60036000,1514,8108.93000000,24945.56047000,0
1774310400000000,3.09000000,3.10400000,3.05800000,3.08100000,55043.01000000,1774313999999999,169672.99763000,1985,14693.88000000,45303.68246000,0
1774314000000000,3.08000000,3.08900000,3.05900000,3.07200000,22146.02000000,1774317599999999,68020.41262000,1449,7924.52000000,24344.87788000,0
1774317600000000,3.07400000,3.09400000,3.06600000,3.06700000,46891.56000000,1774321199999999,144405.55794000,1656,15921.87000000,49034.30225000,0
1774321200000000,3.06700000,3.08100000,3.06100000,3.07600000,33791.96000000,1774324799999999,103783.31176000,1323,14062.19000000,43184.05859000,0
1774324800000000,3.07700000,3.08200000,3.05600000,3.06600000,16211.77000000,1774328399999999,49689.54980000,1069,8704.08000000,26673.97492000,0
1774328400000000,3.06500000,3.06700000,3.05500000,3.05700000,6705.85000000,1774331999999999,20522.45149000,490,4158.58000000,12727.65359000,0
1774332000000000,3.05700000,3.06300000,3.04400000,3.05900000,63071.19000000,1774335599999999,192687.56490000,3112,24036.04000000,73456.46683000,0
1774335600000000,3.05900000,3.08500000,3.05600000,3.08000000,43519.70000000,1774339199999999,133412.42602000,1833,32595.81000000,99917.84299000,0
1774339200000000,3.08100000,3.08200000,3.06200000,3.06300000,17521.32000000,1774342799999999,53789.84842000,996,5941.11000000,18235.20740000,0
1774342800000000,3.06200000,3.07300000,3.04300000,3.06400000,103818.91000000,1774346399999999,318020.73951000,1490,31693.25000000,97074.01715000,0
1774346400000000,3.06300000,3.07700000,3.04800000,3.06000000,240649.48000000,1774349999999999,736711.76416000,3546,147178.61000000,450226.19261000,0
1774350000000000,3.06000000,3.06700000,3.04900000,3.06100000,13512.74000000,1774353599999999,41314.05312000,537,8126.54000000,24852.81524000,0
1774353600000000,3.06000000,3.06000000,3.03600000,3.05200000,21259.04000000,1774357199999999,64771.78764000,730,10227.28000000,31183.71729000,0
1774357200000000,3.05100000,3.07300000,3.04600000,3.05200000,38730.16000000,1774360799999999,118389.64952000,1567,19817.28000000,60591.20514000,0
1774360800000000,3.05100000,3.06200000,3.02700000,3.05600000,41862.32000000,1774364399999999,127410.13756000,1700,17144.11000000,52264.54291000,0
1774364400000000,3.05800000,3.06500000,3.04200000,3.04200000,14085.38000000,1774367999999999,43046.44046000,839,8036.52000000,24570.44884000,0
1774368000000000,3.04200000,3.04900000,3.01700000,3.02300000,28742.33000000,1774371599999999,87167.29180000,858,13343.93000000,40479.57257000,0
1774371600000000,3.02200000,3.02400000,2.99100000,3.00200000,45728.96000000,1774375199999999,137402.69659000,1470,19479.28000000,58528.74906000,0
1774375200000000,3.00300000,3.01400000,2.99100000,3.00500000,41693.75000000,1774378799999999,125113.76058000,801,28936.03000000,86827.55243000,0
1774378800000000,3.00500000,3.02700000,3.00400000,3.01700000,19817.15000000,1774382399999999,59825.60702000,565,11438.97000000,34530.00326000,0
1774382400000000,3.01700000,3.06500000,3.01200000,3.05200000,69376.69000000,1774385999999999,210849.10149000,1429,19797.71000000,60244.40152000,0
1774386000000000,3.05300000,3.05700000,3.03300000,3.05600000,15521.56000000,1774389599999999,47244.12621000,541,7777.74000000,23670.87544000,0
1774389600000000,3.05600000,3.06100000,3.04000000,3.04900000,20401.69000000,1774393199999999,62240.33982000,671,8154.01000000,24891.49976000,0
1774393200000000,3.04800000,3.06800000,3.04800000,3.06300000,26561.47000000,1774396799999999,81300.09696000,831,13373.31000000,40948.31832000,0
1774396800000000,3.06200000,3.07800000,3.05400000,3.06500000,24122.79000000,1774400399999999,73998.43081000,1005,14736.48000000,45233.00092000,0
1774400400000000,3.06600000,3.09200000,3.06000000,3.07000000,43289.41000000,1774403999999999,132963.22503000,1539,19732.79000000,60652.45718000,0
1774404000000000,3.07000000,3.07300000,3.06100000,3.06100000,32162.29000000,1774407599999999,98549.40745000,618,22817.10000000,69902.48054000,0
1774407600000000,3.06300000,3.07300000,3.05600000,3.06900000,23448.43000000,1774411199999999,71872.88766000,746,8747.41000000,26823.63753000,0
1774411200000000,3.06900000,3.07300000,3.05100000,3.07100000,20173.32000000,1774414799999999,61708.70340000,528,10295.36000000,31482.36519000,0
1774414800000000,3.07000000,3.08100000,3.06000000,3.06700000,15837.04000000,1774418399999999,48611.74525000,864,8020.41000000,24625.50458000,0
1774418400000000,3.06700000,3.07500000,3.05800000,3.06500000,22817.54000000,1774421999999999,69972.27853000,819,10246.90000000,31434.01101000,0
1774422000000000,3.06400000,3.07800000,3.05800000,3.06100000,63592.39000000,1774425599999999,195039.48198000,2018,22336.37000000,68527.18976000,0
1774425600000000,3.06100000,3.08300000,3.06000000,3.07000000,29573.92000000,1774429199999999,90845.00567000,1049,16439.99000000,50517.89864000,0
1774429200000000,3.07000000,3.07900000,3.06700000,3.07800000,15958.47000000,1774432799999999,49008.94563000,595,6659.51000000,20457.81388000,0
1774432800000000,3.07800000,3.10700000,3.07600000,3.10100000,59746.43000000,1774436399999999,184641.94857000,1943,32542.29000000,100673.65426000,0
1774436400000000,3.10000000,3.12500000,3.08900000,3.11300000,34152.95000000,1774439999999999,106089.24124000,1346,17771.43000000,55304.68073000,0
1774440000000000,3.11300000,3.12900000,3.10000000,3.12400000,38922.48000000,1774443599999999,121141.22538000,1136,16203.76000000,50439.54777000,0
1774443600000000,3.12500000,3.12800000,3.08400000,3.08600000,29930.43000000,1774447199999999,92953.49697000,1288,12403.52000000,38550.73567000,0
1774447200000000,3.08700000,3.09900000,3.07800000,3.09000000,19763.82000000,1774450799999999,61000.47985000,1074,12207.47000000,37674.19780000,0
1774450800000000,3.09000000,3.09800000,3.06400000,3.07900000,25077.16000000,1774454399999999,77186.03562000,1282,14131.16000000,43505.66651000,0
1774454400000000,3.07800000,3.10800000,3.07800000,3.08700000,42326.75000000,1774457999999999,130830.41357000,1376,21104.68000000,65236.52324000,0
1774458000000000,3.08800000,3.09600000,3.08400000,3.08600000,17051.83000000,1774461599999999,52688.37827000,746,6617.62000000,20449.56163000,0
1774461600000000,3.08600000,3.09600000,3.07300000,3.07800000,15195.63000000,1774465199999999,46869.07527000,596,10410.54000000,32109.45901000,0
1774465200000000,3.07900000,3.08700000,3.07500000,3.08200000,9817.40000000,1774468799999999,30251.44487000,508,5660.22000000,17444.93704000,0
1774468800000000,3.08300000,3.08300000,3.05600000,3.07200000,26934.31000000,1774472399999999,82566.88265000,817,11300.31000000,34686.66235000,0
1774472400000000,3.07100000,3.07600000,3.06200000,3.07100000,8978.01000000,1774475999999999,27563.88223000,366,4767.95000000,14642.13041000,0
1774476000000000,3.07200000,3.09300000,3.06500000,3.08200000,24423.71000000,1774479599999999,75233.95128000,925,16410.94000000,50538.06725000,0
1774479600000000,3.08300000,3.08700000,3.07200000,3.08300000,7045.26000000,1774483199999999,21705.66192000,378,4479.76000000,13804.97814000,0
1774483200000000,3.08300000,3.08300000,3.06300000,3.06900000,8517.50000000,1774486799999999,26167.21238000,470,3096.03000000,9518.03749000,0
1774486800000000,3.07000000,3.07900000,3.06900000,3.07800000,9090.54000000,1774490399999999,27943.24070000,403,6938.39000000,21329.33481000,0
1774490400000000,3.07700000,3.07700000,3.03600000,3.05200000,39523.93000000,1774493999999999,120644.83806000,1398,13250.75000000,40438.17747000,0
1774494000000000,3.05100000,3.05100000,3.02700000,3.03200000,24221.62000000,1774497599999999,73532.46105000,509,8375.51000000,25415.72242000,0
1774497600000000,3.03200000,3.03700000,3.02700000,3.03400000,9402.00000000,1774501199999999,28511.57994000,450,3656.93000000,11089.35503000,0
1774501200000000,3.03400000,3.03700000,3.00000000,3.00300000,36550.49000000,1774504799999999,110304.45726000,1105,14059.80000000,42434.61930000,0
1774504800000000,3.00300000,3.00500000,2.98400000,2.99200000,24203.80000000,1774508399999999,72477.97963000,889,10653.60000000,31925.49368000,0
1774508400000000,2.99200000,3.00100000,2.99000000,2.99800000,17944.38000000,1774511999999999,53743.41412000,528,5305.41000000,15895.49761000,0
1774512000000000,2.99900000,3.00400000,2.98800000,2.99500000,9993.91000000,1774515599999999,29926.96308000,454,3902.99000000,11694.46656000,0
1774515600000000,2.99400000,3.00300000,2.96100000,2.96800000,39319.90000000,1774519199999999,116995.28005000,1272,13982.27000000,41627.91323000,0
1774519200000000,2.96800000,2.96800000,2.94700000,2.95500000,50278.34000000,1774522799999999,148686.24412000,989,30399.80000000,89943.13544000,0
1774522800000000,2.95500000,2.96100000,2.95000000,2.95500000,14463.53000000,1774526399999999,42751.43873000,661,7723.13000000,22829.76131000,0
1774526400000000,2.95400000,2.97000000,2.95100000,2.96500000,19766.58000000,1774529999999999,58500.17022000,562,8211.10000000,24312.38011000,0
1774530000000000,2.96400000,2.99600000,2.96300000,2.98600000,44490.17000000,1774533599999999,132250.38156000,816,15755.73000000,46871.03740000,0
1774533600000000,2.98700000,2.99700000,2.96300000,2.97100000,42525.97000000,1774537199999999,126645.40176000,1103,27808.21000000,82827.57019000,0
1774537200000000,2.97100000,2.97100000,2.93800000,2.94800000,21852.16000000,1774540799999999,64480.61083000,829,9398.38000000,27727.90134000,0
1774540800000000,2.94800000,2.96100000,2.94700000,2.95400000,10457.29000000,1774544399999999,30904.24027000,575,7912.47000000,23383.04626000,0
1774544400000000,2.95300000,2.96500000,2.94300000,2.94600000,10432.62000000,1774547999999999,30814.50741000,474,4803.49000000,14197.49456000,0
1774548000000000,2.94700000,2.95200000,2.92700000,2.93800000,30910.18000000,1774551599999999,90821.46881000,977,19261.49000000,56633.84345000,0
1774551600000000,2.93800000,2.93900000,2.92700000,2.92800000,13398.20000000,1774555199999999,39293.38125000,537,4783.43000000,14031.29779000,0
1774555200000000,2.92800000,2.97600000,2.92000000,2.94900000,38758.37000000,1774558799999999,114483.95504000,1925,22629.51000000,66806.70715000,0
1774558800000000,2.94800000,2.97300000,2.94400000,2.96500000,21133.33000000,1774562399999999,62591.90485000,501,14287.85000000,42330.31702000,0
1774562400000000,2.96500000,2.96800000,2.94800000,2.95600000,9344.72000000,1774565999999999,27643.25804000,447,4807.54000000,14218.14141000,0
1774566000000000,2.95700000,2.96000000,2.94700000,2.95400000,15608.40000000,1774569599999999,46070.23383000,441,9657.46000000,28504.02927000,0
1774569600000000,2.95300000,2.96300000,2.95100000,2.95900000,6932.37000000,1774573199999999,20488.92825000,400,3544.20000000,10480.09073000,0
1774573200000000,2.95900000,2.97800000,2.95800000,2.97500000,16300.22000000,1774576799999999,48407.28170000,328,8759.30000000,26006.36400000,0
1774576800000000,2.97700000,2.98000000,2.96600000,2.97400000,30244.39000000,1774580399999999,90011.88730000,754,18965.06000000,56453.29248000,0
1774580400000000,2.97500000,2.97800000,2.96300000,2.97100000,23234.28000000,1774583999999999,69097.43759000,771,15838.99000000,47111.03664000,0
1774584000000000,2.97000000,2.97200000,2.95300000,2.96700000,11278.20000000,1774587599999999,33405.60220000,482,5425.17000000,16074.44037000,0
1774587600000000,2.96600000,2.97600000,2.96100000,2.96600000,20467.58000000,1774591199999999,60737.58372000,290,12228.88000000,36300.57050000,0
1774591200000000,2.96700000,2.97300000,2.96500000,2.97000000,3984.57000000,1774594799999999,11833.76072000,204,1361.52000000,4043.57300000,0
1774594800000000,2.97100000,2.98800000,2.97000000,2.98800000,7453.22000000,1774598399999999,22212.56573000,411,3210.57000000,9571.46899000,0
1774598400000000,2.98700000,2.99100000,2.93900000,2.95300000,28860.91000000,1774601999999999,85489.80960000,828,13101.02000000,38781.91843000,0
1774602000000000,2.95200000,2.95200000,2.91800000,2.92500000,24545.88000000,1774605599999999,71962.44489000,763,10163.11000000,29802.85672000,0
1774605600000000,2.92500000,2.93200000,2.87200000,2.87600000,151504.18000000,1774609199999999,438037.49234000,5028,58910.72000000,170390.84181000,0
1774609200000000,2.87600000,2.90000000,2.86500000,2.89400000,45596.76000000,1774612799999999,131813.23850000,2190,30817.01000000,89119.25365000,0
1774612800000000,2.89400000,2.89500000,2.86800000,2.87900000,161931.20000000,1774616399999999,465942.28204000,2312,74953.79000000,215586.12712000,0
1774616400000000,2.87900000,2.89200000,2.86800000,2.88300000,68732.26000000,1774619999999999,198179.24653000,1139,32747.93000000,94455.23917000,0
1774620000000000,2.88200000,2.90300000,2.87900000,2.90100000,108600.19000000,1774623599999999,314040.13222000,2038,42834.52000000,123843.96956000,0
1774623600000000,2.90100000,2.91600000,2.88600000,2.89300000,49531.53000000,1774627199999999,143464.69981000,1427,25826.57000000,74756.95656000,0
1774627200000000,2.89300000,2.89600000,2.88100000,2.88500000,40156.05000000,1774630799999999,115995.48775000,1232,22374.29000000,64624.20040000,0
1774630800000000,2.88500000,2.89800000,2.87100000,2.87800000,51075.56000000,1774634399999999,147231.72596000,1285,36020.24000000,103849.22689000,0
1774634400000000,2.87700000,2.88300000,2.87000000,2.88000000,25385.85000000,1774637999999999,73019.53267000,591,20699.95000000,59539.36659000,0
1774638000000000,2.88000000,2.89000000,2.87100000,2.88300000,45304.38000000,1774641599999999,130481.42095000,1406,32658.09000000,94063.68603000,0
1774641600000000,2.88200000,2.88500000,2.86900000,2.88000000,28837.92000000,1774645199999999,82961.87118000,1045,16210.75000000,46649.44890000,0
1774645200000000,2.88200000,2.88700000,2.87500000,2.87600000,21182.93000000,1774648799999999,61031.36323000,758,14676.55000000,42290.76348000,0
1774648800000000,2.87600000,2.87700000,2.86900000,2.87400000,28444.11000000,1774652399999999,81716.28163000,602,21194.68000000,60892.56167000,0
1774652400000000,2.87300000,2.88200000,2.87000000,2.88100000,20184.20000000,1774655999999999,58037.29852000,484,15535.08000000,44671.62368000,0
1774656000000000,2.88100000,2.88800000,2.87300000,2.88000000,22572.93000000,1774659599999999,65024.64666000,540,16299.06000000,46944.96377000,0
1774659600000000,2.87900000,2.88000000,2.84600000,2.85400000,82979.38000000,1774663199999999,237638.17076000,1804,51961.89000000,148837.23390000,0
1774663200000000,2.85500000,2.86400000,2.84300000,2.84800000,23390.95000000,1774666799999999,66688.81466000,556,12551.68000000,35790.66404000,0
1774666800000000,2.85000000,2.85200000,2.84200000,2.84400000,20994.10000000,1774670399999999,59754.28796000,476,16743.50000000,47655.74191000,0
1774670400000000,2.84500000,2.85000000,2.83900000,2.84800000,38279.59000000,1774673999999999,108891.84362000,617,22289.19000000,63421.22417000,0
1774674000000000,2.84800000,2.85400000,2.83900000,2.85200000,37043.28000000,1774677599999999,105475.94441000,845,19166.38000000,54565.45254000,0
1774677600000000,2.85100000,2.86900000,2.85100000,2.86700000,14838.16000000,1774681199999999,42421.92808000,559,9214.14000000,26344.01629000,0
1774681200000000,2.86600000,2.88800000,2.86600000,2.88800000,13911.17000000,1774684799999999,40110.93488000,401,9979.80000000,28776.51912000,0
1774684800000000,2.88800000,2.89800000,2.88000000,2.88000000,25946.83000000,1774688399999999,75001.31790000,630,19105.10000000,55226.10624000,0
1774688400000000,2.88000000,2.88100000,2.86400000,2.86700000,29870.97000000,1774691999999999,85782.11208000,566,10260.15000000,29483.65078000,0
1774692000000000,2.86800000,2.88000000,2.85800000,2.86500000,25897.00000000,1774695599999999,74231.18686000,690,10489.76000000,30076.44491000,0
1774695600000000,2.86600000,2.86800000,2.85800000,2.86500000,9592.47000000,1774699199999999,27475.06790000,313,5404.09000000,15478.35567000,0
1774699200000000,2.86600000,2.87100000,2.85300000,2.85600000,23813.68000000,1774702799999999,68150.69550000,727,13194.19000000,37770.20686000,0
1774702800000000,2.85500000,2.90500000,2.85500000,2.89200000,43111.28000000,1774706399999999,124531.76202000,1595,27752.35000000,80146.20717000,0
1774706400000000,2.89200000,2.90700000,2.88300000,2.90100000,23368.15000000,1774709999999999,67652.86370000,729,14380.02000000,41638.02707000,0
1774710000000000,2.90100000,2.93100000,2.90000000,2.90500000,21624.24000000,1774713599999999,63108.18923000,959,10944.81000000,31946.19789000,0
1774713600000000,2.90600000,2.91300000,2.90200000,2.90900000,7894.39000000,1774717199999999,22949.42701000,400,3852.80000000,11201.02827000,0
1774717200000000,2.90900000,2.91300000,2.89100000,2.89500000,14664.83000000,1774720799999999,42499.48142000,509,6604.38000000,19135.64286000,0
1774720800000000,2.89500000,2.89800000,2.89100000,2.89300000,15865.91000000,1774724399999999,45916.96956000,385,5994.60000000,17346.00893000,0
1774724400000000,2.89200000,2.89400000,2.88000000,2.88600000,34583.32000000,1774727999999999,99744.33355000,785,6921.58000000,19975.11435000,0
1774728000000000,2.88600000,2.89700000,2.88600000,2.89400000,6502.84000000,1774731599999999,18820.70716000,302,3057.68000000,8849.18693000,0
1774731600000000,2.89400000,2.89500000,2.86700000,2.87300000,12667.64000000,1774735199999999,36489.56614000,489,5004.93000000,14419.40866000,0
1774735200000000,2.87100000,2.87900000,2.86600000,2.87500000,11614.28000000,1774738799999999,33370.57304000,440,7245.79000000,20822.55389000,0
1774738800000000,2.87400000,2.87400000,2.80200000,2.82200000,71043.53000000,1774742399999999,200572.08588000,2004,31617.21000000,89175.08381000,0
1774742400000000,2.82100000,2.83600000,2.81800000,2.83300000,11650.97000000,1774745999999999,32940.50608000,570,6295.36000000,17802.46318000,0
1774746000000000,2.83300000,2.84300000,2.82700000,2.83500000,34513.03000000,1774749599999999,97879.43393000,855,15827.27000000,44882.57843000,0
1774749600000000,2.83500000,2.83800000,2.81900000,2.83200000,29605.55000000,1774753199999999,83645.72524000,677,12928.14000000,36545.65021000,0
1774753200000000,2.83200000,2.85100000,2.83200000,2.84600000,30229.44000000,1774756799999999,86070.88594000,546,24171.88000000,68826.98679000,0
1774756800000000,2.84600000,2.84700000,2.83500000,2.83500000,2518.63000000,1774760399999999,7160.58411000,220,1387.43000000,3944.59042000,0
1774760400000000,2.83500000,2.83600000,2.82800000,2.83300000,8546.01000000,1774763999999999,24209.11711000,324,3842.55000000,10887.82002000,0
1774764000000000,2.83400000,2.83700000,2.82800000,2.83400000,6206.66000000,1774767599999999,17579.64817000,327,2584.84000000,7322.23755000,0
1774767600000000,2.83300000,2.83300000,2.82300000,2.82300000,6366.58000000,1774771199999999,17995.95424000,359,2241.45000000,6336.78996000,0
1774771200000000,2.82400000,2.83300000,2.82100000,2.82900000,7689.77000000,1774774799999999,21738.48155000,282,5064.28000000,14319.06338000,0
1774774800000000,2.83000000,2.83200000,2.81900000,2.82300000,17791.65000000,1774778399999999,50263.14411000,447,8861.65000000,25029.70302000,0
1774778400000000,2.82200000,2.82200000,2.80400000,2.81000000,13281.33000000,1774781999999999,37339.13666000,473,6749.00000000,18982.04546000,0
1774782000000000,2.81100000,2.82700000,2.81100000,2.81600000,17413.64000000,1774785599999999,49057.97464000,453,7723.60000000,21771.92618000,0
1774785600000000,2.81500000,2.81500000,2.79500000,2.80400000,19179.28000000,1774789199999999,53815.21108000,550,9074.94000000,25478.03770000,0
1774789200000000,2.80400000,2.80400000,2.78600000,2.79700000,24520.95000000,1774792799999999,68651.01908000,672,4960.26000000,13874.23520000,0
1774792800000000,2.79700000,2.81300000,2.79300000,2.80200000,28399.87000000,1774796399999999,79641.42225000,665,20347.38000000,57081.84100000,0
1774796400000000,2.80300000,2.80900000,2.79200000,2.79900000,16071.33000000,1774799999999999,44990.88205000,767,5540.31000000,15520.96994000,0
1774800000000000,2.80000000,2.81000000,2.79400000,2.80000000,13784.93000000,1774803599999999,38611.48034000,552,7374.55000000,20658.21883000,0
1774803600000000,2.80000000,2.80300000,2.78400000,2.79700000,17746.90000000,1774807199999999,49555.61108000,595,7902.89000000,22073.11612000,0
1774807200000000,2.79700000,2.80800000,2.79100000,2.80500000,14532.59000000,1774810799999999,40698.43507000,422,9543.81000000,26735.29466000,0
1774810800000000,2.80500000,2.80500000,2.79500000,2.79600000,8744.80000000,1774814399999999,24484.31467000,324,3684.98000000,10318.59068000,0
1774814400000000,2.79600000,2.81700000,2.79600000,2.81600000,15046.19000000,1774817999999999,42227.18128000,453,9436.56000000,26478.45171000,0
1774818000000000,2.81700000,2.82800000,2.80900000,2.82800000,22085.77000000,1774821599999999,62231.01460000,546,10177.60000000,28705.28199000,0
1774821600000000,2.82600000,2.82600000,2.72400000,2.78500000,96552.59000000,1774825199999999,266997.16925000,3289,32761.12000000,90509.90351000,0
1774825200000000,2.78400000,2.80700000,2.78300000,2.80300000,60463.33000000,1774828799999999,169195.17974000,1656,40616.92000000,113707.20812000,0
1774828800000000,2.80400000,2.84200000,2.80100000,2.82800000,36502.50000000,1774832399999999,103085.22988000,1414,20668.43000000,58388.86699000,0
1774832400000000,2.82800000,2.85800000,2.82800000,2.85600000,25253.48000000,1774835999999999,71847.97862000,730,11295.08000000,32160.83297000,0
1774836000000000,2.85700000,2.88700000,2.85100000,2.87000000,18347.11000000,1774839599999999,52655.09547000,914,9164.52000000,26308.69655000,0
1774839600000000,2.87000000,2.88000000,2.86400000,2.87700000,10653.27000000,1774843199999999,30590.64234000,381,6077.32000000,17449.49367000,0
1774843200000000,2.87700000,2.90700000,2.87700000,2.89800000,66646.15000000,1774846799999999,193119.92240000,850,34786.16000000,100855.30758000,0
1774846800000000,2.89800000,2.91500000,2.89600000,2.90100000,26318.43000000,1774850399999999,76487.35780000,597,10769.51000000,31297.07429000,0
1774850400000000,2.90000000,2.91000000,2.88900000,2.90000000,53977.14000000,1774853999999999,156145.75099000,623,33685.38000000,97380.87445000,0
1774854000000000,2.89900000,2.94000000,2.89900000,2.93800000,60615.38000000,1774857599999999,176720.02187000,1480,27267.63000000,79582.19291000,0
1774857600000000,2.93800000,2.94900000,2.92400000,2.93700000,43562.50000000,1774861199999999,128001.35180000,1156,22487.98000000,66116.92314000,0
1774861200000000,2.93800000,2.94000000,2.91000000,2.91000000,23583.93000000,1774864799999999,68875.81673000,702,3332.87000000,9735.46689000,0
1774864800000000,2.91000000,2.91500000,2.90300000,2.91400000,8539.99000000,1774868399999999,24835.97456000,393,3100.42000000,9017.04881000,0
1774868400000000,2.91400000,2.95700000,2.91400000,2.92600000,57358.06000000,1774871999999999,168019.97194000,1884,30708.09000000,89939.14022000,0
1774872000000000,2.92700000,2.94000000,2.92700000,2.92800000,10570.85000000,1774875599999999,31026.21443000,629,3342.83000000,9811.03712000,0
1774875600000000,2.92800000,2.94000000,2.91700000,2.92300000,21720.00000000,1774879199999999,63567.00858000,1027,11321.30000000,33133.62761000,0
1774879200000000,2.92400000,2.93000000,2.90100000,2.91900000,31340.98000000,1774882799999999,91429.91868000,1062,12942.30000000,37771.90476000,0
1774882800000000,2.92000000,2.92100000,2.90000000,2.91000000,80034.08000000,1774886399999999,232689.77819000,1432,52930.78000000,153856.77338000,0
1774886400000000,2.91000000,2.91200000,2.90000000,2.90900000,21775.03000000,1774889999999999,63308.96039000,716,9590.10000000,27871.90445000,0
1774890000000000,2.91000000,2.91400000,2.87600000,2.88500000,45050.09000000,1774893599999999,130158.38390000,1197,16564.52000000,47852.96058000,0
1774893600000000,2.88600000,2.89600000,2.85800000,2.86600000,57042.49000000,1774897199999999,164131.27148000,1596,28629.27000000,82470.86941000,0
1774897200000000,2.86600000,2.87000000,2.84000000,2.86900000,44994.18000000,1774900799999999,128654.18856000,1350,16869.93000000,48221.39315000,0
1774900800000000,2.87000000,2.87800000,2.85900000,2.86500000,10162.75000000,1774904399999999,29147.86338000,431,3321.74000000,9523.51846000,0
1774904400000000,2.86400000,2.89600000,2.86300000,2.88100000,29597.23000000,1774907999999999,85157.25461000,754,8265.68000000,23801.53036000,0
1774908000000000,2.88000000,2.88700000,2.86900000,2.87200000,13052.36000000,1774911599999999,37540.21812000,554,7125.44000000,20493.92919000,0
1774911600000000,2.87100000,2.87100000,2.84600000,2.85600000,29008.08000000,1774915199999999,82766.02472000,1070,17981.35000000,51299.18303000,0
1774915200000000,2.85700000,2.87800000,2.85100000,2.87000000,52760.86000000,1774918799999999,151097.47701000,1346,30121.13000000,86254.01358000,0
1774918800000000,2.87100000,2.91900000,2.86900000,2.90100000,29128.83000000,1774922399999999,84250.27081000,1122,13782.26000000,39906.13429000,0
1774922400000000,2.90100000,2.91000000,2.89700000,2.90100000,9132.12000000,1774925999999999,26510.84851000,326,4943.40000000,14346.75468000,0
1774926000000000,2.90000000,2.90000000,2.88500000,2.89200000,11698.61000000,1774929599999999,33816.22876000,439,7339.70000000,21215.47988000,0
1774929600000000,2.89200000,2.89700000,2.88200000,2.88400000,11959.84000000,1774933199999999,34526.39440000,285,6596.82000000,19037.89726000,0
1774933200000000,2.88400000,2.89600000,2.88200000,2.89400000,13350.20000000,1774936799999999,38553.45785000,429,7892.59000000,22790.08541000,0
1774936800000000,2.89400000,2.90100000,2.88200000,2.89600000,23492.87000000,1774940399999999,68004.38926000,554,15670.53000000,45393.63104000,0
1774940400000000,2.89600000,2.89800000,2.88000000,2.89400000,12488.15000000,1774943999999999,36060.24637000,522,4479.08000000,12928.67427000,0
1774944000000000,2.89400000,2.89600000,2.86700000,2.86800000,40002.21000000,1774947599999999,115379.30615000,872,11022.31000000,31762.37447000,0
1774947600000000,2.86800000,2.87300000,2.82700000,2.84100000,95434.73000000,1774951199999999,272027.21553000,1703,56918.95000000,162217.65109000,0
1774951200000000,2.84000000,2.85200000,2.83800000,2.84100000,8674.85000000,1774954799999999,24668.95517000,474,3378.66000000,9606.49294000,0
1774954800000000,2.84100000,2.86200000,2.83700000,2.85500000,18614.63000000,1774958399999999,53038.77233000,855,6515.40000000,18579.54713000,0
1774958400000000,2.85700000,2.86600000,2.85200000,2.85700000,12519.07000000,1774961999999999,35764.54937000,572,4636.85000000,13252.74447000,0
1774962000000000,2.85800000,2.89000000,2.85700000,2.88100000,11984.46000000,1774965599999999,34449.10025000,716,7909.31000000,22745.44166000,0
1774965600000000,2.88100000,2.90100000,2.84700000,2.85600000,24246.76000000,1774969199999999,69795.30995000,1119,9454.80000000,27220.47275000,0
1774969200000000,2.85700000,2.88500000,2.85100000,2.85200000,36646.55000000,1774972799999999,105196.77002000,992,22337.65000000,64168.49910000,0
1774972800000000,2.85200000,2.89500000,2.85200000,2.89200000,20681.19000000,1774976399999999,59466.64421000,1070,12222.66000000,35115.29098000,0
1774976400000000,2.89300000,2.91500000,2.87300000,2.88200000,58487.31000000,1774979999999999,169364.09186000,1418,17318.36000000,50115.71766000,0
1774980000000000,2.88200000,2.90000000,2.88100000,2.88800000,63619.37000000,1774983599999999,183822.35676000,1596,46301.90000000,133824.20102000,0
1774983600000000,2.88900000,2.90000000,2.88500000,2.89400000,15885.98000000,1774987199999999,45950.02125000,497,5230.26000000,15142.85116000,0
1774987200000000,2.89400000,2.90200000,2.88300000,2.89300000,22671.31000000,1774990799999999,65532.77957000,567,9776.75000000,28274.26465000,0
1774990800000000,2.89300000,2.89600000,2.87800000,2.88500000,31675.98000000,1774994399999999,91497.89886000,444,26156.98000000,75576.91102000,0
1774994400000000,2.88400000,2.88800000,2.86400000,2.86800000,19843.35000000,1774997999999999,56961.31463000,572,3457.08000000,9938.45563000,0
1774998000000000,2.86700000,2.88300000,2.86500000,2.88200000,14899.75000000,1775001599999999,42819.26663000,459,10694.93000000,30742.98200000,0
