1748736000000000,12.11000000,12.12000000,11.95000000,12.08000000,17714.71000000,1748739599999999,213104.31170000,2094,7861.25000000,94610.90300000,0
1748739600000000,12.07000000,12.15000000,11.90000000,11.96000000,14998.04000000,1748743199999999,179666.61370000,1859,8674.06000000,103903.03530000,0
1748743200000000,11.96000000,12.00000000,11.80000000,11.95000000,26894.94000000,1748746799999999,320328.15130000,2111,8997.14000000,107207.76800000,0
1748746800000000,11.95000000,11.96000000,11.82000000,11.88000000,12421.97000000,1748750399999999,147800.62890000,1735,7478.45000000,89008.43190000,0
1748750400000000,11.88000000,12.10000000,11.84000000,12.03000000,23493.08000000,1748753999999999,281235.99980000,1902,13745.31000000,164698.86210000,0
1748754000000000,12.03000000,12.11000000,11.92000000,11.95000000,17116.29000000,1748757599999999,205587.09640000,1612,9201.75000000,110473.33120000,0
1748757600000000,11.96000000,12.01000000,11.89000000,11.92000000,17536.95000000,1748761199999999,209465.26480000,1676,9782.77000000,116895.00450000,0
1748761200000000,11.91000000,11.94000000,11.82000000,11.90000000,27198.50000000,1748764799999999,323265.40950000,1560,9621.26000000,114210.57120000,0
1748764800000000,11.89000000,11.93000000,11.75000000,11.80000000,35223.08000000,1748768399999999,415461.11760000,2563,14038.88000000,165667.27600000,0
1748768400000000,11.81000000,11.85000000,11.54000000,11.65000000,49370.19000000,1748771999999999,575772.53060000,3461,23403.22000000,272989.98990000,0
1748772000000000,11.65000000,11.80000000,11.61000000,11.79000000,25184.80000000,1748775599999999,295188.41550000,2323,11029.86000000,129348.43360000,0
1748775600000000,11.79000000,12.20000000,11.73000000,12.01000000,100983.69000000,1748779199999999,1210314.72330000,5105,47773.52000000,572861.58290000,0
1748779200000000,12.02000000,12.06000000,11.71000000,11.81000000,52844.32000000,1748782799999999,626203.41680000,4024,21093.19000000,250288.29510000,0
1748782800000000,11.81000000,11.94000000,11.78000000,11.83000000,25786.05000000,1748786399999999,305811.88760000,2189,11277.06000000,133865.11930000,0
1748786400000000,11.84000000,12.06000000,11.83000000,11.96000000,41469.03000000,1748789999999999,495825.28540000,3653,24664.35000000,294886.44640000,0
1748790000000000,11.96000000,12.06000000,11.89000000,12.02000000,27292.83000000,1748793599999999,327159.30550000,2194,13852.85000000,165910.38590000,0
1748793600000000,12.02000000,12.16000000,11.96000000,12.03000000,59640.13000000,1748797199999999,719985.76340000,4685,29908.48000000,361393.04340000,0
1748797200000000,12.03000000,12.06000000,11.94000000,11.98000000,30991.41000000,1748800799999999,371799.89000000,2331,15282.62000000,183390.99570000,0
1748800800000000,11.97000000,11.97000000,11.72000000,11.86000000,53876.42000000,1748804399999999,638932.42280000,3382,25514.66000000,302837.96650000,0
1748804400000000,11.87000000,11.96000000,11.87000000,11.95000000,11826.32000000,1748807999999999,140913.60380000,1427,6796.18000000,81001.46580000,0
1748808000000000,11.95000000,12.08000000,11.89000000,11.99000000,42396.68000000,1748811599999999,508512.54860000,1683,30907.62000000,370642.98390000,0
1748811600000000,11.98000000,12.16000000,11.97000000,12.15000000,27244.16000000,1748815199999999,328762.67880000,1444,13548.56000000,163593.75380000,0
1748815200000000,12.14000000,12.23000000,12.08000000,12.11000000,32986.65000000,1748818799999999,401391.53610000,2398,12436.33000000,151321.71600000,0
1748818800000000,12.12000000,12.26000000,12.10000000,12.14000000,37839.39000000,1748822399999999,461529.55090000,2507,15786.42000000,192524.63720000,0
1748822400000000,12.14000000,12.21000000,12.04000000,12.08000000,37730.04000000,1748825999999999,457868.75070000,3396,16813.56000000,204043.59870000,0
1748826000000000,12.08000000,12.29000000,12.08000000,12.12000000,93490.46000000,1748829599999999,1139442.39500000,3878,37957.63000000,462712.51330000,0
1748829600000000,12.12000000,12.13000000,11.97000000,12.00000000,17517.08000000,1748833199999999,210826.49330000,1820,8543.31000000,102753.44140000,0
1748833200000000,12.00000000,12.00000000,11.85000000,11.92000000,26027.04000000,1748836799999999,309706.66350000,1866,9470.75000000,112775.77820000,0
1748836800000000,11.92000000,12.03000000,11.88000000,11.90000000,12994.90000000,1748840399999999,155417.42440000,1138,6210.61000000,74341.95410000,0
1748840400000000,11.90000000,12.00000000,11.76000000,11.83000000,18272.39000000,1748843999999999,217065.86850000,1779,7297.49000000,86727.71130000,0
1748844000000000,11.83000000,12.02000000,11.78000000,11.91000000,23413.36000000,1748847599999999,279047.03840000,2010,12410.86000000,147695.44500000,0
1748847600000000,11.91000000,12.05000000,11.88000000,11.93000000,17146.58000000,1748851199999999,205313.18440000,1691,6792.67000000,81433.88150000,0
1748851200000000,11.93000000,12.05000000,11.78000000,11.81000000,18830.29000000,1748854799999999,224056.22340000,1971,6094.08000000,72563.03660000,0
1748854800000000,11.82000000,11.82000000,11.61000000,11.66000000,33641.05000000,1748858399999999,394034.25930000,3039,13483.49000000,157880.27880000,0
1748858400000000,11.66000000,11.73000000,11.61000000,11.69000000,31946.85000000,1748861999999999,372457.88950000,2226,14679.61000000,171259.31140000,0
1748862000000000,11.68000000,11.75000000,11.63000000,11.67000000,19146.31000000,1748865599999999,223599.56340000,1421,7496.99000000,87608.30160000,0
1748865600000000,11.68000000,11.79000000,11.55000000,11.79000000,28569.39000000,1748869199999999,332819.52680000,2545,13451.95000000,156856.16700000,0
1748869200000000,11.79000000,12.00000000,11.71000000,11.77000000,61950.33000000,1748872799999999,734835.04100000,5620,34294.84000000,406620.21550000,0
1748872800000000,11.77000000,11.99000000,11.71000000,11.81000000,39776.58000000,1748876399999999,470754.90900000,6171,17450.22000000,206641.05250000,0
1748876400000000,11.81000000,11.96000000,11.73000000,11.93000000,36864.36000000,1748879999999999,438210.61890000,3333,19912.71000000,236950.26090000,0
1748880000000000,11.93000000,11.93000000,11.75000000,11.86000000,19851.44000000,1748883599999999,234795.30070000,3335,9461.02000000,111932.14740000,0
1748883600000000,11.86000000,11.90000000,11.75000000,11.82000000,35913.35000000,1748887199999999,424591.77020000,4677,11574.54000000,136982.95920000,0
1748887200000000,11.82000000,11.95000000,11.77000000,11.80000000,34473.71000000,1748890799999999,408676.66910000,4261,10530.96000000,124862.08690000,0
1748890800000000,11.80000000,11.88000000,11.65000000,11.77000000,19356.69000000,1748894399999999,227774.03570000,2083,6952.17000000,81881.23050000,0
1748894400000000,11.77000000,12.02000000,11.77000000,12.00000000,30799.86000000,1748897999999999,367591.92240000,3908,14875.24000000,177233.03890000,0
1748898000000000,12.00000000,12.16000000,12.00000000,12.15000000,46300.54000000,1748901599999999,559147.52440000,5170,23139.31000000,279530.76270000,0
1748901600000000,12.15000000,12.57000000,12.15000000,12.46000000,94341.27000000,1748905199999999,1170275.65530000,8036,57170.15000000,708698.88760000,0
1748905200000000,12.46000000,12.46000000,12.32000000,12.42000000,32955.63000000,1748908799999999,408829.30470000,3288,19629.03000000,243685.18080000,0
1748908800000000,12.42000000,12.80000000,12.35000000,12.73000000,66213.20000000,1748912399999999,835639.43530000,6325,42693.01000000,538693.08270000,0
1748912400000000,12.74000000,12.86000000,12.63000000,12.85000000,41581.52000000,1748915999999999,530870.61850000,4316,25160.18000000,321306.98650000,0
1748916000000000,12.85000000,12.90000000,12.57000000,12.59000000,58622.26000000,1748919599999999,744279.41580000,4360,22328.59000000,284277.87730000,0
1748919600000000,12.59000000,12.62000000,12.44000000,12.45000000,28487.86000000,1748923199999999,356416.12630000,2579,11887.42000000,148782.94470000,0
1748923200000000,12.45000000,12.47000000,12.27000000,12.32000000,32953.28000000,1748926799999999,406659.58630000,2185,11218.11000000,138513.21240000,0
1748926800000000,12.33000000,12.47000000,12.33000000,12.43000000,23695.63000000,1748930399999999,293796.48700000,2087,11743.98000000,145708.08240000,0
1748930400000000,12.43000000,12.48000000,12.32000000,12.47000000,19995.53000000,1748933999999999,248254.80700000,1837,9874.24000000,122661.51350000,0
1748934000000000,12.47000000,12.47000000,12.31000000,12.32000000,43766.24000000,1748937599999999,541217.33040000,2458,28415.96000000,351461.20200000,0
1748937600000000,12.32000000,12.35000000,12.12000000,12.23000000,49751.42000000,1748941199999999,607314.66400000,2731,18686.20000000,228410.39610000,0
1748941200000000,12.23000000,12.37000000,12.21000000,12.34000000,19386.67000000,1748944799999999,238286.02010000,1865,10519.83000000,129323.42310000,0
1748944800000000,12.35000000,12.45000000,12.32000000,12.43000000,28841.62000000,1748948399999999,357397.67970000,2633,18747.45000000,232341.94010000,0
1748948400000000,12.43000000,12.61000000,12.43000000,12.58000000,49264.29000000,1748951999999999,618107.90180000,5448,30828.99000000,386865.81760000,0
1748952000000000,12.58000000,12.65000000,12.52000000,12.56000000,19810.00000000,1748955599999999,249280.73790000,2483,11531.75000000,145100.06360000,0
1748955600000000,12.57000000,12.80000000,12.56000000,12.69000000,62906.07000000,1748959199999999,799013.77700000,5937,32578.89000000,413905.86760000,0
1748959200000000,12.69000000,12.90000000,12.54000000,12.89000000,68918.77000000,1748962799999999,877817.22990000,6276,36661.55000000,467651.39980000,0
1748962800000000,12.89000000,13.11000000,12.85000000,12.96000000,88054.58000000,1748966399999999,1143446.70020000,7879,40924.80000000,531478.89220000,0
1748966400000000,12.96000000,13.01000000,12.79000000,12.83000000,82548.88000000,1748969999999999,1064357.61680000,6982,39243.77000000,506107.32530000,0
1748970000000000,12.83000000,13.00000000,12.82000000,12.93000000,21997.64000000,1748973599999999,284203.34110000,2651,14199.01000000,183521.68380000,0
1748973600000000,12.92000000,12.93000000,12.80000000,12.86000000,21554.92000000,1748977199999999,276833.40490000,2540,7570.88000000,97328.68610000,0
1748977200000000,12.87000000,12.95000000,12.82000000,12.92000000,13946.91000000,1748980799999999,179643.46530000,1810,8972.24000000,115576.74730000,0
1748980800000000,12.92000000,12.93000000,12.64000000,12.73000000,29164.06000000,1748984399999999,371874.60930000,3130,11222.90000000,143091.88920000,0
1748984400000000,12.73000000,12.75000000,12.53000000,12.59000000,49780.47000000,1748987999999999,629875.39230000,3470,14361.59000000,181781.36870000,0
1748988000000000,12.59000000,12.69000000,12.55000000,12.61000000,16451.99000000,1748991599999999,207542.70570000,2164,7934.54000000,100219.22770000,0
1748991600000000,12.61000000,12.61000000,12.45000000,12.50000000,25971.87000000,1748995199999999,325081.48380000,2022,6928.11000000,86680.64690000,0
1748995200000000,12.49000000,12.72000000,12.44000000,12.71000000,31669.92000000,1748998799999999,398518.61090000,2542,17393.31000000,219308.23180000,0
1748998800000000,12.72000000,12.95000000,12.72000000,12.81000000,28341.96000000,1749002399999999,364591.39660000,2922,14795.32000000,190329.10360000,0
1749002400000000,12.81000000,12.99000000,12.77000000,12.80000000,27686.51000000,1749005999999999,356033.18430000,3216,9469.73000000,122002.39690000,0
1749006000000000,12.80000000,13.14000000,12.80000000,13.04000000,30394.48000000,1749009599999999,396426.24150000,3467,16211.40000000,211450.94410000,0
1749009600000000,13.05000000,13.12000000,12.89000000,12.98000000,45997.84000000,1749013199999999,596964.42090000,4396,18746.33000000,243497.96390000,0
1749013200000000,12.98000000,13.07000000,12.85000000,12.91000000,44075.55000000,1749016799999999,571624.67160000,3828,18114.17000000,235024.66280000,0
1749016800000000,12.91000000,12.97000000,12.83000000,12.87000000,38534.19000000,1749020399999999,496846.19450000,3987,15484.43000000,199639.86710000,0
1749020400000000,12.87000000,12.97000000,12.77000000,12.80000000,42363.84000000,1749023999999999,545153.03140000,3479,15920.08000000,205007.83590000,0
1749024000000000,12.80000000,12.91000000,12.72000000,12.79000000,29020.64000000,1749027599999999,372227.05500000,3280,15660.63000000,201149.88940000,0
1749027600000000,12.79000000,12.88000000,12.68000000,12.86000000,27225.01000000,1749031199999999,347256.96160000,2946,14098.44000000,179951.36360000,0
1749031200000000,12.86000000,13.12000000,12.85000000,12.92000000,143922.93000000,1749034799999999,1870400.07700000,10760,78613.61000000,1022426.51880000,0
1749034800000000,12.91000000,12.93000000,12.69000000,12.70000000,53172.22000000,1749038399999999,681015.38200000,4310,20268.39000000,259013.77440000,0
1749038400000000,12.71000000,12.77000000,12.48000000,12.52000000,60978.88000000,1749041999999999,767379.71880000,4740,23945.03000000,301763.43030000,0
1749042000000000,12.51000000,12.70000000,12.46000000,12.53000000,44403.27000000,1749045599999999,558368.15220000,3385,24537.13000000,308873.06190000,0
1749045600000000,12.52000000,12.75000000,12.44000000,12.74000000,58987.70000000,1749049199999999,741367.21730000,4326,25272.60000000,318091.45570000,0
1749049200000000,12.74000000,12.98000000,12.66000000,12.92000000,71378.08000000,1749052799999999,917255.75510000,5540,34910.93000000,448418.69920000,0
1749052800000000,12.92000000,12.94000000,12.78000000,12.83000000,30457.69000000,1749056399999999,391147.00180000,3528,14103.78000000,181127.70870000,0
1749056400000000,12.84000000,12.85000000,12.57000000,12.62000000,32260.36000000,1749059999999999,408881.11040000,2541,11702.06000000,148380.02780000,0
1749060000000000,12.63000000,12.74000000,12.53000000,12.56000000,18748.38000000,1749063599999999,237031.45640000,2231,9162.34000000,115848.81060000,0
1749063600000000,12.56000000,12.61000000,12.46000000,12.47000000,17289.84000000,1749067199999999,216662.82350000,1829,6953.04000000,87174.40900000,0
1749067200000000,12.46000000,12.49000000,12.19000000,12.27000000,39104.60000000,1749070799999999,480837.83030000,3635,15993.27000000,196547.36880000,0
1749070800000000,12.26000000,12.42000000,12.11000000,12.35000000,33733.74000000,1749074399999999,413808.20580000,2995,19427.77000000,238567.13320000,0
1749074400000000,12.34000000,12.36000000,12.17000000,12.17000000,19161.03000000,1749077999999999,234752.87090000,2023,6574.30000000,80577.27160000,0
1749078000000000,12.17000000,12.18000000,12.00000000,12.02000000,37720.73000000,1749081599999999,455601.73220000,2464,15874.87000000,192010.00230000,0
1749081600000000,12.03000000,12.17000000,11.97000000,12.10000000,18731.78000000,1749085199999999,226166.22410000,3154,9006.45000000,108756.63580000,0
1749085200000000,12.10000000,12.21000000,11.97000000,12.03000000,27099.53000000,1749088799999999,326520.17060000,2567,11002.95000000,132676.86920000,0
1749088800000000,12.04000000,12.28000000,12.04000000,12.09000000,44842.26000000,1749092399999999,545842.82980000,3496,23161.38000000,282176.49510000,0
1749092400000000,12.09000000,12.22000000,12.07000000,12.15000000,16842.67000000,1749095999999999,204551.96950000,1891,8453.00000000,102647.70750000,0
1749096000000000,12.15000000,12.28000000,12.14000000,12.26000000,24198.01000000,1749099599999999,295657.71600000,2656,12838.41000000,156891.55250000,0
1749099600000000,12.26000000,12.26000000,12.02000000,12.08000000,17405.86000000,1749103199999999,210802.32780000,2250,9094.75000000,110134.92970000,0
1749103200000000,12.09000000,12.21000000,12.07000000,12.14000000,29263.84000000,1749106799999999,355073.12200000,2721,14311.47000000,173695.38010000,0
1749106800000000,12.14000000,12.27000000,12.12000000,12.21000000,33833.84000000,1749110399999999,412809.69910000,2348,14262.44000000,173938.51900000,0
1749110400000000,12.22000000,12.37000000,12.18000000,12.24000000,39350.32000000,1749113999999999,483498.67250000,3403,21672.88000000,266307.53510000,0
1749114000000000,12.24000000,12.41000000,12.14000000,12.20000000,92391.50000000,1749117599999999,1135122.22410000,6072,39188.59000000,481300.58490000,0
1749117600000000,12.20000000,12.23000000,12.02000000,12.06000000,23143.73000000,1749121199999999,279512.43400000,2625,7454.29000000,90043.99810000,0
1749121200000000,12.06000000,12.09000000,11.98000000,12.06000000,20771.40000000,1749124799999999,249953.42400000,2432,12020.77000000,144656.20080000,0
1749124800000000,12.05000000,12.40000000,11.99000000,12.30000000,60551.05000000,1749128399999999,741578.14850000,5222,32839.93000000,402709.68980000,0
1749128400000000,12.31000000,12.51000000,12.04000000,12.10000000,100560.58000000,1749131999999999,1239876.57410000,7522,36784.70000000,452880.65430000,0
1749132000000000,12.09000000,12.24000000,11.87000000,12.13000000,93758.51000000,1749135599999999,1129106.01940000,7035,42724.76000000,514671.30880000,0
1749135600000000,12.13000000,12.32000000,12.08000000,12.18000000,27744.96000000,1749139199999999,339115.71190000,3375,14191.00000000,173419.56890000,0
1749139200000000,12.18000000,12.22000000,11.87000000,11.96000000,43832.35000000,1749142799999999,525248.33960000,5278,19865.67000000,238088.43570000,0
1749142800000000,11.95000000,12.05000000,11.91000000,12.00000000,43169.01000000,1749146399999999,516931.85550000,3734,20978.29000000,251229.18300000,0
1749146400000000,12.00000000,12.16000000,11.86000000,12.01000000,101947.21000000,1749149999999999,1224877.52270000,5394,53195.43000000,640565.76060000,0
1749150000000000,12.01000000,12.06000000,11.68000000,11.76000000,149434.87000000,1749153599999999,1764958.30670000,9604,51576.71000000,608910.55710000,0
1749153600000000,11.76000000,11.78000000,11.16000000,11.20000000,273954.20000000,1749157199999999,3130057.71810000,14642,128588.80000000,1470077.62680000,0
1749157200000000,11.20000000,11.56000000,11.19000000,11.47000000,120349.96000000,1749160799999999,1370034.99980000,8498,63754.61000000,726324.79730000,0
1749160800000000,11.46000000,11.47000000,11.31000000,11.39000000,51098.03000000,1749164399999999,582409.22480000,4088,27059.36000000,308568.61970000,0
1749164400000000,11.39000000,11.39000000,11.25000000,11.29000000,54238.65000000,1749167999999999,613572.50000000,4122,28208.16000000,319259.73250000,0
1749168000000000,11.30000000,11.38000000,11.18000000,11.37000000,28408.02000000,1749171599999999,320554.98800000,3015,15418.42000000,174010.49230000,0
1749171600000000,11.36000000,11.44000000,11.31000000,11.41000000,23555.35000000,1749175199999999,267999.95920000,1962,13425.15000000,152711.04910000,0
1749175200000000,11.42000000,11.44000000,11.27000000,11.43000000,20244.17000000,1749178799999999,229926.82310000,2282,9295.86000000,105639.75480000,0
1749178800000000,11.43000000,11.56000000,11.35000000,11.51000000,20255.05000000,1749182399999999,232705.96010000,2011,13489.45000000,155171.30530000,0
1749182400000000,11.51000000,11.73000000,11.46000000,11.71000000,38815.76000000,1749185999999999,450101.67200000,2771,22774.73000000,264159.52830000,0
1749186000000000,11.71000000,11.81000000,11.61000000,11.66000000,42586.43000000,1749189599999999,498836.16030000,2305,16029.59000000,187815.13080000,0
1749189600000000,11.65000000,11.76000000,11.63000000,11.70000000,25102.96000000,1749193199999999,293488.60910000,2623,15405.69000000,180099.40010000,0
1749193200000000,11.70000000,11.77000000,11.66000000,11.72000000,29249.72000000,1749196799999999,342622.24880000,2393,14382.22000000,168607.32540000,0
1749196800000000,11.72000000,11.80000000,11.70000000,11.72000000,34309.66000000,1749200399999999,402933.06960000,2286,17669.34000000,207506.35810000,0
1749200400000000,11.73000000,11.86000000,11.73000000,11.76000000,24490.91000000,1749203999999999,288714.17520000,2437,14211.40000000,167537.26860000,0
1749204000000000,11.76000000,11.82000000,11.66000000,11.69000000,13547.72000000,1749207599999999,159090.73690000,1759,7219.29000000,84814.72450000,0
1749207600000000,11.69000000,11.88000000,11.66000000,11.81000000,26471.00000000,1749211199999999,312466.10980000,2129,11391.77000000,134541.74540000,0
1749211200000000,11.81000000,12.16000000,11.81000000,11.88000000,198074.77000000,1749214799999999,2370381.46080000,8992,99357.82000000,1188586.60700000,0
1749214800000000,11.89000000,12.15000000,11.89000000,12.00000000,58282.49000000,1749218399999999,701425.61650000,4268,30786.13000000,370612.14720000,0
1749218400000000,12.01000000,12.21000000,11.96000000,12.20000000,41228.69000000,1749221999999999,499491.24980000,3420,24598.89000000,298315.89160000,0
1749222000000000,12.19000000,12.29000000,12.06000000,12.13000000,46014.93000000,1749225599999999,560050.28840000,3482,22421.61000000,273037.26830000,0
1749225600000000,12.13000000,12.23000000,12.03000000,12.05000000,45202.63000000,1749229199999999,547451.03960000,3189,20385.24000000,247026.16370000,0
1749229200000000,12.06000000,12.09000000,11.93000000,12.07000000,31103.73000000,1749232799999999,373191.95930000,2913,17872.02000000,214546.71170000,0
1749232800000000,12.07000000,12.11000000,11.93000000,11.97000000,44882.26000000,1749236399999999,537844.96990000,3870,16158.08000000,193932.80940000,0
1749236400000000,11.96000000,12.06000000,11.93000000,11.98000000,25723.63000000,1749239999999999,308389.52170000,4167,10088.67000000,121000.84730000,0
1749240000000000,11.98000000,12.16000000,11.95000000,12.07000000,23550.95000000,1749243599999999,284309.41910000,2904,12001.66000000,144915.24500000,0
1749243600000000,12.08000000,12.08000000,11.93000000,11.97000000,25031.44000000,1749247199999999,300231.04610000,1995,7534.17000000,90373.20330000,0
1749247200000000,11.97000000,12.01000000,11.88000000,11.99000000,17425.41000000,1749250799999999,208194.83720000,1858,8438.52000000,100953.38310000,0
1749250800000000,11.99000000,11.99000000,11.89000000,11.89000000,9675.47000000,1749254399999999,115418.00680000,1020,4329.05000000,51635.70050000,0
1749254400000000,11.90000000,12.10000000,11.87000000,12.10000000,23900.69000000,1749257999999999,285685.94330000,2631,9821.49000000,117451.07740000,0
1749258000000000,12.10000000,12.15000000,11.94000000,11.98000000,13937.44000000,1749261599999999,168097.96840000,2454,5627.60000000,67968.93990000,0
1749261600000000,11.98000000,12.10000000,11.96000000,12.09000000,15951.60000000,1749265199999999,191903.50000000,1693,9936.12000000,119611.72750000,0
1749265200000000,12.08000000,12.24000000,12.06000000,12.22000000,25313.83000000,1749268799999999,308327.54720000,3370,14268.21000000,173795.01140000,0
1749268800000000,12.23000000,12.23000000,12.08000000,12.14000000,12032.01000000,1749272399999999,145990.12390000,1944,3754.41000000,45571.96090000,0
1749272400000000,12.14000000,12.34000000,12.13000000,12.32000000,20874.39000000,1749275999999999,255399.09770000,1809,13178.62000000,161261.45150000,0
1749276000000000,12.32000000,12.40000000,12.19000000,12.40000000,23255.47000000,1749279599999999,286357.05440000,2339,11103.43000000,136784.11360000,0
1749279600000000,12.41000000,12.49000000,12.33000000,12.43000000,23254.30000000,1749283199999999,288501.15650000,2094,9374.36000000,116331.26090000,0
1749283200000000,12.43000000,12.52000000,12.37000000,12.39000000,26480.30000000,1749286799999999,329930.11770000,2168,12895.83000000,160730.93000000,0
1749286800000000,12.40000000,12.51000000,12.39000000,12.46000000,18506.53000000,1749290399999999,230160.45980000,1736,8476.34000000,105438.48470000,0
1749290400000000,12.46000000,12.76000000,12.46000000,12.75000000,41847.76000000,1749293999999999,529118.16020000,3656,23452.10000000,296755.83310000,0
1749294000000000,12.75000000,12.86000000,12.71000000,12.76000000,71246.17000000,1749297599999999,911157.06940000,5850,33852.65000000,433132.17950000,0
1749297600000000,12.76000000,12.98000000,12.76000000,12.92000000,64569.80000000,1749301199999999,833306.55580000,5635,44378.51000000,572923.20420000,0
1749301200000000,12.93000000,13.06000000,12.89000000,12.95000000,47291.07000000,1749304799999999,614262.68240000,3504,28204.17000000,366515.74520000,0
1749304800000000,12.96000000,13.13000000,12.93000000,13.10000000,52254.83000000,1749308399999999,680819.65890000,4030,29291.19000000,381830.81960000,0
1749308400000000,13.10000000,13.13000000,12.92000000,13.00000000,61046.99000000,1749311999999999,792773.18130000,5319,26500.27000000,344221.70310000,0
1749312000000000,13.00000000,13.04000000,12.83000000,12.84000000,50011.46000000,1749315599999999,645985.86100000,6071,19385.03000000,250666.14050000,0
1749315600000000,12.84000000,12.92000000,12.77000000,12.82000000,29432.14000000,1749319199999999,377514.36040000,3207,10979.08000000,140971.86960000,0
1749319200000000,12.81000000,12.90000000,12.80000000,12.87000000,31768.32000000,1749322799999999,408078.97250000,3261,15415.25000000,198013.35030000,0
1749322800000000,12.86000000,12.92000000,12.82000000,12.86000000,16767.82000000,1749326399999999,215828.71980000,1554,8623.16000000,110994.76020000,0
1749326400000000,12.87000000,12.99000000,12.87000000,12.95000000,19649.80000000,1749329999999999,254367.55400000,1530,12882.87000000,166835.75670000,0
1749330000000000,12.95000000,13.18000000,12.93000000,13.13000000,32294.22000000,1749333599999999,421059.39410000,1859,22722.78000000,296185.57070000,0
1749333600000000,13.13000000,13.19000000,12.97000000,13.15000000,47622.88000000,1749337199999999,623543.83930000,3787,24754.36000000,324203.27140000,0
1749337200000000,13.16000000,13.18000000,13.00000000,13.08000000,32100.12000000,1749340799999999,419386.20990000,2173,15453.56000000,201833.72830000,0
1749340800000000,13.08000000,13.14000000,12.92000000,12.97000000,37960.37000000,1749344399999999,493311.43550000,2786,16386.24000000,213168.45050000,0
1749344400000000,12.97000000,13.06000000,12.92000000,13.01000000,27052.93000000,1749347999999999,350941.13070000,1960,17795.84000000,230885.69920000,0
1749348000000000,13.01000000,13.03000000,12.90000000,12.92000000,39531.03000000,1749351599999999,512949.83320000,2715,16209.06000000,210372.51590000,0
1749351600000000,12.92000000,12.94000000,12.86000000,12.87000000,10843.93000000,1749355199999999,139774.32200000,1347,5026.03000000,64790.61820000,0
1749355200000000,12.87000000,12.95000000,12.84000000,12.94000000,13627.22000000,1749358799999999,175907.96830000,1565,8976.36000000,115887.49740000,0
1749358800000000,12.94000000,12.95000000,12.81000000,12.83000000,26733.73000000,1749362399999999,344243.07510000,1928,14895.08000000,191840.93160000,0
1749362400000000,12.82000000,12.92000000,12.79000000,12.82000000,14423.72000000,1749365999999999,185078.64230000,1555,5471.13000000,70316.91370000,0
1749366000000000,12.81000000,12.86000000,12.77000000,12.81000000,10017.81000000,1749369599999999,128274.84570000,1164,4186.91000000,53654.32900000,0
1749369600000000,12.81000000,13.06000000,12.81000000,13.00000000,43451.55000000,1749373199999999,563255.58070000,5258,30875.84000000,400227.75370000,0
1749373200000000,13.00000000,13.02000000,12.89000000,12.99000000,29652.79000000,1749376799999999,383958.66260000,3506,11002.14000000,142521.93750000,0
1749376800000000,12.99000000,13.15000000,12.93000000,13.10000000,23846.32000000,1749380399999999,311823.17050000,2677,13946.87000000,182366.86220000,0
1749380400000000,13.09000000,13.48000000,13.08000000,13.45000000,161297.44000000,1749383999999999,2152835.77590000,10749,103362.30000000,1379162.23920000,0
1749384000000000,13.46000000,13.56000000,13.33000000,13.40000000,63340.86000000,1749387599999999,852239.81800000,5267,33810.26000000,454901.00180000,0
1749387600000000,13.40000000,13.56000000,13.34000000,13.37000000,52836.17000000,1749391199999999,710686.69320000,4172,31539.91000000,424738.92160000,0
1749391200000000,13.36000000,13.51000000,13.33000000,13.42000000,24932.59000000,1749394799999999,334654.10080000,3025,11630.08000000,156105.26900000,0
1749394800000000,13.43000000,13.47000000,13.36000000,13.38000000,26073.05000000,1749398399999999,349626.57090000,2405,13087.68000000,175603.01780000,0
1749398400000000,13.39000000,13.54000000,13.38000000,13.49000000,20716.57000000,1749401999999999,278956.65840000,2898,11406.95000000,153670.44690000,0
1749402000000000,13.49000000,13.69000000,13.39000000,13.39000000,52006.09000000,1749405599999999,705430.81870000,3945,30296.48000000,411266.92090000,0
1749405600000000,13.40000000,13.50000000,13.35000000,13.42000000,21967.02000000,1749409199999999,294948.90500000,2099,12564.15000000,168688.10030000,0
1749409200000000,13.42000000,13.51000000,13.40000000,13.47000000,21095.89000000,1749412799999999,284069.00780000,1984,7478.50000000,100593.62690000,0
1749412800000000,13.47000000,13.47000000,13.36000000,13.40000000,19179.33000000,1749416399999999,257291.06310000,2610,7566.60000000,101538.33660000,0
1749416400000000,13.40000000,13.51000000,13.35000000,13.45000000,14628.41000000,1749419999999999,196508.51820000,1536,6992.05000000,93953.63730000,0
1749420000000000,13.45000000,13.45000000,13.26000000,13.29000000,37747.90000000,1749423599999999,503120.83630000,3985,11024.13000000,147011.87800000,0
1749423600000000,13.29000000,13.31000000,13.24000000,13.27000000,17140.14000000,1749427199999999,227562.43470000,2600,5876.46000000,78067.27370000,0
1749427200000000,13.27000000,13.37000000,13.26000000,13.28000000,20326.12000000,1749430799999999,270581.49700000,3014,10709.85000000,142584.50950000,0
1749430800000000,13.29000000,13.32000000,13.19000000,13.21000000,21307.56000000,1749434399999999,281986.00030000,2129,10309.20000000,136515.02440000,0
1749434400000000,13.21000000,13.30000000,13.16000000,13.19000000,16701.99000000,1749437999999999,220929.35100000,2326,9639.72000000,127539.05000000,0
1749438000000000,13.20000000,13.22000000,13.12000000,13.14000000,26655.80000000,1749441599999999,350952.00630000,3022,14271.13000000,187958.10020000,0
1749441600000000,13.14000000,13.18000000,13.07000000,13.11000000,31720.47000000,1749445199999999,416594.55270000,2805,19371.78000000,254459.86800000,0
1749445200000000,13.11000000,13.15000000,12.99000000,12.99000000,33441.39000000,1749448799999999,436441.52850000,2295,9727.69000000,127004.95240000,0
1749448800000000,12.99000000,13.09000000,12.92000000,13.07000000,45072.25000000,1749452399999999,586323.80190000,3731,20906.85000000,272262.32180000,0
1749452400000000,13.06000000,13.07000000,12.89000000,12.96000000,21958.59000000,1749455999999999,284467.88950000,1966,7425.61000000,96182.93580000,0
1749456000000000,12.96000000,13.15000000,12.92000000,13.13000000,52644.52000000,1749459599999999,685773.52360000,3729,24632.19000000,320953.05190000,0
1749459600000000,13.13000000,13.43000000,13.09000000,13.31000000,63957.74000000,1749463199999999,850585.71390000,4851,39727.71000000,528721.28740000,0
1749463200000000,13.32000000,13.55000000,13.28000000,13.45000000,64432.07000000,1749466799999999,866763.47150000,4730,40898.30000000,550958.16700000,0
1749466800000000,13.46000000,13.61000000,13.41000000,13.45000000,32912.74000000,1749470399999999,443873.06730000,3579,15553.26000000,209994.14370000,0
1749470400000000,13.45000000,13.59000000,13.37000000,13.50000000,30643.07000000,1749473999999999,412799.28600000,3084,19029.95000000,256438.52130000,0
1749474000000000,13.50000000,13.53000000,13.21000000,13.26000000,54956.77000000,1749477599999999,735054.47700000,3211,18576.06000000,248716.56940000,0
1749477600000000,13.26000000,13.36000000,13.18000000,13.30000000,37402.96000000,1749481199999999,496938.14620000,3199,17165.50000000,227992.75840000,0
1749481200000000,13.30000000,13.48000000,13.29000000,13.43000000,51392.61000000,1749484799999999,689192.71750000,3760,28574.02000000,383551.69300000,0
1749484800000000,13.43000000,13.57000000,13.43000000,13.48000000,60743.71000000,1749488399999999,820685.76780000,4258,41970.00000000,567065.07940000,0
1749488400000000,13.49000000,13.66000000,13.48000000,13.56000000,48016.60000000,1749491999999999,652047.05660000,3746,23818.66000000,323662.08620000,0
1749492000000000,13.57000000,13.74000000,13.55000000,13.63000000,57247.76000000,1749495599999999,781229.80070000,4630,28712.40000000,391736.68580000,0
1749495600000000,13.63000000,13.66000000,13.52000000,13.55000000,22190.69000000,1749499199999999,301579.50910000,2015,13654.21000000,185531.42040000,0
1749499200000000,13.55000000,13.70000000,13.49000000,13.62000000,28680.32000000,1749502799999999,389448.67660000,2603,16402.88000000,222875.97910000,0
1749502800000000,13.62000000,13.99000000,13.61000000,13.93000000,74531.15000000,1749506399999999,1033520.51590000,5995,39653.11000000,549455.67610000,0
1749506400000000,13.94000000,14.03000000,13.84000000,13.92000000,43414.32000000,1749509999999999,604435.03940000,4479,24554.66000000,341950.79230000,0
1749510000000000,13.92000000,13.92000000,13.73000000,13.76000000,36296.78000000,1749513599999999,501037.22440000,3278,18447.23000000,254560.80540000,0
1749513600000000,13.76000000,13.94000000,13.72000000,13.73000000,41786.19000000,1749517199999999,577894.73180000,4593,25007.16000000,345935.36650000,0
1749517200000000,13.73000000,13.80000000,13.66000000,13.75000000,25113.27000000,1749520799999999,344579.78920000,3113,15380.97000000,211043.93470000,0
1749520800000000,13.75000000,13.78000000,13.63000000,13.72000000,17057.13000000,1749524399999999,233716.64030000,2333,8789.50000000,120451.61840000,0
1749524400000000,13.72000000,13.75000000,13.64000000,13.70000000,17641.92000000,1749527999999999,241591.14040000,1741,9954.02000000,136324.88850000,0
1749528000000000,13.70000000,13.77000000,13.56000000,13.64000000,16948.94000000,1749531599999999,231183.86480000,1797,6168.27000000,84180.24740000,0
1749531600000000,13.64000000,13.69000000,13.50000000,13.53000000,30498.72000000,1749535199999999,414501.54490000,2319,16472.78000000,224090.53050000,0
1749535200000000,13.53000000,13.66000000,13.45000000,13.58000000,38072.19000000,1749538799999999,515694.45380000,3068,16803.55000000,227955.17120000,0
1749538800000000,13.58000000,13.78000000,13.57000000,13.65000000,38664.58000000,1749542399999999,528373.06800000,3630,25773.61000000,352214.52980000,0
1749542400000000,13.66000000,13.71000000,13.50000000,13.53000000,27195.98000000,1749545999999999,369122.94350000,2526,12328.76000000,167482.21600000,0
1749546000000000,13.53000000,13.72000000,13.51000000,13.72000000,33291.26000000,1749549599999999,453270.54420000,2883,17455.62000000,238007.20440000,0
1749549600000000,13.71000000,13.81000000,13.65000000,13.75000000,26889.06000000,1749553199999999,369771.98040000,2809,15298.99000000,210449.65370000,0
1749553200000000,13.75000000,14.27000000,13.66000000,14.21000000,108128.86000000,1749556799999999,1519453.53450000,8024,65571.19000000,920901.24300000,0
1749556800000000,14.21000000,14.32000000,14.02000000,14.26000000,73660.28000000,1749560399999999,1045679.34300000,6908,39753.47000000,564595.33310000,0
1749560400000000,14.26000000,14.29000000,13.81000000,13.98000000,80693.22000000,1749563999999999,1130703.10280000,7752,32540.63000000,455799.43920000,0
1749564000000000,13.99000000,14.00000000,13.63000000,13.70000000,52368.20000000,1749567599999999,721597.58360000,5054,21135.23000000,291279.57080000,0
1749567600000000,13.69000000,13.80000000,13.48000000,13.73000000,70977.39000000,1749571199999999,968527.72880000,5373,35432.36000000,483752.05490000,0
1749571200000000,13.73000000,13.82000000,13.64000000,13.64000000,20062.60000000,1749574799999999,275274.39840000,3042,11375.30000000,156122.76320000,0
1749574800000000,13.64000000,13.78000000,13.64000000,13.67000000,17073.95000000,1749578399999999,234148.17440000,2400,8899.97000000,122164.23370000,0
1749578400000000,13.68000000,13.95000000,13.63000000,13.91000000,18979.87000000,1749581999999999,261902.82560000,2548,11747.88000000,162206.11280000,0
1749582000000000,13.91000000,14.10000000,13.79000000,13.85000000,45897.40000000,1749585599999999,640918.25570000,4968,24803.19000000,346866.91900000,0
1749585600000000,13.85000000,13.96000000,13.76000000,13.95000000,23459.57000000,1749589199999999,324671.19370000,2762,11077.52000000,153594.37520000,0
1749589200000000,13.96000000,13.99000000,13.78000000,13.89000000,23498.26000000,1749592799999999,325436.82700000,2694,10448.00000000,144772.48760000,0
1749592800000000,13.88000000,14.15000000,13.87000000,13.97000000,93371.42000000,1749596399999999,1314290.22820000,5126,41545.73000000,584643.60840000,0
1749596400000000,13.97000000,14.05000000,13.90000000,14.04000000,15314.00000000,1749599999999999,214174.20090000,2057,7976.45000000,111584.09930000,0
1749600000000000,14.04000000,14.09000000,13.68000000,13.73000000,80691.48000000,1749603599999999,1115580.94940000,4948,25790.33000000,357107.70270000,0
1749603600000000,13.72000000,13.74000000,13.56000000,13.58000000,43706.39000000,1749607199999999,596599.86460000,3818,24005.84000000,327833.93600000,0
1749607200000000,13.57000000,13.67000000,13.53000000,13.58000000,18723.99000000,1749610799999999,254490.99320000,2050,9449.87000000,128494.47740000,0
1749610800000000,13.59000000,13.73000000,13.58000000,13.67000000,22953.96000000,1749614399999999,313919.55510000,2080,13878.10000000,189914.08120000,0
1749614400000000,13.67000000,13.70000000,13.58000000,13.59000000,26653.62000000,1749617999999999,363141.39610000,2070,9834.90000000,134184.52050000,0
1749618000000000,13.60000000,13.66000000,13.57000000,13.58000000,28001.74000000,1749621599999999,381220.03480000,2235,18072.22000000,246042.72060000,0
1749621600000000,13.59000000,13.66000000,13.55000000,13.62000000,18437.87000000,1749625199999999,250860.67790000,2127,11357.18000000,154534.96800000,0
1749625200000000,13.63000000,13.71000000,13.55000000,13.57000000,54295.71000000,1749628799999999,739237.47850000,3587,24662.02000000,335854.93200000,0
1749628800000000,13.58000000,13.63000000,13.47000000,13.51000000,33410.84000000,1749632399999999,452701.61130000,2178,9064.82000000,122890.69690000,0
1749632400000000,13.50000000,13.51000000,13.31000000,13.34000000,50470.84000000,1749635999999999,677135.16560000,3323,17609.01000000,236448.82300000,0
1749636000000000,13.35000000,13.41000000,13.30000000,13.40000000,32961.24000000,1749639599999999,440215.93160000,2559,15950.93000000,213100.42640000,0
1749639600000000,13.40000000,13.47000000,13.32000000,13.44000000,25300.69000000,1749643199999999,338562.32960000,2028,9849.30000000,131835.09170000,0
1749643200000000,13.44000000,13.87000000,13.39000000,13.77000000,135665.27000000,1749646799999999,1850131.81900000,10080,74744.25000000,1018950.32010000,0
1749646800000000,13.77000000,13.97000000,13.70000000,13.75000000,66812.19000000,1749650399999999,924807.05330000,5497,34740.37000000,481563.33380000,0
1749650400000000,13.76000000,14.08000000,13.75000000,13.90000000,52044.45000000,1749653999999999,723359.05230000,4785,33048.82000000,459124.73860000,0
1749654000000000,13.91000000,14.05000000,13.81000000,14.00000000,52960.56000000,1749657599999999,738683.17180000,4138,28983.52000000,404545.61980000,0
1749657600000000,14.00000000,14.03000000,13.86000000,13.96000000,31011.58000000,1749661199999999,432955.88970000,3941,17395.27000000,242986.46020000,0
1749661200000000,13.96000000,13.96000000,13.69000000,13.69000000,37808.72000000,1749664799999999,523112.75260000,4071,13421.70000000,185986.57700000,0
1749664800000000,13.70000000,13.76000000,13.54000000,13.63000000,59638.05000000,1749668399999999,814415.24650000,5990,26890.55000000,367561.84010000,0
1749668400000000,13.62000000,13.68000000,13.54000000,13.58000000,28496.44000000,1749671999999999,388059.54110000,3185,15199.59000000,207138.29890000,0
1749672000000000,13.58000000,13.69000000,13.46000000,13.59000000,37311.83000000,1749675599999999,507049.07420000,3010,14313.87000000,194640.98050000,0
1749675600000000,13.60000000,13.70000000,13.36000000,13.39000000,49436.35000000,1749679199999999,669176.91610000,5977,19899.94000000,270024.43300000,0
1749679200000000,13.39000000,13.43000000,13.14000000,13.18000000,58139.99000000,1749682799999999,770521.35090000,6926,22604.59000000,299542.15270000,0
1749682800000000,13.17000000,13.33000000,13.16000000,13.28000000,52225.20000000,1749686399999999,692012.54010000,2743,31521.97000000,417479.67210000,0
1749686400000000,13.28000000,13.28000000,13.04000000,13.20000000,31176.86000000,1749689999999999,410440.84250000,4181,12476.89000000,164240.80160000,0
1749690000000000,13.20000000,13.21000000,13.02000000,13.12000000,17692.59000000,1749693599999999,231859.35970000,2608,8567.19000000,112249.36410000,0
1749693600000000,13.12000000,13.19000000,13.03000000,13.06000000,11269.16000000,1749697199999999,147712.06570000,2028,5987.61000000,78522.81790000,0
1749697200000000,13.05000000,13.10000000,12.94000000,13.02000000,26946.22000000,1749700799999999,350441.66280000,2403,14612.68000000,190198.50000000,0
1749700800000000,13.02000000,13.04000000,12.86000000,12.96000000,37407.22000000,1749704399999999,483576.15940000,3271,10612.23000000,137398.58210000,0
1749704400000000,12.95000000,13.09000000,12.87000000,13.03000000,24630.84000000,1749707999999999,320750.95820000,2268,8950.19000000,116553.79290000,0
1749708000000000,13.03000000,13.07000000,12.91000000,13.00000000,13799.65000000,1749711599999999,179285.61520000,1954,6442.43000000,83753.36730000,0
1749711600000000,12.99000000,13.10000000,12.89000000,13.05000000,91961.00000000,1749715199999999,1196900.73590000,6410,68988.05000000,898203.14040000,0
1749715200000000,13.04000000,13.04000000,12.91000000,12.95000000,21491.07000000,1749718799999999,278754.64870000,2577,9399.91000000,121960.75130000,0
1749718800000000,12.95000000,13.00000000,12.89000000,12.92000000,22051.05000000,1749722399999999,285195.52140000,1823,11822.13000000,152906.38730000,0
1749722400000000,12.92000000,12.94000000,12.78000000,12.87000000,29731.21000000,1749725999999999,381722.64160000,3248,15328.71000000,196863.72730000,0
1749726000000000,12.87000000,12.87000000,12.71000000,12.76000000,38667.82000000,1749729599999999,493897.05180000,2758,16340.54000000,208789.75430000,0
1749729600000000,12.77000000,12.96000000,12.68000000,12.88000000,49121.31000000,1749733199999999,629818.35480000,4562,23000.12000000,295296.00440000,0
1749733200000000,12.88000000,13.13000000,12.86000000,13.08000000,26578.94000000,1749736799999999,345546.72810000,2953,14316.58000000,186225.08010000,0
1749736800000000,13.09000000,13.28000000,13.09000000,13.22000000,48522.88000000,1749740399999999,641466.26670000,3791,25704.56000000,339925.06460000,0
1749740400000000,13.23000000,13.28000000,12.85000000,12.89000000,55105.31000000,1749743999999999,719146.42460000,4471,20496.45000000,267510.67010000,0
1749744000000000,12.89000000,13.11000000,12.88000000,13.03000000,37701.33000000,1749747599999999,490798.90820000,3910,22290.67000000,290232.11500000,0
1749747600000000,13.03000000,13.26000000,13.01000000,13.12000000,56512.21000000,1749751199999999,744213.72320000,4049,31205.67000000,410685.39860000,0
1749751200000000,13.13000000,13.13000000,12.85000000,12.90000000,60242.73000000,1749754799999999,779022.06400000,3322,22519.55000000,291335.82380000,0
1749754800000000,12.90000000,12.97000000,12.56000000,12.65000000,111332.90000000,1749758399999999,1418543.73560000,5442,35014.70000000,447164.46850000,0
1749758400000000,12.65000000,12.72000000,12.35000000,12.45000000,107840.67000000,1749761999999999,1351989.03830000,8244,37050.04000000,465206.49940000,0
1749762000000000,12.44000000,12.59000000,12.38000000,12.39000000,39605.27000000,1749765599999999,494581.92830000,3533,20315.95000000,253904.30760000,0
1749765600000000,12.40000000,12.47000000,12.34000000,12.35000000,31726.22000000,1749769199999999,392904.89490000,3339,16408.64000000,203353.29690000,0
1749769200000000,12.34000000,12.41000000,12.29000000,12.29000000,25405.40000000,1749772799999999,313805.83330000,2593,10943.60000000,135237.41330000,0
1749772800000000,12.28000000,12.28000000,11.52000000,11.60000000,281011.91000000,1749776399999999,3325860.84020000,19001,134055.66000000,1585326.57530000,0
1749776400000000,11.59000000,11.59000000,11.25000000,11.40000000,186904.98000000,1749779999999999,2132774.16260000,12369,88089.32000000,1005446.51220000,0
1749780000000000,11.40000000,11.42000000,11.22000000,11.34000000,63237.97000000,1749783599999999,716930.36140000,6009,40317.43000000,457116.63860000,0
1749783600000000,11.34000000,11.76000000,11.33000000,11.69000000,135205.26000000,1749787199999999,1562761.55280000,8977,90476.41000000,1045187.87720000,0
1749787200000000,11.69000000,11.69000000,11.51000000,11.59000000,29990.42000000,1749790799999999,347189.75680000,3107,13855.02000000,160482.46180000,0
1749790800000000,11.58000000,11.60000000,11.44000000,11.49000000,113792.55000000,1749794399999999,1311937.00640000,4088,48614.06000000,560314.18710000,0
1749794400000000,11.48000000,11.54000000,11.34000000,11.54000000,54209.77000000,1749797999999999,618831.10240000,3843,26543.51000000,303299.85990000,0
1749798000000000,11.55000000,11.57000000,11.39000000,11.52000000,51335.12000000,1749801599999999,589406.12080000,3882,25250.38000000,289950.19920000,0
1749801600000000,11.52000000,11.82000000,11.49000000,11.59000000,128226.42000000,1749805199999999,1495917.80240000,8983,71288.47000000,832489.87100000,0
1749805200000000,11.58000000,11.62000000,11.49000000,11.53000000,32710.48000000,1749808799999999,377690.78720000,4052,16406.81000000,189510.70990000,0
1749808800000000,11.53000000,11.58000000,11.43000000,11.55000000,37856.92000000,1749812399999999,435993.56880000,3104,20044.25000000,230974.79620000,0
1749812400000000,11.55000000,11.58000000,11.41000000,11.56000000,34231.17000000,1749815999999999,393738.61730000,2465,17385.29000000,199930.10320000,0
1749816000000000,11.57000000,11.61000000,11.43000000,11.47000000,58698.20000000,1749819599999999,677894.46770000,4109,26412.16000000,305077.05380000,0
1749819600000000,11.46000000,11.63000000,11.40000000,11.49000000,60166.39000000,1749823199999999,692728.86740000,5095,28049.82000000,323239.63350000,0
1749823200000000,11.50000000,11.57000000,11.37000000,11.50000000,73338.27000000,1749826799999999,842034.06570000,5307,43229.82000000,496659.74790000,0
1749826800000000,11.49000000,11.70000000,11.45000000,11.58000000,61180.02000000,1749830399999999,710138.62300000,5251,34134.26000000,396180.69350000,0
1749830400000000,11.59000000,11.82000000,11.55000000,11.78000000,63913.58000000,1749833999999999,749313.07690000,5149,33009.83000000,387020.04030000,0
1749834000000000,11.78000000,11.78000000,11.56000000,11.68000000,43135.35000000,1749837599999999,503607.61530000,4403,23509.33000000,274705.06960000,0
1749837600000000,11.68000000,11.71000000,11.40000000,11.51000000,53007.66000000,1749841199999999,610348.62290000,4377,23776.77000000,274082.19340000,0
1749841200000000,11.50000000,11.57000000,11.42000000,11.50000000,41745.24000000,1749844799999999,479442.94640000,3195,20825.36000000,239126.24950000,0
1749844800000000,11.50000000,11.66000000,11.47000000,11.61000000,29468.02000000,1749848399999999,340669.58010000,3291,14703.06000000,169957.70910000,0
1749848400000000,11.62000000,11.67000000,11.55000000,11.63000000,19762.61000000,1749851999999999,229421.05150000,2069,10398.90000000,120777.24410000,0
1749852000000000,11.64000000,11.76000000,11.63000000,11.67000000,17716.66000000,1749855599999999,207179.84290000,1249,10242.69000000,119814.77610000,0
1749855600000000,11.66000000,11.78000000,11.61000000,11.76000000,22976.00000000,1749859199999999,268695.41000000,1769,9533.75000000,111541.61690000,0
1749859200000000,11.76000000,11.80000000,11.66000000,11.68000000,34081.16000000,1749862799999999,399818.60590000,3140,19433.85000000,228174.97260000,0
1749862800000000,11.67000000,11.72000000,11.58000000,11.66000000,22800.96000000,1749866399999999,265826.18860000,1241,12811.23000000,149519.88010000,0
1749866400000000,11.65000000,11.71000000,11.60000000,11.64000000,8693.63000000,1749869999999999,101215.98000000,1102,5764.49000000,67107.39710000,0
1749870000000000,11.64000000,11.71000000,11.62000000,11.63000000,8748.44000000,1749873599999999,101951.02060000,1135,4243.51000000,49455.26930000,0
1749873600000000,11.63000000,11.88000000,11.62000000,11.74000000,54424.19000000,1749877199999999,641274.58870000,3766,31371.73000000,369305.11830000,0
1749877200000000,11.74000000,11.96000000,11.69000000,11.92000000,92180.59000000,1749880799999999,1091090.69720000,6154,63832.90000000,755684.09890000,0
1749880800000000,11.93000000,11.96000000,11.76000000,11.76000000,85632.60000000,1749884399999999,1018094.28390000,4140,48300.88000000,574694.02760000,0
1749884400000000,11.77000000,11.81000000,11.70000000,11.78000000,39578.33000000,1749887999999999,465280.90320000,1535,10089.90000000,118791.90070000,0
1749888000000000,11.78000000,11.79000000,11.69000000,11.74000000,14907.86000000,1749891599999999,174914.76540000,1168,5063.10000000,59450.53210000,0
1749891600000000,11.74000000,11.75000000,11.63000000,11.64000000,15313.73000000,1749895199999999,178904.03550000,1324,3765.78000000,44029.36160000,0
1749895200000000,11.65000000,11.71000000,11.59000000,11.67000000,21123.86000000,1749898799999999,245870.71690000,1396,6990.26000000,81382.88580000,0
1749898800000000,11.67000000,11.76000000,11.66000000,11.73000000,14482.87000000,1749902399999999,169612.16540000,1312,8539.29000000,99980.67530000,0
1749902400000000,11.72000000,11.75000000,11.62000000,11.74000000,12592.29000000,1749905999999999,147002.04220000,1176,5906.41000000,68990.17150000,0
1749906000000000,11.74000000,11.83000000,11.66000000,11.72000000,12993.40000000,1749909599999999,152487.15660000,1416,4897.94000000,57562.73640000,0
1749909600000000,11.72000000,11.73000000,11.61000000,11.64000000,41075.33000000,1749913199999999,479217.75030000,1782,18905.93000000,220638.15350000,0
1749913200000000,11.64000000,11.66000000,11.44000000,11.51000000,29733.80000000,1749916799999999,343042.77130000,2455,16092.23000000,185847.69010000,0
1749916800000000,11.50000000,11.58000000,11.27000000,11.31000000,41205.27000000,1749920399999999,469139.14500000,3211,16513.91000000,188104.56580000,0
1749920400000000,11.30000000,11.49000000,11.29000000,11.43000000,22400.77000000,1749923999999999,255431.79110000,2330,9873.69000000,112613.15860000,0
1749924000000000,11.43000000,11.52000000,11.27000000,11.40000000,38985.35000000,1749927599999999,442640.32230000,3300,16755.01000000,190482.62400000,0
1749927600000000,11.40000000,11.48000000,11.35000000,11.35000000,15099.60000000,1749931199999999,172217.66260000,2348,5778.80000000,65938.38140000,0
1749931200000000,11.35000000,11.39000000,11.27000000,11.33000000,21896.69000000,1749934799999999,248044.40490000,2261,13609.77000000,154177.45680000,0
1749934800000000,11.34000000,11.53000000,11.29000000,11.51000000,30671.20000000,1749938399999999,349673.61920000,2858,13095.30000000,149514.73780000,0
1749938400000000,11.51000000,11.56000000,11.43000000,11.47000000,20694.33000000,1749941999999999,238067.55460000,1406,11321.08000000,130229.72150000,0
1749942000000000,11.47000000,11.53000000,11.44000000,11.45000000,6890.80000000,1749945599999999,79263.32540000,829,3274.61000000,37665.42690000,0
1749945600000000,11.44000000,11.53000000,11.43000000,11.52000000,18494.12000000,1749949199999999,212156.29370000,1302,8256.59000000,94774.24580000,0
1749949200000000,11.51000000,11.52000000,11.39000000,11.41000000,10215.86000000,1749952799999999,116842.40230000,902,5318.49000000,60831.80940000,0
1749952800000000,11.41000000,11.50000000,11.40000000,11.45000000,6649.37000000,1749956399999999,76287.57100000,836,3012.23000000,34578.21090000,0
1749956400000000,11.45000000,11.49000000,11.42000000,11.45000000,3842.72000000,1749959999999999,44004.63580000,682,2610.33000000,29894.70790000,0
1749960000000000,11.45000000,11.51000000,11.45000000,11.50000000,7614.90000000,1749963599999999,87404.51830000,1069,3800.71000000,43628.03450000,0
1749963600000000,11.50000000,11.63000000,11.42000000,11.62000000,17962.11000000,1749967199999999,207559.45060000,1616,12683.28000000,146517.91380000,0
1749967200000000,11.62000000,11.63000000,11.46000000,11.46000000,12141.48000000,1749970799999999,140020.26490000,1063,5004.07000000,57675.22620000,0
1749970800000000,11.47000000,11.47000000,11.37000000,11.43000000,13620.31000000,1749974399999999,155454.72280000,1005,5328.58000000,60786.49630000,0
1749974400000000,11.44000000,11.45000000,11.32000000,11.34000000,9345.95000000,1749977999999999,106219.25310000,893,3327.55000000,37856.98500000,0
1749978000000000,11.34000000,11.35000000,11.26000000,11.29000000,13918.57000000,1749981599999999,157342.24120000,1504,6257.59000000,70780.99060000,0
1749981600000000,11.29000000,11.40000000,11.28000000,11.38000000,17848.52000000,1749985199999999,202449.66230000,1362,8089.50000000,91745.63910000,0
1749985200000000,11.38000000,11.41000000,11.28000000,11.33000000,13355.77000000,1749988799999999,151413.75780000,1183,5583.12000000,63295.13140000,0
1749988800000000,11.34000000,11.40000000,11.29000000,11.39000000,19080.97000000,1749992399999999,216261.50150000,1454,10252.39000000,116271.31570000,0
1749992400000000,11.39000000,11.48000000,11.32000000,11.48000000,24959.99000000,1749995999999999,284739.33450000,2419,10590.39000000,120797.26930000,0
1749996000000000,11.48000000,11.64000000,11.37000000,11.60000000,46365.81000000,1749999599999999,535091.50150000,3965,18844.54000000,217247.61380000,0
1749999600000000,11.61000000,11.61000000,11.46000000,11.48000000,35798.07000000,1750003199999999,413125.14780000,2617,14755.82000000,170285.26190000,0
1750003200000000,11.49000000,11.53000000,11.42000000,11.49000000,20571.06000000,1750006799999999,235945.44520000,1988,10630.17000000,122026.68060000,0
1750006800000000,11.49000000,11.52000000,11.40000000,11.48000000,11852.62000000,1750010399999999,135781.31300000,1397,5967.02000000,68399.11300000,0
1750010400000000,11.49000000,11.49000000,11.39000000,11.45000000,7991.60000000,1750013999999999,91354.81950000,1277,3996.01000000,45665.24160000,0
1750014000000000,11.44000000,11.54000000,11.33000000,11.37000000,14210.80000000,1750017599999999,162275.69300000,1146,4683.16000000,53548.97810000,0
1750017600000000,11.37000000,11.37000000,10.95000000,11.10000000,124825.34000000,1750021199999999,1383717.82040000,5903,35530.72000000,394039.74400000,0
1750021200000000,11.10000000,11.16000000,10.99000000,11.15000000,33638.58000000,1750024799999999,372118.73980000,2090,17021.69000000,188529.07470000,0
1750024800000000,11.15000000,11.43000000,11.14000000,11.38000000,48943.89000000,1750028399999999,555814.18240000,3444,25869.75000000,293800.18430000,0
1750028400000000,11.38000000,11.47000000,11.34000000,11.44000000,14893.72000000,1750031999999999,170158.46550000,1497,9079.78000000,103763.50500000,0
1750032000000000,11.44000000,11.44000000,11.30000000,11.33000000,17703.07000000,1750035599999999,200961.61620000,2115,7910.81000000,89775.70090000,0
1750035600000000,11.33000000,11.50000000,11.19000000,11.50000000,36338.38000000,1750039199999999,411479.70940000,2813,17608.98000000,199913.49610000,0
1750039200000000,11.50000000,11.62000000,11.49000000,11.53000000,41599.15000000,1750042799999999,481062.64370000,3320,21438.49000000,248030.72760000,0
1750042800000000,11.52000000,11.57000000,11.50000000,11.51000000,11503.30000000,1750046399999999,132701.82300000,1430,6023.55000000,69504.45080000,0
1750046400000000,11.51000000,11.71000000,11.50000000,11.62000000,22142.83000000,1750049999999999,257457.76500000,2313,13724.71000000,159590.63910000,0
1750050000000000,11.62000000,11.82000000,11.57000000,11.75000000,58500.49000000,1750053599999999,687651.46420000,4172,36906.24000000,433911.75160000,0
1750053600000000,11.76000000,11.85000000,11.73000000,11.77000000,40107.13000000,1750057199999999,472876.07050000,2892,21832.04000000,257490.31890000,0
1750057200000000,11.77000000,11.95000000,11.77000000,11.89000000,61703.47000000,1750060799999999,733537.31470000,3788,31933.72000000,379819.31430000,0
1750060800000000,11.88000000,11.92000000,11.79000000,11.88000000,29166.15000000,1750064399999999,345954.72060000,2304,9652.94000000,114576.77990000,0
1750064400000000,11.88000000,11.90000000,11.82000000,11.83000000,23181.78000000,1750067999999999,274856.48920000,1687,8195.23000000,97246.16480000,0
1750068000000000,11.84000000,11.90000000,11.73000000,11.77000000,32951.55000000,1750071599999999,389102.84550000,1935,12887.71000000,152356.07130000,0
1750071600000000,11.77000000,11.88000000,11.69000000,11.85000000,36581.48000000,1750075199999999,431008.03980000,2827,17737.01000000,209175.26320000,0
1750075200000000,11.85000000,11.87000000,11.73000000,11.80000000,22023.57000000,1750078799999999,259886.66180000,3054,7713.81000000,91006.92560000,0
1750078800000000,11.81000000,12.04000000,11.78000000,12.02000000,52989.76000000,1750082399999999,631546.93580000,6337,22242.72000000,265313.84440000,0
1750082400000000,12.03000000,12.10000000,11.93000000,11.96000000,94287.78000000,1750085999999999,1132716.71980000,6011,33184.99000000,399005.00620000,0
1750086000000000,11.97000000,12.06000000,11.92000000,11.95000000,34791.65000000,1750089599999999,417647.05070000,2460,17468.88000000,209687.84990000,0
1750089600000000,11.96000000,12.15000000,11.95000000,12.05000000,21204.00000000,1750093199999999,255975.76030000,2167,10544.43000000,127385.12090000,0
1750093200000000,12.05000000,12.10000000,12.00000000,12.02000000,44404.60000000,1750096799999999,534576.40990000,2457,14068.16000000,169365.22020000,0
1750096800000000,12.03000000,12.21000000,12.02000000,12.18000000,62131.24000000,1750100399999999,754805.50460000,3029,37384.54000000,454271.80860000,0
1750100400000000,12.18000000,12.26000000,12.13000000,12.19000000,52746.04000000,1750103999999999,642883.74120000,3267,28576.14000000,348488.00360000,0
1750104000000000,12.19000000,12.31000000,12.14000000,12.28000000,61451.39000000,1750107599999999,752144.10470000,3937,31256.91000000,382672.81750000,0
1750107600000000,12.28000000,12.33000000,12.22000000,12.29000000,40508.62000000,1750111199999999,497468.09910000,2622,17631.43000000,216596.12410000,0
1750111200000000,12.29000000,12.36000000,11.77000000,11.90000000,150021.82000000,1750114799999999,1802914.93580000,6853,58952.15000000,708359.04680000,0
1750114800000000,11.90000000,12.01000000,11.56000000,11.60000000,125608.89000000,1750118399999999,1477398.10880000,7542,43933.61000000,518591.76420000,0
1750118400000000,11.60000000,11.76000000,11.26000000,11.75000000,153299.92000000,1750121999999999,1761843.45930000,11113,84695.45000000,974848.04270000,0
1750122000000000,11.75000000,11.80000000,11.61000000,11.62000000,42768.04000000,1750125599999999,500978.35660000,3227,18262.05000000,214075.86730000,0
1750125600000000,11.63000000,11.78000000,11.50000000,11.76000000,54237.30000000,1750129199999999,629413.73010000,4897,27078.20000000,314543.47620000,0
1750129200000000,11.77000000,11.86000000,11.70000000,11.73000000,33205.30000000,1750132799999999,390807.59080000,3734,16099.31000000,189533.88090000,0
1750132800000000,11.73000000,11.76000000,11.61000000,11.64000000,32182.30000000,1750136399999999,375529.89600000,3192,12865.29000000,150287.03230000,0
1750136400000000,11.63000000,11.68000000,11.56000000,11.61000000,38992.79000000,1750139999999999,453398.34370000,3601,17501.27000000,203666.24310000,0
1750140000000000,11.60000000,11.68000000,11.51000000,11.54000000,33649.00000000,1750143599999999,388641.65070000,3134,9392.98000000,108750.73110000,0
1750143600000000,11.54000000,11.61000000,11.51000000,11.51000000,26773.19000000,1750147199999999,309404.55810000,3168,10918.23000000,126267.45910000,0
1750147200000000,11.50000000,11.54000000,11.37000000,11.38000000,38899.19000000,1750150799999999,445277.09940000,4196,15223.93000000,174359.96560000,0
1750150800000000,11.38000000,11.46000000,11.33000000,11.38000000,33822.78000000,1750154399999999,385195.78990000,4189,16370.59000000,186487.03900000,0
1750154400000000,11.38000000,11.43000000,11.30000000,11.41000000,31256.89000000,1750157999999999,354742.15650000,3458,13077.78000000,148542.68660000,0
1750158000000000,11.40000000,11.40000000,11.27000000,11.34000000,30161.41000000,1750161599999999,341138.89060000,2322,10915.90000000,123501.02890000,0
1750161600000000,11.34000000,11.40000000,11.26000000,11.29000000,37327.17000000,1750165199999999,422682.31970000,2682,21219.17000000,240349.09160000,0
1750165200000000,11.30000000,11.47000000,11.28000000,11.37000000,43175.02000000,1750168799999999,491301.10660000,3151,21466.57000000,244248.63390000,0
1750168800000000,11.38000000,11.54000000,11.26000000,11.28000000,60924.50000000,1750172399999999,695220.60830000,3596,29556.80000000,337716.44970000,0
1750172400000000,11.27000000,11.32000000,11.05000000,11.12000000,144376.98000000,1750175999999999,1612239.10700000,7309,65635.04000000,732738.71600000,0
1750176000000000,11.12000000,11.15000000,10.90000000,10.91000000,90157.83000000,1750179599999999,995297.62090000,6008,39023.19000000,431291.41770000,0
1750179600000000,10.90000000,11.06000000,10.82000000,10.94000000,95872.37000000,1750183199999999,1047852.78190000,5387,44617.01000000,488218.74170000,0
1750183200000000,10.94000000,11.17000000,10.92000000,11.17000000,28387.03000000,1750186799999999,312860.10450000,2678,18497.00000000,203918.16930000,0
1750186800000000,11.18000000,11.36000000,11.17000000,11.25000000,103343.68000000,1750190399999999,1165484.17250000,5910,56734.59000000,639757.64100000,0
1750190400000000,11.25000000,11.32000000,11.12000000,11.13000000,35686.79000000,1750193999999999,400851.55300000,3214,16291.11000000,183090.85600000,0
1750194000000000,11.13000000,11.17000000,11.02000000,11.07000000,29568.54000000,1750197599999999,327989.66690000,2926,13512.00000000,149834.17130000,0
1750197600000000,11.08000000,11.09000000,10.93000000,10.94000000,30286.82000000,1750201199999999,332824.04460000,2501,9962.49000000,109666.54420000,0
1750201200000000,10.94000000,11.07000000,10.93000000,10.96000000,17874.73000000,1750204799999999,196569.07560000,1306,9002.01000000,98980.07690000,0
1750204800000000,10.97000000,11.10000000,10.92000000,11.05000000,31535.07000000,1750208399999999,347459.03490000,3051,17472.16000000,192554.83440000,0
1750208400000000,11.06000000,11.11000000,10.93000000,10.94000000,14621.26000000,1750211999999999,161238.71890000,1960,6229.82000000,68584.65560000,0
1750212000000000,10.94000000,11.00000000,10.88000000,10.92000000,29472.00000000,1750215599999999,322049.12930000,1882,12774.07000000,139742.99480000,0
1750215600000000,10.91000000,11.03000000,10.91000000,10.98000000,20600.83000000,1750219199999999,225933.42780000,1944,13046.95000000,143071.06810000,0
1750219200000000,10.99000000,11.13000000,10.97000000,11.09000000,21199.16000000,1750222799999999,234269.44320000,1822,12341.41000000,136386.51360000,0
1750222800000000,11.09000000,11.12000000,11.05000000,11.06000000,13132.16000000,1750226399999999,145540.40700000,1249,5559.80000000,61668.04930000,0
1750226400000000,11.06000000,11.09000000,10.92000000,10.96000000,14820.63000000,1750229999999999,163104.70000000,1341,5253.69000000,57851.50740000,0
1750230000000000,10.96000000,11.02000000,10.92000000,10.97000000,12471.39000000,1750233599999999,136774.30260000,1470,6241.61000000,68481.75360000,0
1750233600000000,10.98000000,11.04000000,10.75000000,10.83000000,75096.45000000,1750237199999999,815025.41140000,3803,33649.89000000,365652.66350000,0
1750237200000000,10.84000000,10.87000000,10.72000000,10.79000000,32101.42000000,1750240799999999,346403.38520000,2491,16769.44000000,181227.35690000,0
1750240800000000,10.80000000,10.81000000,10.58000000,10.61000000,55975.59000000,1750244399999999,596777.86500000,3443,22225.75000000,237001.12520000,0
1750244400000000,10.60000000,10.76000000,10.58000000,10.74000000,41319.51000000,1750247999999999,441081.78860000,2386,21742.52000000,232354.88850000,0
1750248000000000,10.74000000,10.75000000,10.60000000,10.63000000,38121.61000000,1750251599999999,407321.47380000,3343,17537.87000000,187527.53660000,0
1750251600000000,10.63000000,10.64000000,10.40000000,10.60000000,83155.77000000,1750255199999999,873573.61700000,6078,35042.94000000,368340.32420000,0
1750255200000000,10.61000000,10.83000000,10.55000000,10.68000000,77811.28000000,1750258799999999,835011.15100000,6922,44032.66000000,472475.65790000,0
1750258800000000,10.67000000,10.80000000,10.61000000,10.75000000,35628.12000000,1750262399999999,382126.31600000,3722,17549.30000000,188433.20880000,0
1750262400000000,10.75000000,10.78000000,10.67000000,10.76000000,49057.37000000,1750265999999999,526598.61390000,2691,24555.37000000,263626.35230000,0
1750266000000000,10.76000000,10.90000000,10.68000000,10.87000000,41280.59000000,1750269599999999,445379.37880000,3673,22246.97000000,240299.64390000,0
1750269600000000,10.87000000,10.98000000,10.76000000,10.76000000,124135.24000000,1750273199999999,1351746.93390000,8464,80517.72000000,877389.26740000,0
1750273200000000,10.75000000,10.95000000,10.74000000,10.81000000,174921.88000000,1750276799999999,1902077.70530000,9315,74203.08000000,806159.44270000,0
1750276800000000,10.82000000,11.41000000,10.77000000,11.40000000,98527.67000000,1750280399999999,1101844.63740000,7402,60425.22000000,675160.14150000,0
1750280400000000,11.41000000,11.44000000,11.25000000,11.41000000,76578.37000000,1750283999999999,868321.28880000,7539,40748.25000000,462402.60150000,0
1750284000000000,11.41000000,11.50000000,11.33000000,11.38000000,89118.18000000,1750287599999999,1018934.62710000,5354,53105.85000000,607875.08410000,0
1750287600000000,11.37000000,11.42000000,11.30000000,11.41000000,18607.73000000,1750291199999999,211497.43980000,1996,10051.12000000,114319.82910000,0
1750291200000000,11.41000000,11.67000000,11.38000000,11.55000000,54788.60000000,1750294799999999,633447.76370000,5576,29825.41000000,345150.39660000,0
1750294800000000,11.55000000,11.57000000,11.46000000,11.54000000,49120.78000000,1750298399999999,564814.93410000,4539,22552.16000000,259408.75820000,0
1750298400000000,11.55000000,11.61000000,11.47000000,11.48000000,20171.10000000,1750301999999999,232902.20870000,2378,10303.78000000,119124.60630000,0
1750302000000000,11.47000000,11.63000000,11.47000000,11.62000000,18687.49000000,1750305599999999,216099.71020000,1705,11147.07000000,128930.87100000,0
1750305600000000,11.63000000,11.67000000,11.54000000,11.61000000,13989.74000000,1750309199999999,162328.36030000,1917,7842.45000000,91033.58230000,0
1750309200000000,11.61000000,11.72000000,11.58000000,11.58000000,24327.21000000,1750312799999999,283158.80930000,1999,12132.98000000,141264.24710000,0
1750312800000000,11.58000000,11.64000000,11.49000000,11.52000000,26247.83000000,1750316399999999,302821.65550000,1940,8898.03000000,102672.29040000,0
1750316400000000,11.52000000,11.59000000,11.49000000,11.50000000,28881.65000000,1750319999999999,333353.81760000,2380,14968.49000000,172909.21900000,0
1750320000000000,11.49000000,11.60000000,11.42000000,11.42000000,154422.01000000,1750323599999999,1774267.04120000,4156,69782.04000000,801776.71210000,0
1750323600000000,11.43000000,11.51000000,11.40000000,11.44000000,31248.86000000,1750327199999999,357425.36130000,2541,16394.26000000,187626.85460000,0
1750327200000000,11.44000000,11.45000000,11.35000000,11.38000000,31409.63000000,1750330799999999,358235.35840000,3170,9930.52000000,113303.45610000,0
1750330800000000,11.37000000,11.46000000,11.31000000,11.39000000,127892.21000000,1750334399999999,1455253.21590000,3615,72268.53000000,821586.47220000,0
1750334400000000,11.39000000,11.44000000,11.34000000,11.40000000,25046.73000000,1750337999999999,285280.57690000,2580,12514.13000000,142636.77070000,0
1750338000000000,11.41000000,11.53000000,11.39000000,11.42000000,23073.98000000,1750341599999999,264110.65360000,2890,10368.81000000,118706.45370000,0
1750341600000000,11.42000000,11.56000000,11.33000000,11.40000000,66564.64000000,1750345199999999,761088.10730000,4291,37460.78000000,428028.14270000,0
1750345200000000,11.40000000,11.43000000,11.26000000,11.27000000,30980.50000000,1750348799999999,351102.33400000,2520,11984.43000000,135990.81610000,0
1750348800000000,11.27000000,11.34000000,11.15000000,11.16000000,43891.61000000,1750352399999999,494066.00560000,2711,20061.60000000,226038.30690000,0
1750352400000000,11.17000000,11.45000000,11.13000000,11.37000000,45445.28000000,1750355999999999,514297.33230000,3946,26494.43000000,299885.93100000,0
1750356000000000,11.37000000,11.47000000,11.19000000,11.26000000,25399.05000000,1750359599999999,287959.48010000,2579,10040.90000000,114157.48690000,0
1750359600000000,11.27000000,11.32000000,11.22000000,11.28000000,15053.59000000,1750363199999999,169778.04100000,1798,6421.63000000,72420.51220000,0
1750363200000000,11.29000000,11.36000000,11.23000000,11.31000000,20921.24000000,1750366799999999,236572.07540000,2258,11136.23000000,125962.66200000,0
1750366800000000,11.31000000,11.38000000,11.28000000,11.35000000,33713.01000000,1750370399999999,381778.75500000,2172,14129.16000000,160054.73660000,0
1750370400000000,11.35000000,11.56000000,11.35000000,11.37000000,145994.21000000,1750373999999999,1671633.61530000,4317,60821.28000000,695966.22050000,0
1750374000000000,11.37000000,11.45000000,11.30000000,11.41000000,130289.67000000,1750377599999999,1483604.13390000,4229,62670.10000000,713352.73600000,0
1750377600000000,11.41000000,11.47000000,11.36000000,11.41000000,10357.59000000,1750381199999999,118378.21090000,1194,3367.08000000,38486.59760000,0
1750381200000000,11.41000000,11.48000000,11.33000000,11.44000000,4637.91000000,1750384799999999,52883.24750000,630,2325.54000000,26491.11170000,0
1750384800000000,11.44000000,11.49000000,11.32000000,11.33000000,21399.98000000,1750388399999999,244078.38350000,1563,6455.67000000,73789.81660000,0
1750388400000000,11.33000000,11.34000000,11.26000000,11.28000000,14961.45000000,1750391999999999,169126.48240000,1518,7375.65000000,83393.54940000,0
1750392000000000,11.27000000,11.30000000,11.16000000,11.17000000,15235.20000000,1750395599999999,170861.14210000,1512,4958.27000000,55671.58260000,0
1750395600000000,11.18000000,11.31000000,11.15000000,11.31000000,4978.81000000,1750399199999999,55926.56430000,795,3860.63000000,43389.00250000,0
1750399200000000,11.32000000,11.49000000,11.32000000,11.39000000,87467.13000000,1750402799999999,998843.15090000,3075,43318.31000000,494573.99980000,0
1750402800000000,11.38000000,11.64000000,11.33000000,11.55000000,239395.04000000,1750406399999999,2752655.44390000,6176,116396.51000000,1334447.05380000,0
1750406400000000,11.56000000,11.68000000,11.47000000,11.49000000,43010.35000000,1750409999999999,497888.49330000,4233,19182.30000000,222104.24270000,0
1750410000000000,11.49000000,11.54000000,11.43000000,11.45000000,12207.20000000,1750413599999999,140101.49570000,1210,7763.21000000,89104.16480000,0
1750413600000000,11.45000000,11.52000000,11.41000000,11.48000000,24012.64000000,1750417199999999,275590.68490000,1603,14891.58000000,171055.94270000,0
1750417200000000,11.48000000,11.52000000,11.42000000,11.47000000,46583.79000000,1750420799999999,533873.12440000,1771,34293.14000000,393020.05920000,0
1750420800000000,11.47000000,11.49000000,11.40000000,11.45000000,29559.06000000,1750424399999999,338386.00990000,1759,9882.40000000,113142.36470000,0
1750424400000000,11.45000000,11.56000000,11.42000000,11.49000000,38017.85000000,1750427999999999,437415.77860000,3681,20878.23000000,240350.78910000,0
1750428000000000,11.48000000,11.53000000,11.07000000,11.09000000,74614.39000000,1750431599999999,839384.12990000,5440,28086.84000000,315904.94960000,0
1750431600000000,11.09000000,11.18000000,11.03000000,11.11000000,72374.32000000,1750435199999999,804896.94730000,4816,31575.86000000,351167.77120000,0
1750435200000000,11.11000000,11.12000000,10.88000000,10.95000000,119695.37000000,1750438799999999,1310717.53190000,5455,73847.88000000,808452.60460000,0
1750438800000000,10.95000000,10.97000000,10.64000000,10.92000000,165432.71000000,1750442399999999,1785186.14740000,12658,79810.96000000,861578.90160000,0
1750442400000000,10.91000000,11.10000000,10.89000000,11.06000000,91717.14000000,1750445999999999,1009580.23480000,5771,40896.32000000,450262.39630000,0
1750446000000000,11.06000000,11.09000000,10.94000000,11.07000000,33207.73000000,1750449599999999,365846.54310000,2634,16355.25000000,180373.52400000,0
1750449600000000,11.06000000,11.22000000,11.06000000,11.11000000,43379.96000000,1750453199999999,483681.20520000,3075,19509.19000000,217638.45620000,0
1750453200000000,11.10000000,11.13000000,11.01000000,11.02000000,14642.81000000,1750456799999999,162032.98100000,1505,6363.57000000,70447.71920000,0
1750456800000000,11.02000000,11.02000000,10.92000000,10.96000000,15056.12000000,1750460399999999,165122.94780000,1529,6059.44000000,66447.67560000,0
1750460400000000,10.96000000,10.97000000,10.89000000,10.92000000,9357.72000000,1750463999999999,102285.58680000,911,5050.71000000,55206.56990000,0
1750464000000000,10.92000000,11.07000000,10.91000000,11.01000000,9835.75000000,1750467599999999,108244.08120000,1490,4448.16000000,48997.91450000,0
1750467600000000,11.01000000,11.18000000,11.00000000,11.17000000,9239.97000000,1750471199999999,102703.69200000,788,4980.24000000,55306.28000000,0
1750471200000000,11.18000000,11.19000000,11.09000000,11.10000000,5758.29000000,1750474799999999,64143.75540000,610,2635.98000000,29373.02160000,0
1750474800000000,11.09000000,11.22000000,11.09000000,11.20000000,6510.14000000,1750478399999999,72761.27340000,1042,3153.77000000,35227.03130000,0
1750478400000000,11.20000000,11.25000000,11.17000000,11.20000000,14879.63000000,1750481999999999,166804.75300000,1575,7198.33000000,80742.49870000,0
1750482000000000,11.21000000,11.24000000,11.12000000,11.15000000,14613.05000000,1750485599999999,163174.31960000,1324,6189.87000000,69130.99200000,0
1750485600000000,11.15000000,11.18000000,11.13000000,11.15000000,10611.44000000,1750489199999999,118381.34120000,899,3232.41000000,36072.17020000,0
1750489200000000,11.16000000,11.22000000,11.12000000,11.20000000,13296.59000000,1750492799999999,148397.39760000,677,8440.16000000,94203.31550000,0
1750492800000000,11.21000000,11.26000000,11.13000000,11.21000000,5722.10000000,1750496399999999,64019.54750000,982,3016.49000000,33741.81640000,0
1750496400000000,11.22000000,11.22000000,11.10000000,11.13000000,13225.28000000,1750499999999999,147425.48950000,1262,8760.20000000,97669.50690000,0
1750500000000000,11.13000000,11.16000000,11.06000000,11.09000000,7544.51000000,1750503599999999,83829.76430000,1070,2507.42000000,27891.69430000,0
1750503600000000,11.09000000,11.11000000,11.05000000,11.05000000,12599.14000000,1750507199999999,139590.77890000,1141,4831.87000000,53553.77920000,0
1750507200000000,11.05000000,11.08000000,10.92000000,10.93000000,8188.45000000,1750510799999999,90084.36950000,1181,3172.90000000,34958.85340000,0
1750510800000000,10.93000000,10.96000000,10.71000000,10.72000000,18218.43000000,1750514399999999,197033.61510000,2364,5477.12000000,59296.70020000,0
1750514400000000,10.72000000,10.83000000,10.67000000,10.72000000,27643.40000000,1750517999999999,296649.95910000,3648,17248.23000000,185211.30540000,0
1750518000000000,10.73000000,10.78000000,10.65000000,10.77000000,19490.69000000,1750521599999999,208878.31280000,1757,7967.09000000,85505.20100000,0
1750521600000000,10.76000000,10.81000000,10.66000000,10.70000000,14595.77000000,1750525199999999,156571.43320000,1499,10441.96000000,111990.09960000,0
1750525200000000,10.70000000,10.76000000,10.51000000,10.54000000,26399.06000000,1750528799999999,280408.49300000,2878,13349.22000000,141822.24680000,0
1750528800000000,10.55000000,10.63000000,10.45000000,10.48000000,24352.51000000,1750532399999999,256173.89830000,2619,7017.79000000,73892.26190000,0
1750532400000000,10.47000000,10.50000000,10.25000000,10.25000000,78743.39000000,1750535999999999,815249.11960000,5176,25091.27000000,259811.20020000,0
1750536000000000,10.25000000,10.42000000,10.22000000,10.27000000,165850.96000000,1750539599999999,1709314.46350000,5631,44887.43000000,462842.87560000,0
1750539600000000,10.27000000,10.30000000,9.84000000,9.91000000,176296.62000000,1750543199999999,1767453.02610000,11474,62615.55000000,627735.74550000,0
1750543200000000,9.92000000,10.05000000,9.91000000,10.00000000,37427.99000000,1750546799999999,373814.78040000,4092,21572.95000000,215571.33440000,0
1750546800000000,10.01000000,10.12000000,9.81000000,10.10000000,95117.94000000,1750550399999999,946026.27110000,7519,50313.98000000,501383.26780000,0
1750550400000000,10.10000000,10.28000000,10.03000000,10.21000000,80821.14000000,1750553999999999,821734.17530000,8404,42658.77000000,433889.80380000,0
1750554000000000,10.21000000,10.28000000,9.99000000,10.00000000,26402.26000000,1750557599999999,267771.82070000,3424,10858.63000000,110162.29480000,0
1750557600000000,10.01000000,10.11000000,9.90000000,10.02000000,44601.21000000,1750561199999999,444668.24200000,4061,19138.31000000,190962.24280000,0
1750561200000000,10.02000000,10.04000000,9.89000000,9.95000000,19307.42000000,1750564799999999,192143.75940000,2590,10298.29000000,102480.16490000,0
1750564800000000,9.94000000,10.06000000,9.92000000,10.01000000,23450.11000000,1750568399999999,234505.65110000,2962,14758.21000000,147558.03550000,0
1750568400000000,10.01000000,10.06000000,9.93000000,10.02000000,22721.72000000,1750571999999999,226705.67190000,1960,11543.91000000,115242.12110000,0
1750572000000000,10.01000000,10.09000000,9.96000000,10.08000000,17952.41000000,1750575599999999,180088.10040000,1836,9214.05000000,92482.59660000,0
1750575600000000,10.07000000,10.11000000,9.94000000,9.97000000,26988.44000000,1750579199999999,270010.62390000,2101,7740.69000000,77420.45800000,0
1750579200000000,9.98000000,9.98000000,9.85000000,9.88000000,18760.49000000,1750582799999999,185871.16440000,1586,7584.95000000,75179.36080000,0
1750582800000000,9.88000000,9.92000000,9.69000000,9.72000000,83023.77000000,1750586399999999,811932.12620000,4452,22090.19000000,216195.36020000,0
1750586400000000,9.72000000,9.83000000,9.70000000,9.77000000,28569.93000000,1750589999999999,278977.90080000,2817,16123.74000000,157587.38550000,0
1750590000000000,9.77000000,9.84000000,9.68000000,9.75000000,29017.83000000,1750593599999999,282987.32510000,2674,9735.47000000,94978.34150000,0
1750593600000000,9.75000000,9.81000000,9.59000000,9.74000000,44266.43000000,1750597199999999,428511.46780000,3466,21646.19000000,209779.57010000,0
1750597200000000,9.74000000,9.77000000,9.22000000,9.36000000,234301.90000000,1750600799999999,2197397.63270000,17975,109406.69000000,1026671.32350000,0
1750600800000000,9.36000000,9.52000000,9.19000000,9.49000000,150861.25000000,1750604399999999,1407354.86210000,11973,74593.93000000,696845.41790000,0
1750604400000000,9.49000000,9.52000000,9.25000000,9.27000000,44946.21000000,1750607999999999,422136.04530000,4218,17873.79000000,168130.90240000,0
1750608000000000,9.27000000,9.32000000,9.20000000,9.26000000,57251.19000000,1750611599999999,530643.10440000,5210,27753.41000000,257420.00100000,0
1750611600000000,9.26000000,9.37000000,9.16000000,9.28000000,54686.05000000,1750615199999999,506521.98970000,4424,22806.02000000,211275.02190000,0
1750615200000000,9.28000000,9.33000000,9.19000000,9.21000000,36753.55000000,1750618799999999,339593.08340000,2022,22493.04000000,207937.35840000,0
1750618800000000,9.22000000,9.25000000,9.12000000,9.19000000,24651.08000000,1750622399999999,226572.99290000,2649,14681.87000000,134954.58540000,0
1750622400000000,9.19000000,9.39000000,8.95000000,9.37000000,127187.61000000,1750625999999999,1159856.60400000,9186,61992.53000000,566384.14760000,0
1750626000000000,9.37000000,9.44000000,9.26000000,9.29000000,42206.56000000,1750629599999999,395051.77900000,2785,22827.63000000,213669.31180000,0
1750629600000000,9.29000000,9.74000000,9.29000000,9.72000000,95684.33000000,1750633199999999,914906.10890000,7226,63311.78000000,605356.11920000,0
1750633200000000,9.72000000,9.78000000,9.64000000,9.71000000,68636.29000000,1750636799999999,667082.28160000,4474,36783.12000000,357397.82490000,0
1750636800000000,9.71000000,9.88000000,9.68000000,9.76000000,55359.08000000,1750640399999999,541526.82580000,3743,33548.53000000,328416.37850000,0
1750640400000000,9.76000000,9.86000000,9.74000000,9.85000000,15816.43000000,1750643999999999,154761.88600000,1410,7052.94000000,69097.23560000,0
1750644000000000,9.85000000,9.94000000,9.83000000,9.92000000,23612.71000000,1750647599999999,233212.46520000,1951,12178.65000000,120327.14970000,0
1750647600000000,9.93000000,9.94000000,9.80000000,9.84000000,35626.90000000,1750651199999999,352091.38270000,2089,14842.96000000,146944.76870000,0
1750651200000000,9.84000000,9.93000000,9.80000000,9.89000000,17780.38000000,1750654799999999,175284.82020000,1325,7971.23000000,78710.06880000,0
1750654800000000,9.90000000,9.92000000,9.82000000,9.87000000,43813.12000000,1750658399999999,432892.38270000,1644,20662.56000000,204343.85060000,0
1750658400000000,9.87000000,9.91000000,9.82000000,9.90000000,41411.26000000,1750661999999999,408348.96520000,2484,18585.88000000,183413.81950000,0
1750662000000000,9.91000000,9.98000000,9.89000000,9.90000000,37973.76000000,1750665599999999,377410.19450000,2586,14821.05000000,147352.89320000,0
1750665600000000,9.90000000,9.95000000,9.83000000,9.88000000,25747.47000000,1750669199999999,254264.93240000,1924,11729.54000000,115872.10610000,0
1750669200000000,9.88000000,9.88000000,9.80000000,9.84000000,20994.96000000,1750672799999999,206593.96230000,1250,8697.69000000,85615.52850000,0
1750672800000000,9.84000000,9.85000000,9.74000000,9.76000000,25215.39000000,1750676399999999,246879.14550000,1335,11274.34000000,110496.32130000,0
1750676400000000,9.75000000,9.79000000,9.71000000,9.77000000,20120.50000000,1750679999999999,196058.27540000,1741,8825.08000000,86023.68490000,0
1750680000000000,9.78000000,9.86000000,9.64000000,9.85000000,105519.22000000,1750683599999999,1028512.46440000,4959,59690.31000000,582184.41790000,0
1750683600000000,9.85000000,10.00000000,9.64000000,9.90000000,208594.22000000,1750687199999999,2055286.05220000,11394,124879.76000000,1230502.35710000,0
1750687200000000,9.90000000,9.96000000,9.75000000,9.77000000,147674.79000000,1750690799999999,1457360.93830000,9865,77548.37000000,766016.00760000,0
1750690800000000,9.77000000,9.85000000,9.66000000,9.70000000,43526.04000000,1750694399999999,425386.56420000,3170,20587.34000000,201600.54150000,0
1750694400000000,9.70000000,9.72000000,9.43000000,9.52000000,106379.64000000,1750697999999999,1015808.56140000,5999,47336.57000000,452048.91650000,0
1750698000000000,9.52000000,9.95000000,9.49000000,9.89000000,116530.97000000,1750701599999999,1137834.16100000,8785,59033.60000000,576311.36920000,0
1750701600000000,9.90000000,10.13000000,9.90000000,10.09000000,106934.36000000,1750705199999999,1073951.91760000,6687,60020.88000000,603076.85200000,0
1750705200000000,10.10000000,10.16000000,10.00000000,10.15000000,64352.10000000,1750708799999999,650130.31460000,4616,32656.79000000,330281.84050000,0
1750708800000000,10.15000000,10.50000000,10.09000000,10.42000000,145901.89000000,1750712399999999,1515289.36190000,9326,79082.71000000,821072.36720000,0
1750712400000000,10.43000000,10.53000000,10.32000000,10.35000000,107155.11000000,1750715999999999,1120185.72570000,5447,62951.51000000,658672.86320000,0
1750716000000000,10.35000000,11.02000000,10.35000000,10.97000000,364735.92000000,1750719599999999,3927080.35550000,18904,188670.65000000,2032135.46210000,0
1750719600000000,10.97000000,10.99000000,10.79000000,10.89000000,103051.99000000,1750723199999999,1120566.31670000,7225,51113.58000000,556010.90410000,0
1750723200000000,10.89000000,11.00000000,10.88000000,11.00000000,86896.05000000,1750726799999999,952028.09830000,6116,45492.23000000,498502.54710000,0
1750726800000000,11.00000000,11.08000000,10.93000000,11.07000000,93603.97000000,1750730399999999,1030409.19530000,5047,51082.93000000,562470.08610000,0
1750730400000000,11.07000000,11.19000000,11.03000000,11.04000000,117581.40000000,1750733999999999,1305678.05430000,6630,63373.44000000,703907.32940000,0
1750734000000000,11.03000000,11.20000000,11.01000000,11.10000000,124237.11000000,1750737599999999,1380696.32020000,4400,85363.39000000,948678.65010000,0
1750737600000000,11.10000000,11.22000000,11.09000000,11.20000000,136590.93000000,1750741199999999,1523975.21820000,5611,83548.32000000,932166.90100000,0
1750741200000000,11.20000000,11.67000000,11.18000000,11.66000000,111264.28000000,1750744799999999,1274041.92430000,10251,73360.55000000,840274.99360000,0
1750744800000000,11.66000000,11.90000000,11.57000000,11.79000000,117556.62000000,1750748399999999,1379456.88910000,7931,69541.85000000,816013.69480000,0
1750748400000000,11.79000000,11.80000000,11.52000000,11.55000000,111591.43000000,1750751999999999,1303614.34380000,9605,42501.36000000,497015.37520000,0
1750752000000000,11.55000000,11.61000000,11.38000000,11.48000000,96327.24000000,1750755599999999,1105533.83480000,8790,33637.67000000,386361.66670000,0
1750755600000000,11.48000000,11.81000000,11.46000000,11.66000000,72965.44000000,1750759199999999,853877.93840000,5348,38321.78000000,448474.80380000,0
1750759200000000,11.65000000,11.71000000,11.57000000,11.64000000,38947.22000000,1750762799999999,453140.88760000,3328,20030.27000000,233205.38530000,0
1750762800000000,11.64000000,11.78000000,11.56000000,11.72000000,44177.11000000,1750766399999999,516496.76230000,3845,21703.67000000,253775.22970000,0
1750766400000000,11.72000000,11.85000000,11.66000000,11.71000000,61567.89000000,1750769999999999,723151.08300000,4408,30409.91000000,357557.29880000,0
1750770000000000,11.71000000,11.83000000,11.64000000,11.79000000,64712.48000000,1750773599999999,759049.44790000,6138,33037.63000000,387534.67120000,0
1750773600000000,11.79000000,12.02000000,11.73000000,11.80000000,117998.28000000,1750777199999999,1400346.19500000,8002,58450.49000000,694538.70720000,0
1750777200000000,11.80000000,11.89000000,11.61000000,11.73000000,74003.68000000,1750780799999999,867791.46590000,6536,32858.20000000,385446.71740000,0
1750780800000000,11.74000000,11.97000000,11.68000000,11.97000000,67466.63000000,1750784399999999,799825.14250000,5578,41988.80000000,498110.77390000,0
1750784400000000,11.96000000,11.97000000,11.66000000,11.69000000,83724.55000000,1750787999999999,989838.35070000,5333,31417.18000000,371133.36690000,0
1750788000000000,11.69000000,11.71000000,11.58000000,11.59000000,35393.88000000,1750791599999999,411600.80170000,3330,18180.16000000,211514.11080000,0
1750791600000000,11.59000000,11.61000000,11.45000000,11.57000000,55498.10000000,1750795199999999,640663.92290000,6616,20350.99000000,235132.84660000,0
1750795200000000,11.56000000,11.65000000,11.52000000,11.65000000,31993.94000000,1750798799999999,370200.25040000,3063,16981.12000000,196555.24210000,0
1750798800000000,11.64000000,11.70000000,11.52000000,11.69000000,31931.84000000,1750802399999999,370904.19380000,2384,13675.53000000,158704.54450000,0
1750802400000000,11.68000000,11.68000000,11.56000000,11.62000000,48560.96000000,1750805999999999,563839.89870000,2170,23584.62000000,274137.30090000,0
1750806000000000,11.61000000,11.62000000,11.48000000,11.58000000,58928.60000000,1750809599999999,679091.11870000,2603,23354.60000000,269348.79250000,0
1750809600000000,11.59000000,11.60000000,11.42000000,11.52000000,96603.34000000,1750813199999999,1111708.33840000,3322,46567.61000000,536418.06980000,0
1750813200000000,11.51000000,11.52000000,11.41000000,11.46000000,18500.19000000,1750816799999999,211995.21330000,2408,10500.80000000,120374.72460000,0
1750816800000000,11.47000000,11.53000000,11.40000000,11.41000000,25834.53000000,1750820399999999,296152.48790000,2448,8923.37000000,102425.91820000,0
1750820400000000,11.41000000,11.52000000,11.38000000,11.43000000,23872.82000000,1750823999999999,273724.89330000,2329,11547.52000000,132344.69520000,0
1750824000000000,11.43000000,11.52000000,11.37000000,11.43000000,42187.89000000,1750827599999999,483460.47890000,2291,26918.05000000,309150.43260000,0
1750827600000000,11.43000000,11.47000000,11.33000000,11.33000000,28127.12000000,1750831199999999,319953.29010000,1906,12088.42000000,137638.64100000,0
1750831200000000,11.34000000,11.38000000,11.27000000,11.34000000,43028.91000000,1750834799999999,487072.10180000,2507,22801.84000000,258131.27910000,0
1750834800000000,11.34000000,11.54000000,11.31000000,11.52000000,41678.09000000,1750838399999999,476709.88660000,3437,24170.97000000,276479.46890000,0
1750838400000000,11.52000000,11.56000000,11.38000000,11.44000000,29541.79000000,1750841999999999,338462.08380000,2770,15033.60000000,172254.71650000,0
1750842000000000,11.44000000,11.49000000,11.29000000,11.36000000,54431.69000000,1750845599999999,619937.44570000,3664,16950.00000000,193546.98910000,0
1750845600000000,11.37000000,11.41000000,11.31000000,11.36000000,27248.38000000,1750849199999999,309517.08110000,2062,11514.22000000,130953.46860000,0
1750849200000000,11.36000000,11.48000000,11.32000000,11.46000000,16516.55000000,1750852799999999,188085.64960000,1775,9758.96000000,111150.06880000,0
1750852800000000,11.46000000,11.46000000,11.34000000,11.36000000,16114.10000000,1750856399999999,183290.42690000,1687,6963.23000000,79182.03680000,0
1750856400000000,11.35000000,11.52000000,11.34000000,11.45000000,43945.95000000,1750859999999999,503591.55470000,5090,23027.92000000,263886.41410000,0
1750860000000000,11.46000000,11.47000000,11.15000000,11.27000000,75195.32000000,1750863599999999,847133.49680000,6407,30070.69000000,339238.39930000,0
1750863600000000,11.26000000,11.27000000,11.01000000,11.05000000,89987.84000000,1750867199999999,999469.47240000,4370,23374.83000000,259580.03620000,0
1750867200000000,11.04000000,11.12000000,10.95000000,11.00000000,41822.69000000,1750870799999999,461427.42250000,3284,19038.12000000,210331.76790000,0
1750870800000000,11.00000000,11.29000000,10.99000000,11.23000000,96635.72000000,1750874399999999,1081657.32470000,7619,62205.69000000,696167.09490000,0
1750874400000000,11.23000000,11.25000000,11.14000000,11.22000000,32329.15000000,1750877999999999,361962.39340000,3154,15993.22000000,179177.08150000,0
1750878000000000,11.22000000,11.45000000,11.21000000,11.45000000,103643.58000000,1750881599999999,1178062.65560000,8022,54952.24000000,624521.76470000,0
1750881600000000,11.46000000,11.47000000,11.32000000,11.36000000,49400.53000000,1750885199999999,563212.03450000,5058,22982.97000000,262221.79800000,0
1750885200000000,11.36000000,11.42000000,11.14000000,11.16000000,44053.48000000,1750888799999999,495650.75800000,2539,20765.30000000,233675.74030000,0
1750888800000000,11.16000000,11.25000000,11.10000000,11.12000000,86297.76000000,1750892399999999,963848.83230000,3685,44216.93000000,494095.08950000,0
1750892400000000,11.12000000,11.12000000,11.04000000,11.09000000,42583.91000000,1750895999999999,471712.08770000,1812,23839.15000000,264083.76720000,0
1750896000000000,11.09000000,11.26000000,11.09000000,11.19000000,57011.44000000,1750899599999999,638343.01550000,3228,30384.23000000,340143.46420000,0
1750899600000000,11.19000000,11.45000000,11.14000000,11.28000000,46323.10000000,1750903199999999,522939.12520000,3898,23606.64000000,266649.62160000,0
1750903200000000,11.29000000,11.53000000,11.29000000,11.51000000,85673.39000000,1750906799999999,975787.43110000,4496,44199.99000000,503477.93930000,0
1750906800000000,11.51000000,11.59000000,11.30000000,11.34000000,73155.16000000,1750910399999999,836370.32140000,4388,37780.80000000,432450.85740000,0
1750910400000000,11.34000000,11.38000000,11.20000000,11.28000000,40974.08000000,1750913999999999,462923.36770000,2526,18159.39000000,205240.93500000,0
1750914000000000,11.27000000,11.28000000,11.16000000,11.23000000,25541.45000000,1750917599999999,286399.13270000,2038,8853.65000000,99231.18740000,0
1750917600000000,11.23000000,11.31000000,11.21000000,11.29000000,28911.92000000,1750921199999999,325465.92930000,1796,11571.24000000,130358.73740000,0
1750921200000000,11.29000000,11.33000000,11.21000000,11.27000000,32577.30000000,1750924799999999,367314.99840000,2549,14507.78000000,163611.99430000,0
1750924800000000,11.27000000,11.31000000,11.17000000,11.19000000,23613.63000000,1750928399999999,265755.33260000,1900,9283.34000000,104630.85720000,0
1750928400000000,11.19000000,11.23000000,11.07000000,11.08000000,42601.40000000,1750931999999999,474384.86000000,2765,15539.01000000,173203.75760000,0
1750932000000000,11.08000000,11.17000000,11.04000000,11.10000000,23262.72000000,1750935599999999,258462.75070000,1811,14271.99000000,158497.08370000,0
1750935600000000,11.10000000,11.11000000,11.03000000,11.06000000,22757.77000000,1750939199999999,251864.03490000,1645,11487.10000000,127195.91630000,0
1750939200000000,11.06000000,11.07000000,10.82000000,10.83000000,167381.01000000,1750942799999999,1834405.34470000,7287,75475.83000000,827426.53540000,0
1750942800000000,10.84000000,10.89000000,10.72000000,10.76000000,97272.87000000,1750946399999999,1051248.85050000,7687,28378.68000000,306601.21540000,0
1750946400000000,10.75000000,11.03000000,10.68000000,10.82000000,143764.68000000,1750949999999999,1559308.58410000,6679,62399.46000000,678862.97060000,0
1750950000000000,10.82000000,10.89000000,10.72000000,10.83000000,57766.02000000,1750953599999999,625276.78240000,3731,31190.30000000,337821.96610000,0
1750953600000000,10.82000000,10.84000000,10.69000000,10.72000000,24850.61000000,1750957199999999,266868.85060000,1699,7719.65000000,83011.68200000,0
1750957200000000,10.72000000,10.83000000,10.71000000,10.72000000,25156.60000000,1750960799999999,271007.12330000,2227,12606.38000000,135818.64450000,0
1750960800000000,10.71000000,10.85000000,10.70000000,10.81000000,29856.73000000,1750964399999999,322268.64080000,2291,16823.51000000,181524.81220000,0
1750964400000000,10.81000000,10.98000000,10.78000000,10.91000000,45240.84000000,1750967999999999,493545.89760000,3311,32554.61000000,355133.68040000,0
1750968000000000,10.91000000,11.11000000,10.86000000,11.00000000,109240.46000000,1750971599999999,1199632.75010000,4822,73227.09000000,804298.46700000,0
1750971600000000,10.99000000,10.99000000,10.76000000,10.82000000,41621.85000000,1750975199999999,451286.89650000,2976,17870.80000000,193852.43880000,0
1750975200000000,10.81000000,10.88000000,10.68000000,10.69000000,41869.38000000,1750978799999999,450123.56470000,1995,25874.36000000,278177.22960000,0
1750978800000000,10.68000000,10.68000000,10.62000000,10.63000000,25619.12000000,1750982399999999,272754.40510000,1915,13376.25000000,142428.34410000,0
1750982400000000,10.63000000,10.72000000,10.53000000,10.54000000,28929.76000000,1750985999999999,307405.25830000,2116,13963.66000000,148520.35030000,0
1750986000000000,10.54000000,10.72000000,10.48000000,10.66000000,41896.95000000,1750989599999999,444027.37660000,3144,21711.63000000,230389.85700000,0
1750989600000000,10.66000000,10.76000000,10.60000000,10.72000000,15936.10000000,1750993199999999,170292.69890000,1613,10811.86000000,115542.71340000,0
1750993200000000,10.72000000,10.77000000,10.67000000,10.71000000,17752.53000000,1750996799999999,190492.13040000,1650,9404.25000000,100944.75280000,0
1750996800000000,10.72000000,10.76000000,10.62000000,10.68000000,33147.66000000,1751000399999999,353934.64200000,1746,10464.76000000,111739.75840000,0
1751000400000000,10.68000000,10.86000000,10.62000000,10.63000000,22537.61000000,1751003999999999,241595.68540000,1986,13904.35000000,149081.81000000,0
1751004000000000,10.63000000,10.71000000,10.60000000,10.61000000,41068.04000000,1751007599999999,437373.89430000,2077,12520.27000000,133370.31220000,0
1751007600000000,10.61000000,10.69000000,10.52000000,10.55000000,20772.32000000,1751011199999999,220037.40490000,1565,10912.63000000,115607.15560000,0
1751011200000000,10.55000000,10.91000000,10.55000000,10.86000000,103555.27000000,1751014799999999,1112693.86170000,5879,76123.37000000,818943.31480000,0
1751014800000000,10.86000000,10.89000000,10.69000000,10.77000000,54572.06000000,1751018399999999,588043.14060000,4059,20582.43000000,222065.27330000,0
1751018400000000,10.77000000,10.78000000,10.66000000,10.67000000,52639.79000000,1751021999999999,562706.94160000,2091,24746.63000000,264788.02620000,0
1751022000000000,10.66000000,10.75000000,10.65000000,10.68000000,63117.41000000,1751025599999999,675270.53500000,2469,40311.34000000,431457.63310000,0
1751025600000000,10.68000000,10.74000000,10.51000000,10.54000000,57588.29000000,1751029199999999,611528.96440000,3074,31531.22000000,334372.69850000,0
1751029200000000,10.53000000,10.66000000,10.52000000,10.64000000,34254.75000000,1751032799999999,362542.27070000,2766,17253.62000000,182444.28930000,0
1751032800000000,10.63000000,10.69000000,10.52000000,10.53000000,24411.58000000,1751036399999999,258615.81210000,2407,9825.94000000,104192.55670000,0
1751036400000000,10.53000000,10.66000000,10.50000000,10.59000000,31516.16000000,1751039999999999,333168.08530000,3382,16051.54000000,169791.36910000,0
1751040000000000,10.60000000,10.79000000,10.53000000,10.63000000,79098.14000000,1751043599999999,840776.60430000,4224,47323.42000000,502171.27410000,0
1751043600000000,10.62000000,10.64000000,10.42000000,10.50000000,51307.41000000,1751047199999999,538467.30280000,2837,17930.11000000,188430.03200000,0
1751047200000000,10.49000000,10.50000000,10.35000000,10.39000000,32386.37000000,1751050799999999,336669.02280000,2320,12301.00000000,128069.93160000,0
1751050800000000,10.39000000,10.45000000,10.36000000,10.42000000,20270.89000000,1751054399999999,211008.94890000,1896,9777.19000000,101801.08480000,0
1751054400000000,10.42000000,10.60000000,10.40000000,10.57000000,29096.29000000,1751057999999999,305557.12190000,1886,12200.96000000,128082.24160000,0
1751058000000000,10.58000000,10.62000000,10.50000000,10.56000000,18758.38000000,1751061599999999,198240.29720000,1618,10412.28000000,110026.38390000,0
1751061600000000,10.57000000,10.61000000,10.55000000,10.58000000,15996.79000000,1751065199999999,169384.55460000,1101,8360.77000000,88541.99690000,0
1751065200000000,10.58000000,10.58000000,10.49000000,10.53000000,11187.86000000,1751068799999999,117816.71560000,888,5138.06000000,54072.82760000,0
1751068800000000,10.53000000,10.62000000,10.51000000,10.58000000,12240.61000000,1751072399999999,129412.11580000,1238,7464.39000000,78919.24880000,0
1751072400000000,10.57000000,10.66000000,10.53000000,10.65000000,12433.00000000,1751075999999999,131576.37150000,1240,5301.76000000,56152.63000000,0
1751076000000000,10.65000000,10.65000000,10.55000000,10.56000000,9563.22000000,1751079599999999,101359.77200000,897,4511.08000000,47834.09910000,0
1751079600000000,10.56000000,10.58000000,10.51000000,10.51000000,14154.40000000,1751083199999999,149373.04110000,959,8887.17000000,93822.46200000,0
1751083200000000,10.52000000,10.53000000,10.44000000,10.44000000,13763.41000000,1751086799999999,144327.63620000,881,5052.26000000,53022.60320000,0
1751086800000000,10.44000000,10.50000000,10.41000000,10.42000000,11017.88000000,1751090399999999,115115.51590000,910,5072.36000000,53039.40410000,0
1751090400000000,10.43000000,10.45000000,10.38000000,10.41000000,13178.60000000,1751093999999999,137244.35050000,995,5049.32000000,52616.70920000,0
1751094000000000,10.41000000,10.51000000,10.38000000,10.51000000,24381.80000000,1751097599999999,255173.70880000,1126,17088.74000000,178970.74330000,0
1751097600000000,10.51000000,10.53000000,10.40000000,10.44000000,33305.13000000,1751101199999999,347784.42460000,1307,21603.60000000,225559.72200000,0
1751101200000000,10.44000000,10.58000000,10.43000000,10.54000000,19266.98000000,1751104799999999,202690.48220000,1055,8182.63000000,86048.55070000,0
1751104800000000,10.54000000,10.59000000,10.52000000,10.57000000,17372.11000000,1751108399999999,183457.64040000,1078,9152.39000000,96663.59300000,0
1751108400000000,10.58000000,10.63000000,10.52000000,10.54000000,21104.74000000,1751111999999999,223311.85820000,1341,11288.68000000,119508.27960000,0
1751112000000000,10.54000000,10.67000000,10.52000000,10.62000000,140757.25000000,1751115599999999,1491748.34550000,3029,74465.42000000,788320.84400000,0
1751115600000000,10.63000000,10.69000000,10.48000000,10.49000000,49246.23000000,1751119199999999,519381.58640000,2028,17751.31000000,187231.74300000,0
1751119200000000,10.49000000,10.55000000,10.47000000,10.52000000,20675.37000000,1751122799999999,217295.74930000,1772,11779.24000000,123831.11130000,0
1751122800000000,10.52000000,10.65000000,10.52000000,10.65000000,12826.35000000,1751126399999999,135635.07560000,1001,8855.37000000,93697.60640000,0
1751126400000000,10.65000000,10.81000000,10.65000000,10.74000000,50149.50000000,1751129999999999,538145.75870000,3201,26885.97000000,288695.53960000,0
1751130000000000,10.74000000,10.90000000,10.67000000,10.90000000,42620.53000000,1751133599999999,458936.90430000,2411,28554.25000000,307902.27180000,0
1751133600000000,10.90000000,10.92000000,10.79000000,10.87000000,141230.91000000,1751137199999999,1530341.29950000,3463,28159.27000000,305366.23560000,0
1751137200000000,10.87000000,10.90000000,10.76000000,10.78000000,20795.35000000,1751140799999999,225325.17460000,1531,9069.32000000,98303.03590000,0
1751140800000000,10.78000000,10.82000000,10.74000000,10.76000000,35731.17000000,1751144399999999,385167.77680000,1710,8938.54000000,96388.89160000,0
1751144400000000,10.76000000,10.92000000,10.75000000,10.91000000,12929.42000000,1751147999999999,140171.49960000,956,7343.09000000,79707.38740000,0
1751148000000000,10.93000000,11.06000000,10.90000000,11.01000000,35508.89000000,1751151599999999,390542.78210000,2330,27390.33000000,301202.50740000,0
1751151600000000,11.01000000,11.03000000,10.94000000,10.98000000,12688.75000000,1751155199999999,139344.67810000,1167,6656.41000000,73127.45450000,0
1751155200000000,10.98000000,11.05000000,10.96000000,10.99000000,31146.42000000,1751158799999999,342519.55760000,1361,14515.19000000,159673.61900000,0
1751158800000000,10.99000000,10.99000000,10.81000000,10.83000000,10079.34000000,1751162399999999,109485.62490000,718,1721.71000000,18714.65320000,0
1751162400000000,10.83000000,10.91000000,10.79000000,10.89000000,18862.70000000,1751165999999999,204836.37010000,927,14881.41000000,161612.66800000,0
1751166000000000,10.89000000,10.93000000,10.85000000,10.85000000,7789.66000000,1751169599999999,84884.92190000,627,3582.36000000,39067.90300000,0
1751169600000000,10.85000000,10.89000000,10.82000000,10.83000000,9791.48000000,1751173199999999,106160.79290000,644,6278.20000000,68071.60510000,0
1751173200000000,10.83000000,10.91000000,10.82000000,10.88000000,7292.77000000,1751176799999999,79223.59590000,560,4817.99000000,52371.32580000,0
1751176800000000,10.88000000,10.93000000,10.87000000,10.93000000,4783.44000000,1751180399999999,52125.25150000,434,2468.07000000,26907.76080000,0
1751180400000000,10.93000000,11.02000000,10.91000000,11.02000000,13272.96000000,1751183999999999,145359.64010000,1360,6520.31000000,71505.96110000,0
1751184000000000,11.02000000,11.05000000,10.93000000,11.03000000,17598.83000000,1751187599999999,193339.05650000,1750,8538.74000000,93857.07600000,0
1751187600000000,11.03000000,11.07000000,10.95000000,10.96000000,25227.09000000,1751191199999999,278004.54870000,1860,13394.79000000,147642.29670000,0
1751191200000000,10.96000000,11.00000000,10.88000000,10.88000000,43298.90000000,1751194799999999,473266.00370000,1780,26663.36000000,291280.26120000,0
1751194800000000,10.88000000,10.95000000,10.87000000,10.91000000,27088.98000000,1751198399999999,295480.30840000,1287,13254.21000000,144726.83350000,0
1751198400000000,10.91000000,10.92000000,10.83000000,10.87000000,11410.35000000,1751201999999999,124124.33390000,1210,4513.42000000,49104.59140000,0
1751202000000000,10.88000000,10.93000000,10.81000000,10.83000000,14243.85000000,1751205599999999,154569.66840000,1380,6078.16000000,66001.65440000,0
1751205600000000,10.84000000,10.89000000,10.77000000,10.78000000,11906.27000000,1751209199999999,128735.91280000,1245,4155.25000000,44952.88150000,0
1751209200000000,10.77000000,10.78000000,10.69000000,10.71000000,18736.78000000,1751212799999999,201048.98030000,1537,6755.00000000,72484.37120000,0
1751212800000000,10.71000000,10.78000000,10.69000000,10.77000000,17957.04000000,1751216399999999,192675.74840000,1523,7733.94000000,83033.94480000,0
1751216400000000,10.78000000,10.82000000,10.73000000,10.81000000,10787.58000000,1751219999999999,116129.85830000,1037,5184.65000000,55854.36900000,0
1751220000000000,10.82000000,10.95000000,10.76000000,10.93000000,29682.35000000,1751223599999999,322190.84760000,1478,16904.32000000,183469.33350000,0
1751223600000000,10.93000000,11.04000000,10.91000000,11.04000000,44348.39000000,1751227199999999,486741.16510000,2170,28993.97000000,318438.33830000,0
1751227200000000,11.04000000,11.13000000,10.98000000,11.05000000,14874.53000000,1751230799999999,164746.85170000,1572,6305.71000000,69916.02030000,0
1751230800000000,11.05000000,11.34000000,10.96000000,11.28000000,42798.99000000,1751234399999999,479668.46750000,2646,24242.41000000,271944.60480000,0
1751234400000000,11.28000000,11.64000000,11.28000000,11.61000000,83838.30000000,1751237999999999,964559.43490000,6547,45477.05000000,523064.33910000,0
1751238000000000,11.62000000,11.67000000,11.43000000,11.44000000,121571.38000000,1751241599999999,1398968.10020000,4663,32535.61000000,375039.03340000,0
1751241600000000,11.44000000,11.52000000,11.37000000,11.38000000,53725.69000000,1751245199999999,615388.54760000,6845,27413.37000000,314099.05540000,0
1751245200000000,11.38000000,11.39000000,11.19000000,11.20000000,39726.97000000,1751248799999999,447455.77330000,3211,20370.43000000,229529.77330000,0
1751248800000000,11.20000000,11.21000000,11.13000000,11.14000000,17153.22000000,1751252399999999,191468.56370000,1015,7286.87000000,81368.09280000,0
1751252400000000,11.14000000,11.18000000,11.09000000,11.11000000,9075.36000000,1751255999999999,101022.29900000,1080,4050.77000000,45127.74410000,0
1751256000000000,11.11000000,11.12000000,11.00000000,11.02000000,34338.40000000,1751259599999999,378627.59430000,1454,8087.80000000,89393.55100000,0
1751259600000000,11.02000000,11.09000000,11.01000000,11.07000000,10528.34000000,1751263199999999,116385.28830000,1029,7416.01000000,81976.29310000,0
1751263200000000,11.07000000,11.09000000,10.88000000,10.95000000,36273.15000000,1751266799999999,399134.36010000,1628,7880.92000000,86752.69580000,0
1751266800000000,10.96000000,11.18000000,10.95000000,11.13000000,31864.47000000,1751270399999999,353125.25770000,2106,22359.20000000,248233.91650000,0
1751270400000000,11.13000000,11.14000000,10.89000000,10.91000000,25474.21000000,1751273999999999,280323.05190000,1629,8439.20000000,92908.88880000,0
1751274000000000,10.92000000,10.96000000,10.87000000,10.89000000,18825.65000000,1751277599999999,205433.77380000,1188,9982.90000000,108985.03730000,0
1751277600000000,10.89000000,10.99000000,10.89000000,10.95000000,21052.13000000,1751281199999999,230443.76270000,1271,8603.22000000,94169.55800000,0
1751281200000000,10.94000000,10.95000000,10.88000000,10.91000000,13320.09000000,1751284799999999,145413.62740000,1282,8488.86000000,92685.34160000,0
1751284800000000,10.90000000,10.94000000,10.75000000,10.81000000,61855.16000000,1751288399999999,668950.29280000,2102,26458.55000000,285986.69620000,0
1751288400000000,10.81000000,10.90000000,10.75000000,10.77000000,24120.63000000,1751291999999999,261410.84590000,2135,12411.93000000,134719.04590000,0
1751292000000000,10.78000000,10.86000000,10.73000000,10.77000000,28674.08000000,1751295599999999,309312.61530000,2792,13927.05000000,150187.58180000,0
1751295600000000,10.78000000,10.94000000,10.70000000,10.81000000,40903.75000000,1751299199999999,443266.72900000,4567,24717.92000000,267932.59260000,0
1751299200000000,10.82000000,10.92000000,10.78000000,10.89000000,15484.02000000,1751302799999999,167981.50570000,1708,8116.73000000,88091.55340000,0
1751302800000000,10.89000000,10.95000000,10.85000000,10.88000000,20435.13000000,1751306399999999,222665.58080000,1909,11244.24000000,122555.54140000,0
1751306400000000,10.87000000,10.93000000,10.78000000,10.83000000,19969.66000000,1751309999999999,216397.44240000,1477,7440.74000000,80758.74820000,0
1751310000000000,10.83000000,11.10000000,10.83000000,11.09000000,60754.88000000,1751313599999999,667873.05980000,3372,43257.07000000,475411.65090000,0
1751313600000000,11.08000000,11.17000000,11.02000000,11.07000000,18407.72000000,1751317199999999,204153.92030000,1717,9108.91000000,101090.06840000,0
1751317200000000,11.06000000,11.07000000,10.85000000,10.89000000,40347.04000000,1751320799999999,441995.36550000,2132,10422.27000000,114269.24300000,0
1751320800000000,10.90000000,10.92000000,10.82000000,10.82000000,16454.06000000,1751324399999999,179007.80250000,1220,9471.23000000,103111.69080000,0
1751324400000000,10.83000000,10.84000000,10.74000000,10.76000000,13583.68000000,1751327999999999,146441.44200000,1104,5368.94000000,57883.78080000,0
