1751328000000000,4.09400000,4.11100000,4.07200000,4.07800000,31445.28000000,1751331599999999,128534.66058000,1047,15952.21000000,65258.96028000,0
1751331600000000,4.08000000,4.09700000,4.06400000,4.07000000,19244.03000000,1751335199999999,78526.11725000,767,7894.16000000,32229.44897000,0
1751335200000000,4.07000000,4.08500000,4.05600000,4.05900000,13538.63000000,1751338799999999,55091.07012000,564,6147.31000000,25011.52717000,0
1751338800000000,4.05900000,4.05900000,4.04000000,4.04500000,43619.32000000,1751342399999999,176596.52816000,1043,15120.63000000,61223.38629000,0
1751342400000000,4.04500000,4.04500000,3.99700000,3.99800000,44729.65000000,1751345999999999,179510.50929000,1070,13224.48000000,53128.91711000,0
1751346000000000,3.99800000,4.01800000,3.99400000,4.00700000,24571.13000000,1751349599999999,98381.54575000,814,13709.69000000,54901.51081000,0
1751349600000000,4.00600000,4.01600000,3.99500000,4.00800000,30156.78000000,1751353199999999,120856.71251000,807,11898.40000000,47682.54931000,0
1751353200000000,4.00800000,4.02200000,3.97500000,4.01400000,36537.12000000,1751356799999999,146252.54319000,1060,15594.70000000,62383.59761000,0
1751356800000000,4.01500000,4.01500000,3.97400000,3.98300000,31464.69000000,1751360399999999,125553.01476000,939,11162.12000000,44542.63790000,0
1751360400000000,3.98400000,4.00300000,3.98300000,3.99800000,22316.38000000,1751363999999999,89056.76209000,634,10046.59000000,40092.73937000,0
1751364000000000,3.99800000,4.01100000,3.98800000,4.00300000,27122.75000000,1751367599999999,108467.22201000,759,9868.04000000,39471.12311000,0
1751367600000000,4.00300000,4.00800000,3.97800000,3.99300000,36107.49000000,1751371199999999,144122.00876000,750,15291.05000000,61084.35080000,0
1751371200000000,3.99300000,4.01600000,3.99200000,4.00000000,39945.01000000,1751374799999999,159936.42626000,1061,14303.18000000,57256.33158000,0
1751374800000000,4.00000000,4.03300000,3.99000000,4.02400000,53634.07000000,1751378399999999,214968.56321000,1612,26659.86000000,106906.05026000,0
1751378400000000,4.02400000,4.03900000,3.99700000,4.01700000,72407.00000000,1751381999999999,290690.53937000,1775,27455.56000000,110259.22754000,0
1751382000000000,4.01600000,4.01900000,3.98500000,3.99600000,21874.42000000,1751385599999999,87435.71264000,728,10073.02000000,40303.46481000,0
1751385600000000,3.99500000,4.01500000,3.99000000,4.00100000,19502.79000000,1751389199999999,78046.81443000,729,8393.88000000,33597.83188000,0
1751389200000000,4.00100000,4.00100000,3.96400000,3.97500000,26460.72000000,1751392799999999,105241.52637000,984,8782.65000000,34942.95807000,0
1751392800000000,3.97600000,3.97800000,3.94500000,3.95400000,48027.48000000,1751396399999999,190155.85003000,1199,11932.51000000,47214.09721000,0
1751396400000000,3.95300000,3.97300000,3.94600000,3.94600000,21904.32000000,1751399999999999,86691.37310000,874,9475.22000000,37518.82265000,0
1751400000000000,3.94600000,3.95900000,3.92600000,3.95300000,36716.98000000,1751403599999999,144826.58425000,1347,14826.67000000,58547.67612000,0
1751403600000000,3.95200000,3.97700000,3.93700000,3.95800000,30320.12000000,1751407199999999,119927.17965000,1054,13173.24000000,52105.12150000,0
1751407200000000,3.95800000,3.96300000,3.93300000,3.93400000,33374.11000000,1751410799999999,131863.94796000,1122,12058.65000000,47651.34979000,0
1751410800000000,3.93300000,3.93300000,3.91200000,3.92900000,31676.63000000,1751414399999999,124279.78142000,1051,12214.31000000,47930.24275000,0
1751414400000000,3.92900000,3.93500000,3.91100000,3.91500000,45495.20000000,1751417999999999,178560.58756000,1331,17316.47000000,67964.88916000,0
1751418000000000,3.91600000,3.96000000,3.90200000,3.94900000,35106.64000000,1751421599999999,138030.41865000,1259,16353.21000000,64344.58148000,0
1751421600000000,3.94900000,3.95600000,3.93800000,3.94500000,18187.20000000,1751425199999999,71814.56289000,786,8914.06000000,35217.88929000,0
1751425200000000,3.94600000,3.97200000,3.94400000,3.95500000,26278.59000000,1751428799999999,104078.41507000,1081,10347.22000000,40975.14163000,0
1751428800000000,3.95500000,4.00200000,3.95300000,3.99800000,31727.69000000,1751432399999999,126213.45836000,978,13915.22000000,55343.18485000,0
1751432400000000,3.99900000,4.01800000,3.99400000,4.00500000,36891.18000000,1751435999999999,147828.84597000,1191,18834.41000000,75487.52559000,0
1751436000000000,4.00300000,4.01800000,3.99300000,4.00900000,31976.49000000,1751439599999999,128149.57896000,902,20049.62000000,80330.65666000,0
1751439600000000,4.00900000,4.02000000,4.00100000,4.01200000,32455.19000000,1751443199999999,130180.82235000,945,21354.13000000,85662.81317000,0
1751443200000000,4.01300000,4.02100000,4.00100000,4.00500000,26438.83000000,1751446799999999,106036.06112000,819,11741.13000000,47075.27209000,0
1751446800000000,4.00400000,4.01100000,3.99300000,3.99400000,27053.16000000,1751450399999999,108280.43078000,828,15150.17000000,60643.70992000,0
1751450400000000,3.99700000,4.02800000,3.98800000,4.02200000,47467.18000000,1751453999999999,190395.13463000,948,24802.86000000,99527.14390000,0
1751454000000000,4.02200000,4.04300000,4.00900000,4.01600000,35039.58000000,1751457599999999,141177.88431000,982,18413.80000000,74190.78991000,0
1751457600000000,4.01600000,4.01600000,3.99600000,4.01100000,25870.40000000,1751461199999999,103741.05257000,918,13886.98000000,55688.00867000,0
1751461200000000,4.01200000,4.03500000,4.00600000,4.02700000,27377.04000000,1751464799999999,110103.78366000,977,16785.96000000,67511.33285000,0
1751464800000000,4.02800000,4.04800000,4.02500000,4.04400000,28705.42000000,1751468399999999,115858.95986000,1094,13978.03000000,56424.25042000,0
1751468400000000,4.04600000,4.08900000,4.04100000,4.08900000,100814.93000000,1751471999999999,410502.47167000,1934,50373.32000000,205168.62719000,0
1751472000000000,4.08900000,4.23100000,4.08900000,4.21200000,274154.80000000,1751475599999999,1143982.80371000,5199,137848.49000000,574941.01464000,0
1751475600000000,4.21300000,4.24000000,4.17600000,4.20300000,151114.74000000,1751479199999999,636426.51278000,3203,61305.53000000,258401.10474000,0
1751479200000000,4.20400000,4.24000000,4.20400000,4.23200000,85055.80000000,1751482799999999,359277.32379000,1730,40051.14000000,169199.25280000,0
1751482800000000,4.23200000,4.24100000,4.20900000,4.23700000,111052.21000000,1751486399999999,468766.82344000,2859,55513.10000000,234385.83401000,0
1751486400000000,4.23700000,4.25100000,4.22200000,4.22500000,83780.85000000,1751489999999999,355135.58716000,2620,36833.75000000,156149.58508000,0
1751490000000000,4.22500000,4.24100000,4.22000000,4.23600000,70344.30000000,1751493599999999,297836.09894000,1578,42814.59000000,181291.65535000,0
1751493600000000,4.23700000,4.24600000,4.20800000,4.21300000,30118.23000000,1751497199999999,127408.07558000,1118,14184.05000000,60023.42277000,0
1751497200000000,4.21300000,4.21400000,4.16700000,4.17500000,52715.63000000,1751500799999999,220815.68491000,2039,19803.68000000,82907.29312000,0
1751500800000000,4.17500000,4.18800000,4.16700000,4.18000000,44999.21000000,1751504399999999,188050.60402000,1860,22301.72000000,93208.75982000,0
1751504400000000,4.18000000,4.19600000,4.17600000,4.19400000,35348.93000000,1751507999999999,148078.52184000,1135,21210.97000000,88848.62871000,0
1751508000000000,4.19400000,4.19500000,4.15500000,4.17200000,42173.08000000,1751511599999999,175973.58400000,1473,17397.29000000,72592.71706000,0
1751511600000000,4.17300000,4.19200000,4.16900000,4.17100000,24361.12000000,1751515199999999,101804.57750000,1035,15296.90000000,63924.44221000,0
1751515200000000,4.17000000,4.21200000,4.16800000,4.20900000,34343.91000000,1751518799999999,144031.98083000,1116,21574.93000000,90463.93350000,0
1751518800000000,4.21000000,4.24000000,4.20500000,4.23300000,87073.66000000,1751522399999999,367809.51954000,1995,37649.39000000,159019.90174000,0
1751522400000000,4.23300000,4.24400000,4.21900000,4.24200000,74167.57000000,1751525999999999,314109.17510000,1628,35272.00000000,149422.01194000,0
1751526000000000,4.24100000,4.26500000,4.23400000,4.25100000,94145.51000000,1751529599999999,399941.59595000,2046,59975.91000000,254809.27335000,0
1751529600000000,4.25200000,4.25900000,4.22500000,4.22500000,46932.24000000,1751533199999999,199294.09336000,1307,22537.65000000,95713.67156000,0
1751533200000000,4.22500000,4.25000000,4.21900000,4.24900000,62675.59000000,1751536799999999,265494.02986000,1196,30260.94000000,128171.30707000,0
1751536800000000,4.24900000,4.25100000,4.22200000,4.23700000,41920.72000000,1751540399999999,177472.80536000,917,19427.31000000,82294.19611000,0
1751540400000000,4.23800000,4.24300000,4.20400000,4.22200000,60450.56000000,1751543999999999,255735.33293000,1172,31414.29000000,132916.87104000,0
1751544000000000,4.22100000,4.25700000,4.16900000,4.20600000,90063.23000000,1751547599999999,378900.94627000,2848,51080.77000000,215008.81481000,0
1751547600000000,4.20600000,4.25700000,4.20300000,4.24600000,85693.08000000,1751551199999999,363195.77864000,2311,52368.58000000,222029.94434000,0
1751551200000000,4.24600000,4.26000000,4.21400000,4.22100000,91575.64000000,1751554799999999,387590.25518000,2261,56620.84000000,239615.54725000,0
1751554800000000,4.22300000,4.22900000,4.16000000,4.16700000,128936.21000000,1751558399999999,539643.37560000,2127,37389.32000000,156753.61225000,0
1751558400000000,4.16800000,4.19900000,4.16300000,4.19500000,63591.01000000,1751561999999999,265693.53505000,1391,35991.39000000,150452.75084000,0
1751562000000000,4.19500000,4.20400000,4.18800000,4.19300000,15218.41000000,1751565599999999,63836.19485000,544,6364.65000000,26701.46098000,0
1751565600000000,4.19300000,4.19800000,4.17100000,4.19000000,28195.69000000,1751569199999999,118044.13793000,799,17593.90000000,73671.43376000,0
1751569200000000,4.18900000,4.19900000,4.18600000,4.19400000,10372.97000000,1751572799999999,43471.68255000,444,5247.31000000,21990.09208000,0
1751572800000000,4.19400000,4.21200000,4.19400000,4.20900000,13101.07000000,1751576399999999,55093.46974000,460,8106.87000000,34092.95933000,0
1751576400000000,4.21000000,4.21500000,4.20100000,4.21100000,20955.68000000,1751579999999999,88148.52311000,573,11338.45000000,47702.09560000,0
1751580000000000,4.21100000,4.21400000,4.19100000,4.19700000,13687.92000000,1751583599999999,57541.28120000,558,6470.24000000,27179.76261000,0
1751583600000000,4.19600000,4.19800000,4.17400000,4.18400000,23043.84000000,1751587199999999,96386.21298000,484,16661.54000000,69675.71669000,0
1751587200000000,4.18400000,4.19200000,4.16800000,4.18000000,22310.79000000,1751590799999999,93237.53721000,714,10971.21000000,45842.04048000,0
1751590800000000,4.17900000,4.19900000,4.17400000,4.17400000,21547.27000000,1751594399999999,90211.24946000,617,15395.07000000,64452.63241000,0
1751594400000000,4.17300000,4.17300000,4.13400000,4.13800000,59630.98000000,1751597999999999,247464.05833000,1550,27858.11000000,115626.14854000,0
1751598000000000,4.13800000,4.15100000,4.13000000,4.13900000,15194.35000000,1751601599999999,62914.35731000,539,6939.26000000,28730.72111000,0
1751601600000000,4.13900000,4.15000000,4.11500000,4.11600000,39517.40000000,1751605199999999,163172.70888000,1024,24777.84000000,102314.47649000,0
1751605200000000,4.11600000,4.14700000,4.11500000,4.12900000,23179.94000000,1751608799999999,95715.03672000,899,10863.04000000,44851.61416000,0
1751608800000000,4.12800000,4.13000000,4.09000000,4.09900000,40244.42000000,1751612399999999,165138.53684000,1125,16286.33000000,66820.40229000,0
1751612400000000,4.09800000,4.10600000,4.04900000,4.04900000,79620.80000000,1751615999999999,324126.90454000,1525,30219.91000000,122985.25047000,0
1751616000000000,4.04900000,4.07600000,4.02900000,4.07000000,59086.28000000,1751619599999999,239398.73075000,1786,18730.20000000,75785.93478000,0
1751619600000000,4.07000000,4.08700000,4.06400000,4.07100000,62884.11000000,1751623199999999,256291.83717000,2100,27296.48000000,111319.38401000,0
1751623200000000,4.07100000,4.08100000,4.06000000,4.06100000,72202.20000000,1751626799999999,293951.10885000,1615,46897.79000000,190969.72946000,0
1751626800000000,4.06100000,4.09700000,4.06000000,4.07800000,63637.91000000,1751630399999999,259788.36997000,1186,32803.98000000,133912.69426000,0
1751630400000000,4.07800000,4.08700000,4.06100000,4.07200000,20443.64000000,1751633999999999,83277.14488000,847,5701.12000000,23226.00628000,0
1751634000000000,4.07200000,4.08700000,4.05100000,4.05300000,46843.71000000,1751637599999999,190335.82003000,1242,18034.50000000,73311.09974000,0
1751637600000000,4.05500000,4.06200000,4.02700000,4.04300000,70458.74000000,1751641199999999,284910.47568000,2091,27968.98000000,113061.73891000,0
1751641200000000,4.04200000,4.04200000,4.00200000,4.01000000,66624.33000000,1751644799999999,267541.58755000,2000,27861.53000000,111879.07466000,0
1751644800000000,4.00900000,4.01900000,3.95300000,3.98500000,118141.97000000,1751648399999999,470431.06506000,3763,55310.72000000,220166.91467000,0
1751648400000000,3.98300000,4.00200000,3.96900000,3.99300000,52697.60000000,1751651999999999,209853.26333000,1606,22069.97000000,87891.86113000,0
1751652000000000,3.99200000,3.99200000,3.96800000,3.98200000,30799.62000000,1751655599999999,122552.55287000,1069,13035.23000000,51861.01388000,0
1751655600000000,3.98100000,3.99600000,3.96500000,3.97100000,22303.22000000,1751659199999999,88871.28271000,911,8635.43000000,34416.97788000,0
1751659200000000,3.97100000,3.99100000,3.96700000,3.98700000,26635.24000000,1751662799999999,106138.61822000,864,8477.62000000,33787.07797000,0
1751662800000000,3.98700000,3.99800000,3.97800000,3.99500000,26242.08000000,1751666399999999,104660.05621000,790,8466.32000000,33756.78093000,0
1751666400000000,3.99500000,4.02500000,3.99200000,4.02300000,23256.06000000,1751669999999999,93305.29989000,865,12078.33000000,48470.14534000,0
1751670000000000,4.02300000,4.02300000,3.99900000,3.99900000,12322.00000000,1751673599999999,49355.63060000,678,4465.13000000,17895.47824000,0
1751673600000000,4.00000000,4.02000000,3.99800000,4.01300000,14896.40000000,1751677199999999,59734.45855000,649,7168.30000000,28742.50203000,0
1751677200000000,4.01200000,4.01300000,3.98600000,3.99800000,16085.66000000,1751680799999999,64278.03702000,725,8108.29000000,32396.71047000,0
1751680800000000,3.99800000,4.00900000,3.97600000,4.00700000,19222.99000000,1751684399999999,76766.22666000,902,9239.45000000,36911.01460000,0
1751684400000000,4.00800000,4.01600000,3.99700000,4.00100000,20173.34000000,1751687999999999,80833.59895000,635,3984.47000000,15959.85625000,0
1751688000000000,4.00000000,4.00700000,3.98400000,3.98500000,27633.79000000,1751691599999999,110306.01068000,949,14258.92000000,56916.92720000,0
1751691600000000,3.98400000,4.00100000,3.97600000,4.00100000,13623.48000000,1751695199999999,54307.67328000,700,6437.31000000,25657.58020000,0
1751695200000000,4.00200000,4.03100000,3.99200000,4.02900000,27021.66000000,1751698799999999,108515.87635000,992,16631.01000000,66843.91170000,0
1751698800000000,4.02900000,4.03400000,4.01100000,4.01600000,24899.88000000,1751702399999999,100130.22594000,1074,11160.82000000,44871.52579000,0
1751702400000000,4.01500000,4.02000000,3.99000000,4.00200000,19425.97000000,1751705999999999,77827.47143000,907,9841.34000000,39439.18837000,0
1751706000000000,4.00100000,4.00700000,3.98200000,4.00500000,18270.08000000,1751709599999999,72965.07371000,989,6523.20000000,26053.40262000,0
1751709600000000,4.00600000,4.01000000,3.99600000,3.99600000,9097.10000000,1751713199999999,36412.87790000,631,3752.67000000,15027.76534000,0
1751713200000000,3.99700000,4.01600000,3.99700000,3.99700000,13941.66000000,1751716799999999,55869.71943000,597,6557.92000000,26293.11636000,0
1751716800000000,3.99700000,4.00500000,3.98300000,4.00300000,26090.07000000,1751720399999999,104211.89772000,1194,7843.33000000,31335.73652000,0
1751720400000000,4.00400000,4.00700000,3.98900000,3.99300000,25344.65000000,1751723999999999,101356.46914000,1219,11234.82000000,44939.64997000,0
1751724000000000,3.99400000,4.00300000,3.98900000,3.99900000,19610.75000000,1751727599999999,78360.19277000,1057,6975.78000000,27874.29005000,0
1751727600000000,3.99800000,4.00300000,3.97400000,3.97800000,33533.71000000,1751731199999999,133857.26334000,1134,8088.82000000,32273.12395000,0
1751731200000000,3.97900000,3.98800000,3.96400000,3.98600000,63261.75000000,1751734799999999,251491.47208000,1408,27311.88000000,108615.34031000,0
1751734800000000,3.98600000,3.99800000,3.96600000,3.97500000,48415.45000000,1751738399999999,192659.14283000,1139,24497.24000000,97529.27824000,0
1751738400000000,3.97500000,3.97700000,3.94500000,3.95200000,32562.85000000,1751741999999999,128783.67163000,992,9550.36000000,37769.72598000,0
1751742000000000,3.95100000,3.98100000,3.94800000,3.97900000,21941.11000000,1751745599999999,87061.04280000,639,11995.14000000,47603.60573000,0
1751745600000000,3.98000000,3.99800000,3.97400000,3.99600000,20916.83000000,1751749199999999,83405.86891000,653,7976.48000000,31792.59593000,0
1751749200000000,3.99700000,4.01500000,3.99100000,4.00500000,28496.71000000,1751752799999999,114064.09993000,738,15043.30000000,60224.85972000,0
1751752800000000,4.00400000,4.01200000,3.99700000,4.01000000,8547.17000000,1751756399999999,34233.39931000,478,3672.37000000,14711.04563000,0
1751756400000000,4.01100000,4.01900000,4.00300000,4.01100000,16753.06000000,1751759999999999,67209.90292000,487,8376.31000000,33607.92670000,0
1751760000000000,4.01200000,4.01500000,4.00300000,4.01500000,16017.01000000,1751763599999999,64213.03913000,524,5608.36000000,22486.50358000,0
1751763600000000,4.01400000,4.01400000,3.99600000,4.00000000,10982.41000000,1751767199999999,43955.79585000,412,3233.75000000,12950.74603000,0
1751767200000000,4.00100000,4.00800000,3.98900000,3.98900000,10145.00000000,1751770799999999,40549.60149000,427,4781.16000000,19108.50752000,0
1751770800000000,3.98900000,3.99400000,3.98400000,3.99000000,13513.67000000,1751774399999999,53911.47289000,420,4202.47000000,16765.93292000,0
1751774400000000,3.99000000,4.00400000,3.98900000,3.99200000,7812.01000000,1751777999999999,31222.85859000,404,3918.84000000,15662.74017000,0
1751778000000000,3.99300000,3.99500000,3.98500000,3.98700000,11721.63000000,1751781599999999,46767.41670000,364,1951.76000000,7787.75820000,0
1751781600000000,3.98700000,4.01100000,3.98500000,4.00000000,22513.92000000,1751785199999999,90052.89270000,539,11120.45000000,44503.94896000,0
1751785200000000,4.00200000,4.00600000,3.99100000,3.99500000,11836.58000000,1751788799999999,47324.31950000,464,3750.45000000,14989.25640000,0
1751788800000000,3.99600000,4.01200000,3.98700000,4.00100000,36273.28000000,1751792399999999,145036.13573000,814,17580.53000000,70289.41637000,0
1751792400000000,4.00100000,4.00300000,3.97900000,3.97900000,16349.80000000,1751795999999999,65293.89919000,498,6806.51000000,27190.76237000,0
1751796000000000,3.98000000,4.00200000,3.97700000,3.99500000,26606.06000000,1751799599999999,106193.32982000,642,13445.41000000,53636.07130000,0
1751799600000000,3.99400000,4.01400000,3.99000000,4.01300000,12173.75000000,1751803199999999,48687.84832000,510,5574.94000000,22303.07724000,0
1751803200000000,4.01400000,4.02600000,4.00100000,4.02300000,26099.64000000,1751806799999999,104724.33550000,740,9366.44000000,37594.35471000,0
1751806800000000,4.02400000,4.08600000,4.02300000,4.06900000,83176.35000000,1751810399999999,337358.96686000,1834,45614.74000000,184963.37031000,0
1751810400000000,4.06900000,4.08300000,4.03300000,4.05000000,63184.62000000,1751813999999999,256269.73508000,1524,24545.27000000,99604.58903000,0
1751814000000000,4.05100000,4.06100000,4.03500000,4.06100000,43277.04000000,1751817599999999,175336.39351000,914,24563.22000000,99526.74229000,0
1751817600000000,4.06100000,4.07600000,4.05300000,4.06600000,25338.27000000,1751821199999999,103013.52206000,888,10842.33000000,44080.49366000,0
1751821200000000,4.06700000,4.07200000,4.04300000,4.06600000,42933.89000000,1751824799999999,174357.09439000,1013,17519.24000000,71175.35759000,0
1751824800000000,4.06700000,4.07400000,4.02800000,4.04400000,24262.14000000,1751828399999999,98294.05384000,923,10008.84000000,40541.79043000,0
1751828400000000,4.04500000,4.06600000,4.04500000,4.05900000,27075.52000000,1751831999999999,109753.63439000,689,4613.49000000,18712.29168000,0
1751832000000000,4.05800000,4.08500000,4.05800000,4.07400000,36401.36000000,1751835599999999,148208.17696000,932,9892.12000000,40278.74756000,0
1751835600000000,4.07400000,4.14100000,4.07300000,4.10100000,116760.90000000,1751839199999999,480487.92004000,2118,65159.02000000,268203.38205000,0
1751839200000000,4.10200000,4.13700000,4.09900000,4.10000000,105205.25000000,1751842799999999,433682.98137000,1670,36368.93000000,149997.15334000,0
1751842800000000,4.10100000,4.10400000,4.06500000,4.07900000,38643.99000000,1751846399999999,157895.67764000,978,15138.33000000,61835.75053000,0
1751846400000000,4.08000000,4.08700000,4.07200000,4.07900000,21489.37000000,1751849999999999,87645.17469000,757,7359.69000000,30020.97713000,0
1751850000000000,4.07900000,4.09100000,4.07000000,4.08800000,12652.22000000,1751853599999999,51629.16707000,585,5263.76000000,21486.16478000,0
1751853600000000,4.08900000,4.11100000,4.08700000,4.09800000,25273.78000000,1751857199999999,103538.04564000,737,9182.38000000,37626.60107000,0
1751857200000000,4.09700000,4.11500000,4.08700000,4.08800000,23626.49000000,1751860799999999,96996.78065000,692,12182.24000000,50034.84437000,0
1751860800000000,4.08900000,4.09800000,4.08100000,4.08600000,19255.54000000,1751864399999999,78715.18541000,710,6474.64000000,26468.79122000,0
1751864400000000,4.08600000,4.09200000,4.07300000,4.07800000,20050.56000000,1751867999999999,81869.72572000,676,10445.61000000,42644.57921000,0
1751868000000000,4.07800000,4.07800000,4.05500000,4.05700000,28172.18000000,1751871599999999,114599.72603000,805,7254.81000000,29505.60950000,0
1751871600000000,4.05800000,4.09200000,4.04700000,4.09100000,23781.93000000,1751875199999999,96800.27916000,864,8576.36000000,34926.92771000,0
1751875200000000,4.09100000,4.10100000,4.08400000,4.09000000,23428.42000000,1751878799999999,95845.52086000,785,9064.92000000,37085.84162000,0
1751878800000000,4.09000000,4.09100000,4.06800000,4.07500000,35659.82000000,1751882399999999,145367.29660000,882,12271.17000000,50029.23757000,0
1751882400000000,4.07500000,4.07500000,4.06000000,4.06700000,34435.10000000,1751885999999999,140046.19559000,925,15229.39000000,61934.93157000,0
1751886000000000,4.06800000,4.08100000,4.05900000,4.07400000,22526.73000000,1751889599999999,91722.61145000,742,12248.72000000,49889.21877000,0
1751889600000000,4.07400000,4.08200000,4.05800000,4.06800000,31007.67000000,1751893199999999,126142.51032000,857,10486.88000000,42634.56203000,0
1751893200000000,4.06900000,4.10200000,4.06800000,4.10200000,59682.33000000,1751896799999999,243754.82267000,1594,33212.39000000,135664.98567000,0
1751896800000000,4.10200000,4.10200000,4.05200000,4.05300000,47338.41000000,1751900399999999,193011.94754000,1225,10239.67000000,41746.42298000,0
1751900400000000,4.05500000,4.07600000,4.05300000,4.06200000,35466.57000000,1751903999999999,144167.06284000,1058,15295.12000000,62197.09898000,0
1751904000000000,4.06200000,4.07000000,4.03100000,4.03500000,57029.73000000,1751907599999999,231198.98134000,1756,27856.44000000,112968.51043000,0
1751907600000000,4.03400000,4.05900000,4.02300000,4.03900000,46363.28000000,1751911199999999,187330.82543000,1252,22963.69000000,92841.26270000,0
1751911200000000,4.03900000,4.04400000,4.01300000,4.03900000,26581.15000000,1751914799999999,106982.64295000,902,12331.11000000,49622.84830000,0
1751914800000000,4.03800000,4.07000000,4.03700000,4.06000000,22499.01000000,1751918399999999,91342.39116000,760,10333.31000000,41963.19952000,0
1751918400000000,4.06000000,4.06300000,4.01500000,4.03100000,45223.34000000,1751921999999999,182795.68502000,1253,23357.50000000,94447.40747000,0
1751922000000000,4.02900000,4.04900000,4.01500000,4.04200000,18258.26000000,1751925599999999,73620.51899000,580,7402.01000000,29849.51031000,0
1751925600000000,4.04300000,4.04800000,4.02100000,4.02900000,10301.43000000,1751929199999999,41535.89239000,574,4154.44000000,16753.51712000,0
1751929200000000,4.03000000,4.04700000,4.02500000,4.04700000,5981.23000000,1751932799999999,24143.50728000,426,2370.57000000,9571.17186000,0
1751932800000000,4.04800000,4.06200000,4.03500000,4.03500000,40173.47000000,1751936399999999,162564.96915000,1113,16044.44000000,64915.42509000,0
1751936400000000,4.03500000,4.03500000,4.00900000,4.01100000,18235.20000000,1751939999999999,73373.39475000,698,9390.20000000,37787.74972000,0
1751940000000000,4.01100000,4.02300000,4.00000000,4.00600000,43479.53000000,1751943599999999,174445.74439000,1207,19381.32000000,77776.95350000,0
1751943600000000,4.00600000,4.02700000,4.00600000,4.01100000,7908.54000000,1751947199999999,31777.35894000,447,2793.05000000,11220.06336000,0
1751947200000000,4.01100000,4.01800000,3.99700000,4.01500000,22835.24000000,1751950799999999,91499.93628000,705,8781.02000000,35204.23222000,0
1751950800000000,4.01600000,4.03200000,4.00900000,4.02500000,19888.25000000,1751954399999999,80024.21634000,644,5456.20000000,21949.48493000,0
1751954400000000,4.02600000,4.04200000,4.02200000,4.03300000,35006.92000000,1751957999999999,141055.93235000,905,12874.84000000,51894.42598000,0
1751958000000000,4.03200000,4.03800000,4.01900000,4.03600000,30129.29000000,1751961599999999,121364.47402000,760,12651.96000000,50974.10013000,0
1751961600000000,4.03700000,4.04200000,4.00900000,4.00900000,19150.08000000,1751965199999999,77097.96014000,689,7299.71000000,29392.87269000,0
1751965200000000,4.00900000,4.02900000,4.00500000,4.02300000,15829.24000000,1751968799999999,63640.68127000,605,8096.63000000,32568.40551000,0
1751968800000000,4.02300000,4.06200000,4.02000000,4.06000000,21249.14000000,1751972399999999,85958.38961000,802,10087.50000000,40812.26408000,0
1751972400000000,4.06000000,4.09500000,4.05900000,4.07900000,60252.85000000,1751975999999999,246098.17706000,1487,20950.46000000,85549.25317000,0
1751976000000000,4.08200000,4.09900000,4.07300000,4.09300000,35837.03000000,1751979599999999,146418.43019000,1010,19116.38000000,78117.99764000,0
1751979600000000,4.09300000,4.11500000,4.08300000,4.10200000,46048.62000000,1751983199999999,188661.64967000,1464,21055.90000000,86270.34172000,0
1751983200000000,4.10500000,4.10500000,4.05800000,4.06400000,27827.67000000,1751986799999999,113384.01193000,1354,13150.46000000,53566.68434000,0
1751986800000000,4.06500000,4.07300000,4.05400000,4.06300000,22552.16000000,1751990399999999,91644.53798000,971,13407.79000000,54488.32181000,0
1751990400000000,4.06500000,4.10100000,4.04800000,4.08900000,37204.53000000,1751993999999999,151845.48898000,1340,12378.86000000,50505.21382000,0
1751994000000000,4.08900000,4.16600000,4.08800000,4.14400000,78672.92000000,1751997599999999,325741.30359000,2448,41177.52000000,170290.32008000,0
1751997600000000,4.14600000,4.16200000,4.14000000,4.15900000,45806.62000000,1752001199999999,190033.30969000,1219,20420.51000000,84734.34988000,0
1752001200000000,4.16000000,4.16200000,4.14000000,4.15200000,32091.64000000,1752004799999999,133117.22715000,1126,12643.49000000,52444.79236000,0
1752004800000000,4.15100000,4.16000000,4.13400000,4.14200000,33433.83000000,1752008399999999,138670.12234000,995,8745.35000000,36294.30360000,0
1752008400000000,4.14100000,4.17700000,4.14000000,4.16600000,41449.67000000,1752011999999999,172569.77439000,1188,21284.90000000,88632.41804000,0
1752012000000000,4.16900000,4.17600000,4.13700000,4.13800000,34872.53000000,1752015599999999,144960.85740000,1007,17278.75000000,71843.20234000,0
1752015600000000,4.13900000,4.13900000,4.11800000,4.12500000,30089.49000000,1752019199999999,124227.44414000,1058,13726.86000000,56678.93144000,0
1752019200000000,4.12600000,4.13200000,4.10500000,4.11500000,29763.90000000,1752022799999999,122499.38604000,1091,14271.00000000,58759.66753000,0
1752022800000000,4.11600000,4.13100000,4.09200000,4.10200000,38986.11000000,1752026399999999,160096.36623000,1061,21784.82000000,89443.59292000,0
1752026400000000,4.10200000,4.11900000,4.09700000,4.11200000,17352.99000000,1752029999999999,71270.53408000,753,7336.20000000,30130.49658000,0
1752030000000000,4.11200000,4.12200000,4.11000000,4.11500000,17304.41000000,1752033599999999,71205.42037000,723,6150.51000000,25313.14231000,0
1752033600000000,4.11400000,4.13400000,4.10700000,4.13200000,23604.45000000,1752037199999999,97309.44401000,931,10878.44000000,44839.30627000,0
1752037200000000,4.13100000,4.16600000,4.11700000,4.15000000,55143.55000000,1752040799999999,228378.63291000,1665,27286.89000000,112998.24421000,0
1752040800000000,4.15200000,4.16000000,4.14000000,4.15900000,51109.48000000,1752044399999999,211950.76099000,1201,17929.55000000,74381.11231000,0
1752044400000000,4.15900000,4.16900000,4.14800000,4.16300000,49954.03000000,1752047999999999,207757.74962000,1324,28148.37000000,117073.05591000,0
1752048000000000,4.16400000,4.19400000,4.15500000,4.18300000,75895.30000000,1752051599999999,316703.21663000,1663,41087.66000000,171477.25036000,0
1752051600000000,4.18400000,4.18600000,4.15900000,4.18000000,47622.76000000,1752055199999999,198723.59358000,1319,23327.61000000,97353.21056000,0
1752055200000000,4.18000000,4.20300000,4.17400000,4.20100000,35337.09000000,1752058799999999,148004.51523000,1013,21797.67000000,91327.19610000,0
1752058800000000,4.20100000,4.21800000,4.19000000,4.20600000,91575.44000000,1752062399999999,385321.83564000,1679,60093.88000000,252920.69357000,0
1752062400000000,4.20700000,4.23000000,4.19900000,4.22300000,68960.10000000,1752065999999999,291103.64515000,1657,42167.18000000,178005.90029000,0
1752066000000000,4.22300000,4.23900000,4.20800000,4.21300000,37512.77000000,1752069599999999,158480.36186000,1402,15570.67000000,65792.92119000,0
1752069600000000,4.21400000,4.22700000,4.17300000,4.19700000,104455.61000000,1752073199999999,438041.69401000,2869,54557.94000000,228746.55020000,0
1752073200000000,4.19600000,4.21500000,4.19100000,4.20200000,43228.20000000,1752076799999999,181683.77824000,1658,23555.18000000,99036.17923000,0
1752076800000000,4.20300000,4.24900000,4.20300000,4.24500000,89330.42000000,1752080399999999,377861.01651000,1964,54096.16000000,229000.53662000,0
1752080400000000,4.24500000,4.24700000,4.20900000,4.21600000,74766.50000000,1752083999999999,315844.33576000,1738,29613.86000000,125108.50572000,0
1752084000000000,4.21700000,4.25200000,4.21100000,4.24600000,111258.16000000,1752087599999999,471549.02604000,2404,53128.81000000,225283.08656000,0
1752087600000000,4.24700000,4.31800000,4.23800000,4.31200000,258076.60000000,1752091199999999,1105493.80690000,5189,139289.19000000,596752.47681000,0
1752091200000000,4.31200000,4.33700000,4.29000000,4.32500000,183589.43000000,1752094799999999,792511.78774000,4893,93107.73000000,402037.49985000,0
1752094800000000,4.32400000,4.35000000,4.32200000,4.34100000,101575.09000000,1752098399999999,440566.77884000,2126,44267.45000000,192015.51227000,0
1752098400000000,4.34200000,4.36500000,4.33600000,4.34900000,82266.17000000,1752101999999999,357810.66336000,1974,44460.62000000,193386.25538000,0
1752102000000000,4.34900000,4.34900000,4.29200000,4.31300000,123784.82000000,1752105599999999,534270.84054000,1921,25657.25000000,110766.86315000,0
1752105600000000,4.31400000,4.33000000,4.29400000,4.30700000,112559.58000000,1752109199999999,485431.03468000,2246,51889.59000000,223660.43709000,0
1752109200000000,4.30800000,4.32500000,4.30000000,4.31600000,54318.23000000,1752112799999999,234174.50474000,1584,30139.65000000,129942.08457000,0
1752112800000000,4.31700000,4.34500000,4.31700000,4.33800000,53793.10000000,1752116399999999,233050.87736000,1410,28110.85000000,121792.12966000,0
1752116400000000,4.33800000,4.34400000,4.32600000,4.33900000,48926.20000000,1752119999999999,212077.76296000,1337,26798.47000000,116144.19313000,0
1752120000000000,4.33900000,4.33900000,4.31000000,4.33600000,56829.06000000,1752123599999999,245915.48538000,1437,25802.86000000,111675.70553000,0
1752123600000000,4.33700000,4.35100000,4.32400000,4.32400000,44706.72000000,1752127199999999,193943.50194000,1226,19755.21000000,85722.05522000,0
1752127200000000,4.32600000,4.35800000,4.31300000,4.35300000,38968.61000000,1752130799999999,169005.32842000,1414,19072.50000000,82748.00148000,0
1752130800000000,4.35300000,4.36400000,4.34100000,4.34600000,65839.02000000,1752134399999999,286637.14642000,1885,24764.00000000,107814.10615000,0
1752134400000000,4.34600000,4.35500000,4.32500000,4.35100000,76683.53000000,1752137999999999,332795.32953000,1922,30701.12000000,133289.93908000,0
1752138000000000,4.34900000,4.35500000,4.32800000,4.33300000,36392.03000000,1752141599999999,158116.44756000,1139,11446.22000000,49733.98940000,0
1752141600000000,4.33100000,4.34700000,4.32200000,4.34000000,32086.98000000,1752145199999999,139129.15198000,1200,18022.60000000,78162.86468000,0
1752145200000000,4.34100000,4.34100000,4.31600000,4.33100000,41877.50000000,1752148799999999,181162.60712000,1358,23059.22000000,99739.97717000,0
1752148800000000,4.33100000,4.33100000,4.30000000,4.31700000,44380.04000000,1752152399999999,191309.89094000,1415,17570.10000000,75762.34702000,0
1752152400000000,4.31600000,4.34200000,4.30800000,4.32300000,152770.93000000,1752155999999999,661368.35392000,2825,41869.93000000,181137.08768000,0
1752156000000000,4.32200000,4.33200000,4.29600000,4.31600000,128001.54000000,1752159599999999,552377.93777000,2124,37584.60000000,162211.31126000,0
1752159600000000,4.31600000,4.32100000,4.28700000,4.29600000,49493.09000000,1752163199999999,212930.49173000,1187,19400.63000000,83468.04957000,0
1752163200000000,4.29600000,4.35900000,4.29000000,4.35500000,78974.99000000,1752166799999999,342091.27263000,2435,45901.78000000,198869.64815000,0
1752166800000000,4.35500000,4.43800000,4.34600000,4.43500000,150705.67000000,1752170399999999,663181.87087000,3888,82481.27000000,362892.31786000,0
1752170400000000,4.43600000,4.44200000,4.40200000,4.43200000,95267.69000000,1752173999999999,421027.96180000,2395,42000.92000000,185638.29639000,0
1752174000000000,4.43200000,4.44900000,4.40600000,4.41500000,50282.23000000,1752177599999999,222849.37513000,1588,22878.54000000,101398.44303000,0
1752177600000000,4.41500000,4.46100000,4.41500000,4.45800000,45028.99000000,1752181199999999,200028.00271000,1444,22298.39000000,99087.97535000,0
1752181200000000,4.45700000,4.57500000,4.45300000,4.56100000,241201.63000000,1752184799999999,1091733.35205000,6343,138069.73000000,624825.84838000,0
1752184800000000,4.56100000,4.62400000,4.55600000,4.62100000,145958.80000000,1752188399999999,669654.09614000,3885,78435.49000000,359974.87836000,0
1752188400000000,4.62100000,4.62900000,4.57800000,4.61800000,93622.59000000,1752191999999999,431559.28843000,2655,52712.81000000,243040.32744000,0
1752192000000000,4.61800000,4.63700000,4.54900000,4.59500000,112152.06000000,1752195599999999,515618.76801000,3862,60024.94000000,276146.04613000,0
1752195600000000,4.59400000,4.68000000,4.59200000,4.68000000,207353.01000000,1752199199999999,960228.43170000,6605,144672.03000000,669567.70021000,0
1752199200000000,4.68000000,4.68300000,4.64800000,4.64900000,108535.52000000,1752202799999999,506035.85459000,2675,45047.30000000,210036.54172000,0
1752202800000000,4.64900000,4.66900000,4.62800000,4.64800000,74365.47000000,1752206399999999,345696.25701000,1784,31486.12000000,146381.50544000,0
1752206400000000,4.64900000,4.67800000,4.62800000,4.67800000,76438.69000000,1752209999999999,354895.84388000,2178,32548.42000000,151181.53396000,0
1752210000000000,4.67600000,4.72100000,4.67300000,4.69700000,130116.99000000,1752213599999999,610962.06709000,3758,74307.98000000,349002.41461000,0
1752213600000000,4.69600000,4.72300000,4.62200000,4.62800000,137844.76000000,1752217199999999,645575.20376000,4023,73828.47000000,345938.41291000,0
1752217200000000,4.62700000,4.65200000,4.59900000,4.61400000,112470.95000000,1752220799999999,520366.84133000,3667,68448.39000000,316838.03958000,0
1752220800000000,4.61400000,4.67200000,4.61400000,4.66300000,213852.77000000,1752224399999999,992555.52603000,4618,96371.13000000,447463.24653000,0
1752224400000000,4.66200000,4.69200000,4.64600000,4.66300000,81501.37000000,1752227999999999,380967.12984000,3048,46276.32000000,216388.66514000,0
1752228000000000,4.66300000,4.70000000,4.65700000,4.67200000,144609.01000000,1752231599999999,676906.63256000,4295,87337.07000000,408851.58393000,0
1752231600000000,4.67300000,4.67600000,4.63400000,4.64200000,168614.29000000,1752235199999999,784664.17033000,4019,123903.79000000,576672.62142000,0
1752235200000000,4.64200000,4.69000000,4.63400000,4.68800000,220981.14000000,1752238799999999,1028858.92055000,4558,154077.77000000,717402.70951000,0
1752238800000000,4.68900000,4.78800000,4.66000000,4.78000000,486099.62000000,1752242399999999,2288354.28192000,12133,266564.16000000,1253632.98645000,0
1752242400000000,4.78000000,4.80000000,4.71300000,4.74000000,205979.78000000,1752245999999999,978756.66582000,6302,95993.90000000,456312.40053000,0
1752246000000000,4.73800000,4.80500000,4.65700000,4.66800000,244569.01000000,1752249599999999,1161688.92271000,8110,126714.89000000,601886.05220000,0
1752249600000000,4.67000000,4.74700000,4.65100000,4.72600000,139801.38000000,1752253199999999,656905.83409000,5753,73046.89000000,343017.55255000,0
1752253200000000,4.72700000,4.77500000,4.72700000,4.76900000,109408.17000000,1752256799999999,520298.51177000,3923,58900.27000000,280192.54314000,0
1752256800000000,4.76900000,4.79400000,4.74800000,4.77400000,87626.09000000,1752260399999999,417475.24988000,2940,48197.14000000,229658.42149000,0
1752260400000000,4.77400000,4.78000000,4.74400000,4.77900000,38989.22000000,1752263999999999,185826.15023000,1735,18127.35000000,86387.21991000,0
1752264000000000,4.78000000,4.78000000,4.70600000,4.70800000,49886.46000000,1752267599999999,236899.57708000,2515,20728.10000000,98466.85868000,0
1752267600000000,4.70900000,4.72800000,4.64000000,4.67300000,113327.82000000,1752271199999999,531113.19523000,3803,56388.75000000,264368.07756000,0
1752271200000000,4.67400000,4.68800000,4.57800000,4.63300000,135835.02000000,1752274799999999,629113.95650000,5957,77682.71000000,359886.27334000,0
1752274800000000,4.63300000,4.65900000,4.62200000,4.64000000,54705.01000000,1752278399999999,254091.88652000,2210,23497.43000000,109128.26252000,0
1752278400000000,4.64100000,4.65900000,4.57400000,4.60100000,99957.19000000,1752281999999999,460955.61985000,3297,49689.38000000,229269.78257000,0
1752282000000000,4.60200000,4.68800000,4.60200000,4.68000000,49711.42000000,1752285599999999,231746.45446000,1963,20743.69000000,96600.33093000,0
1752285600000000,4.68000000,4.71400000,4.67400000,4.68100000,53651.01000000,1752289199999999,251963.19221000,1849,23857.99000000,112049.83273000,0
1752289200000000,4.68100000,4.70200000,4.67700000,4.69100000,50063.70000000,1752292799999999,234748.33274000,1688,22044.18000000,103386.66963000,0
1752292800000000,4.69200000,4.69800000,4.62100000,4.62900000,51185.48000000,1752296399999999,238703.94143000,2088,19200.15000000,89510.10625000,0
1752296400000000,4.62900000,4.66500000,4.60300000,4.65200000,44051.69000000,1752299999999999,204371.61245000,1850,19271.71000000,89392.91754000,0
1752300000000000,4.65100000,4.71800000,4.64100000,4.71100000,40874.25000000,1752303599999999,191370.51089000,1947,15563.07000000,72804.41380000,0
1752303600000000,4.71100000,4.72300000,4.68300000,4.70300000,44516.36000000,1752307199999999,209503.45827000,1973,21081.12000000,99190.79701000,0
1752307200000000,4.70300000,4.72100000,4.65600000,4.67500000,44496.51000000,1752310799999999,208766.73380000,1742,22759.76000000,106688.77252000,0
1752310800000000,4.67400000,4.70800000,4.66400000,4.70100000,41339.83000000,1752314399999999,194019.39768000,1603,21589.13000000,101359.42213000,0
1752314400000000,4.70000000,4.71500000,4.67700000,4.70500000,27051.31000000,1752317999999999,127028.21708000,1194,13790.44000000,64772.76226000,0
1752318000000000,4.70300000,4.73100000,4.68200000,4.70200000,60906.51000000,1752321599999999,286539.16951000,1868,27713.30000000,130352.33858000,0
1752321600000000,4.70200000,4.71700000,4.59500000,4.62900000,105305.91000000,1752325199999999,488998.94824000,3495,51509.68000000,239211.19737000,0
1752325200000000,4.62900000,4.62900000,4.54700000,4.59900000,94668.50000000,1752328799999999,434078.78021000,3577,48117.74000000,220480.98163000,0
1752328800000000,4.59900000,4.62600000,4.55900000,4.56800000,60125.90000000,1752332399999999,276790.98522000,2226,24401.13000000,112394.22771000,0
1752332400000000,4.56800000,4.57600000,4.49400000,4.52300000,106636.06000000,1752335999999999,482615.98138000,4119,45898.90000000,207936.83237000,0
1752336000000000,4.52500000,4.57600000,4.50300000,4.53200000,86455.77000000,1752339599999999,393281.92408000,2549,37024.56000000,168455.94408000,0
1752339600000000,4.53300000,4.59000000,4.52900000,4.58700000,68598.68000000,1752343199999999,313144.17321000,1541,36138.57000000,164747.39150000,0
1752343200000000,4.58600000,4.60600000,4.56600000,4.59500000,46678.84000000,1752346799999999,214156.53441000,1230,20250.23000000,92913.62171000,0
1752346800000000,4.59500000,4.60000000,4.57200000,4.59400000,22815.67000000,1752350399999999,104699.51525000,881,11338.83000000,52027.78716000,0
1752350400000000,4.59500000,4.59500000,4.53000000,4.53000000,31580.45000000,1752353999999999,144108.36596000,1094,13548.18000000,61819.17371000,0
1752354000000000,4.53000000,4.58500000,4.52700000,4.58400000,37369.49000000,1752357599999999,170480.27840000,1019,16554.91000000,75508.92941000,0
1752357600000000,4.58500000,4.59000000,4.54800000,4.57900000,26259.98000000,1752361199999999,120043.92169000,1006,13503.86000000,61738.58878000,0
1752361200000000,4.57900000,4.59700000,4.56100000,4.58000000,28268.77000000,1752364799999999,129476.81623000,1021,10829.38000000,49580.70334000,0
1752364800000000,4.58100000,4.60700000,4.57200000,4.58700000,59742.91000000,1752368399999999,274543.93896000,1722,17777.03000000,81661.01277000,0
1752368400000000,4.58900000,4.61200000,4.57600000,4.59700000,30764.52000000,1752371999999999,141252.12461000,1469,14276.12000000,65539.06396000,0
1752372000000000,4.59600000,4.60900000,4.56500000,4.59600000,25062.91000000,1752375599999999,114979.12622000,1212,10174.94000000,46668.59013000,0
1752375600000000,4.59700000,4.60500000,4.58400000,4.59800000,27195.27000000,1752379199999999,125022.78226000,1097,14312.17000000,65799.08523000,0
1752379200000000,4.59900000,4.63900000,4.57900000,4.63600000,33157.83000000,1752382799999999,152731.03970000,1323,17971.83000000,82810.24847000,0
1752382800000000,4.63700000,4.65000000,4.61500000,4.61800000,49289.07000000,1752386399999999,228544.01698000,1575,22130.66000000,102635.21410000,0
1752386400000000,4.61700000,4.67100000,4.61400000,4.64300000,44857.31000000,1752389999999999,208610.16576000,1600,20665.86000000,96092.56617000,0
1752390000000000,4.64200000,4.68500000,4.64100000,4.67900000,35499.45000000,1752393599999999,165781.93446000,1461,17881.78000000,83509.08379000,0
1752393600000000,4.67900000,4.68000000,4.63200000,4.65600000,62067.74000000,1752397199999999,289348.89835000,1890,23573.48000000,109880.43766000,0
1752397200000000,4.65800000,4.66800000,4.61400000,4.62800000,24795.41000000,1752400799999999,114931.63525000,1314,10234.54000000,47431.17647000,0
1752400800000000,4.62900000,4.65300000,4.60600000,4.61700000,52096.77000000,1752404399999999,241374.94222000,1927,24297.72000000,112604.61166000,0
1752404400000000,4.61700000,4.65600000,4.61300000,4.65600000,40230.96000000,1752407999999999,186642.79614000,1726,17016.33000000,78975.82473000,0
1752408000000000,4.65300000,4.68500000,4.63900000,4.68000000,47638.20000000,1752411599999999,222033.09244000,2110,24438.09000000,113902.01723000,0
1752411600000000,4.67900000,4.70700000,4.64600000,4.69400000,55467.56000000,1752415199999999,259676.39802000,2257,24986.15000000,117046.09241000,0
1752415200000000,4.69400000,4.73900000,4.66600000,4.67700000,97511.02000000,1752418799999999,458906.28442000,3988,41171.36000000,193864.39578000,0
1752418800000000,4.67800000,4.73500000,4.67800000,4.70600000,78675.45000000,1752422399999999,370520.79080000,2941,41270.31000000,194323.70512000,0
1752422400000000,4.70600000,4.73500000,4.66400000,4.67100000,70035.46000000,1752425999999999,329435.48595000,2274,35779.15000000,168342.08564000,0
1752426000000000,4.67100000,4.70700000,4.65400000,4.68700000,46580.82000000,1752429599999999,218179.43412000,1904,23328.41000000,109237.96581000,0
1752429600000000,4.68900000,4.73000000,4.68600000,4.72100000,35625.98000000,1752433199999999,167988.23841000,1472,15798.99000000,74475.95013000,0
1752433200000000,4.72200000,4.75800000,4.71100000,4.73000000,77878.33000000,1752436799999999,369116.08056000,2471,40352.83000000,191305.53534000,0
1752436800000000,4.73000000,4.74600000,4.70700000,4.74000000,32105.75000000,1752440399999999,151931.49876000,1295,14180.85000000,67094.30693000,0
1752440400000000,4.74000000,4.74300000,4.64000000,4.67200000,66383.02000000,1752443999999999,311018.28945000,2039,32878.63000000,153890.46610000,0
1752444000000000,4.67100000,4.68800000,4.63900000,4.66300000,47172.03000000,1752447599999999,220150.58506000,1968,20100.13000000,93851.47210000,0
1752447600000000,4.66200000,4.69200000,4.65100000,4.67900000,37315.71000000,1752451199999999,174347.25600000,1810,18072.12000000,84462.07452000,0
1752451200000000,4.68000000,4.71400000,4.66900000,4.69600000,47079.21000000,1752454799999999,220887.45840000,2047,20167.79000000,94658.46781000,0
1752454800000000,4.69700000,4.74400000,4.67100000,4.74000000,62255.90000000,1752458399999999,292905.54932000,2726,28302.29000000,133278.77186000,0
1752458400000000,4.74300000,4.79200000,4.72500000,4.76100000,71622.40000000,1752461999999999,341184.12598000,3150,30217.17000000,143933.87374000,0
1752462000000000,4.76000000,4.84500000,4.75300000,4.80900000,134579.43000000,1752465599999999,646863.68111000,4528,73304.27000000,352698.97794000,0
1752465600000000,4.80800000,4.85400000,4.78800000,4.84900000,77638.48000000,1752469199999999,374988.25464000,2932,36403.72000000,175902.63878000,0
1752469200000000,4.84900000,4.85300000,4.73900000,4.77900000,176708.93000000,1752472799999999,851480.04517000,4756,78555.07000000,378288.30639000,0
1752472800000000,4.77900000,4.78200000,4.72900000,4.74800000,104412.58000000,1752476399999999,496616.46701000,3334,42638.46000000,202793.86325000,0
1752476400000000,4.74800000,4.80400000,4.74700000,4.79400000,97716.39000000,1752479999999999,466978.77525000,2681,52550.25000000,251177.23446000,0
1752480000000000,4.79400000,4.79500000,4.72900000,4.75700000,59971.92000000,1752483599999999,285133.51327000,2152,26416.16000000,125551.59077000,0
1752483600000000,4.75800000,4.79100000,4.74500000,4.76400000,66863.82000000,1752487199999999,318858.12306000,2314,27996.78000000,133522.93074000,0
1752487200000000,4.76200000,4.77700000,4.72400000,4.75600000,70917.64000000,1752490799999999,337222.01772000,2423,36234.60000000,172275.31119000,0
1752490800000000,4.75400000,4.75900000,4.69800000,4.71600000,60820.42000000,1752494399999999,287547.60862000,2552,25441.18000000,120318.59930000,0
1752494400000000,4.71500000,4.72700000,4.67900000,4.69700000,121498.66000000,1752497999999999,571091.40416000,3100,64393.90000000,302792.21687000,0
1752498000000000,4.69800000,4.73200000,4.67000000,4.71100000,98085.50000000,1752501599999999,461190.67792000,3536,43586.90000000,204988.14378000,0
1752501600000000,4.71100000,4.72800000,4.61700000,4.65200000,156835.43000000,1752505199999999,730797.51535000,5829,61000.72000000,284611.06512000,0
1752505200000000,4.65200000,4.65500000,4.57800000,4.61200000,138541.85000000,1752508799999999,640765.60880000,4512,60808.69000000,281183.27815000,0
1752508800000000,4.61200000,4.63600000,4.57900000,4.62800000,135960.88000000,1752512399999999,626385.66339000,3552,62697.08000000,288882.92646000,0
1752512400000000,4.62800000,4.62900000,4.58400000,4.59700000,68249.49000000,1752515999999999,314093.10571000,1996,22666.20000000,104427.77053000,0
1752516000000000,4.59800000,4.60400000,4.54500000,4.55100000,103276.22000000,1752519599999999,472221.98493000,2663,45544.88000000,208229.44732000,0
1752519600000000,4.55000000,4.56500000,4.52000000,4.53300000,108198.88000000,1752523199999999,491507.10666000,2806,57883.29000000,262975.63611000,0
1752523200000000,4.53300000,4.57500000,4.48800000,4.55200000,133307.86000000,1752526799999999,603838.00288000,3706,67425.76000000,305744.77327000,0
1752526800000000,4.55200000,4.56800000,4.54100000,4.55600000,44990.11000000,1752530399999999,204998.38966000,1398,23082.00000000,105180.48611000,0
1752530400000000,4.55500000,4.57500000,4.54000000,4.56800000,60932.60000000,1752533999999999,277769.73599000,1430,31081.36000000,141741.94903000,0
1752534000000000,4.56700000,4.57200000,4.53800000,4.55500000,43687.37000000,1752537599999999,198933.84314000,1097,20744.63000000,94458.18983000,0
1752537600000000,4.55500000,4.58200000,4.50600000,4.51600000,62443.20000000,1752541199999999,283590.92616000,1936,28807.74000000,130796.46924000,0
1752541200000000,4.51500000,4.55500000,4.47500000,4.51700000,95656.02000000,1752544799999999,431396.14705000,3081,42463.38000000,191612.82801000,0
1752544800000000,4.51600000,4.53800000,4.47900000,4.48900000,105883.48000000,1752548399999999,476523.66203000,3555,46474.85000000,209148.10840000,0
1752548400000000,4.48800000,4.49000000,4.43200000,4.47200000,182646.15000000,1752551999999999,813847.08663000,4415,72837.17000000,324518.27441000,0
1752552000000000,4.47300000,4.51300000,4.44100000,4.49400000,79005.91000000,1752555599999999,354158.09674000,2073,27704.00000000,124309.29231000,0
1752555600000000,4.49500000,4.50600000,4.46800000,4.48500000,32232.67000000,1752559199999999,144527.32637000,1293,12128.37000000,54398.29121000,0
1752559200000000,4.48500000,4.50300000,4.46200000,4.48000000,56339.15000000,1752562799999999,252499.89374000,1715,23793.62000000,106688.79263000,0
1752562800000000,4.48000000,4.50100000,4.46500000,4.46700000,62669.64000000,1752566399999999,280868.03336000,1686,24537.99000000,110022.04034000,0
1752566400000000,4.46800000,4.48200000,4.43700000,4.46800000,45553.45000000,1752569999999999,203259.21401000,1670,19321.38000000,86225.07775000,0
1752570000000000,4.46600000,4.50900000,4.46400000,4.49100000,123968.20000000,1752573599999999,556294.15164000,2895,63745.35000000,286029.08093000,0
1752573600000000,4.49000000,4.51400000,4.49000000,4.50200000,50477.35000000,1752577199999999,227182.18519000,1416,18601.76000000,83739.98006000,0
1752577200000000,4.50200000,4.51500000,4.47100000,4.50800000,57947.74000000,1752580799999999,260100.82198000,1592,27576.34000000,123855.93023000,0
1752580800000000,4.50900000,4.54500000,4.46800000,4.52200000,116555.19000000,1752584399999999,525312.82720000,3412,58164.37000000,262187.98769000,0
1752584400000000,4.52300000,4.58600000,4.52200000,4.56700000,97914.86000000,1752587999999999,446284.85265000,3625,39368.90000000,179452.56983000,0
1752588000000000,4.56800000,4.58600000,4.46100000,4.47400000,124866.41000000,1752591599999999,565669.29062000,4288,58489.43000000,265037.44177000,0
1752591600000000,4.47400000,4.57400000,4.46700000,4.56000000,101196.91000000,1752595199999999,458196.96163000,3675,48463.94000000,219368.82063000,0
1752595200000000,4.55900000,4.62100000,4.55900000,4.60100000,118691.77000000,1752598799999999,545508.90116000,3540,56448.20000000,259582.34634000,0
1752598800000000,4.60100000,4.67300000,4.58800000,4.67200000,88615.30000000,1752602399999999,410375.52298000,3308,42214.40000000,195485.29359000,0
1752602400000000,4.67300000,4.70100000,4.59100000,4.62000000,165749.15000000,1752605999999999,770468.12714000,7474,68119.54000000,316734.57732000,0
1752606000000000,4.62000000,4.64700000,4.55300000,4.55500000,97459.78000000,1752609599999999,447621.01292000,4276,39959.94000000,183493.64873000,0
1752609600000000,4.55700000,4.60000000,4.54200000,4.57600000,65478.43000000,1752613199999999,299584.52251000,2866,28016.41000000,128142.32746000,0
1752613200000000,4.57600000,4.65000000,4.57300000,4.63700000,40859.28000000,1752616799999999,188826.16713000,1485,19948.12000000,92117.69679000,0
1752616800000000,4.63800000,4.64000000,4.61600000,4.64000000,26102.18000000,1752620399999999,120837.49334000,1242,12522.90000000,57977.30877000,0
1752620400000000,4.64000000,4.72100000,4.63900000,4.66800000,202800.99000000,1752623999999999,952015.13690000,4268,92800.32000000,435479.50259000,0
1752624000000000,4.66800000,4.69800000,4.65000000,4.69500000,89257.02000000,1752627599999999,416998.75544000,2535,38119.17000000,178077.13184000,0
1752627600000000,4.69300000,4.71100000,4.68600000,4.69400000,81310.11000000,1752631199999999,381944.94899000,2186,44339.72000000,208263.14133000,0
1752631200000000,4.69300000,4.69300000,4.60900000,4.62700000,64783.10000000,1752634799999999,301025.69207000,2405,30340.38000000,140990.86393000,0
1752634800000000,4.62800000,4.64300000,4.61900000,4.63500000,38808.93000000,1752638399999999,179796.71346000,1960,12701.32000000,58837.47198000,0
1752638400000000,4.63500000,4.65200000,4.60400000,4.65000000,30935.42000000,1752641999999999,143321.90264000,1667,13595.63000000,62987.94793000,0
1752642000000000,4.65200000,4.67900000,4.65000000,4.65600000,30981.42000000,1752645599999999,144570.60189000,1627,13799.93000000,64395.59873000,0
1752645600000000,4.65700000,4.69000000,4.64000000,4.68600000,34582.98000000,1752649199999999,161501.17079000,1708,14766.64000000,68965.10786000,0
1752649200000000,4.68600000,4.71500000,4.67000000,4.68900000,43580.38000000,1752652799999999,204583.63339000,1752,16383.52000000,76900.69692000,0
1752652800000000,4.68900000,4.69600000,4.67800000,4.68600000,43334.87000000,1752656399999999,203139.35191000,1882,14901.26000000,69881.03240000,0
1752656400000000,4.68600000,4.70100000,4.65700000,4.67000000,56319.17000000,1752659999999999,263907.31720000,2062,20285.35000000,95100.41193000,0
1752660000000000,4.67000000,4.67500000,4.64200000,4.64300000,76474.23000000,1752663599999999,356545.90703000,1953,36129.07000000,168482.78032000,0
1752663600000000,4.64400000,4.65500000,4.63600000,4.65000000,45270.88000000,1752667199999999,210470.94558000,2238,18501.92000000,86024.26613000,0
1752667200000000,4.65100000,4.66600000,4.63300000,4.63900000,111032.02000000,1752670799999999,516332.67057000,3281,35127.34000000,163217.54917000,0
1752670800000000,4.64000000,4.66100000,4.62300000,4.64200000,90198.47000000,1752674399999999,418480.77146000,2984,31895.09000000,148047.33978000,0
1752674400000000,4.64200000,4.70100000,4.62100000,4.69000000,175001.47000000,1752677999999999,814843.86006000,4534,69305.23000000,323022.82473000,0
1752678000000000,4.69100000,4.71600000,4.64400000,4.68200000,155315.97000000,1752681599999999,728210.35649000,4792,62961.65000000,295022.48143000,0
1752681600000000,4.68200000,4.74500000,4.66200000,4.74400000,105062.20000000,1752685199999999,495476.17651000,3812,47448.52000000,223834.43561000,0
1752685200000000,4.74500000,4.76400000,4.72800000,4.75900000,102559.79000000,1752688799999999,486776.49178000,3034,48016.52000000,227944.26936000,0
1752688800000000,4.76000000,4.79600000,4.75600000,4.76700000,140072.88000000,1752692399999999,668618.81374000,3627,61471.28000000,293644.58334000,0
1752692400000000,4.76900000,4.77600000,4.74000000,4.76400000,101757.57000000,1752695999999999,484444.00306000,2486,45363.57000000,215967.94514000,0
1752696000000000,4.76600000,4.84400000,4.76600000,4.82300000,121955.08000000,1752699599999999,586746.25074000,3411,60383.76000000,290370.23107000,0
1752699600000000,4.82300000,4.87400000,4.80700000,4.86000000,118465.10000000,1752703199999999,573757.25202000,2837,50043.33000000,242447.11930000,0
1752703200000000,4.86200000,4.88000000,4.76600000,4.78100000,105834.83000000,1752706799999999,509785.34846000,2570,47923.73000000,230897.96865000,0
1752706800000000,4.78200000,4.78600000,4.72300000,4.74400000,64897.57000000,1752710399999999,308230.27840000,2161,29297.19000000,139073.44249000,0
1752710400000000,4.74500000,4.80500000,4.73700000,4.75000000,72254.17000000,1752713999999999,345542.32904000,2188,35348.45000000,169111.02990000,0
1752714000000000,4.74900000,4.76500000,4.63600000,4.67900000,110034.23000000,1752717599999999,516584.36538000,3573,48343.97000000,227036.51953000,0
1752717600000000,4.67900000,4.72200000,4.67100000,4.71900000,47667.60000000,1752721199999999,223984.28755000,1871,23444.05000000,110140.15374000,0
1752721200000000,4.72000000,4.72000000,4.63700000,4.66900000,59499.59000000,1752724799999999,277625.80359000,2334,30016.88000000,140007.42916000,0
1752724800000000,4.66800000,4.71200000,4.66000000,4.71200000,38412.98000000,1752728399999999,180032.44667000,1606,24096.01000000,112958.16517000,0
1752728400000000,4.71200000,4.74900000,4.69000000,4.74800000,41060.17000000,1752731999999999,193756.90681000,1729,20752.51000000,97913.01440000,0
1752732000000000,4.74800000,4.78900000,4.72600000,4.76200000,85461.70000000,1752735599999999,407079.17242000,2797,51694.18000000,246184.20105000,0
1752735600000000,4.76100000,4.76700000,4.71100000,4.75600000,68984.90000000,1752739199999999,327152.73949000,2329,31921.69000000,151355.99214000,0
1752739200000000,4.75700000,4.78100000,4.74800000,4.78100000,52836.47000000,1752742799999999,251693.62815000,2057,21780.97000000,103758.21408000,0
1752742800000000,4.78100000,4.83400000,4.76900000,4.81500000,102846.79000000,1752746399999999,494909.86532000,3334,41177.34000000,198170.71290000,0
1752746400000000,4.81500000,4.82400000,4.77700000,4.78400000,97214.84000000,1752749999999999,466003.12895000,3083,46417.42000000,222532.43911000,0
1752750000000000,4.78500000,4.80300000,4.75500000,4.77800000,77738.87000000,1752753599999999,371294.94775000,2935,28290.07000000,135146.38788000,0
1752753600000000,4.77900000,4.81100000,4.73700000,4.79300000,119381.25000000,1752757199999999,570103.83337000,3836,64274.93000000,306883.31512000,0
1752757200000000,4.79200000,4.81000000,4.70600000,4.78700000,148139.81000000,1752760799999999,705808.49162000,4367,63531.99000000,302435.18448000,0
1752760800000000,4.78700000,4.84600000,4.77800000,4.81400000,155230.43000000,1752764399999999,746747.58379000,4162,96404.87000000,464080.35997000,0
1752764400000000,4.81600000,4.83500000,4.75800000,4.81900000,102781.17000000,1752767999999999,493584.96562000,3661,55742.68000000,267678.42663000,0
1752768000000000,4.81800000,4.82300000,4.71600000,4.75500000,137617.61000000,1752771599999999,654923.24168000,4995,71855.56000000,342109.70003000,0
1752771600000000,4.75300000,4.80900000,4.74000000,4.80800000,103209.77000000,1752775199999999,492701.87853000,2880,44887.92000000,214297.42659000,0
1752775200000000,4.80900000,4.82800000,4.79200000,4.82400000,80199.48000000,1752778799999999,385957.19873000,2264,43802.42000000,210767.56679000,0
1752778800000000,4.82400000,4.84600000,4.74700000,4.75000000,129894.94000000,1752782399999999,625113.41560000,2946,66659.64000000,321121.82463000,0
1752782400000000,4.75000000,4.76900000,4.68900000,4.74700000,197325.72000000,1752785999999999,934047.29759000,4905,92099.05000000,436114.83832000,0
1752786000000000,4.74700000,4.85200000,4.74600000,4.81900000,172427.87000000,1752789599999999,827909.30395000,4753,93188.72000000,446713.66101000,0
1752789600000000,4.81900000,4.89300000,4.81000000,4.86800000,126357.20000000,1752793199999999,613364.97487000,4045,61272.26000000,297321.28847000,0
1752793200000000,4.86900000,4.90100000,4.83900000,4.85500000,122773.71000000,1752796799999999,598874.91373000,3848,62483.91000000,304813.94839000,0
1752796800000000,4.85600000,4.92800000,4.82600000,4.92500000,113950.04000000,1752800399999999,556194.33917000,3877,59006.51000000,288198.68233000,0
1752800400000000,4.92600000,4.99600000,4.91600000,4.98900000,409589.95000000,1752803999999999,2034518.87976000,7966,204418.39000000,1015099.26099000,0
1752804000000000,4.98900000,4.99300000,4.94300000,4.98200000,75525.09000000,1752807599999999,375436.26498000,3015,38551.66000000,191615.58626000,0
1752807600000000,4.98200000,5.01900000,4.96400000,5.01500000,147792.31000000,1752811199999999,738854.68625000,3189,66533.42000000,332604.20315000,0
1752811200000000,5.01400000,5.08900000,4.98300000,5.08700000,115302.16000000,1752814799999999,579786.42448000,3361,53395.46000000,268717.67308000,0
1752814800000000,5.08900000,5.15400000,5.08300000,5.14400000,281933.44000000,1752818399999999,1441005.70966000,6151,130429.29000000,666650.91641000,0
1752818400000000,5.14400000,5.14400000,5.07700000,5.12200000,155681.93000000,1752821999999999,796054.67604000,3748,62114.52000000,317481.85339000,0
1752822000000000,5.12200000,5.15600000,5.03300000,5.03800000,156617.57000000,1752825599999999,797302.32657000,5574,71856.60000000,365842.32746000,0
1752825600000000,5.03700000,5.11700000,5.02200000,5.06600000,430022.79000000,1752829199999999,2183145.64678000,10128,279858.96000000,1420920.84628000,0
1752829200000000,5.06600000,5.09300000,5.03100000,5.08100000,150362.96000000,1752832799999999,760617.98504000,4950,80367.59000000,406583.23424000,0
1752832800000000,5.08200000,5.08400000,4.99700000,5.08200000,104730.43000000,1752836399999999,528102.68387000,4225,51269.15000000,258544.04898000,0
1752836400000000,5.08100000,5.10000000,5.00500000,5.04200000,111772.21000000,1752839999999999,564633.42540000,3915,60164.81000000,304076.51475000,0
1752840000000000,5.04300000,5.11500000,5.03100000,5.11500000,111486.76000000,1752843599999999,564920.51199000,3139,68171.96000000,345200.62226000,0
1752843600000000,5.11300000,5.11800000,5.05300000,5.07900000,129026.23000000,1752847199999999,656376.52862000,4398,63297.22000000,322021.96806000,0
1752847200000000,5.07900000,5.13100000,4.96100000,5.01000000,272744.80000000,1752850799999999,1370863.07127000,8500,120387.13000000,605432.07527000,0
1752850800000000,5.01000000,5.01800000,4.90200000,4.94800000,192068.15000000,1752854399999999,949810.94739000,6683,98382.69000000,486565.44745000,0
1752854400000000,4.94800000,5.01600000,4.93200000,4.97900000,93320.37000000,1752857999999999,464519.27100000,4277,46500.37000000,231426.69443000,0
1752858000000000,4.98000000,5.01000000,4.95700000,4.98400000,52252.36000000,1752861599999999,260332.02578000,2769,28165.42000000,140305.90801000,0
1752861600000000,4.98500000,4.98700000,4.90600000,4.91100000,54152.73000000,1752865199999999,267491.31513000,2572,24860.88000000,122850.27640000,0
1752865200000000,4.91200000,4.94200000,4.87200000,4.91000000,81625.72000000,1752868799999999,400060.88034000,3372,42006.91000000,205863.20876000,0
1752868800000000,4.91100000,4.91700000,4.78200000,4.85300000,187931.66000000,1752872399999999,909888.00766000,6921,94875.24000000,459893.76046000,0
1752872400000000,4.85200000,4.91500000,4.84600000,4.87500000,61702.22000000,1752875999999999,301865.16016000,1898,33477.51000000,163782.18843000,0
1752876000000000,4.87600000,4.89100000,4.80900000,4.81900000,102259.46000000,1752879599999999,496034.89543000,3043,38016.27000000,184357.62463000,0
1752879600000000,4.82000000,4.85700000,4.78500000,4.85500000,74139.27000000,1752883199999999,357576.15088000,2360,42460.63000000,204748.03356000,0
1752883200000000,4.85500000,4.88400000,4.78500000,4.78700000,159834.71000000,1752886799999999,775884.32979000,3374,65708.62000000,318819.78806000,0
1752886800000000,4.78800000,4.84400000,4.75300000,4.82800000,81856.29000000,1752890399999999,393386.21448000,2946,44628.72000000,214644.26136000,0
1752890400000000,4.82900000,4.87100000,4.80100000,4.86100000,89905.22000000,1752893999999999,434599.78412000,2592,42782.25000000,207119.97953000,0
1752894000000000,4.86200000,4.94600000,4.85700000,4.94600000,55937.91000000,1752897599999999,274070.81770000,1954,33030.76000000,161775.05118000,0
1752897600000000,4.94700000,4.99800000,4.93400000,4.95100000,58321.71000000,1752901199999999,289388.50635000,2808,27872.68000000,138311.41253000,0
1752901200000000,4.95200000,4.96200000,4.91800000,4.94200000,51224.94000000,1752904799999999,252804.01578000,1966,25916.64000000,127871.61001000,0
1752904800000000,4.94100000,4.94500000,4.90300000,4.91500000,51596.00000000,1752908399999999,253889.01967000,1884,26587.69000000,130862.43468000,0
1752908400000000,4.91500000,4.93000000,4.88300000,4.88900000,43858.61000000,1752911999999999,215322.61753000,1742,24083.42000000,118255.99111000,0
1752912000000000,4.88900000,4.90200000,4.85400000,4.87600000,53710.60000000,1752915599999999,261731.51004000,1974,22984.76000000,112039.60677000,0
1752915600000000,4.87700000,4.89200000,4.85800000,4.88100000,51879.26000000,1752919199999999,252941.99528000,1795,25625.45000000,124984.38774000,0
1752919200000000,4.88200000,4.90700000,4.86600000,4.87500000,68252.66000000,1752922799999999,333453.88629000,1756,39743.77000000,194198.01571000,0
1752922800000000,4.87600000,4.88800000,4.83400000,4.83700000,57058.80000000,1752926399999999,277268.15317000,2030,26073.84000000,126744.79120000,0
1752926400000000,4.83800000,4.85300000,4.81500000,4.85300000,41712.40000000,1752929999999999,201661.27774000,1791,19418.93000000,93904.68269000,0
1752930000000000,4.85200000,4.85300000,4.80600000,4.81800000,57790.79000000,1752933599999999,279081.67505000,2022,26725.40000000,129059.35131000,0
1752933600000000,4.81800000,4.82700000,4.75800000,4.76400000,169158.98000000,1752937199999999,810492.70555000,4304,87832.33000000,420828.05959000,0
1752937200000000,4.76400000,4.83100000,4.76300000,4.80900000,58784.37000000,1752940799999999,282495.92215000,1808,27468.36000000,131989.36493000,0
1752940800000000,4.80700000,4.86600000,4.79800000,4.85100000,72285.70000000,1752944399999999,349448.23097000,2032,42041.55000000,203291.94504000,0
1752944400000000,4.85200000,4.85600000,4.81600000,4.84500000,43129.83000000,1752947999999999,208645.80524000,1628,20279.40000000,98146.29725000,0
1752948000000000,4.84400000,4.92100000,4.84000000,4.90900000,88875.31000000,1752951599999999,433749.45917000,2380,41440.84000000,202125.21199000,0
1752951600000000,4.91000000,5.04800000,4.90800000,5.01100000,209129.88000000,1752955199999999,1044713.78889000,4942,118104.45000000,590066.70318000,0
1752955200000000,5.00900000,5.02700000,4.97300000,4.97300000,69374.04000000,1752958799999999,346856.14997000,2407,36849.69000000,184288.01950000,0
1752958800000000,4.97400000,4.99200000,4.90700000,4.96200000,71815.68000000,1752962399999999,355132.66734000,2204,35575.08000000,175925.02646000,0
1752962400000000,4.96200000,4.98900000,4.95100000,4.97500000,52150.83000000,1752965999999999,259294.24310000,1789,25575.06000000,127196.61710000,0
1752966000000000,4.97400000,5.02300000,4.97100000,5.01600000,49031.49000000,1752969599999999,245173.51835000,1526,28336.78000000,141643.42446000,0
1752969600000000,5.01700000,5.03100000,4.98900000,4.99800000,70386.13000000,1752973199999999,352756.14510000,2249,36815.40000000,184590.34248000,0
1752973200000000,4.99900000,5.03100000,4.98300000,4.99300000,95826.03000000,1752976799999999,480718.21018000,2373,47484.93000000,238207.96004000,0
1752976800000000,4.99400000,5.03900000,4.98300000,5.01700000,72745.73000000,1752980399999999,364545.19374000,2220,43059.38000000,215825.66669000,0
1752980400000000,5.01600000,5.06100000,4.99100000,5.02100000,74241.04000000,1752983999999999,373061.63422000,2437,35362.18000000,177717.80975000,0
1752984000000000,5.02400000,5.06100000,5.01000000,5.04700000,73535.76000000,1752987599999999,370704.12133000,2024,50801.88000000,256186.96808000,0
1752987600000000,5.04900000,5.13200000,5.04000000,5.12900000,94901.15000000,1752991199999999,482080.49159000,3045,45700.97000000,232364.09250000,0
1752991200000000,5.12900000,5.14500000,5.10000000,5.10600000,137835.87000000,1752994799999999,706406.74292000,3529,67673.22000000,346786.22155000,0
1752994800000000,5.10600000,5.15400000,5.10400000,5.10500000,112965.31000000,1752998399999999,579846.20120000,3041,56246.64000000,288693.09521000,0
1752998400000000,5.10600000,5.18100000,5.10000000,5.18000000,149407.10000000,1753001999999999,769202.47938000,3410,74682.54000000,384473.97019000,0
1753002000000000,5.17900000,5.20400000,5.13400000,5.17100000,134299.01000000,1753005599999999,696043.50653000,3566,63374.84000000,328532.26359000,0
1753005600000000,5.16900000,5.19400000,5.16400000,5.18300000,91653.03000000,1753009199999999,474704.25032000,2524,44971.90000000,232945.92061000,0
1753009200000000,5.18400000,5.21600000,5.17800000,5.20100000,75577.07000000,1753012799999999,392747.39455000,2759,38161.12000000,198314.99166000,0
1753012800000000,5.20200000,5.20400000,5.15800000,5.18300000,102186.39000000,1753016399999999,529020.16601000,2693,50827.08000000,263142.49541000,0
1753016400000000,5.18100000,5.21800000,5.17800000,5.21400000,57150.21000000,1753019999999999,297083.80013000,1840,25836.46000000,134353.10721000,0
1753020000000000,5.21300000,5.21300000,5.15200000,5.19600000,81090.93000000,1753023599999999,420526.53783000,2928,45233.93000000,234637.87840000,0
1753023600000000,5.19500000,5.26000000,5.17600000,5.25200000,95241.65000000,1753027199999999,497016.04067000,3020,47309.27000000,247010.04520000,0
1753027200000000,5.25100000,5.28100000,5.21400000,5.24900000,117864.04000000,1753030799999999,618757.19989000,3740,61473.68000000,322715.21650000,0
1753030800000000,5.24900000,5.27700000,5.19200000,5.21800000,142885.50000000,1753034399999999,748392.93278000,5392,72367.45000000,379109.74439000,0
1753034400000000,5.21900000,5.25700000,5.19900000,5.25500000,107772.16000000,1753037999999999,563728.86027000,3193,57325.50000000,300024.40697000,0
1753038000000000,5.25500000,5.27800000,5.23300000,5.23400000,65471.62000000,1753041599999999,344277.23564000,2193,32092.56000000,168783.79658000,0
1753041600000000,5.23400000,5.23600000,5.18700000,5.20700000,61024.74000000,1753045199999999,318098.40672000,2295,28808.89000000,150179.66044000,0
1753045200000000,5.20800000,5.22100000,5.14800000,5.22100000,88769.58000000,1753048799999999,460632.61935000,2241,40240.90000000,208719.88361000,0
1753048800000000,5.22100000,5.22900000,5.06800000,5.16000000,194118.60000000,1753052399999999,997405.04710000,6628,86216.12000000,442838.72955000,0
1753052400000000,5.15900000,5.19700000,5.13400000,5.17400000,78934.74000000,1753055999999999,407792.54259000,3056,38210.53000000,197381.12037000,0
1753056000000000,5.17400000,5.18700000,5.08400000,5.14500000,103249.80000000,1753059599999999,529351.15989000,4239,51320.31000000,263215.21233000,0
1753059600000000,5.14700000,5.16000000,5.06300000,5.11600000,91813.24000000,1753063199999999,468897.94955000,3273,44969.19000000,229809.99961000,0
1753063200000000,5.11700000,5.16000000,5.11700000,5.15900000,55659.11000000,1753066799999999,285886.79109000,2074,29691.23000000,152509.60514000,0
1753066800000000,5.16100000,5.21600000,5.15900000,5.21100000,102975.31000000,1753070399999999,535119.24042000,2497,50424.65000000,261895.76327000,0
1753070400000000,5.21100000,5.21700000,5.18800000,5.19900000,62349.20000000,1753073999999999,324358.04663000,1567,32963.73000000,171498.65984000,0
1753074000000000,5.19800000,5.21600000,5.16600000,5.21600000,66344.92000000,1753077599999999,344354.80613000,1670,30592.64000000,158684.38027000,0
1753077600000000,5.21600000,5.26200000,5.21300000,5.23700000,141692.90000000,1753081199999999,743141.14712000,3022,75129.06000000,394056.51867000,0
1753081200000000,5.23700000,5.27600000,5.23400000,5.24100000,91449.50000000,1753084799999999,480640.82167000,2039,51408.91000000,270283.71129000,0
1753084800000000,5.24000000,5.28000000,5.22100000,5.23600000,115942.92000000,1753088399999999,609386.78728000,2749,56968.96000000,299559.80692000,0
1753088400000000,5.23600000,5.24100000,5.19600000,5.23500000,109866.14000000,1753091999999999,573466.69927000,2207,44072.78000000,229963.27662000,0
1753092000000000,5.23400000,5.26200000,5.19200000,5.26000000,74728.55000000,1753095599999999,390521.93186000,2292,38646.52000000,202058.81870000,0
1753095600000000,5.25900000,5.29800000,5.25200000,5.25700000,130954.24000000,1753099199999999,690326.02256000,2924,63423.12000000,334397.03073000,0
1753099200000000,5.25700000,5.26700000,5.22700000,5.25800000,145480.43000000,1753102799999999,763385.76927000,2911,54190.47000000,284307.40966000,0
1753102800000000,5.25800000,5.28100000,5.20800000,5.27000000,152162.30000000,1753106399999999,795651.66141000,3827,62286.21000000,325923.35842000,0
1753106400000000,5.27000000,5.31300000,5.23200000,5.27400000,230678.00000000,1753109999999999,1218848.85582000,5167,110477.81000000,583757.81723000,0
1753110000000000,5.27400000,5.31700000,5.22900000,5.24000000,147162.69000000,1753113599999999,775975.18542000,4757,70460.11000000,371482.76305000,0
1753113600000000,5.24000000,5.25000000,5.12200000,5.18100000,182048.79000000,1753117199999999,942460.41747000,6437,90460.48000000,468753.23367000,0
1753117200000000,5.18000000,5.23100000,5.17300000,5.21600000,118493.32000000,1753120799999999,615877.91925000,3398,58614.11000000,304625.42431000,0
1753120800000000,5.21700000,5.27200000,5.16500000,5.17600000,86297.83000000,1753124399999999,450977.80328000,3308,43463.52000000,227185.34340000,0
1753124400000000,5.17500000,5.20900000,5.12100000,5.13900000,102628.67000000,1753127999999999,528848.34151000,3824,47290.74000000,243728.71439000,0
1753128000000000,5.13900000,5.17900000,5.11700000,5.13300000,91193.35000000,1753131599999999,469616.16259000,2994,49025.68000000,252386.15648000,0
1753131600000000,5.13200000,5.18600000,5.12100000,5.17000000,40013.10000000,1753135199999999,206574.43293000,1790,14762.94000000,76161.62210000,0
1753135200000000,5.16900000,5.20900000,5.16500000,5.20000000,46862.47000000,1753138799999999,243133.92411000,1540,25379.54000000,131666.41476000,0
1753138800000000,5.20000000,5.22000000,5.17400000,5.18600000,36485.06000000,1753142399999999,189642.72539000,1520,14654.92000000,76133.42748000,0
1753142400000000,5.18600000,5.20200000,5.11000000,5.12000000,79251.66000000,1753145999999999,409297.24265000,2765,35625.09000000,183915.85536000,0
1753146000000000,5.11900000,5.20900000,5.02400000,5.19300000,204010.89000000,1753149599999999,1041474.32104000,6713,106370.17000000,543020.97733000,0
1753149600000000,5.19500000,5.20900000,5.10800000,5.12500000,80620.94000000,1753153199999999,416664.98198000,3107,35193.80000000,181664.93700000,0
1753153200000000,5.12500000,5.13700000,5.05200000,5.09000000,108184.28000000,1753156799999999,550737.65331000,4578,58358.43000000,297146.87946000,0
1753156800000000,5.09000000,5.10500000,4.96200000,4.96200000,155089.66000000,1753160399999999,781622.96193000,6038,74296.34000000,374650.83325000,0
1753160400000000,4.96400000,5.05800000,4.96000000,5.01500000,110383.02000000,1753163999999999,553137.48630000,4357,58764.69000000,294311.04105000,0
1753164000000000,5.01600000,5.06100000,4.99800000,5.03700000,74745.06000000,1753167599999999,376545.99205000,2842,31727.57000000,159862.76124000,0
1753167600000000,5.03800000,5.09200000,5.02100000,5.03500000,83956.55000000,1753171199999999,425138.07633000,2791,38925.01000000,197116.11700000,0
1753171200000000,5.03500000,5.03500000,4.93200000,4.98600000,125548.73000000,1753174799999999,624206.91496000,4807,61748.97000000,307028.70148000,0
1753174800000000,4.98700000,5.00500000,4.92200000,4.98000000,99206.94000000,1753178399999999,492253.17835000,3404,51529.58000000,255626.05680000,0
1753178400000000,4.98000000,5.05600000,4.97800000,5.05500000,87135.54000000,1753181999999999,437479.46709000,2576,43188.84000000,216760.17418000,0
1753182000000000,5.05600000,5.06600000,5.01300000,5.05000000,80255.24000000,1753185599999999,404429.13454000,2397,40393.43000000,203498.78796000,0
1753185600000000,5.05000000,5.06000000,5.01800000,5.03300000,48938.13000000,1753189199999999,246693.66445000,1892,26873.05000000,135500.11560000,0
1753189200000000,5.03400000,5.08800000,4.98200000,4.99900000,126397.08000000,1753192799999999,635066.90401000,4987,63570.10000000,319448.02629000,0
1753192800000000,5.00100000,5.08200000,4.94100000,5.08200000,122198.74000000,1753196399999999,610202.18015000,4456,54045.70000000,270061.39636000,0
1753196400000000,5.08100000,5.12300000,5.04900000,5.05900000,83151.77000000,1753199999999999,422808.37991000,3299,38651.36000000,196461.47829000,0
1753200000000000,5.05900000,5.12000000,5.04600000,5.06800000,64820.78000000,1753203599999999,329535.19161000,2453,27969.18000000,142140.00007000,0
1753203600000000,5.06600000,5.08000000,5.00300000,5.04000000,71182.24000000,1753207199999999,358848.81860000,2979,37325.21000000,188190.85013000,0
1753207200000000,5.04000000,5.10800000,5.01000000,5.08300000,97094.76000000,1753210799999999,492116.35701000,3301,44961.74000000,227637.92240000,0
1753210800000000,5.08100000,5.09000000,4.96900000,4.98700000,130043.00000000,1753214399999999,655774.60729000,4189,58612.29000000,295463.46929000,0
1753214400000000,4.98300000,5.06000000,4.97500000,5.04300000,105281.06000000,1753217999999999,528561.21727000,2869,57299.99000000,287429.36469000,0
1753218000000000,5.04600000,5.05400000,5.01800000,5.04300000,69954.70000000,1753221599999999,352594.98035000,1891,37348.23000000,188272.58586000,0
1753221600000000,5.04300000,5.06700000,5.02900000,5.06400000,64875.46000000,1753225199999999,327536.51579000,2004,40439.83000000,204208.91712000,0
1753225200000000,5.06500000,5.11500000,5.05700000,5.11000000,75208.04000000,1753228799999999,383106.08342000,2407,43962.25000000,223963.16387000,0
1753228800000000,5.11100000,5.13800000,5.03000000,5.03400000,105313.57000000,1753232399999999,536597.07893000,3705,54947.47000000,280058.32781000,0
1753232400000000,5.03500000,5.05400000,5.00200000,5.05200000,56182.78000000,1753235999999999,282229.77300000,2108,29513.02000000,148236.77735000,0
1753236000000000,5.05200000,5.07100000,5.03100000,5.05400000,79604.69000000,1753239599999999,402159.14725000,2274,38400.71000000,193943.95716000,0
1753239600000000,5.05600000,5.08800000,5.03700000,5.05600000,44025.00000000,1753243199999999,222610.22443000,1500,20435.64000000,103314.85082000,0
1753243200000000,5.05500000,5.13000000,5.04800000,5.12800000,68470.08000000,1753246799999999,349714.69004000,1743,34644.46000000,176899.68728000,0
1753246800000000,5.12700000,5.13500000,5.09400000,5.09700000,61559.79000000,1753250399999999,314664.60225000,1634,33941.46000000,173496.33500000,0
1753250400000000,5.09700000,5.10800000,5.02700000,5.05000000,84089.09000000,1753253999999999,425193.41213000,2277,33318.99000000,168352.83484000,0
1753254000000000,5.04900000,5.08200000,5.01700000,5.03700000,78806.39000000,1753257599999999,397269.77587000,2372,38812.31000000,195593.36370000,0
1753257600000000,5.03500000,5.06900000,5.02100000,5.06800000,49123.74000000,1753261199999999,247583.03668000,1839,23773.26000000,119834.59180000,0
1753261200000000,5.06800000,5.07400000,4.95900000,4.96000000,108006.81000000,1753264799999999,539664.94248000,2957,37854.21000000,189118.80186000,0
1753264800000000,4.95900000,4.98900000,4.92400000,4.98000000,140955.20000000,1753268399999999,698919.57520000,4531,73575.01000000,364846.31593000,0
1753268400000000,4.97900000,5.00700000,4.94600000,5.00400000,75626.18000000,1753271999999999,376313.99401000,2841,46528.81000000,231559.01528000,0
1753272000000000,5.00300000,5.01300000,4.86000000,4.87600000,211964.62000000,1753275599999999,1044257.96595000,5791,110505.32000000,544473.43416000,0
1753275600000000,4.87700000,4.91900000,4.74300000,4.78400000,687060.42000000,1753279199999999,3314856.38944000,19728,321405.93000000,1550880.32985000,0
1753279200000000,4.78400000,4.84800000,4.76800000,4.83600000,189730.36000000,1753282799999999,914593.93627000,5589,101930.20000000,491343.29541000,0
1753282800000000,4.83600000,4.84300000,4.77200000,4.81600000,133623.13000000,1753286399999999,641554.99716000,4318,64848.52000000,311343.37283000,0
1753286400000000,4.81600000,4.81700000,4.71500000,4.72200000,134970.14000000,1753289999999999,642052.83115000,5666,61382.46000000,291885.89028000,0
1753290000000000,4.72400000,4.74500000,4.64800000,4.71200000,283250.91000000,1753293599999999,1330682.88395000,10639,137662.27000000,646641.19985000,0
1753293600000000,4.71300000,4.74600000,4.70400000,4.74400000,77569.53000000,1753297199999999,366689.73147000,3190,40661.10000000,192183.75572000,0
1753297200000000,4.74300000,4.74900000,4.70400000,4.70800000,72390.18000000,1753300799999999,342338.56500000,2785,39740.71000000,187954.63172000,0
1753300800000000,4.70700000,4.73300000,4.58300000,4.66100000,318124.72000000,1753304399999999,1476601.59344000,11183,151049.33000000,700817.49427000,0
1753304400000000,4.66300000,4.69000000,4.55800000,4.67000000,261783.69000000,1753307999999999,1212571.50902000,8588,125368.50000000,580807.03567000,0
1753308000000000,4.67100000,4.71500000,4.64400000,4.69300000,59236.45000000,1753311599999999,277645.89278000,2694,29073.83000000,136252.40992000,0
1753311600000000,4.69300000,4.71300000,4.68900000,4.70200000,63389.50000000,1753315199999999,297965.23107000,2450,33080.63000000,155545.92380000,0
1753315200000000,4.70400000,4.74400000,4.67300000,4.74200000,54467.96000000,1753318799999999,256555.84671000,2380,28819.45000000,135796.70006000,0
1753318800000000,4.74200000,4.74700000,4.69700000,4.74300000,50435.42000000,1753322399999999,238259.07029000,1817,19590.97000000,92575.21965000,0
1753322400000000,4.74500000,4.75000000,4.71200000,4.72700000,29650.90000000,1753325999999999,140340.00012000,1421,14350.85000000,67918.24663000,0
1753326000000000,4.72700000,4.76300000,4.70500000,4.70700000,57148.49000000,1753329599999999,270556.23154000,1924,29033.98000000,137492.71974000,0
1753329600000000,4.70800000,4.72300000,4.62800000,4.63600000,88332.99000000,1753333199999999,413114.54099000,3020,42007.57000000,196527.30506000,0
1753333200000000,4.63500000,4.63800000,4.51300000,4.52300000,155072.33000000,1753336799999999,710242.86699000,6505,75522.20000000,345804.03020000,0
1753336800000000,4.52300000,4.60000000,4.46000000,4.51100000,269901.32000000,1753340399999999,1224686.04007000,9540,110876.13000000,502444.47139000,0
1753340400000000,4.51000000,4.58600000,4.46700000,4.58000000,127879.47000000,1753343999999999,580231.80063000,4450,66722.89000000,302627.35481000,0
1753344000000000,4.58000000,4.64000000,4.55500000,4.62700000,113425.34000000,1753347599999999,523046.53037000,3899,60095.18000000,277030.35657000,0
1753347600000000,4.62800000,4.64200000,4.59900000,4.61900000,82815.91000000,1753351199999999,382660.40991000,2683,45863.89000000,211966.01801000,0
1753351200000000,4.62000000,4.64600000,4.55200000,4.59400000,104291.69000000,1753354799999999,479147.47583000,2998,48850.39000000,224521.27818000,0
1753354800000000,4.59400000,4.68300000,4.59200000,4.67500000,91900.90000000,1753358399999999,426784.33730000,2648,49490.76000000,229742.48417000,0
1753358400000000,4.67400000,4.69700000,4.64200000,4.65700000,76809.90000000,1753361999999999,358603.78528000,3607,42586.48000000,198868.34512000,0
1753362000000000,4.65700000,4.69200000,4.63300000,4.63600000,115577.11000000,1753365599999999,539024.33359000,4982,64794.57000000,302320.44042000,0
1753365600000000,4.63700000,4.76000000,4.60000000,4.75500000,173702.71000000,1753369199999999,813556.85188000,6136,89064.00000000,416372.38050000,0
1753369200000000,4.75700000,4.80500000,4.71900000,4.74500000,183650.76000000,1753372799999999,875231.98839000,7540,102990.30000000,490927.24517000,0
1753372800000000,4.74700000,4.75300000,4.63500000,4.66500000,134954.88000000,1753376399999999,633572.85021000,6518,68056.01000000,319492.68318000,0
1753376400000000,4.66700000,4.74000000,4.66100000,4.70600000,63995.48000000,1753379999999999,301808.77802000,2492,35195.07000000,165904.11329000,0
1753380000000000,4.70500000,4.74000000,4.68300000,4.72500000,53010.84000000,1753383599999999,250245.50868000,2201,24336.18000000,114880.17875000,0
1753383600000000,4.72500000,4.74700000,4.68500000,4.68900000,56791.59000000,1753387199999999,267972.37191000,2005,25870.72000000,122119.72433000,0
1753387200000000,4.68900000,4.73400000,4.68100000,4.72700000,27641.81000000,1753390799999999,130029.67441000,1288,14363.37000000,67567.37795000,0
1753390800000000,4.72700000,4.73000000,4.66200000,4.67900000,53448.85000000,1753394399999999,250626.67546000,1464,28958.73000000,135740.98027000,0
1753394400000000,4.67800000,4.69400000,4.64400000,4.66900000,88772.25000000,1753397999999999,414267.92869000,2363,40649.50000000,189711.90602000,0
1753398000000000,4.66900000,4.66900000,4.60900000,4.62500000,76492.91000000,1753401599999999,353980.65085000,2351,37865.72000000,175200.10569000,0
1753401600000000,4.62600000,4.63300000,4.56400000,4.58900000,88188.78000000,1753405199999999,405546.83364000,3511,44755.61000000,205843.09769000,0
1753405200000000,4.58800000,4.64200000,4.56100000,4.63000000,75138.22000000,1753408799999999,345726.47769000,2883,42045.76000000,193569.27772000,0
1753408800000000,4.63200000,4.64800000,4.55300000,4.56700000,88993.28000000,1753412399999999,408987.23602000,3180,44406.94000000,204076.13524000,0
1753412400000000,4.56600000,4.59800000,4.49800000,4.55900000,124607.16000000,1753415999999999,566695.17735000,4530,64642.66000000,294055.06495000,0
1753416000000000,4.55900000,4.60300000,4.50900000,4.60200000,111243.49000000,1753419599999999,506800.30920000,3575,63215.36000000,288033.29109000,0
1753419600000000,4.60200000,4.60900000,4.55000000,4.55400000,70218.63000000,1753423199999999,321716.49364000,1994,30570.97000000,140109.78706000,0
1753423200000000,4.55500000,4.61000000,4.53200000,4.58900000,54538.40000000,1753426799999999,249196.72172000,1934,27647.16000000,126297.05227000,0
1753426800000000,4.58800000,4.63300000,4.54500000,4.58800000,82600.60000000,1753430399999999,378568.54276000,2954,39128.47000000,179447.78642000,0
1753430400000000,4.58700000,4.63900000,4.58200000,4.60100000,89274.67000000,1753433999999999,411158.79300000,3317,47255.59000000,217592.63038000,0
1753434000000000,4.60100000,4.68100000,4.58600000,4.68000000,109232.53000000,1753437599999999,506607.05906000,3112,55815.87000000,258842.75412000,0
1753437600000000,4.67900000,4.70000000,4.66900000,4.69200000,168513.59000000,1753441199999999,789291.97594000,4557,50815.73000000,237992.56641000,0
1753441200000000,4.69300000,4.71900000,4.69000000,4.70900000,114082.58000000,1753444799999999,536667.51740000,2223,58927.82000000,277129.52881000,0
1753444800000000,4.71000000,4.73800000,4.67800000,4.69300000,72832.68000000,1753448399999999,342786.46862000,2852,35223.62000000,165807.33532000,0
1753448400000000,4.69300000,4.69400000,4.59400000,4.63300000,187196.68000000,1753451999999999,868531.49688000,7254,105756.82000000,490871.22434000,0
1753452000000000,4.63400000,4.63800000,4.53400000,4.53900000,134347.18000000,1753455599999999,615654.42888000,5390,63670.37000000,291705.62892000,0
1753455600000000,4.53900000,4.58600000,4.51000000,4.56400000,121894.14000000,1753459199999999,554403.94979000,4401,66654.67000000,303234.46523000,0
1753459200000000,4.56400000,4.60200000,4.53300000,4.59600000,74728.56000000,1753462799999999,341314.49119000,2838,37884.55000000,173074.54081000,0
1753462800000000,4.59300000,4.61600000,4.57300000,4.58300000,67215.95000000,1753466399999999,308864.65463000,2370,33003.45000000,151643.16591000,0
1753466400000000,4.58200000,4.60000000,4.57400000,4.59200000,45189.70000000,1753469999999999,207303.28712000,1704,26437.22000000,121294.09333000,0
1753470000000000,4.59200000,4.61300000,4.57100000,4.59400000,34222.20000000,1753473599999999,157177.68962000,1350,14471.98000000,66462.76937000,0
1753473600000000,4.59300000,4.68000000,4.59100000,4.66200000,49717.42000000,1753477199999999,230872.05034000,1888,27126.92000000,125897.52233000,0
1753477200000000,4.66400000,4.70600000,4.66400000,4.69500000,58696.15000000,1753480799999999,275238.34818000,1738,28015.98000000,131372.81674000,0
1753480800000000,4.69600000,4.71000000,4.68800000,4.70200000,53425.95000000,1753484399999999,251069.48282000,1468,20761.44000000,97588.09955000,0
1753484400000000,4.70100000,4.71600000,4.68900000,4.70900000,26067.82000000,1753487999999999,122572.01881000,812,10294.76000000,48431.82611000,0
1753488000000000,4.71000000,4.71300000,4.68800000,4.70400000,47100.99000000,1753491599999999,221347.10747000,1146,14983.48000000,70450.37585000,0
1753491600000000,4.70400000,4.70700000,4.66900000,4.67200000,23992.00000000,1753495199999999,112476.30179000,882,13590.47000000,63687.51003000,0
1753495200000000,4.67200000,4.72000000,4.67200000,4.69800000,36740.20000000,1753498799999999,172683.36702000,1550,19535.54000000,91794.23135000,0
1753498800000000,4.69800000,4.70100000,4.68000000,4.69400000,20611.96000000,1753502399999999,96710.57039000,960,11974.37000000,56187.75591000,0
1753502400000000,4.69300000,4.70000000,4.68200000,4.68800000,24972.49000000,1753505999999999,117156.82718000,767,9680.90000000,45420.89593000,0
1753506000000000,4.68900000,4.70100000,4.68200000,4.69700000,27117.22000000,1753509599999999,127343.28390000,642,14222.93000000,66791.19899000,0
1753509600000000,4.69700000,4.69800000,4.67200000,4.67600000,26955.56000000,1753513199999999,126200.70260000,882,10456.05000000,48956.79237000,0
1753513200000000,4.67500000,4.69200000,4.67400000,4.68500000,22554.44000000,1753516799999999,105649.20447000,737,15217.16000000,71292.53369000,0
1753516800000000,4.68500000,4.71100000,4.68500000,4.69700000,34115.53000000,1753520399999999,160310.37466000,1207,17195.68000000,80775.29971000,0
1753520400000000,4.69700000,4.72600000,4.69100000,4.72400000,37882.61000000,1753523999999999,178492.18226000,1016,19497.92000000,91884.38117000,0
1753524000000000,4.72400000,4.74800000,4.71400000,4.73100000,70870.75000000,1753527599999999,335443.30231000,1676,27768.12000000,131453.73780000,0
1753527600000000,4.73100000,4.74200000,4.71600000,4.72400000,31894.12000000,1753531199999999,150836.97555000,1013,17947.43000000,84904.54240000,0
1753531200000000,4.72400000,4.74700000,4.70900000,4.74100000,30056.75000000,1753534799999999,142126.19964000,940,15832.05000000,74878.49299000,0
1753534800000000,4.74100000,4.76400000,4.73500000,4.74900000,41256.01000000,1753538399999999,195836.98500000,1191,15069.18000000,71534.64313000,0
1753538400000000,4.75000000,4.76900000,4.72700000,4.73900000,62209.41000000,1753541999999999,295204.77866000,1530,38118.71000000,180898.96796000,0
1753542000000000,4.73900000,4.76000000,4.71300000,4.75100000,83554.59000000,1753545599999999,395076.40706000,1537,62317.16000000,294589.34982000,0
1753545600000000,4.75200000,4.76400000,4.73300000,4.74200000,34165.59000000,1753549199999999,162246.22024000,1344,15907.98000000,75570.15702000,0
1753549200000000,4.74200000,4.75300000,4.72300000,4.73800000,20455.82000000,1753552799999999,96883.45296000,985,9710.71000000,46002.64122000,0
1753552800000000,4.73700000,4.77800000,4.72100000,4.77500000,63693.59000000,1753556399999999,303025.67467000,1661,36576.13000000,173965.05872000,0
1753556400000000,4.77500000,4.83800000,4.77500000,4.83300000,58632.68000000,1753559999999999,281733.50515000,2088,29627.65000000,142322.59902000,0
1753560000000000,4.83300000,4.83300000,4.79000000,4.79400000,44302.88000000,1753563599999999,212854.55122000,1161,16666.08000000,80100.26636000,0
1753563600000000,4.79400000,4.80600000,4.77600000,4.80200000,19961.87000000,1753567199999999,95642.58856000,653,11604.86000000,55614.78603000,0
1753567200000000,4.80300000,4.82800000,4.78500000,4.78800000,57799.16000000,1753570799999999,278012.11559000,1688,26650.81000000,128211.21804000,0
1753570800000000,4.78800000,4.79000000,4.76000000,4.76500000,21938.12000000,1753574399999999,104791.09219000,796,10690.18000000,51063.64611000,0
1753574400000000,4.76600000,4.77000000,4.74900000,4.76400000,22963.45000000,1753577999999999,109251.28544000,851,11529.15000000,54857.12058000,0
1753578000000000,4.76600000,4.78900000,4.75600000,4.78200000,20402.15000000,1753581599999999,97507.78246000,778,10976.51000000,52481.74352000,0
1753581600000000,4.78100000,4.81100000,4.76800000,4.79600000,27909.31000000,1753585199999999,133716.43039000,992,12804.34000000,61343.55548000,0
1753585200000000,4.79700000,4.80300000,4.77500000,4.77900000,22094.62000000,1753588799999999,105742.67879000,650,7805.22000000,37348.51248000,0
1753588800000000,4.77800000,4.80300000,4.77400000,4.79800000,24239.98000000,1753592399999999,116141.80282000,747,13140.97000000,62966.33399000,0
1753592400000000,4.79900000,4.83000000,4.79900000,4.81000000,64135.87000000,1753595999999999,308922.40870000,1681,30302.61000000,145943.89780000,0
1753596000000000,4.81000000,4.81000000,4.78900000,4.80600000,32219.45000000,1753599599999999,154689.73280000,950,12794.63000000,61437.47731000,0
1753599600000000,4.80800000,4.82000000,4.78700000,4.80000000,22851.91000000,1753603199999999,109730.94147000,780,10518.72000000,50494.85924000,0
1753603200000000,4.79900000,4.80800000,4.76700000,4.77700000,42135.13000000,1753606799999999,201517.29602000,1104,18289.54000000,87487.23147000,0
1753606800000000,4.77600000,4.77600000,4.73600000,4.74700000,39255.19000000,1753610399999999,186608.62743000,1137,19405.47000000,92199.87081000,0
1753610400000000,4.74800000,4.81400000,4.74800000,4.80800000,56677.92000000,1753613999999999,271562.00936000,1492,24303.01000000,116405.55601000,0
1753614000000000,4.80900000,4.81700000,4.77500000,4.78200000,42789.07000000,1753617599999999,205351.33493000,1217,17527.65000000,84148.75087000,0
1753617600000000,4.78200000,4.82000000,4.77000000,4.81500000,39088.83000000,1753621199999999,187236.19150000,1310,20677.22000000,99090.02891000,0
1753621200000000,4.81400000,4.82100000,4.77800000,4.78700000,32716.78000000,1753624799999999,157110.52417000,1162,12675.52000000,60905.70682000,0
1753624800000000,4.78500000,4.80300000,4.76000000,4.77700000,32105.39000000,1753628399999999,153491.39486000,1076,11222.82000000,53655.75288000,0
1753628400000000,4.77700000,4.79600000,4.76000000,4.79500000,29618.77000000,1753631999999999,141448.73027000,958,19148.73000000,91424.55159000,0
1753632000000000,4.79600000,4.85000000,4.79100000,4.80300000,122941.55000000,1753635599999999,592678.15507000,2654,60783.29000000,292955.16137000,0
1753635600000000,4.80300000,4.81800000,4.78400000,4.81500000,47192.34000000,1753639199999999,226505.11164000,1119,28889.43000000,138638.47178000,0
1753639200000000,4.81500000,4.84000000,4.81000000,4.82300000,34014.95000000,1753642799999999,164103.36016000,1322,18741.85000000,90427.54246000,0
1753642800000000,4.82200000,4.82800000,4.80000000,4.81100000,27966.99000000,1753646399999999,134600.92862000,1078,13729.68000000,66096.17886000,0
1753646400000000,4.81100000,4.83000000,4.80500000,4.81300000,38039.20000000,1753649999999999,183317.26324000,969,12428.29000000,59906.04348000,0
1753650000000000,4.81200000,4.84600000,4.80300000,4.84200000,27193.88000000,1753653599999999,131168.85071000,882,14750.16000000,71157.63987000,0
1753653600000000,4.84400000,4.89100000,4.84200000,4.87700000,78062.08000000,1753657199999999,380040.78661000,2386,41044.89000000,199798.53162000,0
1753657200000000,4.87600000,4.87600000,4.84800000,4.87400000,26037.99000000,1753660799999999,126521.70234000,1192,11684.52000000,56785.41172000,0
1753660800000000,4.87500000,4.91100000,4.86200000,4.87200000,88694.49000000,1753664399999999,433472.88358000,2670,33273.58000000,162734.03133000,0
1753664400000000,4.87300000,4.87400000,4.81500000,4.82800000,60412.44000000,1753667999999999,292465.34622000,1901,28419.76000000,137663.27719000,0
1753668000000000,4.82700000,4.90800000,4.82100000,4.87400000,76465.91000000,1753671599999999,372360.51660000,2659,37758.21000000,183847.68643000,0
1753671600000000,4.87300000,4.88300000,4.83500000,4.84500000,69838.79000000,1753675199999999,339075.03460000,2305,21578.25000000,104753.46790000,0
1753675200000000,4.84500000,4.87600000,4.82500000,4.87300000,70957.86000000,1753678799999999,344364.37169000,2332,31588.07000000,153228.22290000,0
1753678800000000,4.87300000,4.92400000,4.86400000,4.91200000,80256.96000000,1753682399999999,393571.85650000,2485,46082.36000000,225940.05061000,0
1753682400000000,4.91200000,4.93200000,4.90100000,4.93100000,141204.52000000,1753685999999999,695073.65314000,2012,66537.85000000,327565.86768000,0
1753686000000000,4.93100000,4.93200000,4.87400000,4.89600000,75946.15000000,1753689599999999,371654.18998000,2030,32996.65000000,161386.34773000,0
1753689600000000,4.89500000,4.91100000,4.86100000,4.88100000,73461.35000000,1753693199999999,359023.50518000,1842,32556.55000000,159126.75495000,0
1753693200000000,4.88100000,4.92800000,4.87200000,4.90800000,71730.32000000,1753696799999999,351908.57789000,2052,45319.16000000,222417.45610000,0
1753696800000000,4.90900000,4.92800000,4.89700000,4.91400000,34634.40000000,1753700399999999,170073.73144000,1290,15622.27000000,76722.25761000,0
1753700400000000,4.91500000,4.91600000,4.86600000,4.88100000,64301.21000000,1753703999999999,314069.39860000,1319,22537.57000000,110136.53526000,0
1753704000000000,4.88100000,4.93500000,4.86000000,4.93400000,108950.47000000,1753707599999999,533385.56285000,3046,53983.24000000,264274.51544000,0
1753707600000000,4.93500000,4.95100000,4.87900000,4.90000000,205743.79000000,1753711199999999,1012186.61525000,6909,90220.93000000,443701.38145000,0
1753711200000000,4.89800000,4.92000000,4.79000000,4.79800000,208332.71000000,1753714799999999,1006786.60446000,7670,96554.08000000,466556.97380000,0
1753714800000000,4.79700000,4.83200000,4.73800000,4.75800000,100682.90000000,1753718399999999,481769.22819000,4044,46971.55000000,224802.86270000,0
1753718400000000,4.75800000,4.80200000,4.72900000,4.77100000,107281.14000000,1753721999999999,510667.03764000,4322,53971.88000000,256947.80871000,0
1753722000000000,4.77100000,4.78600000,4.73500000,4.74000000,63488.24000000,1753725599999999,301917.38834000,3111,30375.20000000,144439.11370000,0
1753725600000000,4.73900000,4.74200000,4.66400000,4.68600000,115069.39000000,1753729199999999,540509.07165000,5015,52712.90000000,247667.24187000,0
1753729200000000,4.68500000,4.71000000,4.63600000,4.67100000,93843.93000000,1753732799999999,438801.41910000,3468,43982.58000000,205579.07482000,0
1753732800000000,4.67100000,4.67500000,4.62200000,4.63600000,86748.86000000,1753736399999999,402738.42535000,3002,42694.01000000,198156.92985000,0
1753736400000000,4.63500000,4.67900000,4.61200000,4.64700000,57285.25000000,1753739999999999,266290.16207000,1971,26438.43000000,122900.56604000,0
1753740000000000,4.64600000,4.66300000,4.60900000,4.63000000,58266.84000000,1753743599999999,269990.27854000,2244,29561.57000000,136976.45024000,0
1753743600000000,4.63200000,4.64700000,4.61600000,4.64300000,61255.91000000,1753747199999999,283573.21811000,2215,29638.28000000,137226.75213000,0
1753747200000000,4.64300000,4.66000000,4.55900000,4.61500000,128675.93000000,1753750799999999,593908.98743000,3845,60123.57000000,277458.83037000,0
1753750800000000,4.61500000,4.63700000,4.58700000,4.58900000,40602.43000000,1753754399999999,187338.58227000,1557,15045.69000000,69467.37548000,0
1753754400000000,4.58900000,4.59600000,4.55300000,4.57400000,113038.62000000,1753757999999999,517173.40453000,2638,64098.96000000,293293.30086000,0
1753758000000000,4.57300000,4.63400000,4.57100000,4.62600000,76481.88000000,1753761599999999,352156.35287000,2089,26766.79000000,123233.54492000,0
1753761600000000,4.62600000,4.64500000,4.59700000,4.60000000,67579.48000000,1753765199999999,312475.74813000,1760,30775.20000000,142346.15287000,0
1753765200000000,4.60000000,4.68500000,4.60000000,4.68200000,58573.31000000,1753768799999999,272260.61419000,1583,26318.76000000,122292.27038000,0
1753768800000000,4.68300000,4.72600000,4.67300000,4.72100000,83312.94000000,1753772399999999,391651.55666000,1980,39593.91000000,186301.00975000,0
1753772400000000,4.72100000,4.77200000,4.71500000,4.76500000,83961.60000000,1753775999999999,397785.00529000,2318,39859.53000000,188878.92165000,0
1753776000000000,4.76700000,4.77000000,4.71200000,4.73200000,105853.85000000,1753779599999999,500835.31828000,2807,54662.79000000,258542.23142000,0
1753779600000000,4.73300000,4.73900000,4.70200000,4.71100000,61858.10000000,1753783199999999,291783.28191000,2040,23990.21000000,113180.00778000,0
1753783200000000,4.71000000,4.71700000,4.61600000,4.62600000,121297.63000000,1753786799999999,566362.60200000,3354,51974.94000000,242701.84462000,0
1753786800000000,4.62500000,4.66600000,4.62100000,4.64900000,53701.31000000,1753790399999999,249520.75730000,1879,25015.41000000,116286.04771000,0
1753790400000000,4.65000000,4.70400000,4.64100000,4.68100000,79955.03000000,1753793999999999,373781.29818000,2377,40505.88000000,189272.63826000,0
1753794000000000,4.68100000,4.72700000,4.65200000,4.66100000,200527.95000000,1753797599999999,941786.83226000,3967,61928.48000000,290739.14468000,0
1753797600000000,4.66200000,4.66400000,4.57400000,4.60300000,163938.05000000,1753801199999999,755972.19952000,4723,55193.49000000,254700.73915000,0
1753801200000000,4.60200000,4.63100000,4.56800000,4.60200000,156192.94000000,1753804799999999,717160.39259000,4827,75526.67000000,346925.94997000,0
1753804800000000,4.60200000,4.61600000,4.54300000,4.61300000,237103.94000000,1753808399999999,1087667.30216000,5561,85737.36000000,392976.09827000,0
1753808400000000,4.61400000,4.65000000,4.60700000,4.62400000,161199.00000000,1753811999999999,745295.34685000,4401,71419.31000000,330151.81312000,0
1753812000000000,4.62300000,4.62700000,4.57300000,4.58600000,46017.62000000,1753815599999999,211724.62733000,1412,25176.67000000,115792.97393000,0
1753815600000000,4.58500000,4.60700000,4.55100000,4.55300000,62453.74000000,1753819199999999,285920.09374000,1764,29395.13000000,134561.21451000,0
1753819200000000,4.55300000,4.58100000,4.52000000,4.55400000,94755.07000000,1753822799999999,430393.58908000,2823,47229.46000000,214433.66363000,0
1753822800000000,4.55400000,4.63200000,4.53000000,4.61400000,94482.43000000,1753826399999999,432289.72724000,2418,43125.80000000,197272.22919000,0
1753826400000000,4.61400000,4.63000000,4.58400000,4.60200000,58560.28000000,1753829999999999,269718.25074000,2276,28633.98000000,131882.91179000,0
1753830000000000,4.60200000,4.62400000,4.59000000,4.61600000,63011.58000000,1753833599999999,290390.02013000,2222,34527.80000000,159132.15182000,0
1753833600000000,4.61700000,4.61800000,4.53400000,4.56300000,69869.47000000,1753837199999999,319391.62464000,2125,34365.78000000,156946.32845000,0
1753837200000000,4.56100000,4.60500000,4.52000000,4.58100000,48447.12000000,1753840799999999,220900.10674000,1930,21533.49000000,98204.01485000,0
1753840800000000,4.58200000,4.60500000,4.56200000,4.57700000,116298.40000000,1753844399999999,533427.80995000,2355,50500.33000000,231777.59453000,0
1753844400000000,4.57600000,4.59100000,4.56700000,4.56800000,42619.00000000,1753847999999999,195197.68591000,1313,19052.04000000,87270.10453000,0
1753848000000000,4.56800000,4.58500000,4.53700000,4.54400000,39279.52000000,1753851599999999,178905.14339000,1278,16917.33000000,77022.25089000,0
1753851600000000,4.54300000,4.56200000,4.52100000,4.55200000,124271.68000000,1753855199999999,564928.11910000,2574,53802.32000000,244707.03898000,0
1753855200000000,4.55100000,4.56300000,4.53400000,4.54900000,55916.49000000,1753858799999999,254424.43110000,1526,21611.56000000,98369.96392000,0
1753858800000000,4.54800000,4.56800000,4.50200000,4.51400000,116896.38000000,1753862399999999,528331.36988000,2908,36307.59000000,164240.88694000,0
1753862400000000,4.51300000,4.54500000,4.49900000,4.52900000,100929.29000000,1753865999999999,456582.04087000,2663,48934.64000000,221438.34828000,0
1753866000000000,4.52900000,4.54300000,4.48900000,4.49700000,61895.31000000,1753869599999999,279375.45030000,1998,34655.47000000,156492.31767000,0
1753869600000000,4.49700000,4.51900000,4.47500000,4.48600000,60631.43000000,1753873199999999,272558.78981000,2439,35500.52000000,159627.13289000,0
1753873200000000,4.48700000,4.51600000,4.38700000,4.40600000,292303.66000000,1753876799999999,1301132.28548000,7693,117640.50000000,523120.42681000,0
1753876800000000,4.40700000,4.45600000,4.39600000,4.42800000,208923.26000000,1753880399999999,924580.60996000,5452,98782.08000000,437159.83590000,0
1753880400000000,4.42700000,4.44500000,4.40000000,4.42800000,145856.15000000,1753883999999999,645506.54253000,4400,70535.61000000,312251.50149000,0
1753884000000000,4.42800000,4.48400000,4.40000000,4.47700000,219308.95000000,1753887599999999,970647.13711000,5168,123790.67000000,547801.48479000,0
1753887600000000,4.47900000,4.48300000,4.43000000,4.44300000,214888.20000000,1753891199999999,954674.42079000,3723,83792.60000000,372514.96967000,0
1753891200000000,4.44300000,4.47500000,4.43100000,4.43900000,91266.05000000,1753894799999999,406809.75003000,2646,52781.02000000,235280.26348000,0
1753894800000000,4.44000000,4.45500000,4.42500000,4.44700000,84459.61000000,1753898399999999,375155.67720000,2484,37528.98000000,166715.57572000,0
1753898400000000,4.44700000,4.47200000,4.36300000,4.36600000,212306.78000000,1753901999999999,941101.69092000,6352,102971.02000000,456469.20353000,0
1753902000000000,4.36500000,4.41500000,4.24700000,4.40300000,428846.33000000,1753905599999999,1852444.44754000,12746,210501.95000000,909543.11901000,0
1753905600000000,4.40500000,4.44400000,4.38900000,4.40200000,82146.60000000,1753909199999999,362773.88170000,2469,37171.83000000,164105.23131000,0
1753909200000000,4.40200000,4.42400000,4.34700000,4.38200000,76459.25000000,1753912799999999,335249.79176000,1982,32745.46000000,143528.59696000,0
1753912800000000,4.38200000,4.40500000,4.35900000,4.38300000,73822.63000000,1753916399999999,323703.20456000,1679,49507.90000000,217230.92939000,0
1753916400000000,4.38300000,4.42900000,4.38300000,4.41700000,53343.02000000,1753919999999999,234911.89977000,1083,32162.64000000,141522.83553000,0
1753920000000000,4.41700000,4.45700000,4.40700000,4.44900000,117870.93000000,1753923599999999,523933.58392000,2183,53976.16000000,239944.02018000,0
1753923600000000,4.44900000,4.45700000,4.43200000,4.43800000,85770.02000000,1753927199999999,381572.09693000,1389,29741.75000000,132302.21979000,0
1753927200000000,4.43900000,4.45500000,4.43200000,4.45200000,80813.97000000,1753930799999999,359484.35870000,1308,38681.92000000,172062.22322000,0
1753930800000000,4.45200000,4.48500000,4.45100000,4.47200000,49868.47000000,1753934399999999,222638.52225000,1154,30471.83000000,136053.78181000,0
1753934400000000,4.47300000,4.48800000,4.46000000,4.48500000,44237.13000000,1753937999999999,197987.07366000,989,30812.74000000,137906.15614000,0
1753938000000000,4.48500000,4.49800000,4.47800000,4.48800000,37085.35000000,1753941599999999,166394.08878000,917,17124.90000000,76833.53707000,0
1753941600000000,4.48700000,4.50400000,4.47100000,4.50000000,44501.75000000,1753945199999999,199748.21965000,942,27059.49000000,121484.34096000,0
1753945200000000,4.50000000,4.50100000,4.47600000,4.48900000,112485.01000000,1753948799999999,504402.48655000,2124,46391.62000000,208082.49658000,0
1753948800000000,4.48900000,4.51600000,4.48800000,4.50800000,37197.75000000,1753952399999999,167555.52636000,1078,21091.71000000,95008.49016000,0
1753952400000000,4.50800000,4.51200000,4.50000000,4.50500000,34112.27000000,1753955999999999,153718.05137000,788,19821.54000000,89336.04762000,0
1753956000000000,4.50500000,4.50900000,4.48600000,4.48800000,25244.61000000,1753959599999999,113491.21259000,800,11795.21000000,53041.11749000,0
1753959600000000,4.48800000,4.48900000,4.45300000,4.46400000,43829.25000000,1753963199999999,196035.15883000,1174,22000.78000000,98447.29823000,0
1753963200000000,4.46400000,4.46800000,4.41100000,4.42600000,65177.35000000,1753966799999999,289240.84592000,1972,30320.64000000,134594.91870000,0
1753966800000000,4.42500000,4.42500000,4.35900000,4.38100000,123666.98000000,1753970399999999,542339.79623000,4100,64192.77000000,281422.43323000,0
1753970400000000,4.38200000,4.39200000,4.25400000,4.30100000,200350.30000000,1753973999999999,862538.55446000,6671,128652.17000000,553952.86258000,0
1753974000000000,4.29900000,4.34700000,4.29200000,4.32500000,78593.15000000,1753977599999999,339941.94391000,3410,36168.89000000,156383.81239000,0
1753977600000000,4.32500000,4.41700000,4.31800000,4.39100000,122195.11000000,1753981199999999,535701.11030000,3442,36269.00000000,158773.10452000,0
1753981200000000,4.39100000,4.39100000,4.32200000,4.33500000,146141.29000000,1753984799999999,635425.32919000,3837,46798.19000000,203437.01079000,0
1753984800000000,4.33600000,4.36000000,4.30100000,4.34200000,79412.25000000,1753988399999999,343764.59066000,2859,27694.39000000,119918.89966000,0
1753988400000000,4.34300000,4.35100000,4.29200000,4.29700000,70828.05000000,1753991999999999,306170.24332000,2538,31328.03000000,135344.03928000,0
1753992000000000,4.29700000,4.31100000,4.26500000,4.29700000,101463.06000000,1753995599999999,435308.56184000,2918,47898.11000000,205512.03172000,0
1753995600000000,4.29600000,4.31100000,4.22200000,4.26200000,253624.74000000,1753999199999999,1082428.23556000,5308,103737.11000000,442770.88543000,0
1753999200000000,4.26200000,4.26200000,4.21000000,4.22400000,169639.82000000,1754002799999999,717758.98376000,3897,69569.85000000,294336.14702000,0
1754002800000000,4.22500000,4.25000000,4.18600000,4.21000000,123293.32000000,1754006399999999,519700.92817000,3219,63538.88000000,267863.21340000,0
