1759276800000000,4.10100000,4.11900000,4.08300000,4.10600000,42169.40000000,1759280399999999,172964.15634000,1190,26055.17000000,106888.64736000,0
1759280400000000,4.10800000,4.13000000,4.09400000,4.12700000,49458.67000000,1759283999999999,203384.60816000,998,28778.57000000,118384.62200000,0
1759284000000000,4.12700000,4.13500000,4.10400000,4.10600000,102878.15000000,1759287599999999,423564.21340000,1308,29076.45000000,119817.26326000,0
1759287600000000,4.10600000,4.11500000,4.08200000,4.08200000,34428.83000000,1759291199999999,141242.36045000,893,17133.62000000,70287.67589000,0
1759291200000000,4.08100000,4.11900000,4.08000000,4.10500000,34594.06000000,1759294799999999,141949.20346000,1076,14337.97000000,58856.76670000,0
1759294800000000,4.10600000,4.13100000,4.10600000,4.11500000,26592.77000000,1759298399999999,109552.86559000,985,14758.84000000,60801.33724000,0
1759298400000000,4.11400000,4.11900000,4.09300000,4.09600000,33468.51000000,1759301999999999,137421.35389000,964,17128.76000000,70329.44027000,0
1759302000000000,4.09600000,4.12000000,4.09000000,4.10200000,30867.80000000,1759305599999999,126646.86458000,909,16302.24000000,66885.92710000,0
1759305600000000,4.10100000,4.23900000,4.09500000,4.23200000,314527.93000000,1759309199999999,1315362.27277000,11205,162007.37000000,678227.38376000,0
1759309200000000,4.23200000,4.25700000,4.21500000,4.23500000,387597.91000000,1759312799999999,1643734.22168000,7474,202434.97000000,858941.85075000,0
1759312800000000,4.23600000,4.24100000,4.20100000,4.21300000,91194.89000000,1759316399999999,384672.97851000,2330,54330.75000000,229183.00221000,0
1759316400000000,4.21300000,4.22200000,4.20100000,4.20700000,59593.95000000,1759319999999999,250978.66259000,1694,29450.15000000,124026.73878000,0
1759320000000000,4.20800000,4.21600000,4.18900000,4.19100000,73061.27000000,1759323599999999,307003.28311000,1792,29978.24000000,126023.26829000,0
1759323600000000,4.19000000,4.20700000,4.18500000,4.19600000,90298.78000000,1759327199999999,378800.70689000,2070,39897.17000000,167403.52267000,0
1759327200000000,4.19600000,4.21900000,4.19000000,4.19400000,230620.49000000,1759330799999999,970549.81413000,4703,92842.41000000,390698.73665000,0
1759330800000000,4.19500000,4.20200000,4.17800000,4.19400000,164724.77000000,1759334399999999,690255.26352000,3323,63108.84000000,264433.59135000,0
1759334400000000,4.19500000,4.20000000,4.15800000,4.16800000,219281.83000000,1759337999999999,917225.69167000,4856,75838.48000000,317152.41815000,0
1759338000000000,4.16700000,4.18200000,4.13800000,4.14000000,322380.23000000,1759341599999999,1341026.19701000,5439,103676.65000000,431425.92113000,0
1759341600000000,4.14000000,4.20400000,4.14000000,4.20200000,118609.55000000,1759345199999999,495665.54925000,2560,57647.96000000,240748.26289000,0
1759345200000000,4.20100000,4.21500000,4.15400000,4.15600000,575073.24000000,1759348799999999,2404238.42458000,9662,131392.27000000,548952.28797000,0
1759348800000000,4.15600000,4.16400000,4.10200000,4.10700000,509795.52000000,1759352399999999,2105444.71568000,8262,158378.45000000,654573.60042000,0
1759352400000000,4.10600000,4.10600000,4.06200000,4.10100000,539957.14000000,1759355999999999,2205773.25647000,8379,169031.01000000,690428.95583000,0
1759356000000000,4.10200000,4.12200000,4.10200000,4.10600000,208704.51000000,1759359599999999,858382.85707000,2754,112543.18000000,462848.72264000,0
1759359600000000,4.10600000,4.13700000,4.09500000,4.13600000,170663.26000000,1759363199999999,702465.62054000,2478,77055.15000000,317227.95741000,0
1759363200000000,4.13700000,4.15300000,4.12900000,4.13900000,170173.01000000,1759366799999999,704205.96196000,2452,77693.33000000,321551.28558000,0
1759366800000000,4.13900000,4.20400000,4.13500000,4.20100000,133513.16000000,1759370399999999,556634.09061000,1938,82291.97000000,343436.15382000,0
1759370400000000,4.20000000,4.22100000,4.17700000,4.20600000,71190.27000000,1759373999999999,298993.46075000,1677,34164.43000000,143554.96545000,0
1759374000000000,4.20600000,4.22100000,4.19700000,4.20100000,75458.42000000,1759377599999999,317542.71859000,1201,40137.25000000,168956.20137000,0
1759377600000000,4.20100000,4.21900000,4.18600000,4.21500000,120147.95000000,1759381199999999,505225.24184000,1594,46303.17000000,194778.95598000,0
1759381200000000,4.21600000,4.24200000,4.21000000,4.21000000,144316.74000000,1759384799999999,609379.37530000,2505,63607.81000000,268565.46439000,0
1759384800000000,4.21100000,4.23800000,4.20600000,4.22500000,146314.52000000,1759388399999999,617734.55912000,2093,69848.83000000,294899.37071000,0
1759388400000000,4.22500000,4.24000000,4.21400000,4.21600000,56837.38000000,1759391999999999,240352.69117000,1165,30490.34000000,129012.58299000,0
1759392000000000,4.21700000,4.23300000,4.21200000,4.22400000,71057.90000000,1759395599999999,300144.17166000,1182,32172.06000000,135914.00231000,0
1759395600000000,4.22300000,4.24000000,4.21800000,4.23500000,48564.29000000,1759399199999999,205433.07487000,977,26499.17000000,112095.11099000,0
1759399200000000,4.23400000,4.26100000,4.21800000,4.25300000,117736.42000000,1759402799999999,499601.21349000,1775,59974.98000000,254667.68894000,0
1759402800000000,4.25100000,4.27200000,4.24100000,4.25700000,76719.48000000,1759406399999999,326680.95623000,1499,44796.96000000,190746.74004000,0
1759406400000000,4.25700000,4.28100000,4.24800000,4.27700000,96479.41000000,1759409999999999,411440.21086000,1798,55871.16000000,238358.88885000,0
1759410000000000,4.27800000,4.28100000,4.23100000,4.27300000,215596.61000000,1759413599999999,919153.67963000,3063,105035.65000000,448064.81337000,0
1759413600000000,4.27200000,4.27400000,4.18000000,4.19300000,170488.56000000,1759417199999999,720053.09090000,3555,62876.05000000,265594.71671000,0
1759417200000000,4.19300000,4.23300000,4.16800000,4.23200000,122845.06000000,1759420799999999,514960.49735000,2644,61636.85000000,258613.24179000,0
1759420800000000,4.23100000,4.26900000,4.22900000,4.24600000,213808.63000000,1759424399999999,908572.37072000,3604,93626.80000000,398045.18003000,0
1759424400000000,4.24800000,4.28000000,4.24000000,4.27000000,186646.79000000,1759427999999999,795510.48356000,3160,90497.88000000,385828.63049000,0
1759428000000000,4.27200000,4.30400000,4.27100000,4.27900000,310857.75000000,1759431599999999,1333066.10892000,4807,117961.63000000,505843.35312000,0
1759431600000000,4.27900000,4.31300000,4.27100000,4.29700000,184812.36000000,1759435199999999,793587.56054000,3489,75896.34000000,326042.69218000,0
1759435200000000,4.29700000,4.30900000,4.27800000,4.30700000,85245.11000000,1759438799999999,366087.86784000,1729,54943.08000000,236036.71926000,0
1759438800000000,4.30800000,4.31900000,4.29900000,4.30600000,75456.67000000,1759442399999999,325142.45318000,1564,51040.05000000,219955.37315000,0
1759442400000000,4.30700000,4.32100000,4.29300000,4.29800000,80607.39000000,1759445999999999,347202.79277000,1819,40235.46000000,173357.22677000,0
1759446000000000,4.29900000,4.31700000,4.28700000,4.31500000,41789.99000000,1759449599999999,179563.01291000,991,22655.75000000,97354.81378000,0
1759449600000000,4.31400000,4.31800000,4.25800000,4.26000000,86385.79000000,1759453199999999,369687.42534000,1771,25227.80000000,108086.70831000,0
1759453200000000,4.26000000,4.26900000,4.22700000,4.23700000,46464.36000000,1759456799999999,197304.72258000,1680,16349.55000000,69456.84899000,0
1759456800000000,4.23600000,4.25800000,4.23300000,4.25100000,63360.91000000,1759460399999999,268831.84146000,1690,30641.81000000,130003.91887000,0
1759460400000000,4.25000000,4.27800000,4.22700000,4.23000000,86310.26000000,1759463999999999,367175.60814000,2007,36075.65000000,153555.18887000,0
1759464000000000,4.23000000,4.26100000,4.22900000,4.25000000,46409.04000000,1759467599999999,196888.48897000,1239,27793.83000000,117972.94560000,0
1759467600000000,4.25100000,4.25300000,4.22100000,4.23600000,39440.35000000,1759471199999999,167147.51635000,1084,18285.31000000,77484.86651000,0
1759471200000000,4.23700000,4.26300000,4.22300000,4.23800000,85462.77000000,1759474799999999,362573.52302000,1744,43076.77000000,182759.27771000,0
1759474800000000,4.23800000,4.24200000,4.22100000,4.24100000,41152.76000000,1759478399999999,174223.71570000,1614,24951.52000000,105640.85547000,0
1759478400000000,4.24100000,4.24800000,4.21300000,4.24700000,131507.09000000,1759481999999999,556170.95973000,3291,68444.57000000,289728.91120000,0
1759482000000000,4.24600000,4.25000000,4.23000000,4.24600000,63249.37000000,1759485599999999,268226.66567000,1967,38605.74000000,163740.62828000,0
1759485600000000,4.24500000,4.25200000,4.23500000,4.24200000,39915.79000000,1759489199999999,169330.72453000,1311,19657.04000000,83404.78862000,0
1759489200000000,4.24400000,4.24500000,4.22400000,4.22800000,46869.65000000,1759492799999999,198436.68867000,1447,23024.35000000,97492.28954000,0
1759492800000000,4.22800000,4.24500000,4.22200000,4.23700000,54738.12000000,1759496399999999,231920.29211000,1826,38212.08000000,161919.89317000,0
1759496400000000,4.23800000,4.25000000,4.20800000,4.23300000,177879.76000000,1759499999999999,752935.20670000,3675,78053.06000000,330349.38229000,0
1759500000000000,4.23400000,4.25500000,4.19500000,4.24600000,150701.45000000,1759503599999999,636322.15557000,3095,72496.06000000,306315.19343000,0
1759503600000000,4.24600000,4.31000000,4.22000000,4.30700000,275916.69000000,1759507199999999,1174068.49184000,3951,140726.58000000,599289.66103000,0
1759507200000000,4.30600000,4.35300000,4.29700000,4.30000000,247589.77000000,1759510799999999,1071689.16614000,5418,124877.69000000,540678.50897000,0
1759510800000000,4.30000000,4.31000000,4.23400000,4.25800000,227254.74000000,1759514399999999,970849.21215000,6863,113266.75000000,483885.06785000,0
1759514400000000,4.25900000,4.30500000,4.24400000,4.30100000,68733.15000000,1759517999999999,294359.52129000,2226,39268.48000000,168214.06012000,0
1759518000000000,4.30200000,4.32600000,4.29200000,4.31000000,59143.31000000,1759521599999999,255098.41367000,1820,32917.86000000,141977.71227000,0
1759521600000000,4.31100000,4.32200000,4.29400000,4.31700000,39787.53000000,1759525199999999,171476.76509000,1732,21749.61000000,93744.59516000,0
1759525200000000,4.31700000,4.32500000,4.29800000,4.30300000,49527.27000000,1759528799999999,213553.97829000,898,31286.58000000,134949.83022000,0
1759528800000000,4.30300000,4.31300000,4.29500000,4.29800000,38422.84000000,1759532399999999,165443.55573000,845,23871.30000000,102781.49563000,0
1759532400000000,4.29700000,4.29900000,4.27700000,4.27800000,54065.55000000,1759535999999999,231854.77871000,982,32271.63000000,138386.57563000,0
1759536000000000,4.28000000,4.29300000,4.26200000,4.27200000,48425.32000000,1759539599999999,206991.88178000,1192,24442.80000000,104557.90577000,0
1759539600000000,4.27300000,4.27300000,4.23300000,4.24200000,52245.21000000,1759543199999999,222094.08539000,1322,22759.48000000,96765.89380000,0
1759543200000000,4.24200000,4.25500000,4.22100000,4.23800000,42655.97000000,1759546799999999,180599.91510000,1217,16947.32000000,71784.09928000,0
1759546800000000,4.23700000,4.23900000,4.21400000,4.22700000,33342.35000000,1759550399999999,140827.10955000,977,13111.43000000,55399.16359000,0
1759550400000000,4.22700000,4.23700000,4.21200000,4.21800000,32368.74000000,1759553999999999,136631.43717000,871,15794.97000000,66718.24355000,0
1759554000000000,4.21900000,4.23300000,4.21100000,4.22200000,43453.07000000,1759557599999999,183348.52183000,1019,25933.05000000,109411.85373000,0
1759557600000000,4.22300000,4.23600000,4.21900000,4.22900000,41574.00000000,1759561199999999,175733.78557000,971,19322.48000000,81672.58670000,0
1759561200000000,4.23000000,4.23000000,4.19400000,4.20200000,73202.40000000,1759564799999999,307976.81153000,1407,36630.18000000,154098.73951000,0
1759564800000000,4.20200000,4.20300000,4.16100000,4.16900000,72971.84000000,1759568399999999,304928.73273000,1911,28134.11000000,117585.68070000,0
1759568400000000,4.16900000,4.18100000,4.12900000,4.13600000,124904.18000000,1759571999999999,518664.05771000,2502,61796.82000000,256665.21498000,0
1759572000000000,4.13500000,4.15700000,4.12400000,4.13100000,90537.15000000,1759575599999999,374830.27365000,2292,56582.88000000,234195.51614000,0
1759575600000000,4.13000000,4.14100000,4.12300000,4.13500000,49896.58000000,1759579199999999,206243.68639000,1397,27043.34000000,111780.72160000,0
1759579200000000,4.13600000,4.14200000,4.12300000,4.12700000,77893.47000000,1759582799999999,321969.60451000,1421,30627.93000000,126614.01229000,0
1759582800000000,4.12700000,4.15900000,4.12300000,4.13800000,59197.95000000,1759586399999999,245443.55240000,1567,35452.90000000,147015.92078000,0
1759586400000000,4.13800000,4.15300000,4.10500000,4.10500000,90394.57000000,1759589999999999,373402.75846000,2012,42211.10000000,174411.54283000,0
1759590000000000,4.10500000,4.12300000,4.09100000,4.10200000,112669.04000000,1759593599999999,462231.51711000,2841,59256.49000000,243120.88004000,0
1759593600000000,4.10200000,4.11400000,4.08800000,4.11000000,63057.39000000,1759597199999999,258693.55639000,1524,30982.64000000,127108.73525000,0
1759597200000000,4.10900000,4.12300000,4.10300000,4.11200000,44533.20000000,1759600799999999,183178.33947000,1051,21065.19000000,86648.93074000,0
1759600800000000,4.11300000,4.11700000,4.10000000,4.10300000,52489.93000000,1759604399999999,215667.63006000,1049,24942.07000000,102508.30371000,0
1759604400000000,4.10300000,4.11900000,4.10300000,4.11600000,26220.30000000,1759607999999999,107867.16994000,652,15716.11000000,64650.72346000,0
1759608000000000,4.11700000,4.13000000,4.11500000,4.12100000,31524.21000000,1759611599999999,129930.40885000,793,15365.96000000,63335.42960000,0
1759611600000000,4.12100000,4.14000000,4.12000000,4.12800000,25172.89000000,1759615199999999,103985.77785000,607,12398.88000000,51220.12857000,0
1759615200000000,4.12800000,4.14500000,4.12400000,4.13800000,38579.58000000,1759618799999999,159532.68367000,737,20651.83000000,85409.46878000,0
1759618800000000,4.13800000,4.14000000,4.12800000,4.13600000,31257.52000000,1759622399999999,129256.59748000,660,18311.42000000,75723.17976000,0
1759622400000000,4.13600000,4.14700000,4.11300000,4.11500000,39248.97000000,1759625999999999,162182.39969000,968,22522.55000000,93069.09785000,0
1759626000000000,4.11500000,4.13400000,4.11400000,4.13000000,19272.33000000,1759629599999999,79553.08735000,520,10678.13000000,44080.86002000,0
1759629600000000,4.13100000,4.17600000,4.11700000,4.17600000,128509.49000000,1759633199999999,532817.95979000,2616,68818.07000000,285302.00478000,0
1759633200000000,4.17600000,4.19000000,4.16600000,4.16900000,77579.40000000,1759636799999999,324250.61426000,1737,34373.64000000,143679.57641000,0
1759636800000000,4.16900000,4.23700000,4.16300000,4.19900000,255850.58000000,1759640399999999,1074398.23023000,4180,135321.52000000,568845.29978000,0
1759640400000000,4.20000000,4.21200000,4.18700000,4.21200000,47638.22000000,1759643999999999,200275.27603000,1285,25087.00000000,105493.83317000,0
1759644000000000,4.21100000,4.22200000,4.20700000,4.21700000,50989.22000000,1759647599999999,214905.71583000,1171,27321.63000000,115172.94852000,0
1759647600000000,4.21600000,4.26800000,4.21600000,4.26800000,92954.08000000,1759651199999999,394225.67761000,1888,51494.56000000,218434.36341000,0
1759651200000000,4.26800000,4.28400000,4.26300000,4.28000000,145763.30000000,1759654799999999,623501.96682000,2478,64747.79000000,276945.04133000,0
1759654800000000,4.28000000,4.30700000,4.25500000,4.26800000,228611.41000000,1759658399999999,979791.68562000,4525,133107.94000000,570730.43588000,0
1759658400000000,4.26900000,4.27300000,4.23300000,4.23300000,80009.67000000,1759661999999999,340292.62336000,2181,33609.72000000,142920.03969000,0
1759662000000000,4.23200000,4.24000000,4.19500000,4.22600000,276163.59000000,1759665599999999,1164383.79728000,3852,72863.63000000,307314.07602000,0
1759665600000000,4.22500000,4.22600000,4.18700000,4.18700000,98938.61000000,1759669199999999,416078.72158000,1859,44421.60000000,186671.73211000,0
1759669200000000,4.18800000,4.24100000,4.18700000,4.23900000,191571.74000000,1759672799999999,808107.16242000,2587,145065.45000000,612150.21279000,0
1759672800000000,4.24000000,4.26000000,4.19600000,4.20700000,81890.74000000,1759676399999999,346212.73602000,1779,39714.39000000,168006.76958000,0
1759676400000000,4.20700000,4.22500000,4.20000000,4.21700000,55842.21000000,1759679999999999,235112.21538000,1210,31750.35000000,133687.77425000,0
1759680000000000,4.21700000,4.23600000,4.19000000,4.22100000,101555.11000000,1759683599999999,428093.26412000,2036,50521.77000000,213211.88735000,0
1759683600000000,4.22000000,4.23300000,4.17000000,4.17800000,68626.28000000,1759687199999999,288188.52060000,1854,27426.82000000,115242.36957000,0
1759687200000000,4.17800000,4.19700000,4.16100000,4.18900000,54729.55000000,1759690799999999,228657.29616000,1542,33693.34000000,140814.09967000,0
1759690800000000,4.18800000,4.18800000,4.13300000,4.13800000,69142.99000000,1759694399999999,287145.12678000,2132,27264.72000000,113231.53529000,0
1759694400000000,4.13800000,4.16300000,4.12300000,4.14600000,49574.26000000,1759697999999999,205379.44229000,1855,24276.15000000,100627.68933000,0
1759698000000000,4.14500000,4.15300000,4.13400000,4.14800000,27773.76000000,1759701599999999,115120.78125000,777,14138.01000000,58599.11623000,0
1759701600000000,4.14700000,4.16500000,4.13300000,4.15900000,28144.98000000,1759705199999999,116858.75851000,1084,16925.98000000,70297.86400000,0
1759705200000000,4.15900000,4.16600000,4.14600000,4.14800000,26661.47000000,1759708799999999,110904.66221000,803,13707.77000000,57013.36360000,0
1759708800000000,4.14800000,4.17500000,4.11900000,4.12900000,116260.52000000,1759712399999999,481317.70745000,2811,53914.47000000,223280.56128000,0
1759712400000000,4.12900000,4.17400000,4.10900000,4.15500000,94992.52000000,1759715999999999,393878.37853000,2392,55719.39000000,231166.31241000,0
1759716000000000,4.15500000,4.17500000,4.13000000,4.16100000,78391.00000000,1759719599999999,325429.34959000,2051,43197.76000000,179393.93068000,0
1759719600000000,4.16000000,4.17600000,4.15000000,4.15800000,22809.26000000,1759723199999999,94932.48993000,1140,11792.28000000,49085.88044000,0
1759723200000000,4.15800000,4.16200000,4.13600000,4.13900000,49263.26000000,1759726799999999,204343.31413000,1125,28981.37000000,120203.52733000,0
1759726800000000,4.13800000,4.15700000,4.12300000,4.15400000,49120.17000000,1759730399999999,203275.85198000,1306,24120.37000000,99798.54938000,0
1759730400000000,4.15400000,4.18700000,4.15300000,4.17000000,68728.94000000,1759733999999999,286547.54641000,1635,29276.44000000,122002.14909000,0
1759734000000000,4.17100000,4.18500000,4.14200000,4.15600000,107209.48000000,1759737599999999,446629.92534000,2304,47797.60000000,199188.80167000,0
1759737600000000,4.15800000,4.18300000,4.15700000,4.17100000,87759.30000000,1759741199999999,365768.95834000,1755,36060.76000000,150273.36960000,0
1759741200000000,4.17100000,4.18200000,4.16000000,4.16500000,96917.12000000,1759744799999999,404131.66713000,1583,53492.25000000,223076.52266000,0
1759744800000000,4.16400000,4.18000000,4.15400000,4.17700000,57724.23000000,1759748399999999,240346.31647000,1423,26739.12000000,111355.21274000,0
1759748400000000,4.17700000,4.19300000,4.15800000,4.16700000,62677.15000000,1759751999999999,261687.26708000,1536,26825.74000000,112023.40257000,0
1759752000000000,4.16600000,4.18300000,4.16400000,4.17900000,123283.94000000,1759755599999999,514399.72100000,1819,51932.14000000,216625.67456000,0
1759755600000000,4.17900000,4.22800000,4.17200000,4.22700000,109134.23000000,1759759199999999,458264.55498000,2933,58507.35000000,245925.83674000,0
1759759200000000,4.22700000,4.24300000,4.20700000,4.21500000,150079.81000000,1759762799999999,634271.14800000,2886,73390.61000000,310196.19260000,0
1759762800000000,4.21600000,4.27300000,4.21600000,4.25800000,97994.10000000,1759766399999999,416595.11923000,2527,54591.56000000,231943.37977000,0
1759766400000000,4.25800000,4.27700000,4.22600000,4.27600000,159689.61000000,1759769999999999,678796.27416000,3430,80755.60000000,343603.67844000,0
1759770000000000,4.27600000,4.30700000,4.26500000,4.27400000,154696.27000000,1759773599999999,663077.78563000,3426,83001.92000000,355818.49150000,0
1759773600000000,4.27500000,4.29400000,4.27100000,4.28400000,62044.95000000,1759777199999999,265826.55466000,1790,27813.20000000,119164.68423000,0
1759777200000000,4.28400000,4.29500000,4.27500000,4.28600000,63972.31000000,1759780799999999,274059.01592000,1452,26989.19000000,115640.02283000,0
1759780800000000,4.28700000,4.30500000,4.27200000,4.27500000,61305.35000000,1759784399999999,262744.00984000,1477,29156.83000000,125007.69725000,0
1759784400000000,4.27600000,4.29200000,4.26200000,4.28400000,55599.36000000,1759787999999999,237884.65838000,1257,26898.86000000,115127.08426000,0
1759788000000000,4.28500000,4.29500000,4.27100000,4.28800000,38460.29000000,1759791599999999,164675.34858000,1057,22335.37000000,95645.87853000,0
1759791600000000,4.28800000,4.29100000,4.26400000,4.27200000,39490.83000000,1759795199999999,168794.51671000,1108,19223.60000000,82151.99915000,0
1759795200000000,4.27200000,4.28600000,4.26400000,4.27600000,51853.71000000,1759798799999999,221595.60273000,1290,22037.89000000,94156.96458000,0
1759798800000000,4.27600000,4.29100000,4.25000000,4.25600000,38322.14000000,1759802399999999,163543.07880000,1166,17956.88000000,76668.11423000,0
1759802400000000,4.25500000,4.25900000,4.23500000,4.24000000,35204.44000000,1759805999999999,149536.39834000,937,11046.80000000,46921.18155000,0
1759806000000000,4.24000000,4.24600000,4.23000000,4.24200000,20816.61000000,1759809599999999,88234.19620000,670,6665.05000000,28247.81999000,0
1759809600000000,4.24100000,4.29600000,4.22400000,4.28200000,72693.25000000,1759813199999999,309706.61374000,1830,30200.21000000,128762.56560000,0
1759813200000000,4.28200000,4.29300000,4.26400000,4.26900000,54461.39000000,1759816799999999,232841.70421000,1328,21820.95000000,93305.01306000,0
1759816800000000,4.26800000,4.27100000,4.20200000,4.20800000,112513.63000000,1759820399999999,475582.39421000,2257,38723.37000000,163668.85608000,0
1759820400000000,4.20800000,4.22900000,4.19600000,4.21200000,70745.48000000,1759823999999999,297952.55815000,1800,45579.27000000,191967.15999000,0
1759824000000000,4.21200000,4.21200000,4.17000000,4.19800000,127754.68000000,1759827599999999,534745.09709000,2348,56542.88000000,236645.15780000,0
1759827600000000,4.19600000,4.22000000,4.19000000,4.19900000,156457.24000000,1759831199999999,658052.26029000,1946,70921.40000000,298475.51264000,0
1759831200000000,4.19800000,4.21500000,4.13000000,4.17800000,664026.76000000,1759834799999999,2765453.26270000,8431,180488.05000000,752124.89085000,0
1759834800000000,4.17700000,4.22100000,4.17700000,4.21900000,83952.65000000,1759838399999999,352805.73795000,2641,49755.26000000,209027.97550000,0
1759838400000000,4.21900000,4.22700000,4.20300000,4.22600000,70501.71000000,1759841999999999,297133.29919000,2555,41761.25000000,176061.62323000,0
1759842000000000,4.22700000,4.23000000,4.15500000,4.18500000,164387.77000000,1759845599999999,688528.11453000,4436,74118.10000000,310205.11877000,0
1759845600000000,4.18500000,4.19100000,4.11600000,4.11700000,210927.56000000,1759849199999999,873517.83914000,5395,100371.23000000,415765.37230000,0
1759849200000000,4.11800000,4.12000000,4.03400000,4.06300000,509387.22000000,1759852799999999,2072418.98027000,12257,265326.88000000,1079149.50629000,0
1759852800000000,4.06200000,4.09800000,4.04000000,4.07700000,170097.32000000,1759856399999999,691389.94904000,3790,87723.15000000,356406.99398000,0
1759856400000000,4.07700000,4.08700000,4.04800000,4.05400000,120185.04000000,1759859999999999,488830.53002000,2142,63010.58000000,256252.75807000,0
1759860000000000,4.05500000,4.06900000,4.04800000,4.04900000,66625.62000000,1759863599999999,270320.00486000,1691,27860.88000000,113069.95825000,0
1759863600000000,4.04900000,4.07900000,4.04600000,4.06500000,102781.23000000,1759867199999999,417588.98867000,1943,58136.42000000,236204.57219000,0
1759867200000000,4.06600000,4.09900000,4.06300000,4.07900000,63480.59000000,1759870799999999,259431.54378000,1405,32186.95000000,131538.76164000,0
1759870800000000,4.07900000,4.09400000,4.06100000,4.06800000,42085.78000000,1759874399999999,171595.29979000,903,21678.54000000,88355.79638000,0
1759874400000000,4.06900000,4.08500000,4.05900000,4.07700000,41601.03000000,1759877999999999,169542.18099000,912,20544.60000000,83744.48035000,0
1759878000000000,4.07600000,4.07900000,4.04500000,4.05600000,86681.82000000,1759881599999999,352210.95994000,1690,40887.42000000,166192.19308000,0
1759881600000000,4.05500000,4.08500000,4.05200000,4.07800000,54242.71000000,1759885199999999,220741.58454000,1355,31675.83000000,128902.46746000,0
1759885200000000,4.07800000,4.09000000,4.07100000,4.08400000,29246.66000000,1759888799999999,119382.09051000,1171,16105.87000000,65736.76590000,0
1759888800000000,4.08300000,4.08900000,4.06500000,4.06500000,32428.82000000,1759892399999999,132192.99595000,1006,14358.35000000,58549.89313000,0
1759892400000000,4.06400000,4.06500000,4.01000000,4.02800000,100462.04000000,1759895999999999,405138.15801000,2769,33372.09000000,134552.94078000,0
1759896000000000,4.02900000,4.05500000,4.01100000,4.05200000,66410.43000000,1759899599999999,268233.71442000,1958,37768.48000000,152563.79560000,0
1759899600000000,4.05200000,4.05200000,4.02400000,4.04400000,36588.66000000,1759903199999999,147764.12364000,1227,19147.42000000,77324.30304000,0
1759903200000000,4.04300000,4.05800000,4.03000000,4.05200000,34084.96000000,1759906799999999,137807.32327000,1404,20431.55000000,82620.64072000,0
1759906800000000,4.05100000,4.06900000,4.04500000,4.06900000,41604.16000000,1759910399999999,168745.86415000,1648,25248.21000000,102422.19000000,0
1759910400000000,4.06800000,4.09100000,4.06100000,4.08000000,69253.56000000,1759913999999999,282151.73194000,1615,26549.00000000,108223.76405000,0
1759914000000000,4.07900000,4.08300000,4.05900000,4.07300000,32538.05000000,1759917599999999,132451.77384000,879,12394.23000000,50437.09013000,0
1759917600000000,4.07200000,4.08300000,4.06800000,4.07400000,30507.47000000,1759921199999999,124336.57997000,1047,14490.43000000,59066.33935000,0
1759921200000000,4.07600000,4.08400000,4.06100000,4.06600000,46092.37000000,1759924799999999,187610.31746000,1163,17723.46000000,72134.82505000,0
1759924800000000,4.06600000,4.07400000,4.06000000,4.07100000,49335.88000000,1759928399999999,200634.65551000,1150,31322.14000000,127384.50879000,0
1759928400000000,4.07200000,4.10000000,4.05800000,4.10000000,69997.01000000,1759931999999999,285469.88321000,2315,33297.45000000,135903.11641000,0
1759932000000000,4.10000000,4.14200000,4.08500000,4.09400000,139461.97000000,1759935599999999,574294.41731000,3503,66357.86000000,273425.93826000,0
1759935600000000,4.09300000,4.12200000,4.09200000,4.11000000,21402.19000000,1759939199999999,87966.12036000,1245,10629.23000000,43690.05244000,0
1759939200000000,4.11100000,4.14400000,4.10800000,4.14300000,53862.45000000,1759942799999999,222229.10192000,1443,29080.13000000,120042.36585000,0
1759942800000000,4.14400000,4.20400000,4.14200000,4.19600000,207218.61000000,1759946399999999,866169.90524000,3211,141919.52000000,592984.45291000,0
1759946400000000,4.19600000,4.20200000,4.15400000,4.16500000,71057.55000000,1759949999999999,296618.79450000,2118,40073.16000000,167222.80599000,0
1759950000000000,4.16400000,4.17600000,4.15200000,4.17300000,59384.08000000,1759953599999999,247265.87992000,1499,25771.54000000,107355.44213000,0
1759953600000000,4.17300000,4.18600000,4.16000000,4.16400000,76972.72000000,1759957199999999,321375.76670000,1687,55827.65000000,233130.08628000,0
1759957200000000,4.16200000,4.18000000,4.15200000,4.16100000,39678.33000000,1759960799999999,165380.65020000,997,25471.83000000,106184.15360000,0
1759960800000000,4.16200000,4.19500000,4.16100000,4.17400000,57374.29000000,1759964399999999,239770.35474000,1247,37028.71000000,154756.66563000,0
1759964400000000,4.17400000,4.18900000,4.15900000,4.17300000,54740.56000000,1759967999999999,228577.63949000,1380,36151.41000000,151001.54730000,0
1759968000000000,4.17300000,4.18600000,4.13500000,4.13600000,55802.87000000,1759971599999999,232156.40486000,1443,22561.39000000,93989.58155000,0
1759971600000000,4.13700000,4.13900000,4.11400000,4.12800000,44151.46000000,1759975199999999,182197.80964000,1165,18166.37000000,74992.34827000,0
1759975200000000,4.12800000,4.12800000,4.05200000,4.06200000,83553.73000000,1759978799999999,341158.62064000,2041,30750.55000000,125528.44076000,0
1759978800000000,4.06100000,4.09800000,4.06000000,4.08900000,33153.86000000,1759982399999999,135472.68286000,1132,21820.98000000,89141.35727000,0
1759982400000000,4.09000000,4.10800000,4.08400000,4.10800000,24228.32000000,1759985999999999,99285.85683000,727,13013.32000000,53333.83229000,0
1759986000000000,4.10800000,4.11100000,4.08100000,4.08900000,49461.34000000,1759989599999999,202523.84331000,1126,14542.47000000,59499.21088000,0
1759989600000000,4.08900000,4.08900000,4.06600000,4.07200000,57271.25000000,1759993199999999,233531.42939000,1253,32963.04000000,134453.94145000,0
1759993200000000,4.07100000,4.07700000,4.04900000,4.06000000,34532.13000000,1759996799999999,140273.12865000,1177,13709.63000000,55720.85277000,0
1759996800000000,4.06000000,4.06500000,4.00100000,4.00600000,164175.84000000,1760000399999999,661411.05045000,4799,67324.54000000,271293.56637000,0
1760000400000000,4.00500000,4.03800000,4.00500000,4.02900000,70329.50000000,1760003999999999,283063.98674000,1624,40225.72000000,161851.72384000,0
1760004000000000,4.02900000,4.05500000,4.01000000,4.03800000,132461.26000000,1760007599999999,534242.50821000,2714,79635.22000000,321443.67219000,0
1760007600000000,4.03900000,4.05000000,4.02900000,4.03100000,79550.18000000,1760011199999999,321202.79651000,1418,23014.52000000,92989.16812000,0
1760011200000000,4.03100000,4.07600000,4.02800000,4.06300000,96619.29000000,1760014799999999,391783.98267000,1908,57572.81000000,233405.16742000,0
1760014800000000,4.06300000,4.06600000,4.01800000,4.02000000,65127.49000000,1760018399999999,263120.09352000,1774,19124.17000000,77358.08140000,0
1760018400000000,4.02000000,4.04500000,3.99200000,4.02200000,161444.93000000,1760021999999999,648082.92111000,4050,66409.85000000,266898.62833000,0
1760022000000000,4.02300000,4.03800000,3.99300000,4.01300000,112950.74000000,1760025599999999,452502.66769000,1960,28942.59000000,116186.28436000,0
1760025600000000,4.01300000,4.02500000,3.98600000,3.99500000,168689.10000000,1760029199999999,676861.76026000,2937,73852.96000000,296399.54110000,0
1760029200000000,3.99300000,4.04600000,3.99100000,4.04600000,80911.36000000,1760032799999999,325393.77800000,1767,53705.58000000,216029.92480000,0
1760032800000000,4.04600000,4.04800000,4.02800000,4.03000000,59869.25000000,1760036399999999,241718.49984000,1194,28027.59000000,113172.03404000,0
1760036400000000,4.02900000,4.05600000,4.02700000,4.03600000,53545.81000000,1760039999999999,216510.58622000,996,37422.37000000,151330.41634000,0
1760040000000000,4.03700000,4.05000000,4.03000000,4.04100000,50237.70000000,1760043599999999,202887.89782000,1028,37099.10000000,149852.86330000,0
1760043600000000,4.04000000,4.04900000,4.03400000,4.04800000,33253.13000000,1760047199999999,134411.23697000,641,20229.68000000,81790.75858000,0
1760047200000000,4.04900000,4.07400000,4.04400000,4.06500000,44174.16000000,1760050799999999,179300.71557000,1161,27737.52000000,112630.98016000,0
1760050800000000,4.06500000,4.06500000,4.04700000,4.05700000,42651.40000000,1760054399999999,173034.51614000,974,24139.11000000,97936.28985000,0
1760054400000000,4.05700000,4.06800000,4.04700000,4.05300000,38109.53000000,1760057999999999,154593.54923000,949,18375.54000000,74578.94302000,0
1760058000000000,4.05200000,4.07000000,4.05100000,4.05900000,50225.44000000,1760061599999999,203940.36525000,881,25538.66000000,103697.61871000,0
1760061600000000,4.06000000,4.07500000,4.03800000,4.04000000,81172.20000000,1760065199999999,329033.38908000,1479,31522.76000000,127873.01316000,0
1760065200000000,4.04100000,4.10000000,4.03000000,4.08100000,68876.00000000,1760068799999999,280586.79536000,1619,41293.77000000,168197.71214000,0
1760068800000000,4.08000000,4.09400000,4.05900000,4.06800000,49380.87000000,1760072399999999,201120.68601000,1068,32565.51000000,132618.52895000,0
1760072400000000,4.07000000,4.08800000,4.05200000,4.08500000,42261.76000000,1760075999999999,171913.57651000,1410,20001.93000000,81444.44348000,0
1760076000000000,4.08500000,4.09100000,4.04800000,4.05800000,69348.35000000,1760079599999999,282954.45098000,1164,32107.17000000,130984.01065000,0
1760079600000000,4.05700000,4.06200000,4.04400000,4.04400000,42902.98000000,1760083199999999,173915.20235000,1061,18341.66000000,74335.34653000,0
1760083200000000,4.04500000,4.07400000,4.04000000,4.07400000,45463.31000000,1760086799999999,184538.29152000,1210,29945.27000000,121558.92491000,0
1760086800000000,4.07400000,4.10400000,4.05700000,4.07700000,103747.45000000,1760090399999999,423807.87137000,2086,69626.04000000,284432.80376000,0
1760090400000000,4.07600000,4.11000000,4.07500000,4.10600000,50984.51000000,1760093999999999,208571.64493000,1170,27146.53000000,111135.57801000,0
1760094000000000,4.10500000,4.12300000,4.09500000,4.11300000,63808.39000000,1760097599999999,262243.31643000,2026,34976.44000000,143762.53700000,0
1760097600000000,4.11300000,4.12500000,4.10800000,4.12000000,82215.27000000,1760101199999999,338425.00377000,1346,46294.97000000,190658.46183000,0
1760101200000000,4.12100000,4.15900000,4.11900000,4.13600000,90799.51000000,1760104799999999,375945.08620000,2737,50187.03000000,207753.07554000,0
1760104800000000,4.13600000,4.18800000,4.07500000,4.09300000,263666.10000000,1760108399999999,1091037.33108000,6155,124199.23000000,513810.09732000,0
1760108400000000,4.09400000,4.10100000,3.91400000,3.96800000,628586.21000000,1760111999999999,2514330.93857000,21579,295665.80000000,1182472.71015000,0
1760112000000000,3.96800000,4.01000000,3.95800000,3.97400000,138484.40000000,1760115599999999,551827.99637000,5497,76496.01000000,304892.68284000,0
1760115600000000,3.97300000,3.98000000,3.93400000,3.95000000,133277.78000000,1760119199999999,527904.07064000,4379,60864.52000000,241081.47960000,0
1760119200000000,3.95000000,3.96700000,3.92500000,3.93200000,151405.81000000,1760122799999999,597751.01234000,7771,74553.16000000,294269.75702000,0
1760122800000000,3.93200000,3.94500000,3.85500000,3.91400000,298645.03000000,1760126399999999,1165803.49607000,12020,123741.29000000,483255.94426000,0
1760126400000000,3.91500000,3.93800000,3.65000000,3.70800000,533690.97000000,1760129999999999,2034454.31470000,27399,241745.61000000,922058.09163000,0
1760130000000000,3.71200000,3.76800000,0.00100000,2.94400000,3732513.55000000,1760133599999999,10373668.09725800,117699,1795900.70000000,5005228.97029000,0
1760133600000000,2.94800000,2.97600000,2.65600000,2.90400000,2717621.89000000,1760137199999999,7646799.70260000,121028,1471007.21000000,4138779.15112000,0
1760137200000000,2.90300000,3.06100000,2.79400000,2.94600000,2571668.70000000,1760140799999999,7505988.01279000,76374,1215097.59000000,3549622.83702000,0
1760140800000000,2.94200000,3.04200000,2.85600000,2.94000000,1653040.37000000,1760144399999999,4853074.18097000,55902,750965.64000000,2206300.66300000,0
1760144400000000,2.93900000,2.94600000,2.86600000,2.90600000,1033280.88000000,1760147999999999,2999999.53176000,34920,409735.95000000,1189706.00707000,0
1760148000000000,2.90500000,3.10300000,2.90200000,3.08100000,727046.31000000,1760151599999999,2208360.36489000,21387,306094.17000000,929687.84002000,0
1760151600000000,3.08100000,3.09800000,3.01100000,3.04800000,457936.06000000,1760155199999999,1393606.78192000,11898,165909.97000000,504619.20982000,0
1760155200000000,3.04800000,3.16600000,3.04400000,3.16600000,315693.87000000,1760158799999999,980984.02813000,10068,159326.22000000,495442.74109000,0
1760158800000000,3.16700000,3.18000000,3.10200000,3.12700000,262997.86000000,1760162399999999,825407.42918000,10453,111958.03000000,351751.74683000,0
1760162400000000,3.12700000,3.19600000,3.11200000,3.14600000,189964.09000000,1760165999999999,599625.40844000,6506,88979.42000000,280972.31276000,0
1760166000000000,3.14700000,3.15900000,3.11100000,3.14400000,421366.97000000,1760169599999999,1320283.04207000,13471,161001.45000000,504774.88168000,0
1760169600000000,3.14600000,3.26100000,3.12800000,3.25400000,330815.20000000,1760173199999999,1057022.70394000,11212,156754.80000000,501761.88789000,0
1760173200000000,3.25400000,3.29600000,3.22600000,3.23500000,245618.07000000,1760176799999999,800662.12697000,10021,117359.41000000,382664.11267000,0
1760176800000000,3.23400000,3.28600000,3.22500000,3.25800000,262590.50000000,1760180399999999,856483.37030000,5807,147867.19000000,481894.30113000,0
1760180400000000,3.25800000,3.26100000,3.19600000,3.19700000,218659.31000000,1760183999999999,703146.51263000,3902,101528.42000000,326731.10860000,0
1760184000000000,3.19700000,3.19700000,3.12200000,3.12500000,318912.39000000,1760187599999999,1006203.59422000,12360,156638.47000000,494544.89516000,0
1760187600000000,3.12400000,3.14100000,3.08100000,3.13100000,314051.46000000,1760191199999999,977730.35302000,13822,150789.01000000,469518.69780000,0
1760191200000000,3.13100000,3.15900000,3.10400000,3.15600000,222703.06000000,1760194799999999,696857.49062000,5860,123061.27000000,385086.54168000,0
1760194800000000,3.15500000,3.20700000,3.15500000,3.19600000,211436.40000000,1760198399999999,673252.75315000,7453,113371.92000000,361006.34566000,0
1760198400000000,3.19600000,3.23400000,3.19200000,3.22500000,182805.35000000,1760201999999999,587971.45927000,5789,102466.01000000,329484.15701000,0
1760202000000000,3.22600000,3.26100000,3.21400000,3.24100000,158512.67000000,1760205599999999,512591.93508000,3254,90251.57000000,291986.96239000,0
1760205600000000,3.24100000,3.24400000,3.20600000,3.22700000,111130.38000000,1760209199999999,358710.31799000,2479,50285.66000000,162349.07074000,0
1760209200000000,3.22600000,3.24200000,3.12900000,3.15000000,309187.55000000,1760212799999999,981503.26593000,5762,164163.17000000,521474.47031000,0
1760212800000000,3.14800000,3.15500000,3.07300000,3.08800000,300859.11000000,1760216399999999,935393.37835000,6550,114877.33000000,357282.17376000,0
1760216400000000,3.08800000,3.14400000,3.04200000,3.13500000,239641.94000000,1760219999999999,739086.68347000,5360,105187.19000000,324666.89433000,0
1760220000000000,3.13500000,3.17700000,3.13300000,3.14900000,108334.50000000,1760223599999999,341752.26824000,2789,43562.66000000,137429.76286000,0
1760223600000000,3.14800000,3.16300000,3.13500000,3.14300000,88738.96000000,1760227199999999,279240.61595000,2827,44312.30000000,139476.58852000,0
1760227200000000,3.14200000,3.14200000,3.04900000,3.05800000,198440.20000000,1760230799999999,614192.43591000,5542,96264.49000000,298042.67971000,0
1760230800000000,3.05800000,3.09400000,3.04300000,3.04700000,168164.75000000,1760234399999999,514641.99619000,5651,67680.38000000,207134.60768000,0
1760234400000000,3.04700000,3.08700000,3.03600000,3.07200000,199609.96000000,1760237999999999,610083.70365000,5062,85701.46000000,261792.28024000,0
1760238000000000,3.07100000,3.14400000,3.06400000,3.12300000,146640.76000000,1760241599999999,455205.16490000,4811,81394.10000000,252131.67060000,0
1760241600000000,3.12300000,3.17700000,3.12200000,3.16400000,70728.03000000,1760245199999999,223375.47433000,2661,34492.93000000,108957.05611000,0
1760245200000000,3.16500000,3.19800000,3.16200000,3.18600000,82611.68000000,1760248799999999,262887.70584000,2457,39162.02000000,124646.34911000,0
1760248800000000,3.18600000,3.23000000,3.17900000,3.23000000,90871.03000000,1760252399999999,291922.26210000,2368,57087.88000000,183450.58443000,0
1760252400000000,3.22900000,3.27800000,3.20500000,3.26700000,152529.18000000,1760255999999999,494604.32006000,2981,77441.14000000,251147.50033000,0
1760256000000000,3.26800000,3.32300000,3.25700000,3.30700000,219524.36000000,1760259599999999,723827.56409000,6940,108288.40000000,356984.14474000,0
1760259600000000,3.30700000,3.35400000,3.27600000,3.29700000,218746.55000000,1760263199999999,724019.79820000,6211,102178.47000000,338032.40053000,0
1760263200000000,3.29700000,3.30200000,3.23800000,3.23800000,129421.74000000,1760266799999999,421404.51933000,3280,61026.03000000,198552.21001000,0
1760266800000000,3.23800000,3.26900000,3.22700000,3.25800000,226243.24000000,1760270399999999,735039.31064000,5530,97657.18000000,317383.01823000,0
1760270400000000,3.25700000,3.28400000,3.25500000,3.26300000,130150.61000000,1760273999999999,425509.86557000,2129,62193.37000000,203375.70874000,0
1760274000000000,3.26200000,3.28500000,3.23900000,3.25800000,154867.64000000,1760277599999999,504772.15364000,3417,70891.08000000,231122.35890000,0
1760277600000000,3.25700000,3.39300000,3.25600000,3.36300000,318757.71000000,1760281199999999,1059586.22411000,17575,152307.00000000,506305.36125000,0
1760281200000000,3.36400000,3.45100000,3.35800000,3.44100000,293279.22000000,1760284799999999,999602.45711000,9595,149382.83000000,509423.03389000,0
1760284800000000,3.44400000,3.50000000,3.43900000,3.48100000,226886.03000000,1760288399999999,786636.42154000,7081,111445.31000000,386441.87796000,0
1760288400000000,3.48000000,3.52100000,3.47100000,3.50300000,163382.31000000,1760291999999999,572478.92154000,4716,88080.78000000,308600.50647000,0
1760292000000000,3.50400000,3.51800000,3.46200000,3.48000000,120720.29000000,1760295599999999,421458.74163000,2636,46474.08000000,162361.45185000,0
1760295600000000,3.48000000,3.52900000,3.47700000,3.52600000,97540.07000000,1760299199999999,342485.21420000,1876,54401.31000000,191002.38222000,0
1760299200000000,3.52700000,3.55000000,3.50700000,3.52400000,111697.32000000,1760302799999999,394090.26564000,2677,53118.95000000,187530.19186000,0
1760302800000000,3.52400000,3.53300000,3.45100000,3.48100000,122951.89000000,1760306399999999,429206.11425000,2730,54453.61000000,190201.31551000,0
1760306400000000,3.48300000,3.50300000,3.46000000,3.48600000,131233.20000000,1760309999999999,456446.12745000,2638,80822.42000000,281177.09612000,0
1760310000000000,3.48500000,3.49300000,3.46300000,3.48300000,81510.32000000,1760313599999999,283457.55923000,2851,42533.18000000,147915.77716000,0
1760313600000000,3.48200000,3.51400000,3.45600000,3.46800000,117239.37000000,1760317199999999,407973.43255000,2910,52019.40000000,181094.82895000,0
1760317200000000,3.46700000,3.49800000,3.44400000,3.49500000,99631.31000000,1760320799999999,345549.10783000,2134,54559.83000000,189335.39468000,0
1760320800000000,3.49700000,3.52700000,3.45900000,3.50700000,267128.21000000,1760324399999999,932609.98995000,5583,177611.40000000,620368.12418000,0
1760324400000000,3.50900000,3.51800000,3.47900000,3.48300000,62895.58000000,1760327999999999,220061.81551000,1466,29829.68000000,104371.42094000,0
1760328000000000,3.48200000,3.49600000,3.45400000,3.48800000,111040.05000000,1760331599999999,385856.21925000,3359,39214.30000000,136224.83343000,0
1760331600000000,3.48600000,3.49100000,3.46000000,3.47600000,73415.29000000,1760335199999999,255019.08450000,1379,32803.42000000,113948.95725000,0
1760335200000000,3.47700000,3.53700000,3.46000000,3.52300000,83712.88000000,1760338799999999,293455.57725000,1617,47829.83000000,167724.59691000,0
1760338800000000,3.52200000,3.56600000,3.51500000,3.53400000,111489.18000000,1760342399999999,394924.47852000,1809,61367.96000000,217341.16732000,0
1760342400000000,3.53400000,3.57600000,3.53000000,3.56700000,60359.50000000,1760345999999999,214513.01234000,1301,32262.54000000,114667.72633000,0
1760346000000000,3.56600000,3.58800000,3.55200000,3.58800000,86769.34000000,1760349599999999,309842.65664000,1852,38177.31000000,136371.46171000,0
1760349600000000,3.58800000,3.59200000,3.54100000,3.55600000,89201.20000000,1760353199999999,317886.50152000,2169,42414.41000000,151101.05262000,0
1760353200000000,3.55600000,3.55600000,3.44400000,3.51500000,323627.05000000,1760356799999999,1134353.14413000,9118,160105.87000000,561173.34318000,0
1760356800000000,3.51400000,3.54500000,3.49000000,3.51000000,146598.31000000,1760360399999999,516032.03718000,3517,72620.82000000,255709.66322000,0
1760360400000000,3.50900000,3.60100000,3.50200000,3.58200000,367632.38000000,1760363999999999,1307230.06096000,6976,185959.45000000,661251.13554000,0
1760364000000000,3.58100000,3.59500000,3.50100000,3.51700000,192704.98000000,1760367599999999,682679.42431000,3682,94804.55000000,335972.72737000,0
1760367600000000,3.51800000,3.56700000,3.51400000,3.54100000,107101.53000000,1760371199999999,379353.30622000,4205,56330.33000000,199574.99751000,0
1760371200000000,3.54200000,3.56300000,3.51000000,3.53600000,133859.18000000,1760374799999999,472964.48326000,2891,74534.44000000,263512.11155000,0
1760374800000000,3.53700000,3.61800000,3.53500000,3.61500000,216525.60000000,1760378399999999,772069.70607000,3325,130873.73000000,466654.01690000,0
1760378400000000,3.61400000,3.62400000,3.58000000,3.59300000,114364.58000000,1760381999999999,411775.17286000,2112,64238.05000000,231342.88803000,0
1760382000000000,3.59200000,3.61700000,3.58700000,3.59900000,121108.56000000,1760385599999999,436304.15607000,1786,73527.85000000,264901.00414000,0
1760385600000000,3.59900000,3.63600000,3.59100000,3.63500000,101736.88000000,1760389199999999,368396.43198000,1425,68173.09000000,246984.61523000,0
1760389200000000,3.63500000,3.66900000,3.62000000,3.62600000,202566.04000000,1760392799999999,738493.38922000,2869,113410.87000000,413368.39163000,0
1760392800000000,3.62600000,3.66500000,3.61600000,3.61900000,132672.92000000,1760396399999999,481682.35478000,2676,69872.27000000,253734.81160000,0
1760396400000000,3.62000000,3.65100000,3.60400000,3.64500000,160528.00000000,1760399999999999,582830.03005000,2602,98307.69000000,357062.38617000,0
1760400000000000,3.64500000,3.66700000,3.61300000,3.63400000,160993.01000000,1760403599999999,587306.56911000,3026,95600.55000000,348760.25304000,0
1760403600000000,3.63300000,3.63600000,3.59100000,3.59900000,98777.50000000,1760407199999999,356824.38330000,1416,49950.66000000,180428.11961000,0
1760407200000000,3.59700000,3.59700000,3.53600000,3.54400000,126741.30000000,1760410799999999,451620.98291000,2211,67249.64000000,239646.66639000,0
1760410800000000,3.54300000,3.55700000,3.51800000,3.53600000,102493.68000000,1760414399999999,362159.25599000,2868,61929.98000000,218910.54599000,0
1760414400000000,3.53700000,3.53900000,3.47500000,3.49200000,109634.54000000,1760417999999999,383901.85274000,3070,46712.87000000,163535.20554000,0
1760418000000000,3.49200000,3.52700000,3.43700000,3.45900000,201653.18000000,1760421599999999,702639.78854000,4055,106341.33000000,370720.01687000,0
1760421600000000,3.45900000,3.47500000,3.31100000,3.37000000,469051.04000000,1760425199999999,1586815.82526000,8406,234723.15000000,793664.01651000,0
1760425200000000,3.37000000,3.39800000,3.34400000,3.36000000,195230.11000000,1760428799999999,657258.32535000,3541,101086.85000000,340314.06593000,0
1760428800000000,3.35900000,3.40300000,3.34100000,3.38300000,116210.05000000,1760432399999999,391249.99779000,1623,59184.33000000,199420.28609000,0
1760432400000000,3.38200000,3.40400000,3.37200000,3.38400000,89829.61000000,1760435999999999,304380.62136000,1329,45236.70000000,153251.43941000,0
1760436000000000,3.38300000,3.38400000,3.30500000,3.33800000,157186.04000000,1760439599999999,525063.73098000,2422,69808.02000000,233195.40941000,0
1760439600000000,3.33900000,3.38500000,3.33800000,3.36800000,157285.14000000,1760443199999999,529137.63534000,1985,64591.38000000,217362.78711000,0
1760443200000000,3.36700000,3.37200000,3.33000000,3.33300000,105437.66000000,1760446799999999,353385.60230000,1581,41815.18000000,140179.33507000,0
1760446800000000,3.33300000,3.39000000,3.28700000,3.36300000,271848.36000000,1760450399999999,908584.72562000,4345,118143.32000000,394872.31529000,0
1760450400000000,3.36300000,3.41700000,3.34700000,3.37000000,267573.72000000,1760453999999999,904463.16533000,5172,128838.46000000,435659.91131000,0
1760454000000000,3.37100000,3.44600000,3.34400000,3.44100000,225580.67000000,1760457599999999,764973.80607000,3073,112444.86000000,381735.46229000,0
1760457600000000,3.44200000,3.48900000,3.41800000,3.44000000,261601.97000000,1760461199999999,903580.77747000,3804,130840.36000000,451997.18162000,0
1760461200000000,3.43800000,3.49000000,3.40700000,3.46200000,174101.52000000,1760464799999999,602198.33015000,2394,83782.80000000,289748.88094000,0
1760464800000000,3.46300000,3.49300000,3.46000000,3.47300000,74524.95000000,1760468399999999,258853.77371000,1147,42802.23000000,148677.00725000,0
1760468400000000,3.47300000,3.50200000,3.43400000,3.47700000,218672.84000000,1760471999999999,759378.82174000,2856,97358.00000000,338113.60722000,0
1760472000000000,3.47800000,3.49000000,3.45200000,3.48000000,87134.98000000,1760475599999999,302713.86447000,1255,42557.08000000,147855.41345000,0
1760475600000000,3.48000000,3.48300000,3.45000000,3.47900000,50294.08000000,1760479199999999,174331.83180000,829,23918.26000000,82910.98691000,0
1760479200000000,3.47800000,3.49900000,3.46400000,3.47000000,40688.39000000,1760482799999999,141643.64592000,770,21606.62000000,75227.09465000,0
1760482800000000,3.46900000,3.48800000,3.46200000,3.47100000,49370.68000000,1760486399999999,171567.50912000,637,18288.45000000,63578.61875000,0
1760486400000000,3.47100000,3.47800000,3.45500000,3.47800000,62514.45000000,1760489999999999,216683.13506000,1203,30264.60000000,104884.61405000,0
1760490000000000,3.47700000,3.48200000,3.43400000,3.45800000,56959.97000000,1760493599999999,196635.18684000,1052,32067.50000000,110709.00562000,0
1760493600000000,3.45900000,3.49700000,3.45400000,3.46900000,79310.82000000,1760497199999999,275956.32721000,1127,44828.14000000,156006.11282000,0
1760497200000000,3.46900000,3.47600000,3.43200000,3.45200000,62999.03000000,1760500799999999,217550.36460000,933,28632.01000000,98880.59208000,0
1760500800000000,3.45200000,3.47300000,3.44200000,3.46700000,105248.12000000,1760504399999999,363769.10039000,1336,49825.27000000,172228.41463000,0
1760504400000000,3.46600000,3.48000000,3.45500000,3.46200000,71391.82000000,1760507999999999,247630.86653000,1222,45943.64000000,159367.09750000,0
1760508000000000,3.46200000,3.47300000,3.42800000,3.46400000,72179.89000000,1760511599999999,249063.62644000,1275,33828.94000000,116724.19354000,0
1760511600000000,3.46400000,3.47500000,3.45000000,3.47000000,45860.91000000,1760515199999999,158737.00566000,849,24838.96000000,86006.30407000,0
1760515200000000,3.47000000,3.51900000,3.46400000,3.47700000,135095.76000000,1760518799999999,471690.74046000,2025,66150.16000000,231088.98768000,0
1760518800000000,3.47500000,3.47700000,3.44000000,3.44900000,113211.06000000,1760522399999999,391147.90387000,1422,57589.38000000,198938.43766000,0
1760522400000000,3.44800000,3.45300000,3.41700000,3.42500000,91725.53000000,1760525999999999,314790.26348000,1124,40739.65000000,139923.92877000,0
1760526000000000,3.42300000,3.43400000,3.39200000,3.41800000,79229.11000000,1760529599999999,270652.28911000,1192,35454.26000000,121199.37697000,0
1760529600000000,3.41700000,3.42800000,3.36800000,3.37400000,98154.15000000,1760533199999999,332988.96680000,1773,43737.39000000,148396.72666000,0
1760533200000000,3.37200000,3.38700000,3.30500000,3.36900000,204823.90000000,1760536799999999,686504.09870000,3834,110097.51000000,368994.63456000,0
1760536800000000,3.37100000,3.40100000,3.33400000,3.34900000,154712.33000000,1760540399999999,521929.05091000,2241,82160.30000000,277588.86721000,0
1760540400000000,3.35000000,3.37400000,3.31500000,3.33600000,82698.64000000,1760543999999999,276197.60512000,1685,38732.01000000,129419.49863000,0
1760544000000000,3.33700000,3.35300000,3.31900000,3.33800000,130753.34000000,1760547599999999,436701.67267000,1839,57666.54000000,192641.34859000,0
1760547600000000,3.33700000,3.34800000,3.30900000,3.34700000,55015.18000000,1760551199999999,183109.02570000,1210,31357.68000000,104438.47399000,0
1760551200000000,3.34700000,3.36100000,3.33400000,3.35800000,49406.87000000,1760554799999999,165314.29045000,1020,34979.91000000,117038.88057000,0
1760554800000000,3.35700000,3.35800000,3.31800000,3.32700000,70968.01000000,1760558399999999,236766.47153000,933,22436.11000000,74828.27551000,0
1760558400000000,3.32600000,3.33900000,3.27900000,3.31600000,115944.48000000,1760561999999999,383886.97642000,1717,60851.88000000,201529.72848000,0
1760562000000000,3.31200000,3.34500000,3.29400000,3.32000000,79040.42000000,1760565599999999,262578.52337000,1409,41028.10000000,136304.26162000,0
1760565600000000,3.32000000,3.35000000,3.31800000,3.32300000,55453.00000000,1760569199999999,184987.09351000,1302,27896.92000000,93102.16002000,0
1760569200000000,3.32400000,3.34200000,3.31900000,3.33400000,65669.00000000,1760572799999999,218823.41314000,1118,29217.42000000,97368.05494000,0
1760572800000000,3.33500000,3.34500000,3.31200000,3.31500000,86090.62000000,1760576399999999,286815.33660000,941,28849.29000000,96089.42979000,0
1760576400000000,3.31200000,3.36500000,3.31200000,3.36100000,35890.01000000,1760579999999999,120046.35871000,628,24809.59000000,82970.33519000,0
1760580000000000,3.36100000,3.37600000,3.34300000,3.36200000,70145.36000000,1760583599999999,235566.32201000,689,25175.05000000,84565.35367000,0
1760583600000000,3.36300000,3.36500000,3.33000000,3.33200000,34044.01000000,1760587199999999,113856.91429000,581,17834.15000000,59644.80555000,0
1760587200000000,3.33100000,3.36000000,3.32800000,3.34300000,26675.13000000,1760590799999999,89306.22785000,523,11347.03000000,37988.06580000,0
1760590800000000,3.34000000,3.36600000,3.33000000,3.34400000,52993.34000000,1760594399999999,177351.69547000,880,22597.48000000,75690.29082000,0
1760594400000000,3.34600000,3.38200000,3.34500000,3.37900000,95962.96000000,1760597999999999,322479.60327000,1134,47940.64000000,161214.69996000,0
1760598000000000,3.37900000,3.37900000,3.34200000,3.35300000,56057.97000000,1760601599999999,188060.89248000,773,22972.15000000,77060.29321000,0
1760601600000000,3.35200000,3.35900000,3.33100000,3.33800000,41259.95000000,1760605199999999,138026.48082000,623,21168.78000000,70852.61855000,0
1760605200000000,3.33800000,3.37600000,3.26300000,3.36300000,172148.96000000,1760608799999999,570401.63958000,3621,83126.97000000,275766.67007000,0
1760608800000000,3.36200000,3.40000000,3.36200000,3.38200000,90567.16000000,1760612399999999,306641.37043000,1118,39812.93000000,134801.95493000,0
1760612400000000,3.38100000,3.39700000,3.36800000,3.39600000,59341.60000000,1760615999999999,200701.04098000,782,25591.59000000,86595.70896000,0
1760616000000000,3.39700000,3.41400000,3.38700000,3.39800000,105879.27000000,1760619599999999,359657.08258000,1199,44919.59000000,152647.19659000,0
1760619600000000,3.39600000,3.42000000,3.38300000,3.39200000,68758.74000000,1760623199999999,234093.71307000,1184,38391.00000000,130713.89448000,0
1760623200000000,3.39300000,3.41500000,3.34000000,3.37100000,157424.03000000,1760626799999999,531304.80196000,2510,70886.37000000,239433.85998000,0
1760626800000000,3.37200000,3.38500000,3.27900000,3.29400000,204918.81000000,1760630399999999,682126.35286000,3168,91117.15000000,303435.63002000,0
1760630400000000,3.29400000,3.35500000,3.24500000,3.35400000,274733.52000000,1760633999999999,903346.09736000,4512,138278.01000000,455258.70133000,0
1760634000000000,3.35500000,3.35500000,3.30700000,3.31100000,93546.40000000,1760637599999999,311245.35972000,1698,42436.35000000,141212.97680000,0
1760637600000000,3.31400000,3.31500000,3.27600000,3.29400000,145341.15000000,1760641199999999,478561.83988000,1906,79923.73000000,263217.25083000,0
1760641200000000,3.29400000,3.30000000,3.21900000,3.24300000,144286.23000000,1760644799999999,470015.81103000,2461,71651.32000000,233426.30208000,0
1760644800000000,3.24600000,3.25800000,3.19600000,3.21400000,91437.63000000,1760648399999999,294459.10601000,1708,44188.64000000,142320.29578000,0
1760648400000000,3.21500000,3.25700000,3.20700000,3.25600000,96803.80000000,1760651999999999,313557.42549000,1486,45985.21000000,148963.27559000,0
1760652000000000,3.25600000,3.26000000,3.22400000,3.22600000,60632.50000000,1760655599999999,196607.78528000,867,25949.64000000,84140.21288000,0
1760655600000000,3.22500000,3.25900000,3.22000000,3.25600000,31577.62000000,1760659199999999,102415.36988000,615,14674.28000000,47603.78442000,0
1760659200000000,3.25600000,3.28600000,3.25200000,3.28000000,58755.44000000,1760662799999999,192002.88629000,981,36917.07000000,120614.29837000,0
1760662800000000,3.28100000,3.30600000,3.26400000,3.27400000,52242.72000000,1760666399999999,171851.26314000,973,28229.47000000,92875.85320000,0
1760666400000000,3.27400000,3.28100000,3.24300000,3.25800000,49235.90000000,1760669999999999,160339.55399000,904,17595.81000000,57284.02983000,0
1760670000000000,3.25900000,3.27100000,3.25600000,3.27100000,32790.19000000,1760673599999999,107029.25024000,596,17852.16000000,58280.08982000,0
1760673600000000,3.27000000,3.27200000,3.25000000,3.25500000,29731.49000000,1760677199999999,96851.82017000,574,17661.76000000,57537.79484000,0
1760677200000000,3.25400000,3.25700000,3.22300000,3.23100000,114198.77000000,1760680799999999,369770.61653000,1355,73004.70000000,236374.38881000,0
1760680800000000,3.23200000,3.24200000,3.11600000,3.13800000,236189.50000000,1760684399999999,748228.16640000,3727,105940.57000000,335189.80072000,0
1760684400000000,3.14000000,3.14300000,3.05900000,3.06600000,232401.83000000,1760687999999999,720554.70365000,4087,112740.21000000,349811.63133000,0
1760688000000000,3.06500000,3.08800000,3.01600000,3.05100000,241914.09000000,1760691599999999,738001.65064000,4244,125195.77000000,381987.05435000,0
1760691600000000,3.05100000,3.14400000,3.04500000,3.10100000,189656.46000000,1760695199999999,585198.71017000,2701,86649.86000000,267414.59100000,0
1760695200000000,3.10200000,3.11400000,3.04500000,3.09400000,168257.61000000,1760698799999999,517657.12277000,2748,72837.05000000,224054.12845000,0
1760698800000000,3.09500000,3.18900000,3.09100000,3.15800000,182634.45000000,1760702399999999,575563.25164000,3186,96372.55000000,303711.92304000,0
1760702400000000,3.15800000,3.17800000,3.14300000,3.14400000,80625.67000000,1760705999999999,254835.85290000,1446,35457.05000000,112100.48984000,0
1760706000000000,3.14400000,3.18700000,3.12400000,3.17100000,152493.21000000,1760709599999999,481436.01084000,2506,82681.30000000,261086.92008000,0
1760709600000000,3.17100000,3.18200000,3.11400000,3.14400000,162740.79000000,1760713199999999,512713.18040000,2871,75711.32000000,238484.44621000,0
1760713200000000,3.14400000,3.18700000,3.12900000,3.18700000,117241.73000000,1760716799999999,370244.03126000,2063,58600.61000000,185247.80031000,0
1760716800000000,3.18700000,3.22300000,3.16300000,3.17100000,139982.81000000,1760720399999999,447145.14391000,2214,70106.36000000,223987.00686000,0
1760720400000000,3.17200000,3.18800000,3.15900000,3.18000000,63104.76000000,1760723999999999,200232.57546000,1388,24407.60000000,77459.34095000,0
1760724000000000,3.18100000,3.19900000,3.17100000,3.17400000,45469.45000000,1760727599999999,144840.93142000,951,21560.54000000,68709.59309000,0
1760727600000000,3.17800000,3.18700000,3.15100000,3.16000000,38465.99000000,1760731199999999,121673.26149000,639,12286.78000000,38884.52792000,0
1760731200000000,3.16100000,3.19100000,3.15300000,3.18100000,24739.27000000,1760734799999999,78584.21093000,491,15769.72000000,50098.91410000,0
1760734800000000,3.18100000,3.20800000,3.18100000,3.19400000,51389.28000000,1760738399999999,164162.06890000,735,25443.35000000,81278.25424000,0
1760738400000000,3.19400000,3.20000000,3.16900000,3.17800000,34432.95000000,1760741999999999,109568.38882000,485,12431.01000000,39551.99572000,0
1760742000000000,3.17700000,3.17700000,3.14800000,3.15200000,86444.12000000,1760745599999999,272701.88601000,748,46513.96000000,146726.19352000,0
1760745600000000,3.15200000,3.17000000,3.14300000,3.16300000,52222.41000000,1760749199999999,164916.35503000,568,24512.88000000,77519.23087000,0
1760749200000000,3.16500000,3.20300000,3.16500000,3.20100000,53244.61000000,1760752799999999,169518.92133000,689,27301.09000000,86922.10427000,0
1760752800000000,3.20000000,3.20900000,3.17100000,3.18200000,50437.60000000,1760756399999999,161018.88059000,741,20315.21000000,64903.47943000,0
1760756400000000,3.18100000,3.20000000,3.18100000,3.19300000,18526.65000000,1760759999999999,59160.42764000,383,11104.65000000,35460.89285000,0
1760760000000000,3.19400000,3.19400000,3.16600000,3.16900000,34378.02000000,1760763599999999,109175.92653000,476,12164.27000000,38620.34205000,0
1760763600000000,3.16800000,3.18500000,3.15900000,3.18200000,33950.63000000,1760767199999999,107653.78307000,589,13911.17000000,44128.69351000,0
1760767200000000,3.18200000,3.19400000,3.16700000,3.18800000,37063.57000000,1760770799999999,117811.40964000,549,16459.29000000,52353.60015000,0
1760770800000000,3.19000000,3.22800000,3.18700000,3.19700000,86481.96000000,1760774399999999,277409.39367000,1290,43581.82000000,139835.44419000,0
1760774400000000,3.19600000,3.20800000,3.18900000,3.19400000,59004.06000000,1760777999999999,188621.08792000,651,38891.34000000,124305.52792000,0
1760778000000000,3.19300000,3.21800000,3.18800000,3.21300000,34200.00000000,1760781599999999,109571.50473000,545,14148.64000000,45353.20329000,0
1760781600000000,3.21500000,3.21800000,3.19800000,3.21600000,35441.55000000,1760785199999999,113775.98084000,622,16867.12000000,54154.66694000,0
1760785200000000,3.21700000,3.23000000,3.20900000,3.22300000,32451.23000000,1760788799999999,104449.54553000,429,21356.16000000,68738.84436000,0
1760788800000000,3.22400000,3.23400000,3.21100000,3.21100000,23436.96000000,1760792399999999,75527.35450000,433,9778.36000000,31521.71812000,0
1760792400000000,3.21000000,3.21100000,3.18200000,3.18800000,37502.77000000,1760795999999999,119713.62746000,816,20521.23000000,65479.07176000,0
1760796000000000,3.18700000,3.19900000,3.17000000,3.18900000,103830.28000000,1760799599999999,330408.68030000,1234,38881.00000000,123902.06215000,0
1760799600000000,3.18900000,3.19800000,3.17200000,3.18500000,30458.44000000,1760803199999999,97060.43240000,497,13743.12000000,43804.02000000,0
1760803200000000,3.18300000,3.18800000,3.15300000,3.17200000,48908.63000000,1760806799999999,155080.67070000,802,19181.61000000,60811.95598000,0
1760806800000000,3.17300000,3.20100000,3.16500000,3.19900000,36021.69000000,1760810399999999,114704.46405000,702,18612.66000000,59272.68717000,0
1760810400000000,3.19800000,3.20200000,3.18100000,3.18400000,16337.52000000,1760813999999999,52128.95148000,666,5086.69000000,16241.25111000,0
1760814000000000,3.18400000,3.18900000,3.17800000,3.18700000,24184.77000000,1760817599999999,77009.52475000,1152,8274.61000000,26351.95783000,0
1760817600000000,3.18700000,3.20400000,3.18400000,3.18400000,48615.71000000,1760821199999999,155139.47302000,1388,18455.53000000,58907.24664000,0
1760821200000000,3.18400000,3.19100000,3.17100000,3.18700000,33549.97000000,1760824799999999,106763.44112000,1314,12157.53000000,38699.89960000,0
1760824800000000,3.18700000,3.19100000,3.17400000,3.18200000,22459.96000000,1760828399999999,71499.15235000,847,8195.82000000,26079.36287000,0
1760828400000000,3.18200000,3.18600000,3.17600000,3.18500000,25277.53000000,1760831999999999,80376.09678000,365,10930.11000000,34755.13227000,0
1760832000000000,3.18600000,3.18900000,3.16600000,3.17100000,36229.65000000,1760835599999999,115159.11871000,760,17824.21000000,56673.84121000,0
1760835600000000,3.16800000,3.18000000,3.16000000,3.17900000,31806.53000000,1760839199999999,100780.45759000,403,10810.93000000,34274.57113000,0
1760839200000000,3.17900000,3.18700000,3.16300000,3.17000000,20430.26000000,1760842799999999,64920.51245000,317,11988.11000000,38093.36909000,0
1760842800000000,3.17000000,3.19800000,3.16400000,3.18800000,58826.95000000,1760846399999999,187293.61432000,649,14022.12000000,44634.88878000,0
1760846400000000,3.18900000,3.19100000,3.16100000,3.16200000,65307.08000000,1760849999999999,207217.10471000,956,25172.85000000,79863.49851000,0
1760850000000000,3.16500000,3.17700000,3.15100000,3.15400000,37008.03000000,1760853599999999,117119.41771000,534,17680.99000000,55979.26377000,0
1760853600000000,3.15500000,3.16000000,3.13900000,3.14400000,36032.40000000,1760857199999999,113480.72546000,562,16456.44000000,51839.09433000,0
1760857200000000,3.14400000,3.16300000,3.14400000,3.16000000,36812.67000000,1760860799999999,116115.88267000,651,27223.13000000,85885.17660000,0
1760860800000000,3.16000000,3.18500000,3.13200000,3.13800000,233663.61000000,1760864399999999,737424.18552000,2328,121756.43000000,384377.98254000,0
1760864400000000,3.13700000,3.19300000,3.11600000,3.17200000,203298.27000000,1760867999999999,641767.22224000,2222,106454.68000000,336133.66814000,0
1760868000000000,3.17300000,3.21400000,3.16400000,3.20600000,102529.34000000,1760871599999999,327546.04678000,1972,60820.50000000,194366.54174000,0
1760871600000000,3.20800000,3.22700000,3.19300000,3.19700000,64643.21000000,1760875199999999,207504.15814000,1035,33992.21000000,109177.26035000,0
1760875200000000,3.19800000,3.21000000,3.18400000,3.20800000,45722.12000000,1760878799999999,146163.84319000,735,18794.09000000,60116.83351000,0
1760878800000000,3.20900000,3.26200000,3.20200000,3.25700000,81680.22000000,1760882399999999,263928.86289000,1282,47549.04000000,153658.87781000,0
1760882400000000,3.25800000,3.27500000,3.24300000,3.27200000,109243.09000000,1760885999999999,356426.67203000,1568,54442.90000000,177638.30335000,0
1760886000000000,3.27100000,3.27200000,3.25200000,3.25600000,31339.66000000,1760889599999999,102172.88873000,685,14188.83000000,46251.21056000,0
1760889600000000,3.25800000,3.27100000,3.24500000,3.26200000,77821.44000000,1760893199999999,253400.69256000,1150,33384.28000000,108703.88953000,0
1760893200000000,3.26200000,3.29300000,3.25000000,3.25300000,136951.43000000,1760896799999999,447869.24165000,1891,69690.90000000,227951.59191000,0
1760896800000000,3.25500000,3.26600000,3.24800000,3.26100000,35099.42000000,1760900399999999,114292.61032000,524,18648.82000000,60723.32713000,0
1760900400000000,3.26000000,3.26200000,3.24900000,3.25700000,36703.72000000,1760903999999999,119480.56451000,572,19436.46000000,63265.90452000,0
1760904000000000,3.25600000,3.26700000,3.25000000,3.26600000,20884.89000000,1760907599999999,68027.47855000,369,11113.65000000,36204.18563000,0
1760907600000000,3.26700000,3.27100000,3.24300000,3.25100000,40704.39000000,1760911199999999,132398.79664000,508,23862.73000000,77598.41373000,0
1760911200000000,3.25100000,3.26700000,3.24900000,3.25700000,45423.11000000,1760914799999999,148019.33473000,647,29720.17000000,96858.46262000,0
1760914800000000,3.25600000,3.25600000,3.22500000,3.22800000,67238.78000000,1760918399999999,217641.85572000,905,34437.59000000,111440.53355000,0
1760918400000000,3.22900000,3.22900000,3.17900000,3.21600000,73461.21000000,1760921999999999,235505.17754000,1179,34697.38000000,111245.92769000,0
1760922000000000,3.21700000,3.22700000,3.20700000,3.21700000,31636.62000000,1760925599999999,101829.85082000,553,17977.72000000,57876.22148000,0
1760925600000000,3.21500000,3.23900000,3.20100000,3.23200000,37620.78000000,1760929199999999,121189.50181000,540,16771.89000000,54091.63310000,0
1760929200000000,3.23100000,3.30000000,3.22800000,3.29400000,54212.57000000,1760932799999999,176851.45196000,911,32122.85000000,104787.61356000,0
1760932800000000,3.29400000,3.30100000,3.27900000,3.29100000,60060.66000000,1760936399999999,197485.20731000,789,19205.03000000,63191.28552000,0
1760936400000000,3.29200000,3.29800000,3.27400000,3.29300000,51948.59000000,1760939999999999,170667.62381000,589,27606.70000000,90720.67787000,0
1760940000000000,3.29200000,3.31800000,3.28600000,3.30900000,61855.10000000,1760943599999999,204312.49634000,902,29609.88000000,97764.06163000,0
1760943600000000,3.30900000,3.31500000,3.28500000,3.29300000,57169.69000000,1760947199999999,188751.84578000,836,27835.37000000,91871.78521000,0
1760947200000000,3.29400000,3.30900000,3.27800000,3.29900000,110014.16000000,1760950799999999,361971.75374000,1105,47955.11000000,157899.78463000,0
1760950800000000,3.29800000,3.29800000,3.28000000,3.29300000,85198.73000000,1760954399999999,280353.61272000,722,29781.77000000,97992.66057000,0
1760954400000000,3.29400000,3.31500000,3.28700000,3.29700000,40763.93000000,1760957999999999,134565.03706000,676,24131.80000000,79675.34520000,0
1760958000000000,3.29800000,3.29900000,3.28400000,3.29100000,49040.17000000,1760961599999999,161421.25262000,710,27658.62000000,91035.41271000,0
1760961600000000,3.29200000,3.29800000,3.27700000,3.28600000,37437.63000000,1760965199999999,123076.23257000,685,13752.26000000,45221.68717000,0
1760965200000000,3.28700000,3.32100000,3.28000000,3.31700000,76682.54000000,1760968799999999,253486.18845000,986,41264.21000000,136395.39084000,0
1760968800000000,3.31800000,3.32500000,3.29000000,3.31200000,72203.19000000,1760972399999999,238986.12853000,944,26945.77000000,89252.08850000,0
1760972400000000,3.31200000,3.31600000,3.27400000,3.27500000,44008.20000000,1760975999999999,145095.60484000,740,18578.00000000,61252.80533000,0
1760976000000000,3.27400000,3.27900000,3.21600000,3.26300000,191367.38000000,1760979599999999,622952.29253000,2740,113860.22000000,370756.26412000,0
1760979600000000,3.26200000,3.27900000,3.24700000,3.26500000,54674.07000000,1760983199999999,178464.50603000,920,27306.29000000,89181.32201000,0
1760983200000000,3.26700000,3.28300000,3.25800000,3.28100000,47124.19000000,1760986799999999,154217.76470000,732,30348.45000000,99334.40983000,0
1760986800000000,3.28000000,3.31700000,3.27300000,3.30600000,167268.63000000,1760990399999999,550816.96912000,1862,120463.68000000,396444.66357000,0
1760990400000000,3.30500000,3.32500000,3.29900000,3.32200000,131874.12000000,1760993999999999,436691.68767000,2662,91780.22000000,303918.75476000,0
1760994000000000,3.32200000,3.32600000,3.28300000,3.28700000,96868.47000000,1760997599999999,320114.04811000,1423,57428.24000000,189857.25200000,0
1760997600000000,3.28600000,3.30100000,3.28100000,3.29000000,41975.35000000,1761001199999999,138164.09991000,712,23477.46000000,77255.72201000,0
1761001200000000,3.28900000,3.29000000,3.27300000,3.27300000,31948.90000000,1761004799999999,104769.40126000,561,10948.16000000,35898.18322000,0
1761004800000000,3.27300000,3.27900000,3.26800000,3.27600000,48122.55000000,1761008399999999,157539.04689000,741,13097.46000000,42871.91485000,0
1761008400000000,3.27500000,3.27700000,3.25300000,3.26200000,49781.56000000,1761011999999999,162525.91762000,673,21870.81000000,71387.64793000,0
1761012000000000,3.26100000,3.26300000,3.24400000,3.24800000,31458.83000000,1761015599999999,102376.53131000,609,14770.17000000,48076.75705000,0
1761015600000000,3.24900000,3.25400000,3.23100000,3.23600000,43805.96000000,1761019199999999,142083.76858000,537,15879.38000000,51513.81404000,0
1761019200000000,3.23600000,3.23800000,3.17000000,3.17400000,153149.87000000,1761022799999999,489975.05943000,2624,83063.69000000,265604.93145000,0
1761022800000000,3.17400000,3.20000000,3.17000000,3.19000000,94557.20000000,1761026399999999,301247.61620000,1442,49813.75000000,158708.13444000,0
1761026400000000,3.19000000,3.21500000,3.18400000,3.20800000,65099.64000000,1761029999999999,208504.34157000,947,29330.34000000,93942.46738000,0
1761030000000000,3.20600000,3.22400000,3.19200000,3.21900000,48472.08000000,1761033599999999,155594.24156000,782,29191.96000000,93723.89338000,0
1761033600000000,3.21900000,3.21900000,3.17500000,3.19300000,99887.81000000,1761037199999999,318896.58438000,1249,44017.42000000,140571.44987000,0
1761037200000000,3.19300000,3.19600000,3.18400000,3.18700000,24978.10000000,1761040799999999,79679.24945000,448,11233.73000000,35833.40122000,0
1761040800000000,3.18700000,3.22500000,3.18200000,3.21400000,61630.93000000,1761044399999999,197239.53779000,992,34301.15000000,109834.87238000,0
1761044400000000,3.21400000,3.22200000,3.20400000,3.21700000,41165.06000000,1761047999999999,132220.20933000,496,21382.21000000,68713.64163000,0
1761048000000000,3.21700000,3.25200000,3.21100000,3.22100000,52155.55000000,1761051599999999,168587.22374000,853,28435.28000000,91929.93991000,0
1761051600000000,3.22500000,3.25000000,3.20600000,3.23100000,65696.30000000,1761055199999999,211962.23571000,1240,28143.19000000,90872.64173000,0
1761055200000000,3.23300000,3.33300000,3.23200000,3.32900000,181231.84000000,1761058799999999,596610.27219000,2953,95706.41000000,315016.88393000,0
1761058800000000,3.33100000,3.37300000,3.31900000,3.35000000,240325.45000000,1761062399999999,805027.40851000,3210,147231.22000000,493083.61831000,0
1761062400000000,3.34900000,3.37200000,3.30700000,3.31300000,222623.95000000,1761065999999999,745786.75432000,2671,114570.26000000,384191.69239000,0
1761066000000000,3.31600000,3.33500000,3.29300000,3.31700000,198201.19000000,1761069599999999,657655.36641000,2784,104612.71000000,347080.89731000,0
1761069600000000,3.31800000,3.32800000,3.29700000,3.31200000,78100.27000000,1761073199999999,258424.26957000,1749,45728.42000000,151245.07710000,0
1761073200000000,3.31100000,3.31500000,3.29700000,3.30300000,42320.78000000,1761076799999999,139993.79252000,762,25083.56000000,82999.48159000,0
1761076800000000,3.30400000,3.30700000,3.26500000,3.28300000,132923.89000000,1761080399999999,436493.19402000,2010,83834.94000000,275367.67824000,0
1761080400000000,3.28100000,3.30300000,3.24300000,3.29100000,141789.73000000,1761083999999999,464777.37633000,1935,76631.55000000,251495.76932000,0
1761084000000000,3.29000000,3.29000000,3.22500000,3.23800000,155565.44000000,1761087599999999,505689.64260000,2863,89561.75000000,291155.82274000,0
1761087600000000,3.23800000,3.24700000,3.18200000,3.18800000,124451.27000000,1761091199999999,399268.78936000,2780,60872.58000000,195404.83270000,0
1761091200000000,3.18800000,3.20700000,3.16300000,3.18200000,62120.52000000,1761094799999999,197706.09256000,1770,27003.11000000,85897.13579000,0
1761094800000000,3.18200000,3.20600000,3.17900000,3.19000000,60400.16000000,1761098399999999,192614.58036000,1154,30193.55000000,96290.15205000,0
1761098400000000,3.19100000,3.20800000,3.19000000,3.19500000,49380.53000000,1761101999999999,158026.14292000,796,30960.18000000,99094.85495000,0
1761102000000000,3.19700000,3.20200000,3.17700000,3.20100000,46993.05000000,1761105599999999,149784.33582000,901,22409.31000000,71422.41250000,0
1761105600000000,3.20100000,3.22600000,3.20100000,3.21400000,47514.14000000,1761109199999999,152711.54486000,771,16159.83000000,51949.53476000,0
1761109200000000,3.21300000,3.21500000,3.15800000,3.18700000,57221.42000000,1761112799999999,182114.88277000,1423,23506.74000000,74750.57705000,0
1761112800000000,3.18600000,3.18600000,3.17000000,3.17100000,27330.89000000,1761116399999999,86833.02917000,786,10699.61000000,33992.42512000,0
1761116400000000,3.17200000,3.17900000,3.15700000,3.17400000,56066.70000000,1761119999999999,177708.79833000,1454,29070.12000000,92139.94348000,0
1761120000000000,3.17400000,3.17400000,3.15400000,3.16200000,26904.62000000,1761123599999999,85092.63907000,900,13500.88000000,42705.74037000,0
1761123600000000,3.16200000,3.17900000,3.13500000,3.14700000,235541.86000000,1761127199999999,744086.71692000,2113,68731.56000000,217263.81248000,0
1761127200000000,3.14700000,3.15900000,3.14100000,3.14300000,28183.43000000,1761130799999999,88796.28552000,780,15842.74000000,49917.99752000,0
1761130800000000,3.14400000,3.18100000,3.11600000,3.16100000,121078.43000000,1761134399999999,381202.64718000,2433,52832.93000000,166381.78677000,0
1761134400000000,3.16100000,3.18200000,3.15600000,3.15900000,49175.65000000,1761137999999999,155794.88400000,1657,22493.81000000,71297.04860000,0
1761138000000000,3.16000000,3.19400000,3.14600000,3.19100000,119610.77000000,1761141599999999,378323.89917000,3144,67111.33000000,212284.38126000,0
1761141600000000,3.18900000,3.19100000,3.12300000,3.18100000,188480.19000000,1761145199999999,594549.77989000,5312,87823.01000000,276754.19840000,0
1761145200000000,3.18200000,3.19200000,3.14100000,3.16000000,100220.18000000,1761148799999999,316931.03674000,5925,44184.20000000,139800.88918000,0
1761148800000000,3.16000000,3.17100000,3.13000000,3.14700000,114653.70000000,1761152399999999,361233.48700000,4607,51719.96000000,162944.00600000,0
1761152400000000,3.14700000,3.15900000,3.12000000,3.13000000,56489.06000000,1761155999999999,177480.32035000,1916,23818.89000000,74878.30604000,0
1761156000000000,3.13000000,3.14200000,3.11700000,3.13400000,53111.76000000,1761159599999999,166241.96891000,1379,22591.63000000,70750.13713000,0
1761159600000000,3.13400000,3.15900000,3.10900000,3.13400000,61205.12000000,1761163199999999,191954.46030000,1631,34873.95000000,109443.33188000,0
1761163200000000,3.13400000,3.13600000,3.10400000,3.10800000,36699.15000000,1761166799999999,114601.08657000,901,15238.27000000,47592.69667000,0
1761166800000000,3.10800000,3.11100000,3.02800000,3.07500000,252599.44000000,1761170399999999,774946.60761000,4086,129020.54000000,395748.67896000,0
1761170400000000,3.07300000,3.09200000,3.06400000,3.07600000,77563.35000000,1761173999999999,238686.93965000,1451,39973.36000000,123031.11253000,0
1761174000000000,3.07500000,3.11800000,3.07500000,3.11400000,55101.05000000,1761177599999999,170974.11900000,1079,34054.69000000,105666.89030000,0
1761177600000000,3.11500000,3.12800000,3.10900000,3.12400000,37264.86000000,1761181199999999,116175.34857000,821,19831.33000000,61830.20884000,0
1761181200000000,3.12200000,3.13600000,3.11900000,3.12700000,65815.10000000,1761184799999999,205817.08074000,1032,30297.91000000,94763.44060000,0
1761184800000000,3.12800000,3.14000000,3.12600000,3.13200000,77111.76000000,1761188399999999,241683.90954000,1027,45483.91000000,142554.19739000,0
1761188400000000,3.13200000,3.13700000,3.12300000,3.13000000,27783.22000000,1761191999999999,86981.96179000,487,13674.50000000,42821.04099000,0
1761192000000000,3.12900000,3.14000000,3.12400000,3.12900000,29955.03000000,1761195599999999,93761.24160000,686,15553.48000000,48705.04067000,0
1761195600000000,3.12900000,3.13800000,3.12600000,3.13800000,42483.56000000,1761199199999999,133023.70625000,556,12589.60000000,39438.28064000,0
1761199200000000,3.13800000,3.16900000,3.13200000,3.16800000,80441.73000000,1761202799999999,253936.16388000,1262,52980.62000000,167257.12807000,0
1761202800000000,3.16800000,3.16900000,3.15100000,3.16200000,43830.79000000,1761206399999999,138519.37118000,610,19613.62000000,61989.85693000,0
1761206400000000,3.16300000,3.18000000,3.16300000,3.16700000,69945.72000000,1761209999999999,221898.35784000,865,30815.43000000,97792.10598000,0
1761210000000000,3.16800000,3.17200000,3.16300000,3.16800000,26964.20000000,1761213599999999,85422.27464000,558,12929.12000000,40967.20518000,0
1761213600000000,3.16800000,3.18200000,3.16800000,3.16800000,40824.87000000,1761217199999999,129593.24417000,617,16002.31000000,50802.89109000,0
1761217200000000,3.16700000,3.17200000,3.15300000,3.15800000,28572.38000000,1761220799999999,90410.96174000,545,12178.26000000,38552.51898000,0
1761220800000000,3.15800000,3.17100000,3.13600000,3.17100000,62432.80000000,1761224399999999,197047.55199000,1241,25881.52000000,81707.48865000,0
1761224400000000,3.16900000,3.19500000,3.15900000,3.18600000,58539.41000000,1761227999999999,185917.10079000,981,28474.87000000,90553.39483000,0
1761228000000000,3.18700000,3.19900000,3.16600000,3.19000000,57158.99000000,1761231599999999,182001.16238000,1354,33902.31000000,108016.31115000,0
1761231600000000,3.19100000,3.21900000,3.18500000,3.20200000,85097.09000000,1761235199999999,272566.54818000,1500,37824.71000000,121226.59110000,0
1761235200000000,3.20200000,3.21500000,3.18600000,3.20700000,74073.99000000,1761238799999999,236973.71444000,1383,40195.03000000,128658.25963000,0
1761238800000000,3.20800000,3.23500000,3.18900000,3.22400000,92937.15000000,1761242399999999,298544.46476000,1478,55867.63000000,179586.03670000,0
1761242400000000,3.22500000,3.22800000,3.20100000,3.20600000,38606.69000000,1761245999999999,124095.02405000,651,20317.47000000,65308.04318000,0
1761246000000000,3.20600000,3.20800000,3.19200000,3.20200000,46634.73000000,1761249599999999,149197.29299000,653,19839.90000000,63497.02939000,0
1761249600000000,3.20100000,3.20100000,3.15700000,3.16600000,70568.56000000,1761253199999999,224428.96871000,1261,31767.84000000,101061.66355000,0
1761253200000000,3.16600000,3.18100000,3.16400000,3.17100000,23591.08000000,1761256799999999,74889.88593000,466,13849.52000000,43958.34136000,0
1761256800000000,3.17000000,3.18300000,3.16600000,3.17700000,39519.42000000,1761260399999999,125528.72199000,705,22819.33000000,72483.02655000,0
1761260400000000,3.17800000,3.18800000,3.16900000,3.18200000,22108.27000000,1761263999999999,70267.68769000,399,14532.09000000,46192.05714000,0
1761264000000000,3.18300000,3.18700000,3.16300000,3.16900000,40042.87000000,1761267599999999,127084.11761000,700,22471.16000000,71298.72151000,0
1761267600000000,3.16900000,3.17400000,3.15700000,3.16100000,42396.09000000,1761271199999999,134203.64772000,522,22823.88000000,72237.98881000,0
1761271200000000,3.16100000,3.16200000,3.14200000,3.14900000,48918.50000000,1761274799999999,154122.76224000,643,21888.48000000,68955.64128000,0
1761274800000000,3.14800000,3.14900000,3.13000000,3.13500000,54249.66000000,1761278399999999,170256.58626000,666,22985.84000000,72147.33769000,0
1761278400000000,3.13600000,3.18300000,3.12700000,3.17800000,86561.62000000,1761281999999999,273221.97689000,1204,46256.81000000,146059.05441000,0
1761282000000000,3.17700000,3.18900000,3.16900000,3.18500000,51844.38000000,1761285599999999,164743.58071000,768,28398.03000000,90232.78394000,0
1761285600000000,3.18500000,3.19100000,3.17700000,3.19000000,50800.73000000,1761289199999999,161705.37483000,668,30238.99000000,96264.39919000,0
1761289200000000,3.19000000,3.19400000,3.16800000,3.17600000,58149.71000000,1761292799999999,185068.70109000,813,27923.61000000,88898.81749000,0
1761292800000000,3.17700000,3.19300000,3.16600000,3.18100000,53251.12000000,1761296399999999,169243.92695000,742,32862.19000000,104488.54487000,0
1761296400000000,3.18200000,3.18600000,3.17400000,3.17600000,69753.80000000,1761299999999999,221935.64183000,640,23195.93000000,73793.25890000,0
1761300000000000,3.17600000,3.17700000,3.15700000,3.16300000,82576.53000000,1761303599999999,261278.68283000,971,51273.08000000,162264.19356000,0
1761303600000000,3.16400000,3.16700000,3.14000000,3.15600000,83796.47000000,1761307199999999,264091.44026000,996,43915.21000000,138327.29223000,0
1761307200000000,3.15500000,3.22100000,3.15200000,3.18000000,182805.73000000,1761310799999999,582297.55065000,3211,87880.10000000,279948.64200000,0
1761310800000000,3.18100000,3.18400000,3.14900000,3.17400000,72139.42000000,1761314399999999,228716.48901000,1510,30153.30000000,95643.36466000,0
1761314400000000,3.17300000,3.17400000,3.14000000,3.15500000,103590.51000000,1761317999999999,326687.00100000,1960,45724.44000000,144224.66894000,0
1761318000000000,3.15500000,3.16400000,3.13300000,3.14300000,68721.73000000,1761321599999999,216444.38312000,1285,36046.67000000,113567.46454000,0
1761321600000000,3.14200000,3.15300000,3.13100000,3.13900000,73090.04000000,1761325199999999,229366.65582000,1030,33846.95000000,106230.49313000,0
1761325200000000,3.14000000,3.15000000,3.13100000,3.13600000,40921.61000000,1761328799999999,128543.79644000,671,25268.25000000,79366.61022000,0
1761328800000000,3.13400000,3.16600000,3.13100000,3.16600000,112421.83000000,1761332399999999,354617.36379000,1612,77009.64000000,242942.86087000,0
1761332400000000,3.16600000,3.19300000,3.16500000,3.18400000,67667.60000000,1761335999999999,215462.67478000,917,38286.04000000,121888.79893000,0
1761336000000000,3.18400000,3.22000000,3.18300000,3.21300000,124485.12000000,1761339599999999,399175.00638000,1461,93644.97000000,300315.44153000,0
1761339600000000,3.21400000,3.22600000,3.20600000,3.21600000,112160.12000000,1761343199999999,360665.12325000,988,35518.37000000,114221.58968000,0
1761343200000000,3.21600000,3.21600000,3.18700000,3.19100000,46742.87000000,1761346799999999,149596.67382000,707,20540.18000000,65744.82197000,0
1761346800000000,3.19000000,3.19100000,3.18100000,3.18600000,15516.16000000,1761350399999999,49414.70970000,362,9794.31000000,31194.35900000,0
1761350400000000,3.18500000,3.18700000,3.16800000,3.17300000,27829.17000000,1761353999999999,88439.42558000,531,16210.31000000,51515.68687000,0
1761354000000000,3.17300000,3.18700000,3.16800000,3.18400000,44666.14000000,1761357599999999,141996.03596000,616,24920.24000000,79238.44228000,0
1761357600000000,3.18500000,3.19700000,3.18000000,3.19000000,34445.86000000,1761361199999999,109815.30227000,485,19359.55000000,61723.33676000,0
1761361200000000,3.18900000,3.19000000,3.16500000,3.16500000,26720.16000000,1761364799999999,84849.91229000,493,10394.39000000,32999.42296000,0
1761364800000000,3.16400000,3.17900000,3.16400000,3.16800000,25409.16000000,1761368399999999,80583.34759000,410,11803.87000000,37426.16945000,0
1761368400000000,3.16900000,3.17000000,3.15700000,3.16000000,16551.23000000,1761371999999999,52342.14230000,351,5941.77000000,18789.04165000,0
1761372000000000,3.16100000,3.16200000,3.14400000,3.14500000,66492.52000000,1761375599999999,209548.05424000,895,22065.26000000,69504.36200000,0
1761375600000000,3.14700000,3.16100000,3.14300000,3.14700000,31722.65000000,1761379199999999,99881.22334000,645,15338.98000000,48272.29107000,0
1761379200000000,3.14700000,3.16100000,3.14600000,3.15700000,20913.36000000,1761382799999999,65984.30416000,392,7700.22000000,24297.66470000,0
1761382800000000,3.15800000,3.15800000,3.14300000,3.14500000,23215.46000000,1761386399999999,73173.06009000,499,11536.34000000,36363.98837000,0
1761386400000000,3.14500000,3.15200000,3.13600000,3.14600000,25622.27000000,1761389999999999,80550.46215000,485,6062.58000000,19073.49932000,0
1761390000000000,3.14600000,3.15400000,3.14400000,3.15200000,9395.49000000,1761393599999999,29595.55203000,278,6907.81000000,21762.44730000,0
1761393600000000,3.15300000,3.16500000,3.15200000,3.15900000,23378.33000000,1761397199999999,73840.42134000,484,13211.62000000,41736.35062000,0
1761397200000000,3.15900000,3.15900000,3.14200000,3.14800000,20042.57000000,1761400799999999,63119.41519000,438,7425.09000000,23395.17132000,0
1761400800000000,3.14800000,3.15500000,3.14100000,3.15500000,24376.69000000,1761404399999999,76719.52312000,427,12218.47000000,38467.02131000,0
1761404400000000,3.15500000,3.16300000,3.14900000,3.16100000,34634.92000000,1761407999999999,109339.34269000,598,18288.72000000,57759.09132000,0
1761408000000000,3.16100000,3.17200000,3.15600000,3.16300000,53227.31000000,1761411599999999,168423.38615000,849,36387.74000000,115149.05725000,0
1761411600000000,3.16300000,3.16300000,3.14500000,3.14600000,54403.10000000,1761415199999999,171591.02339000,557,19948.73000000,62923.94127000,0
1761415200000000,3.14500000,3.17400000,3.14100000,3.16800000,57245.87000000,1761418799999999,180944.26550000,794,45965.96000000,145289.26951000,0
1761418800000000,3.16800000,3.17100000,3.16100000,3.16800000,15961.86000000,1761422399999999,50532.87481000,319,8200.25000000,25960.21985000,0
1761422400000000,3.16900000,3.17000000,3.15100000,3.15400000,21304.65000000,1761425999999999,67364.94375000,455,10451.96000000,33051.24453000,0
1761426000000000,3.15400000,3.16100000,3.14500000,3.15100000,60225.47000000,1761429599999999,189780.27877000,554,36112.83000000,113814.20021000,0
1761429600000000,3.15100000,3.16100000,3.14600000,3.15700000,21285.91000000,1761433199999999,67099.09263000,297,11885.22000000,37459.74937000,0
1761433200000000,3.15700000,3.15800000,3.14700000,3.15000000,13633.18000000,1761436799999999,42983.11130000,303,7892.92000000,24885.98323000,0
1761436800000000,3.15100000,3.15400000,3.13700000,3.14800000,28511.99000000,1761440399999999,89692.05729000,560,5474.83000000,17230.65081000,0
1761440400000000,3.14700000,3.15000000,3.13100000,3.13900000,60430.30000000,1761443999999999,189862.78559000,990,18925.47000000,59476.81142000,0
1761444000000000,3.13800000,3.13800000,3.12200000,3.12800000,46117.08000000,1761447599999999,144494.62134000,825,14945.48000000,46850.10256000,0
1761447600000000,3.12800000,3.12900000,3.11700000,3.12100000,47737.44000000,1761451199999999,149106.87059000,709,17959.98000000,56100.94144000,0
1761451200000000,3.12000000,3.13800000,3.11900000,3.13700000,16642.52000000,1761454799999999,52086.86376000,403,8940.64000000,27981.54239000,0
1761454800000000,3.13700000,3.15200000,3.13300000,3.14900000,19015.01000000,1761458399999999,59783.37791000,316,9197.92000000,28915.10678000,0
1761458400000000,3.14900000,3.15100000,3.13100000,3.14300000,27349.83000000,1761461999999999,85928.73912000,461,15979.15000000,50217.62806000,0
1761462000000000,3.14300000,3.16100000,3.13800000,3.16100000,20346.39000000,1761465599999999,64125.82581000,374,9555.63000000,30110.82711000,0
1761465600000000,3.16100000,3.18700000,3.16100000,3.18300000,136400.45000000,1761469199999999,432623.59848000,1010,110395.39000000,350024.28621000,0
1761469200000000,3.18400000,3.20400000,3.17700000,3.19800000,69509.75000000,1761472799999999,221766.43838000,984,32081.22000000,102363.72092000,0
1761472800000000,3.19900000,3.19900000,3.18100000,3.18700000,55086.26000000,1761476399999999,175519.67526000,625,15522.32000000,49478.66834000,0
1761476400000000,3.18700000,3.22200000,3.17800000,3.21800000,99439.07000000,1761479999999999,318518.19000000,1355,68940.52000000,220869.72043000,0
1761480000000000,3.21700000,3.22400000,3.20100000,3.22200000,91853.91000000,1761483599999999,294981.44104000,1106,32340.15000000,103936.75183000,0
1761483600000000,3.22200000,3.24500000,3.21800000,3.23600000,66766.15000000,1761487199999999,215807.61617000,1087,40369.99000000,130481.42093000,0
1761487200000000,3.23700000,3.24000000,3.21900000,3.22400000,87797.40000000,1761490799999999,283458.01334000,906,37432.96000000,120921.42976000,0
1761490800000000,3.22600000,3.24900000,3.21700000,3.24800000,48627.05000000,1761494399999999,157301.36522000,883,26882.06000000,86976.39160000,0
1761494400000000,3.24800000,3.25400000,3.23000000,3.24300000,70770.50000000,1761497999999999,229383.41798000,1084,41041.30000000,133051.37312000,0
1761498000000000,3.24300000,3.24800000,3.23600000,3.23600000,36595.81000000,1761501599999999,118604.79989000,555,18322.94000000,59391.01707000,0
1761501600000000,3.23600000,3.24500000,3.22900000,3.23700000,49693.49000000,1761505199999999,160833.37089000,612,21424.30000000,69373.99509000,0
1761505200000000,3.23500000,3.24000000,3.22700000,3.24000000,25314.61000000,1761508799999999,81833.60739000,375,16049.26000000,51884.15910000,0
1761508800000000,3.24000000,3.24000000,3.21800000,3.22000000,42962.76000000,1761512399999999,138612.40322000,584,16152.60000000,52087.84753000,0
1761512400000000,3.22000000,3.23800000,3.21400000,3.23400000,49595.25000000,1761515999999999,159952.10957000,496,26245.26000000,84650.16001000,0
1761516000000000,3.23500000,3.28300000,3.23500000,3.26800000,108879.06000000,1761519599999999,355576.49907000,2359,58494.02000000,190968.69745000,0
1761519600000000,3.26900000,3.27400000,3.25200000,3.25400000,42800.69000000,1761523199999999,139675.95785000,841,17783.57000000,58039.26310000,0
1761523200000000,3.25500000,3.26800000,3.24800000,3.25800000,35894.08000000,1761526799999999,116909.71063000,690,19974.57000000,65073.82982000,0
1761526800000000,3.25700000,3.27900000,3.25200000,3.27700000,37348.86000000,1761530399999999,121880.34447000,767,23164.90000000,75617.43093000,0
1761530400000000,3.27600000,3.27800000,3.25200000,3.26100000,47524.59000000,1761533999999999,155149.75334000,817,22826.80000000,74527.87954000,0
1761534000000000,3.26000000,3.26400000,3.24500000,3.25200000,45076.11000000,1761537599999999,146723.70793000,638,16283.70000000,53008.50835000,0
1761537600000000,3.25100000,3.26400000,3.24600000,3.26300000,30752.73000000,1761541199999999,100111.07794000,531,16384.35000000,53340.39786000,0
1761541200000000,3.26200000,3.28600000,3.25700000,3.26600000,49181.95000000,1761544799999999,160932.25741000,927,27321.15000000,89435.13803000,0
1761544800000000,3.26600000,3.27100000,3.25400000,3.26000000,58242.34000000,1761548399999999,190040.22262000,956,25951.75000000,84664.62295000,0
1761548400000000,3.25900000,3.26900000,3.23100000,3.24700000,61086.91000000,1761551999999999,198359.08194000,1115,27304.70000000,88665.34055000,0
1761552000000000,3.24800000,3.26200000,3.22800000,3.24200000,98844.84000000,1761555599999999,321193.81623000,1753,41540.51000000,135040.82570000,0
1761555600000000,3.24100000,3.24300000,3.21300000,3.22300000,60262.64000000,1761559199999999,194354.66333000,1287,22304.51000000,71940.90079000,0
1761559200000000,3.22200000,3.22900000,3.21400000,3.21700000,45055.81000000,1761562799999999,145129.83507000,993,28313.96000000,91200.51961000,0
1761562800000000,3.21800000,3.23000000,3.19900000,3.22500000,77494.68000000,1761566399999999,249261.70370000,1080,30506.52000000,98141.84033000,0
1761566400000000,3.22700000,3.22900000,3.19800000,3.19800000,61309.97000000,1761569999999999,196760.72052000,810,32915.62000000,105652.74223000,0
1761570000000000,3.19900000,3.21400000,3.17500000,3.21000000,86394.40000000,1761573599999999,276499.37334000,1523,43924.61000000,140690.31135000,0
1761573600000000,3.21100000,3.21500000,3.18300000,3.19700000,52425.90000000,1761577199999999,167602.52195000,1010,19576.25000000,62618.71909000,0
1761577200000000,3.19700000,3.22500000,3.19700000,3.21800000,30186.93000000,1761580799999999,97131.21957000,797,19580.12000000,62997.10294000,0
1761580800000000,3.21900000,3.25100000,3.21900000,3.24800000,75948.16000000,1761584399999999,245836.43644000,1069,41160.12000000,133288.61537000,0
1761584400000000,3.24900000,3.25000000,3.23000000,3.23300000,27265.09000000,1761587999999999,88277.87496000,638,17438.54000000,56468.21952000,0
1761588000000000,3.23400000,3.23600000,3.22200000,3.22800000,38986.96000000,1761591599999999,125927.34549000,652,20676.30000000,66820.60583000,0
1761591600000000,3.22800000,3.23200000,3.20900000,3.21000000,34409.29000000,1761595199999999,110745.05381000,627,16111.59000000,51888.91093000,0
1761595200000000,3.21000000,3.21000000,3.17800000,3.17900000,75375.06000000,1761598799999999,240695.53782000,1232,28283.82000000,90341.27591000,0
1761598800000000,3.17800000,3.19500000,3.16300000,3.18200000,38884.48000000,1761602399999999,123638.89746000,768,15362.63000000,48850.01239000,0
1761602400000000,3.18200000,3.19100000,3.16000000,3.16700000,55713.26000000,1761605999999999,176646.59861000,910,26170.28000000,83020.39737000,0
1761606000000000,3.16600000,3.18500000,3.15900000,3.17800000,139623.74000000,1761609599999999,442568.04276000,1490,53805.62000000,170585.69070000,0
1761609600000000,3.17900000,3.19100000,3.16400000,3.17300000,39149.38000000,1761613199999999,124423.89627000,742,21426.91000000,68117.64323000,0
1761613200000000,3.17500000,3.18800000,3.17200000,3.17900000,19826.06000000,1761616799999999,63076.86622000,475,12253.39000000,38987.99135000,0
1761616800000000,3.18000000,3.18400000,3.14700000,3.16700000,55626.97000000,1761620399999999,175904.90230000,803,27322.49000000,86446.58588000,0
1761620400000000,3.16600000,3.17400000,3.14700000,3.15800000,40388.30000000,1761623999999999,127607.30576000,579,21228.52000000,67061.99069000,0
1761624000000000,3.15500000,3.17600000,3.14900000,3.17100000,23136.52000000,1761627599999999,73195.99584000,478,10470.25000000,33137.09229000,0
1761627600000000,3.16900000,3.17700000,3.14100000,3.14300000,60952.31000000,1761631199999999,192686.73802000,805,29001.63000000,91731.62425000,0
1761631200000000,3.14400000,3.20300000,3.14400000,3.20100000,70229.36000000,1761634799999999,222713.27568000,968,49604.51000000,157228.35007000,0
1761634800000000,3.20200000,3.21100000,3.17600000,3.17900000,49107.42000000,1761638399999999,156758.34721000,709,24593.95000000,78620.78961000,0
1761638400000000,3.18200000,3.19700000,3.17600000,3.18500000,20254.71000000,1761641999999999,64598.43468000,449,11084.83000000,35357.23012000,0
1761642000000000,3.18600000,3.18900000,3.17000000,3.18200000,37709.21000000,1761645599999999,119863.40388000,606,10718.33000000,34083.49979000,0
1761645600000000,3.18100000,3.18200000,3.16700000,3.17400000,47644.54000000,1761649199999999,151253.35462000,522,16595.30000000,52695.65003000,0
1761649200000000,3.17500000,3.18800000,3.16900000,3.17000000,40531.52000000,1761652799999999,128799.36065000,586,15918.42000000,50596.87897000,0
1761652800000000,3.17000000,3.19100000,3.16500000,3.18900000,35593.74000000,1761656399999999,113174.87093000,524,19434.55000000,61832.01663000,0
1761656400000000,3.19000000,3.21000000,3.18800000,3.20000000,58947.20000000,1761659999999999,188723.84078000,794,28633.89000000,91672.68261000,0
1761660000000000,3.20200000,3.21300000,3.12600000,3.17500000,177205.73000000,1761663599999999,561216.20271000,2293,79461.42000000,251506.02856000,0
1761663600000000,3.17600000,3.19200000,3.15700000,3.16600000,128702.35000000,1761667199999999,408253.93883000,1496,42174.94000000,133994.20982000,0
1761667200000000,3.16500000,3.19200000,3.16000000,3.18400000,82398.30000000,1761670799999999,261711.91903000,985,50728.57000000,161104.33326000,0
1761670800000000,3.18600000,3.20800000,3.18200000,3.20500000,142685.99000000,1761674399999999,456220.98175000,1365,116213.95000000,371609.66054000,0
1761674400000000,3.20300000,3.21800000,3.17700000,3.18400000,101061.23000000,1761677999999999,323332.24528000,1018,66857.28000000,214136.70934000,0
1761678000000000,3.18500000,3.18800000,3.13000000,3.14300000,116363.35000000,1761681599999999,367304.92122000,1511,50313.91000000,158928.30557000,0
1761681600000000,3.14200000,3.14300000,3.06500000,3.06900000,300373.65000000,1761685199999999,929419.51555000,3871,159594.02000000,493701.47500000,0
1761685200000000,3.06800000,3.08900000,3.03400000,3.06900000,184978.59000000,1761688799999999,566315.78641000,2070,93864.94000000,287273.06314000,0
1761688800000000,3.07000000,3.10800000,3.06400000,3.10500000,57849.39000000,1761692399999999,178783.98998000,707,38312.90000000,118487.49871000,0
1761692400000000,3.10600000,3.10700000,3.09200000,3.09800000,24744.97000000,1761695999999999,76717.14489000,423,7102.93000000,22020.44878000,0
1761696000000000,3.09800000,3.11300000,3.08900000,3.09100000,25059.23000000,1761699599999999,77696.09664000,642,11219.89000000,34785.50347000,0
1761699600000000,3.09100000,3.11200000,3.08300000,3.09600000,28062.92000000,1761703199999999,86901.39085000,644,16018.37000000,49616.96558000,0
1761703200000000,3.09600000,3.10000000,3.09000000,3.09500000,18245.78000000,1761706799999999,56495.56259000,400,9518.92000000,29477.94586000,0
1761706800000000,3.09400000,3.09800000,3.08400000,3.09300000,26145.27000000,1761710399999999,80802.07093000,547,16264.72000000,50283.01732000,0
1761710400000000,3.09300000,3.10900000,3.09300000,3.10600000,23632.99000000,1761713999999999,73286.59851000,382,13258.99000000,41118.18109000,0
1761714000000000,3.10500000,3.12300000,3.10400000,3.11400000,54116.12000000,1761717599999999,168426.40101000,755,25818.33000000,80378.07356000,0
1761717600000000,3.11300000,3.12200000,3.11000000,3.11800000,34741.19000000,1761721199999999,108286.49723000,569,17774.94000000,55409.17558000,0
1761721200000000,3.11800000,3.12800000,3.11100000,3.12200000,27168.66000000,1761724799999999,84786.24798000,662,13754.07000000,42937.12154000,0
1761724800000000,3.12100000,3.12700000,3.10200000,3.10400000,27580.99000000,1761728399999999,85760.75594000,444,11515.28000000,35802.87255000,0
1761728400000000,3.10400000,3.10800000,3.09500000,3.10400000,39825.03000000,1761731999999999,123573.17946000,548,25107.57000000,77910.87435000,0
1761732000000000,3.10300000,3.13300000,3.10200000,3.12400000,32921.70000000,1761735599999999,102716.90948000,744,23042.05000000,71885.78795000,0
1761735600000000,3.12400000,3.14200000,3.12100000,3.12100000,71030.11000000,1761739199999999,222248.41995000,1368,18392.15000000,57592.40583000,0
1761739200000000,3.12100000,3.12500000,3.11300000,3.12000000,46316.94000000,1761742799999999,144459.99767000,717,17854.28000000,55694.32767000,0
1761742800000000,3.12100000,3.13600000,3.11400000,3.12000000,79685.58000000,1761746399999999,248782.37072000,1136,26368.48000000,82372.97415000,0
1761746400000000,3.12100000,3.12300000,3.10400000,3.11500000,25253.89000000,1761749999999999,78611.52741000,676,12066.14000000,37570.62167000,0
1761750000000000,3.11600000,3.11900000,3.07000000,3.08000000,75747.56000000,1761753599999999,234074.88606000,1463,27804.14000000,85924.45527000,0
1761753600000000,3.08000000,3.10800000,3.06900000,3.09600000,129903.34000000,1761757199999999,402166.79403000,1648,60198.65000000,186185.75690000,0
1761757200000000,3.09600000,3.15400000,3.09400000,3.15400000,59186.86000000,1761760799999999,185087.74481000,1034,42267.06000000,132215.44445000,0
1761760800000000,3.15400000,3.16000000,3.03600000,3.11400000,494835.21000000,1761764399999999,1529324.41461000,10989,252812.50000000,781266.04049000,0
1761764400000000,3.11600000,3.15100000,3.10900000,3.14200000,129259.26000000,1761767999999999,404785.22325000,2835,73533.70000000,230326.64988000,0
1761768000000000,3.14300000,3.17700000,3.12700000,3.15900000,113308.24000000,1761771599999999,357368.59835000,2370,62329.49000000,196697.73644000,0
1761771600000000,3.15900000,3.16100000,3.14200000,3.14300000,34157.34000000,1761775199999999,107521.55910000,600,19546.08000000,61506.96087000,0
1761775200000000,3.14200000,3.14900000,3.13200000,3.13200000,14817.73000000,1761778799999999,46522.30205000,464,8766.11000000,27522.89019000,0
1761778800000000,3.13400000,3.13400000,3.08500000,3.09500000,69196.68000000,1761782399999999,214744.68313000,1145,23179.41000000,71854.41367000,0
1761782400000000,3.09600000,3.11400000,3.08700000,3.11000000,34290.24000000,1761785999999999,106442.05298000,836,19666.84000000,61063.84244000,0
1761786000000000,3.11000000,3.11000000,3.09300000,3.09800000,38153.09000000,1761789599999999,118362.53466000,724,16432.14000000,50966.91898000,0
1761789600000000,3.09700000,3.11600000,3.09400000,3.11300000,15649.49000000,1761793199999999,48599.61022000,520,10965.54000000,34045.46360000,0
1761793200000000,3.11300000,3.11400000,3.09000000,3.09700000,24439.52000000,1761796799999999,75808.33820000,543,13448.43000000,41715.48861000,0
1761796800000000,3.09600000,3.09600000,3.00200000,3.03200000,200972.25000000,1761800399999999,610385.74918000,6256,84452.99000000,256424.46881000,0
1761800400000000,3.03200000,3.08300000,3.02700000,3.07800000,44238.01000000,1761803999999999,134912.15742000,1252,26374.91000000,80420.97269000,0
1761804000000000,3.07800000,3.10800000,3.06400000,3.10400000,74222.17000000,1761807599999999,228868.95501000,1318,47701.74000000,147121.90065000,0
1761807600000000,3.10500000,3.15400000,3.10300000,3.12100000,118852.37000000,1761811199999999,371943.66443000,2260,59901.75000000,187516.78779000,0
1761811200000000,3.12300000,3.12700000,3.09100000,3.09100000,109273.04000000,1761814799999999,339781.38855000,1890,44282.83000000,137802.14291000,0
1761814800000000,3.09200000,3.09600000,3.06500000,3.07000000,51207.36000000,1761818399999999,157627.26032000,1686,16901.15000000,52062.66872000,0
1761818400000000,3.07000000,3.08100000,3.05400000,3.06200000,57803.88000000,1761821999999999,177276.57572000,1605,25632.76000000,78607.39556000,0
1761822000000000,3.06100000,3.06700000,3.04200000,3.04300000,29288.83000000,1761825599999999,89439.25337000,948,12145.33000000,37090.79859000,0
1761825600000000,3.04300000,3.04700000,2.99000000,3.01000000,185812.35000000,1761829199999999,559625.36835000,3423,82635.56000000,248711.90253000,0
1761829200000000,3.00900000,3.01500000,2.95300000,2.96100000,213594.69000000,1761832799999999,636987.67630000,3482,86095.34000000,256713.99895000,0
1761832800000000,2.96300000,2.98800000,2.95900000,2.96900000,66851.89000000,1761836399999999,198617.00347000,1697,27660.90000000,82194.76294000,0
1761836400000000,2.96900000,2.97500000,2.92100000,2.92700000,139365.92000000,1761839999999999,410000.21871000,2871,58854.01000000,173163.47391000,0
1761840000000000,2.92800000,2.93800000,2.90600000,2.92800000,106682.65000000,1761843599999999,311964.59876000,1441,44800.50000000,130993.51638000,0
1761843600000000,2.93000000,2.94300000,2.89800000,2.92900000,134131.80000000,1761847199999999,391041.68406000,1820,66978.40000000,195373.71202000,0
1761847200000000,2.92900000,2.93100000,2.87400000,2.88400000,179713.09000000,1761850799999999,520657.20144000,2260,91905.45000000,266402.07811000,0
1761850800000000,2.88300000,2.89200000,2.85400000,2.86400000,173931.95000000,1761854399999999,499705.94423000,2433,68377.66000000,196485.75236000,0
1761854400000000,2.86400000,2.90100000,2.86000000,2.90000000,122948.89000000,1761857999999999,353717.50193000,1902,49598.53000000,142746.56686000,0
1761858000000000,2.90000000,2.95800000,2.89800000,2.93500000,114327.03000000,1761861599999999,334362.52892000,1703,67722.73000000,198242.43010000,0
1761861600000000,2.93900000,2.98200000,2.93400000,2.97200000,109993.28000000,1761865199999999,326086.53382000,1753,71385.18000000,211633.02441000,0
1761865200000000,2.97200000,2.97600000,2.94500000,2.95100000,115003.73000000,1761868799999999,340286.86627000,1555,68500.04000000,202655.73695000,0
1761868800000000,2.95100000,2.98200000,2.93600000,2.97300000,106474.08000000,1761872399999999,314992.93889000,1466,69357.02000000,205244.21410000,0
1761872400000000,2.97400000,2.99800000,2.97300000,2.99500000,84981.04000000,1761875999999999,253921.12334000,1147,49408.31000000,147619.95991000,0
1761876000000000,2.99600000,2.99800000,2.97200000,2.98600000,107764.57000000,1761879599999999,321514.32341000,1077,56231.66000000,167754.33972000,0
1761879600000000,2.98600000,3.00900000,2.98000000,3.00300000,100999.70000000,1761883199999999,302666.09141000,1072,43494.31000000,130377.49711000,0
1761883200000000,3.00400000,3.01800000,3.00000000,3.00900000,91186.62000000,1761886799999999,274170.48040000,1065,51473.55000000,154763.09868000,0
1761886800000000,3.00600000,3.00600000,2.98300000,2.98500000,29824.64000000,1761890399999999,89253.67768000,511,13678.61000000,40925.75583000,0
1761890400000000,2.98800000,2.99300000,2.98100000,2.98800000,68705.35000000,1761893999999999,205217.44335000,653,39873.07000000,119119.02180000,0
1761894000000000,2.98800000,2.99800000,2.98100000,2.98800000,63781.23000000,1761897599999999,190643.72355000,667,30934.10000000,92450.64045000,0
1761897600000000,2.98800000,3.02000000,2.98600000,3.02000000,317603.27000000,1761901199999999,953041.99822000,3199,184738.17000000,554206.91344000,0
1761901200000000,3.01900000,3.02000000,2.98900000,2.99200000,47719.64000000,1761904799999999,143015.65857000,679,25594.07000000,76681.66678000,0
1761904800000000,2.99200000,3.00200000,2.99100000,2.99300000,14478.17000000,1761908399999999,43387.22331000,338,5560.03000000,16663.95469000,0
1761908400000000,2.99300000,3.01500000,2.98500000,3.01400000,28473.35000000,1761911999999999,85348.65714000,555,14067.27000000,42204.86132000,0
1761912000000000,3.01400000,3.02900000,3.00700000,3.00800000,47609.23000000,1761915599999999,143584.35572000,717,19578.41000000,59069.40577000,0
1761915600000000,3.00900000,3.01500000,2.97900000,3.00500000,234572.89000000,1761919199999999,702267.21708000,2678,109946.72000000,329175.55749000,0
1761919200000000,3.00600000,3.02600000,2.99000000,3.02200000,57756.43000000,1761922799999999,173837.15602000,882,33384.77000000,100472.90526000,0
1761922800000000,3.02200000,3.03300000,3.00600000,3.01200000,62579.99000000,1761926399999999,189012.34008000,1080,25277.46000000,76357.70238000,0
1761926400000000,3.01000000,3.01600000,2.95400000,2.95600000,79692.07000000,1761929999999999,237830.60074000,1049,27332.12000000,81620.54608000,0
1761930000000000,2.95500000,2.97300000,2.93900000,2.96400000,71032.70000000,1761933599999999,210179.23511000,1189,37938.11000000,112292.39483000,0
1761933600000000,2.96600000,2.98200000,2.94900000,2.96400000,62131.82000000,1761937199999999,184330.96115000,987,38367.49000000,113859.17046000,0
1761937200000000,2.96400000,2.99900000,2.94800000,2.98700000,91875.71000000,1761940799999999,273364.58396000,1202,41004.57000000,122216.46075000,0
1761940800000000,2.98600000,2.98900000,2.96400000,2.96800000,52220.93000000,1761944399999999,155491.85741000,769,25505.83000000,75967.26371000,0
1761944400000000,2.96800000,2.97600000,2.95700000,2.96400000,36115.19000000,1761947999999999,107122.63696000,596,24231.72000000,71879.03479000,0
1761948000000000,2.96500000,2.98100000,2.96400000,2.97000000,61832.53000000,1761951599999999,183832.26025000,653,45490.90000000,135252.70692000,0
1761951600000000,2.96900000,2.97500000,2.96000000,2.96200000,38729.54000000,1761955199999999,115026.00193000,441,21865.19000000,64931.91913000,0
