1775001600000000,1.70700000,1.71000000,1.70100000,1.70700000,20587.87000000,1775005199999999,35125.63095000,298,9539.96000000,16280.67663000,0
1775005200000000,1.70800000,1.70900000,1.70000000,1.70000000,8735.83000000,1775008799999999,14896.05330000,156,6517.29000000,11113.29529000,0
1775008800000000,1.70000000,1.70100000,1.69400000,1.69600000,8929.49000000,1775012399999999,15150.09083000,213,4331.94000000,7354.30116000,0
1775012400000000,1.69700000,1.70500000,1.69600000,1.70300000,21968.88000000,1775015999999999,37368.29555000,338,13476.11000000,22935.77102000,0
1775016000000000,1.70400000,1.71100000,1.70000000,1.70600000,22139.53000000,1775019599999999,37754.42002000,304,11641.06000000,19862.78061000,0
1775019600000000,1.70500000,1.72700000,1.70500000,1.72400000,35819.33000000,1775023199999999,61605.81439000,412,19273.84000000,33136.78622000,0
1775023200000000,1.72500000,1.73900000,1.72400000,1.73600000,56809.25000000,1775026799999999,98469.83549000,580,19199.65000000,33283.14249000,0
1775026800000000,1.73500000,1.73900000,1.72700000,1.73100000,47442.56000000,1775030399999999,82205.56466000,562,26738.27000000,46340.58720000,0
1775030400000000,1.73200000,1.74100000,1.73100000,1.73400000,61695.24000000,1775033999999999,107119.72525000,683,22397.42000000,38867.49012000,0
1775034000000000,1.73300000,1.73400000,1.72000000,1.72500000,122972.66000000,1775037599999999,212280.12102000,1125,61302.84000000,105854.20193000,0
1775037600000000,1.72500000,1.72600000,1.70600000,1.70800000,90088.13000000,1775041199999999,154524.45239000,935,22348.49000000,38435.76781000,0
1775041200000000,1.70900000,1.70900000,1.69100000,1.70100000,131921.62000000,1775044799999999,224080.69365000,1206,85355.23000000,144985.16323000,0
1775044800000000,1.70100000,1.71600000,1.70000000,1.70000000,166619.14000000,1775048399999999,284416.52075000,2409,71211.50000000,121503.74121000,0
1775048400000000,1.70100000,1.70100000,1.68100000,1.68900000,62445.21000000,1775051999999999,105452.14167000,964,19558.40000000,32994.74929000,0
1775052000000000,1.68900000,1.69800000,1.68600000,1.69800000,18990.91000000,1775055599999999,32151.89048000,452,12507.57000000,21177.84525000,0
1775055600000000,1.69600000,1.70100000,1.68400000,1.70100000,52520.78000000,1775059199999999,89018.67048000,771,30359.89000000,51493.98413000,0
1775059200000000,1.70100000,1.70800000,1.69500000,1.70200000,67456.60000000,1775062799999999,114828.54301000,686,43001.64000000,73256.25318000,0
1775062800000000,1.70200000,1.71000000,1.69400000,1.70200000,33987.28000000,1775066399999999,57787.79582000,592,13587.55000000,23115.57463000,0
1775066400000000,1.70300000,1.71100000,1.69300000,1.69500000,33812.72000000,1775069999999999,57506.93609000,691,20598.79000000,35059.85898000,0
1775070000000000,1.69500000,1.69800000,1.69000000,1.69400000,20158.35000000,1775073599999999,34137.80209000,372,11016.03000000,18660.01450000,0
1775073600000000,1.69300000,1.69500000,1.68900000,1.69100000,23437.58000000,1775077199999999,39660.58314000,474,13513.30000000,22876.38132000,0
1775077200000000,1.69100000,1.69300000,1.68300000,1.68500000,42640.65000000,1775080799999999,71964.79736000,705,28579.21000000,48240.72851000,0
1775080800000000,1.68500000,1.68500000,1.67400000,1.67600000,28583.96000000,1775084399999999,48018.11791000,617,14297.75000000,24019.34046000,0
1775084400000000,1.67700000,1.67800000,1.67100000,1.67600000,19908.04000000,1775087999999999,33336.18403000,400,11974.39000000,20057.22575000,0
1775088000000000,1.67700000,1.68900000,1.67600000,1.68400000,18175.37000000,1775091599999999,30601.32489000,235,9246.15000000,15565.35590000,0
1775091600000000,1.68500000,1.68800000,1.65000000,1.66100000,49686.00000000,1775095199999999,82699.91480000,909,25668.04000000,42719.87745000,0
1775095200000000,1.65900000,1.65900000,1.63700000,1.64500000,49096.32000000,1775098799999999,80848.49326000,698,24297.53000000,40017.00077000,0
1775098800000000,1.64400000,1.64700000,1.63100000,1.63500000,22625.07000000,1775102399999999,37066.48395000,459,9143.14000000,14971.63144000,0
1775102400000000,1.63500000,1.63900000,1.62700000,1.62800000,71740.11000000,1775105999999999,117044.59429000,651,33080.14000000,53935.54937000,0
1775106000000000,1.62900000,1.63500000,1.62200000,1.63300000,46541.67000000,1775109599999999,75743.35200000,449,19182.48000000,31261.93455000,0
1775109600000000,1.63300000,1.64100000,1.63200000,1.64000000,31833.47000000,1775113199999999,52106.36217000,368,17231.46000000,28197.18913000,0
1775113200000000,1.64000000,1.64700000,1.63900000,1.64700000,15959.77000000,1775116799999999,26222.92044000,196,9799.51000000,16106.47008000,0
1775116800000000,1.64700000,1.64800000,1.63100000,1.63400000,20199.63000000,1775120399999999,33098.64933000,339,10600.50000000,17364.93804000,0
1775120400000000,1.63500000,1.63500000,1.62700000,1.62900000,38611.55000000,1775123999999999,62944.53087000,525,31179.55000000,50825.20521000,0
1775124000000000,1.62900000,1.63000000,1.61700000,1.62100000,38918.02000000,1775127599999999,63104.72248000,344,20843.22000000,33812.34976000,0
1775127600000000,1.62100000,1.63200000,1.61700000,1.62800000,24097.96000000,1775131199999999,39137.96484000,311,13268.62000000,21567.93851000,0
1775131200000000,1.62700000,1.62800000,1.62000000,1.62100000,16638.70000000,1775134799999999,27005.20817000,282,10422.75000000,16921.91247000,0
1775134800000000,1.62100000,1.62200000,1.61400000,1.61900000,46592.28000000,1775138399999999,75354.28268000,476,16858.40000000,27275.54054000,0
1775138400000000,1.61900000,1.64900000,1.61600000,1.64900000,50597.75000000,1775141999999999,82594.57056000,636,37416.26000000,61096.04500000,0
1775142000000000,1.64800000,1.65700000,1.64000000,1.65500000,49103.47000000,1775145599999999,80922.78705000,549,27404.47000000,45136.42314000,0
1775145600000000,1.65400000,1.65500000,1.63900000,1.64200000,37259.24000000,1775149199999999,61318.33645000,499,18169.40000000,29901.60695000,0
1775149200000000,1.64300000,1.65400000,1.63800000,1.64000000,39874.73000000,1775152799999999,65608.45419000,462,23582.56000000,38827.32716000,0
1775152800000000,1.64000000,1.65200000,1.63900000,1.65100000,17356.99000000,1775156399999999,28535.57740000,236,9931.53000000,16338.68830000,0
1775156400000000,1.65200000,1.65300000,1.64400000,1.65100000,18694.31000000,1775159999999999,30827.54537000,277,9449.64000000,15585.39794000,0
1775160000000000,1.65000000,1.66800000,1.65000000,1.66100000,51853.61000000,1775163599999999,86106.93308000,471,18125.95000000,30113.04234000,0
1775163600000000,1.66100000,1.67000000,1.66000000,1.66600000,24982.82000000,1775167199999999,41611.37202000,354,12537.95000000,20893.25573000,0
1775167200000000,1.66700000,1.66900000,1.66000000,1.66300000,14074.25000000,1775170799999999,23427.18033000,190,7038.27000000,11715.98662000,0
1775170800000000,1.66300000,1.67000000,1.66300000,1.66800000,10432.90000000,1775174399999999,17378.83245000,148,4457.54000000,7428.34486000,0
1775174400000000,1.66800000,1.67400000,1.66500000,1.67100000,25547.66000000,1775177999999999,42657.34581000,312,13021.99000000,21740.96348000,0
1775178000000000,1.67100000,1.67400000,1.66600000,1.67200000,16035.32000000,1775181599999999,26792.68284000,234,8663.43000000,14475.02744000,0
1775181600000000,1.67000000,1.68300000,1.66800000,1.68300000,25911.70000000,1775185199999999,43442.79790000,329,10734.99000000,17996.75480000,0
1775185200000000,1.68300000,1.69600000,1.68200000,1.69500000,43915.21000000,1775188799999999,74079.89777000,595,20402.01000000,34426.44351000,0
1775188800000000,1.69500000,1.71500000,1.69500000,1.71300000,81442.41000000,1775192399999999,138798.14967000,1501,36473.04000000,62200.68059000,0
1775192400000000,1.71300000,1.72900000,1.70800000,1.71600000,77421.07000000,1775195999999999,133051.58894000,1672,29178.36000000,50148.22075000,0
1775196000000000,1.71700000,1.72400000,1.71400000,1.72100000,57510.99000000,1775199599999999,98867.90060000,869,27914.06000000,47991.54800000,0
1775199600000000,1.72200000,1.72200000,1.70700000,1.71300000,42020.90000000,1775203199999999,71946.45891000,644,15342.07000000,26253.54760000,0
1775203200000000,1.71300000,1.72000000,1.70800000,1.71500000,22261.77000000,1775206799999999,38130.96207000,398,11754.45000000,20129.38783000,0
1775206800000000,1.71500000,1.71600000,1.70900000,1.71500000,16875.70000000,1775210399999999,28906.80950000,288,7905.92000000,13544.21043000,0
1775210400000000,1.71500000,1.71800000,1.70300000,1.70400000,14358.33000000,1775213999999999,24543.17499000,359,5022.27000000,8587.58170000,0
1775214000000000,1.70400000,1.71700000,1.70400000,1.71300000,18984.90000000,1775217599999999,32474.67263000,313,11856.17000000,20277.62268000,0
1775217600000000,1.71200000,1.72200000,1.70500000,1.70600000,90131.44000000,1775221199999999,154279.43401000,914,42477.86000000,72807.34349000,0
1775221200000000,1.70500000,1.71200000,1.69500000,1.70200000,33757.83000000,1775224799999999,57479.07182000,526,16392.18000000,27918.89289000,0
1775224800000000,1.70200000,1.70200000,1.69100000,1.70000000,68351.97000000,1775228399999999,115833.63643000,600,15762.94000000,26738.45991000,0
1775228400000000,1.69900000,1.70600000,1.69600000,1.70500000,42268.13000000,1775231999999999,71897.05097000,505,20072.54000000,34170.02208000,0
1775232000000000,1.70500000,1.71800000,1.70500000,1.71200000,35992.57000000,1775235599999999,61595.15392000,413,15369.53000000,26313.16846000,0
1775235600000000,1.71200000,1.71800000,1.70600000,1.70700000,25615.37000000,1775239199999999,43827.09386000,305,9162.73000000,15680.20199000,0
1775239200000000,1.70700000,1.70900000,1.69900000,1.70100000,12264.32000000,1775242799999999,20897.53418000,204,5066.30000000,8640.26825000,0
1775242800000000,1.70000000,1.70000000,1.69300000,1.70000000,27560.74000000,1775246399999999,46778.17945000,286,16435.26000000,27905.24294000,0
1775246400000000,1.70000000,1.70400000,1.69800000,1.69900000,20899.51000000,1775249999999999,35540.31123000,221,11438.69000000,19452.36365000,0
1775250000000000,1.69900000,1.70400000,1.69800000,1.69800000,12478.64000000,1775253599999999,21234.17872000,174,7004.64000000,11922.84853000,0
1775253600000000,1.70000000,1.70000000,1.69100000,1.69200000,22059.61000000,1775257199999999,37392.08697000,344,7472.13000000,12671.76633000,0
1775257200000000,1.69200000,1.69200000,1.68700000,1.68800000,12656.69000000,1775260799999999,21369.00153000,201,3437.32000000,5803.76357000,0
1775260800000000,1.68800000,1.69400000,1.68500000,1.68500000,19702.80000000,1775264399999999,33265.41056000,240,12045.26000000,20337.15742000,0
1775264400000000,1.68400000,1.69000000,1.68300000,1.68800000,13669.38000000,1775267999999999,23053.79352000,220,9533.36000000,16078.19904000,0
1775268000000000,1.68700000,1.69100000,1.68100000,1.68400000,14880.33000000,1775271599999999,25091.92941000,214,8094.78000000,13660.02618000,0
1775271600000000,1.68500000,1.69700000,1.68500000,1.69600000,10394.10000000,1775275199999999,17578.29431000,144,4805.20000000,8126.81967000,0
1775275200000000,1.69600000,1.70000000,1.69200000,1.70000000,12216.28000000,1775278799999999,20727.90213000,201,9082.89000000,15413.05825000,0
1775278800000000,1.69900000,1.70000000,1.69300000,1.69400000,15673.45000000,1775282399999999,26599.73564000,188,8599.37000000,14596.71521000,0
1775282400000000,1.69300000,1.70300000,1.68800000,1.70300000,23479.30000000,1775285999999999,39815.31321000,308,16560.13000000,28097.48221000,0
1775286000000000,1.70300000,1.70300000,1.69500000,1.69800000,48651.52000000,1775289599999999,82591.72684000,431,14326.38000000,24333.30521000,0
1775289600000000,1.69800000,1.70200000,1.69300000,1.69500000,21167.26000000,1775293199999999,35904.27769000,211,17264.54000000,29282.20519000,0
1775293200000000,1.69600000,1.70000000,1.69300000,1.69700000,6683.34000000,1775296799999999,11340.90099000,162,2468.48000000,4188.39239000,0
1775296800000000,1.69700000,1.70300000,1.69500000,1.69900000,14123.43000000,1775300399999999,23976.07508000,236,6629.16000000,11254.91498000,0
1775300400000000,1.69800000,1.70200000,1.69700000,1.70200000,6714.64000000,1775303999999999,11412.76171000,146,5367.82000000,9124.53373000,0
1775304000000000,1.70300000,1.70700000,1.69400000,1.70000000,48900.79000000,1775307599999999,83121.84744000,422,20100.56000000,34171.78183000,0
1775307600000000,1.69900000,1.70400000,1.69700000,1.69800000,12516.22000000,1775311199999999,21279.04185000,222,7549.63000000,12833.12640000,0
1775311200000000,1.69700000,1.70600000,1.69300000,1.70500000,25347.55000000,1775314799999999,42995.15383000,303,6398.08000000,10861.03983000,0
1775314800000000,1.70600000,1.70900000,1.70000000,1.70300000,17555.16000000,1775318399999999,29931.60040000,299,11336.74000000,19335.07703000,0
1775318400000000,1.70300000,1.71000000,1.70200000,1.70200000,21770.38000000,1775321999999999,37161.34997000,398,13362.27000000,22809.18831000,0
1775322000000000,1.70300000,1.72100000,1.70300000,1.71500000,27836.73000000,1775325599999999,47717.02478000,364,21012.89000000,36022.16513000,0
1775325600000000,1.71400000,1.71900000,1.71300000,1.71500000,17492.02000000,1775329199999999,30009.45796000,237,10721.94000000,18395.45348000,0
1775329200000000,1.71600000,1.71700000,1.70300000,1.71100000,33294.03000000,1775332799999999,56988.44094000,404,16846.33000000,28843.89011000,0
1775332800000000,1.71100000,1.71100000,1.70300000,1.70300000,20183.50000000,1775336399999999,34462.47400000,241,13535.29000000,23110.16607000,0
1775336400000000,1.70200000,1.71400000,1.70200000,1.71200000,32444.97000000,1775339999999999,55442.04672000,258,21024.21000000,35944.30788000,0
1775340000000000,1.71200000,1.71600000,1.71000000,1.71100000,12802.58000000,1775343599999999,21931.63513000,170,4274.54000000,7321.64285000,0
1775343600000000,1.71200000,1.71400000,1.71000000,1.71300000,8684.85000000,1775347199999999,14869.79743000,96,5938.51000000,10168.51669000,0
1775347200000000,1.71300000,1.71800000,1.70800000,1.71100000,36301.70000000,1775350799999999,62182.38248000,335,15431.46000000,26436.43541000,0
1775350800000000,1.71200000,1.71300000,1.70800000,1.71000000,16509.32000000,1775354399999999,28241.69624000,193,6187.42000000,10586.85249000,0
1775354400000000,1.71000000,1.72000000,1.70900000,1.71500000,21805.63000000,1775357999999999,37429.12735000,217,11303.42000000,19399.06752000,0
1775358000000000,1.71500000,1.72200000,1.71500000,1.72200000,15132.36000000,1775361599999999,26021.89147000,144,7119.00000000,12243.31903000,0
1775361600000000,1.72100000,1.72500000,1.71100000,1.71200000,19307.58000000,1775365199999999,33162.79507000,274,11065.40000000,19002.33083000,0
1775365200000000,1.71100000,1.72000000,1.70600000,1.70600000,16773.86000000,1775368799999999,28724.09583000,322,6946.03000000,11906.55913000,0
1775368800000000,1.70500000,1.70700000,1.69400000,1.69800000,65653.46000000,1775372399999999,111531.07209000,768,30385.37000000,51597.13954000,0
1775372400000000,1.69800000,1.69900000,1.68800000,1.69200000,42598.14000000,1775375999999999,72095.93042000,498,19227.97000000,32540.70837000,0
1775376000000000,1.69100000,1.69300000,1.68700000,1.69100000,9926.65000000,1775379599999999,16776.58239000,165,2164.86000000,3658.95227000,0
1775379600000000,1.69200000,1.69200000,1.68400000,1.69000000,26114.35000000,1775383199999999,44031.96284000,198,5070.10000000,8552.35033000,0
1775383200000000,1.69000000,1.69200000,1.68300000,1.68700000,4119.68000000,1775386799999999,6945.78981000,113,1986.59000000,3351.21779000,0
1775386800000000,1.68500000,1.68800000,1.68200000,1.68700000,5390.51000000,1775390399999999,9083.24472000,118,2704.17000000,4557.35603000,0
1775390400000000,1.68700000,1.69100000,1.67600000,1.68100000,24792.11000000,1775393999999999,41732.16412000,325,13298.93000000,22388.59456000,0
1775394000000000,1.68000000,1.68400000,1.67400000,1.68000000,31288.70000000,1775397599999999,52498.69684000,348,13631.16000000,22870.58992000,0
1775397600000000,1.68100000,1.68600000,1.67700000,1.67900000,60951.99000000,1775401199999999,102504.67977000,518,39013.12000000,65594.52441000,0
1775401200000000,1.68000000,1.69100000,1.67600000,1.68400000,29287.80000000,1775404799999999,49330.99696000,367,22117.15000000,37262.35377000,0
1775404800000000,1.68300000,1.68600000,1.67000000,1.67300000,71293.98000000,1775408399999999,119576.82398000,578,23249.90000000,39023.40185000,0
1775408400000000,1.67200000,1.67800000,1.67100000,1.67500000,5700.55000000,1775411999999999,9542.31001000,113,2814.99000000,4713.57953000,0
1775412000000000,1.67600000,1.67600000,1.67000000,1.67100000,28128.56000000,1775415599999999,47073.44934000,255,9150.19000000,15319.62540000,0
1775415600000000,1.67100000,1.67700000,1.66700000,1.67400000,20117.69000000,1775419199999999,33631.90010000,242,8673.34000000,14500.79569000,0
1775419200000000,1.67400000,1.67500000,1.66800000,1.67100000,20853.12000000,1775422799999999,34850.36241000,194,14975.81000000,25021.63455000,0
1775422800000000,1.67200000,1.67500000,1.66600000,1.67000000,11414.13000000,1775426399999999,19043.14817000,153,4953.85000000,8265.79041000,0
1775426400000000,1.67100000,1.68200000,1.66800000,1.68100000,24940.23000000,1775429999999999,41796.17107000,333,17715.46000000,29692.31139000,0
1775430000000000,1.68200000,1.70000000,1.68000000,1.69800000,69119.21000000,1775433599999999,116880.05810000,720,34702.35000000,58687.98897000,0
1775433600000000,1.69800000,1.70700000,1.69700000,1.70000000,67981.57000000,1775437199999999,115684.66919000,732,26493.44000000,45097.18552000,0
1775437200000000,1.70100000,1.70300000,1.69200000,1.69300000,63358.85000000,1775440799999999,107565.74190000,873,16272.24000000,27626.82558000,0
1775440800000000,1.69300000,1.70700000,1.69300000,1.70600000,68045.84000000,1775444399999999,115844.00886000,779,29329.14000000,49938.15658000,0
1775444400000000,1.70700000,1.71100000,1.69600000,1.70300000,114256.67000000,1775447999999999,194534.95045000,799,35805.28000000,60987.50729000,0
1775448000000000,1.70500000,1.71200000,1.70400000,1.71000000,65575.97000000,1775451599999999,111946.35407000,541,15810.24000000,27001.67834000,0
1775451600000000,1.71000000,1.71400000,1.70700000,1.70900000,40094.16000000,1775455199999999,68559.06506000,420,21153.18000000,36169.89135000,0
1775455200000000,1.71000000,1.72000000,1.70300000,1.71700000,136782.57000000,1775458799999999,234132.70020000,1339,80387.23000000,137650.19386000,0
1775458800000000,1.71700000,1.73700000,1.71600000,1.73200000,93977.35000000,1775462399999999,162451.48759000,882,49821.63000000,86076.81755000,0
1775462400000000,1.73300000,1.75800000,1.73300000,1.74900000,119091.87000000,1775465999999999,208233.09799000,1084,75590.14000000,132191.67256000,0
1775466000000000,1.75000000,1.75400000,1.73600000,1.74700000,170691.36000000,1775469599999999,297743.30621000,1218,90610.23000000,158127.96252000,0
1775469600000000,1.74700000,1.75200000,1.72200000,1.74700000,196090.44000000,1775473199999999,341627.78711000,1306,58449.02000000,102011.53947000,0
1775473200000000,1.74800000,1.75100000,1.73100000,1.74000000,168887.64000000,1775476799999999,294031.70144000,965,32966.69000000,57410.27506000,0
1775476800000000,1.74100000,1.74800000,1.74000000,1.74400000,21906.30000000,1775480399999999,38225.70878000,289,11424.17000000,19940.91273000,0
1775480400000000,1.74500000,1.74500000,1.73000000,1.73300000,46409.96000000,1775483999999999,80583.34043000,482,16055.42000000,27869.70756000,0
1775484000000000,1.73200000,1.73800000,1.72200000,1.73200000,72751.43000000,1775487599999999,125773.66699000,606,25155.47000000,43521.70267000,0
1775487600000000,1.73200000,1.73700000,1.72400000,1.72600000,25043.36000000,1775491199999999,43248.80006000,312,12413.20000000,21437.67466000,0
1775491200000000,1.72600000,1.72600000,1.71700000,1.72300000,28930.18000000,1775494799999999,49792.42467000,284,11763.13000000,20259.93229000,0
1775494800000000,1.72200000,1.73200000,1.71900000,1.72200000,28355.93000000,1775498399999999,48899.13643000,440,15393.11000000,26551.67672000,0
1775498400000000,1.72200000,1.72600000,1.72100000,1.72300000,6087.66000000,1775501999999999,10484.82359000,124,4318.86000000,7438.37836000,0
1775502000000000,1.72200000,1.72400000,1.71200000,1.71400000,34154.46000000,1775505599999999,58655.53670000,358,15747.69000000,27036.83297000,0
1775505600000000,1.71300000,1.72200000,1.71300000,1.71600000,15986.68000000,1775509199999999,27473.30407000,244,4929.76000000,8476.18598000,0
1775509200000000,1.71500000,1.72000000,1.71400000,1.71700000,29879.61000000,1775512799999999,51327.65594000,296,17675.75000000,30372.73726000,0
1775512800000000,1.71600000,1.72000000,1.70500000,1.70500000,22557.21000000,1775516399999999,38626.27109000,345,8884.39000000,15230.22026000,0
1775516400000000,1.70500000,1.70600000,1.69700000,1.70300000,37225.27000000,1775519999999999,63316.11973000,552,17904.41000000,30464.76136000,0
1775520000000000,1.70200000,1.70700000,1.70000000,1.70300000,10084.75000000,1775523599999999,17177.57528000,216,5749.91000000,9794.02421000,0
1775523600000000,1.70200000,1.70700000,1.69400000,1.69500000,20429.52000000,1775527199999999,34719.29277000,225,9892.87000000,16818.31731000,0
1775527200000000,1.69400000,1.70100000,1.69200000,1.69700000,10595.35000000,1775530799999999,17980.35943000,167,3309.58000000,5617.82981000,0
1775530800000000,1.69800000,1.70200000,1.69800000,1.70000000,4153.05000000,1775534399999999,7058.59499000,177,2843.28000000,4832.55176000,0
1775534400000000,1.69900000,1.69900000,1.69300000,1.69500000,8428.85000000,1775537999999999,14293.89920000,254,4983.45000000,8453.22002000,0
1775538000000000,1.69500000,1.69600000,1.68600000,1.68900000,22497.47000000,1775541599999999,38024.46084000,475,7358.82000000,12438.23754000,0
1775541600000000,1.68800000,1.69400000,1.68700000,1.69100000,32755.02000000,1775545199999999,55327.23689000,330,20305.46000000,34301.86666000,0
1775545200000000,1.69000000,1.69200000,1.68700000,1.68800000,14875.04000000,1775548799999999,25127.44897000,192,9062.28000000,15311.46937000,0
1775548800000000,1.68700000,1.69000000,1.67700000,1.67900000,61406.38000000,1775552399999999,103251.55446000,489,21044.30000000,35410.42555000,0
1775552400000000,1.67900000,1.69100000,1.67600000,1.68800000,95924.74000000,1775555999999999,161680.62325000,560,55800.86000000,94093.80819000,0
1775556000000000,1.68800000,1.69100000,1.67600000,1.67700000,91915.67000000,1775559599999999,154574.36331000,644,29835.10000000,50210.87632000,0
1775559600000000,1.67700000,1.68700000,1.67400000,1.68400000,112959.87000000,1775563199999999,189927.92002000,777,70841.16000000,119188.25752000,0
1775563200000000,1.68400000,1.68800000,1.67400000,1.68800000,77693.89000000,1775566799999999,130695.25312000,536,43083.19000000,72537.27427000,0
1775566800000000,1.68700000,1.69300000,1.67700000,1.68300000,159074.41000000,1775570399999999,268007.57207000,889,56683.81000000,95659.58668000,0
1775570400000000,1.68200000,1.68500000,1.67500000,1.67800000,33415.22000000,1775573999999999,56136.01563000,315,10723.98000000,18017.14891000,0
1775574000000000,1.67700000,1.70600000,1.67700000,1.70400000,78581.26000000,1775577599999999,133145.76782000,807,41354.77000000,70080.42962000,0
1775577600000000,1.70500000,1.71700000,1.69900000,1.70100000,130361.97000000,1775581199999999,222714.51866000,1131,64630.72000000,110384.64138000,0
1775581200000000,1.70100000,1.71400000,1.69900000,1.71200000,41889.61000000,1775584799999999,71533.88401000,439,23701.96000000,40463.12074000,0
1775584800000000,1.71200000,1.72200000,1.71000000,1.71600000,17774.34000000,1775588399999999,30526.09289000,282,12547.16000000,21557.69182000,0
1775588400000000,1.71500000,1.72000000,1.71100000,1.71800000,17528.26000000,1775591999999999,30065.50085000,292,7649.03000000,13121.64071000,0
1775592000000000,1.71900000,1.72300000,1.71700000,1.71900000,14367.96000000,1775595599999999,24716.31641000,220,9794.41000000,16849.95130000,0
1775595600000000,1.71800000,1.75000000,1.71800000,1.74600000,88511.58000000,1775599199999999,153939.97826000,1221,50929.26000000,88532.53092000,0
1775599200000000,1.74600000,1.77300000,1.74000000,1.77200000,122419.04000000,1775602799999999,215223.80794000,1937,81033.73000000,142536.79677000,0
1775602800000000,1.77300000,1.80900000,1.76800000,1.80700000,154236.83000000,1775606399999999,276226.23065000,2643,93598.11000000,167594.80246000,0
1775606400000000,1.80600000,1.80900000,1.78100000,1.79300000,113642.63000000,1775609999999999,204313.35491000,1408,51536.29000000,92659.06968000,0
1775610000000000,1.79300000,1.80600000,1.78700000,1.79900000,94525.91000000,1775613599999999,169839.21148000,1357,47428.93000000,85246.37169000,0
1775613600000000,1.79900000,1.80200000,1.78800000,1.79500000,47825.20000000,1775617199999999,85907.37684000,751,33698.41000000,60552.26966000,0
1775617200000000,1.79600000,1.80100000,1.79100000,1.79400000,14422.51000000,1775620799999999,25890.84465000,234,9628.50000000,17283.51752000,0
1775620800000000,1.79300000,1.80000000,1.78700000,1.78800000,36811.45000000,1775624399999999,65992.94980000,485,22214.22000000,39827.40379000,0
1775624400000000,1.78900000,1.80500000,1.78700000,1.79700000,92253.25000000,1775627999999999,166053.04531000,908,53226.38000000,95786.87395000,0
1775628000000000,1.79600000,1.80500000,1.79300000,1.79400000,63015.01000000,1775631599999999,113317.36902000,691,40627.50000000,73052.80349000,0
1775631600000000,1.79500000,1.80100000,1.79000000,1.79500000,11410.60000000,1775635199999999,20475.93139000,265,4992.10000000,8963.19388000,0
1775635200000000,1.79600000,1.79600000,1.78800000,1.78900000,23684.77000000,1775638799999999,42440.70845000,354,8286.07000000,14851.22861000,0
1775638800000000,1.79000000,1.79100000,1.78600000,1.78800000,24931.10000000,1775642399999999,44588.37540000,366,11230.31000000,20093.59918000,0
1775642400000000,1.78800000,1.79500000,1.78400000,1.78400000,12417.00000000,1775645999999999,22239.76218000,263,8773.65000000,15721.53850000,0
1775646000000000,1.78300000,1.78600000,1.77600000,1.77800000,36291.75000000,1775649599999999,64631.72213000,599,14319.39000000,25521.19084000,0
1775649600000000,1.77900000,1.77900000,1.76600000,1.76800000,48731.88000000,1775653199999999,86274.55628000,642,25880.37000000,45819.67789000,0
1775653200000000,1.76800000,1.78100000,1.76500000,1.76700000,38384.93000000,1775656799999999,67942.79028000,559,15481.74000000,27421.05162000,0
1775656800000000,1.76800000,1.76900000,1.75100000,1.75400000,44059.35000000,1775660399999999,77574.53067000,527,24301.35000000,42793.14768000,0
1775660400000000,1.75400000,1.79700000,1.75300000,1.79600000,113496.16000000,1775663999999999,202295.36568000,1237,64678.68000000,115212.06587000,0
1775664000000000,1.79600000,1.80100000,1.77600000,1.78700000,81612.18000000,1775667599999999,146355.47151000,697,41023.50000000,73573.44866000,0
1775667600000000,1.78600000,1.79500000,1.78200000,1.78500000,37660.10000000,1775671199999999,67412.67184000,531,20764.84000000,37173.86702000,0
1775671200000000,1.78400000,1.79400000,1.78000000,1.78600000,22512.73000000,1775674799999999,40262.10719000,447,10142.73000000,18139.29360000,0
1775674800000000,1.78700000,1.79000000,1.78100000,1.78800000,19916.49000000,1775678399999999,35562.41002000,367,14166.94000000,25290.11967000,0
1775678400000000,1.78900000,1.79000000,1.76900000,1.77200000,55759.25000000,1775681999999999,98967.09704000,662,20772.82000000,36873.00977000,0
1775682000000000,1.77300000,1.79600000,1.77300000,1.78700000,68790.42000000,1775685599999999,122942.81174000,636,51556.17000000,92121.42700000,0
1775685600000000,1.78700000,1.79100000,1.78000000,1.78400000,24055.69000000,1775689199999999,42953.29448000,364,11560.13000000,20644.49293000,0
1775689200000000,1.78300000,1.79400000,1.77700000,1.77900000,46797.58000000,1775692799999999,83435.26502000,582,21529.93000000,38388.19916000,0
1775692800000000,1.78000000,1.79100000,1.76700000,1.77500000,63308.90000000,1775696399999999,112717.02204000,858,27803.38000000,49482.34054000,0
1775696400000000,1.77400000,1.78000000,1.76200000,1.77800000,51343.20000000,1775699999999999,90929.86056000,878,32250.49000000,57119.98681000,0
1775700000000000,1.77900000,1.78800000,1.77700000,1.78300000,30375.09000000,1775703599999999,54137.96966000,610,25118.28000000,44771.22495000,0
1775703600000000,1.78200000,1.79000000,1.78000000,1.78500000,36634.45000000,1775707199999999,65432.49036000,436,17266.64000000,30849.27263000,0
1775707200000000,1.78500000,1.79800000,1.78300000,1.78500000,87343.34000000,1775710799999999,156449.90822000,971,57785.25000000,103522.47531000,0
1775710800000000,1.78500000,1.79400000,1.77700000,1.78900000,42627.46000000,1775714399999999,75987.24720000,414,23226.19000000,41439.83118000,0
1775714400000000,1.79000000,1.79600000,1.78900000,1.79500000,17992.14000000,1775717999999999,32249.67900000,355,13568.80000000,24321.85760000,0
1775718000000000,1.79600000,1.79900000,1.78900000,1.79300000,23319.54000000,1775721599999999,41845.18248000,395,11922.57000000,21416.01814000,0
1775721600000000,1.79200000,1.80400000,1.78600000,1.78600000,55356.68000000,1775725199999999,99458.24849000,631,32439.40000000,58349.60301000,0
1775725200000000,1.78500000,1.80000000,1.78200000,1.79900000,28064.20000000,1775728799999999,50261.32547000,356,15561.05000000,27883.06560000,0
1775728800000000,1.79800000,1.80100000,1.79000000,1.79400000,49030.06000000,1775732399999999,88003.25903000,427,16315.77000000,29295.42462000,0
1775732400000000,1.79300000,1.79600000,1.77700000,1.78500000,228579.00000000,1775735999999999,407840.90968000,2164,119991.97000000,214212.47186000,0
1775736000000000,1.78600000,1.78800000,1.77800000,1.78100000,20946.93000000,1775739599999999,37326.18522000,288,12192.76000000,21720.85211000,0
1775739600000000,1.78000000,1.79000000,1.77600000,1.79000000,35969.80000000,1775743199999999,64082.91934000,475,21116.98000000,37616.56899000,0
1775743200000000,1.79000000,1.79400000,1.77800000,1.78800000,30456.12000000,1775746799999999,54437.84488000,464,18682.14000000,33406.07850000,0
1775746800000000,1.78900000,1.82800000,1.78000000,1.81500000,183914.22000000,1775750399999999,333428.33877000,1953,91542.31000000,165875.52082000,0
1775750400000000,1.81600000,1.82500000,1.80500000,1.80600000,76363.48000000,1775753999999999,138573.76377000,1004,44419.28000000,80666.03354000,0
1775754000000000,1.80600000,1.81100000,1.79800000,1.80200000,52640.07000000,1775757599999999,94966.75523000,544,11427.26000000,20621.44193000,0
1775757600000000,1.80100000,1.80100000,1.79300000,1.79700000,35863.18000000,1775761199999999,64410.02773000,446,8698.32000000,15624.59545000,0
1775761200000000,1.79800000,1.81400000,1.79700000,1.80800000,25585.29000000,1775764799999999,46254.32878000,470,18636.22000000,33697.00735000,0
1775764800000000,1.80700000,1.81100000,1.79800000,1.80800000,45793.23000000,1775768399999999,82706.92986000,562,18255.02000000,32963.58367000,0
1775768400000000,1.80800000,1.81400000,1.80500000,1.80800000,23082.65000000,1775771999999999,41752.25267000,272,15021.29000000,27170.18776000,0
1775772000000000,1.80700000,1.82600000,1.80600000,1.81200000,90312.41000000,1775775599999999,164010.28507000,1038,60543.72000000,110006.52265000,0
1775775600000000,1.81200000,1.81500000,1.79900000,1.80100000,37914.79000000,1775779199999999,68526.62109000,506,19911.38000000,36002.53150000,0
1775779200000000,1.80200000,1.81800000,1.79300000,1.81100000,99354.15000000,1775782799999999,179472.78905000,1209,51802.96000000,93598.41634000,0
1775782800000000,1.80900000,1.82000000,1.80000000,1.81700000,51373.02000000,1775786399999999,93034.30435000,634,36421.25000000,65994.19963000,0
1775786400000000,1.81800000,1.82200000,1.81100000,1.81300000,24950.72000000,1775789999999999,45345.98880000,354,15799.36000000,28721.09083000,0
1775790000000000,1.81200000,1.82000000,1.80500000,1.81800000,93271.60000000,1775793599999999,169057.75054000,864,65809.94000000,119286.85471000,0
1775793600000000,1.81900000,1.84500000,1.81600000,1.83700000,102877.14000000,1775797199999999,188594.75563000,1302,69296.36000000,126970.24186000,0
1775797200000000,1.83800000,1.84100000,1.82800000,1.83700000,48755.01000000,1775800799999999,89471.06196000,917,28970.16000000,53169.20488000,0
1775800800000000,1.83700000,1.83800000,1.82100000,1.82400000,58436.23000000,1775804399999999,106940.70965000,752,29573.78000000,54130.86906000,0
1775804400000000,1.82400000,1.82700000,1.81800000,1.82500000,28044.27000000,1775807999999999,51138.66149000,580,18359.47000000,33484.05212000,0
1775808000000000,1.82500000,1.83100000,1.82000000,1.83000000,28799.52000000,1775811599999999,52563.98197000,602,19499.43000000,35585.56172000,0
1775811600000000,1.82900000,1.83000000,1.81300000,1.81800000,42690.10000000,1775815199999999,77710.75871000,679,13909.22000000,25333.94224000,0
1775815200000000,1.81700000,1.82600000,1.81600000,1.82400000,42326.43000000,1775818799999999,77124.73278000,711,17233.08000000,31402.78994000,0
1775818800000000,1.82400000,1.82700000,1.81500000,1.81900000,28507.38000000,1775822399999999,51948.96757000,550,14862.09000000,27076.42473000,0
1775822400000000,1.81900000,1.83200000,1.81800000,1.83100000,59383.66000000,1775825999999999,108296.26161000,772,36542.44000000,66652.58927000,0
1775826000000000,1.83000000,1.84000000,1.82800000,1.83800000,41866.98000000,1775829599999999,76817.48787000,582,25012.34000000,45901.99891000,0
1775829600000000,1.83700000,1.84500000,1.83100000,1.84300000,114050.35000000,1775833199999999,209931.37156000,1220,67374.66000000,124024.74526000,0
1775833200000000,1.84300000,1.84500000,1.82600000,1.83300000,46312.51000000,1775836799999999,84967.38811000,814,22447.13000000,41208.28517000,0
1775836800000000,1.83200000,1.84000000,1.82200000,1.82200000,44947.69000000,1775840399999999,82153.97095000,694,24780.09000000,45298.11119000,0
1775840400000000,1.82300000,1.82500000,1.81600000,1.81800000,20865.64000000,1775843999999999,37969.78172000,475,8140.15000000,14813.49977000,0
1775844000000000,1.81800000,1.82700000,1.81400000,1.82600000,21753.87000000,1775847599999999,39586.54021000,469,12393.66000000,22569.50430000,0
1775847600000000,1.82600000,1.83100000,1.82300000,1.82800000,22458.28000000,1775851199999999,41017.67049000,400,14124.06000000,25798.98209000,0
1775851200000000,1.82600000,1.82800000,1.81600000,1.82300000,52816.68000000,1775854799999999,96289.44730000,659,21481.07000000,39170.32634000,0
1775854800000000,1.82300000,1.82400000,1.80800000,1.81100000,62471.64000000,1775858399999999,113208.93171000,619,37080.04000000,67159.73817000,0
1775858400000000,1.81100000,1.81200000,1.80500000,1.80900000,18400.92000000,1775861999999999,33284.78730000,356,10795.18000000,19531.28919000,0
1775862000000000,1.81000000,1.81200000,1.80300000,1.80600000,15801.17000000,1775865599999999,28542.62676000,265,7372.21000000,13325.37434000,0
1775865600000000,1.80700000,1.80800000,1.79400000,1.79900000,29389.66000000,1775869199999999,52908.09412000,521,17931.47000000,32296.31269000,0
1775869200000000,1.79900000,1.80100000,1.79400000,1.79800000,13380.01000000,1775872799999999,24040.67317000,232,6033.33000000,10846.38332000,0
1775872800000000,1.79800000,1.80000000,1.79400000,1.79600000,14289.78000000,1775876399999999,25683.46188000,216,7430.51000000,13355.16592000,0
1775876400000000,1.79700000,1.79800000,1.78700000,1.79400000,25938.15000000,1775879999999999,46490.49371000,312,8928.12000000,16008.24136000,0
1775880000000000,1.79400000,1.79600000,1.78800000,1.79100000,23407.48000000,1775883599999999,41957.94257000,275,10604.36000000,19009.29981000,0
1775883600000000,1.79000000,1.79900000,1.78700000,1.79300000,18468.50000000,1775887199999999,33131.24383000,266,9230.61000000,16561.53346000,0
1775887200000000,1.79300000,1.79600000,1.78800000,1.79600000,11617.04000000,1775890799999999,20819.61026000,128,4926.32000000,8841.04468000,0
1775890800000000,1.79600000,1.79800000,1.79000000,1.79400000,23272.98000000,1775894399999999,41733.83458000,299,11369.73000000,20396.39292000,0
1775894400000000,1.79400000,1.79400000,1.78500000,1.78600000,28620.71000000,1775897999999999,51212.28828000,341,15985.65000000,28606.65015000,0
1775898000000000,1.78500000,1.78900000,1.78200000,1.78300000,34306.13000000,1775901599999999,61220.22497000,491,20398.28000000,36406.11403000,0
1775901600000000,1.78300000,1.78400000,1.77400000,1.77700000,20339.80000000,1775905199999999,36169.27598000,497,9294.16000000,16531.57373000,0
1775905200000000,1.77700000,1.78700000,1.77600000,1.78600000,12862.11000000,1775908799999999,22922.63564000,302,10210.13000000,18194.36726000,0
1775908800000000,1.78500000,1.78500000,1.77800000,1.77800000,16704.62000000,1775912399999999,29755.01685000,321,7544.45000000,13437.51730000,0
1775912400000000,1.77900000,1.78200000,1.76900000,1.78000000,28073.72000000,1775915999999999,49794.65423000,449,16066.17000000,28501.58913000,0
1775916000000000,1.77900000,1.78000000,1.76600000,1.77000000,38762.70000000,1775919599999999,68637.85076000,511,24914.22000000,44125.71754000,0
1775919600000000,1.77100000,1.77300000,1.76600000,1.77300000,29587.70000000,1775923199999999,52365.24488000,449,18890.78000000,33439.06348000,0
1775923200000000,1.77300000,1.78500000,1.76900000,1.78300000,44415.02000000,1775926799999999,78885.49602000,537,29391.40000000,52229.91312000,0
1775926800000000,1.78200000,1.78400000,1.77100000,1.77100000,19717.45000000,1775930399999999,35012.70160000,450,12317.27000000,21879.17905000,0
1775930400000000,1.77100000,1.78800000,1.76800000,1.78200000,47898.64000000,1775933999999999,85150.64172000,803,26244.85000000,46656.40482000,0
1775934000000000,1.78200000,1.78700000,1.77900000,1.78100000,25788.43000000,1775937599999999,45970.08079000,340,18346.38000000,32712.72292000,0
1775937600000000,1.78200000,1.78400000,1.77500000,1.77800000,23469.77000000,1775941199999999,41783.20016000,472,10845.68000000,19318.63146000,0
1775941200000000,1.77700000,1.78500000,1.77700000,1.78300000,24430.79000000,1775944799999999,43536.99056000,359,15056.25000000,26841.43303000,0
1775944800000000,1.78200000,1.78700000,1.77700000,1.78000000,23964.70000000,1775948399999999,42718.37221000,395,10396.74000000,18539.72402000,0
1775948400000000,1.77900000,1.78300000,1.77300000,1.77800000,26425.56000000,1775951999999999,46954.33735000,472,10581.65000000,18809.80967000,0
1775952000000000,1.77800000,1.78300000,1.77300000,1.78300000,13909.12000000,1775955599999999,24731.91311000,273,7580.25000000,13486.28715000,0
1775955600000000,1.78400000,1.78700000,1.75500000,1.76000000,73255.78000000,1775959199999999,129368.97711000,1066,27270.36000000,48161.76352000,0
1775959200000000,1.75900000,1.76300000,1.74900000,1.75100000,41349.00000000,1775962799999999,72538.08575000,646,24757.26000000,43444.27295000,0
1775962800000000,1.75000000,1.75300000,1.74500000,1.74500000,15124.24000000,1775966399999999,26457.50532000,238,10109.05000000,17686.78291000,0
1775966400000000,1.74500000,1.74700000,1.74000000,1.74300000,16081.63000000,1775969999999999,28036.98714000,305,11138.50000000,19419.72742000,0
1775970000000000,1.74200000,1.75000000,1.73700000,1.74800000,33751.20000000,1775973599999999,58838.17989000,396,26308.09000000,45874.67893000,0
1775973600000000,1.74800000,1.75000000,1.74500000,1.74900000,14163.54000000,1775977199999999,24748.95742000,275,9914.50000000,17325.42083000,0
1775977200000000,1.74800000,1.74800000,1.74000000,1.74500000,17432.89000000,1775980799999999,30407.72598000,242,9481.21000000,16539.12874000,0
1775980800000000,1.74400000,1.74600000,1.74200000,1.74300000,11183.43000000,1775984399999999,19499.97254000,192,6555.45000000,11431.47011000,0
1775984400000000,1.74300000,1.74300000,1.73600000,1.73600000,23803.85000000,1775987999999999,41426.16810000,330,11449.07000000,19929.94344000,0
1775988000000000,1.73700000,1.73800000,1.72600000,1.72800000,46313.17000000,1775991599999999,80239.19522000,523,18393.49000000,31884.44861000,0
1775991600000000,1.72700000,1.73100000,1.72100000,1.73100000,16615.68000000,1775995199999999,28686.78504000,276,8924.12000000,15411.24083000,0
1775995200000000,1.73000000,1.74200000,1.72700000,1.73500000,40917.18000000,1775998799999999,70946.19168000,533,32211.58000000,55847.57475000,0
1775998800000000,1.73400000,1.73900000,1.72700000,1.72700000,35149.95000000,1776002399999999,60967.17479000,454,24098.02000000,41824.98111000,0
1776002400000000,1.72700000,1.73100000,1.72300000,1.72500000,18171.50000000,1776005999999999,31378.03896000,273,8988.84000000,15529.02377000,0
1776006000000000,1.72600000,1.73000000,1.71900000,1.72600000,31114.68000000,1776009599999999,53671.10515000,554,22240.90000000,38379.58431000,0
1776009600000000,1.72600000,1.73100000,1.71900000,1.73000000,50030.15000000,1776013199999999,86253.47019000,668,33359.33000000,57513.68959000,0
1776013200000000,1.72900000,1.74800000,1.72900000,1.74800000,19491.31000000,1776016799999999,33933.58861000,321,14239.88000000,24804.93292000,0
1776016800000000,1.74900000,1.75000000,1.74400000,1.74500000,9882.16000000,1776020399999999,17273.50871000,214,5580.27000000,9756.40388000,0
1776020400000000,1.74500000,1.74500000,1.73700000,1.73900000,10684.60000000,1776023999999999,18605.18556000,229,4393.22000000,7650.36128000,0
1776024000000000,1.73900000,1.74500000,1.73800000,1.74100000,13895.71000000,1776027599999999,24179.22938000,252,3598.66000000,6265.20237000,0
1776027600000000,1.74200000,1.74400000,1.73600000,1.74200000,13198.82000000,1776031199999999,22958.95958000,194,7731.27000000,13454.81514000,0
1776031200000000,1.74200000,1.74200000,1.72600000,1.72800000,22223.84000000,1776034799999999,38468.91918000,416,7966.67000000,13787.63128000,0
1776034800000000,1.72700000,1.72800000,1.72200000,1.72300000,5536.65000000,1776038399999999,9548.60549000,144,2346.33000000,4047.45282000,0
1776038400000000,1.72300000,1.73500000,1.72300000,1.72600000,14466.83000000,1776041999999999,25012.27067000,257,6734.86000000,11647.31767000,0
1776042000000000,1.72700000,1.73600000,1.72500000,1.73200000,13620.87000000,1776045599999999,23569.29000000,186,8303.89000000,14377.48846000,0
1776045600000000,1.73200000,1.73300000,1.72800000,1.73200000,10944.86000000,1776049199999999,18948.62975000,191,3354.55000000,5807.92503000,0
1776049200000000,1.73200000,1.73500000,1.72900000,1.73200000,3884.40000000,1776052799999999,6727.47815000,103,1259.34000000,2181.53630000,0
1776052800000000,1.73100000,1.73700000,1.72400000,1.72700000,18935.17000000,1776056399999999,32761.94901000,352,7665.13000000,13273.88166000,0
1776056400000000,1.72700000,1.73500000,1.72400000,1.73300000,21703.11000000,1776059999999999,37529.80255000,336,12873.87000000,22259.48203000,0
1776060000000000,1.73300000,1.74100000,1.73100000,1.73100000,24739.43000000,1776063599999999,42962.73048000,288,7772.80000000,13506.70188000,0
1776063600000000,1.73000000,1.73100000,1.72200000,1.72500000,16866.61000000,1776067199999999,29114.28076000,252,6167.18000000,10649.72449000,0
1776067200000000,1.72500000,1.72500000,1.70900000,1.71200000,33121.70000000,1776070799999999,56816.96963000,574,13835.12000000,23728.90993000,0
1776070800000000,1.71200000,1.72200000,1.71200000,1.72200000,23232.57000000,1776074399999999,39856.97275000,438,12655.95000000,21709.20746000,0
1776074400000000,1.72100000,1.73000000,1.71600000,1.72600000,51948.17000000,1776077999999999,89574.35789000,643,45155.58000000,77879.89091000,0
1776078000000000,1.72600000,1.73900000,1.72300000,1.72600000,227880.33000000,1776081599999999,394428.61595000,2103,138030.77000000,239091.77896000,0
1776081600000000,1.72700000,1.74000000,1.72400000,1.73900000,43733.32000000,1776085199999999,75768.21341000,538,27177.72000000,47062.96730000,0
1776085200000000,1.74000000,1.75500000,1.73600000,1.75500000,93008.79000000,1776088799999999,162249.11974000,578,23747.57000000,41467.32144000,0
1776088800000000,1.75400000,1.75600000,1.74300000,1.75000000,114540.89000000,1776092399999999,200204.70065000,848,22669.37000000,39611.35424000,0
1776092400000000,1.75000000,1.75100000,1.73000000,1.73200000,99425.96000000,1776095999999999,173126.46182000,908,40250.94000000,70133.92606000,0
1776096000000000,1.73100000,1.73600000,1.72100000,1.73300000,82698.11000000,1776099599999999,142875.90310000,1039,38001.04000000,65681.47886000,0
1776099600000000,1.73300000,1.74100000,1.72900000,1.73500000,34153.60000000,1776103199999999,59253.54517000,439,16859.71000000,29253.16023000,0
1776103200000000,1.73400000,1.73800000,1.72700000,1.73200000,32567.13000000,1776106799999999,56401.30522000,368,8830.96000000,15302.97238000,0
1776106800000000,1.73200000,1.73800000,1.72400000,1.73600000,52342.78000000,1776110399999999,90602.42554000,645,21255.50000000,36790.52667000,0
1776110400000000,1.73600000,1.73900000,1.73000000,1.73500000,37827.34000000,1776113999999999,65600.40441000,414,21308.82000000,36959.46096000,0
1776114000000000,1.73600000,1.74800000,1.73300000,1.74600000,34195.83000000,1776117599999999,59613.63369000,398,25036.91000000,43645.73641000,0
1776117600000000,1.74600000,1.77700000,1.74500000,1.77600000,81223.99000000,1776121199999999,143362.58583000,1130,60029.53000000,105929.49283000,0
1776121200000000,1.77500000,1.78800000,1.77000000,1.77900000,93071.79000000,1776124799999999,165504.42926000,1019,51185.07000000,91021.04918000,0
1776124800000000,1.77900000,1.78300000,1.76100000,1.76200000,53525.57000000,1776128399999999,94561.74756000,644,22162.36000000,39140.39452000,0
1776128400000000,1.76300000,1.77200000,1.75400000,1.75900000,99947.90000000,1776131999999999,176125.26794000,1208,66660.68000000,117542.61505000,0
1776132000000000,1.75900000,1.76000000,1.75300000,1.75700000,28831.59000000,1776135599999999,50650.17146000,483,12563.49000000,22074.02820000,0
1776135600000000,1.75600000,1.76000000,1.75300000,1.75900000,14806.30000000,1776139199999999,26011.92008000,270,8941.17000000,15712.62161000,0
1776139200000000,1.76000000,1.76500000,1.75900000,1.76200000,16423.83000000,1776142799999999,28945.21060000,317,9237.60000000,16282.26068000,0
1776142800000000,1.76200000,1.76600000,1.75500000,1.76100000,49526.81000000,1776146399999999,87244.70137000,457,38342.91000000,67551.88890000,0
1776146400000000,1.76200000,1.76700000,1.75800000,1.76500000,25801.53000000,1776149999999999,45543.09776000,288,11301.49000000,19949.88329000,0
1776150000000000,1.76500000,1.77200000,1.76300000,1.76800000,46967.11000000,1776153599999999,83008.43789000,544,30710.81000000,54279.98475000,0
1776153600000000,1.76800000,1.77500000,1.76600000,1.77200000,21129.71000000,1776157199999999,37424.30509000,324,12183.05000000,21584.59062000,0
1776157200000000,1.77200000,1.77500000,1.76400000,1.76500000,109659.13000000,1776160799999999,193928.75340000,716,43294.63000000,76630.71799000,0
1776160800000000,1.76400000,1.76400000,1.75300000,1.75900000,152809.44000000,1776164399999999,268693.97542000,1026,80240.82000000,141151.54550000,0
1776164400000000,1.75700000,1.76900000,1.75700000,1.76900000,18185.51000000,1776167999999999,32053.58167000,254,7427.71000000,13098.39615000,0
1776168000000000,1.76900000,1.77000000,1.76400000,1.76900000,36091.20000000,1776171599999999,63791.53453000,376,17107.25000000,30239.27424000,0
1776171600000000,1.77000000,1.78300000,1.77000000,1.78000000,70025.45000000,1776175199999999,124386.16042000,646,46720.08000000,82990.45217000,0
1776175200000000,1.78000000,1.78400000,1.77100000,1.77200000,61064.92000000,1776178799999999,108561.03658000,710,26512.08000000,47164.70908000,0
1776178800000000,1.77100000,1.77300000,1.75300000,1.75300000,75927.82000000,1776182399999999,133759.93452000,781,27297.99000000,48127.93375000,0
1776182400000000,1.75200000,1.76500000,1.75100000,1.75800000,24121.44000000,1776185999999999,42396.71896000,394,13682.41000000,24056.65853000,0
1776186000000000,1.75800000,1.76200000,1.75300000,1.75600000,37069.77000000,1776189599999999,65116.34509000,450,17458.04000000,30675.02444000,0
1776189600000000,1.75600000,1.76100000,1.73600000,1.74200000,57620.34000000,1776193199999999,100484.41625000,593,23789.12000000,41501.64648000,0
1776193200000000,1.74200000,1.74800000,1.74100000,1.74600000,10799.77000000,1776196799999999,18848.31803000,189,6912.93000000,12066.08754000,0
1776196800000000,1.74700000,1.74700000,1.73900000,1.74100000,20229.79000000,1776200399999999,35272.63465000,226,12512.11000000,21818.15119000,0
1776200400000000,1.74100000,1.74900000,1.74100000,1.74700000,10651.69000000,1776203999999999,18582.57321000,207,6240.24000000,10886.85384000,0
1776204000000000,1.74700000,1.75300000,1.74200000,1.74500000,9673.29000000,1776207599999999,16898.27244000,212,3733.59000000,6527.78977000,0
1776207600000000,1.74400000,1.74900000,1.74000000,1.74400000,8038.89000000,1776211199999999,14017.56947000,163,3362.52000000,5858.10120000,0
1776211200000000,1.74500000,1.75200000,1.74200000,1.74400000,21615.13000000,1776214799999999,37763.84881000,492,6835.89000000,11937.18326000,0
1776214800000000,1.74200000,1.75000000,1.74200000,1.74700000,5486.90000000,1776218399999999,9582.53677000,116,2986.29000000,5214.83835000,0
1776218400000000,1.74700000,1.75400000,1.74600000,1.74900000,15647.88000000,1776221999999999,27391.87724000,287,9863.14000000,17265.87759000,0
1776222000000000,1.75000000,1.75200000,1.74400000,1.75100000,10120.99000000,1776225599999999,17695.71726000,122,7462.23000000,13045.22873000,0
1776225600000000,1.75100000,1.75800000,1.75100000,1.75600000,19733.03000000,1776229199999999,34607.90344000,187,9746.72000000,17102.12822000,0
1776229200000000,1.75700000,1.75900000,1.74300000,1.74800000,32173.61000000,1776232799999999,56276.14188000,291,19400.11000000,33958.97147000,0
1776232800000000,1.74800000,1.74900000,1.73900000,1.74000000,56769.07000000,1776236399999999,98982.88147000,338,22918.22000000,39970.94859000,0
1776236400000000,1.74000000,1.74200000,1.72900000,1.73300000,27058.63000000,1776239999999999,46955.79831000,305,9107.54000000,15810.00307000,0
1776240000000000,1.73400000,1.74400000,1.73300000,1.74000000,23859.94000000,1776243599999999,41527.90163000,297,17784.08000000,30958.73678000,0
1776243600000000,1.74000000,1.74500000,1.73700000,1.74300000,31737.66000000,1776247199999999,55311.24182000,315,23521.60000000,40995.84525000,0
1776247200000000,1.74300000,1.75100000,1.73800000,1.73800000,83560.82000000,1776250799999999,145764.76416000,1029,17606.14000000,30754.91448000,0
1776250800000000,1.73900000,1.75800000,1.73900000,1.75000000,45387.37000000,1776254399999999,79474.85822000,454,31586.46000000,55326.05881000,0
1776254400000000,1.75000000,1.75500000,1.74700000,1.75400000,10349.15000000,1776257999999999,18119.83546000,192,3625.03000000,6347.35833000,0
1776258000000000,1.75400000,1.76700000,1.75400000,1.75800000,86326.45000000,1776261599999999,152014.63751000,974,44448.71000000,78267.08624000,0
1776261600000000,1.75700000,1.76600000,1.75600000,1.76200000,36326.68000000,1776265199999999,63989.18101000,422,26016.04000000,45840.47544000,0
1776265200000000,1.76200000,1.76600000,1.72800000,1.73200000,78826.13000000,1776268799999999,137347.29803000,1325,41179.45000000,71735.78431000,0
1776268800000000,1.73200000,1.75700000,1.73100000,1.75300000,49947.19000000,1776272399999999,87091.25693000,573,38779.01000000,67607.25234000,0
1776272400000000,1.75300000,1.76000000,1.75000000,1.75400000,35770.89000000,1776275999999999,62739.33488000,394,12818.75000000,22503.70138000,0
1776276000000000,1.75300000,1.75700000,1.75200000,1.75600000,6948.99000000,1776279599999999,12188.64272000,161,3938.48000000,6909.26230000,0
1776279600000000,1.75500000,1.76900000,1.75400000,1.76600000,47600.04000000,1776283199999999,83921.83827000,460,31027.88000000,54720.04188000,0
1776283200000000,1.76600000,1.77600000,1.76500000,1.77000000,24017.94000000,1776286799999999,42521.34130000,375,12481.42000000,22105.09952000,0
1776286800000000,1.76900000,1.77500000,1.76100000,1.77400000,14951.33000000,1776290399999999,26403.12365000,222,3187.04000000,5628.27229000,0
1776290400000000,1.77400000,1.77700000,1.76600000,1.76600000,20532.25000000,1776293999999999,36393.08185000,247,13958.01000000,24747.27973000,0
1776294000000000,1.76600000,1.76800000,1.76300000,1.76700000,18273.16000000,1776297599999999,32243.14486000,241,5304.46000000,9359.24099000,0
1776297600000000,1.76700000,1.76700000,1.75600000,1.76500000,49828.82000000,1776301199999999,87791.46865000,502,23982.19000000,42244.23483000,0
1776301200000000,1.76600000,1.76700000,1.75900000,1.76600000,12551.15000000,1776304799999999,22129.40227000,249,6800.74000000,11992.02859000,0
1776304800000000,1.76700000,1.78000000,1.76700000,1.77300000,36608.72000000,1776308399999999,64992.65080000,426,25423.23000000,45142.67169000,0
1776308400000000,1.77300000,1.79000000,1.77200000,1.78900000,47091.31000000,1776311999999999,83951.63820000,538,26440.01000000,47139.17422000,0
1776312000000000,1.79000000,1.80000000,1.78800000,1.79700000,39830.91000000,1776315599999999,71501.69791000,572,17114.52000000,30726.74783000,0
1776315600000000,1.79600000,1.80300000,1.78900000,1.79600000,52697.26000000,1776319199999999,94708.14760000,541,28968.86000000,52092.95523000,0
1776319200000000,1.79600000,1.80100000,1.79300000,1.80100000,56301.25000000,1776322799999999,101260.69256000,380,32538.07000000,58522.50854000,0
1776322800000000,1.80000000,1.80700000,1.79800000,1.80000000,59133.15000000,1776326399999999,106651.44644000,609,34722.02000000,62631.63317000,0
1776326400000000,1.79900000,1.80100000,1.79300000,1.79700000,14705.55000000,1776329999999999,26428.02316000,287,7402.04000000,13305.72063000,0
1776330000000000,1.79600000,1.80300000,1.79200000,1.79400000,34222.55000000,1776333599999999,61580.01908000,340,27739.65000000,49932.33477000,0
1776333600000000,1.79500000,1.80000000,1.78600000,1.78600000,53734.91000000,1776337199999999,96304.19711000,550,6297.91000000,11289.45631000,0
1776337200000000,1.78600000,1.79100000,1.78400000,1.78900000,27493.64000000,1776340799999999,49151.11811000,407,13570.32000000,24268.65260000,0
1776340800000000,1.78900000,1.80100000,1.78900000,1.79700000,17249.46000000,1776344399999999,31008.14353000,323,8598.10000000,15452.45967000,0
1776344400000000,1.79800000,1.82400000,1.79200000,1.80500000,183275.77000000,1776347999999999,332129.98773000,2621,79609.71000000,144303.84800000,0
1776348000000000,1.80500000,1.80500000,1.78100000,1.78600000,58764.14000000,1776351599999999,105187.28421000,849,29906.66000000,53545.73556000,0
1776351600000000,1.78600000,1.80300000,1.76900000,1.77100000,133712.21000000,1776355199999999,238232.73640000,1851,76963.33000000,137171.75817000,0
1776355200000000,1.77100000,1.79100000,1.77100000,1.77500000,97784.80000000,1776358799999999,174027.33394000,1281,53558.99000000,95342.27583000,0
1776358800000000,1.77500000,1.79000000,1.76800000,1.78700000,74213.56000000,1776362399999999,131921.39800000,1057,44286.93000000,78738.67620000,0
1776362400000000,1.78800000,1.81500000,1.78700000,1.81200000,94523.50000000,1776365999999999,170196.96836000,956,65783.92000000,118402.35442000,0
1776366000000000,1.81200000,1.82000000,1.80900000,1.82000000,85822.89000000,1776369599999999,155637.72711000,779,56080.97000000,101693.13088000,0
1776369600000000,1.82000000,1.82200000,1.80600000,1.80800000,57510.22000000,1776373199999999,104213.56727000,662,28304.61000000,51289.53159000,0
1776373200000000,1.80800000,1.81100000,1.79400000,1.80900000,57560.08000000,1776376799999999,103757.42965000,736,33806.60000000,60959.82934000,0
1776376800000000,1.81100000,1.81500000,1.80700000,1.80900000,29174.90000000,1776380399999999,52854.63187000,360,13144.53000000,23814.66724000,0
1776380400000000,1.80900000,1.81700000,1.80400000,1.81000000,22664.26000000,1776383999999999,41114.34222000,228,14762.56000000,26781.43090000,0
1776384000000000,1.80900000,1.81800000,1.80400000,1.81800000,43930.60000000,1776387599999999,79622.97160000,385,15355.12000000,27822.85211000,0
1776387600000000,1.81800000,1.82200000,1.80100000,1.80700000,106397.48000000,1776391199999999,192617.13589000,821,31216.97000000,56610.59876000,0
1776391200000000,1.80700000,1.81300000,1.80000000,1.81300000,16081.29000000,1776394799999999,29036.40036000,314,8195.35000000,14796.93168000,0
1776394800000000,1.81400000,1.81400000,1.80500000,1.80700000,23137.94000000,1776398399999999,41828.53696000,348,9155.92000000,16554.38491000,0
1776398400000000,1.80700000,1.80900000,1.79900000,1.80100000,17462.23000000,1776401999999999,31486.80101000,288,4321.27000000,7786.95908000,0
1776402000000000,1.80200000,1.80200000,1.78500000,1.78800000,53588.79000000,1776405599999999,95941.18601000,522,19633.95000000,35131.56784000,0
1776405600000000,1.78800000,1.79900000,1.78600000,1.79600000,39837.38000000,1776409199999999,71398.71511000,554,14655.94000000,26277.13037000,0
1776409200000000,1.79500000,1.80800000,1.79000000,1.80700000,29371.00000000,1776412799999999,52822.96023000,481,18401.32000000,33124.02164000,0
1776412800000000,1.80700000,1.81000000,1.80100000,1.80800000,52491.36000000,1776416399999999,94876.58202000,576,32481.76000000,58724.89551000,0
1776416400000000,1.80900000,1.81900000,1.80000000,1.81500000,53314.48000000,1776419999999999,96439.72026000,662,21931.06000000,39707.73881000,0
1776420000000000,1.81500000,1.81500000,1.80200000,1.80900000,59369.08000000,1776423599999999,107312.33629000,529,33191.20000000,60002.19064000,0
1776423600000000,1.80800000,1.82800000,1.80400000,1.81500000,207052.49000000,1776427199999999,377377.24005000,1826,121247.84000000,221028.87864000,0
1776427200000000,1.81500000,1.83700000,1.80700000,1.83300000,97831.39000000,1776430799999999,178190.00455000,866,56734.74000000,103434.82309000,0
1776430800000000,1.83300000,1.86700000,1.83100000,1.86400000,131986.12000000,1776434399999999,244533.93126000,1250,75289.18000000,139408.75541000,0
1776434400000000,1.86400000,1.86600000,1.84900000,1.85600000,44495.77000000,1776437999999999,82581.46785000,607,20264.10000000,37606.44251000,0
1776438000000000,1.85500000,1.85500000,1.82200000,1.82900000,89285.86000000,1776441599999999,163871.98607000,1645,41061.49000000,75373.12612000,0
1776441600000000,1.82900000,1.85300000,1.82600000,1.84800000,61603.64000000,1776445199999999,113397.74101000,860,42234.76000000,77762.64056000,0
1776445200000000,1.84900000,1.85000000,1.83700000,1.84000000,43327.43000000,1776448799999999,79832.88653000,616,20871.26000000,38457.08853000,0
1776448800000000,1.84000000,1.84600000,1.83100000,1.84400000,34511.23000000,1776452399999999,63462.90206000,418,13270.06000000,24398.22536000,0
1776452400000000,1.84400000,1.85100000,1.84100000,1.84200000,39525.54000000,1776455999999999,72879.48073000,479,14094.23000000,26006.80232000,0
1776456000000000,1.84300000,1.85300000,1.84300000,1.84500000,50285.49000000,1776459599999999,92938.14227000,474,26124.21000000,48322.81241000,0
1776459600000000,1.84500000,1.85300000,1.84100000,1.84500000,32331.88000000,1776463199999999,59750.57403000,298,16837.74000000,31107.26916000,0
1776463200000000,1.84400000,1.85000000,1.84300000,1.84800000,16516.38000000,1776466799999999,30510.26883000,204,8261.10000000,15267.80041000,0
1776466800000000,1.84800000,1.84800000,1.83200000,1.83300000,27990.31000000,1776470399999999,51389.42835000,339,14053.97000000,25790.09703000,0
1776470400000000,1.83200000,1.84300000,1.82800000,1.83600000,32928.73000000,1776473999999999,60446.18732000,420,14168.29000000,26013.66521000,0
1776474000000000,1.83700000,1.84800000,1.83200000,1.83400000,39951.98000000,1776477599999999,73547.45574000,384,17742.32000000,32671.63882000,0
1776477600000000,1.83400000,1.84400000,1.83000000,1.83900000,10956.82000000,1776481199999999,20108.04219000,269,5908.79000000,10852.20845000,0
1776481200000000,1.83800000,1.84200000,1.83300000,1.83500000,23530.81000000,1776484799999999,43205.33283000,259,7906.10000000,14522.25320000,0
1776484800000000,1.83500000,1.83500000,1.82600000,1.83000000,33554.20000000,1776488399999999,61417.62131000,298,10786.94000000,19748.28675000,0
1776488400000000,1.83000000,1.84000000,1.83000000,1.84000000,25812.34000000,1776491999999999,47370.86574000,208,12934.95000000,23728.08474000,0
1776492000000000,1.84100000,1.85000000,1.83800000,1.84700000,35310.85000000,1776495599999999,65117.06512000,345,17861.17000000,32950.23515000,0
1776495600000000,1.84600000,1.84800000,1.84300000,1.84600000,20643.84000000,1776499199999999,38089.68702000,286,7353.86000000,13577.02242000,0
1776499200000000,1.84500000,1.84700000,1.82500000,1.82800000,45824.52000000,1776502799999999,84043.49984000,587,15034.47000000,27604.50439000,0
1776502800000000,1.82900000,1.82900000,1.81300000,1.81600000,36879.01000000,1776506399999999,67067.68658000,562,13479.06000000,24504.91830000,0
1776506400000000,1.81500000,1.81500000,1.80200000,1.80500000,41326.41000000,1776509999999999,74667.10374000,541,12822.89000000,23182.52635000,0
1776510000000000,1.80600000,1.80600000,1.79100000,1.79700000,35481.50000000,1776513599999999,63787.19689000,504,11173.50000000,20088.64517000,0
1776513600000000,1.79700000,1.80300000,1.79300000,1.79900000,23510.70000000,1776517199999999,42280.24536000,298,15426.55000000,27745.35462000,0
1776517200000000,1.80000000,1.80100000,1.78700000,1.79500000,37100.07000000,1776520799999999,66494.40387000,423,18392.90000000,32977.73445000,0
1776520800000000,1.79500000,1.79800000,1.79000000,1.79600000,17706.84000000,1776524399999999,31765.20793000,208,6164.93000000,11067.95959000,0
1776524400000000,1.79600000,1.79900000,1.79200000,1.79400000,14156.84000000,1776527999999999,25425.04806000,291,10158.95000000,18250.41794000,0
1776528000000000,1.79300000,1.79900000,1.78600000,1.78800000,30077.99000000,1776531599999999,53884.37037000,406,14114.51000000,25309.97445000,0
1776531600000000,1.78800000,1.79800000,1.78500000,1.79500000,18769.08000000,1776535199999999,33639.47169000,251,10216.34000000,18336.91130000,0
1776535200000000,1.79500000,1.79500000,1.77700000,1.77800000,46199.94000000,1776538799999999,82388.96422000,654,15719.17000000,28048.62420000,0
1776538800000000,1.77900000,1.78500000,1.77500000,1.78100000,31740.37000000,1776542399999999,56496.64588000,270,25283.24000000,45008.56465000,0
1776542400000000,1.78100000,1.78500000,1.77500000,1.78500000,15442.84000000,1776545999999999,27491.36206000,268,3995.52000000,7120.95545000,0
1776546000000000,1.78600000,1.79400000,1.78000000,1.79300000,20153.16000000,1776549599999999,36054.75789000,287,11185.46000000,20034.89967000,0
1776549600000000,1.79300000,1.79300000,1.78600000,1.79000000,7506.63000000,1776553199999999,13425.26092000,122,1539.08000000,2754.22828000,0
1776553200000000,1.78900000,1.79200000,1.78200000,1.78300000,7194.06000000,1776556799999999,12848.79745000,167,3361.07000000,6004.89703000,0
1776556800000000,1.78300000,1.78400000,1.76400000,1.77800000,46135.04000000,1776560399999999,81874.25647000,607,28746.12000000,51027.67412000,0
1776560400000000,1.77800000,1.78200000,1.76400000,1.77100000,20492.71000000,1776563999999999,36326.87756000,363,6445.74000000,11416.07790000,0
1776564000000000,1.77100000,1.77500000,1.76400000,1.77100000,25764.37000000,1776567599999999,45577.22540000,342,15292.10000000,27063.57530000,0
1776567600000000,1.77000000,1.78000000,1.76300000,1.77300000,30601.07000000,1776571199999999,54317.80096000,386,21757.33000000,38635.73707000,0
1776571200000000,1.77300000,1.78100000,1.76900000,1.77500000,19497.57000000,1776574799999999,34635.46434000,274,10125.97000000,17996.42701000,0
1776574800000000,1.77400000,1.77800000,1.77200000,1.77400000,12759.31000000,1776578399999999,22651.66171000,214,4987.74000000,8856.09328000,0
1776578400000000,1.77300000,1.77800000,1.76600000,1.77600000,26778.15000000,1776581999999999,47425.81097000,268,12298.91000000,21790.60735000,0
1776582000000000,1.77600000,1.77700000,1.75900000,1.77200000,71290.66000000,1776585599999999,126067.87403000,830,39676.23000000,70221.73615000,0
1776585600000000,1.77100000,1.77800000,1.77100000,1.77300000,30101.08000000,1776589199999999,53399.90318000,296,15387.06000000,27302.87842000,0
1776589200000000,1.77300000,1.77400000,1.76600000,1.76700000,17994.33000000,1776592799999999,31861.85244000,216,4075.19000000,7222.02714000,0
1776592800000000,1.76600000,1.76900000,1.75800000,1.76400000,73845.71000000,1776596399999999,130189.48290000,492,18389.30000000,32447.17394000,0
1776596400000000,1.76300000,1.77700000,1.76300000,1.77600000,55420.40000000,1776599999999999,98062.32959000,518,21658.70000000,38319.38505000,0
1776600000000000,1.77500000,1.78400000,1.77400000,1.78300000,57982.53000000,1776603599999999,103142.57229000,549,11700.47000000,20823.30446000,0
1776603600000000,1.78400000,1.79800000,1.78400000,1.78600000,84825.84000000,1776607199999999,151792.55362000,666,47729.16000000,85426.95584000,0
1776607200000000,1.78700000,1.79700000,1.78100000,1.79300000,35546.95000000,1776610799999999,63610.00683000,415,26236.72000000,46982.83849000,0
1776610800000000,1.79400000,1.79500000,1.77700000,1.79300000,22850.91000000,1776614399999999,40781.46268000,343,7634.91000000,13629.45707000,0
1776614400000000,1.79400000,1.79800000,1.78900000,1.79100000,37166.47000000,1776617999999999,66685.15298000,533,17956.17000000,32215.77685000,0
1776618000000000,1.79000000,1.79300000,1.77800000,1.77800000,31701.70000000,1776621599999999,56599.18520000,421,8163.51000000,14588.12156000,0
1776621600000000,1.77700000,1.78100000,1.77300000,1.77800000,24788.14000000,1776625199999999,44031.72817000,349,10966.70000000,19483.92128000,0
1776625200000000,1.77800000,1.80100000,1.77800000,1.79400000,60060.60000000,1776628799999999,107707.89355000,765,32577.69000000,58423.75263000,0
1776628800000000,1.79300000,1.79600000,1.78200000,1.78600000,44672.76000000,1776632399999999,79876.43334000,531,15357.49000000,27457.35581000,0
1776632400000000,1.78500000,1.79300000,1.78400000,1.78700000,19693.43000000,1776635999999999,35211.54287000,228,12185.80000000,21780.21747000,0
1776636000000000,1.78500000,1.78500000,1.75500000,1.75900000,73914.24000000,1776639599999999,130564.57164000,1206,30137.29000000,53225.28525000,0
1776639600000000,1.75900000,1.76000000,1.75400000,1.75800000,21416.32000000,1776643199999999,37634.28792000,328,11140.50000000,19574.76466000,0
1776643200000000,1.75900000,1.77600000,1.75800000,1.77000000,36298.05000000,1776646799999999,64220.59371000,473,19322.94000000,34181.39859000,0
1776646800000000,1.77000000,1.77800000,1.76700000,1.77500000,18320.85000000,1776650399999999,32462.18660000,261,6683.39000000,11844.84242000,0
1776650400000000,1.77600000,1.78000000,1.76900000,1.77700000,11692.46000000,1776653999999999,20759.49260000,264,4120.13000000,7321.91579000,0
1776654000000000,1.77800000,1.78400000,1.77500000,1.78200000,56847.33000000,1776657599999999,101063.31526000,434,13388.84000000,23813.26869000,0
1776657600000000,1.78300000,1.79000000,1.77800000,1.79000000,21844.40000000,1776661199999999,38957.08226000,324,12261.18000000,21873.24897000,0
1776661200000000,1.79000000,1.79300000,1.77200000,1.78000000,45945.23000000,1776664799999999,81979.50456000,475,21364.43000000,38108.57035000,0
1776664800000000,1.78100000,1.78900000,1.77400000,1.78100000,21322.04000000,1776668399999999,37997.98689000,349,9912.10000000,17676.73491000,0
1776668400000000,1.78100000,1.79800000,1.77800000,1.78200000,47004.27000000,1776671999999999,83938.86165000,612,22997.32000000,41109.05780000,0
1776672000000000,1.78200000,1.78300000,1.77400000,1.77500000,13557.95000000,1776675599999999,24085.30680000,278,5183.19000000,9211.42238000,0
1776675600000000,1.77500000,1.78600000,1.77200000,1.78200000,29889.15000000,1776679199999999,53250.77938000,417,17701.82000000,31551.50130000,0
1776679200000000,1.78200000,1.78900000,1.78200000,1.78200000,25242.85000000,1776682799999999,45085.71957000,282,11958.66000000,21359.28549000,0
1776682800000000,1.78300000,1.78400000,1.77800000,1.78000000,14206.18000000,1776686399999999,25300.73609000,234,4884.96000000,8705.97134000,0
1776686400000000,1.77900000,1.78800000,1.77600000,1.78800000,29159.20000000,1776689999999999,51907.11257000,391,10861.19000000,19338.73105000,0
1776690000000000,1.78700000,1.79100000,1.78000000,1.78600000,17612.62000000,1776693599999999,31478.60172000,261,10280.74000000,18371.27401000,0
1776693600000000,1.78600000,1.79100000,1.77400000,1.77600000,32100.56000000,1776697199999999,57238.62873000,445,11189.96000000,19968.64131000,0
1776697200000000,1.77700000,1.80200000,1.77300000,1.80200000,47668.85000000,1776700799999999,85377.58763000,556,26551.53000000,47570.17301000,0
1776700800000000,1.80200000,1.81800000,1.79800000,1.80100000,65535.94000000,1776704399999999,118497.76069000,1175,22913.69000000,41459.33404000,0
1776704400000000,1.80100000,1.81000000,1.79700000,1.80200000,22639.29000000,1776707999999999,40850.50219000,417,10798.56000000,19483.04866000,0
1776708000000000,1.80300000,1.81600000,1.80300000,1.81000000,30077.48000000,1776711599999999,54501.68768000,767,15583.54000000,28242.78807000,0
1776711600000000,1.81000000,1.81100000,1.79900000,1.80100000,41446.84000000,1776715199999999,74737.13814000,376,7935.88000000,14332.43978000,0
1776715200000000,1.80200000,1.81000000,1.79700000,1.80700000,19482.76000000,1776718799999999,35091.91683000,270,11885.77000000,21412.23100000,0
1776718800000000,1.80600000,1.81300000,1.80200000,1.80700000,30233.44000000,1776722399999999,54589.71706000,305,17413.42000000,31434.81796000,0
1776722400000000,1.80700000,1.80900000,1.79800000,1.80000000,11422.00000000,1776725999999999,20611.08991000,222,2911.43000000,5251.77624000,0
1776726000000000,1.79900000,1.80300000,1.79500000,1.80000000,21367.70000000,1776729599999999,38443.73424000,313,10884.50000000,19593.34278000,0
1776729600000000,1.80000000,1.80500000,1.79600000,1.80000000,13489.27000000,1776733199999999,24287.30040000,220,7982.17000000,14376.31012000,0
1776733200000000,1.79900000,1.80400000,1.79900000,1.79900000,4278.34000000,1776736799999999,7702.92493000,135,1605.03000000,2890.76079000,0
1776736800000000,1.79800000,1.79900000,1.78700000,1.79300000,45893.71000000,1776740399999999,82309.75857000,554,16922.72000000,30353.77487000,0
1776740400000000,1.79200000,1.79500000,1.78700000,1.79200000,19066.31000000,1776743999999999,34136.64469000,205,7664.79000000,13729.46082000,0
1776744000000000,1.79200000,1.79400000,1.78800000,1.79200000,3958.01000000,1776747599999999,7091.99214000,112,1511.82000000,2708.81878000,0
1776747600000000,1.79300000,1.79700000,1.78500000,1.78800000,19270.53000000,1776751199999999,34473.18902000,388,6728.77000000,12042.83389000,0
1776751200000000,1.78800000,1.79300000,1.78300000,1.78800000,24961.06000000,1776754799999999,44598.88465000,277,12920.27000000,23092.97021000,0
1776754800000000,1.78500000,1.79200000,1.78400000,1.78900000,16533.23000000,1776758399999999,29558.30557000,214,10541.22000000,18846.02815000,0
1776758400000000,1.78800000,1.80300000,1.78700000,1.79400000,12569.73000000,1776761999999999,22586.38812000,246,8736.49000000,15700.80355000,0
1776762000000000,1.79400000,1.80100000,1.79100000,1.80000000,17477.03000000,1776765599999999,31399.26261000,257,5258.09000000,9448.00722000,0
1776765600000000,1.80000000,1.81400000,1.79900000,1.81300000,28761.55000000,1776769199999999,51933.14828000,572,19882.39000000,35914.53375000,0
1776769200000000,1.81300000,1.82000000,1.80700000,1.81900000,37407.14000000,1776772799999999,67834.90435000,776,12084.03000000,21930.02186000,0
1776772800000000,1.81900000,1.82200000,1.80200000,1.80800000,42498.96000000,1776776399999999,76951.22349000,768,22548.83000000,40827.74196000,0
1776776400000000,1.80800000,1.80800000,1.76300000,1.79500000,349309.63000000,1776779999999999,622531.27375000,5198,169905.17000000,302831.96265000,0
1776780000000000,1.79700000,1.81000000,1.78800000,1.80100000,54350.33000000,1776783599999999,97955.88937000,872,28586.61000000,51510.70694000,0
1776783600000000,1.80100000,1.83700000,1.79600000,1.83600000,253370.61000000,1776787199999999,462065.81288000,3354,114898.23000000,209514.68189000,0
1776787200000000,1.83600000,1.84500000,1.81800000,1.81800000,97744.20000000,1776790799999999,179026.33856000,1256,36461.40000000,66881.30154000,0
1776790800000000,1.81900000,1.82000000,1.79800000,1.80700000,83112.46000000,1776794399999999,150214.22479000,1149,40543.33000000,73283.82704000,0
1776794400000000,1.80800000,1.81400000,1.80500000,1.81200000,31357.59000000,1776797999999999,56738.43471000,461,13208.99000000,23904.03789000,0
1776798000000000,1.81300000,1.81900000,1.80100000,1.80500000,23692.34000000,1776801599999999,42872.65434000,540,9844.83000000,17839.45641000,0
1776801600000000,1.80400000,1.82500000,1.80400000,1.82000000,70503.73000000,1776805199999999,128033.79929000,1025,38306.40000000,69547.15141000,0
1776805200000000,1.82000000,1.83200000,1.81700000,1.83200000,43180.21000000,1776808799999999,78889.06088000,614,31239.64000000,57080.85060000,0
1776808800000000,1.83200000,1.83500000,1.81900000,1.82700000,19441.11000000,1776812399999999,35514.41920000,422,8527.57000000,15581.85487000,0
1776812400000000,1.82700000,1.84600000,1.82700000,1.84500000,30114.76000000,1776815999999999,55378.48805000,591,21830.87000000,40141.59654000,0
1776816000000000,1.84500000,1.86500000,1.84500000,1.85500000,130871.95000000,1776819599999999,242891.65341000,1641,64475.34000000,119581.03203000,0
1776819600000000,1.85400000,1.86200000,1.84900000,1.85900000,60753.10000000,1776823199999999,112802.25418000,665,29830.56000000,55434.32924000,0
1776823200000000,1.85800000,1.89900000,1.85800000,1.89100000,163430.09000000,1776826799999999,307612.21537000,2569,88706.07000000,166850.60578000,0
1776826800000000,1.89200000,1.90800000,1.88800000,1.90700000,68607.85000000,1776830399999999,130181.88341000,1137,44917.32000000,85250.61307000,0
1776830400000000,1.90800000,1.91700000,1.89900000,1.90000000,115059.66000000,1776833999999999,219839.47619000,1705,57308.36000000,109519.27981000,0
1776834000000000,1.90100000,1.91900000,1.89600000,1.90500000,131999.44000000,1776837599999999,251970.79101000,1537,81558.77000000,155692.25621000,0
1776837600000000,1.90500000,1.91000000,1.90100000,1.90500000,25899.33000000,1776841199999999,49350.95976000,466,10394.79000000,19812.90168000,0
1776841200000000,1.90400000,1.90600000,1.89700000,1.90100000,96989.41000000,1776844799999999,184253.94671000,846,35104.62000000,66694.73139000,0
1776844800000000,1.90100000,1.90200000,1.89500000,1.89900000,37169.85000000,1776848399999999,70561.44281000,586,13484.44000000,25601.68176000,0
1776848400000000,1.89900000,1.90900000,1.89700000,1.90700000,14906.72000000,1776851999999999,28361.71190000,345,7863.11000000,14957.54768000,0
1776852000000000,1.90700000,1.91100000,1.89700000,1.89700000,31140.45000000,1776855599999999,59281.09147000,611,20495.91000000,39006.90259000,0
1776855600000000,1.89800000,1.90200000,1.88800000,1.89100000,57303.91000000,1776859199999999,108508.55738000,826,35698.78000000,67599.17748000,0
1776859200000000,1.89000000,1.89100000,1.88100000,1.88300000,53776.95000000,1776862799999999,101408.49380000,777,23784.64000000,44883.39341000,0
1776862800000000,1.88300000,1.89200000,1.87700000,1.87800000,54031.26000000,1776866399999999,101793.95333000,799,31530.58000000,59432.76877000,0
1776866400000000,1.87800000,1.88500000,1.87100000,1.87800000,101904.64000000,1776869999999999,191402.66805000,944,51642.52000000,97054.60259000,0
1776870000000000,1.87700000,1.89900000,1.87200000,1.88600000,72163.91000000,1776873599999999,136100.42714000,836,40606.39000000,76564.72361000,0
1776873600000000,1.88600000,1.89600000,1.87500000,1.88000000,80774.89000000,1776877199999999,152295.25369000,871,28041.52000000,52907.20116000,0
1776877200000000,1.88100000,1.89100000,1.87500000,1.88300000,64412.32000000,1776880799999999,121350.07849000,738,33485.47000000,63112.46140000,0
1776880800000000,1.88300000,1.88800000,1.87600000,1.87700000,21445.23000000,1776884399999999,40355.53845000,377,7282.83000000,13713.76727000,0
1776884400000000,1.87700000,1.88300000,1.86700000,1.87300000,32099.23000000,1776887999999999,60153.91278000,546,11492.01000000,21562.81479000,0
1776888000000000,1.87200000,1.87400000,1.86700000,1.86800000,8824.36000000,1776891599999999,16512.86541000,173,3915.99000000,7330.54932000,0
1776891600000000,1.86900000,1.88000000,1.86900000,1.87800000,9342.55000000,1776895199999999,17521.24914000,212,4028.49000000,7551.69711000,0
1776895200000000,1.87700000,1.87700000,1.87000000,1.87200000,5276.86000000,1776898799999999,9889.90340000,129,2501.43000000,4686.74384000,0
1776898800000000,1.87300000,1.87800000,1.86000000,1.86200000,47850.75000000,1776902399999999,89442.51260000,517,25251.29000000,47258.00355000,0
1776902400000000,1.86200000,1.86700000,1.84800000,1.86000000,47766.64000000,1776905999999999,88745.23624000,663,26571.73000000,49402.31338000,0
1776906000000000,1.86100000,1.86100000,1.84900000,1.85300000,12175.77000000,1776909599999999,22570.33845000,244,2921.02000000,5416.43419000,0
1776909600000000,1.85300000,1.85400000,1.84500000,1.84800000,12572.98000000,1776913199999999,23236.43427000,236,5657.17000000,10455.80013000,0
1776913200000000,1.85000000,1.85100000,1.83700000,1.83900000,30103.85000000,1776916799999999,55396.06325000,292,7650.15000000,14074.79978000,0
1776916800000000,1.83900000,1.84400000,1.83700000,1.84400000,9437.06000000,1776920399999999,17382.33469000,207,6759.49000000,12451.85859000,0
1776920400000000,1.84500000,1.85300000,1.84500000,1.84700000,26055.95000000,1776923999999999,48180.16624000,303,13850.99000000,25623.51776000,0
1776924000000000,1.84700000,1.86000000,1.84700000,1.85500000,48091.88000000,1776927599999999,89177.14484000,428,33904.85000000,62873.43770000,0
1776927600000000,1.85600000,1.86400000,1.85500000,1.86100000,55801.01000000,1776931199999999,103847.35916000,365,27216.99000000,50657.44061000,0
1776931200000000,1.85900000,1.86300000,1.85200000,1.86300000,58680.72000000,1776934799999999,109005.97346000,562,34622.09000000,64331.73307000,0
1776934800000000,1.86400000,1.86400000,1.84800000,1.85400000,15213.98000000,1776938399999999,28255.38047000,248,4889.36000000,9069.31892000,0
1776938400000000,1.85400000,1.85600000,1.84500000,1.84900000,69680.38000000,1776941999999999,128774.59354000,490,17029.74000000,31465.81767000,0
1776942000000000,1.84900000,1.85900000,1.84800000,1.85800000,17012.43000000,1776945599999999,31561.67233000,234,10681.80000000,19819.10706000,0
1776945600000000,1.85800000,1.88200000,1.85800000,1.86600000,146377.20000000,1776949199999999,273951.14234000,1704,66034.55000000,123591.31790000,0
1776949200000000,1.86700000,1.87600000,1.86600000,1.86800000,21169.98000000,1776952799999999,39595.32872000,275,11006.28000000,20586.32646000,0
1776952800000000,1.86700000,1.87800000,1.86500000,1.87800000,16054.89000000,1776956399999999,30023.96170000,302,10752.30000000,20111.06161000,0
1776956400000000,1.87900000,1.89000000,1.87600000,1.88700000,55009.75000000,1776959999999999,103646.05864000,656,24102.52000000,45418.07920000,0
1776960000000000,1.88600000,1.89300000,1.88300000,1.88500000,25567.22000000,1776963599999999,48295.84159000,456,11234.51000000,21221.89389000,0
1776963600000000,1.88600000,1.88800000,1.85800000,1.86200000,100557.45000000,1776967199999999,188174.86818000,1161,41349.73000000,77314.11663000,0
1776967200000000,1.86100000,1.87700000,1.86000000,1.86600000,41640.70000000,1776970799999999,77803.85115000,600,14821.64000000,27704.82557000,0
1776970800000000,1.86600000,1.88400000,1.86400000,1.88000000,32972.10000000,1776974399999999,61849.39460000,477,18206.24000000,34169.18538000,0
1776974400000000,1.88000000,1.89800000,1.87900000,1.89400000,49891.34000000,1776977999999999,94345.35135000,619,27961.10000000,52877.71785000,0
1776978000000000,1.89400000,1.91100000,1.89400000,1.89900000,48587.60000000,1776981599999999,92475.31145000,855,31321.90000000,59622.38383000,0
1776981600000000,1.90000000,1.91100000,1.89900000,1.91000000,13516.69000000,1776985199999999,25765.70907000,261,7594.42000000,14475.84140000,0
1776985200000000,1.91000000,1.91600000,1.90600000,1.91200000,25345.94000000,1776988799999999,48452.92838000,377,13180.66000000,25206.00950000,0
1776988800000000,1.91200000,1.92800000,1.91100000,1.92400000,70181.05000000,1776992399999999,134735.27805000,1048,40003.31000000,76843.58274000,0
1776992400000000,1.92500000,1.93200000,1.91700000,1.92900000,70670.31000000,1776995999999999,136091.62067000,881,40595.92000000,78191.46159000,0
1776996000000000,1.93000000,1.93800000,1.92300000,1.92500000,70720.45000000,1776999599999999,136630.57627000,1116,43091.38000000,83284.44539000,0
1776999600000000,1.92400000,1.92600000,1.90900000,1.92200000,43153.88000000,1777003199999999,82757.81724000,635,18583.27000000,35665.77744000,0
1777003200000000,1.92200000,1.92900000,1.91500000,1.92500000,46779.32000000,1777006799999999,89981.82172000,556,19788.23000000,38055.86949000,0
1777006800000000,1.92600000,1.92700000,1.91400000,1.92200000,31253.73000000,1777010399999999,60007.49362000,636,15805.94000000,30352.75658000,0
1777010400000000,1.92200000,1.93000000,1.91700000,1.92100000,28079.18000000,1777013999999999,54008.59203000,507,12722.99000000,24470.19035000,0
1777014000000000,1.92100000,1.93200000,1.91800000,1.93000000,33426.62000000,1777017599999999,64373.97433000,605,16414.85000000,31621.46965000,0
1777017600000000,1.93000000,1.94700000,1.92800000,1.94300000,134262.19000000,1777021199999999,260539.71448000,1269,69707.36000000,135239.12408000,0
1777021200000000,1.94400000,1.94700000,1.93500000,1.94000000,39276.62000000,1777024799999999,76241.22300000,591,11483.00000000,22291.52599000,0
1777024800000000,1.94000000,1.96400000,1.93700000,1.96100000,78638.79000000,1777028399999999,153458.71223000,1248,45927.71000000,89680.49944000,0
1777028400000000,1.96100000,1.97500000,1.95900000,1.97200000,82846.29000000,1777031999999999,162956.62633000,1387,42944.25000000,84513.20893000,0
1777032000000000,1.97100000,1.97300000,1.95600000,1.95800000,53792.49000000,1777035599999999,105700.04556000,666,26013.93000000,51135.17408000,0
1777035600000000,1.95800000,1.96200000,1.94600000,1.94900000,52214.72000000,1777039199999999,101943.46302000,648,26597.89000000,51931.99247000,0
1777039200000000,1.94800000,1.96400000,1.94600000,1.95800000,37290.44000000,1777042799999999,72971.40319000,798,23758.03000000,46500.84460000,0
1777042800000000,1.95700000,1.99300000,1.94800000,1.99200000,141614.74000000,1777046399999999,279825.56569000,1813,82996.74000000,164080.10772000,0
1777046400000000,1.99300000,1.99600000,1.97800000,1.98400000,103444.48000000,1777049999999999,205699.54346000,1445,39810.77000000,79187.24473000,0
1777050000000000,1.98300000,1.98600000,1.97500000,1.98100000,47334.43000000,1777053599999999,93776.19709000,706,26454.06000000,52412.06612000,0
1777053600000000,1.98100000,1.99100000,1.97900000,1.98300000,17065.00000000,1777057199999999,33885.97742000,426,8273.24000000,16428.60101000,0
1777057200000000,1.98200000,1.99100000,1.97900000,1.98900000,33772.40000000,1777060799999999,67069.97360000,469,19059.35000000,37863.15247000,0
1777060800000000,1.99000000,1.99600000,1.98000000,1.99300000,42443.31000000,1777064399999999,84464.96952000,600,23901.15000000,47560.53660000,0
1777064400000000,1.99200000,1.99800000,1.97600000,1.98100000,48052.62000000,1777067999999999,95398.78701000,662,21505.38000000,42720.08209000,0
1777068000000000,1.98100000,1.98300000,1.97000000,1.97300000,30250.96000000,1777071599999999,59804.67901000,474,19369.05000000,38316.73933000,0
1777071600000000,1.97400000,1.99600000,1.97300000,1.99300000,92110.25000000,1777075199999999,182936.59753000,861,67667.84000000,134389.71165000,0
1777075200000000,1.99300000,2.00900000,1.99100000,2.00800000,99484.74000000,1777078799999999,198950.09877000,1304,56801.72000000,113594.77456000,0
1777078800000000,2.00800000,2.02300000,2.00600000,2.01900000,54435.18000000,1777082399999999,109683.47473000,986,39621.36000000,79846.15784000,0
1777082400000000,2.01900000,2.02100000,2.00500000,2.02100000,39094.32000000,1777085999999999,78625.91572000,690,20245.50000000,40728.10890000,0
1777086000000000,2.02100000,2.03300000,2.01400000,2.03000000,74545.81000000,1777089599999999,150811.59469000,766,36993.82000000,74888.76093000,0
1777089600000000,2.03100000,2.03200000,2.01600000,2.01700000,43355.15000000,1777093199999999,87664.34442000,581,19638.26000000,39700.05849000,0
1777093200000000,2.01600000,2.02200000,2.00700000,2.01100000,51238.34000000,1777096799999999,103216.45641000,644,24776.63000000,49949.63249000,0
1777096800000000,2.01100000,2.01900000,2.00500000,2.00500000,61102.96000000,1777100399999999,122937.26639000,781,40774.25000000,82068.28564000,0
1777100400000000,2.00500000,2.02700000,2.00100000,2.02400000,36895.23000000,1777103999999999,74468.09419000,828,23584.61000000,47642.22948000,0
1777104000000000,2.02400000,2.02900000,2.01600000,2.02500000,27620.52000000,1777107599999999,55890.79677000,594,12943.55000000,26196.74529000,0
1777107600000000,2.02400000,2.03700000,2.02200000,2.03100000,52035.03000000,1777111199999999,105561.03784000,923,32242.88000000,65440.83101000,0
1777111200000000,2.03100000,2.05600000,2.03100000,2.05500000,141544.35000000,1777114799999999,289643.72505000,2404,91564.42000000,187433.84423000,0
1777114800000000,2.05500000,2.05800000,2.04200000,2.05000000,91897.12000000,1777118399999999,188318.40178000,1380,45867.46000000,94014.27307000,0
1777118400000000,2.04900000,2.05000000,2.03800000,2.04200000,58477.87000000,1777121999999999,119483.42061000,954,30564.33000000,62473.47145000,0
1777122000000000,2.04200000,2.04900000,2.03300000,2.04200000,25521.97000000,1777125599999999,52044.76183000,547,12593.98000000,25694.32728000,0
1777125600000000,2.04100000,2.05500000,2.03400000,2.04500000,60581.06000000,1777129199999999,123948.48867000,867,36458.60000000,74637.53233000,0
1777129200000000,2.04600000,2.05000000,2.03700000,2.03700000,43626.31000000,1777132799999999,89120.27243000,614,21167.25000000,43259.78486000,0
1777132800000000,2.03800000,2.04100000,2.02200000,2.02500000,44853.52000000,1777136399999999,91205.71598000,803,20118.58000000,40938.05824000,0
1777136400000000,2.02400000,2.02800000,2.01500000,2.01800000,32410.64000000,1777139999999999,65535.16765000,621,13467.80000000,27239.06584000,0
1777140000000000,2.01700000,2.02600000,2.01700000,2.02300000,25090.29000000,1777143599999999,50768.21383000,489,18611.77000000,37665.19038000,0
1777143600000000,2.02200000,2.03400000,2.02200000,2.03400000,41956.44000000,1777147199999999,85168.01370000,496,29113.93000000,59108.08113000,0
1777147200000000,2.03400000,2.03500000,2.02100000,2.02600000,22810.01000000,1777150799999999,46266.04310000,582,12470.94000000,25296.60768000,0
1777150800000000,2.02600000,2.02700000,2.01500000,2.01700000,14177.82000000,1777154399999999,28645.44550000,383,6145.20000000,12418.33807000,0
1777154400000000,2.01700000,2.03100000,2.01600000,2.02500000,29125.52000000,1777157999999999,58900.28057000,632,11822.36000000,23913.72815000,0
1777158000000000,2.02500000,2.03400000,2.02100000,2.03000000,12958.00000000,1777161599999999,26292.69650000,400,7982.31000000,16206.99946000,0
1777161600000000,2.02900000,2.02900000,2.01100000,2.01500000,27313.60000000,1777165199999999,55094.03887000,527,7390.95000000,14914.85902000,0
1777165200000000,2.01500000,2.02000000,2.01000000,2.01500000,19007.37000000,1777168799999999,38292.56655000,501,12411.39000000,25000.16569000,0
1777168800000000,2.01400000,2.02700000,2.01200000,2.02200000,46714.56000000,1777172399999999,94402.88313000,723,31621.92000000,63891.29117000,0
1777172400000000,2.02200000,2.02700000,2.01600000,2.01800000,17513.58000000,1777175999999999,35375.59467000,407,7830.64000000,15821.86763000,0
1777176000000000,2.01800000,2.02200000,2.00700000,2.01100000,64145.38000000,1777179599999999,129023.06164000,815,33645.34000000,67686.04336000,0
1777179600000000,2.01000000,2.02400000,2.00500000,2.01200000,34941.81000000,1777183199999999,70398.32888000,630,21988.60000000,44288.85509000,0
1777183200000000,2.01100000,2.02300000,2.01100000,2.01600000,24076.07000000,1777186799999999,48545.87010000,454,8663.51000000,17481.84524000,0
1777186800000000,2.01600000,2.02900000,2.00800000,2.02000000,69692.63000000,1777190399999999,140582.98995000,875,30959.55000000,62563.58714000,0
1777190400000000,2.02100000,2.02400000,2.01800000,2.02100000,13158.49000000,1777193999999999,26584.35871000,222,3903.93000000,7889.12548000,0
1777194000000000,2.02000000,2.02500000,2.01800000,2.02300000,6204.26000000,1777197599999999,12545.68369000,156,3527.01000000,7132.38914000,0
1777197600000000,2.02300000,2.03100000,2.01900000,2.02000000,11121.01000000,1777201199999999,22539.29641000,226,6187.02000000,12537.36619000,0
1777201200000000,2.02100000,2.02800000,2.01900000,2.02400000,35522.60000000,1777204799999999,71867.73480000,380,7573.53000000,15320.85375000,0
1777204800000000,2.02500000,2.02800000,2.01900000,2.02100000,18552.37000000,1777208399999999,37552.52166000,251,12737.08000000,25786.21141000,0
1777208400000000,2.02000000,2.02600000,2.01500000,2.01900000,22711.93000000,1777211999999999,45884.85766000,257,8776.62000000,17739.96330000,0
1777212000000000,2.02000000,2.03600000,2.01800000,2.03200000,26599.44000000,1777215599999999,53909.65505000,449,15468.09000000,31349.70096000,0
1777215600000000,2.03300000,2.03600000,2.02700000,2.02800000,9103.65000000,1777219199999999,18479.37348000,280,3719.89000000,7552.03291000,0
1777219200000000,2.02700000,2.02700000,2.01800000,2.02100000,32593.62000000,1777222799999999,65901.60646000,484,13458.38000000,27219.10345000,0
1777222800000000,2.02200000,2.02400000,2.01600000,2.01800000,26422.28000000,1777226399999999,53352.45840000,510,8705.80000000,17593.10493000,0
1777226400000000,2.01800000,2.02100000,2.01200000,2.01400000,15484.58000000,1777229999999999,31214.01466000,400,7848.12000000,15826.98123000,0
1777230000000000,2.01300000,2.02000000,2.00200000,2.00300000,91107.58000000,1777233599999999,182972.30161000,867,39160.99000000,78618.77749000,0
1777233600000000,2.00400000,2.01100000,2.00000000,2.00200000,13413.82000000,1777237199999999,26911.36159000,321,8570.99000000,17198.81342000,0
1777237200000000,2.00300000,2.01600000,1.99600000,2.01100000,68489.79000000,1777240799999999,137312.36830000,786,38734.90000000,77738.33783000,0
1777240800000000,2.01100000,2.01500000,2.00300000,2.00400000,23520.79000000,1777244399999999,47248.18195000,465,7847.35000000,15798.06150000,0
1777244400000000,2.00300000,2.00700000,1.99900000,2.00000000,9060.50000000,1777247999999999,18130.81432000,135,2782.92000000,5575.39172000,0
1777248000000000,2.00000000,2.01800000,1.99900000,2.01800000,47717.87000000,1777251599999999,95824.18946000,632,20984.33000000,42189.51453000,0
1777251600000000,2.01900000,2.02600000,1.99800000,2.00500000,38805.71000000,1777255199999999,77977.44070000,614,16641.97000000,33486.98380000,0
1777255200000000,2.00600000,2.00700000,1.99900000,2.00300000,15111.99000000,1777258799999999,30275.29464000,280,6772.74000000,13567.53627000,0
1777258800000000,2.00500000,2.01000000,1.99400000,1.99500000,19310.53000000,1777262399999999,38616.83021000,482,10669.54000000,21338.74679000,0
1777262400000000,1.99500000,1.99600000,1.97500000,1.97800000,33187.88000000,1777265999999999,65897.62924000,704,17888.64000000,35512.33573000,0
1777266000000000,1.97900000,1.97900000,1.95400000,1.96100000,140525.35000000,1777269599999999,275925.30284000,1998,76764.59000000,150634.33012000,0
1777269600000000,1.96000000,1.96000000,1.94800000,1.95600000,41085.46000000,1777273199999999,80260.00028000,775,21729.31000000,42464.09770000,0
1777273200000000,1.95600000,1.95700000,1.94600000,1.95400000,107709.53000000,1777276799999999,210018.24672000,1020,54345.72000000,105956.80672000,0
1777276800000000,1.95500000,1.96200000,1.95000000,1.95500000,27368.11000000,1777280399999999,53577.47019000,493,14482.13000000,28365.82926000,0
1777280400000000,1.95600000,1.96200000,1.95500000,1.95800000,31359.92000000,1777283999999999,61411.53882000,443,15609.84000000,30577.02749000,0
1777284000000000,1.95800000,1.98300000,1.95700000,1.97600000,27627.06000000,1777287599999999,54496.78048000,617,13775.09000000,27177.25149000,0
1777287600000000,1.97500000,1.98500000,1.96700000,1.98400000,70817.84000000,1777291199999999,140058.37874000,722,54166.96000000,107150.95585000,0
1777291200000000,1.98400000,2.00000000,1.97700000,1.99400000,90298.53000000,1777294799999999,179728.38179000,1021,67944.24000000,135247.28220000,0
1777294800000000,1.99400000,1.99800000,1.98200000,1.98800000,27583.24000000,1777298399999999,54965.45948000,437,11146.18000000,22214.32873000,0
1777298400000000,1.98900000,1.99100000,1.97700000,1.98500000,34536.98000000,1777301999999999,68523.81077000,657,21632.64000000,42922.62892000,0
1777302000000000,1.98500000,1.98900000,1.97300000,1.97800000,79519.41000000,1777305599999999,157466.70959000,1032,39541.55000000,78312.41639000,0
1777305600000000,1.97800000,1.98800000,1.97400000,1.97900000,43376.64000000,1777309199999999,86011.17446000,524,19776.36000000,39215.72165000,0
1777309200000000,1.97900000,1.98600000,1.97900000,1.98300000,26343.87000000,1777312799999999,52248.94401000,269,12032.55000000,23866.49637000,0
1777312800000000,1.98300000,1.98600000,1.97700000,1.98200000,11944.82000000,1777316399999999,23663.75237000,240,5401.94000000,10699.16059000,0
1777316400000000,1.98100000,1.98200000,1.97200000,1.97500000,12764.02000000,1777319999999999,25221.12880000,253,5689.74000000,11243.89384000,0
1777320000000000,1.97500000,1.98200000,1.97100000,1.97600000,18819.00000000,1777323599999999,37177.31518000,314,10839.27000000,21412.14475000,0
1777323600000000,1.97700000,1.98700000,1.97700000,1.98000000,10704.20000000,1777327199999999,21203.70124000,170,5103.58000000,10108.90856000,0
1777327200000000,1.97900000,1.98700000,1.97600000,1.98300000,16597.57000000,1777330799999999,32861.56629000,263,8127.08000000,16089.74422000,0
1777330800000000,1.98400000,1.99000000,1.98300000,1.98400000,16339.75000000,1777334399999999,32456.60670000,270,6889.52000000,13688.99217000,0
1777334400000000,1.98400000,1.98600000,1.97200000,1.97300000,24778.22000000,1777337999999999,49048.99194000,373,12251.68000000,24248.19178000,0
1777338000000000,1.97200000,1.97800000,1.97000000,1.97400000,18741.48000000,1777341599999999,37010.10207000,369,10171.10000000,20083.22187000,0
1777341600000000,1.97500000,1.98400000,1.97100000,1.97700000,32872.43000000,1777345199999999,64977.69594000,613,23324.97000000,46112.30839000,0
1777345200000000,1.97700000,1.98700000,1.97200000,1.98500000,57169.02000000,1777348799999999,113153.56212000,783,36867.70000000,72982.89174000,0
1777348800000000,1.98400000,1.98900000,1.97900000,1.98500000,20079.18000000,1777352399999999,39848.33379000,309,8536.26000000,16944.13318000,0
1777352400000000,1.98500000,1.99100000,1.98300000,1.98600000,30911.15000000,1777355999999999,61428.44399000,386,23584.95000000,46880.05129000,0
1777356000000000,1.98500000,1.99000000,1.97600000,1.98100000,80208.69000000,1777359599999999,159186.24174000,600,40176.03000000,79725.90057000,0
1777359600000000,1.98200000,1.98400000,1.97500000,1.97800000,45462.75000000,1777363199999999,90005.74362000,550,10881.89000000,21538.09482000,0
1777363200000000,1.97700000,1.98400000,1.97100000,1.97300000,23226.26000000,1777366799999999,45934.75314000,387,15815.17000000,31283.21941000,0
1777366800000000,1.97300000,1.97400000,1.96300000,1.96500000,36231.26000000,1777370399999999,71275.86913000,351,20790.46000000,40882.16535000,0
1777370400000000,1.96600000,1.97300000,1.96300000,1.97000000,18331.15000000,1777373999999999,36083.84139000,242,11212.44000000,22070.98638000,0
1777374000000000,1.97100000,1.97200000,1.95500000,1.95500000,18430.19000000,1777377599999999,36186.44633000,295,10712.70000000,21050.08722000,0
1777377600000000,1.95600000,1.95700000,1.94600000,1.95300000,43206.09000000,1777381199999999,84303.43310000,661,26667.84000000,52042.22696000,0
1777381200000000,1.95300000,1.96200000,1.94600000,1.95100000,79078.13000000,1777384799999999,154562.01783000,912,27968.60000000,54698.50104000,0
1777384800000000,1.95100000,1.95100000,1.93200000,1.94200000,155583.44000000,1777388399999999,302291.72012000,1313,35323.42000000,68612.06319000,0
1777388400000000,1.94300000,1.94500000,1.93500000,1.93900000,21783.62000000,1777391999999999,42250.99061000,446,13975.74000000,27105.64965000,0
1777392000000000,1.93800000,1.95000000,1.93400000,1.94600000,14373.14000000,1777395599999999,27910.36497000,398,7649.37000000,14858.17523000,0
1777395600000000,1.94500000,1.95200000,1.94200000,1.94600000,17127.44000000,1777399199999999,33340.56511000,480,6616.17000000,12883.30855000,0
1777399200000000,1.94600000,1.94900000,1.94100000,1.94700000,7705.13000000,1777402799999999,14989.66603000,212,4609.42000000,8968.07522000,0
1777402800000000,1.94700000,1.95200000,1.94100000,1.95200000,20865.69000000,1777406399999999,40626.30189000,359,14277.19000000,27799.82924000,0
1777406400000000,1.95100000,1.95500000,1.94700000,1.94700000,10124.59000000,1777409999999999,19758.40625000,233,3986.28000000,7781.25143000,0
1777410000000000,1.94800000,1.95800000,1.94800000,1.95400000,22069.51000000,1777413599999999,43120.09026000,374,13340.47000000,26070.03824000,0
1777413600000000,1.95400000,1.95900000,1.95300000,1.95800000,5405.34000000,1777417199999999,10571.36837000,138,2192.86000000,4289.75311000,0
1777417200000000,1.95700000,1.95900000,1.95200000,1.95300000,6164.72000000,1777420799999999,12052.20982000,100,2355.22000000,4607.03843000,0
1777420800000000,1.95200000,1.96600000,1.95200000,1.96200000,30252.91000000,1777424399999999,59326.05429000,425,15484.68000000,30352.04510000,0
1777424400000000,1.96100000,1.97600000,1.96100000,1.97600000,55238.30000000,1777427999999999,108700.78426000,547,30174.94000000,59393.13910000,0
1777428000000000,1.97500000,1.98500000,1.97200000,1.97600000,29938.10000000,1777431599999999,59206.32252000,359,12853.09000000,25410.68988000,0
1777431600000000,1.97600000,1.98800000,1.97600000,1.98700000,12132.41000000,1777435199999999,24065.32301000,280,9186.60000000,18222.25162000,0
1777435200000000,1.98700000,1.99000000,1.98200000,1.98700000,22239.00000000,1777438799999999,44206.11696000,231,16763.65000000,33322.93213000,0
1777438800000000,1.98800000,1.98800000,1.98000000,1.98100000,10829.85000000,1777442399999999,21468.80505000,172,2812.80000000,5580.73637000,0
1777442400000000,1.98000000,1.98100000,1.97300000,1.97500000,32810.03000000,1777445999999999,64910.25370000,286,22176.25000000,43889.22019000,0
1777446000000000,1.97600000,1.97700000,1.96800000,1.97000000,23688.80000000,1777449599999999,46716.12924000,328,8591.84000000,16943.91364000,0
1777449600000000,1.97000000,1.97100000,1.96100000,1.96300000,24273.11000000,1777453199999999,47727.41156000,377,15005.72000000,29516.09177000,0
1777453200000000,1.96200000,1.97100000,1.95800000,1.96800000,20024.17000000,1777456799999999,39318.03742000,440,11249.67000000,22091.26749000,0
1777456800000000,1.96900000,1.97400000,1.96400000,1.96400000,29679.07000000,1777460399999999,58437.60062000,533,14273.37000000,28108.67419000,0
1777460400000000,1.96400000,1.96600000,1.95700000,1.96000000,33216.00000000,1777463999999999,65149.79536000,581,10187.55000000,19979.30008000,0
1777464000000000,1.96000000,1.96000000,1.94900000,1.95200000,34451.89000000,1777467599999999,67290.50258000,619,13131.99000000,25662.49665000,0
1777467600000000,1.95200000,1.95300000,1.94000000,1.94700000,30631.80000000,1777471199999999,59562.95746000,668,14491.85000000,28181.98487000,0
1777471200000000,1.94600000,1.95300000,1.94200000,1.94200000,23767.46000000,1777474799999999,46292.23700000,336,9816.55000000,19127.57802000,0
1777474800000000,1.94200000,1.94200000,1.92100000,1.92400000,36287.48000000,1777478399999999,69993.28790000,951,14094.33000000,27168.97224000,0
1777478400000000,1.92300000,1.92800000,1.91900000,1.92200000,15635.48000000,1777481999999999,30068.71159000,367,5749.73000000,11057.88480000,0
1777482000000000,1.92300000,1.93600000,1.92300000,1.93400000,9518.88000000,1777485599999999,18374.08805000,210,6146.43000000,11866.38916000,0
1777485600000000,1.93500000,1.93500000,1.89600000,1.91500000,80376.97000000,1777489199999999,153451.00722000,1506,35062.74000000,66865.31896000,0
1777489200000000,1.91600000,1.91700000,1.90700000,1.91400000,10704.56000000,1777492799999999,20487.94947000,255,4935.44000000,9451.00318000,0
1777492800000000,1.91400000,1.92100000,1.91400000,1.91800000,9837.40000000,1777496399999999,18873.09788000,225,7426.60000000,14248.54293000,0
1777496400000000,1.91800000,1.92700000,1.91500000,1.92200000,14102.51000000,1777499999999999,27095.79320000,248,8910.60000000,17118.76701000,0
1777500000000000,1.92200000,1.92700000,1.91700000,1.92100000,7892.04000000,1777503599999999,15157.87844000,310,4302.02000000,8263.52045000,0
1777503600000000,1.92100000,1.92900000,1.91600000,1.92900000,26835.27000000,1777507199999999,51639.40516000,410,18126.42000000,34884.78559000,0
1777507200000000,1.92900000,1.93900000,1.92500000,1.93800000,12734.81000000,1777510799999999,24607.72739000,277,8774.68000000,16955.34043000,0
1777510800000000,1.93800000,1.93900000,1.93200000,1.93200000,4874.90000000,1777514399999999,9435.22082000,181,2148.16000000,4160.05443000,0
1777514400000000,1.93200000,1.93200000,1.90900000,1.91400000,20565.94000000,1777517999999999,39503.01102000,483,6856.54000000,13175.06380000,0
1777518000000000,1.91300000,1.91800000,1.90100000,1.91600000,65405.22000000,1777521599999999,124884.74344000,1027,33749.30000000,64501.77816000,0
1777521600000000,1.91600000,1.91700000,1.90000000,1.90100000,11655.72000000,1777525199999999,22272.16720000,293,3134.24000000,5982.96365000,0
1777525200000000,1.90000000,1.92100000,1.90000000,1.90900000,127512.12000000,1777528799999999,243722.56358000,1386,75758.96000000,144790.13004000,0
1777528800000000,1.90900000,1.91800000,1.90600000,1.91600000,14745.21000000,1777532399999999,28176.67852000,330,7928.28000000,15155.73660000,0
1777532400000000,1.91600000,1.91800000,1.91200000,1.91300000,13377.17000000,1777535999999999,25619.14997000,226,8226.16000000,15756.56924000,0
1777536000000000,1.91300000,1.91500000,1.90700000,1.90900000,10439.71000000,1777539599999999,19948.40145000,169,6369.31000000,12172.47819000,0
1777539600000000,1.91000000,1.91400000,1.90600000,1.91200000,25025.70000000,1777543199999999,47819.62144000,309,16432.28000000,31403.74455000,0
1777543200000000,1.91200000,1.92300000,1.91100000,1.91700000,86010.76000000,1777546799999999,164938.24016000,734,61231.32000000,117403.49918000,0
1777546800000000,1.91700000,1.92400000,1.91500000,1.92000000,96692.86000000,1777550399999999,185622.89615000,822,38418.82000000,73783.48155000,0
1777550400000000,1.92000000,1.92700000,1.90800000,1.90900000,33024.38000000,1777553999999999,63432.69075000,509,13870.26000000,26636.72009000,0
1777554000000000,1.90900000,1.91400000,1.90600000,1.90600000,31242.65000000,1777557599999999,59669.22176000,499,16474.22000000,31466.01213000,0
1777557600000000,1.90600000,1.91200000,1.90200000,1.90300000,62683.92000000,1777561199999999,119431.91530000,738,25805.31000000,49174.01110000,0
1777561200000000,1.90300000,1.90900000,1.89900000,1.90700000,15462.32000000,1777564799999999,29416.87864000,362,6624.81000000,12611.16908000,0
1777564800000000,1.90600000,1.90700000,1.89200000,1.89300000,17311.86000000,1777568399999999,32879.49226000,400,9399.98000000,17845.21518000,0
1777568400000000,1.89300000,1.89400000,1.87900000,1.88000000,29381.26000000,1777571999999999,55382.16440000,510,14744.10000000,27822.81455000,0
1777572000000000,1.88000000,1.89300000,1.87700000,1.88900000,30908.32000000,1777575599999999,58306.03711000,426,23986.87000000,45263.69496000,0
1777575600000000,1.88800000,1.89400000,1.87700000,1.88100000,46181.44000000,1777579199999999,86964.02821000,664,24403.55000000,45977.46762000,0
1777579200000000,1.88100000,1.88500000,1.87700000,1.88100000,50700.00000000,1777582799999999,95377.27045000,827,21204.74000000,39906.68577000,0
1777582800000000,1.88100000,1.88400000,1.87600000,1.87700000,25550.70000000,1777586399999999,48020.15398000,580,10169.20000000,19116.72724000,0
1777586400000000,1.87800000,1.88400000,1.87700000,1.88300000,8547.99000000,1777589999999999,16069.25333000,189,5281.34000000,9930.30320000,0
1777590000000000,1.88200000,1.89300000,1.88200000,1.88800000,13154.93000000,1777593599999999,24851.42253000,192,3753.94000000,7092.42952000,0
