1761955200000000,2.96300000,2.96800000,2.95200000,2.96500000,24351.18000000,1761958799999999,72095.67971000,430,14216.66000000,42096.28716000,0
1761958800000000,2.96300000,2.97600000,2.96000000,2.96100000,22416.60000000,1761962399999999,66540.74515000,314,12983.79000000,38542.77523000,0
1761962400000000,2.95900000,2.97000000,2.94600000,2.96900000,24340.15000000,1761965999999999,71987.76146000,475,14254.64000000,42167.39364000,0
1761966000000000,2.96900000,2.98700000,2.96900000,2.97800000,48177.80000000,1761969599999999,143490.08498000,517,29617.92000000,88196.16436000,0
1761969600000000,2.98000000,2.98000000,2.96600000,2.96900000,23598.10000000,1761973199999999,70138.94411000,468,14327.80000000,42582.02537000,0
1761973200000000,2.96900000,2.97100000,2.96000000,2.96200000,33569.19000000,1761976799999999,99560.06552000,465,20546.01000000,60952.73319000,0
1761976800000000,2.96200000,2.97300000,2.96100000,2.97200000,21377.04000000,1761980399999999,63391.10703000,388,14778.48000000,43827.28700000,0
1761980400000000,2.97300000,3.01400000,2.97100000,3.00900000,96699.31000000,1761983999999999,289222.82302000,1048,69283.57000000,207171.85375000,0
1761984000000000,3.01100000,3.02100000,2.99400000,3.01300000,48999.44000000,1761987599999999,147390.64495000,605,24792.94000000,74596.69558000,0
1761987600000000,3.01400000,3.02000000,2.99500000,2.99900000,66798.02000000,1761991199999999,200658.57598000,693,32845.65000000,98636.47928000,0
1761991200000000,2.99900000,3.01500000,2.99600000,3.00800000,42368.97000000,1761994799999999,127385.78193000,400,20754.27000000,62383.20442000,0
1761994800000000,3.01000000,3.02100000,3.00500000,3.01500000,54021.68000000,1761998399999999,162849.84379000,539,20872.08000000,62916.40090000,0
1761998400000000,3.01600000,3.02000000,2.99700000,3.01300000,109634.32000000,1762001999999999,329856.36272000,1182,57905.39000000,174236.82684000,0
1762002000000000,3.01300000,3.02000000,2.99600000,3.00700000,48901.92000000,1762005599999999,147277.63666000,770,22619.58000000,68146.20175000,0
1762005600000000,3.00900000,3.01400000,2.98000000,2.99300000,71540.24000000,1762009199999999,214016.49287000,1292,41789.11000000,125029.20510000,0
1762009200000000,2.99200000,3.01700000,2.99100000,3.01000000,89030.64000000,1762012799999999,267535.31960000,1174,56275.20000000,169062.66050000,0
1762012800000000,3.01000000,3.04500000,3.00600000,3.02700000,134890.33000000,1762016399999999,408128.99815000,1348,89284.07000000,270131.33472000,0
1762016400000000,3.02700000,3.03200000,3.02000000,3.02500000,34578.03000000,1762019999999999,104587.62440000,543,18365.09000000,55553.60014000,0
1762020000000000,3.02500000,3.04000000,3.01500000,3.03400000,59978.67000000,1762023599999999,181428.47701000,650,36215.76000000,109601.14368000,0
1762023600000000,3.03300000,3.03600000,3.02500000,3.02900000,42534.55000000,1762027199999999,128898.75279000,578,19554.41000000,59267.59913000,0
1762027200000000,3.02900000,3.04700000,3.02600000,3.03300000,32423.90000000,1762030799999999,98478.07323000,489,16764.14000000,50911.65188000,0
1762030800000000,3.03200000,3.03700000,3.00800000,3.00900000,43216.17000000,1762034399999999,130713.20418000,440,16965.69000000,51358.47217000,0
1762034400000000,3.00800000,3.02400000,3.00700000,3.02300000,23173.97000000,1762037999999999,69904.46052000,387,15790.49000000,47639.73140000,0
1762038000000000,3.02400000,3.03800000,3.01800000,3.03000000,53817.45000000,1762041599999999,162977.97624000,508,32203.80000000,97519.16787000,0
1762041600000000,3.02900000,3.02900000,3.00600000,3.01600000,81457.63000000,1762045199999999,245361.24785000,1312,30676.55000000,92414.31695000,0
1762045200000000,3.01600000,3.02000000,2.99900000,3.00700000,37597.89000000,1762048799999999,113222.12626000,526,24681.18000000,74357.23695000,0
1762048800000000,3.00700000,3.02000000,3.00100000,3.00100000,22055.74000000,1762052399999999,66333.38472000,337,10623.54000000,31979.19278000,0
1762052400000000,3.00000000,3.00700000,2.99200000,2.99700000,20443.55000000,1762055999999999,61351.16725000,280,9069.75000000,27220.57612000,0
1762056000000000,2.99700000,3.01900000,2.99100000,3.01700000,36856.52000000,1762059599999999,110763.01770000,399,20294.36000000,61024.47733000,0
1762059600000000,3.01700000,3.02900000,3.01100000,3.02800000,17472.78000000,1762063199999999,52733.23951000,341,8596.38000000,25953.02360000,0
1762063200000000,3.02800000,3.04200000,3.02100000,3.03100000,94426.85000000,1762066799999999,286353.30728000,1045,26587.01000000,80606.54661000,0
1762066800000000,3.03200000,3.05900000,3.02700000,3.05400000,63162.18000000,1762070399999999,192485.67931000,791,31050.84000000,94702.37021000,0
1762070400000000,3.05400000,3.05700000,3.03500000,3.04000000,71419.88000000,1762073999999999,217605.96729000,722,36003.69000000,109714.51444000,0
1762074000000000,3.04000000,3.06100000,3.03300000,3.03400000,67860.58000000,1762077599999999,206634.33043000,855,27341.44000000,83272.38973000,0
1762077600000000,3.03300000,3.04100000,3.00500000,3.01300000,90488.51000000,1762081199999999,273189.32293000,1221,41802.27000000,126187.70781000,0
1762081200000000,3.01200000,3.04900000,3.00900000,3.04900000,78150.61000000,1762084799999999,236500.50000000,853,35322.03000000,106884.15969000,0
1762084800000000,3.04800000,3.05000000,3.03200000,3.04400000,89757.41000000,1762088399999999,273049.27814000,952,48353.93000000,147177.31061000,0
1762088400000000,3.04300000,3.04500000,3.02000000,3.03000000,52309.48000000,1762091999999999,158548.31319000,931,19042.95000000,57725.66986000,0
1762092000000000,3.02800000,3.03000000,2.96300000,2.97500000,145601.30000000,1762095599999999,435695.11561000,2168,49872.80000000,149235.32947000,0
1762095600000000,2.97400000,2.99500000,2.96000000,2.97800000,80726.20000000,1762099199999999,240289.86019000,1194,29524.87000000,88031.09017000,0
1762099200000000,2.97900000,2.98800000,2.95200000,2.98500000,90608.02000000,1762102799999999,269464.86596000,1298,43624.99000000,129844.63433000,0
1762102800000000,2.98400000,2.98700000,2.96600000,2.98000000,59505.49000000,1762106399999999,177286.55316000,664,26875.68000000,80085.85713000,0
1762106400000000,2.98100000,2.98300000,2.96500000,2.96900000,35717.42000000,1762109999999999,106293.38168000,533,26179.89000000,77919.98430000,0
1762110000000000,2.96800000,2.97100000,2.95300000,2.97000000,55547.22000000,1762113599999999,164610.95282000,606,26798.39000000,79457.98950000,0
1762113600000000,2.97000000,2.98300000,2.96200000,2.98000000,23489.81000000,1762117199999999,69875.00376000,429,12399.09000000,36889.49057000,0
1762117200000000,2.98100000,2.99800000,2.97700000,2.99700000,66840.81000000,1762120799999999,199756.23577000,703,33317.24000000,99583.81382000,0
1762120800000000,2.99600000,3.02900000,2.99600000,3.01900000,115471.48000000,1762124399999999,348030.70707000,1358,66332.63000000,199815.95192000,0
1762124400000000,3.02000000,3.07800000,3.02000000,3.05400000,143392.54000000,1762127999999999,438545.86834000,1962,74742.23000000,228453.60250000,0
1762128000000000,3.05500000,3.06400000,2.99900000,3.00100000,67322.51000000,1762131599999999,204146.00230000,909,23309.52000000,70663.24780000,0
1762131600000000,3.00000000,3.00100000,2.95800000,2.96600000,116775.56000000,1762135199999999,347354.00752000,1232,39079.93000000,116200.05372000,0
1762135200000000,2.96500000,2.96800000,2.92300000,2.93700000,126695.98000000,1762138799999999,372510.20037000,1727,60494.09000000,177884.02606000,0
1762138800000000,2.93600000,2.94200000,2.85900000,2.86300000,292058.14000000,1762142399999999,843275.70218000,3854,92287.06000000,266397.26498000,0
1762142400000000,2.86200000,2.87500000,2.84300000,2.87300000,131712.99000000,1762145999999999,376112.51151000,2624,70006.88000000,199952.32897000,0
1762146000000000,2.87200000,2.89300000,2.83900000,2.84200000,115445.23000000,1762149599999999,330940.37654000,1514,55804.75000000,160022.18612000,0
1762149600000000,2.84200000,2.85600000,2.81500000,2.84800000,148596.41000000,1762153199999999,421891.71724000,1916,66244.37000000,188133.73718000,0
1762153200000000,2.84600000,2.86800000,2.83700000,2.85300000,76242.33000000,1762156799999999,217521.13276000,1026,42378.93000000,120922.44507000,0
1762156800000000,2.85300000,2.86000000,2.81700000,2.83800000,123013.48000000,1762160399999999,348820.66533000,1370,46973.52000000,133318.65859000,0
1762160400000000,2.83600000,2.86100000,2.79800000,2.79900000,180560.53000000,1762163999999999,510417.23529000,1828,78023.72000000,220718.68699000,0
1762164000000000,2.79800000,2.81100000,2.75100000,2.75900000,312546.54000000,1762167599999999,869975.55831000,4610,150944.99000000,420088.80079000,0
1762167600000000,2.75900000,2.79400000,2.75900000,2.77100000,178540.97000000,1762171199999999,496263.85888000,4954,98854.22000000,274796.61140000,0
1762171200000000,2.77200000,2.79000000,2.76400000,2.76600000,120590.56000000,1762174799999999,334884.01880000,2507,49925.78000000,138645.75655000,0
1762174800000000,2.76500000,2.79300000,2.75800000,2.77500000,167994.34000000,1762178399999999,465230.25093000,1836,89106.48000000,246771.20905000,0
1762178400000000,2.77500000,2.80400000,2.76300000,2.78400000,96453.60000000,1762181999999999,268220.79980000,1481,44754.22000000,124512.91392000,0
1762182000000000,2.78500000,2.79000000,2.61700000,2.62700000,1460908.30000000,1762185599999999,3944020.72872000,13981,644011.21000000,1731273.59554000,0
1762185600000000,2.62700000,2.69000000,2.61100000,2.65600000,329820.82000000,1762189199999999,875981.38782000,4457,194408.10000000,515806.27006000,0
1762189200000000,2.65500000,2.70200000,2.64800000,2.70200000,196053.64000000,1762192799999999,524867.06072000,2441,115382.27000000,309112.29226000,0
1762192800000000,2.70100000,2.70700000,2.61800000,2.62100000,262736.31000000,1762196399999999,697021.82223000,3201,104439.63000000,277159.15112000,0
1762196400000000,2.62100000,2.62800000,2.59000000,2.59100000,223246.10000000,1762199999999999,583305.90570000,2933,126097.42000000,329504.33141000,0
1762200000000000,2.59100000,2.59500000,2.51600000,2.53500000,406056.48000000,1762203599999999,1036243.88688000,5993,161471.55000000,411996.83258000,0
1762203600000000,2.53500000,2.56500000,2.48900000,2.50300000,910123.53000000,1762207199999999,2287800.28138000,9448,350750.47000000,881636.84409000,0
1762207200000000,2.50300000,2.52200000,2.47100000,2.49700000,614373.93000000,1762210799999999,1533894.19587000,4475,255915.10000000,638794.79248000,0
1762210800000000,2.49700000,2.52100000,2.47800000,2.50600000,311100.04000000,1762214399999999,779033.73729000,2906,100500.13000000,251653.65583000,0
1762214400000000,2.50700000,2.54000000,2.49700000,2.51900000,346722.70000000,1762217999999999,874926.21122000,3787,114273.48000000,288124.44903000,0
1762218000000000,2.51900000,2.52600000,2.50000000,2.51000000,145635.34000000,1762221599999999,365860.10063000,1578,73585.80000000,184827.45022000,0
1762221600000000,2.50900000,2.52500000,2.50100000,2.51400000,188113.08000000,1762225199999999,473095.87791000,1725,90795.25000000,228383.35447000,0
1762225200000000,2.51500000,2.53900000,2.50600000,2.53400000,205696.13000000,1762228799999999,519784.40636000,1909,110328.07000000,278714.67072000,0
1762228800000000,2.53400000,2.54000000,2.51400000,2.52500000,161495.99000000,1762232399999999,407631.26870000,1732,81196.40000000,204958.70332000,0
1762232400000000,2.52500000,2.54100000,2.41700000,2.43800000,522032.78000000,1762235999999999,1290606.65719000,6606,237694.15000000,587025.82967000,0
1762236000000000,2.43800000,2.52900000,2.43700000,2.52700000,299537.63000000,1762239599999999,748279.93717000,6975,161161.92000000,402401.43882000,0
1762239600000000,2.52600000,2.52900000,2.47400000,2.49100000,225456.95000000,1762243199999999,564008.87616000,3531,101735.75000000,254462.46132000,0
1762243200000000,2.49300000,2.55600000,2.47500000,2.52300000,303416.35000000,1762246799999999,765391.17151000,7731,186391.35000000,469782.67035000,0
1762246800000000,2.52300000,2.53100000,2.50500000,2.52100000,123071.64000000,1762250399999999,310131.13100000,1861,55830.80000000,140708.79262000,0
1762250400000000,2.52100000,2.56900000,2.51900000,2.56600000,261398.81000000,1762253999999999,666580.07859000,4602,124195.59000000,316643.23308000,0
1762254000000000,2.56700000,2.58400000,2.56000000,2.56700000,124605.23000000,1762257599999999,320372.44314000,2156,53604.25000000,137848.20842000,0
1762257600000000,2.56500000,2.56900000,2.54400000,2.55800000,79159.36000000,1762261199999999,202539.97542000,1690,38016.58000000,97293.83865000,0
1762261200000000,2.55800000,2.60500000,2.55400000,2.60300000,209626.03000000,1762264799999999,540808.31324000,5110,106445.07000000,274627.43219000,0
1762264800000000,2.60300000,2.63600000,2.56600000,2.63100000,225453.95000000,1762268399999999,586415.20330000,4400,110358.44000000,286957.24063000,0
1762268400000000,2.63100000,2.64100000,2.56900000,2.57800000,195683.58000000,1762271999999999,510654.20826000,3238,92057.74000000,240378.66634000,0
1762272000000000,2.57900000,2.59700000,2.53500000,2.53700000,161470.85000000,1762275599999999,413697.56099000,2689,73369.23000000,188103.92234000,0
1762275600000000,2.53600000,2.54600000,2.46400000,2.53000000,370482.16000000,1762279199999999,932601.97499000,4679,169116.19000000,425915.71914000,0
1762279200000000,2.52900000,2.53000000,2.43700000,2.48700000,398494.68000000,1762282799999999,986775.65752000,6894,195388.20000000,483559.79379000,0
1762282800000000,2.48800000,2.51000000,2.45300000,2.45700000,231592.04000000,1762286399999999,574773.64962000,3112,113201.59000000,281243.20897000,0
1762286400000000,2.45600000,2.46600000,2.35600000,2.43300000,571482.55000000,1762289999999999,1376388.67903000,11488,265348.43000000,638917.23977000,0
1762290000000000,2.43300000,2.44200000,2.34600000,2.43600000,544327.44000000,1762293599999999,1303817.07235000,8003,259756.60000000,622450.30400000,0
1762293600000000,2.43600000,2.54300000,2.42500000,2.54000000,445330.52000000,1762297199999999,1110825.18640000,8815,246507.10000000,615020.11213000,0
1762297200000000,2.54000000,2.55200000,2.50500000,2.50700000,222736.41000000,1762300799999999,562042.64303000,2409,100366.84000000,253477.95548000,0
1762300800000000,2.50700000,2.52300000,2.46500000,2.49100000,245723.40000000,1762304399999999,613169.27024000,2564,124558.24000000,310935.81647000,0
1762304400000000,2.49200000,2.49200000,2.40700000,2.46900000,245713.34000000,1762307999999999,601706.67011000,3975,98119.74000000,239989.11825000,0
1762308000000000,2.47000000,2.54100000,2.47000000,2.53800000,282058.87000000,1762311599999999,708169.38361000,6973,160918.16000000,404092.10050000,0
1762311600000000,2.54000000,2.55300000,2.52500000,2.54700000,124832.25000000,1762315199999999,317045.42931000,3467,61831.74000000,157101.86443000,0
1762315200000000,2.54900000,2.56800000,2.54400000,2.55200000,76183.00000000,1762318799999999,194631.83841000,1162,38408.27000000,98125.80271000,0
1762318800000000,2.55300000,2.59300000,2.55200000,2.58500000,127383.99000000,1762322399999999,328700.15766000,1572,69105.90000000,178254.70243000,0
1762322400000000,2.58400000,2.59200000,2.56300000,2.59100000,102302.10000000,1762325999999999,263531.58351000,1113,52118.86000000,134304.09345000,0
1762326000000000,2.59200000,2.61600000,2.57200000,2.61100000,108957.35000000,1762329599999999,282851.06275000,1331,51339.09000000,133324.49968000,0
1762329600000000,2.61000000,2.61000000,2.55100000,2.56700000,105145.55000000,1762333199999999,270686.13196000,1501,36754.45000000,94594.15501000,0
1762333200000000,2.56500000,2.59200000,2.56300000,2.57800000,79102.91000000,1762336799999999,203932.34867000,1103,40064.84000000,103299.17588000,0
1762336800000000,2.57800000,2.59400000,2.56600000,2.56700000,74463.61000000,1762340399999999,191997.48152000,1045,31993.51000000,82504.95384000,0
1762340400000000,2.56700000,2.60500000,2.56600000,2.60500000,98772.18000000,1762343999999999,255756.04671000,1216,62515.35000000,161873.68768000,0
1762344000000000,2.60500000,2.62600000,2.58700000,2.61100000,119140.16000000,1762347599999999,310682.51429000,1462,56495.93000000,147401.51285000,0
1762347600000000,2.61100000,2.65900000,2.60800000,2.65000000,131209.08000000,1762351199999999,345826.22966000,1668,73899.47000000,194879.79280000,0
1762351200000000,2.64900000,2.64900000,2.60700000,2.62600000,125677.69000000,1762354799999999,330700.64065000,1733,50250.64000000,132295.65000000,0
1762354800000000,2.62600000,2.66900000,2.61500000,2.66900000,124279.73000000,1762358399999999,327648.77669000,1524,69136.20000000,182315.13640000,0
1762358400000000,2.66800000,2.67000000,2.63500000,2.66200000,142608.17000000,1762361999999999,378295.88295000,1872,62658.54000000,166234.31577000,0
1762362000000000,2.66100000,2.66100000,2.63600000,2.64700000,76392.58000000,1762365599999999,202428.31795000,1004,40875.06000000,108339.42092000,0
1762365600000000,2.64600000,2.68100000,2.64300000,2.67000000,77184.19000000,1762369199999999,205526.93414000,1043,41123.42000000,109562.62948000,0
1762369200000000,2.66900000,2.67700000,2.65600000,2.67500000,100378.62000000,1762372799999999,267575.05922000,1117,55522.84000000,147994.21788000,0
1762372800000000,2.67500000,2.68500000,2.65400000,2.66300000,89600.96000000,1762376399999999,239381.67836000,1103,42473.12000000,113504.89739000,0
1762376400000000,2.66200000,2.68000000,2.65200000,2.67500000,125828.77000000,1762379999999999,335603.51183000,1245,68380.82000000,182347.28899000,0
1762380000000000,2.67300000,2.68100000,2.66600000,2.68100000,38967.98000000,1762383599999999,104218.71744000,566,22700.20000000,60724.18177000,0
1762383600000000,2.68100000,2.68200000,2.66500000,2.66700000,53547.25000000,1762387199999999,143123.11651000,756,30189.44000000,80711.43817000,0
1762387200000000,2.66700000,2.67200000,2.65400000,2.66500000,74301.40000000,1762390799999999,197800.65275000,896,42383.31000000,112844.79912000,0
1762390800000000,2.66500000,2.66500000,2.62400000,2.64100000,60841.28000000,1762394399999999,160577.87788000,967,28062.33000000,74087.33483000,0
1762394400000000,2.64000000,2.66000000,2.61100000,2.64900000,72303.92000000,1762397999999999,190388.94656000,1089,39346.20000000,103641.40518000,0
1762398000000000,2.64800000,2.65800000,2.64300000,2.64500000,29665.45000000,1762401599999999,78622.04803000,467,13869.14000000,36753.75225000,0
1762401600000000,2.64400000,2.64600000,2.62900000,2.63700000,57179.73000000,1762405199999999,150771.08907000,609,26871.25000000,70856.60292000,0
1762405200000000,2.63700000,2.63700000,2.58100000,2.58400000,153885.72000000,1762408799999999,399549.54294000,1228,90198.80000000,233982.68331000,0
1762408800000000,2.58500000,2.59600000,2.57800000,2.58700000,87765.07000000,1762412399999999,227186.51983000,1090,43817.81000000,113431.72916000,0
1762412400000000,2.58600000,2.60400000,2.57100000,2.58100000,90254.19000000,1762415999999999,233495.38806000,1515,37147.93000000,96144.59583000,0
1762416000000000,2.58000000,2.59300000,2.57400000,2.58300000,73969.58000000,1762419599999999,191079.42517000,1126,29151.38000000,75293.42405000,0
1762419600000000,2.58300000,2.59800000,2.57900000,2.58200000,50010.75000000,1762423199999999,129369.89891000,917,20744.80000000,53669.14421000,0
1762423200000000,2.58100000,2.60000000,2.57200000,2.59600000,76010.92000000,1762426799999999,196598.53126000,1497,34427.07000000,89077.92384000,0
1762426800000000,2.59400000,2.60100000,2.57800000,2.59200000,59053.70000000,1762430399999999,152934.96757000,657,27050.27000000,70065.16251000,0
1762430400000000,2.59100000,2.60100000,2.56800000,2.57200000,79287.41000000,1762433999999999,204867.60186000,1061,34019.56000000,87898.35341000,0
1762434000000000,2.57200000,2.62900000,2.57200000,2.61300000,124447.84000000,1762437599999999,324954.60315000,1431,68923.30000000,180049.08058000,0
1762437600000000,2.61500000,2.62100000,2.57500000,2.57700000,100273.99000000,1762441199999999,259951.15217000,1650,42954.70000000,111405.41297000,0
1762441200000000,2.57800000,2.60900000,2.55000000,2.56500000,171574.86000000,1762444799999999,441617.11592000,2731,83911.54000000,216097.91041000,0
1762444800000000,2.56500000,2.58300000,2.53400000,2.56700000,124653.28000000,1762448399999999,319090.05865000,1774,59870.12000000,153353.84420000,0
1762448400000000,2.56700000,2.62200000,2.56200000,2.61300000,142942.80000000,1762451999999999,370043.65851000,1907,72100.67000000,186698.33706000,0
1762452000000000,2.61200000,2.64800000,2.59200000,2.62600000,175182.20000000,1762455599999999,459891.43317000,1568,72976.72000000,191716.54181000,0
1762455600000000,2.62600000,2.64700000,2.61900000,2.63100000,90962.47000000,1762459199999999,239240.25573000,1228,43196.38000000,113698.33936000,0
1762459200000000,2.63400000,2.65100000,2.61400000,2.63700000,101499.30000000,1762462799999999,267217.44579000,1404,49084.82000000,129269.31214000,0
1762462800000000,2.63700000,2.67700000,2.62600000,2.66400000,156867.69000000,1762466399999999,416400.24375000,1642,85053.69000000,225892.01077000,0
1762466400000000,2.66600000,2.67900000,2.64300000,2.66900000,98636.46000000,1762469999999999,262897.96647000,1017,43177.37000000,115151.15331000,0
1762470000000000,2.66600000,2.66600000,2.63100000,2.64800000,82814.94000000,1762473599999999,218825.20600000,802,36876.13000000,97408.34115000,0
1762473600000000,2.64900000,2.72400000,2.64600000,2.72100000,263813.91000000,1762477199999999,710167.66241000,2754,162005.17000000,436358.21052000,0
1762477200000000,2.72200000,2.72600000,2.67200000,2.70200000,234607.63000000,1762480799999999,633392.16020000,2982,124669.28000000,336761.03537000,0
1762480800000000,2.70200000,2.71000000,2.67100000,2.70900000,128428.04000000,1762484399999999,345198.73660000,1518,51335.45000000,138181.62625000,0
1762484400000000,2.71000000,2.72700000,2.70100000,2.71600000,67926.41000000,1762487999999999,184676.61547000,920,37704.82000000,102523.84103000,0
1762488000000000,2.71800000,2.72800000,2.69100000,2.69800000,183718.35000000,1762491599999999,496099.91124000,1906,91207.74000000,246280.55422000,0
1762491600000000,2.69800000,2.74600000,2.69700000,2.74400000,81170.28000000,1762495199999999,221150.75123000,1162,43451.58000000,118360.27781000,0
1762495200000000,2.74400000,2.76800000,2.73700000,2.74000000,108977.35000000,1762498799999999,300101.95419000,1350,57606.72000000,158708.95681000,0
1762498800000000,2.74000000,2.79400000,2.73400000,2.78700000,149672.49000000,1762502399999999,413722.93943000,1871,78727.08000000,217858.62413000,0
1762502400000000,2.78800000,2.79300000,2.75300000,2.77000000,219300.68000000,1762505999999999,608322.56325000,2175,99156.34000000,275040.64496000,0
1762506000000000,2.77000000,2.78200000,2.71900000,2.76300000,192897.89000000,1762509599999999,529611.45840000,2527,103898.69000000,285332.41428000,0
1762509600000000,2.76300000,2.80400000,2.74500000,2.78400000,347900.37000000,1762513199999999,966123.45881000,3831,184337.03000000,511721.54365000,0
1762513200000000,2.78300000,2.78900000,2.73100000,2.75300000,252303.75000000,1762516799999999,695593.68476000,3184,121951.89000000,336230.36859000,0
1762516800000000,2.75400000,2.76300000,2.68400000,2.71100000,179983.27000000,1762520399999999,488554.33646000,2633,82522.86000000,223868.20589000,0
1762520400000000,2.71000000,2.77500000,2.70300000,2.76300000,163441.18000000,1762523999999999,449150.37612000,2731,86541.36000000,237739.50384000,0
1762524000000000,2.76100000,2.82600000,2.72200000,2.81200000,285069.86000000,1762527599999999,791480.74221000,4266,139604.54000000,388059.97251000,0
1762527600000000,2.81200000,2.87200000,2.78400000,2.86500000,442839.33000000,1762531199999999,1256561.66556000,5660,241649.76000000,685461.54673000,0
1762531200000000,2.86500000,2.97500000,2.83800000,2.96800000,506703.55000000,1762534799999999,1473146.17528000,6247,275191.29000000,800284.11174000,0
1762534800000000,2.96900000,3.03200000,2.94300000,3.03000000,385593.53000000,1762538399999999,1151715.82478000,5015,213186.02000000,636813.94511000,0
1762538400000000,3.03200000,3.19900000,3.02300000,3.08800000,740465.15000000,1762541999999999,2301454.69101000,9353,393412.84000000,1222941.57902000,0
1762542000000000,3.08700000,3.14900000,3.08300000,3.09100000,439692.27000000,1762545599999999,1367238.27867000,4928,181819.81000000,565323.74932000,0
1762545600000000,3.09100000,3.10500000,3.06900000,3.08400000,158449.66000000,1762549199999999,488971.27962000,2481,71813.52000000,221642.91415000,0
1762549200000000,3.08500000,3.14000000,3.08300000,3.13000000,222150.62000000,1762552799999999,692614.58805000,2692,111298.39000000,347224.69467000,0
1762552800000000,3.13100000,3.13400000,3.10300000,3.10600000,88125.15000000,1762556399999999,274808.31759000,1405,40971.48000000,127782.46618000,0
1762556400000000,3.10600000,3.10600000,3.03400000,3.05100000,142516.68000000,1762559999999999,436611.00509000,2345,66383.48000000,203278.72955000,0
1762560000000000,3.05000000,3.10900000,3.02900000,3.03000000,214132.68000000,1762563599999999,658079.05465000,3747,97234.77000000,298912.07170000,0
1762563600000000,3.03000000,3.11000000,3.02600000,3.11000000,118713.34000000,1762567199999999,364730.50930000,2621,72004.47000000,221266.28495000,0
1762567200000000,3.11100000,3.15700000,3.10600000,3.12000000,254220.53000000,1762570799999999,795886.34996000,4063,152142.23000000,476544.85831000,0
1762570800000000,3.11800000,3.12900000,3.03900000,3.03900000,233847.61000000,1762574399999999,723167.11102000,3341,100750.37000000,311277.19177000,0
1762574400000000,3.03900000,3.08500000,3.03900000,3.06200000,98966.51000000,1762577999999999,303263.09251000,2030,58139.23000000,178131.13905000,0
1762578000000000,3.06100000,3.06800000,3.01500000,3.02100000,204875.80000000,1762581599999999,622149.77596000,2938,90533.32000000,274930.56143000,0
1762581600000000,3.02200000,3.03100000,2.97800000,2.98600000,325405.46000000,1762585199999999,976220.55865000,4667,143467.20000000,430433.80212000,0
1762585200000000,2.98800000,2.99800000,2.96000000,2.99500000,143007.37000000,1762588799999999,426760.25756000,2399,76859.97000000,229518.14499000,0
1762588800000000,2.99400000,3.02700000,2.96700000,3.00600000,141460.33000000,1762592399999999,424943.78284000,2428,82124.92000000,246857.86690000,0
1762592400000000,3.00500000,3.00900000,2.95900000,2.97200000,87085.83000000,1762595999999999,259504.99390000,1427,45078.42000000,134327.00936000,0
1762596000000000,2.97200000,3.00900000,2.96800000,3.00400000,67747.31000000,1762599599999999,202413.41726000,1240,32189.37000000,96166.72570000,0
1762599600000000,3.00600000,3.03300000,2.99600000,3.01300000,206380.66000000,1762603199999999,622268.38821000,3088,99860.86000000,301090.45276000,0
1762603200000000,3.01100000,3.01800000,2.98800000,3.01200000,117170.86000000,1762606799999999,351819.47931000,1827,66216.17000000,198864.87483000,0
1762606800000000,3.01200000,3.01400000,2.95500000,2.95500000,94012.11000000,1762610399999999,280199.68794000,1983,39881.59000000,118833.01560000,0
1762610400000000,2.95600000,2.97000000,2.92800000,2.95600000,153270.72000000,1762613999999999,452521.79781000,2589,84196.01000000,248615.64623000,0
1762614000000000,2.95700000,2.97300000,2.89300000,2.91600000,283519.40000000,1762617599999999,830327.95320000,3587,107269.98000000,314584.94401000,0
1762617600000000,2.91700000,2.93300000,2.88900000,2.92500000,121198.63000000,1762621199999999,353372.72936000,2529,64133.39000000,187135.55878000,0
1762621200000000,2.92500000,2.94900000,2.91000000,2.93800000,68403.83000000,1762624799999999,200732.48573000,1348,40274.06000000,118261.82553000,0
1762624800000000,2.93900000,2.95700000,2.93200000,2.95000000,67477.35000000,1762628399999999,198794.11668000,1059,41855.34000000,123409.67216000,0
1762628400000000,2.95000000,2.95400000,2.91500000,2.92700000,62430.48000000,1762631999999999,182536.92328000,1139,17405.46000000,50923.52538000,0
1762632000000000,2.92700000,2.95000000,2.91600000,2.93600000,40373.91000000,1762635599999999,118441.15395000,896,23535.36000000,69064.51580000,0
1762635600000000,2.93500000,2.94300000,2.92900000,2.94000000,21704.64000000,1762639199999999,63742.00541000,583,10877.68000000,31950.93886000,0
1762639200000000,2.94000000,2.95100000,2.93000000,2.94300000,72938.35000000,1762642799999999,214653.24572000,872,44787.94000000,131802.99342000,0
1762642800000000,2.94300000,2.95600000,2.93500000,2.95300000,64858.29000000,1762646399999999,191237.71356000,911,23074.08000000,68004.07554000,0
1762646400000000,2.95400000,2.95500000,2.92100000,2.92900000,83764.26000000,1762649999999999,245899.19175000,1398,38451.94000000,112858.19707000,0
1762650000000000,2.92800000,2.95100000,2.92500000,2.93700000,73217.59000000,1762653599999999,215070.48225000,1182,35939.62000000,105529.95948000,0
1762653600000000,2.93700000,2.93700000,2.86400000,2.87200000,128130.71000000,1762657199999999,371052.83343000,2360,41620.35000000,120456.53424000,0
1762657200000000,2.87100000,2.88000000,2.83500000,2.85500000,136101.48000000,1762660799999999,388390.98000000,2307,57549.87000000,164153.37209000,0
1762660800000000,2.85600000,2.89000000,2.85600000,2.86500000,73138.64000000,1762664399999999,210080.15901000,1183,40120.10000000,115294.65921000,0
1762664400000000,2.86400000,2.87500000,2.85600000,2.87000000,45898.94000000,1762667999999999,131609.23573000,884,20850.83000000,59789.36521000,0
1762668000000000,2.87000000,2.89300000,2.85900000,2.86800000,68019.47000000,1762671599999999,195863.32125000,1081,28161.68000000,81129.06543000,0
1762671600000000,2.86900000,2.90500000,2.86700000,2.90100000,73812.90000000,1762675199999999,213201.96776000,1094,41995.65000000,121363.50048000,0
1762675200000000,2.90100000,2.90100000,2.86200000,2.86900000,59343.01000000,1762678799999999,171038.62191000,1011,23554.94000000,67902.16209000,0
1762678800000000,2.86900000,2.89200000,2.85300000,2.86200000,106490.49000000,1762682399999999,306067.44743000,1353,51269.79000000,147432.70809000,0
1762682400000000,2.86200000,2.87300000,2.84400000,2.87200000,1216128.63000000,1762685999999999,3481744.60783000,7721,435666.58000000,1247018.34648000,0
1762686000000000,2.87200000,2.93000000,2.86900000,2.91600000,906330.23000000,1762689599999999,2625475.00377000,8439,540269.46000000,1565212.33275000,0
1762689600000000,2.91600000,2.93200000,2.90500000,2.90500000,103721.45000000,1762693199999999,302383.24880000,1681,51770.88000000,150988.63284000,0
1762693200000000,2.90400000,2.92200000,2.89300000,2.90800000,74460.48000000,1762696799999999,216349.89479000,1345,34136.14000000,99270.90024000,0
1762696800000000,2.90600000,2.96100000,2.89200000,2.92600000,228771.72000000,1762700399999999,670862.60030000,3739,121112.86000000,354951.54496000,0
1762700400000000,2.92700000,2.98000000,2.92700000,2.96800000,203094.61000000,1762703999999999,602008.19302000,2414,109180.81000000,323512.24905000,0
1762704000000000,2.96900000,2.98300000,2.94700000,2.97700000,92535.68000000,1762707599999999,274198.93934000,1437,45064.06000000,133576.76634000,0
1762707600000000,2.97800000,2.98100000,2.93700000,2.94800000,128286.88000000,1762711199999999,378568.99993000,1408,62772.82000000,185201.25482000,0
1762711200000000,2.94900000,2.98300000,2.93200000,2.97900000,76640.22000000,1762714799999999,225931.73260000,1059,29466.87000000,87168.81189000,0
1762714800000000,2.97900000,3.00000000,2.96500000,2.99900000,78968.40000000,1762718399999999,235510.23313000,1334,48175.37000000,143802.13953000,0
1762718400000000,3.00000000,3.00200000,2.97100000,2.97200000,74172.90000000,1762721999999999,221429.25821000,1204,38244.71000000,114270.07211000,0
1762722000000000,2.97200000,2.97900000,2.95900000,2.97500000,61872.05000000,1762725599999999,183809.78688000,1092,28593.84000000,84973.19521000,0
1762725600000000,2.97400000,2.98100000,2.95100000,2.97000000,50893.64000000,1762729199999999,150988.10492000,719,24655.50000000,73174.52140000,0
1762729200000000,2.97200000,3.00000000,2.95800000,2.97200000,79592.21000000,1762732799999999,236886.01914000,1579,41057.69000000,122232.92240000,0
1762732800000000,2.97200000,3.01500000,2.95000000,2.99600000,107943.63000000,1762736399999999,322374.92957000,1971,54328.91000000,162366.65557000,0
1762736400000000,2.99500000,3.00800000,2.97400000,2.97400000,83975.24000000,1762739999999999,250807.83798000,1445,37624.01000000,112395.91328000,0
1762740000000000,2.97500000,2.99200000,2.96800000,2.99100000,31633.41000000,1762743599999999,94289.42126000,743,16213.62000000,48329.76615000,0
1762743600000000,2.99100000,3.02500000,2.99100000,3.01100000,94969.93000000,1762747199999999,285657.84141000,1396,60045.89000000,180542.75311000,0
1762747200000000,3.01200000,3.02600000,2.99200000,3.01400000,74054.27000000,1762750799999999,222605.43411000,1230,29037.67000000,87296.38320000,0
1762750800000000,3.01400000,3.03300000,3.00100000,3.02300000,53995.60000000,1762754399999999,163070.63599000,1008,26935.30000000,81368.91477000,0
1762754400000000,3.02300000,3.03300000,3.00800000,3.02000000,64328.03000000,1762757999999999,194270.55158000,1071,34623.67000000,104612.64919000,0
1762758000000000,3.02000000,3.03500000,3.00100000,3.00900000,55868.82000000,1762761599999999,168509.15241000,1117,24377.12000000,73547.17655000,0
1762761600000000,3.00900000,3.01100000,2.97500000,2.98700000,72468.38000000,1762765199999999,216752.68573000,1275,33032.74000000,98832.86796000,0
1762765200000000,2.98700000,3.05200000,2.98500000,3.04500000,84243.50000000,1762768799999999,255115.51803000,1505,52160.11000000,157891.21363000,0
1762768800000000,3.04600000,3.06500000,3.01100000,3.02200000,126596.67000000,1762772399999999,385151.19716000,1960,65449.56000000,199534.94795000,0
1762772400000000,3.02200000,3.07000000,3.02200000,3.05600000,109003.10000000,1762775999999999,333012.78462000,1712,47998.81000000,146471.95184000,0
1762776000000000,3.05700000,3.09200000,3.03800000,3.06700000,303847.49000000,1762779599999999,933641.95631000,3072,121352.36000000,373136.94914000,0
1762779600000000,3.06600000,3.10900000,3.06100000,3.07900000,110835.87000000,1762783199999999,342520.60498000,2044,67036.36000000,207207.81409000,0
1762783200000000,3.07900000,3.07900000,3.00800000,3.03200000,175021.12000000,1762786799999999,533590.34727000,3727,78687.99000000,239784.06530000,0
1762786800000000,3.03400000,3.09300000,3.03100000,3.06500000,104684.30000000,1762790399999999,320356.73738000,2749,47927.05000000,146705.36799000,0
1762790400000000,3.06500000,3.08600000,3.03300000,3.04800000,94139.74000000,1762793999999999,288681.41503000,2082,43082.68000000,132153.95075000,0
1762794000000000,3.04800000,3.07500000,3.02600000,3.05700000,230668.38000000,1762797599999999,702293.98665000,2484,62403.46000000,190207.14193000,0
1762797600000000,3.05700000,3.06200000,3.03200000,3.03200000,72949.65000000,1762801199999999,222238.33789000,1201,35298.21000000,107561.09707000,0
1762801200000000,3.03300000,3.08200000,3.03200000,3.06400000,43586.57000000,1762804799999999,133346.54220000,1094,24223.47000000,74119.77100000,0
1762804800000000,3.06400000,3.09600000,3.06400000,3.08900000,48307.29000000,1762808399999999,148829.66524000,1089,23757.83000000,73216.56888000,0
1762808400000000,3.09000000,3.09000000,3.05600000,3.08000000,49705.13000000,1762811999999999,152592.32988000,1383,19231.81000000,59059.33723000,0
1762812000000000,3.08200000,3.15500000,3.06000000,3.14200000,145060.42000000,1762815599999999,451475.32383000,2271,78608.97000000,244745.64955000,0
1762815600000000,3.14300000,3.14700000,3.09600000,3.10800000,110222.88000000,1762819199999999,344046.70834000,2699,55064.20000000,172032.19737000,0
1762819200000000,3.10900000,3.12000000,3.04700000,3.07700000,198276.50000000,1762822799999999,613006.91172000,4348,73896.81000000,228155.17925000,0
1762822800000000,3.07700000,3.15600000,3.07600000,3.07900000,151850.99000000,1762826399999999,471906.45033000,5318,73275.73000000,227738.39291000,0
1762826400000000,3.08000000,3.13700000,3.06700000,3.11900000,152299.08000000,1762829999999999,471106.61114000,4325,56080.52000000,173619.04531000,0
1762830000000000,3.11800000,3.13500000,3.10500000,3.11400000,52014.30000000,1762833599999999,162223.47050000,1862,29247.09000000,91177.96960000,0
1762833600000000,3.11300000,3.12900000,3.06800000,3.07200000,86131.80000000,1762837199999999,266235.62218000,2422,48229.42000000,149091.58660000,0
1762837200000000,3.07200000,3.07200000,3.03300000,3.03900000,82078.25000000,1762840799999999,250206.93629000,2630,39892.60000000,121595.22936000,0
1762840800000000,3.04000000,3.05600000,3.02500000,3.05200000,124673.20000000,1762844399999999,379345.65158000,2662,53985.76000000,164224.59091000,0
1762844400000000,3.05200000,3.05400000,3.00000000,3.00500000,77530.02000000,1762847999999999,234405.67104000,2458,31001.30000000,93729.86080000,0
1762848000000000,3.00400000,3.03100000,2.99900000,3.02900000,71766.69000000,1762851599999999,216328.48160000,2171,28263.85000000,85245.43907000,0
1762851600000000,3.02800000,3.04600000,3.02000000,3.02000000,87267.66000000,1762855199999999,264910.22797000,1878,42460.66000000,128863.60249000,0
1762855200000000,3.01900000,3.03200000,3.01100000,3.02100000,42156.94000000,1762858799999999,127385.52028000,1334,19692.54000000,59513.55685000,0
1762858800000000,3.02200000,3.03900000,3.01500000,3.02300000,65890.61000000,1762862399999999,199416.67853000,1473,40901.63000000,123804.57297000,0
1762862400000000,3.02400000,3.03800000,2.98800000,2.99400000,125262.01000000,1762865999999999,375896.22446000,2988,48471.49000000,145470.46533000,0
1762866000000000,2.99500000,3.04100000,2.99500000,3.01800000,98005.94000000,1762869599999999,296117.56379000,2348,56638.93000000,171136.68450000,0
1762869600000000,3.01900000,3.06000000,3.00500000,3.05700000,182565.50000000,1762873199999999,551097.39344000,3667,92236.76000000,278408.63561000,0
1762873200000000,3.05700000,3.07100000,3.03000000,3.05300000,96039.80000000,1762876799999999,292946.26534000,3556,46913.26000000,143151.01467000,0
1762876800000000,3.05300000,3.07900000,3.03500000,3.05500000,91335.42000000,1762880399999999,279180.57309000,3332,49403.29000000,151129.37756000,0
1762880400000000,3.05500000,3.07900000,3.04500000,3.05400000,50334.89000000,1762883999999999,154132.13316000,2113,22513.33000000,68981.89719000,0
1762884000000000,3.05400000,3.06700000,3.01400000,3.01900000,75922.69000000,1762887599999999,230603.04220000,2272,34487.11000000,104840.06344000,0
1762887600000000,3.01900000,3.01900000,2.97900000,2.98400000,91010.69000000,1762891199999999,272885.92173000,2516,40215.76000000,120626.73621000,0
1762891200000000,2.98500000,2.99200000,2.96100000,2.97000000,71198.00000000,1762894799999999,211736.47185000,2447,32893.78000000,97872.35640000,0
1762894800000000,2.97100000,2.98500000,2.94700000,2.95400000,65099.56000000,1762898399999999,193035.43120000,2481,29762.15000000,88307.58073000,0
1762898400000000,2.95300000,2.99500000,2.93700000,2.98700000,71091.91000000,1762901999999999,210896.75396000,1530,34528.35000000,102572.07723000,0
1762902000000000,2.98600000,2.98600000,2.93600000,2.94200000,51301.42000000,1762905599999999,151640.84244000,1166,20524.77000000,60642.49683000,0
1762905600000000,2.94200000,2.95700000,2.92300000,2.92800000,51468.19000000,1762909199999999,151388.51434000,1690,25175.38000000,74052.46634000,0
1762909200000000,2.92900000,2.98400000,2.92600000,2.97500000,68128.36000000,1762912799999999,202232.12356000,1829,41688.44000000,123706.65570000,0
1762912800000000,2.97500000,2.98300000,2.93700000,2.96500000,52733.33000000,1762916399999999,156038.17629000,1405,23687.37000000,70099.50172000,0
1762916400000000,2.96400000,2.98700000,2.96000000,2.97800000,44118.07000000,1762919999999999,131348.38278000,957,26541.18000000,79028.53698000,0
1762920000000000,2.97900000,2.98000000,2.95600000,2.96900000,79413.60000000,1762923599999999,235732.62267000,966,19393.69000000,57539.93412000,0
1762923600000000,2.96900000,2.98700000,2.95400000,2.98100000,98565.56000000,1762927199999999,293464.81423000,1084,42744.53000000,127353.87854000,0
1762927200000000,2.98200000,3.00900000,2.98000000,2.98800000,49445.97000000,1762930799999999,148162.60914000,990,29708.88000000,89043.78994000,0
1762930800000000,2.98700000,3.00000000,2.97300000,2.97700000,46902.59000000,1762934399999999,140159.49293000,585,16703.49000000,49920.71254000,0
1762934400000000,2.97800000,3.04800000,2.97800000,3.03500000,92603.22000000,1762937999999999,279496.54771000,1318,54235.63000000,163561.38526000,0
1762938000000000,3.03800000,3.06000000,3.03100000,3.05900000,63670.80000000,1762941599999999,194121.89492000,909,45973.84000000,140223.45294000,0
1762941600000000,3.05900000,3.06700000,3.04000000,3.04700000,63271.27000000,1762945199999999,193126.21687000,762,33902.84000000,103494.65273000,0
1762945200000000,3.04500000,3.07100000,3.04500000,3.06000000,55176.42000000,1762948799999999,168929.19047000,854,31988.37000000,97940.26051000,0
1762948800000000,3.06100000,3.10700000,3.06000000,3.08500000,113316.00000000,1762952399999999,349583.40427000,1636,67115.90000000,206986.40452000,0
1762952400000000,3.08500000,3.11400000,3.06400000,3.10600000,97713.86000000,1762955999999999,302193.29384000,1405,59566.69000000,184248.93923000,0
1762956000000000,3.10500000,3.10800000,2.99400000,3.02000000,253184.08000000,1762959599999999,773790.23167000,3040,102925.85000000,314332.97833000,0
1762959600000000,3.01800000,3.04100000,2.94000000,2.95200000,190357.51000000,1762963199999999,569483.38553000,2690,91793.92000000,275161.57257000,0
1762963200000000,2.95100000,2.95800000,2.89000000,2.89800000,175607.45000000,1762966799999999,513143.40410000,2827,62805.25000000,183468.26825000,0
1762966800000000,2.89800000,2.92800000,2.87200000,2.91000000,113856.03000000,1762970399999999,330078.60789000,1939,61536.10000000,178390.38512000,0
1762970400000000,2.90900000,2.92500000,2.88900000,2.89500000,74189.72000000,1762973999999999,215636.21107000,1108,30244.50000000,87952.85273000,0
1762974000000000,2.89100000,2.90100000,2.86100000,2.88700000,76633.20000000,1762977599999999,220587.74312000,1276,32236.41000000,92808.82706000,0
1762977600000000,2.88700000,2.92600000,2.88200000,2.91100000,39104.14000000,1762981199999999,113797.35245000,745,23659.43000000,68869.64971000,0
1762981200000000,2.91200000,2.92300000,2.90400000,2.91700000,26670.05000000,1762984799999999,77734.19771000,443,10294.72000000,30002.07129000,0
1762984800000000,2.91900000,2.92400000,2.89400000,2.91400000,36754.22000000,1762988399999999,106907.93512000,590,17691.71000000,51465.03873000,0
1762988400000000,2.91400000,2.91400000,2.88600000,2.89100000,24672.21000000,1762991999999999,71407.15238000,504,6087.44000000,17624.72140000,0
1762992000000000,2.89100000,2.91900000,2.88600000,2.90100000,33856.34000000,1762995599999999,98155.89192000,693,18103.83000000,52540.79852000,0
1762995600000000,2.90100000,2.94900000,2.89900000,2.93100000,83578.64000000,1762999199999999,244979.38745000,1277,47239.36000000,138394.37222000,0
1762999200000000,2.93100000,2.95100000,2.92200000,2.92700000,31627.18000000,1763002799999999,92823.72755000,592,15690.81000000,46042.20672000,0
1763002800000000,2.92800000,3.00000000,2.89000000,2.98300000,134627.95000000,1763006399999999,397766.01061000,2179,72632.77000000,214624.74060000,0
1763006400000000,2.98200000,2.99700000,2.96100000,2.98200000,103059.94000000,1763009999999999,306827.28184000,1317,55848.05000000,166280.05475000,0
1763010000000000,2.98100000,3.00700000,2.96600000,2.99800000,61604.83000000,1763013599999999,184162.27465000,808,34914.18000000,104523.27785000,0
1763013600000000,3.00000000,3.00500000,2.97900000,2.97900000,62262.77000000,1763017199999999,186461.07354000,772,30394.60000000,91075.21562000,0
1763017200000000,2.97900000,2.99300000,2.95500000,2.96000000,59820.21000000,1763020799999999,177899.24849000,844,28516.04000000,84873.96373000,0
1763020800000000,2.95900000,2.97300000,2.95300000,2.96500000,35028.40000000,1763024399999999,103873.11238000,603,18466.53000000,54774.99118000,0
1763024400000000,2.96600000,2.96800000,2.93000000,2.93200000,57862.95000000,1763027999999999,170262.28647000,1021,21580.02000000,63530.74075000,0
1763028000000000,2.93400000,2.97200000,2.93400000,2.94400000,51399.73000000,1763031599999999,151655.43829000,897,26340.33000000,77708.66036000,0
1763031600000000,2.94300000,2.95500000,2.93800000,2.94500000,34086.08000000,1763035199999999,100394.81999000,599,11995.26000000,35353.96221000,0
1763035200000000,2.94600000,2.95900000,2.94100000,2.95300000,40621.09000000,1763038799999999,119801.00479000,787,20108.17000000,59304.92867000,0
1763038800000000,2.95400000,2.97400000,2.94100000,2.95900000,83249.69000000,1763042399999999,246492.52320000,1507,44857.65000000,132877.73578000,0
1763042400000000,2.96000000,3.01100000,2.93500000,2.99100000,185414.96000000,1763045999999999,551122.80775000,2947,102907.31000000,306671.64346000,0
1763046000000000,2.98800000,3.01600000,2.93600000,2.95200000,99854.69000000,1763049599999999,297175.45599000,2177,40774.01000000,121433.30703000,0
1763049600000000,2.95200000,2.96500000,2.90000000,2.90400000,83059.91000000,1763053199999999,243289.05766000,2238,26437.97000000,77598.47857000,0
1763053200000000,2.90500000,2.91700000,2.82600000,2.83100000,162024.69000000,1763056799999999,464817.38258000,2885,50008.47000000,143689.56000000,0
1763056800000000,2.83200000,2.84400000,2.79900000,2.81800000,168969.06000000,1763060399999999,476002.29968000,3213,78421.84000000,220980.86201000,0
1763060400000000,2.81900000,2.83200000,2.76800000,2.78400000,133497.94000000,1763063999999999,373531.86468000,2669,55131.04000000,154376.10377000,0
1763064000000000,2.78500000,2.80800000,2.76800000,2.79300000,83103.69000000,1763067599999999,231605.50787000,1805,41416.57000000,115529.97493000,0
1763067600000000,2.79300000,2.80800000,2.77400000,2.79900000,55673.07000000,1763071199999999,155316.78257000,1237,22730.00000000,63496.66444000,0
1763071200000000,2.79700000,2.86400000,2.79300000,2.85700000,79081.44000000,1763074799999999,224087.96427000,1578,47904.98000000,135761.37649000,0
1763074800000000,2.85600000,2.89300000,2.85000000,2.86700000,73969.82000000,1763078399999999,212615.89118000,1579,27528.10000000,79126.96015000,0
1763078400000000,2.86700000,2.89900000,2.84600000,2.86700000,92435.30000000,1763081999999999,265466.96677000,2568,37120.38000000,106728.83850000,0
1763082000000000,2.86800000,2.88300000,2.84100000,2.84400000,75474.25000000,1763085599999999,215855.17778000,1693,34489.15000000,98707.10974000,0
1763085600000000,2.84500000,2.87700000,2.83900000,2.85600000,114932.33000000,1763089199999999,328101.96810000,1780,58700.55000000,167580.20587000,0
1763089200000000,2.85500000,2.85800000,2.83000000,2.84400000,49950.17000000,1763092799999999,141961.46074000,1139,22270.66000000,63267.88861000,0
1763092800000000,2.84300000,2.84800000,2.76200000,2.81600000,180549.61000000,1763096399999999,506150.20845000,4485,80380.36000000,225289.19326000,0
1763096400000000,2.81500000,2.88400000,2.81500000,2.87400000,210451.97000000,1763099999999999,598541.42369000,3822,91226.65000000,259970.10533000,0
1763100000000000,2.87400000,2.91400000,2.83800000,2.91100000,131268.86000000,1763103599999999,376888.80927000,3250,59632.16000000,171195.11312000,0
1763103600000000,2.91100000,2.91100000,2.87800000,2.88600000,91190.28000000,1763107199999999,263794.33184000,2371,43509.08000000,125948.06728000,0
1763107200000000,2.88600000,2.88700000,2.84300000,2.85600000,96190.54000000,1763110799999999,275601.42252000,1849,43176.18000000,123757.21549000,0
1763110800000000,2.85500000,2.86600000,2.80100000,2.80700000,130106.19000000,1763114399999999,367448.05097000,2495,58676.09000000,165679.61727000,0
1763114400000000,2.80900000,2.83400000,2.80700000,2.82000000,67202.31000000,1763117999999999,189577.03232000,1376,25639.15000000,72350.85069000,0
1763118000000000,2.81900000,2.82300000,2.78000000,2.79700000,85649.83000000,1763121599999999,239673.81222000,1900,37398.17000000,104696.90980000,0
1763121600000000,2.79700000,2.82300000,2.75000000,2.81700000,199580.69000000,1763125199999999,555258.80776000,4811,94503.31000000,262987.06688000,0
1763125200000000,2.81700000,2.83800000,2.79200000,2.81300000,94568.28000000,1763128799999999,266147.75844000,3659,38271.65000000,107712.89836000,0
1763128800000000,2.81200000,2.87200000,2.79300000,2.85100000,239422.84000000,1763132399999999,679996.60149000,7352,100665.96000000,285678.51733000,0
1763132400000000,2.85200000,2.88100000,2.82500000,2.86100000,93983.11000000,1763135999999999,267974.04451000,3093,44572.88000000,127064.54580000,0
1763136000000000,2.86100000,2.88800000,2.84000000,2.88300000,78327.53000000,1763139599999999,224441.29987000,2260,41995.48000000,120391.23596000,0
1763139600000000,2.88200000,2.89700000,2.86100000,2.87000000,83154.70000000,1763143199999999,239820.58283000,2127,45203.12000000,130448.55656000,0
1763143200000000,2.86900000,2.91000000,2.85400000,2.86300000,79582.39000000,1763146799999999,229246.15964000,2022,39704.87000000,114437.83415000,0
1763146800000000,2.86300000,2.91100000,2.85600000,2.89000000,69151.17000000,1763150399999999,199426.95726000,1982,36522.24000000,105292.14794000,0
1763150400000000,2.89100000,2.89800000,2.82500000,2.83800000,78172.93000000,1763153999999999,223580.84327000,2202,34448.63000000,98611.37013000,0
1763154000000000,2.83700000,2.87000000,2.83200000,2.85400000,43348.06000000,1763157599999999,123802.08245000,1403,24741.59000000,70669.28153000,0
1763157600000000,2.85400000,2.87200000,2.82400000,2.83100000,32979.05000000,1763161199999999,93971.80379000,940,15714.84000000,44832.33274000,0
1763161200000000,2.83100000,2.83300000,2.76700000,2.80000000,104276.24000000,1763164799999999,292221.57382000,3267,49396.34000000,138486.48070000,0
1763164800000000,2.80100000,2.83500000,2.79800000,2.83200000,67252.78000000,1763168399999999,189610.48694000,1632,41962.85000000,118303.87287000,0
1763168400000000,2.83200000,2.86900000,2.81500000,2.86300000,62401.95000000,1763171999999999,177578.06686000,1677,31320.21000000,89199.17480000,0
1763172000000000,2.86200000,2.87400000,2.85000000,2.87400000,41950.44000000,1763175599999999,120088.36663000,936,26262.99000000,75186.52436000,0
1763175600000000,2.87400000,2.89200000,2.86800000,2.88700000,46543.22000000,1763179199999999,133986.18012000,1050,26438.44000000,76123.56956000,0
1763179200000000,2.88700000,2.90700000,2.88400000,2.89300000,101480.78000000,1763182799999999,293973.66529000,1359,55433.67000000,160648.31903000,0
1763182800000000,2.89400000,2.94300000,2.88600000,2.94200000,79716.19000000,1763186399999999,231967.66777000,1666,47614.33000000,138541.69874000,0
1763186400000000,2.94300000,2.98500000,2.92100000,2.97200000,160987.41000000,1763189999999999,476461.87583000,3295,87646.99000000,259624.83312000,0
1763190000000000,2.97100000,3.00000000,2.95100000,2.96000000,148017.11000000,1763193599999999,440467.34783000,2658,82148.71000000,244552.38954000,0
1763193600000000,2.96100000,2.96700000,2.90200000,2.90900000,87548.25000000,1763197199999999,256788.35686000,2030,35902.35000000,105232.75248000,0
1763197200000000,2.90800000,2.93100000,2.90200000,2.90300000,78026.72000000,1763200799999999,227932.82891000,1640,33126.61000000,96725.92620000,0
1763200800000000,2.90300000,2.90300000,2.87300000,2.89000000,94941.89000000,1763204399999999,273919.41566000,1839,56478.55000000,162915.77007000,0
1763204400000000,2.89000000,2.90100000,2.86600000,2.87700000,50197.30000000,1763207999999999,144799.07923000,1256,16863.73000000,48659.09896000,0
1763208000000000,2.87600000,2.96100000,2.86900000,2.95300000,126829.21000000,1763211599999999,370446.36195000,2779,78482.40000000,229176.98083000,0
1763211600000000,2.95100000,2.98900000,2.94400000,2.95200000,92290.57000000,1763215199999999,273518.66130000,2593,48438.49000000,143603.63861000,0
1763215200000000,2.95300000,2.95300000,2.89700000,2.90500000,82032.91000000,1763218799999999,239867.00964000,1773,30304.95000000,88523.89965000,0
1763218800000000,2.90400000,2.91500000,2.88900000,2.89100000,36809.54000000,1763222399999999,106751.48085000,1197,18195.32000000,52781.54231000,0
1763222400000000,2.89100000,2.89500000,2.86400000,2.88500000,44049.40000000,1763225999999999,126815.59849000,1488,18890.98000000,54374.76794000,0
1763226000000000,2.88600000,2.90400000,2.87700000,2.89700000,53828.86000000,1763229599999999,155436.50177000,1584,31972.71000000,92344.67078000,0
1763229600000000,2.89700000,2.90900000,2.89100000,2.89500000,46455.23000000,1763233199999999,134625.59151000,1234,24113.91000000,69874.08720000,0
1763233200000000,2.89500000,2.90100000,2.88100000,2.88500000,30275.09000000,1763236799999999,87521.92796000,738,9175.90000000,26544.38237000,0
1763236800000000,2.88500000,2.88900000,2.86200000,2.86400000,31355.96000000,1763240399999999,90094.89233000,987,11661.74000000,33512.98384000,0
1763240400000000,2.86300000,2.88000000,2.83600000,2.84100000,35057.74000000,1763243999999999,100178.22956000,1054,15276.59000000,43708.39937000,0
1763244000000000,2.84000000,2.86600000,2.83700000,2.86100000,33480.70000000,1763247599999999,95580.19038000,587,19075.68000000,54438.38394000,0
1763247600000000,2.86200000,2.86500000,2.85200000,2.85400000,15103.45000000,1763251199999999,43185.66298000,427,4873.34000000,13927.62893000,0
1763251200000000,2.85400000,2.86100000,2.82800000,2.84700000,20759.95000000,1763254799999999,59065.36073000,935,10021.13000000,28525.86113000,0
1763254800000000,2.84600000,2.85200000,2.80500000,2.83700000,36754.55000000,1763258399999999,103958.96887000,1636,19156.24000000,54223.08331000,0
1763258400000000,2.83600000,2.87000000,2.82300000,2.86700000,33340.75000000,1763261999999999,95093.85669000,1267,20380.89000000,58140.26764000,0
1763262000000000,2.86600000,2.87600000,2.85300000,2.85700000,28600.10000000,1763265599999999,81824.15529000,729,14572.93000000,41690.24533000,0
1763265600000000,2.85600000,2.85700000,2.83300000,2.84700000,19213.83000000,1763269199999999,54601.66096000,648,9559.92000000,27167.18965000,0
1763269200000000,2.84800000,2.87200000,2.84700000,2.85500000,26690.92000000,1763272799999999,76426.83593000,743,13665.26000000,39127.71705000,0
1763272800000000,2.85500000,2.87900000,2.85400000,2.85900000,24544.96000000,1763276399999999,70467.67561000,776,9471.72000000,27177.31667000,0
1763276400000000,2.86000000,2.87300000,2.85700000,2.87200000,27780.34000000,1763279999999999,79572.46021000,905,14799.98000000,42388.89968000,0
1763280000000000,2.87200000,2.87200000,2.85000000,2.85600000,40952.13000000,1763283599999999,116882.00040000,1055,13847.97000000,39535.92117000,0
1763283600000000,2.85500000,2.88300000,2.84600000,2.88000000,65967.88000000,1763287199999999,189022.71954000,1460,44267.23000000,126829.68210000,0
1763287200000000,2.88100000,2.88300000,2.86500000,2.86800000,61631.89000000,1763290799999999,177043.97840000,1352,25231.61000000,72481.86897000,0
1763290800000000,2.86900000,2.87200000,2.81000000,2.81400000,118630.22000000,1763294399999999,335483.10782000,2244,48775.64000000,137745.60147000,0
1763294400000000,2.81200000,2.83400000,2.80100000,2.81500000,51903.68000000,1763297999999999,146271.79769000,1600,23258.48000000,65567.66109000,0
1763298000000000,2.81400000,2.82600000,2.79100000,2.80200000,79521.19000000,1763301599999999,223465.54335000,1876,43448.61000000,122123.43431000,0
1763301600000000,2.80200000,2.82000000,2.79100000,2.80600000,90209.43000000,1763305199999999,253182.19379000,1651,33297.79000000,93490.52405000,0
1763305200000000,2.80700000,2.80800000,2.75300000,2.75600000,133613.38000000,1763308799999999,371017.45713000,2713,50927.64000000,141225.31414000,0
1763308800000000,2.75700000,2.78300000,2.72500000,2.73500000,107856.74000000,1763312399999999,296996.44777000,2908,47396.56000000,130589.65435000,0
1763312400000000,2.73500000,2.74600000,2.69800000,2.72900000,153958.54000000,1763315999999999,419573.77748000,3145,80789.80000000,220326.89669000,0
1763316000000000,2.72800000,2.77700000,2.71300000,2.72000000,108275.06000000,1763319599999999,297287.00214000,3009,46236.51000000,127020.87484000,0
1763319600000000,2.72100000,2.75600000,2.71500000,2.73000000,147532.26000000,1763323199999999,403762.30604000,2224,97859.08000000,267875.27991000,0
1763323200000000,2.73000000,2.75400000,2.72600000,2.72900000,28558.07000000,1763326799999999,78188.76717000,1001,14658.66000000,40130.94345000,0
1763326800000000,2.72800000,2.73300000,2.70600000,2.73200000,53836.99000000,1763330399999999,146460.42235000,1459,28644.47000000,77956.94586000,0
1763330400000000,2.73300000,2.76200000,2.70700000,2.75400000,64569.91000000,1763333999999999,176610.16417000,1712,31113.11000000,85117.54920000,0
1763334000000000,2.75400000,2.78200000,2.69600000,2.76600000,100362.65000000,1763337599999999,275270.70578000,2881,49557.35000000,136193.06349000,0
1763337600000000,2.76700000,2.80000000,2.74100000,2.78800000,73162.76000000,1763341199999999,203276.25703000,2201,28719.99000000,79865.21475000,0
1763341200000000,2.78900000,2.79300000,2.76900000,2.77600000,39797.34000000,1763344799999999,110614.64230000,1072,25673.69000000,71359.47137000,0
1763344800000000,2.77600000,2.79200000,2.76900000,2.78900000,67548.47000000,1763348399999999,188057.50256000,1322,31086.25000000,86511.01113000,0
1763348400000000,2.79000000,2.81500000,2.78800000,2.80700000,59988.64000000,1763351999999999,168117.73353000,1171,31429.53000000,88084.46905000,0
1763352000000000,2.80800000,2.81700000,2.79200000,2.80000000,56349.53000000,1763355599999999,158163.88675000,834,24036.99000000,67369.97506000,0
1763355600000000,2.80100000,2.80300000,2.78400000,2.79600000,47457.94000000,1763359199999999,132464.66956000,793,21868.52000000,61049.21044000,0
1763359200000000,2.79500000,2.81800000,2.78300000,2.81800000,75681.82000000,1763362799999999,211584.12347000,1013,26803.86000000,74994.76022000,0
1763362800000000,2.81900000,2.83000000,2.80900000,2.82400000,118271.53000000,1763366399999999,333383.54322000,1451,46893.18000000,132226.94409000,0
1763366400000000,2.82400000,2.82900000,2.81400000,2.82200000,25390.24000000,1763369999999999,71632.54547000,577,10808.00000000,30491.18284000,0
1763370000000000,2.82300000,2.84500000,2.81500000,2.83300000,71695.68000000,1763373599999999,203040.93975000,1253,41095.68000000,116350.13232000,0
1763373600000000,2.83200000,2.85800000,2.83000000,2.85000000,66100.62000000,1763377199999999,188281.94940000,1233,41253.55000000,117537.62729000,0
1763377200000000,2.84900000,2.88100000,2.84900000,2.87300000,74717.09000000,1763380799999999,214257.40901000,1226,42826.05000000,122849.95684000,0
1763380800000000,2.87200000,2.88300000,2.86100000,2.86600000,106111.26000000,1763384399999999,304915.69929000,1483,48248.14000000,138655.07008000,0
1763384400000000,2.86500000,2.87400000,2.79100000,2.81500000,114617.00000000,1763387999999999,324580.18787000,2528,49120.87000000,139092.31061000,0
1763388000000000,2.81300000,2.91400000,2.79700000,2.87200000,252851.14000000,1763391599999999,723309.31947000,7785,135075.11000000,386373.37465000,0
1763391600000000,2.87300000,2.90600000,2.82800000,2.83900000,189101.36000000,1763395199999999,541859.40132000,6665,91726.36000000,263035.83723000,0
1763395200000000,2.84000000,2.85900000,2.78800000,2.85400000,136566.84000000,1763398799999999,385292.67414000,4568,60673.86000000,171339.00872000,0
1763398800000000,2.85400000,2.85700000,2.77900000,2.78700000,123917.46000000,1763402399999999,347834.77258000,3861,61854.76000000,173475.91732000,0
1763402400000000,2.78800000,2.80600000,2.73500000,2.75300000,176598.58000000,1763405999999999,487946.82309000,4769,81530.25000000,225419.64615000,0
1763406000000000,2.75200000,2.76200000,2.70800000,2.71900000,158295.15000000,1763409599999999,432712.02448000,4036,76369.17000000,208785.80117000,0
1763409600000000,2.71800000,2.74600000,2.70200000,2.73100000,187323.14000000,1763413199999999,509803.96057000,4197,89163.83000000,242961.81855000,0
1763413200000000,2.73200000,2.74600000,2.68700000,2.69700000,134927.35000000,1763416799999999,366357.15775000,3046,73196.05000000,199055.21726000,0
1763416800000000,2.69700000,2.72100000,2.68800000,2.69900000,84007.82000000,1763420399999999,227230.64262000,1486,43508.49000000,117689.56016000,0
1763420400000000,2.70000000,2.70900000,2.68600000,2.70800000,45877.50000000,1763423999999999,123730.64172000,1191,26717.03000000,72090.69037000,0
1763424000000000,2.70700000,2.72800000,2.66700000,2.72300000,85062.80000000,1763427599999999,229714.63110000,2594,45219.89000000,122241.89951000,0
1763427600000000,2.72300000,2.74800000,2.71800000,2.74200000,52522.19000000,1763431199999999,143688.38357000,1839,26044.08000000,71255.86369000,0
1763431200000000,2.74200000,2.77900000,2.70800000,2.72900000,194278.82000000,1763434799999999,532598.19818000,3829,88852.39000000,243742.25524000,0
1763434800000000,2.73000000,2.76700000,2.69800000,2.75800000,269517.89000000,1763438399999999,736817.87186000,4399,97409.76000000,266003.26523000,0
1763438400000000,2.75900000,2.78000000,2.72400000,2.77700000,115247.98000000,1763441999999999,316387.15110000,2808,50234.05000000,137973.22327000,0
1763442000000000,2.77700000,2.80300000,2.75500000,2.76900000,77688.64000000,1763445599999999,216256.37860000,2027,44642.09000000,124325.53294000,0
1763445600000000,2.76800000,2.77600000,2.72500000,2.72600000,50014.17000000,1763449199999999,137729.91525000,1378,22724.35000000,62604.84019000,0
1763449200000000,2.72500000,2.76300000,2.71700000,2.75600000,71892.04000000,1763452799999999,197240.84837000,2078,40510.84000000,111198.42635000,0
1763452800000000,2.75700000,2.78300000,2.75100000,2.76800000,64141.18000000,1763456399999999,177487.02537000,2005,38222.44000000,105786.52670000,0
1763456400000000,2.76800000,2.77300000,2.71800000,2.72200000,128940.47000000,1763459999999999,352882.34244000,2751,62838.73000000,172114.72629000,0
1763460000000000,2.72000000,2.72200000,2.68300000,2.69800000,351561.91000000,1763463599999999,948453.82426000,6157,227687.70000000,614008.97978000,0
1763463600000000,2.69700000,2.69800000,2.67700000,2.68500000,156385.37000000,1763467199999999,420104.83728000,2349,65963.52000000,177250.42258000,0
1763467200000000,2.68400000,2.70200000,2.67000000,2.69400000,75370.60000000,1763470799999999,202491.72181000,2364,35046.69000000,94141.60947000,0
1763470800000000,2.69500000,2.71400000,2.69000000,2.71100000,54337.15000000,1763474399999999,146786.90761000,1676,31065.03000000,83892.40907000,0
1763474400000000,2.71000000,2.75100000,2.70100000,2.70600000,137803.59000000,1763477999999999,375947.63866000,3433,56846.78000000,154875.01327000,0
1763478000000000,2.70500000,2.78800000,2.69400000,2.77100000,137522.73000000,1763481599999999,378489.00123000,3886,77179.82000000,212415.59327000,0
1763481600000000,2.77100000,2.82200000,2.76500000,2.80800000,127179.69000000,1763485199999999,356136.61970000,3231,76328.91000000,213650.06492000,0
1763485200000000,2.80800000,2.80900000,2.75700000,2.76100000,66644.94000000,1763488799999999,184982.29174000,1473,29185.72000000,81035.23079000,0
1763488800000000,2.76200000,2.78500000,2.76000000,2.76400000,69860.52000000,1763492399999999,193621.74977000,1358,39992.56000000,110860.73471000,0
1763492400000000,2.76300000,2.78800000,2.75800000,2.76500000,73496.09000000,1763495999999999,203796.95625000,1252,34286.25000000,95181.19147000,0
1763496000000000,2.76600000,2.77700000,2.76100000,2.76700000,38721.48000000,1763499599999999,107226.06472000,831,22767.65000000,63063.60358000,0
1763499600000000,2.76600000,2.77300000,2.74000000,2.74100000,30731.34000000,1763503199999999,84748.72149000,798,7831.93000000,21607.13309000,0
1763503200000000,2.74100000,2.78300000,2.74100000,2.77800000,44601.61000000,1763506799999999,123478.10002000,823,27240.66000000,75427.39693000,0
1763506800000000,2.77800000,2.77800000,2.75400000,2.76000000,27271.94000000,1763510399999999,75503.53581000,709,8408.19000000,23252.03991000,0
1763510400000000,2.75900000,2.76600000,2.72700000,2.75700000,54205.36000000,1763513999999999,149117.90840000,1686,25435.16000000,70019.47663000,0
1763514000000000,2.75800000,2.77100000,2.74300000,2.75400000,51874.44000000,1763517599999999,142994.66054000,1235,33745.09000000,93069.28412000,0
1763517600000000,2.75500000,2.77000000,2.74400000,2.74800000,17630.61000000,1763521199999999,48584.31331000,702,9783.62000000,26974.50372000,0
1763521200000000,2.74800000,2.75100000,2.70700000,2.71000000,54385.05000000,1763524799999999,148234.26321000,1237,25008.72000000,68176.21117000,0
1763524800000000,2.70900000,2.71600000,2.69400000,2.69700000,53262.32000000,1763528399999999,144060.71795000,1558,24835.21000000,67191.50252000,0
1763528400000000,2.69700000,2.70000000,2.64400000,2.66400000,90868.60000000,1763531999999999,242370.34835000,2258,32104.97000000,85638.69790000,0
1763532000000000,2.66500000,2.69000000,2.66000000,2.68800000,35239.52000000,1763535599999999,94342.06332000,1147,17533.82000000,46974.77476000,0
1763535600000000,2.68700000,2.71800000,2.68600000,2.71600000,31556.34000000,1763539199999999,85286.61782000,960,16984.48000000,45921.94603000,0
1763539200000000,2.71600000,2.73200000,2.71100000,2.72000000,33981.03000000,1763542799999999,92437.41333000,816,17529.26000000,47682.17334000,0
1763542800000000,2.72000000,2.74300000,2.71100000,2.74300000,77088.35000000,1763546399999999,210293.72271000,1136,35762.74000000,97531.89215000,0
1763546400000000,2.74300000,2.75800000,2.73700000,2.74000000,32413.19000000,1763549999999999,89080.31896000,662,13822.04000000,38013.11875000,0
1763550000000000,2.73900000,2.75900000,2.73900000,2.75300000,35767.50000000,1763553599999999,98395.88954000,692,19787.42000000,54420.27662000,0
1763553600000000,2.75200000,2.77800000,2.75200000,2.76700000,51979.84000000,1763557199999999,143799.30190000,1171,31005.17000000,85766.64852000,0
1763557200000000,2.76800000,2.77200000,2.73800000,2.74000000,35928.54000000,1763560799999999,98963.12375000,1074,14591.82000000,40219.65492000,0
1763560800000000,2.74000000,2.75200000,2.71500000,2.75000000,90152.91000000,1763564399999999,246618.12982000,2633,47769.08000000,130724.33356000,0
1763564400000000,2.75000000,2.78900000,2.71500000,2.71900000,146170.37000000,1763567999999999,401529.22384000,4243,69610.78000000,191279.82654000,0
1763568000000000,2.72000000,2.73900000,2.67700000,2.68600000,128498.44000000,1763571599999999,348091.72880000,3123,51995.46000000,140971.15724000,0
1763571600000000,2.68500000,2.69700000,2.63900000,2.67000000,95025.00000000,1763575199999999,252867.47142000,3159,42235.86000000,112426.39411000,0
1763575200000000,2.66900000,2.68000000,2.61900000,2.64100000,100830.01000000,1763578799999999,266293.79000000,3098,37328.10000000,98537.42994000,0
1763578800000000,2.64200000,2.65000000,2.62300000,2.63800000,64830.64000000,1763582399999999,170870.30991000,1978,32232.35000000,85033.81257000,0
1763582400000000,2.63800000,2.67800000,2.63200000,2.67300000,91399.04000000,1763585999999999,242701.61012000,2273,41547.13000000,110281.60429000,0
1763586000000000,2.67300000,2.72500000,2.66700000,2.72100000,148164.94000000,1763589599999999,400524.86912000,3787,72343.09000000,195590.03147000,0
1763589600000000,2.72100000,2.72300000,2.70000000,2.71000000,46919.48000000,1763593199999999,127233.04066000,1438,25340.81000000,68738.39633000,0
1763593200000000,2.71100000,2.74200000,2.71100000,2.73300000,118083.81000000,1763596799999999,322311.83351000,2438,87978.52000000,240148.23023000,0
1763596800000000,2.73100000,2.74700000,2.71900000,2.73500000,73121.49000000,1763600399999999,200086.33931000,1885,56386.91000000,154311.68826000,0
1763600400000000,2.73500000,2.79000000,2.73300000,2.78400000,163084.23000000,1763603999999999,450628.03297000,4208,127672.36000000,352723.29094000,0
1763604000000000,2.78300000,2.79100000,2.76200000,2.78800000,76066.01000000,1763607599999999,211208.96749000,1340,32934.40000000,91476.50086000,0
1763607600000000,2.78900000,2.83000000,2.78400000,2.82600000,112774.25000000,1763611199999999,317055.03283000,2037,62500.15000000,175665.81081000,0
1763611200000000,2.82800000,2.91700000,2.82800000,2.91400000,381708.92000000,1763614799999999,1092227.45771000,5045,211349.85000000,604528.47774000,0
1763614800000000,2.91500000,2.92800000,2.87000000,2.91300000,329815.88000000,1763618399999999,956365.73862000,4278,187393.28000000,543172.71691000,0
1763618400000000,2.91400000,2.95700000,2.91300000,2.95600000,327234.33000000,1763621999999999,960943.33503000,4728,148857.74000000,437001.70915000,0
1763622000000000,2.95500000,3.04800000,2.93400000,3.03400000,522595.36000000,1763625599999999,1567704.15409000,9608,283767.86000000,850997.65205000,0
1763625600000000,3.03500000,3.07800000,3.01400000,3.07500000,441952.83000000,1763629199999999,1345084.65336000,9422,230131.35000000,700660.45913000,0
1763629200000000,3.07500000,3.14100000,3.05100000,3.11000000,930474.89000000,1763632799999999,2883134.45661000,17566,486548.80000000,1508434.22023000,0
1763632800000000,3.11000000,3.12000000,3.03400000,3.06300000,645724.08000000,1763636399999999,1979947.49273000,8851,286356.80000000,879287.73993000,0
1763636400000000,3.06200000,3.07000000,3.01400000,3.03000000,286014.25000000,1763639999999999,867815.20979000,4323,121350.51000000,368137.24712000,0
1763640000000000,3.03100000,3.06000000,3.01800000,3.04700000,187898.20000000,1763643599999999,571308.21651000,3454,95277.36000000,289747.56383000,0
1763643600000000,3.04600000,3.05000000,2.99200000,2.99400000,278000.58000000,1763647199999999,839059.56711000,4244,105821.58000000,319558.34240000,0
1763647200000000,2.99600000,3.05200000,2.96600000,3.04600000,367736.71000000,1763650799999999,1105805.03203000,6557,219385.60000000,659129.26520000,0
1763650800000000,3.04700000,3.07500000,3.00100000,3.00500000,369893.20000000,1763654399999999,1123486.28337000,6261,200010.16000000,607788.69680000,0
1763654400000000,3.00500000,3.00800000,2.83700000,2.84900000,473619.35000000,1763657999999999,1381043.40191000,10539,208015.68000000,606627.32914000,0
1763658000000000,2.84700000,2.86200000,2.77900000,2.78900000,364440.96000000,1763661599999999,1022134.02151000,8140,181534.45000000,509251.32144000,0
1763661600000000,2.78800000,2.81500000,2.76200000,2.76200000,131739.69000000,1763665199999999,367031.08063000,3317,59630.49000000,166459.42478000,0
1763665200000000,2.76100000,2.84200000,2.74600000,2.83800000,180496.37000000,1763668799999999,503271.01430000,3397,101715.56000000,284390.06217000,0
1763668800000000,2.83800000,2.83800000,2.79600000,2.80900000,113460.83000000,1763672399999999,319264.67426000,2616,56289.58000000,158300.24692000,0
1763672400000000,2.80900000,2.83100000,2.79700000,2.79800000,96627.14000000,1763675999999999,272058.02204000,2061,49075.80000000,138246.43311000,0
1763676000000000,2.79800000,2.83200000,2.79700000,2.82400000,80199.56000000,1763679599999999,225943.06066000,1469,42629.35000000,120122.22841000,0
1763679600000000,2.82300000,2.82700000,2.73300000,2.73900000,220974.36000000,1763683199999999,611763.43720000,3759,128550.60000000,355850.53124000,0
1763683200000000,2.73800000,2.78700000,2.73800000,2.78600000,88860.25000000,1763686799999999,245794.18154000,2448,54866.91000000,151742.14318000,0
1763686800000000,2.78700000,2.82600000,2.77800000,2.79500000,182320.86000000,1763690399999999,510777.99840000,3127,105512.62000000,295786.09819000,0
1763690400000000,2.79500000,2.79500000,2.72700000,2.73400000,143728.32000000,1763693999999999,396864.29160000,3479,54097.45000000,149490.60559000,0
1763694000000000,2.73400000,2.77700000,2.73100000,2.74800000,62278.88000000,1763697599999999,171839.25350000,1975,31726.72000000,87571.69676000,0
1763697600000000,2.74800000,2.75200000,2.70000000,2.72900000,126452.99000000,1763701199999999,344537.88472000,2868,54645.24000000,148978.46496000,0
1763701200000000,2.72900000,2.73600000,2.69000000,2.70200000,57238.04000000,1763704799999999,155300.10303000,1555,25717.23000000,69780.21228000,0
1763704800000000,2.70200000,2.71300000,2.68800000,2.69600000,53416.75000000,1763708399999999,144316.79324000,1654,26689.66000000,72114.68449000,0
1763708400000000,2.69700000,2.70500000,2.49000000,2.58800000,457996.65000000,1763711999999999,1190655.04520000,10344,213569.25000000,555218.26689000,0
1763712000000000,2.58700000,2.64900000,2.57500000,2.63300000,200592.26000000,1763715599999999,525087.20847000,4662,84335.25000000,220531.07593000,0
1763715600000000,2.63300000,2.65500000,2.58400000,2.58500000,104129.30000000,1763719199999999,272193.08261000,2586,50209.13000000,131401.54928000,0
1763719200000000,2.58600000,2.61000000,2.56600000,2.57600000,185891.56000000,1763722799999999,481720.16520000,4189,74158.81000000,192255.91754000,0
1763722800000000,2.57600000,2.59800000,2.54000000,2.54500000,110437.55000000,1763726399999999,283611.78372000,2354,48468.74000000,124459.01589000,0
1763726400000000,2.54500000,2.59900000,2.49000000,2.57100000,242607.98000000,1763729999999999,617940.79073000,6399,108039.90000000,275401.33704000,0
1763730000000000,2.57100000,2.58900000,2.54200000,2.56100000,196786.92000000,1763733599999999,505349.14235000,3816,75475.40000000,193883.42307000,0
1763733600000000,2.56200000,2.59100000,2.53200000,2.56100000,190144.60000000,1763737199999999,487274.33017000,4387,80454.42000000,206289.80588000,0
1763737200000000,2.56200000,2.56700000,2.50700000,2.52000000,147664.37000000,1763740799999999,373999.14035000,3657,64752.41000000,164169.07305000,0
1763740800000000,2.51900000,2.57500000,2.48600000,2.57400000,187020.34000000,1763744399999999,471827.50908000,5291,91530.41000000,231260.15456000,0
1763744400000000,2.57500000,2.60700000,2.56600000,2.60000000,129088.47000000,1763747999999999,334717.87872000,2990,69486.77000000,180308.22030000,0
1763748000000000,2.60100000,2.62700000,2.54900000,2.60300000,144011.29000000,1763751599999999,372454.54282000,3812,66243.25000000,171263.59964000,0
1763751600000000,2.60400000,2.61000000,2.55600000,2.56300000,81144.46000000,1763755199999999,209389.80642000,1984,23879.58000000,61687.02150000,0
1763755200000000,2.56200000,2.56500000,2.51300000,2.52700000,134412.23000000,1763758799999999,340471.18563000,3451,52006.84000000,131655.68327000,0
1763758800000000,2.52600000,2.55100000,2.50600000,2.53300000,98248.44000000,1763762399999999,248617.74329000,2459,58772.08000000,148815.11050000,0
1763762400000000,2.53200000,2.53700000,2.45000000,2.45600000,143667.18000000,1763765999999999,357674.71253000,2848,36075.02000000,89831.27443000,0
1763766000000000,2.45500000,2.52800000,2.44600000,2.51500000,99818.16000000,1763769599999999,248163.55388000,2615,57039.76000000,141781.07306000,0
1763769600000000,2.51400000,2.52000000,2.48100000,2.49600000,99191.54000000,1763773199999999,248074.87564000,2218,41477.98000000,103781.37574000,0
1763773200000000,2.49500000,2.52800000,2.49000000,2.51700000,51676.38000000,1763776799999999,129897.90190000,1455,26635.86000000,66928.47478000,0
1763776800000000,2.51800000,2.51900000,2.48300000,2.49900000,57361.72000000,1763780399999999,143202.21521000,1392,26142.65000000,65296.51648000,0
1763780400000000,2.49600000,2.50300000,2.48400000,2.48800000,46179.91000000,1763783999999999,115113.29834000,1247,21344.93000000,53234.19100000,0
1763784000000000,2.48900000,2.49100000,2.45200000,2.48000000,87157.85000000,1763787599999999,215044.69755000,2257,41619.45000000,102724.93825000,0
1763787600000000,2.47900000,2.48000000,2.43800000,2.46100000,66608.46000000,1763791199999999,163275.08220000,1686,29823.01000000,73166.47147000,0
1763791200000000,2.46200000,2.49100000,2.44300000,2.48600000,86457.77000000,1763794799999999,213337.47756000,2026,32603.67000000,80554.96850000,0
1763794800000000,2.48500000,2.49200000,2.46800000,2.48300000,27211.31000000,1763798399999999,67507.27498000,948,14252.86000000,35367.29631000,0
1763798400000000,2.48400000,2.48900000,2.44200000,2.45500000,75834.26000000,1763801999999999,186748.99452000,1761,37549.17000000,92494.84575000,0
1763802000000000,2.45600000,2.49700000,2.45400000,2.47700000,104618.11000000,1763805599999999,258884.58022000,2022,69206.83000000,171233.18494000,0
1763805600000000,2.47900000,2.49100000,2.45500000,2.46400000,38459.89000000,1763809199999999,95022.87803000,1019,18691.30000000,46231.80272000,0
1763809200000000,2.46500000,2.49300000,2.45900000,2.48100000,46989.74000000,1763812799999999,116528.18893000,1311,27989.87000000,69441.52233000,0
1763812800000000,2.48000000,2.48100000,2.45300000,2.46400000,46109.13000000,1763816399999999,113748.52959000,996,17843.59000000,44002.06074000,0
1763816400000000,2.46400000,2.46900000,2.44400000,2.45700000,35963.04000000,1763819999999999,88265.28056000,1219,16525.38000000,40569.79887000,0
1763820000000000,2.45900000,2.49300000,2.45900000,2.48000000,61445.75000000,1763823599999999,152270.36014000,1567,39283.30000000,97357.67945000,0
1763823600000000,2.48000000,2.48700000,2.44100000,2.45700000,77014.27000000,1763827199999999,189790.02710000,1751,39548.38000000,97521.46231000,0
1763827200000000,2.45700000,2.49200000,2.45500000,2.48900000,80401.54000000,1763830799999999,199278.26984000,1754,48227.44000000,119589.07467000,0
1763830800000000,2.48900000,2.50200000,2.47800000,2.49400000,211361.15000000,1763834399999999,526355.08688000,3130,121388.92000000,302235.43630000,0
1763834400000000,2.49500000,2.50300000,2.48600000,2.49400000,78075.51000000,1763837999999999,194739.92056000,1548,43179.15000000,107679.03670000,0
1763838000000000,2.49500000,2.50000000,2.47600000,2.48600000,60779.72000000,1763841599999999,151343.08090000,1301,29470.43000000,73394.29932000,0
1763841600000000,2.48600000,2.50200000,2.48000000,2.48900000,38499.75000000,1763845199999999,95834.17171000,1168,21467.20000000,53451.85376000,0
1763845200000000,2.48900000,2.50100000,2.48700000,2.50000000,32655.51000000,1763848799999999,81498.09723000,968,18187.80000000,45396.71994000,0
1763848800000000,2.50000000,2.53300000,2.48800000,2.52500000,74038.10000000,1763852399999999,185545.65289000,1506,46378.21000000,116181.87851000,0
1763852400000000,2.52300000,2.52800000,2.50500000,2.51400000,56676.52000000,1763855999999999,142550.77771000,1312,32259.90000000,81143.49446000,0
1763856000000000,2.51500000,2.52700000,2.50400000,2.50800000,51085.22000000,1763859599999999,128631.84321000,903,21353.74000000,53729.06171000,0
1763859600000000,2.50900000,2.54300000,2.50800000,2.53600000,76590.04000000,1763863199999999,193719.51055000,1169,31495.08000000,79634.71971000,0
1763863200000000,2.53600000,2.54600000,2.52600000,2.53300000,37264.99000000,1763866799999999,94545.94148000,897,18360.61000000,46606.92582000,0
1763866800000000,2.53300000,2.53900000,2.51400000,2.52600000,44804.92000000,1763870399999999,113179.32508000,930,19667.27000000,49713.82036000,0
1763870400000000,2.52700000,2.55400000,2.52600000,2.54700000,94841.44000000,1763873999999999,240877.75905000,2045,43143.63000000,109594.98110000,0
1763874000000000,2.54700000,2.54700000,2.52600000,2.53800000,41247.77000000,1763877599999999,104569.19795000,873,21485.22000000,54455.86608000,0
1763877600000000,2.53700000,2.54500000,2.51800000,2.53000000,40553.02000000,1763881199999999,102550.27472000,838,14733.24000000,37267.22720000,0
1763881200000000,2.52800000,2.54400000,2.50300000,2.54200000,86753.83000000,1763884799999999,219350.75028000,1405,55828.86000000,141407.91794000,0
1763884800000000,2.54300000,2.55100000,2.53400000,2.54600000,52448.05000000,1763888399999999,133379.23923000,751,23457.73000000,59680.93903000,0
1763888400000000,2.54600000,2.55600000,2.54000000,2.55200000,39639.64000000,1763891999999999,101029.56853000,816,27525.11000000,70152.43950000,0
1763892000000000,2.55200000,2.56900000,2.53900000,2.55700000,225453.40000000,1763895599999999,576200.13691000,3251,87373.72000000,223283.79679000,0
1763895600000000,2.55800000,2.56200000,2.53300000,2.54400000,139442.94000000,1763899199999999,355244.92037000,2312,35128.26000000,89503.81307000,0
1763899200000000,2.54400000,2.56900000,2.53500000,2.53800000,58198.76000000,1763902799999999,148536.18926000,1665,33363.11000000,85188.96740000,0
1763902800000000,2.53700000,2.54200000,2.52700000,2.53500000,57846.52000000,1763906399999999,146592.82144000,1232,29024.31000000,73578.90360000,0
1763906400000000,2.53500000,2.54300000,2.51100000,2.51300000,143413.90000000,1763909999999999,362037.62987000,2289,58077.00000000,146628.74651000,0
1763910000000000,2.51400000,2.54300000,2.51000000,2.53800000,110866.13000000,1763913599999999,280459.75362000,2378,63678.76000000,161124.76288000,0
1763913600000000,2.53800000,2.54600000,2.51700000,2.51700000,87083.28000000,1763917199999999,220627.32959000,1970,43833.23000000,111090.66472000,0
1763917200000000,2.51900000,2.51900000,2.50100000,2.50700000,41585.99000000,1763920799999999,104424.09242000,1114,14982.77000000,37629.77007000,0
1763920800000000,2.50700000,2.52500000,2.50400000,2.50600000,38043.91000000,1763924399999999,95621.58668000,804,15535.74000000,39072.35068000,0
1763924400000000,2.50700000,2.52900000,2.50600000,2.51800000,33113.41000000,1763927999999999,83491.34529000,937,16401.86000000,41341.51548000,0
1763928000000000,2.51900000,2.52300000,2.50900000,2.51700000,22764.22000000,1763931599999999,57260.91380000,722,12585.82000000,31667.40998000,0
1763931600000000,2.51700000,2.52300000,2.48800000,2.52100000,140625.21000000,1763935199999999,351830.06330000,2553,54617.33000000,136638.60468000,0
1763935200000000,2.52100000,2.53300000,2.50800000,2.51400000,105848.51000000,1763938799999999,266529.60160000,1924,57213.89000000,144073.28830000,0
1763938800000000,2.51500000,2.51800000,2.48300000,2.49700000,57514.89000000,1763942399999999,143448.09054000,1332,25460.03000000,63498.34642000,0
1763942400000000,2.49700000,2.50400000,2.47600000,2.48900000,52750.90000000,1763945999999999,131347.26388000,1260,26648.96000000,66381.93944000,0
1763946000000000,2.48800000,2.50000000,2.47800000,2.49700000,26817.54000000,1763949599999999,66681.48205000,820,12891.80000000,32072.28676000,0
1763949600000000,2.49700000,2.54500000,2.49500000,2.52800000,113740.09000000,1763953199999999,287117.06432000,2403,65002.65000000,164006.67480000,0
1763953200000000,2.53000000,2.54100000,2.51900000,2.52800000,42208.92000000,1763956799999999,106747.26407000,779,24093.69000000,60942.53411000,0
1763956800000000,2.52800000,2.53300000,2.49200000,2.50900000,44807.75000000,1763960399999999,112425.21196000,796,20754.08000000,52037.74928000,0
1763960400000000,2.50700000,2.54700000,2.50600000,2.52300000,95768.04000000,1763963999999999,242257.19736000,1381,39090.87000000,98874.20050000,0
1763964000000000,2.52500000,2.52500000,2.49000000,2.50400000,63999.85000000,1763967599999999,160021.83700000,1139,24510.90000000,61259.06754000,0
1763967600000000,2.50400000,2.50400000,2.48500000,2.48600000,62497.18000000,1763971199999999,155697.03707000,879,22340.73000000,55667.29960000,0
1763971200000000,2.48600000,2.48700000,2.45700000,2.45900000,135439.65000000,1763974799999999,333952.81130000,1361,28704.87000000,70883.33514000,0
1763974800000000,2.45900000,2.45900000,2.43000000,2.44000000,126599.40000000,1763978399999999,309580.22028000,1852,49433.60000000,120940.30227000,0
1763978400000000,2.43900000,2.45300000,2.43700000,2.45100000,54031.65000000,1763981999999999,132108.83596000,1026,25780.55000000,63053.02669000,0
1763982000000000,2.45100000,2.45500000,2.44400000,2.44800000,79946.24000000,1763985599999999,195747.42005000,968,30113.98000000,73759.96066000,0
1763985600000000,2.44800000,2.44800000,2.42000000,2.42400000,187084.56000000,1763989199999999,455135.76927000,2081,100150.73000000,243584.09635000,0
1763989200000000,2.42400000,2.44900000,2.41900000,2.42100000,227313.41000000,1763992799999999,552543.79554000,2689,134762.76000000,327579.27050000,0
1763992800000000,2.41900000,2.43400000,2.38400000,2.42600000,415899.63000000,1763996399999999,1002739.93488000,5100,210795.91000000,508374.44092000,0
1763996400000000,2.42700000,2.43800000,2.40400000,2.43800000,162725.44000000,1763999999999999,394182.29428000,2324,68247.34000000,165423.90720000,0
1764000000000000,2.43700000,2.47100000,2.43500000,2.45900000,168393.97000000,1764003599999999,413594.07225000,1820,69492.94000000,170629.26538000,0
1764003600000000,2.46000000,2.52000000,2.46000000,2.51800000,151724.88000000,1764007199999999,378434.55904000,2001,90717.75000000,226302.29844000,0
1764007200000000,2.51800000,2.52700000,2.49100000,2.50700000,87829.83000000,1764010799999999,220430.32877000,1485,40093.92000000,100641.67342000,0
1764010800000000,2.50700000,2.51900000,2.50200000,2.50700000,55632.39000000,1764014399999999,139794.54331000,891,32063.37000000,80572.18456000,0
1764014400000000,2.50800000,2.52600000,2.49900000,2.52100000,53160.34000000,1764017999999999,133705.08907000,929,33257.72000000,83657.00044000,0
1764018000000000,2.52100000,2.52700000,2.50600000,2.51500000,38794.33000000,1764021599999999,97624.15658000,645,19880.17000000,50022.43414000,0
1764021600000000,2.51600000,2.53300000,2.51100000,2.51900000,38580.30000000,1764025199999999,97334.36510000,585,19582.62000000,49415.62446000,0
1764025200000000,2.51900000,2.52300000,2.49800000,2.50100000,31918.48000000,1764028799999999,80088.06273000,553,11978.95000000,30062.44146000,0
1764028800000000,2.50100000,2.51900000,2.49700000,2.51700000,35178.99000000,1764032399999999,88184.54289000,593,15747.38000000,39478.10579000,0
1764032400000000,2.51800000,2.53100000,2.51300000,2.51700000,38288.77000000,1764035999999999,96637.02779000,535,16217.65000000,40958.19150000,0
1764036000000000,2.51700000,2.52700000,2.50300000,2.52500000,44770.64000000,1764039599999999,112602.66434000,722,14734.38000000,37075.84754000,0
1764039600000000,2.52400000,2.53200000,2.51800000,2.52800000,32081.52000000,1764043199999999,81034.69900000,458,15311.50000000,38690.82382000,0
1764043200000000,2.52800000,2.53100000,2.51100000,2.52000000,33792.80000000,1764046799999999,85191.83779000,560,19412.97000000,48947.19773000,0
1764046800000000,2.51900000,2.53100000,2.50800000,2.52100000,28182.75000000,1764050399999999,70991.29679000,472,14487.66000000,36488.40662000,0
1764050400000000,2.52100000,2.52700000,2.50600000,2.51500000,51457.39000000,1764053999999999,129323.57454000,571,11087.20000000,27877.25341000,0
1764054000000000,2.51600000,2.52900000,2.51000000,2.51200000,56996.64000000,1764057599999999,143576.98246000,790,24846.68000000,62646.90781000,0
1764057600000000,2.51300000,2.52800000,2.50100000,2.50100000,49460.97000000,1764061199999999,124348.32699000,829,22064.11000000,55480.98172000,0
1764061200000000,2.50200000,2.50600000,2.47500000,2.48500000,110436.77000000,1764064799999999,274853.29676000,1450,42912.74000000,106797.41731000,0
1764064800000000,2.48400000,2.49500000,2.47400000,2.49400000,36944.40000000,1764068399999999,91812.24395000,677,17758.63000000,44160.87812000,0
1764068400000000,2.49400000,2.49400000,2.46800000,2.46900000,60679.69000000,1764071999999999,150464.46786000,711,20449.85000000,50693.19494000,0
1764072000000000,2.47000000,2.49400000,2.46500000,2.47800000,74910.69000000,1764075599999999,185885.45570000,1000,38575.03000000,95742.85863000,0
1764075600000000,2.47800000,2.48300000,2.45100000,2.45600000,69571.86000000,1764079199999999,171793.69333000,992,29146.02000000,71994.17006000,0
1764079200000000,2.45700000,2.47100000,2.42400000,2.44800000,85904.74000000,1764082799999999,210270.28767000,1631,36610.15000000,89716.79719000,0
1764082800000000,2.44700000,2.45500000,2.41600000,2.44100000,107694.86000000,1764086399999999,262200.31323000,1867,51207.03000000,124734.37008000,0
1764086400000000,2.44100000,2.46400000,2.43700000,2.45000000,47071.69000000,1764089999999999,115313.13161000,1023,21123.09000000,51789.71931000,0
1764090000000000,2.45100000,2.47600000,2.44000000,2.46400000,69807.74000000,1764093599999999,171710.03759000,1073,37804.25000000,93038.26106000,0
1764093600000000,2.46500000,2.47900000,2.45400000,2.45400000,55766.38000000,1764097199999999,137799.32913000,766,37176.10000000,91897.05580000,0
1764097200000000,2.45500000,2.45800000,2.41400000,2.44100000,76744.29000000,1764100799999999,186455.82043000,1299,32014.54000000,77833.59937000,0
1764100800000000,2.44100000,2.47100000,2.43900000,2.46500000,33546.63000000,1764104399999999,82220.15818000,711,18624.24000000,45674.04971000,0
1764104400000000,2.46400000,2.46700000,2.45100000,2.45600000,18791.71000000,1764107999999999,46190.85586000,437,11265.12000000,27690.42858000,0
1764108000000000,2.45500000,2.48700000,2.43300000,2.48200000,79437.39000000,1764111599999999,195183.43671000,1073,44165.71000000,108666.60681000,0
1764111600000000,2.48200000,2.49500000,2.46500000,2.46700000,52089.98000000,1764115199999999,129228.71289000,895,25606.34000000,63579.18230000,0
1764115200000000,2.46900000,2.47600000,2.46400000,2.46400000,28666.93000000,1764118799999999,70796.82169000,527,14577.85000000,36005.12779000,0
1764118800000000,2.46300000,2.47900000,2.45200000,2.46400000,43646.60000000,1764122399999999,107456.31210000,644,18583.06000000,45780.72533000,0
1764122400000000,2.46400000,2.46600000,2.45000000,2.45600000,32645.99000000,1764125999999999,80239.55552000,489,13494.73000000,33179.74129000,0
1764126000000000,2.45600000,2.46200000,2.44300000,2.44700000,36823.65000000,1764129599999999,90296.64885000,532,15325.91000000,37584.31639000,0
1764129600000000,2.44600000,2.45700000,2.44600000,2.44900000,37806.61000000,1764133199999999,92639.58719000,553,13409.05000000,32851.08717000,0
1764133200000000,2.44800000,2.47500000,2.44700000,2.47000000,33971.33000000,1764136799999999,83781.05385000,559,21416.82000000,52827.94309000,0
1764136800000000,2.47000000,2.47700000,2.45800000,2.47500000,41261.46000000,1764140399999999,101818.55528000,538,27131.06000000,66969.30914000,0
1764140400000000,2.47400000,2.49200000,2.47400000,2.48900000,63162.04000000,1764143999999999,156887.81379000,698,44478.65000000,110449.22793000,0
1764144000000000,2.48900000,2.49800000,2.48000000,2.48500000,90512.69000000,1764147599999999,225310.57038000,1017,46090.98000000,114698.43929000,0
1764147600000000,2.48600000,2.49100000,2.46000000,2.46000000,91337.82000000,1764151199999999,225897.65324000,1172,36272.62000000,89652.81414000,0
1764151200000000,2.46000000,2.47300000,2.46000000,2.46900000,36180.76000000,1764154799999999,89299.01450000,496,16616.79000000,41015.06592000,0
1764154800000000,2.47000000,2.48600000,2.45900000,2.46600000,154481.52000000,1764158399999999,382125.08004000,1604,72945.62000000,180463.08384000,0
1764158400000000,2.46500000,2.46900000,2.44400000,2.45000000,60975.86000000,1764161999999999,149508.20818000,845,22058.94000000,54102.55012000,0
1764162000000000,2.44900000,2.47700000,2.44600000,2.47400000,55821.92000000,1764165599999999,137455.24517000,786,34954.03000000,86121.60900000,0
1764165600000000,2.47400000,2.47400000,2.44200000,2.44500000,76231.32000000,1764169199999999,187714.24988000,1170,32760.42000000,80730.11849000,0
1764169200000000,2.44500000,2.45900000,2.43400000,2.44500000,62312.75000000,1764172799999999,152224.72510000,1080,27543.86000000,67284.85626000,0
1764172800000000,2.44600000,2.46900000,2.44600000,2.46300000,53447.14000000,1764176399999999,131434.07438000,825,23536.00000000,57904.54524000,0
1764176400000000,2.46300000,2.52800000,2.46100000,2.52700000,126551.34000000,1764179999999999,316372.36659000,2229,74482.18000000,186133.04454000,0
1764180000000000,2.52700000,2.56100000,2.51600000,2.55900000,154478.99000000,1764183599999999,392294.65423000,2210,85824.23000000,217882.51072000,0
1764183600000000,2.55700000,2.55700000,2.52200000,2.53300000,110114.33000000,1764187199999999,279281.20523000,1561,45529.15000000,115434.62737000,0
1764187200000000,2.53500000,2.54100000,2.52300000,2.53200000,38649.81000000,1764190799999999,97832.94045000,655,25764.75000000,65207.41507000,0
1764190800000000,2.53300000,2.54300000,2.51500000,2.53400000,49418.97000000,1764194399999999,125004.96800000,774,24687.60000000,62437.37685000,0
1764194400000000,2.53600000,2.54800000,2.52400000,2.54300000,61431.50000000,1764197999999999,155779.45512000,665,30345.15000000,76925.75288000,0
1764198000000000,2.54200000,2.54300000,2.52100000,2.52400000,25084.08000000,1764201599999999,63414.65454000,409,9843.69000000,24872.42254000,0
1764201600000000,2.52500000,2.53800000,2.51800000,2.52700000,53294.57000000,1764205199999999,134581.24678000,695,23338.74000000,58951.87794000,0
1764205200000000,2.52700000,2.53500000,2.51700000,2.53000000,49906.28000000,1764208799999999,126035.90971000,677,25962.27000000,65598.20038000,0
1764208800000000,2.52900000,2.54200000,2.52300000,2.52600000,47969.31000000,1764212399999999,121500.94764000,807,26951.17000000,68263.94248000,0
1764212400000000,2.52500000,2.52800000,2.51000000,2.51400000,44033.10000000,1764215999999999,110878.78752000,578,16075.74000000,40465.36362000,0
1764216000000000,2.51300000,2.53800000,2.51300000,2.53300000,43109.90000000,1764219599999999,109151.93471000,643,23982.20000000,60717.34688000,0
1764219600000000,2.53200000,2.53600000,2.51900000,2.52000000,56372.34000000,1764223199999999,142461.98213000,774,23689.84000000,59910.74536000,0
1764223200000000,2.52100000,2.53800000,2.51900000,2.53100000,14198.08000000,1764226799999999,35908.60489000,380,9295.73000000,23499.93661000,0
1764226800000000,2.53100000,2.53700000,2.51500000,2.52000000,79380.68000000,1764230399999999,200314.50875000,723,26190.72000000,66135.54393000,0
1764230400000000,2.52100000,2.52300000,2.50800000,2.52000000,53652.55000000,1764233999999999,134905.16167000,819,24398.28000000,61357.59289000,0
1764234000000000,2.52000000,2.53200000,2.51100000,2.51500000,55924.55000000,1764237599999999,140986.69686000,882,33856.34000000,85362.89143000,0
1764237600000000,2.51400000,2.53200000,2.50400000,2.53000000,60951.69000000,1764241199999999,153447.75570000,918,29462.91000000,74313.18719000,0
1764241200000000,2.53000000,2.53400000,2.52500000,2.52800000,38716.18000000,1764244799999999,97956.09069000,600,24432.85000000,61820.71216000,0
1764244800000000,2.52900000,2.53100000,2.51400000,2.51700000,32862.04000000,1764248399999999,82907.03745000,606,17625.00000000,44465.99466000,0
1764248400000000,2.51700000,2.53000000,2.51600000,2.52400000,73942.57000000,1764251999999999,186625.21272000,1006,44989.52000000,113567.21305000,0
1764252000000000,2.52300000,2.54000000,2.51200000,2.53800000,78484.01000000,1764255599999999,198222.31554000,1279,42654.22000000,107816.96406000,0
1764255600000000,2.53800000,2.54200000,2.50000000,2.52600000,139641.13000000,1764259199999999,351614.84270000,1943,52612.94000000,132377.35111000,0
1764259200000000,2.52700000,2.54300000,2.52200000,2.54200000,52093.22000000,1764262799999999,131964.26366000,949,33712.69000000,85406.25278000,0
1764262800000000,2.54100000,2.54400000,2.53300000,2.54100000,39843.52000000,1764266399999999,101136.88044000,581,23976.87000000,60868.28879000,0
1764266400000000,2.54100000,2.55300000,2.53100000,2.55000000,67735.68000000,1764269999999999,172170.48970000,912,37250.96000000,94707.66926000,0
1764270000000000,2.55000000,2.55000000,2.53800000,2.54100000,46447.70000000,1764273599999999,118108.41478000,732,22571.77000000,57393.87533000,0
1764273600000000,2.54200000,2.55100000,2.54100000,2.54800000,26394.97000000,1764277199999999,67220.44949000,435,19804.24000000,50439.17016000,0
1764277200000000,2.54800000,2.55600000,2.54000000,2.54200000,19664.84000000,1764280799999999,50111.58332000,540,8749.51000000,22296.44266000,0
1764280800000000,2.54100000,2.54400000,2.51600000,2.52500000,28660.51000000,1764284399999999,72582.70737000,556,10609.88000000,26872.28059000,0
1764284400000000,2.52400000,2.52700000,2.51500000,2.52000000,30011.74000000,1764287999999999,75632.02723000,383,18672.99000000,47051.71203000,0
1764288000000000,2.52000000,2.52300000,2.50800000,2.51100000,23436.77000000,1764291599999999,58871.83617000,583,10775.16000000,27072.47270000,0
1764291600000000,2.51000000,2.51500000,2.48400000,2.48700000,57001.94000000,1764295199999999,142388.81665000,995,14409.60000000,36002.53489000,0
1764295200000000,2.48800000,2.50100000,2.47700000,2.49500000,44216.15000000,1764298799999999,110126.28880000,691,20991.48000000,52240.64503000,0
1764298800000000,2.49600000,2.49700000,2.48700000,2.49200000,17750.52000000,1764302399999999,44214.55791000,331,10114.51000000,25191.42111000,0
1764302400000000,2.49200000,2.49700000,2.48400000,2.48500000,6967.04000000,1764305999999999,17358.62086000,211,5054.58000000,12593.91346000,0
1764306000000000,2.48300000,2.49500000,2.48100000,2.49100000,26462.31000000,1764309599999999,65824.62029000,414,14562.47000000,36228.51658000,0
1764309600000000,2.48900000,2.48900000,2.46500000,2.47400000,39073.53000000,1764313199999999,96646.69248000,647,16666.58000000,41205.73325000,0
1764313200000000,2.47400000,2.49200000,2.47400000,2.48500000,17682.75000000,1764316799999999,43943.32441000,457,8603.81000000,21392.75760000,0
1764316800000000,2.48500000,2.54400000,2.48500000,2.53700000,81876.54000000,1764320399999999,206273.26394000,1633,40977.71000000,103162.01005000,0
1764320400000000,2.53700000,2.53700000,2.51200000,2.51300000,25154.77000000,1764323999999999,63447.79853000,506,7908.46000000,19952.45787000,0
1764324000000000,2.51400000,2.51700000,2.50300000,2.50900000,38282.30000000,1764327599999999,96062.26672000,659,19700.29000000,49425.64005000,0
1764327600000000,2.50900000,2.51200000,2.47900000,2.48900000,35508.48000000,1764331199999999,88493.18268000,887,12015.46000000,29953.65004000,0
1764331200000000,2.48800000,2.49600000,2.48300000,2.48400000,13730.66000000,1764334799999999,34195.49958000,447,8264.18000000,20589.72417000,0
1764334800000000,2.48400000,2.51100000,2.47500000,2.50300000,49384.19000000,1764338399999999,123075.15300000,1041,26679.15000000,66556.75079000,0
1764338400000000,2.50200000,2.51300000,2.48500000,2.49500000,86067.72000000,1764341999999999,215024.90954000,1570,28033.70000000,70093.22151000,0
1764342000000000,2.49600000,2.51500000,2.48400000,2.50900000,88418.68000000,1764345599999999,221336.03709000,1653,52051.99000000,130382.13238000,0
1764345600000000,2.50800000,2.50900000,2.46900000,2.46900000,116909.84000000,1764349199999999,290545.26078000,1880,46521.45000000,115735.92574000,0
1764349200000000,2.47000000,2.47400000,2.44100000,2.44800000,78456.34000000,1764352799999999,192624.87803000,1892,29884.53000000,73359.46050000,0
1764352800000000,2.44700000,2.45000000,2.42700000,2.44600000,70464.65000000,1764356399999999,171890.28667000,1468,32273.55000000,78775.86760000,0
1764356400000000,2.44500000,2.46300000,2.44100000,2.45900000,30709.18000000,1764359999999999,75324.64033000,653,17174.33000000,42149.62113000,0
1764360000000000,2.45800000,2.46300000,2.44800000,2.46200000,29997.09000000,1764363599999999,73657.92667000,517,16708.76000000,41045.27797000,0
1764363600000000,2.46200000,2.46400000,2.43600000,2.43700000,79266.98000000,1764367199999999,193934.14552000,798,18237.34000000,44735.91151000,0
1764367200000000,2.43700000,2.45700000,2.43200000,2.45500000,60350.61000000,1764370799999999,147300.60092000,690,26162.56000000,63899.75062000,0
1764370800000000,2.45600000,2.46000000,2.43800000,2.43900000,40198.04000000,1764374399999999,98425.90186000,510,10921.64000000,26746.82208000,0
1764374400000000,2.43900000,2.44300000,2.43500000,2.44100000,15589.78000000,1764377999999999,38021.43809000,386,6634.42000000,16182.63763000,0
1764378000000000,2.44100000,2.45500000,2.44100000,2.44600000,23462.20000000,1764381599999999,57452.26787000,437,9842.87000000,24104.09862000,0
1764381600000000,2.44500000,2.44600000,2.43200000,2.44600000,23501.36000000,1764385199999999,57300.15128000,386,11235.29000000,27397.57629000,0
1764385200000000,2.44700000,2.45100000,2.44000000,2.44100000,20961.40000000,1764388799999999,51264.77145000,346,10260.61000000,25102.53928000,0
1764388800000000,2.44100000,2.45300000,2.43200000,2.45300000,43839.18000000,1764392399999999,107127.31019000,508,22562.75000000,55154.34648000,0
1764392400000000,2.45200000,2.45300000,2.43800000,2.43800000,15902.28000000,1764395999999999,38899.83122000,253,7288.92000000,17829.42593000,0
1764396000000000,2.43700000,2.44000000,2.41800000,2.42900000,66840.81000000,1764399599999999,162315.89680000,1046,22058.73000000,53559.54108000,0
1764399600000000,2.42800000,2.43300000,2.41800000,2.41900000,20640.36000000,1764403199999999,50076.68189000,460,11946.06000000,28992.86112000,0
1764403200000000,2.41800000,2.42600000,2.40800000,2.41000000,47197.50000000,1764406799999999,114003.54046000,866,12410.21000000,30001.22175000,0
1764406800000000,2.40900000,2.41600000,2.40800000,2.41300000,35207.82000000,1764410399999999,84923.16178000,447,9819.51000000,23690.41915000,0
1764410400000000,2.41300000,2.42400000,2.40300000,2.41900000,58305.60000000,1764413999999999,140875.13949000,949,32138.88000000,77704.31323000,0
1764414000000000,2.41900000,2.43300000,2.41800000,2.43000000,75034.71000000,1764417599999999,182146.60103000,1045,58658.93000000,142392.70389000,0
1764417600000000,2.43000000,2.43300000,2.41800000,2.41800000,43797.15000000,1764421199999999,106238.14999000,625,27005.90000000,65516.08064000,0
1764421200000000,2.41800000,2.42400000,2.41400000,2.41600000,36242.48000000,1764424799999999,87670.95345000,628,16058.75000000,38858.89570000,0
1764424800000000,2.41600000,2.41600000,2.39900000,2.40500000,123233.04000000,1764428399999999,296262.70701000,1346,45434.11000000,109244.66888000,0
1764428400000000,2.40600000,2.42800000,2.40300000,2.42500000,87673.52000000,1764431999999999,211897.50502000,1445,53884.15000000,130315.10967000,0
1764432000000000,2.42500000,2.43100000,2.41500000,2.41800000,17334.09000000,1764435599999999,42004.96266000,548,11432.33000000,27711.30089000,0
1764435600000000,2.41900000,2.42100000,2.39800000,2.40000000,71897.00000000,1764439199999999,173089.19388000,1009,16719.36000000,40247.52501000,0
1764439200000000,2.40000000,2.41500000,2.38900000,2.41200000,56294.63000000,1764442799999999,135107.91258000,1124,29748.59000000,71455.47661000,0
1764442800000000,2.41300000,2.41700000,2.40500000,2.40900000,14285.08000000,1764446399999999,34466.99078000,282,7134.32000000,17221.93652000,0
1764446400000000,2.40700000,2.42400000,2.40200000,2.42300000,15882.09000000,1764449999999999,38361.55241000,400,10628.08000000,25680.52883000,0
1764450000000000,2.42300000,2.42700000,2.42000000,2.42600000,12072.04000000,1764453599999999,29259.99364000,259,3822.12000000,9265.85545000,0
1764453600000000,2.42500000,2.42600000,2.41700000,2.42200000,8906.21000000,1764457199999999,21574.72428000,193,3732.36000000,9038.95087000,0
1764457200000000,2.42200000,2.43000000,2.41500000,2.42700000,12315.72000000,1764460799999999,29881.27598000,250,6645.43000000,16133.35027000,0
1764460800000000,2.42700000,2.43400000,2.42500000,2.42800000,13683.75000000,1764464399999999,33258.09718000,327,7923.14000000,19258.56858000,0
1764464400000000,2.42700000,2.44600000,2.42400000,2.43500000,33479.85000000,1764467999999999,81654.54730000,656,24027.04000000,58600.57383000,0
1764468000000000,2.43500000,2.45400000,2.43200000,2.43300000,53240.18000000,1764471599999999,130299.90392000,1028,27161.32000000,66533.36536000,0
1764471600000000,2.43300000,2.43700000,2.41700000,2.43700000,21837.06000000,1764475199999999,53008.75914000,431,11174.01000000,27127.32705000,0
1764475200000000,2.43800000,2.44000000,2.42400000,2.42900000,5928.13000000,1764478799999999,14414.13889000,179,3625.43000000,8815.74338000,0
1764478800000000,2.42800000,2.42800000,2.41500000,2.42000000,39321.64000000,1764482399999999,95244.75972000,573,24528.51000000,59442.14562000,0
1764482400000000,2.42000000,2.43900000,2.41700000,2.43100000,12574.76000000,1764485999999999,30563.66128000,302,8260.57000000,20081.05415000,0
1764486000000000,2.43100000,2.43800000,2.42900000,2.43300000,12042.20000000,1764489599999999,29310.04058000,272,3555.05000000,8652.85098000,0
1764489600000000,2.43400000,2.44700000,2.42900000,2.43700000,43595.48000000,1764493199999999,106225.60285000,632,24333.80000000,59355.75713000,0
1764493200000000,2.43900000,2.44400000,2.43100000,2.43500000,29263.53000000,1764496799999999,71283.84870000,410,12512.86000000,30507.46927000,0
1764496800000000,2.43500000,2.43600000,2.42700000,2.42800000,31840.14000000,1764500399999999,77377.18218000,456,7446.49000000,18093.24997000,0
1764500400000000,2.42700000,2.43200000,2.41900000,2.42000000,35078.27000000,1764503999999999,85035.38511000,647,18116.80000000,43936.76903000,0
1764504000000000,2.42100000,2.44100000,2.41500000,2.43300000,37740.00000000,1764507599999999,91600.21635000,678,19331.39000000,46963.72743000,0
1764507600000000,2.43300000,2.44500000,2.43000000,2.44000000,30286.06000000,1764511199999999,73870.53756000,536,14982.97000000,36555.37040000,0
1764511200000000,2.44000000,2.44000000,2.42200000,2.42500000,31905.97000000,1764514799999999,77515.04165000,498,17437.56000000,42367.47716000,0
1764514800000000,2.42500000,2.42600000,2.41200000,2.41800000,63701.49000000,1764518399999999,154083.34857000,1225,27040.40000000,65418.26162000,0
1764518400000000,2.41700000,2.43200000,2.41700000,2.43200000,19764.29000000,1764521999999999,47982.01591000,431,11307.92000000,27452.18900000,0
1764522000000000,2.43100000,2.43300000,2.41700000,2.43000000,18644.62000000,1764525599999999,45185.69344000,395,9419.66000000,22830.45931000,0
1764525600000000,2.43000000,2.43000000,2.41600000,2.42600000,23846.10000000,1764529199999999,57733.41680000,504,13552.43000000,32816.96725000,0
1764529200000000,2.42600000,2.42600000,2.41400000,2.41600000,44182.44000000,1764532799999999,106858.59707000,606,13977.32000000,33807.25761000,0
1764532800000000,2.41700000,2.42800000,2.40600000,2.41400000,52438.24000000,1764536399999999,126650.24749000,682,18272.93000000,44227.73296000,0
1764536400000000,2.41300000,2.41500000,2.39900000,2.40900000,68436.95000000,1764539999999999,164728.18910000,1154,25503.34000000,61443.78240000,0
1764540000000000,2.40800000,2.42600000,2.40700000,2.41700000,38279.05000000,1764543599999999,92596.84576000,756,25434.65000000,61539.53113000,0
1764543600000000,2.41800000,2.41800000,2.37100000,2.37600000,142047.46000000,1764547199999999,340092.98930000,1634,53783.74000000,128555.71269000,0
