1767225600000000,1.93000000,1.93800000,1.92700000,1.93000000,44422.74000000,1767229199999999,85813.64156000,456,34613.69000000,66867.01009000,0
1767229200000000,1.92900000,1.93300000,1.92100000,1.92600000,57077.32000000,1767232799999999,109937.89194000,514,39748.57000000,76555.25448000,0
1767232800000000,1.92600000,1.92800000,1.92100000,1.92800000,22463.51000000,1767236399999999,43235.23043000,322,14920.07000000,28719.26693000,0
1767236400000000,1.92700000,1.93000000,1.92500000,1.92700000,17435.84000000,1767239999999999,33606.68027000,207,8497.37000000,16380.92106000,0
1767240000000000,1.92800000,1.92900000,1.92000000,1.92300000,32890.67000000,1767243599999999,63263.08280000,494,18420.50000000,35422.77892000,0
1767243600000000,1.92300000,1.93300000,1.92300000,1.92900000,46424.64000000,1767247199999999,89500.94337000,742,30271.22000000,58335.02129000,0
1767247200000000,1.93000000,1.93300000,1.92500000,1.92600000,22712.77000000,1767250799999999,43785.27120000,256,7463.81000000,14406.20768000,0
1767250800000000,1.92700000,1.93800000,1.92700000,1.93400000,34569.14000000,1767254399999999,66812.19966000,602,25813.44000000,49892.93202000,0
1767254400000000,1.93300000,1.93900000,1.93300000,1.93900000,20674.55000000,1767257999999999,40018.91863000,400,11457.01000000,22180.14561000,0
1767258000000000,1.93900000,1.95000000,1.93900000,1.94400000,52666.84000000,1767261599999999,102484.98274000,681,31613.60000000,61518.37300000,0
1767261600000000,1.94400000,1.94900000,1.94000000,1.94900000,72055.82000000,1767265199999999,140043.67861000,683,24486.77000000,47603.01460000,0
1767265200000000,1.94900000,1.95000000,1.94100000,1.95000000,22658.50000000,1767268799999999,44101.76232000,308,12334.15000000,24009.44456000,0
1767268800000000,1.94900000,1.95300000,1.94500000,1.95100000,38524.81000000,1767272399999999,75097.59948000,372,21023.92000000,41006.50424000,0
1767272400000000,1.95100000,1.97300000,1.95000000,1.97000000,49337.97000000,1767275999999999,96890.88740000,588,35690.70000000,70057.53492000,0
1767276000000000,1.97100000,1.99300000,1.97100000,1.98800000,89013.69000000,1767279599999999,176266.59267000,902,58948.50000000,116754.03151000,0
1767279600000000,1.98900000,2.02400000,1.98900000,2.01100000,86653.31000000,1767283199999999,173539.34557000,1262,44952.19000000,90066.53987000,0
1767283200000000,2.01200000,2.02400000,2.00900000,2.01600000,119757.83000000,1767286799999999,241536.61864000,1190,49090.16000000,98974.34002000,0
1767286800000000,2.01700000,2.03800000,2.01700000,2.02600000,67866.52000000,1767290399999999,137740.08387000,906,29080.54000000,59039.34487000,0
1767290400000000,2.02700000,2.03500000,2.02200000,2.03200000,106688.98000000,1767293999999999,216533.72254000,930,57667.97000000,117087.28605000,0
1767294000000000,2.03200000,2.04900000,2.03100000,2.04900000,55047.89000000,1767297599999999,112086.15851000,633,24252.06000000,49398.00086000,0
1767297600000000,2.04900000,2.06000000,2.04500000,2.04800000,60502.61000000,1767301199999999,124062.82038000,711,29853.54000000,61220.60873000,0
1767301200000000,2.04800000,2.05500000,2.04400000,2.05300000,41332.69000000,1767304799999999,84718.91833000,520,23929.07000000,49041.68648000,0
1767304800000000,2.05200000,2.07300000,2.05200000,2.07200000,71567.29000000,1767308399999999,147399.24182000,669,39012.21000000,80360.15641000,0
1767308400000000,2.07300000,2.07900000,2.06200000,2.06900000,76863.89000000,1767311999999999,159215.68920000,855,48121.75000000,99661.00081000,0
1767312000000000,2.06900000,2.07600000,2.05900000,2.06700000,19315.98000000,1767315599999999,39966.27256000,352,11072.02000000,22914.35244000,0
1767315600000000,2.06700000,2.07100000,2.06000000,2.07100000,20704.10000000,1767319199999999,42802.35535000,360,10082.37000000,20840.31130000,0
1767319200000000,2.07100000,2.08700000,2.06700000,2.08600000,36558.40000000,1767322799999999,75916.70863000,539,14961.07000000,31087.88003000,0
1767322800000000,2.08700000,2.12600000,2.08300000,2.12300000,169610.27000000,1767326399999999,357135.20940000,2013,89396.30000000,188350.88347000,0
1767326400000000,2.12400000,2.12900000,2.08700000,2.09200000,55618.96000000,1767329999999999,117141.44337000,801,20205.77000000,42530.10146000,0
1767330000000000,2.09300000,2.10200000,2.08800000,2.10200000,30864.40000000,1767333599999999,64628.59830000,412,12935.81000000,27093.06067000,0
1767333600000000,2.10200000,2.11100000,2.09700000,2.09800000,49233.64000000,1767337199999999,103593.94972000,610,29558.42000000,62201.61725000,0
1767337200000000,2.09700000,2.10000000,2.08600000,2.08800000,57832.33000000,1767340799999999,121107.46559000,605,22887.30000000,47957.10374000,0
1767340800000000,2.08800000,2.09400000,2.08200000,2.09300000,52528.18000000,1767344399999999,109776.28714000,670,39370.53000000,82288.75838000,0
1767344400000000,2.09300000,2.11900000,2.08900000,2.11000000,60603.83000000,1767347999999999,127565.95346000,936,35502.63000000,74716.22296000,0
1767348000000000,2.11000000,2.11600000,2.10400000,2.11400000,59004.12000000,1767351599999999,124499.41054000,710,30211.89000000,63741.71617000,0
1767351600000000,2.11400000,2.11600000,2.09700000,2.10600000,29828.94000000,1767355199999999,62811.59012000,499,14560.25000000,30669.46235000,0
1767355200000000,2.10500000,2.12000000,2.09800000,2.11700000,70964.19000000,1767358799999999,149527.21689000,787,33304.07000000,70147.55167000,0
1767358800000000,2.11700000,2.12200000,2.11500000,2.11900000,78706.83000000,1767362399999999,166762.19270000,908,40577.91000000,85980.26426000,0
1767362400000000,2.12000000,2.14100000,2.10500000,2.12600000,133868.88000000,1767365999999999,284681.47159000,2207,63591.36000000,135325.33171000,0
1767366000000000,2.12800000,2.13900000,2.11000000,2.12800000,99526.62000000,1767369599999999,211666.96210000,1325,43468.50000000,92439.68123000,0
1767369600000000,2.12900000,2.14800000,2.12400000,2.14700000,88895.94000000,1767373199999999,189889.27359000,1356,36471.70000000,77966.39383000,0
1767373200000000,2.14700000,2.15400000,2.13400000,2.14200000,85939.67000000,1767376799999999,184380.05580000,1060,46362.38000000,99529.05133000,0
1767376800000000,2.14200000,2.14800000,2.12500000,2.13400000,36543.50000000,1767380399999999,78133.98330000,665,11897.42000000,25463.95267000,0
1767380400000000,2.13500000,2.15400000,2.13200000,2.15000000,80305.10000000,1767383999999999,172300.62473000,818,36190.53000000,77639.40097000,0
1767384000000000,2.15000000,2.15400000,2.13700000,2.14100000,35532.71000000,1767387599999999,76256.08932000,522,16952.56000000,36402.00944000,0
1767387600000000,2.14000000,2.15700000,2.13800000,2.15700000,38462.97000000,1767391199999999,82542.24011000,483,20143.53000000,43253.98844000,0
1767391200000000,2.15700000,2.17000000,2.15400000,2.16100000,74974.93000000,1767394799999999,162151.36739000,1067,45083.95000000,97511.02601000,0
1767394800000000,2.16100000,2.16900000,2.15700000,2.16800000,30997.09000000,1767398399999999,67107.69998000,492,16141.47000000,34958.33802000,0
1767398400000000,2.16800000,2.19900000,2.16700000,2.18400000,99484.35000000,1767401999999999,217052.86605000,1351,51585.22000000,112458.78083000,0
1767402000000000,2.18300000,2.18600000,2.17100000,2.18500000,63432.21000000,1767405599999999,138286.14592000,786,32521.10000000,70892.69580000,0
1767405600000000,2.18500000,2.19200000,2.18100000,2.19000000,26907.77000000,1767409199999999,58853.82418000,432,13034.63000000,28507.98940000,0
1767409200000000,2.19000000,2.24500000,2.18900000,2.24100000,130337.78000000,1767412799999999,289407.15962000,1701,76742.36000000,170473.38441000,0
1767412800000000,2.24200000,2.24400000,2.21700000,2.23600000,76871.56000000,1767416399999999,171274.21717000,1018,37790.59000000,84165.58668000,0
1767416400000000,2.23700000,2.25200000,2.22200000,2.24000000,104495.10000000,1767419999999999,233909.11035000,1282,51606.61000000,115450.09398000,0
1767420000000000,2.24100000,2.25500000,2.20700000,2.21800000,93622.78000000,1767423599999999,208890.04427000,1267,43001.27000000,95922.61960000,0
1767423600000000,2.21800000,2.23100000,2.19500000,2.19600000,134121.33000000,1767427199999999,296787.35673000,1697,65086.25000000,144045.34943000,0
1767427200000000,2.19700000,2.20700000,2.18900000,2.18900000,43001.91000000,1767430799999999,94454.41036000,862,19142.50000000,42073.85255000,0
1767430800000000,2.18900000,2.19100000,2.17600000,2.18000000,55396.20000000,1767434399999999,120988.49173000,941,28572.40000000,62386.73619000,0
1767434400000000,2.18000000,2.19500000,2.17900000,2.18800000,41914.72000000,1767437999999999,91612.48941000,595,19293.94000000,42155.20500000,0
1767438000000000,2.18800000,2.20500000,2.18400000,2.20500000,71938.09000000,1767441599999999,158096.40274000,872,34987.96000000,76901.61700000,0
1767441600000000,2.20400000,2.23300000,2.20000000,2.23100000,58988.15000000,1767445199999999,130994.27271000,923,30267.17000000,67214.61004000,0
1767445200000000,2.23000000,2.23000000,2.21300000,2.21600000,24637.70000000,1767448799999999,54664.55666000,500,12404.66000000,27521.89881000,0
1767448800000000,2.21600000,2.22500000,2.21100000,2.21800000,36553.98000000,1767452399999999,81009.73885000,515,13784.61000000,30542.48833000,0
1767452400000000,2.21800000,2.23700000,2.21400000,2.21500000,64545.51000000,1767455999999999,143644.37063000,979,31893.40000000,70957.52424000,0
1767456000000000,2.21400000,2.25100000,2.20800000,2.24200000,157869.16000000,1767459599999999,352077.45627000,2009,67783.15000000,151316.06232000,0
1767459600000000,2.24100000,2.24200000,2.22400000,2.22900000,40246.78000000,1767463199999999,89798.02173000,616,16983.66000000,37897.47566000,0
1767463200000000,2.22900000,2.23200000,2.21600000,2.22700000,37791.07000000,1767466799999999,84153.38440000,493,20525.81000000,45713.72271000,0
1767466800000000,2.22700000,2.23000000,2.21900000,2.23000000,34120.03000000,1767470399999999,75972.34466000,405,13377.08000000,29776.71728000,0
1767470400000000,2.23000000,2.23800000,2.21900000,2.23200000,22716.78000000,1767473999999999,50662.60391000,389,11968.67000000,26701.38766000,0
1767474000000000,2.23300000,2.24100000,2.22500000,2.23900000,40061.42000000,1767477599999999,89519.82411000,623,18998.47000000,42463.69397000,0
1767477600000000,2.23700000,2.26000000,2.23300000,2.25200000,51992.78000000,1767481199999999,116894.49141000,760,30650.04000000,68928.13686000,0
1767481200000000,2.25200000,2.25400000,2.23700000,2.23900000,25226.85000000,1767484799999999,56599.28056000,358,12229.20000000,27458.69566000,0
1767484800000000,2.24000000,2.25800000,2.23500000,2.24600000,53932.45000000,1767488399999999,121108.99916000,1146,24569.15000000,55182.92921000,0
1767488400000000,2.24500000,2.25500000,2.23000000,2.25300000,66358.31000000,1767491999999999,148940.92609000,1035,39059.85000000,87624.91908000,0
1767492000000000,2.25200000,2.26000000,2.24000000,2.24400000,38634.68000000,1767495599999999,86966.83736000,448,17822.39000000,40131.73709000,0
1767495600000000,2.24400000,2.26900000,2.24400000,2.25500000,74281.01000000,1767499199999999,167878.89609000,875,43909.13000000,99265.11994000,0
1767499200000000,2.25500000,2.25900000,2.24800000,2.25000000,66589.57000000,1767502799999999,150008.19745000,561,26282.96000000,59209.88402000,0
1767502800000000,2.24900000,2.27400000,2.24900000,2.26700000,60908.14000000,1767506399999999,137716.47391000,737,27343.82000000,61851.72751000,0
1767506400000000,2.26700000,2.28000000,2.25000000,2.25700000,53507.80000000,1767509999999999,121341.23390000,956,25772.71000000,58490.63469000,0
1767510000000000,2.25700000,2.27000000,2.25600000,2.26300000,39429.45000000,1767513599999999,89243.02885000,741,22973.10000000,52006.63043000,0
1767513600000000,2.26400000,2.27000000,2.25400000,2.26600000,44818.24000000,1767517199999999,101427.11441000,686,20971.33000000,47463.73706000,0
1767517200000000,2.26700000,2.29200000,2.26100000,2.28800000,140619.93000000,1767520799999999,320752.07011000,1525,73752.19000000,168202.00942000,0
1767520800000000,2.28800000,2.30100000,2.28600000,2.30000000,89251.88000000,1767524399999999,204687.35121000,1716,57985.07000000,133006.16774000,0
1767524400000000,2.30000000,2.32500000,2.29500000,2.31300000,117391.38000000,1767527999999999,271301.92484000,2087,62031.95000000,143350.38705000,0
1767528000000000,2.31300000,2.34800000,2.29500000,2.30000000,296898.76000000,1767531599999999,688513.33569000,2478,160127.82000000,371345.01997000,0
1767531600000000,2.29900000,2.30800000,2.29200000,2.30500000,63290.09000000,1767535199999999,145543.77251000,925,29433.61000000,67681.75287000,0
1767535200000000,2.30500000,2.31500000,2.30000000,2.31300000,42437.05000000,1767538799999999,97850.42830000,725,19756.98000000,45562.53581000,0
1767538800000000,2.31100000,2.33300000,2.30900000,2.33100000,74168.22000000,1767542399999999,171993.93378000,1023,34254.69000000,79484.19903000,0
1767542400000000,2.33100000,2.34600000,2.31100000,2.32100000,358412.39000000,1767545999999999,833279.34707000,3308,185150.25000000,430177.70697000,0
1767546000000000,2.32000000,2.32900000,2.31300000,2.32700000,42913.20000000,1767549599999999,99623.86033000,591,17140.51000000,39789.38616000,0
1767549600000000,2.32800000,2.33100000,2.30800000,2.33000000,53206.46000000,1767553199999999,123296.95561000,777,17565.48000000,40751.12913000,0
1767553200000000,2.32900000,2.33200000,2.29900000,2.31100000,68494.37000000,1767556799999999,158083.14920000,1065,25902.54000000,59749.50236000,0
1767556800000000,2.31000000,2.31600000,2.30400000,2.31300000,18856.65000000,1767560399999999,43575.11835000,390,9879.47000000,22837.27758000,0
1767560400000000,2.31200000,2.33800000,2.30800000,2.33000000,54631.84000000,1767563999999999,127107.63683000,723,31514.03000000,73320.68438000,0
1767564000000000,2.32900000,2.33400000,2.32200000,2.32900000,32463.45000000,1767567599999999,75580.88561000,479,12709.26000000,29582.52726000,0
1767567600000000,2.33000000,2.34500000,2.32900000,2.34000000,36190.69000000,1767571199999999,84618.45423000,767,18568.82000000,43411.21445000,0
1767571200000000,2.34100000,2.35300000,2.32800000,2.34400000,87576.02000000,1767574799999999,205218.35527000,1476,49187.06000000,115295.39570000,0
1767574800000000,2.34500000,2.38600000,2.33900000,2.36900000,122262.13000000,1767578399999999,289108.63176000,1993,62000.76000000,146573.93220000,0
1767578400000000,2.37000000,2.37500000,2.34200000,2.34900000,76566.43000000,1767581999999999,180332.89428000,1050,23991.96000000,56492.84648000,0
1767582000000000,2.34900000,2.35100000,2.32900000,2.33600000,76616.42000000,1767585599999999,178982.92629000,896,31744.89000000,74181.01268000,0
1767585600000000,2.33600000,2.33900000,2.30800000,2.32700000,78371.71000000,1767589199999999,182046.55454000,843,36513.41000000,84785.52077000,0
1767589200000000,2.32600000,2.33300000,2.31000000,2.31100000,62521.08000000,1767592799999999,145241.49184000,817,33928.89000000,78831.11947000,0
1767592800000000,2.31100000,2.31600000,2.29300000,2.30600000,54158.35000000,1767596399999999,124718.58224000,707,23654.70000000,54474.64104000,0
1767596400000000,2.30500000,2.31500000,2.30200000,2.30900000,68044.36000000,1767599999999999,157090.55976000,800,40830.95000000,94281.07116000,0
1767600000000000,2.30900000,2.31400000,2.29500000,2.29500000,52179.50000000,1767603599999999,120208.74867000,717,18459.72000000,42533.02031000,0
1767603600000000,2.29500000,2.29500000,2.27500000,2.27700000,53954.87000000,1767607199999999,123194.82009000,957,21854.94000000,49902.98051000,0
1767607200000000,2.27700000,2.29300000,2.26800000,2.27300000,76959.51000000,1767610799999999,175300.02917000,846,40823.33000000,93008.95529000,0
1767610800000000,2.27300000,2.28300000,2.26400000,2.28300000,59606.13000000,1767614399999999,135454.24462000,628,20934.66000000,47615.74724000,0
1767614400000000,2.28400000,2.30100000,2.27300000,2.29900000,56233.93000000,1767617999999999,128629.36323000,794,26748.38000000,61189.01308000,0
1767618000000000,2.29900000,2.30200000,2.28300000,2.29200000,78760.35000000,1767621599999999,180494.91639000,901,26695.71000000,61216.28109000,0
1767621600000000,2.29400000,2.34100000,2.28800000,2.32900000,106281.00000000,1767625199999999,245809.02040000,1601,61610.21000000,142497.11809000,0
1767625200000000,2.32900000,2.36100000,2.31600000,2.35700000,119906.36000000,1767628799999999,280297.12834000,1524,61769.69000000,144475.23973000,0
1767628800000000,2.35800000,2.36400000,2.34400000,2.35200000,76394.81000000,1767632399999999,179759.47700000,1184,35537.02000000,83636.44607000,0
1767632400000000,2.35200000,2.36100000,2.32200000,2.35800000,88875.71000000,1767635999999999,208167.82827000,1401,50803.91000000,119094.17326000,0
1767636000000000,2.35800000,2.38300000,2.35500000,2.38100000,163649.53000000,1767639599999999,387625.90682000,1419,108225.38000000,256407.67864000,0
1767639600000000,2.38100000,2.38300000,2.36000000,2.36400000,47079.44000000,1767643199999999,111698.55760000,771,14789.65000000,35104.90409000,0
1767643200000000,2.36300000,2.39100000,2.35600000,2.36200000,61217.25000000,1767646799999999,145346.91759000,1065,27370.24000000,65041.31671000,0
1767646800000000,2.36100000,2.36800000,2.34800000,2.35000000,66490.03000000,1767650399999999,156783.42199000,906,30955.54000000,73024.96141000,0
1767650400000000,2.34900000,2.38500000,2.34800000,2.37700000,44285.29000000,1767653999999999,104991.97044000,595,21523.61000000,50975.75954000,0
1767654000000000,2.37500000,2.37700000,2.36700000,2.36900000,22760.02000000,1767657599999999,53949.49111000,446,12510.31000000,29656.86857000,0
1767657600000000,2.37000000,2.37900000,2.35200000,2.37900000,42823.06000000,1767661199999999,101450.10305000,912,23512.59000000,55738.88034000,0
1767661200000000,2.38000000,2.39500000,2.37400000,2.37800000,82104.59000000,1767664799999999,195785.24686000,1281,46136.68000000,110038.35480000,0
1767664800000000,2.37800000,2.38800000,2.37000000,2.37600000,12751.25000000,1767668399999999,30291.75023000,377,6540.28000000,15539.33275000,0
1767668400000000,2.37600000,2.40700000,2.37500000,2.39300000,69280.82000000,1767671999999999,165963.02789000,1000,37984.82000000,91003.50976000,0
1767672000000000,2.39300000,2.39700000,2.38700000,2.39100000,9675.43000000,1767675599999999,23147.05991000,295,4024.59000000,9628.39411000,0
1767675600000000,2.39100000,2.39700000,2.37700000,2.37800000,25681.83000000,1767679199999999,61276.41833000,593,7695.81000000,18381.29358000,0
1767679200000000,2.37900000,2.40700000,2.37800000,2.39800000,54758.19000000,1767682799999999,131140.17432000,1092,28917.34000000,69272.83120000,0
1767682800000000,2.39700000,2.40300000,2.37800000,2.38400000,197984.17000000,1767686399999999,473295.01673000,1989,51222.18000000,122395.77277000,0
1767686400000000,2.38400000,2.39900000,2.37400000,2.38000000,42072.81000000,1767689999999999,100353.37085000,669,20609.01000000,49199.34515000,0
1767690000000000,2.37900000,2.38900000,2.37300000,2.37900000,49246.26000000,1767693599999999,117124.19137000,597,20941.91000000,49810.18031000,0
1767693600000000,2.37800000,2.39800000,2.37300000,2.39700000,84357.28000000,1767697199999999,201051.68770000,957,38352.31000000,91397.72310000,0
1767697200000000,2.39700000,2.42600000,2.39600000,2.42300000,76418.63000000,1767700799999999,184512.09334000,1274,38360.42000000,92600.62375000,0
1767700800000000,2.42300000,2.46200000,2.42100000,2.46100000,118234.82000000,1767704399999999,288832.57057000,1681,50478.73000000,123465.18526000,0
1767704400000000,2.45900000,2.49000000,2.45400000,2.48100000,131297.71000000,1767707999999999,324967.91563000,2029,63938.15000000,158239.41434000,0
1767708000000000,2.48100000,2.55000000,2.48100000,2.53500000,309982.60000000,1767711599999999,782472.26342000,5015,170268.48000000,429798.96840000,0
1767711600000000,2.53600000,2.54600000,2.46900000,2.48000000,227263.62000000,1767715199999999,570375.22592000,3235,119016.38000000,298965.07432000,0
1767715200000000,2.48100000,2.49000000,2.42300000,2.42800000,183132.26000000,1767718799999999,449447.33262000,3223,79787.43000000,195903.19789000,0
1767718800000000,2.42900000,2.44800000,2.37700000,2.38200000,143620.23000000,1767722399999999,346307.75416000,2672,58235.08000000,140527.17911000,0
1767722400000000,2.38000000,2.41800000,2.37500000,2.41300000,80725.24000000,1767725999999999,193886.92224000,1359,38369.25000000,92173.12750000,0
1767726000000000,2.41200000,2.42200000,2.40700000,2.41600000,30603.83000000,1767729599999999,73933.04682000,716,14221.50000000,34353.00690000,0
1767729600000000,2.41700000,2.46800000,2.41700000,2.44800000,70962.35000000,1767733199999999,173631.49636000,1404,39904.79000000,97600.55853000,0
1767733200000000,2.44800000,2.49200000,2.43800000,2.49100000,89716.86000000,1767736799999999,221725.94098000,1805,47485.29000000,117357.98301000,0
1767736800000000,2.49100000,2.49900000,2.46600000,2.47500000,48453.68000000,1767740399999999,120392.12142000,806,19456.93000000,48329.05054000,0
1767740400000000,2.47500000,2.54900000,2.47400000,2.53200000,115940.96000000,1767743999999999,291301.56875000,2263,65759.83000000,165028.06959000,0
1767744000000000,2.53100000,2.53500000,2.49000000,2.49200000,176393.92000000,1767747599999999,443854.28502000,2526,105585.41000000,265668.96148000,0
1767747600000000,2.49300000,2.50300000,2.47500000,2.47500000,63066.75000000,1767751199999999,156914.22283000,1288,27704.54000000,68953.60132000,0
1767751200000000,2.47500000,2.48100000,2.44900000,2.46300000,66086.01000000,1767754799999999,162656.18869000,1179,33550.08000000,82583.39829000,0
1767754800000000,2.46300000,2.46700000,2.43600000,2.43800000,55798.37000000,1767758399999999,136833.56015000,845,25726.59000000,63063.82184000,0
1767758400000000,2.44000000,2.45500000,2.42400000,2.42800000,38876.86000000,1767761999999999,94760.94793000,751,23034.66000000,56095.50367000,0
1767762000000000,2.42800000,2.44300000,2.42100000,2.43300000,29431.62000000,1767765599999999,71585.84012000,519,14449.25000000,35161.28399000,0
1767765600000000,2.43500000,2.43700000,2.42400000,2.43400000,26577.63000000,1767769199999999,64602.59222000,441,12261.05000000,29801.65853000,0
1767769200000000,2.43300000,2.45800000,2.43100000,2.45600000,95873.22000000,1767772799999999,234409.42189000,1136,45304.22000000,110810.78451000,0
1767772800000000,2.45700000,2.47900000,2.45500000,2.47200000,66711.15000000,1767776399999999,164475.87772000,1044,32925.97000000,81193.82477000,0
1767776400000000,2.47200000,2.47200000,2.42400000,2.42600000,84114.86000000,1767779999999999,205368.92777000,1373,29840.85000000,72829.82799000,0
1767780000000000,2.42600000,2.43200000,2.41100000,2.41400000,68229.44000000,1767783599999999,165030.96867000,837,19456.53000000,47120.78734000,0
1767783600000000,2.41300000,2.42300000,2.40300000,2.41500000,92375.73000000,1767787199999999,222783.81121000,872,18840.50000000,45516.21556000,0
1767787200000000,2.41500000,2.42000000,2.39600000,2.40200000,145719.62000000,1767790799999999,350478.16761000,1314,55121.89000000,132550.89151000,0
1767790800000000,2.40300000,2.45700000,2.39800000,2.45300000,290804.86000000,1767794399999999,707478.81758000,3076,83494.61000000,203151.68507000,0
1767794400000000,2.45400000,2.49000000,2.40800000,2.45200000,257506.58000000,1767797999999999,630293.14603000,4616,103040.39000000,252218.55068000,0
1767798000000000,2.45300000,2.45300000,2.39600000,2.40300000,126881.24000000,1767801599999999,306216.92889000,2554,62476.26000000,150677.78648000,0
1767801600000000,2.40300000,2.42200000,2.39400000,2.40400000,99632.58000000,1767805199999999,240012.42412000,1428,45438.65000000,109515.55073000,0
1767805200000000,2.40300000,2.46600000,2.40200000,2.44000000,118478.59000000,1767808799999999,289463.85916000,1856,56743.16000000,138527.78187000,0
1767808800000000,2.44000000,2.45500000,2.42000000,2.42500000,73967.51000000,1767812399999999,180524.58873000,1245,34820.73000000,85012.68264000,0
1767812400000000,2.42500000,2.43100000,2.41100000,2.42600000,52313.49000000,1767815999999999,126718.24842000,876,27917.95000000,67652.91661000,0
1767816000000000,2.42500000,2.43100000,2.39800000,2.40000000,64156.56000000,1767819599999999,154422.15000000,767,37753.60000000,90846.33000000,0
1767819600000000,2.40000000,2.41100000,2.39500000,2.40100000,34574.32000000,1767823199999999,83016.23889000,587,16906.92000000,40624.17174000,0
1767823200000000,2.40000000,2.42800000,2.39700000,2.41900000,45427.54000000,1767826799999999,109618.11705000,779,23686.88000000,57163.82538000,0
1767826800000000,2.41900000,2.46300000,2.40800000,2.43300000,61065.60000000,1767830399999999,149003.52274000,1200,28999.45000000,70770.35839000,0
1767830400000000,2.43400000,2.45200000,2.43300000,2.44700000,32496.29000000,1767833999999999,79427.81179000,742,15735.69000000,38451.51905000,0
1767834000000000,2.44700000,2.44700000,2.41900000,2.42900000,52221.68000000,1767837599999999,126949.58445000,873,23985.20000000,58336.44857000,0
1767837600000000,2.42900000,2.43700000,2.39800000,2.42000000,74426.05000000,1767841199999999,179705.05917000,1301,29871.79000000,72207.40705000,0
1767841200000000,2.42100000,2.43400000,2.39700000,2.40600000,83378.90000000,1767844799999999,201598.44176000,1196,42399.42000000,102533.61770000,0
1767844800000000,2.40500000,2.42900000,2.40200000,2.41500000,59251.24000000,1767848399999999,143213.41476000,986,25316.94000000,61210.40364000,0
1767848400000000,2.41600000,2.43900000,2.41600000,2.42200000,63152.26000000,1767851999999999,153468.90162000,948,30350.06000000,73747.90362000,0
1767852000000000,2.42400000,2.42800000,2.40500000,2.40500000,99376.64000000,1767855599999999,240091.24264000,1494,46631.98000000,112645.26782000,0
1767855600000000,2.40600000,2.44100000,2.39500000,2.43700000,114512.15000000,1767859199999999,277012.85810000,1877,52280.21000000,126459.00826000,0
1767859200000000,2.43800000,2.44900000,2.42200000,2.42700000,109489.20000000,1767862799999999,266900.80957000,1373,29680.06000000,72394.60819000,0
1767862800000000,2.42800000,2.44200000,2.41700000,2.43000000,135900.03000000,1767866399999999,330039.85804000,1944,62547.85000000,151874.98049000,0
1767866400000000,2.43100000,2.46500000,2.40900000,2.46100000,171973.95000000,1767869999999999,418084.27362000,2463,81039.51000000,197095.10536000,0
1767870000000000,2.46200000,2.47600000,2.43100000,2.46500000,295695.20000000,1767873599999999,725452.56299000,4403,144699.76000000,355197.95323000,0
1767873600000000,2.46400000,2.46400000,2.43400000,2.44800000,148979.78000000,1767877199999999,364532.34323000,2039,61520.10000000,150534.16667000,0
1767877200000000,2.44900000,2.47600000,2.44200000,2.47400000,94760.99000000,1767880799999999,233127.52518000,1689,47427.11000000,116676.92370000,0
1767880800000000,2.47300000,2.50700000,2.46100000,2.47900000,295713.49000000,1767884399999999,734587.98163000,5029,152540.21000000,379059.66103000,0
1767884400000000,2.47800000,2.48700000,2.43900000,2.47400000,175540.40000000,1767887999999999,431859.03007000,3330,81708.91000000,201029.08486000,0
1767888000000000,2.47500000,2.48200000,2.43200000,2.44400000,108803.06000000,1767891599999999,267685.05152000,1840,57805.84000000,142364.78029000,0
1767891600000000,2.44500000,2.46100000,2.43900000,2.45600000,63661.40000000,1767895199999999,155933.69551000,1224,32552.90000000,79734.72471000,0
1767895200000000,2.45500000,2.45800000,2.42100000,2.43000000,64061.75000000,1767898799999999,155900.04254000,1046,33727.15000000,82017.11389000,0
1767898800000000,2.42900000,2.43800000,2.40600000,2.40800000,47019.23000000,1767902399999999,113701.56480000,829,20353.72000000,49231.36168000,0
1767902400000000,2.40700000,2.41600000,2.37800000,2.41600000,71691.42000000,1767905999999999,171578.55115000,1411,39357.19000000,94232.56970000,0
1767906000000000,2.41600000,2.42800000,2.40000000,2.42500000,35276.84000000,1767909599999999,85059.98497000,807,19839.09000000,47856.95686000,0
1767909600000000,2.42500000,2.45100000,2.41800000,2.45000000,50200.19000000,1767913199999999,122280.12209000,923,28127.64000000,68579.91519000,0
1767913200000000,2.45100000,2.46300000,2.43400000,2.46100000,55741.86000000,1767916799999999,136630.10432000,716,19965.30000000,48933.65512000,0
1767916800000000,2.46300000,2.46600000,2.43000000,2.43500000,166739.83000000,1767920399999999,408223.42314000,1621,43057.96000000,105293.84145000,0
1767920400000000,2.43600000,2.46700000,2.43200000,2.43900000,100950.42000000,1767923999999999,247017.90358000,1763,45871.36000000,112275.84527000,0
1767924000000000,2.43800000,2.45000000,2.41200000,2.41800000,388796.86000000,1767927599999999,944649.60756000,3973,189410.23000000,460811.72265000,0
1767927600000000,2.41800000,2.43400000,2.41100000,2.42200000,46154.62000000,1767931199999999,111788.90242000,655,25298.46000000,61260.91022000,0
1767931200000000,2.42100000,2.43100000,2.41800000,2.42700000,24672.51000000,1767934799999999,59829.73490000,398,11256.10000000,27290.05187000,0
1767934800000000,2.42700000,2.44100000,2.41600000,2.44000000,34224.52000000,1767938399999999,83163.10992000,481,19180.81000000,46651.07083000,0
1767938400000000,2.43900000,2.47900000,2.42900000,2.46000000,106094.61000000,1767941999999999,260956.44393000,1576,54134.52000000,133037.45713000,0
1767942000000000,2.46100000,2.46700000,2.44300000,2.44500000,49318.30000000,1767945599999999,120950.09291000,669,22085.78000000,54174.42060000,0
1767945600000000,2.44500000,2.45800000,2.43200000,2.44500000,60471.37000000,1767949199999999,147961.06012000,1111,21712.14000000,53098.46428000,0
1767949200000000,2.44500000,2.47200000,2.44300000,2.46300000,64543.62000000,1767952799999999,158811.38298000,1201,40336.49000000,99238.58366000,0
1767952800000000,2.46400000,2.47600000,2.45000000,2.45800000,68196.38000000,1767956399999999,168097.28339000,1025,36012.10000000,88759.00117000,0
1767956400000000,2.46000000,2.49000000,2.45700000,2.46900000,63355.46000000,1767959999999999,156826.87765000,1098,33664.64000000,83327.25719000,0
1767960000000000,2.46800000,2.49400000,2.46800000,2.48000000,92440.78000000,1767963599999999,229387.34769000,1331,38676.72000000,95997.81106000,0
1767963600000000,2.48000000,2.51700000,2.47900000,2.50200000,156665.17000000,1767967199999999,391817.70462000,2109,72490.59000000,181322.24763000,0
1767967200000000,2.50300000,2.51400000,2.46800000,2.47500000,103052.21000000,1767970799999999,257000.83010000,2050,47098.70000000,117556.85072000,0
1767970800000000,2.47400000,2.55500000,2.45700000,2.50300000,198583.07000000,1767974399999999,498020.60738000,3973,98383.86000000,246758.83881000,0
1767974400000000,2.50400000,2.56800000,2.50400000,2.56000000,136597.92000000,1767977999999999,346919.71757000,3321,84304.49000000,214091.44381000,0
1767978000000000,2.56100000,2.58800000,2.53800000,2.58300000,180542.49000000,1767981599999999,463155.39329000,4309,97367.24000000,249882.90147000,0
1767981600000000,2.58200000,2.58700000,2.53900000,2.56200000,120182.61000000,1767985199999999,308320.05809000,3096,59684.09000000,153222.03999000,0
1767985200000000,2.56300000,2.56300000,2.51700000,2.54600000,119467.53000000,1767988799999999,302537.37466000,2308,62278.74000000,157686.65379000,0
1767988800000000,2.54600000,2.64800000,2.54300000,2.62600000,503534.14000000,1767992399999999,1315947.97354000,10613,300342.52000000,784644.16277000,0
1767992400000000,2.62600000,2.65400000,2.61300000,2.61900000,249349.79000000,1767995999999999,655941.57898000,5410,127335.36000000,335180.38147000,0
1767996000000000,2.61800000,2.62500000,2.59800000,2.60600000,85196.55000000,1767999599999999,222579.27165000,1869,33489.99000000,87524.25270000,0
1767999600000000,2.60600000,2.61100000,2.57800000,2.59200000,58291.48000000,1768003199999999,151268.81931000,1485,20084.16000000,52116.49982000,0
1768003200000000,2.59200000,2.59600000,2.55700000,2.57000000,184119.87000000,1768006799999999,474455.49680000,3013,116034.74000000,298990.61658000,0
1768006800000000,2.57100000,2.60900000,2.57000000,2.60100000,89018.40000000,1768010399999999,230498.36125000,2051,48451.01000000,125515.85255000,0
1768010400000000,2.60100000,2.60100000,2.55300000,2.56700000,65952.96000000,1768013999999999,169729.29143000,1647,31096.46000000,80062.78327000,0
1768014000000000,2.56800000,2.57800000,2.54500000,2.57600000,64153.89000000,1768017599999999,164109.20683000,1409,28595.92000000,73187.87543000,0
1768017600000000,2.57600000,2.60000000,2.55900000,2.59000000,70258.08000000,1768021199999999,181344.97433000,1670,39058.60000000,100856.65620000,0
1768021200000000,2.59100000,2.64600000,2.59100000,2.62300000,187108.31000000,1768024799999999,490902.22835000,3758,105181.09000000,275785.55394000,0
1768024800000000,2.62300000,2.62300000,2.56800000,2.60500000,105189.31000000,1768028399999999,273116.03922000,2436,46214.54000000,120002.23459000,0
1768028400000000,2.60600000,2.67100000,2.60600000,2.63200000,287252.02000000,1768031999999999,758736.40815000,5731,166730.85000000,440805.80656000,0
1768032000000000,2.63200000,2.64000000,2.59800000,2.63500000,120301.91000000,1768035599999999,315519.26261000,2841,62209.04000000,163282.96454000,0
1768035600000000,2.63400000,2.65300000,2.61800000,2.63100000,86833.27000000,1768039199999999,228913.39701000,2553,46494.65000000,122599.06313000,0
1768039200000000,2.63000000,2.63000000,2.60700000,2.62000000,118814.63000000,1768042799999999,311041.29920000,2083,56659.03000000,148295.25895000,0
1768042800000000,2.62100000,2.62900000,2.59700000,2.61500000,100112.54000000,1768046399999999,261563.32497000,2129,49476.26000000,129217.64344000,0
1768046400000000,2.61500000,2.68200000,2.61400000,2.65700000,173520.11000000,1768049999999999,458603.28201000,3889,105550.52000000,278918.39240000,0
1768050000000000,2.65600000,2.65600000,2.58000000,2.59100000,253468.70000000,1768053599999999,660504.73701000,4386,108795.56000000,283399.84659000,0
1768053600000000,2.59000000,2.60100000,2.57900000,2.60100000,77036.59000000,1768057199999999,199482.26700000,1405,44719.27000000,115793.72318000,0
1768057200000000,2.60000000,2.60600000,2.58700000,2.59600000,59658.54000000,1768060799999999,154936.68077000,1249,21835.49000000,56715.01475000,0
1768060800000000,2.59600000,2.60200000,2.58200000,2.59800000,61814.57000000,1768064399999999,160273.44749000,1402,36159.43000000,93753.15780000,0
1768064400000000,2.59900000,2.62000000,2.57800000,2.57800000,59580.95000000,1768067999999999,154900.86225000,1511,21882.77000000,56938.21139000,0
1768068000000000,2.58000000,2.59400000,2.56400000,2.59100000,54690.79000000,1768071599999999,141071.45988000,1370,27888.28000000,71966.04855000,0
1768071600000000,2.59200000,2.59300000,2.57900000,2.58900000,30297.62000000,1768075199999999,78346.46642000,892,10793.28000000,27924.32381000,0
1768075200000000,2.58900000,2.58900000,2.57200000,2.57500000,62290.50000000,1768078799999999,160615.89055000,789,31830.00000000,82051.83831000,0
1768078800000000,2.57500000,2.58800000,2.57100000,2.57300000,25385.24000000,1768082399999999,65448.05572000,858,8815.19000000,22716.67356000,0
1768082400000000,2.57200000,2.57300000,2.54800000,2.55500000,35827.74000000,1768085999999999,91855.85287000,924,12553.62000000,32190.23942000,0
1768086000000000,2.55400000,2.57800000,2.55300000,2.57000000,36659.03000000,1768089599999999,94226.39242000,1192,19251.74000000,49476.23799000,0
1768089600000000,2.56900000,2.58000000,2.56100000,2.57100000,30765.73000000,1768093199999999,79059.45239000,1007,13857.71000000,35616.83460000,0
1768093200000000,2.57100000,2.58600000,2.56700000,2.58100000,23366.24000000,1768096799999999,60235.51834000,774,12591.26000000,32455.58315000,0
1768096800000000,2.58100000,2.60900000,2.57800000,2.59800000,40293.19000000,1768100399999999,104693.80416000,1136,20552.06000000,53380.03316000,0
1768100400000000,2.59700000,2.61700000,2.59100000,2.61100000,27435.51000000,1768103999999999,71437.98645000,1028,11892.29000000,30960.83569000,0
1768104000000000,2.61100000,2.61500000,2.58600000,2.61400000,39750.81000000,1768107599999999,103368.97232000,1175,15586.36000000,40554.81008000,0
1768107600000000,2.61400000,2.63900000,2.60900000,2.61100000,72584.74000000,1768111199999999,190345.26365000,1754,28622.07000000,75092.74733000,0
1768111200000000,2.61000000,2.62100000,2.59600000,2.61100000,63600.48000000,1768114799999999,165781.83498000,1426,21399.67000000,55799.40546000,0
1768114800000000,2.61000000,2.62700000,2.60400000,2.61300000,103500.00000000,1768118399999999,270669.48138000,1798,38821.36000000,101562.52681000,0
1768118400000000,2.61200000,2.63800000,2.61100000,2.61900000,59934.57000000,1768121999999999,157512.25787000,1800,27789.85000000,73033.99273000,0
1768122000000000,2.61900000,2.63800000,2.60200000,2.61100000,134220.68000000,1768125599999999,351971.50335000,2299,51321.29000000,134638.15660000,0
1768125600000000,2.61000000,2.62100000,2.60200000,2.60700000,33963.23000000,1768129199999999,88740.97619000,815,18411.63000000,48107.28536000,0
1768129200000000,2.60700000,2.63500000,2.60300000,2.62800000,44426.56000000,1768132799999999,116534.90773000,1277,24638.32000000,64673.70120000,0
1768132800000000,2.62800000,2.64200000,2.61700000,2.62700000,46955.04000000,1768136399999999,123454.80284000,1146,22745.06000000,59841.27036000,0
1768136400000000,2.62800000,2.63400000,2.61400000,2.61800000,31449.80000000,1768139999999999,82625.26639000,891,13640.11000000,35854.10284000,0
1768140000000000,2.61800000,2.62400000,2.60200000,2.61900000,58997.13000000,1768143599999999,154089.88086000,962,24032.35000000,62773.32121000,0
1768143600000000,2.61900000,2.62100000,2.58800000,2.59400000,46992.65000000,1768147199999999,122343.97604000,1029,15603.94000000,40628.08899000,0
1768147200000000,2.59300000,2.61300000,2.58400000,2.60100000,83796.67000000,1768150799999999,217577.23111000,1567,44501.88000000,115596.47158000,0
1768150800000000,2.60100000,2.62000000,2.59300000,2.61900000,104639.94000000,1768154399999999,272877.29915000,1755,49465.22000000,129047.35952000,0
1768154400000000,2.61900000,2.62100000,2.59000000,2.59300000,32788.91000000,1768157999999999,85215.41650000,772,17211.69000000,44703.86709000,0
1768158000000000,2.59300000,2.60000000,2.58700000,2.59100000,39731.35000000,1768161599999999,103039.21016000,766,17084.74000000,44330.27948000,0
1768161600000000,2.59000000,2.59200000,2.56600000,2.58500000,55521.36000000,1768165199999999,143180.14899000,1611,28192.03000000,72705.26926000,0
1768165200000000,2.58500000,2.59600000,2.56900000,2.58100000,58110.80000000,1768168799999999,150018.74524000,1670,35156.91000000,90769.98036000,0
1768168800000000,2.58000000,2.59100000,2.55700000,2.57100000,126443.33000000,1768172399999999,325144.34156000,2102,66199.71000000,170449.47824000,0
1768172400000000,2.57000000,2.58800000,2.55600000,2.57400000,51862.75000000,1768175999999999,133476.52325000,1340,23872.56000000,61480.39963000,0
1768176000000000,2.57300000,2.58300000,2.53600000,2.56200000,174015.43000000,1768179599999999,445620.63977000,2786,49691.76000000,127287.87217000,0
1768179600000000,2.56200000,2.59300000,2.56000000,2.59000000,71958.09000000,1768183199999999,185374.37190000,2030,47699.59000000,122925.37725000,0
1768183200000000,2.58900000,2.62600000,2.58600000,2.62500000,80908.16000000,1768186799999999,211203.05810000,1678,54575.17000000,142633.19607000,0
1768186800000000,2.62600000,2.65100000,2.61200000,2.61200000,84642.68000000,1768190399999999,222769.73339000,1755,47327.04000000,124692.65832000,0
1768190400000000,2.61200000,2.63500000,2.61200000,2.63100000,32998.31000000,1768193999999999,86549.52694000,967,17718.88000000,46482.93621000,0
1768194000000000,2.63000000,2.63500000,2.60300000,2.62300000,35318.44000000,1768197599999999,92408.59808000,1062,12473.92000000,32629.33738000,0
1768197600000000,2.62400000,2.63300000,2.60600000,2.63000000,86096.45000000,1768201199999999,225749.74751000,1843,38345.19000000,100591.21583000,0
1768201200000000,2.62900000,2.65600000,2.59700000,2.59800000,97324.13000000,1768204799999999,255531.23383000,2512,48672.51000000,127840.71012000,0
1768204800000000,2.60000000,2.60400000,2.56200000,2.58300000,64196.44000000,1768208399999999,165751.50187000,1988,24445.65000000,63160.40970000,0
1768208400000000,2.58200000,2.58800000,2.56300000,2.56700000,76029.13000000,1768211999999999,195647.18736000,1392,38847.91000000,99965.08200000,0
1768212000000000,2.56800000,2.60400000,2.56400000,2.57400000,95302.95000000,1768215599999999,245910.02981000,2176,43974.29000000,113397.05488000,0
1768215600000000,2.57300000,2.58100000,2.56400000,2.56600000,34512.93000000,1768219199999999,88785.50103000,1255,14318.14000000,36868.78568000,0
1768219200000000,2.56500000,2.59200000,2.56300000,2.59100000,74805.19000000,1768222799999999,192748.23977000,1804,37563.63000000,96777.25779000,0
1768222800000000,2.59200000,2.60700000,2.55800000,2.55900000,122636.31000000,1768226399999999,316190.73937000,3245,43455.95000000,112105.48098000,0
1768226400000000,2.56000000,2.59900000,2.54800000,2.57400000,104646.59000000,1768229999999999,269061.66542000,3338,51190.54000000,131687.12218000,0
1768230000000000,2.57400000,2.59700000,2.56800000,2.57900000,41937.76000000,1768233599999999,108449.91491000,1597,23102.74000000,59772.43533000,0
1768233600000000,2.57800000,2.58400000,2.55000000,2.55000000,56515.18000000,1768237199999999,145167.73176000,1919,32018.99000000,82254.19793000,0
1768237200000000,2.55000000,2.56300000,2.50300000,2.53000000,91377.70000000,1768240799999999,231186.09824000,2608,32952.84000000,83479.27596000,0
1768240800000000,2.52900000,2.53800000,2.51100000,2.52000000,24944.66000000,1768244399999999,63007.07855000,944,14813.58000000,37416.54627000,0
1768244400000000,2.51900000,2.53400000,2.51500000,2.52900000,17163.91000000,1768247999999999,43377.24804000,938,7505.74000000,18966.59717000,0
1768248000000000,2.52800000,2.53700000,2.50100000,2.52600000,60936.02000000,1768251599999999,153646.88195000,2024,36564.69000000,92212.51575000,0
1768251600000000,2.52400000,2.52400000,2.49200000,2.50300000,35872.21000000,1768255199999999,90035.22283000,1110,11717.86000000,29405.33551000,0
1768255200000000,2.50200000,2.52300000,2.50200000,2.51900000,16389.91000000,1768258799999999,41192.85652000,827,9284.54000000,23336.74176000,0
1768258800000000,2.51900000,2.51900000,2.47800000,2.48700000,84554.86000000,1768262399999999,211061.19020000,1776,19644.14000000,48956.73252000,0
1768262400000000,2.48600000,2.49700000,2.48500000,2.49500000,36125.73000000,1768265999999999,89999.06197000,1299,18460.76000000,45999.62064000,0
1768266000000000,2.49500000,2.51800000,2.49500000,2.50900000,44993.78000000,1768269599999999,112873.38392000,1908,28201.18000000,70748.77998000,0
1768269600000000,2.50900000,2.52700000,2.50600000,2.51400000,32030.75000000,1768273199999999,80706.55273000,1196,18440.78000000,46454.90594000,0
1768273200000000,2.51600000,2.53700000,2.51500000,2.53600000,26336.05000000,1768276799999999,66509.32589000,1130,13169.78000000,33263.45376000,0
1768276800000000,2.53500000,2.55400000,2.53500000,2.54600000,21325.07000000,1768280399999999,54274.85108000,1524,12858.57000000,32722.93752000,0
1768280400000000,2.54700000,2.55600000,2.53800000,2.54700000,39606.11000000,1768283999999999,100913.25172000,1336,20003.61000000,50970.15768000,0
1768284000000000,2.54800000,2.56000000,2.54700000,2.54900000,35905.83000000,1768287599999999,91711.20224000,1048,21507.23000000,54950.24576000,0
1768287600000000,2.54900000,2.55000000,2.52700000,2.53300000,40876.63000000,1768291199999999,103833.88160000,1350,13380.72000000,34009.68021000,0
1768291200000000,2.53300000,2.55300000,2.53000000,2.55100000,32200.77000000,1768294799999999,81758.27441000,1300,17585.72000000,44642.86382000,0
1768294800000000,2.55200000,2.56500000,2.54600000,2.55000000,65336.56000000,1768298399999999,167023.78078000,2096,27953.23000000,71476.92719000,0
1768298400000000,2.55100000,2.55200000,2.53700000,2.54300000,39713.51000000,1768301999999999,101080.71982000,1343,19869.59000000,50573.48044000,0
1768302000000000,2.54200000,2.55300000,2.53200000,2.53600000,55333.97000000,1768305599999999,140572.06755000,1657,29026.07000000,73759.60435000,0
1768305600000000,2.53600000,2.54200000,2.52700000,2.54000000,56018.49000000,1768309199999999,141898.05858000,1551,26938.00000000,68262.96919000,0
1768309200000000,2.54000000,2.57200000,2.52800000,2.56500000,119934.29000000,1768312799999999,305591.64914000,3883,64388.84000000,164102.10978000,0
1768312800000000,2.56600000,2.61700000,2.56300000,2.59400000,162827.13000000,1768316399999999,422583.33702000,3612,87919.74000000,228153.79295000,0
1768316400000000,2.59300000,2.63800000,2.58900000,2.62600000,168184.54000000,1768319999999999,438925.56807000,3600,99365.10000000,259340.78276000,0
1768320000000000,2.62700000,2.66700000,2.62200000,2.65100000,132784.57000000,1768323599999999,351380.92326000,3633,65935.94000000,174561.60641000,0
1768323600000000,2.65200000,2.65700000,2.60600000,2.61600000,75085.78000000,1768327199999999,197033.99501000,1735,26168.52000000,68668.99298000,0
1768327200000000,2.61700000,2.62700000,2.60600000,2.60900000,61301.67000000,1768330799999999,160368.15464000,1637,25103.77000000,65707.47257000,0
1768330800000000,2.60900000,2.62300000,2.59800000,2.62200000,45434.55000000,1768334399999999,118524.57444000,1552,24360.88000000,63541.26781000,0
1768334400000000,2.62300000,2.63100000,2.58800000,2.59200000,65233.61000000,1768337999999999,170433.42341000,1754,36312.33000000,94973.81537000,0
1768338000000000,2.59200000,2.59900000,2.58200000,2.59600000,38748.71000000,1768341599999999,100328.22987000,952,18105.86000000,46875.10865000,0
1768341600000000,2.59700000,2.67800000,2.59700000,2.65800000,200878.66000000,1768345199999999,531889.55734000,3949,102557.24000000,271458.43936000,0
1768345200000000,2.65800000,2.66700000,2.62100000,2.63600000,65960.72000000,1768348799999999,174283.41154000,1699,22692.88000000,60004.35984000,0
1768348800000000,2.63500000,2.66200000,2.63300000,2.66000000,101617.15000000,1768352399999999,268959.81306000,2145,63643.25000000,168426.09108000,0
1768352400000000,2.66000000,2.66300000,2.64000000,2.64600000,63131.67000000,1768355999999999,167522.34215000,1173,31080.26000000,82480.68020000,0
1768356000000000,2.64500000,2.65700000,2.63700000,2.64100000,31632.86000000,1768359599999999,83743.14385000,812,13697.72000000,36276.50254000,0
1768359600000000,2.64100000,2.64900000,2.63200000,2.64700000,36599.89000000,1768363199999999,96543.81979000,714,18826.86000000,49672.44241000,0
1768363200000000,2.64600000,2.65800000,2.63500000,2.63600000,166429.85000000,1768366799999999,439853.38470000,2539,78705.34000000,208038.39939000,0
1768366800000000,2.63600000,2.66500000,2.62500000,2.66100000,63576.13000000,1768370399999999,167962.68520000,1367,32750.00000000,86594.46719000,0
1768370400000000,2.66200000,2.67400000,2.64400000,2.67300000,109928.85000000,1768373999999999,292282.54863000,1745,53551.57000000,142467.78639000,0
1768374000000000,2.67200000,2.69700000,2.65600000,2.65700000,134559.62000000,1768377599999999,360367.24105000,2356,74695.19000000,200113.83413000,0
1768377600000000,2.65800000,2.67400000,2.65000000,2.65900000,66935.34000000,1768381199999999,178177.23340000,1188,37731.38000000,100470.22812000,0
1768381200000000,2.66000000,2.68300000,2.65600000,2.67900000,86465.37000000,1768384799999999,230727.02972000,1480,47940.17000000,127932.19792000,0
1768384800000000,2.67900000,2.68200000,2.64800000,2.65000000,90077.39000000,1768388399999999,239931.34908000,1398,36107.17000000,96164.87301000,0
1768388400000000,2.64900000,2.65500000,2.63500000,2.64900000,88018.13000000,1768391999999999,232669.95388000,1262,44114.56000000,116621.47625000,0
1768392000000000,2.65000000,2.66100000,2.63100000,2.64200000,69627.90000000,1768395599999999,184018.17747000,1020,19274.70000000,51022.88777000,0
1768395600000000,2.64100000,2.64500000,2.61700000,2.61900000,51865.42000000,1768399199999999,136504.54095000,1014,20338.63000000,53530.27734000,0
1768399200000000,2.61800000,2.65500000,2.61800000,2.63800000,77951.73000000,1768402799999999,205545.42958000,1994,44757.74000000,118022.03279000,0
1768402800000000,2.63700000,2.66500000,2.62700000,2.64800000,110224.14000000,1768406399999999,291681.00099000,1986,60796.04000000,160946.97699000,0
1768406400000000,2.64900000,2.66300000,2.63300000,2.63400000,122086.94000000,1768409999999999,323120.31703000,2048,55682.76000000,147406.83652000,0
1768410000000000,2.63400000,2.63600000,2.58300000,2.59400000,144455.28000000,1768413599999999,377497.30985000,2678,74173.26000000,193924.06539000,0
1768413600000000,2.59300000,2.60500000,2.58200000,2.59600000,63044.74000000,1768417199999999,163462.23505000,1589,28928.33000000,75033.65670000,0
1768417200000000,2.59600000,2.61400000,2.58600000,2.59500000,91715.70000000,1768420799999999,238079.80711000,1667,45989.93000000,119479.99666000,0
1768420800000000,2.59400000,2.60800000,2.58200000,2.58700000,55887.67000000,1768424399999999,144815.27547000,1083,19835.17000000,51424.10511000,0
1768424400000000,2.58700000,2.60400000,2.57600000,2.59200000,48887.55000000,1768427999999999,126606.56341000,984,23955.01000000,62092.92503000,0
1768428000000000,2.59200000,2.59500000,2.56800000,2.57900000,46449.43000000,1768431599999999,119923.05427000,869,17182.60000000,44364.65406000,0
1768431600000000,2.57800000,2.59100000,2.57600000,2.58200000,23268.86000000,1768435199999999,60097.82115000,493,12441.20000000,32140.41715000,0
1768435200000000,2.58300000,2.59300000,2.57500000,2.59200000,34712.97000000,1768438799999999,89734.80033000,691,18450.57000000,47717.53348000,0
1768438800000000,2.59300000,2.59900000,2.57700000,2.57800000,33758.13000000,1768442399999999,87389.41096000,766,13283.24000000,34417.89625000,0
1768442400000000,2.57700000,2.58100000,2.56000000,2.56300000,55903.06000000,1768445999999999,143589.33761000,1053,22919.45000000,58865.50554000,0
1768446000000000,2.56300000,2.57000000,2.52300000,2.54100000,117827.86000000,1768449599999999,299715.26286000,1908,42057.10000000,106877.44966000,0
1768449600000000,2.54000000,2.55100000,2.52800000,2.53100000,49058.83000000,1768453199999999,124478.11569000,752,24786.47000000,62902.47046000,0
1768453200000000,2.53100000,2.54200000,2.53100000,2.53800000,20542.13000000,1768456799999999,52121.67263000,475,11987.29000000,30426.40930000,0
1768456800000000,2.53800000,2.55200000,2.53600000,2.54600000,48428.52000000,1768460399999999,123147.07065000,786,24867.96000000,63233.91226000,0
1768460400000000,2.54500000,2.56000000,2.54500000,2.54900000,84530.24000000,1768463999999999,215641.81672000,1150,33033.78000000,84314.08987000,0
1768464000000000,2.54900000,2.54900000,2.52600000,2.53800000,69430.76000000,1768467599999999,176051.97554000,1067,32438.25000000,82263.39709000,0
1768467600000000,2.53600000,2.55800000,2.52400000,2.54100000,59280.37000000,1768471199999999,150486.09432000,936,35191.82000000,89425.41605000,0
1768471200000000,2.54100000,2.54300000,2.52600000,2.53200000,24579.40000000,1768474799999999,62277.73362000,513,8848.19000000,22417.00252000,0
1768474800000000,2.53100000,2.53800000,2.52500000,2.53300000,24909.05000000,1768478399999999,63038.55750000,611,11878.68000000,30066.05804000,0
1768478400000000,2.53200000,2.54100000,2.52800000,2.53400000,61214.28000000,1768481999999999,155077.09384000,728,13484.18000000,34178.26231000,0
1768482000000000,2.53400000,2.53400000,2.52000000,2.52800000,85902.56000000,1768485599999999,217049.12696000,1101,19874.95000000,50233.27004000,0
1768485600000000,2.52800000,2.53600000,2.49300000,2.50000000,156782.22000000,1768489199999999,394244.13155000,2692,64113.82000000,161201.88832000,0
1768489200000000,2.50000000,2.50900000,2.44300000,2.48700000,142014.34000000,1768492799999999,351067.93546000,3079,60231.20000000,148944.75220000,0
1768492800000000,2.48700000,2.49000000,2.47200000,2.48500000,69508.06000000,1768496399999999,172428.04512000,1577,36302.47000000,90061.88314000,0
1768496400000000,2.48400000,2.49400000,2.46700000,2.47000000,40480.45000000,1768499999999999,100357.79318000,995,16072.95000000,39875.75994000,0
1768500000000000,2.47100000,2.47700000,2.45300000,2.45900000,47457.01000000,1768503599999999,116891.01701000,1022,19807.06000000,48804.38940000,0
1768503600000000,2.45900000,2.48100000,2.45000000,2.48100000,60903.84000000,1768507199999999,149887.63424000,1126,27169.32000000,66875.67686000,0
1768507200000000,2.48000000,2.49300000,2.45700000,2.46200000,42282.84000000,1768510799999999,104620.77795000,858,14835.25000000,36767.57389000,0
1768510800000000,2.46200000,2.47500000,2.46000000,2.46100000,24399.15000000,1768514399999999,60175.84201000,505,12948.90000000,31936.73092000,0
1768514400000000,2.46100000,2.47500000,2.45800000,2.47200000,26625.08000000,1768517999999999,65714.74337000,414,16565.60000000,40905.22156000,0
1768518000000000,2.47200000,2.47900000,2.46600000,2.47700000,15844.57000000,1768521599999999,39178.83945000,369,6984.37000000,17274.00961000,0
1768521600000000,2.47700000,2.48600000,2.46700000,2.46700000,32934.61000000,1768525199999999,81627.47631000,710,13842.50000000,34320.21472000,0
1768525200000000,2.46700000,2.48100000,2.46600000,2.47300000,18591.30000000,1768528799999999,45975.39555000,403,8660.42000000,21419.30049000,0
1768528800000000,2.47400000,2.48300000,2.45000000,2.48000000,117552.37000000,1768532399999999,289668.32278000,1374,59965.38000000,147733.96048000,0
1768532400000000,2.48000000,2.48800000,2.46700000,2.46900000,19485.93000000,1768535999999999,48309.07142000,470,9621.47000000,23860.18776000,0
1768536000000000,2.46900000,2.47700000,2.45400000,2.46000000,39856.06000000,1768539599999999,98298.94532000,740,14477.81000000,35745.34234000,0
1768539600000000,2.45900000,2.48200000,2.45700000,2.47600000,23168.98000000,1768543199999999,57245.22993000,534,14295.26000000,35315.10532000,0
1768543200000000,2.47600000,2.48400000,2.47300000,2.48400000,11368.81000000,1768546799999999,28152.52635000,351,5969.46000000,14784.45989000,0
1768546800000000,2.48200000,2.49500000,2.48100000,2.48700000,20403.56000000,1768550399999999,50749.77089000,460,10523.55000000,26183.78004000,0
1768550400000000,2.48700000,2.50400000,2.48700000,2.49100000,43037.24000000,1768553999999999,107495.58293000,746,19950.38000000,49838.17669000,0
1768554000000000,2.49100000,2.49500000,2.47900000,2.48100000,37290.72000000,1768557599999999,92658.77305000,590,14990.54000000,37272.47121000,0
1768557600000000,2.48100000,2.48400000,2.47800000,2.48000000,14523.50000000,1768561199999999,36034.26126000,288,9951.44000000,24692.24002000,0
1768561200000000,2.47900000,2.48400000,2.47100000,2.48200000,14230.64000000,1768564799999999,35269.00954000,364,7672.34000000,19031.01870000,0
1768564800000000,2.48200000,2.49100000,2.47300000,2.48000000,169143.00000000,1768568399999999,419632.60347000,1184,40513.51000000,100492.50487000,0
1768568400000000,2.47900000,2.48400000,2.47200000,2.47600000,24060.79000000,1768571999999999,59616.91140000,546,12033.89000000,29822.11944000,0
1768572000000000,2.47700000,2.49500000,2.47600000,2.48700000,68062.54000000,1768575599999999,169111.64583000,834,21153.46000000,52616.40156000,0
1768575600000000,2.48400000,2.49600000,2.42700000,2.44300000,147288.20000000,1768579199999999,362004.85575000,2778,66165.57000000,162763.39815000,0
1768579200000000,2.44200000,2.46300000,2.43700000,2.45300000,80791.94000000,1768582799999999,197997.95637000,1374,50185.86000000,122993.70100000,0
1768582800000000,2.45200000,2.45600000,2.43700000,2.45500000,32155.98000000,1768586399999999,78674.29477000,650,17562.39000000,42974.02914000,0
1768586400000000,2.45700000,2.46000000,2.44000000,2.44200000,20367.18000000,1768589999999999,49955.92564000,550,7621.51000000,18708.26257000,0
1768590000000000,2.44100000,2.45200000,2.42900000,2.45000000,23688.34000000,1768593599999999,57794.23882000,658,6878.15000000,16802.00328000,0
1768593600000000,2.45000000,2.48200000,2.44700000,2.48200000,156952.60000000,1768597199999999,386498.73516000,1695,75546.79000000,186144.87767000,0
1768597200000000,2.48300000,2.50200000,2.48300000,2.49500000,65282.28000000,1768600799999999,162935.81425000,945,32230.17000000,80422.17824000,0
1768600800000000,2.49500000,2.50800000,2.48900000,2.49800000,38743.14000000,1768604399999999,96846.69402000,659,24973.34000000,62414.06359000,0
1768604400000000,2.49800000,2.50100000,2.48900000,2.49400000,8558.64000000,1768607999999999,21345.65041000,255,4871.62000000,12144.71521000,0
1768608000000000,2.49300000,2.51000000,2.48900000,2.50900000,27870.81000000,1768611599999999,69621.38486000,536,19671.52000000,49153.20289000,0
1768611600000000,2.50800000,2.52000000,2.50800000,2.51700000,38805.48000000,1768615199999999,97588.60486000,653,21810.03000000,54852.42261000,0
1768615200000000,2.51600000,2.53100000,2.49600000,2.50000000,85684.48000000,1768618799999999,215351.96205000,882,36334.57000000,91287.43807000,0
1768618800000000,2.50000000,2.52100000,2.49600000,2.51800000,26976.45000000,1768622399999999,67730.39539000,438,19881.50000000,49902.95977000,0
1768622400000000,2.51900000,2.52700000,2.51100000,2.52500000,19270.92000000,1768625999999999,48570.14677000,459,11538.82000000,29096.84227000,0
1768626000000000,2.52700000,2.53200000,2.51400000,2.51600000,35031.68000000,1768629599999999,88424.57274000,632,14266.41000000,36012.15229000,0
1768629600000000,2.51700000,2.52800000,2.51300000,2.51800000,27428.45000000,1768633199999999,69141.93028000,497,12407.98000000,31285.00299000,0
1768633200000000,2.51900000,2.54900000,2.50600000,2.54300000,67194.07000000,1768636799999999,170054.04521000,1067,34360.60000000,87019.05387000,0
1768636800000000,2.54300000,2.57200000,2.53900000,2.56300000,62061.09000000,1768640399999999,158790.45890000,1148,31380.13000000,80284.78259000,0
1768640400000000,2.56400000,2.57500000,2.54600000,2.55600000,70885.18000000,1768643999999999,181350.62133000,1183,32531.55000000,83264.71839000,0
1768644000000000,2.55600000,2.58300000,2.55200000,2.56600000,67238.41000000,1768647599999999,172665.47147000,1186,40145.37000000,103127.74338000,0
1768647600000000,2.56500000,2.59100000,2.56100000,2.56600000,64559.15000000,1768651199999999,166197.37517000,1081,31850.51000000,82019.30581000,0
1768651200000000,2.56400000,2.58800000,2.56000000,2.57300000,42981.53000000,1768654799999999,110732.52957000,944,24250.87000000,62527.13575000,0
1768654800000000,2.57400000,2.58000000,2.55800000,2.56500000,47079.93000000,1768658399999999,120963.05997000,1038,18455.25000000,47427.70511000,0
1768658400000000,2.56300000,2.58700000,2.55500000,2.58400000,38967.34000000,1768661999999999,100107.98645000,822,16945.80000000,43601.41255000,0
1768662000000000,2.58300000,2.60000000,2.57400000,2.58800000,62740.50000000,1768665599999999,162321.55113000,1350,34558.83000000,89471.84241000,0
1768665600000000,2.58800000,2.59400000,2.56200000,2.58100000,78563.15000000,1768669199999999,202642.90333000,1180,29813.28000000,76965.17344000,0
1768669200000000,2.58200000,2.58800000,2.56800000,2.58000000,23083.16000000,1768672799999999,59547.75733000,586,12358.27000000,31893.36498000,0
1768672800000000,2.58000000,2.59000000,2.57300000,2.58800000,24769.20000000,1768676399999999,63978.96650000,468,16913.06000000,43719.04088000,0
1768676400000000,2.58800000,2.60100000,2.57900000,2.58400000,36440.40000000,1768679999999999,94516.29180000,717,19564.74000000,50764.86590000,0
1768680000000000,2.58300000,2.59100000,2.57500000,2.57700000,25392.28000000,1768683599999999,65553.26755000,558,8932.41000000,23073.51069000,0
1768683600000000,2.57700000,2.57700000,2.56100000,2.57100000,34611.59000000,1768687199999999,88893.36054000,619,10926.75000000,28068.70293000,0
1768687200000000,2.57100000,2.57500000,2.55600000,2.56300000,26854.39000000,1768690799999999,68826.78677000,410,11246.43000000,28807.24112000,0
1768690800000000,2.56300000,2.56900000,2.55700000,2.56700000,36851.24000000,1768694399999999,94432.22303000,502,16039.33000000,41101.97881000,0
1768694400000000,2.56800000,2.59500000,2.56700000,2.57500000,38278.56000000,1768697999999999,98832.52943000,849,24313.02000000,62770.43223000,0
1768698000000000,2.57500000,2.58300000,2.55300000,2.55800000,44833.06000000,1768701599999999,115081.54298000,961,16530.17000000,42421.20557000,0
1768701600000000,2.55800000,2.56300000,2.54100000,2.55400000,40920.98000000,1768705199999999,104340.52887000,1039,17132.74000000,43714.52028000,0
1768705200000000,2.55500000,2.55600000,2.53500000,2.53600000,24949.01000000,1768708799999999,63548.47577000,678,10885.66000000,27744.03747000,0
1768708800000000,2.53700000,2.53900000,2.52300000,2.53200000,21251.21000000,1768712399999999,53768.22128000,543,6292.86000000,15928.58321000,0
1768712400000000,2.53200000,2.53300000,2.51300000,2.52300000,26461.33000000,1768715999999999,66738.95402000,622,8548.80000000,21558.70787000,0
1768716000000000,2.52300000,2.52600000,2.50900000,2.52200000,35772.20000000,1768719599999999,90091.31397000,659,16519.78000000,41627.66052000,0
1768719600000000,2.52200000,2.52900000,2.50600000,2.51200000,98921.39000000,1768723199999999,249204.45360000,1073,49612.84000000,125066.34424000,0
1768723200000000,2.51200000,2.51700000,2.49800000,2.49900000,36448.33000000,1768726799999999,91343.92337000,640,17121.96000000,42913.60207000,0
1768726800000000,2.49900000,2.52000000,2.49000000,2.51500000,143290.07000000,1768730399999999,359552.27133000,1444,80685.15000000,202427.95238000,0
1768730400000000,2.51500000,2.51600000,2.49900000,2.50600000,26140.43000000,1768733999999999,65538.32940000,505,6276.01000000,15737.47539000,0
1768734000000000,2.50700000,2.51200000,2.50000000,2.50500000,36066.35000000,1768737599999999,90309.53290000,607,16456.03000000,41228.99546000,0
1768737600000000,2.50500000,2.51000000,2.48600000,2.49000000,95656.59000000,1768741199999999,238848.03839000,1195,23140.34000000,57834.69629000,0
1768741200000000,2.48900000,2.50300000,2.48500000,2.49300000,45046.24000000,1768744799999999,112375.99295000,777,17634.64000000,43990.69453000,0
1768744800000000,2.49100000,2.51600000,2.49000000,2.49200000,47947.11000000,1768748399999999,119997.38810000,861,19891.36000000,49821.58972000,0
1768748400000000,2.49300000,2.51300000,2.48900000,2.50900000,34130.32000000,1768751999999999,85420.80420000,721,18865.17000000,47249.12639000,0
1768752000000000,2.50900000,2.52400000,2.50400000,2.50800000,27658.13000000,1768755599999999,69567.71106000,659,12688.86000000,31917.22060000,0
1768755600000000,2.50800000,2.52000000,2.50100000,2.51800000,37316.78000000,1768759199999999,93668.43490000,731,23660.66000000,59415.72106000,0
1768759200000000,2.51700000,2.53200000,2.51100000,2.52700000,26833.19000000,1768762799999999,67684.01432000,615,18124.51000000,45719.14497000,0
1768762800000000,2.52800000,2.53300000,2.51100000,2.51200000,16104.84000000,1768766399999999,40635.99679000,473,8242.23000000,20831.12890000,0
1768766400000000,2.51200000,2.53400000,2.50800000,2.51900000,26067.09000000,1768769999999999,65663.93115000,590,12224.39000000,30808.91530000,0
1768770000000000,2.52000000,2.52800000,2.51300000,2.52500000,31880.80000000,1768773599999999,80345.98568000,537,20155.07000000,50796.67866000,0
1768773600000000,2.52500000,2.53400000,2.52400000,2.53300000,20709.41000000,1768777199999999,52377.85817000,312,10747.07000000,27188.48739000,0
1768777200000000,2.53200000,2.53200000,2.42200000,2.42600000,221977.70000000,1768780799999999,547914.23750000,3773,69850.48000000,172382.25335000,0
1768780800000000,2.42600000,2.42700000,2.23100000,2.35200000,881927.77000000,1768784399999999,2051606.87716000,15883,413626.76000000,961300.42979000,0
1768784400000000,2.35100000,2.35600000,2.33100000,2.34200000,135708.11000000,1768787999999999,318160.33928000,2138,79736.83000000,186960.99331000,0
1768788000000000,2.34200000,2.37500000,2.34200000,2.36700000,72606.08000000,1768791599999999,171446.24181000,1267,44377.51000000,104769.13542000,0
1768791600000000,2.36600000,2.39600000,2.36400000,2.38700000,43704.10000000,1768795199999999,104119.52774000,814,22993.26000000,54790.06802000,0
1768795200000000,2.38600000,2.38700000,2.36700000,2.36800000,42882.79000000,1768798799999999,101832.95645000,668,15467.90000000,36744.09492000,0
1768798800000000,2.36800000,2.38600000,2.36600000,2.38600000,63489.33000000,1768802399999999,150658.16481000,901,29772.87000000,70666.64004000,0
1768802400000000,2.38600000,2.39700000,2.36500000,2.36800000,55405.85000000,1768805999999999,131952.76542000,1020,22399.25000000,53390.24640000,0
1768806000000000,2.36900000,2.38300000,2.36700000,2.37000000,73702.96000000,1768809599999999,175016.68632000,999,35503.11000000,84316.44537000,0
1768809600000000,2.37000000,2.39900000,2.36500000,2.39200000,78964.10000000,1768813199999999,188271.24197000,1700,50046.61000000,119399.23678000,0
1768813200000000,2.39200000,2.40100000,2.38100000,2.38700000,80028.28000000,1768816799999999,191493.92310000,1564,40702.78000000,97418.10758000,0
1768816800000000,2.38700000,2.38700000,2.37300000,2.37600000,41391.72000000,1768820399999999,98452.61843000,1009,17843.83000000,42455.22550000,0
1768820400000000,2.37700000,2.41000000,2.37500000,2.38200000,116141.87000000,1768823999999999,277903.54283000,1886,58458.94000000,139938.08929000,0
1768824000000000,2.38100000,2.38400000,2.37000000,2.37700000,71348.68000000,1768827599999999,169625.23062000,1381,28050.10000000,66688.61099000,0
1768827600000000,2.37700000,2.38700000,2.36600000,2.36800000,95459.63000000,1768831199999999,226523.54847000,1334,45767.25000000,108576.49870000,0
1768831200000000,2.36900000,2.39700000,2.36700000,2.38500000,61865.08000000,1768834799999999,147561.20618000,1398,31487.84000000,75113.43119000,0
1768834800000000,2.38500000,2.39000000,2.37500000,2.38000000,54501.54000000,1768838399999999,129828.48123000,1228,22329.77000000,53192.37107000,0
1768838400000000,2.38000000,2.39900000,2.37500000,2.39600000,56923.30000000,1768841999999999,135863.41058000,1317,29241.81000000,69817.11594000,0
1768842000000000,2.39700000,2.41800000,2.39200000,2.40900000,68152.06000000,1768845599999999,163924.52567000,1582,38644.72000000,92978.14231000,0
1768845600000000,2.41100000,2.43100000,2.40600000,2.43000000,47610.33000000,1768849199999999,115102.83241000,1237,24292.11000000,58734.43367000,0
1768849200000000,2.43100000,2.48500000,2.43100000,2.46800000,139484.11000000,1768852799999999,343896.30318000,2862,72738.29000000,179182.32136000,0
1768852800000000,2.46800000,2.47800000,2.45400000,2.46000000,64911.02000000,1768856399999999,159964.03804000,1522,31768.77000000,78285.50600000,0
1768856400000000,2.46100000,2.46800000,2.43300000,2.43500000,91100.48000000,1768859999999999,222891.23599000,1467,36191.94000000,88641.12154000,0
1768860000000000,2.43500000,2.44900000,2.42600000,2.42800000,58856.53000000,1768863599999999,143539.97623000,1150,33870.54000000,82598.06909000,0
1768863600000000,2.42700000,2.46900000,2.42700000,2.45600000,43252.01000000,1768867199999999,105943.51089000,1309,27485.36000000,67306.36247000,0
1768867200000000,2.45700000,2.46800000,2.44300000,2.44600000,42765.76000000,1768870799999999,105013.15024000,960,21138.65000000,51899.32501000,0
1768870800000000,2.44500000,2.45200000,2.43500000,2.43700000,42294.10000000,1768874399999999,103292.06646000,1080,21441.92000000,52382.07502000,0
1768874400000000,2.43700000,2.48400000,2.43400000,2.47900000,160349.75000000,1768877999999999,395433.41061000,2735,97612.26000000,240795.62914000,0
1768878000000000,2.47900000,2.50500000,2.47100000,2.49300000,195038.95000000,1768881599999999,485000.20852000,3837,104883.16000000,260959.72771000,0
1768881600000000,2.49300000,2.53900000,2.49300000,2.53300000,166669.90000000,1768885199999999,419509.11400000,2842,101375.43000000,255177.08669000,0
1768885200000000,2.53400000,2.54700000,2.49700000,2.50200000,220500.42000000,1768888799999999,556165.64241000,3072,103031.35000000,259968.20128000,0
1768888800000000,2.50200000,2.50500000,2.44400000,2.44800000,125362.09000000,1768892399999999,309505.86368000,2121,43151.60000000,106592.23187000,0
1768892400000000,2.44800000,2.45500000,2.41400000,2.41600000,77592.68000000,1768895999999999,188760.65759000,1888,32404.92000000,78893.58829000,0
1768896000000000,2.41700000,2.42200000,2.39200000,2.41400000,114844.47000000,1768899599999999,276247.55732000,2524,68553.73000000,164956.26233000,0
1768899600000000,2.41400000,2.43900000,2.40200000,2.43100000,67237.28000000,1768903199999999,162297.92691000,1602,37921.77000000,91551.69043000,0
1768903200000000,2.43000000,2.45700000,2.40700000,2.40800000,111825.54000000,1768906799999999,271562.61880000,2334,60706.63000000,147545.95975000,0
1768906800000000,2.40700000,2.41100000,2.38100000,2.38600000,40032.31000000,1768910399999999,95958.83424000,1010,17580.63000000,42139.08173000,0
1768910400000000,2.38600000,2.42900000,2.38200000,2.40200000,83798.33000000,1768913999999999,201991.38745000,2114,45319.64000000,109229.53747000,0
1768914000000000,2.40100000,2.40100000,2.34500000,2.35800000,110487.76000000,1768917599999999,261943.94470000,2416,43453.27000000,102854.08652000,0
1768917600000000,2.35800000,2.39300000,2.34400000,2.37000000,155430.83000000,1768921199999999,367580.35675000,3161,80706.22000000,190918.34131000,0
1768921200000000,2.37000000,2.37100000,2.33000000,2.35100000,125424.77000000,1768924799999999,294022.67920000,2587,53728.06000000,126042.36253000,0
1768924800000000,2.35100000,2.35900000,2.30500000,2.30800000,89716.05000000,1768928399999999,208682.17977000,2097,39166.72000000,91106.15931000,0
1768928400000000,2.30800000,2.32600000,2.29300000,2.29700000,49969.24000000,1768931999999999,115378.83173000,1741,24323.72000000,56181.83061000,0
1768932000000000,2.29800000,2.31100000,2.29000000,2.29900000,58827.81000000,1768935599999999,135295.72568000,1560,27278.38000000,62795.65168000,0
1768935600000000,2.30100000,2.33100000,2.30100000,2.32000000,58682.70000000,1768939199999999,136219.34174000,1984,40060.22000000,93014.90514000,0
1768939200000000,2.31900000,2.35700000,2.30900000,2.35300000,81259.44000000,1768942799999999,189847.22696000,1909,46412.90000000,108384.96825000,0
1768942800000000,2.35300000,2.35800000,2.32100000,2.32300000,60073.55000000,1768946399999999,140338.82960000,1504,26997.30000000,63052.70772000,0
1768946400000000,2.32300000,2.32900000,2.29000000,2.30400000,155453.80000000,1768949999999999,359501.23165000,1794,71748.87000000,165913.44502000,0
1768950000000000,2.30400000,2.31000000,2.28500000,2.29500000,95091.86000000,1768953599999999,218604.81812000,1326,32278.01000000,74266.89307000,0
1768953600000000,2.29500000,2.33400000,2.29300000,2.33200000,62679.56000000,1768957199999999,145095.97858000,1295,37090.49000000,85853.64487000,0
1768957200000000,2.33100000,2.35300000,2.32700000,2.34900000,75617.02000000,1768960799999999,177186.85660000,1457,40493.12000000,94875.90106000,0
1768960800000000,2.34900000,2.43100000,2.34800000,2.42900000,328887.21000000,1768964399999999,788251.15164000,4950,207866.91000000,497831.99088000,0
1768964400000000,2.43000000,2.43500000,2.37900000,2.37900000,433885.46000000,1768967999999999,1047516.44515000,4724,213990.36000000,516894.15891000,0
1768968000000000,2.37800000,2.39300000,2.36200000,2.37900000,98898.65000000,1768971599999999,234881.37036000,1673,45068.47000000,107026.41073000,0
1768971600000000,2.37900000,2.40800000,2.37700000,2.40700000,73774.82000000,1768975199999999,176376.17727000,1458,42318.31000000,101137.02697000,0
1768975200000000,2.40800000,2.40900000,2.37400000,2.37500000,78855.63000000,1768978799999999,188551.88323000,1477,36796.47000000,87981.55853000,0
1768978800000000,2.37500000,2.41100000,2.37000000,2.39400000,105302.80000000,1768982399999999,251992.87015000,1648,48812.91000000,116820.50670000,0
1768982400000000,2.39400000,2.41100000,2.38100000,2.39200000,50086.66000000,1768985999999999,119938.72340000,1207,22053.21000000,52799.38518000,0
1768986000000000,2.39100000,2.39100000,2.37100000,2.39000000,50602.03000000,1768989599999999,120379.40083000,958,19309.80000000,45977.95628000,0
1768989600000000,2.38800000,2.40400000,2.38200000,2.38300000,100669.40000000,1768993199999999,240811.41210000,1289,44372.66000000,106186.30974000,0
1768993200000000,2.38200000,2.40200000,2.37300000,2.37700000,125419.17000000,1768996799999999,300016.25098000,1452,57916.23000000,138483.39457000,0
1768996800000000,2.37700000,2.38000000,2.34300000,2.35600000,137296.07000000,1769000399999999,323986.06350000,2021,53462.31000000,126189.00723000,0
1769000400000000,2.35500000,2.36400000,2.33000000,2.33500000,113955.67000000,1769003999999999,267747.52315000,1564,49545.29000000,116414.47723000,0
1769004000000000,2.33400000,2.43200000,2.33200000,2.42700000,264729.70000000,1769007599999999,632564.45744000,4694,152234.59000000,363900.07642000,0
1769007600000000,2.42700000,2.44100000,2.37700000,2.38800000,259638.98000000,1769011199999999,627109.00429000,4348,114344.70000000,276264.02187000,0
1769011200000000,2.39000000,2.39800000,2.30700000,2.31200000,251540.90000000,1769014799999999,592046.55840000,3825,92389.78000000,217410.42618000,0
1769014800000000,2.31400000,2.33000000,2.30000000,2.32100000,127001.57000000,1769018399999999,294013.15841000,2520,63875.34000000,147872.84700000,0
1769018400000000,2.32000000,2.35600000,2.31700000,2.34600000,137427.03000000,1769021999999999,321028.74157000,2192,87705.42000000,205002.80788000,0
1769022000000000,2.34600000,2.42700000,2.33800000,2.42600000,137593.01000000,1769025599999999,329267.37215000,3036,85232.53000000,203945.92976000,0
1769025600000000,2.42700000,2.43700000,2.39900000,2.43700000,98584.02000000,1769029199999999,238360.19729000,1939,58911.86000000,142542.79753000,0
1769029200000000,2.43700000,2.45300000,2.42900000,2.43800000,75190.35000000,1769032799999999,183619.47630000,1653,35436.54000000,86548.91757000,0
1769032800000000,2.43700000,2.44200000,2.41100000,2.41300000,30644.48000000,1769036399999999,74246.90234000,781,13800.77000000,33422.95975000,0
1769036400000000,2.41200000,2.41300000,2.37700000,2.38200000,46430.39000000,1769039999999999,111103.10433000,1077,18879.82000000,45225.29682000,0
1769040000000000,2.38200000,2.41300000,2.38200000,2.39600000,35483.77000000,1769043599999999,85232.12774000,749,18479.30000000,44404.48493000,0
1769043600000000,2.39700000,2.43600000,2.39500000,2.43400000,36313.19000000,1769047199999999,87824.79479000,757,21017.57000000,50830.29770000,0
1769047200000000,2.43300000,2.44000000,2.40000000,2.41100000,101392.47000000,1769050799999999,245275.95505000,1537,31733.93000000,76874.58473000,0
1769050800000000,2.41400000,2.41900000,2.39200000,2.39700000,32567.45000000,1769054399999999,78222.29368000,687,10576.39000000,25445.90619000,0
1769054400000000,2.39600000,2.40700000,2.39600000,2.40200000,14631.44000000,1769057999999999,35137.49938000,412,9494.30000000,22798.78272000,0
1769058000000000,2.40200000,2.41600000,2.39000000,2.39200000,36774.85000000,1769061599999999,88491.29997000,494,16983.23000000,40892.33870000,0
1769061600000000,2.39300000,2.39800000,2.37200000,2.38400000,28067.64000000,1769065199999999,66843.25205000,485,10550.41000000,25126.74885000,0
1769065200000000,2.38400000,2.38900000,2.37100000,2.37800000,30331.20000000,1769068799999999,72195.25878000,546,16776.96000000,39943.68590000,0
1769068800000000,2.37900000,2.39300000,2.36900000,2.39300000,29573.36000000,1769072399999999,70397.43246000,640,15833.86000000,37699.98897000,0
1769072400000000,2.39300000,2.40400000,2.37900000,2.39900000,49749.25000000,1769075999999999,119124.75291000,1023,33338.92000000,79853.09855000,0
1769076000000000,2.39800000,2.40800000,2.39100000,2.39200000,63432.57000000,1769079599999999,152221.51374000,1489,40482.39000000,97155.35895000,0
1769079600000000,2.39400000,2.39400000,2.35900000,2.38200000,98052.17000000,1769083199999999,233053.22313000,2119,59387.58000000,141213.81000000,0
1769083200000000,2.38400000,2.38600000,2.37000000,2.37500000,30399.04000000,1769086799999999,72332.21315000,687,18180.60000000,43264.14932000,0
1769086800000000,2.37500000,2.38900000,2.36400000,2.37200000,35239.50000000,1769090399999999,83635.40873000,927,17524.56000000,41597.87792000,0
1769090400000000,2.37300000,2.37400000,2.34200000,2.34800000,60096.10000000,1769093999999999,141660.50686000,1360,26243.66000000,61894.53895000,0
1769094000000000,2.34600000,2.36500000,2.33000000,2.35100000,44132.83000000,1769097599999999,103539.33760000,1393,24373.43000000,57214.90875000,0
1769097600000000,2.35100000,2.36200000,2.33900000,2.35600000,58337.62000000,1769101199999999,137104.72968000,1247,23939.62000000,56293.59578000,0
1769101200000000,2.35700000,2.36000000,2.33400000,2.34700000,39702.86000000,1769104799999999,93096.71049000,994,17850.95000000,41869.66408000,0
1769104800000000,2.34600000,2.34600000,2.33300000,2.33300000,33483.87000000,1769108399999999,78311.91099000,782,18066.05000000,42255.24876000,0
1769108400000000,2.33300000,2.35800000,2.32900000,2.35200000,37831.82000000,1769111999999999,88731.41566000,835,17695.72000000,41525.47658000,0
1769112000000000,2.35100000,2.35400000,2.33300000,2.34400000,30728.71000000,1769115599999999,71974.85630000,726,12973.32000000,30392.19925000,0
1769115600000000,2.34400000,2.35400000,2.34200000,2.34500000,24058.47000000,1769119199999999,56495.14512000,502,9431.77000000,22143.58349000,0
1769119200000000,2.34500000,2.35500000,2.33200000,2.33800000,36047.73000000,1769122799999999,84367.37362000,617,17485.05000000,40912.19474000,0
1769122800000000,2.33800000,2.33800000,2.32700000,2.33500000,24805.38000000,1769126399999999,57865.71447000,675,12759.78000000,29760.81052000,0
1769126400000000,2.33600000,2.35500000,2.33000000,2.34900000,50495.76000000,1769129999999999,118496.18383000,915,31779.09000000,74578.47264000,0
1769130000000000,2.35000000,2.37600000,2.35000000,2.37500000,30130.54000000,1769133599999999,71191.52041000,643,19690.32000000,46538.89343000,0
1769133600000000,2.37400000,2.37700000,2.36200000,2.36400000,32869.56000000,1769137199999999,77862.58465000,788,16169.70000000,38315.42046000,0
1769137200000000,2.36300000,2.39200000,2.36100000,2.38600000,66670.42000000,1769140799999999,158315.87742000,1114,35229.72000000,83734.28357000,0
1769140800000000,2.38600000,2.40400000,2.37600000,2.39600000,59298.85000000,1769144399999999,141636.50117000,969,32361.95000000,77320.00745000,0
1769144400000000,2.39500000,2.39700000,2.37700000,2.38600000,35631.49000000,1769147999999999,85101.15331000,785,12335.09000000,29467.27439000,0
1769148000000000,2.38600000,2.38800000,2.36500000,2.37300000,38750.61000000,1769151599999999,92086.42904000,816,15378.81000000,36562.15746000,0
1769151600000000,2.37300000,2.37700000,2.36700000,2.36900000,29614.31000000,1769155199999999,70225.68030000,572,15441.19000000,36616.51949000,0
1769155200000000,2.36900000,2.37400000,2.34900000,2.36000000,36771.93000000,1769158799999999,86829.90305000,900,18830.45000000,44464.31917000,0
1769158800000000,2.36000000,2.39100000,2.36000000,2.38700000,69685.80000000,1769162399999999,165575.03158000,1486,45094.49000000,107147.71787000,0
1769162400000000,2.38600000,2.38700000,2.36700000,2.37600000,51416.65000000,1769165999999999,122170.70975000,1016,17976.69000000,42703.81607000,0
1769166000000000,2.37600000,2.38900000,2.36900000,2.37700000,47576.11000000,1769169599999999,113136.80800000,914,23391.49000000,55631.25594000,0
1769169600000000,2.37900000,2.38300000,2.36700000,2.36900000,30356.89000000,1769173199999999,72048.59279000,697,15033.03000000,35685.14047000,0
1769173200000000,2.36900000,2.38400000,2.36500000,2.37900000,35594.08000000,1769176799999999,84523.48718000,819,18421.79000000,43766.97000000,0
1769176800000000,2.38000000,2.38000000,2.33300000,2.35000000,116187.02000000,1769180399999999,273269.52712000,1870,36509.51000000,85983.30836000,0
1769180400000000,2.35100000,2.39200000,2.33700000,2.39000000,95400.43000000,1769183999999999,225320.84305000,1787,47765.68000000,112911.20915000,0
1769184000000000,2.39000000,2.40700000,2.37500000,2.39300000,59083.90000000,1769187599999999,141421.79557000,1345,28756.48000000,68869.94576000,0
1769187600000000,2.39300000,2.41900000,2.37800000,2.39800000,61298.37000000,1769191199999999,147219.92903000,1419,32724.24000000,78669.87558000,0
1769191200000000,2.39800000,2.41300000,2.38800000,2.39100000,29951.23000000,1769194799999999,71842.13633000,843,15214.56000000,36536.19770000,0
1769194800000000,2.39200000,2.39300000,2.35800000,2.36800000,53387.85000000,1769198399999999,126736.97050000,1233,23132.27000000,54918.67063000,0
1769198400000000,2.36600000,2.37300000,2.34000000,2.35200000,41420.92000000,1769201999999999,97547.25745000,1116,22235.41000000,52427.35853000,0
1769202000000000,2.35100000,2.36600000,2.35000000,2.35000000,27210.34000000,1769205599999999,64155.54622000,654,15485.08000000,36516.11029000,0
1769205600000000,2.35000000,2.37200000,2.35000000,2.37100000,22293.98000000,1769209199999999,52642.31039000,612,13728.44000000,32424.66286000,0
1769209200000000,2.37000000,2.37000000,2.35900000,2.36800000,18296.48000000,1769212799999999,43248.83846000,440,6865.25000000,16227.04873000,0
1769212800000000,2.36800000,2.37300000,2.35600000,2.35600000,29915.84000000,1769216399999999,70801.63704000,630,16731.69000000,39604.09285000,0
1769216400000000,2.35500000,2.35900000,2.35000000,2.35500000,15779.83000000,1769219999999999,37161.08100000,412,9810.98000000,23101.44135000,0
1769220000000000,2.35600000,2.36100000,2.35400000,2.35500000,15138.70000000,1769223599999999,35672.90479000,341,8425.27000000,19856.98164000,0
1769223600000000,2.35500000,2.36400000,2.35400000,2.35700000,15307.95000000,1769227199999999,36112.49479000,414,8217.99000000,19386.46201000,0
1769227200000000,2.35700000,2.35900000,2.34900000,2.35600000,15187.31000000,1769230799999999,35729.79138000,362,5563.28000000,13092.46376000,0
1769230800000000,2.35700000,2.36100000,2.35100000,2.35800000,19363.38000000,1769234399999999,45615.37711000,384,10727.06000000,25270.98252000,0
1769234400000000,2.35800000,2.38100000,2.35700000,2.36900000,52507.25000000,1769237999999999,124596.92972000,824,31727.43000000,75313.78898000,0
1769238000000000,2.36900000,2.36900000,2.35800000,2.36500000,20633.52000000,1769241599999999,48783.84824000,427,14803.84000000,34998.55011000,0
1769241600000000,2.36500000,2.38000000,2.35700000,2.37900000,33362.30000000,1769245199999999,78935.39942000,618,12259.47000000,29036.16206000,0
1769245200000000,2.37900000,2.37900000,2.36800000,2.37200000,19271.54000000,1769248799999999,45744.20442000,434,6447.20000000,15300.97539000,0
1769248800000000,2.37300000,2.37900000,2.36800000,2.37800000,16397.72000000,1769252399999999,38900.99702000,377,8500.84000000,20167.97395000,0
1769252400000000,2.37700000,2.38700000,2.37400000,2.37700000,20596.92000000,1769255999999999,49050.90654000,482,6792.30000000,16166.56078000,0
1769256000000000,2.37800000,2.38300000,2.37600000,2.37900000,21789.60000000,1769259599999999,51842.94801000,336,15391.93000000,36628.30196000,0
1769259600000000,2.38000000,2.38100000,2.30100000,2.30400000,199013.70000000,1769263199999999,464444.46661000,2781,68414.23000000,159432.01912000,0
1769263200000000,2.30300000,2.32500000,2.30300000,2.31800000,61796.29000000,1769266799999999,142850.76785000,1006,33298.96000000,76973.53387000,0
1769266800000000,2.31900000,2.32800000,2.29300000,2.29700000,42754.57000000,1769270399999999,98712.45380000,828,20233.27000000,46739.62704000,0
1769270400000000,2.29600000,2.32500000,2.29600000,2.32100000,45391.55000000,1769273999999999,104867.19825000,913,29114.32000000,67283.58726000,0
1769274000000000,2.32100000,2.33000000,2.31500000,2.32800000,18597.25000000,1769277599999999,43227.93770000,468,10812.47000000,25138.07853000,0
1769277600000000,2.32900000,2.33100000,2.31900000,2.32400000,17090.46000000,1769281199999999,39725.61396000,411,7342.86000000,17061.61195000,0
1769281200000000,2.32300000,2.32500000,2.31800000,2.32300000,19969.44000000,1769284799999999,46368.80710000,375,12415.68000000,28836.95915000,0
1769284800000000,2.32400000,2.33100000,2.32000000,2.32700000,14860.65000000,1769288399999999,34567.30015000,428,8729.25000000,20302.84095000,0
1769288400000000,2.32700000,2.32900000,2.32100000,2.32400000,14379.02000000,1769291999999999,33430.69040000,324,8098.78000000,18827.16479000,0
1769292000000000,2.32400000,2.34200000,2.32300000,2.34000000,26799.65000000,1769295599999999,62533.24470000,547,15615.14000000,36433.32253000,0
1769295600000000,2.34000000,2.34300000,2.33100000,2.33400000,20520.28000000,1769299199999999,47932.41096000,391,9171.52000000,21422.61317000,0
1769299200000000,2.33300000,2.33700000,2.32400000,2.33300000,24227.89000000,1769302799999999,56455.28515000,567,12613.91000000,29392.78833000,0
1769302800000000,2.33100000,2.33600000,2.31700000,2.31800000,37296.41000000,1769306399999999,86633.63022000,619,16790.94000000,39019.07470000,0
1769306400000000,2.31800000,2.32600000,2.31400000,2.31900000,21723.51000000,1769309999999999,50377.07331000,386,14021.68000000,32509.87052000,0
1769310000000000,2.31900000,2.32200000,2.30500000,2.30600000,19709.72000000,1769313599999999,45565.84832000,459,6002.96000000,13886.45934000,0
1769313600000000,2.30600000,2.31100000,2.28900000,2.29000000,33510.15000000,1769317199999999,76995.96169000,614,17674.26000000,40618.29114000,0
1769317200000000,2.29100000,2.30700000,2.29100000,2.30700000,23917.15000000,1769320799999999,54942.45679000,464,12844.81000000,29501.69745000,0
1769320800000000,2.30700000,2.30700000,2.29400000,2.29500000,12014.00000000,1769324399999999,27621.47189000,348,6596.45000000,15160.79909000,0
1769324400000000,2.29400000,2.29500000,2.28300000,2.29200000,19088.43000000,1769327999999999,43720.84916000,452,6936.45000000,15887.77463000,0
1769328000000000,2.29100000,2.29500000,2.27100000,2.28300000,47562.88000000,1769331599999999,108506.86320000,813,16009.74000000,36529.47305000,0
1769331600000000,2.28300000,2.29400000,2.28200000,2.28900000,33340.24000000,1769335199999999,76266.43787000,628,23308.40000000,53319.24695000,0
1769335200000000,2.29000000,2.30000000,2.28800000,2.29800000,37772.15000000,1769338799999999,86731.42155000,674,21886.39000000,50260.39086000,0
1769338800000000,2.29800000,2.30500000,2.29300000,2.29500000,29775.82000000,1769342399999999,68426.28972000,595,20676.67000000,47519.01582000,0
1769342400000000,2.29500000,2.29500000,2.27200000,2.27500000,63436.56000000,1769345999999999,144655.31128000,1032,20739.39000000,47319.19375000,0
1769346000000000,2.27600000,2.27600000,2.24800000,2.27200000,194286.64000000,1769349599999999,439727.76572000,2376,77858.83000000,176289.90255000,0
1769349600000000,2.27100000,2.27100000,2.25500000,2.26500000,58275.65000000,1769353199999999,131897.00894000,853,28005.92000000,63391.66891000,0
1769353200000000,2.26500000,2.27200000,2.26200000,2.26500000,68798.32000000,1769356799999999,155918.54435000,869,21613.90000000,48980.84972000,0
1769356800000000,2.26400000,2.26500000,2.22700000,2.24800000,98667.01000000,1769360399999999,221275.72990000,2307,40242.03000000,90250.85215000,0
1769360400000000,2.24700000,2.25300000,2.23500000,2.24100000,30055.69000000,1769363999999999,67435.39934000,747,11731.34000000,26335.76386000,0
1769364000000000,2.24100000,2.24300000,2.21800000,2.23000000,66951.83000000,1769367599999999,149319.82783000,1725,27165.66000000,60593.00153000,0
1769367600000000,2.23000000,2.23200000,2.20100000,2.22700000,117605.25000000,1769371199999999,260474.96147000,2186,57812.35000000,128073.04283000,0
1769371200000000,2.22900000,2.23800000,2.21900000,2.22900000,73816.64000000,1769374799999999,164537.02772000,1475,40843.18000000,91054.55060000,0
1769374800000000,2.22900000,2.24800000,2.22800000,2.23800000,44257.09000000,1769378399999999,98974.56951000,848,23216.97000000,51946.40582000,0
1769378400000000,2.23900000,2.24400000,2.22200000,2.23000000,50508.00000000,1769381999999999,112700.59339000,828,16322.43000000,36411.11610000,0
1769382000000000,2.23100000,2.24300000,2.22000000,2.23600000,31205.83000000,1769385599999999,69782.41649000,712,13397.52000000,29971.86359000,0
1769385600000000,2.23700000,2.25200000,2.23000000,2.24900000,37341.15000000,1769389199999999,83746.72598000,729,18790.60000000,42175.22613000,0
1769389200000000,2.25000000,2.27500000,2.24800000,2.26800000,62594.44000000,1769392799999999,141633.08179000,1138,30125.82000000,68146.01652000,0
1769392800000000,2.26600000,2.26600000,2.24000000,2.24800000,82562.65000000,1769396399999999,186014.56183000,1154,43933.19000000,99044.23857000,0
1769396400000000,2.24900000,2.25400000,2.23400000,2.23900000,32910.56000000,1769399999999999,73749.21384000,532,17735.09000000,39745.81708000,0
1769400000000000,2.24000000,2.26000000,2.24000000,2.24900000,22485.43000000,1769403599999999,50635.33874000,505,11824.73000000,26648.45376000,0
1769403600000000,2.25000000,2.25200000,2.24000000,2.24400000,13391.50000000,1769407199999999,30063.98262000,409,6474.86000000,14540.55716000,0
1769407200000000,2.24400000,2.27400000,2.24000000,2.27300000,29718.55000000,1769410799999999,67116.57374000,768,19000.17000000,42937.07643000,0
1769410800000000,2.27300000,2.27800000,2.25800000,2.26000000,48067.04000000,1769414399999999,109010.99584000,1027,22242.60000000,50476.21357000,0
1769414400000000,2.26000000,2.28100000,2.25600000,2.26200000,63924.50000000,1769417999999999,144988.17439000,1086,23999.45000000,54452.57262000,0
1769418000000000,2.26200000,2.26300000,2.25000000,2.25800000,65312.97000000,1769421599999999,147324.36477000,739,19978.09000000,45096.75140000,0
1769421600000000,2.25900000,2.26800000,2.25300000,2.26700000,51938.80000000,1769425199999999,117279.38811000,548,21587.27000000,48771.19102000,0
1769425200000000,2.26800000,2.27100000,2.25900000,2.26600000,44505.31000000,1769428799999999,100830.45038000,611,15066.40000000,34141.87810000,0
1769428800000000,2.26500000,2.28000000,2.26500000,2.27800000,39834.97000000,1769432399999999,90443.56390000,798,25102.12000000,56994.88554000,0
1769432400000000,2.27800000,2.29000000,2.27700000,2.28300000,48334.65000000,1769435999999999,110341.24515000,906,20727.08000000,47309.81194000,0
1769436000000000,2.28200000,2.30200000,2.27200000,2.30000000,97174.80000000,1769439599999999,222681.32643000,1623,58913.77000000,135129.33468000,0
1769439600000000,2.30000000,2.31400000,2.27000000,2.27200000,95615.65000000,1769443199999999,219097.63537000,1905,46246.24000000,106065.08450000,0
1769443200000000,2.27300000,2.27800000,2.22100000,2.22900000,209317.96000000,1769446799999999,469232.40044000,3068,93465.64000000,209481.81093000,0
1769446800000000,2.22800000,2.24000000,2.21100000,2.23200000,138017.74000000,1769450399999999,306659.51354000,2201,64531.78000000,143425.47028000,0
1769450400000000,2.23100000,2.25000000,2.22600000,2.24700000,65460.96000000,1769453999999999,146511.12167000,1113,39111.03000000,87560.29033000,0
1769454000000000,2.24800000,2.24900000,2.22400000,2.22700000,53128.76000000,1769457599999999,118871.71129000,715,21571.86000000,48286.76867000,0
1769457600000000,2.22700000,2.23300000,2.21500000,2.21800000,60998.42000000,1769461199999999,135715.21468000,863,32808.36000000,73014.36140000,0
1769461200000000,2.21700000,2.24800000,2.21000000,2.23100000,79563.03000000,1769464799999999,177404.16553000,1419,46295.60000000,103201.96687000,0
1769464800000000,2.23100000,2.23400000,2.21500000,2.22100000,30976.66000000,1769468399999999,68957.07584000,548,15407.76000000,34299.34301000,0
1769468400000000,2.22000000,2.23200000,2.21600000,2.22200000,49907.76000000,1769471999999999,111020.08036000,729,28294.78000000,62938.49278000,0
1769472000000000,2.22300000,2.24200000,2.21600000,2.23800000,99284.85000000,1769475599999999,220963.64521000,983,49332.50000000,109817.84552000,0
1769475600000000,2.23700000,2.24500000,2.21900000,2.23900000,34889.11000000,1769479199999999,77806.57358000,673,17283.90000000,38562.69187000,0
1769479200000000,2.24000000,2.24700000,2.23300000,2.23800000,17670.81000000,1769482799999999,39541.29839000,379,9815.33000000,21964.61531000,0
1769482800000000,2.23700000,2.23900000,2.21700000,2.22400000,52360.50000000,1769486399999999,116400.54279000,686,23692.04000000,52656.19070000,0
1769486400000000,2.22400000,2.23800000,2.22400000,2.23000000,30240.43000000,1769489999999999,67443.84612000,497,14320.51000000,31956.50614000,0
1769490000000000,2.23000000,2.23100000,2.22100000,2.22800000,27649.61000000,1769493599999999,61568.77149000,352,13062.47000000,29088.13013000,0
1769493600000000,2.22700000,2.22700000,2.21700000,2.21800000,37239.36000000,1769497199999999,82733.72067000,437,15647.02000000,34777.18171000,0
1769497200000000,2.21900000,2.22500000,2.21700000,2.21900000,45493.95000000,1769500799999999,101050.26858000,492,14665.20000000,32586.82805000,0
1769500800000000,2.22100000,2.22700000,2.20100000,2.20600000,45729.50000000,1769504399999999,101058.63985000,605,16041.51000000,35495.06864000,0
1769504400000000,2.20600000,2.20900000,2.19500000,2.19600000,67066.95000000,1769507999999999,147719.93668000,898,17968.35000000,39586.42607000,0
1769508000000000,2.19600000,2.22100000,2.18300000,2.21700000,143519.16000000,1769511599999999,316454.39745000,2206,82705.34000000,182334.31034000,0
1769511600000000,2.21800000,2.22700000,2.21000000,2.21900000,134832.24000000,1769515199999999,299497.59350000,1142,68175.10000000,151524.95070000,0
1769515200000000,2.21900000,2.22300000,2.21200000,2.22300000,42583.89000000,1769518799999999,94336.23455000,645,19928.91000000,44151.87007000,0
1769518800000000,2.22200000,2.22700000,2.20100000,2.20100000,120160.85000000,1769522399999999,266131.35941000,1318,33883.00000000,75042.70188000,0
1769522400000000,2.20100000,2.21700000,2.19700000,2.20200000,81260.24000000,1769525999999999,179329.02829000,980,48361.00000000,106702.42469000,0
1769526000000000,2.20100000,2.21200000,2.18800000,2.21200000,47922.83000000,1769529599999999,105483.64667000,822,25640.48000000,56438.50098000,0
1769529600000000,2.21300000,2.24800000,2.20900000,2.24500000,83185.35000000,1769533199999999,185577.69746000,1537,44755.84000000,99867.61057000,0
1769533200000000,2.24300000,2.24300000,2.20400000,2.20800000,60586.58000000,1769536799999999,134254.85194000,1170,22759.54000000,50416.31071000,0
1769536800000000,2.20800000,2.24300000,2.20500000,2.23600000,30577.93000000,1769540399999999,67920.04357000,759,21740.17000000,48313.11576000,0
1769540400000000,2.23600000,2.25000000,2.23100000,2.24300000,20593.52000000,1769543999999999,46204.63697000,451,11400.57000000,25582.75772000,0
1769544000000000,2.24500000,2.27000000,2.24300000,2.25400000,64891.25000000,1769547599999999,146518.74176000,1145,43126.53000000,97365.55747000,0
1769547600000000,2.25400000,2.25400000,2.23400000,2.23800000,48624.84000000,1769551199999999,109024.74869000,829,18259.87000000,40943.65343000,0
1769551200000000,2.23900000,2.25800000,2.23900000,2.24700000,17398.91000000,1769554799999999,39143.16073000,422,9656.66000000,21719.57151000,0
1769554800000000,2.24700000,2.25100000,2.24300000,2.24400000,13179.97000000,1769558399999999,29603.52159000,347,6530.94000000,14672.66300000,0
1769558400000000,2.24400000,2.24800000,2.23500000,2.24500000,26954.01000000,1769561999999999,60448.80793000,498,18203.10000000,40833.09606000,0
1769562000000000,2.24500000,2.24500000,2.22800000,2.23000000,17224.99000000,1769565599999999,38475.69229000,455,5369.86000000,12000.79110000,0
1769565600000000,2.23000000,2.24900000,2.22300000,2.23800000,54168.54000000,1769569199999999,121241.44096000,1305,32158.83000000,71996.46588000,0
1769569200000000,2.23900000,2.24000000,2.22400000,2.22500000,23600.04000000,1769572799999999,52676.14739000,480,9738.84000000,21737.93008000,0
1769572800000000,2.22500000,2.22600000,2.22000000,2.22400000,18365.81000000,1769576399999999,40818.26096000,344,10246.12000000,22770.50358000,0
1769576400000000,2.22500000,2.23600000,2.21900000,2.23500000,24798.66000000,1769579999999999,55251.51160000,429,18007.33000000,40134.24063000,0
1769580000000000,2.23400000,2.24500000,2.23400000,2.24100000,40907.17000000,1769583599999999,91615.17431000,723,19958.99000000,44708.92960000,0
1769583600000000,2.24100000,2.24100000,2.23100000,2.23800000,19932.32000000,1769587199999999,44566.57693000,393,10896.68000000,24360.36488000,0
1769587200000000,2.23800000,2.25000000,2.23600000,2.24100000,75479.77000000,1769590799999999,169325.04442000,911,45572.77000000,102216.20396000,0
1769590800000000,2.24100000,2.26600000,2.24000000,2.26500000,75949.46000000,1769594399999999,171180.28825000,903,41621.34000000,93836.53833000,0
1769594400000000,2.26600000,2.28000000,2.26100000,2.27400000,87589.86000000,1769597999999999,199111.18589000,1041,49396.51000000,112294.88028000,0
1769598000000000,2.27500000,2.29200000,2.26400000,2.29100000,161162.31000000,1769601599999999,367567.98336000,1607,94242.52000000,215153.60794000,0
1769601600000000,2.29100000,2.29500000,2.28300000,2.28800000,65320.47000000,1769605199999999,149515.43573000,874,41296.70000000,94523.64506000,0
1769605200000000,2.28800000,2.29800000,2.27600000,2.29400000,70470.85000000,1769608799999999,161272.85924000,903,28612.64000000,65480.87979000,0
1769608800000000,2.29500000,2.30300000,2.27200000,2.28400000,109498.42000000,1769612399999999,250882.71736000,1217,40687.67000000,93247.23421000,0
1769612400000000,2.28500000,2.29500000,2.24500000,2.24700000,108711.39000000,1769615999999999,246152.70143000,1669,38837.07000000,88053.58768000,0
1769616000000000,2.24700000,2.25700000,2.22600000,2.24700000,68455.68000000,1769619599999999,153374.78658000,1204,36841.87000000,82544.27603000,0
1769619600000000,2.24700000,2.27200000,2.23600000,2.25900000,45340.14000000,1769623199999999,102226.27035000,796,20874.43000000,47130.04314000,0
1769623200000000,2.25900000,2.25900000,2.24200000,2.24600000,726889.22000000,1769626799999999,1634529.32464000,6526,558934.41000000,1256809.76107000,0
1769626800000000,2.24500000,2.25300000,2.23300000,2.24700000,114000.59000000,1769630399999999,255933.81446000,1454,65787.84000000,147701.51588000,0
1769630400000000,2.24600000,2.25500000,2.22800000,2.23400000,63955.50000000,1769633999999999,143456.59192000,1065,30638.42000000,68775.45494000,0
1769634000000000,2.23500000,2.24700000,2.22400000,2.23900000,57017.93000000,1769637599999999,127477.47061000,1336,22162.93000000,49560.30647000,0
1769637600000000,2.24000000,2.25200000,2.22600000,2.25000000,32078.73000000,1769641199999999,71798.85683000,967,16418.51000000,36765.58193000,0
1769641200000000,2.25200000,2.25200000,2.23500000,2.23700000,24141.66000000,1769644799999999,54120.28081000,717,12387.67000000,27773.98662000,0
1769644800000000,2.23800000,2.24200000,2.21300000,2.22500000,42849.99000000,1769648399999999,95271.24095000,789,18466.51000000,41044.67414000,0
1769648400000000,2.22400000,2.22700000,2.20600000,2.21200000,60906.76000000,1769651999999999,135078.01201000,894,20161.17000000,44680.54092000,0
1769652000000000,2.21200000,2.21800000,2.17700000,2.18600000,71334.58000000,1769655599999999,156590.31513000,1577,31997.03000000,70216.06444000,0
1769655600000000,2.18700000,2.19300000,2.18200000,2.18700000,40472.83000000,1769659199999999,88552.91814000,794,23313.41000000,51013.13388000,0
1769659200000000,2.18600000,2.19200000,2.17600000,2.18800000,23208.34000000,1769662799999999,50706.80249000,439,13590.95000000,29701.43196000,0
1769662800000000,2.18700000,2.19200000,2.17500000,2.17800000,30233.62000000,1769666399999999,65995.83545000,656,9775.12000000,21342.18688000,0
1769666400000000,2.17800000,2.19300000,2.17800000,2.19300000,14376.05000000,1769669999999999,31396.40150000,336,6870.70000000,15013.14201000,0
1769670000000000,2.19300000,2.19500000,2.18500000,2.18900000,26795.77000000,1769673599999999,58704.22830000,439,16437.79000000,36010.05381000,0
1769673600000000,2.18900000,2.18900000,2.17300000,2.18000000,46098.30000000,1769677199999999,100437.84887000,705,22000.13000000,47950.41270000,0
1769677200000000,2.18000000,2.18400000,2.17100000,2.17700000,34244.28000000,1769680799999999,74548.44327000,527,16347.79000000,35613.27758000,0
1769680800000000,2.17800000,2.18100000,2.17100000,2.17400000,22687.53000000,1769684399999999,49345.01430000,430,5530.28000000,12032.36688000,0
1769684400000000,2.17300000,2.17400000,2.15300000,2.16400000,76388.83000000,1769687999999999,165329.57684000,880,19301.33000000,41821.82970000,0
1769688000000000,2.16400000,2.16700000,2.15100000,2.16600000,58600.66000000,1769691599999999,126676.38945000,807,33670.21000000,72807.87144000,0
1769691600000000,2.16500000,2.18100000,2.16500000,2.18100000,55441.77000000,1769695199999999,120531.10183000,681,31993.44000000,69583.13421000,0
1769695200000000,2.18100000,2.18700000,2.13600000,2.14000000,135431.44000000,1769698799999999,293817.73604000,1867,71819.42000000,155988.25166000,0
1769698800000000,2.14100000,2.14200000,2.08600000,2.10500000,190531.93000000,1769702399999999,402069.69856000,4101,84675.00000000,178726.39663000,0
1769702400000000,2.10400000,2.13800000,2.08800000,2.13500000,113995.06000000,1769705999999999,240927.43569000,1930,67712.26000000,143164.39832000,0
1769706000000000,2.13600000,2.15500000,2.11100000,2.11300000,121671.69000000,1769709599999999,260368.44038000,1891,51952.44000000,111193.07802000,0
1769709600000000,2.11300000,2.11500000,2.07700000,2.08300000,158238.15000000,1769713199999999,331610.45208000,2178,68559.55000000,143692.67551000,0
1769713200000000,2.08200000,2.12000000,2.08200000,2.11200000,100117.73000000,1769716799999999,210385.27769000,1394,50043.03000000,105191.86605000,0
1769716800000000,2.11100000,2.12700000,2.10700000,2.12600000,33276.44000000,1769720399999999,70328.25461000,530,15562.08000000,32928.67644000,0
1769720400000000,2.12700000,2.13700000,2.12500000,2.13100000,52389.02000000,1769723999999999,111690.00992000,746,21802.04000000,46485.43013000,0
1769724000000000,2.13200000,2.13700000,2.12500000,2.12900000,26895.94000000,1769727599999999,57318.08421000,394,11930.36000000,25418.78670000,0
1769727600000000,2.12900000,2.13100000,2.11400000,2.12800000,49992.30000000,1769731199999999,106064.65528000,584,23602.66000000,50074.72420000,0
1769731200000000,2.12800000,2.13200000,2.11300000,2.12000000,33515.04000000,1769734799999999,71111.94444000,564,17053.16000000,36190.79616000,0
1769734800000000,2.12100000,2.13500000,2.06000000,2.10700000,222667.40000000,1769738399999999,466169.42147000,3643,95946.78000000,200917.09563000,0
1769738400000000,2.10700000,2.10800000,2.06200000,2.08300000,96462.71000000,1769741999999999,201189.46418000,1584,39839.80000000,83049.22669000,0
1769742000000000,2.08400000,2.09300000,2.07700000,2.08100000,19583.70000000,1769745599999999,40835.49430000,485,8827.39000000,18411.62908000,0
1769745600000000,2.08000000,2.10700000,2.08000000,2.09200000,23697.06000000,1769749199999999,49667.33723000,554,9431.35000000,19773.50457000,0
1769749200000000,2.09300000,2.09500000,2.08300000,2.08300000,43057.50000000,1769752799999999,89904.19755000,615,27367.40000000,57158.72728000,0
1769752800000000,2.08300000,2.08300000,2.05100000,2.07000000,64020.28000000,1769756399999999,132233.57361000,1003,27330.54000000,56438.39799000,0
1769756400000000,2.07100000,2.10300000,2.07000000,2.09400000,41546.67000000,1769759999999999,86751.28047000,901,23634.61000000,49327.95718000,0
1769760000000000,2.09400000,2.10100000,2.07800000,2.08700000,38120.16000000,1769763599999999,79662.72856000,665,17965.04000000,37569.17016000,0
1769763600000000,2.08700000,2.09400000,2.07400000,2.08200000,38862.32000000,1769767199999999,81014.55191000,699,18531.63000000,38644.96331000,0
1769767200000000,2.08300000,2.08600000,2.07400000,2.08100000,30428.44000000,1769770799999999,63276.58146000,636,14647.80000000,30473.29896000,0
1769770800000000,2.08000000,2.10900000,2.07600000,2.10100000,41384.15000000,1769774399999999,86382.80026000,718,20557.49000000,42954.10475000,0
1769774400000000,2.10200000,2.10400000,2.07500000,2.08900000,60042.85000000,1769777999999999,125227.53390000,837,21628.40000000,45074.03036000,0
1769778000000000,2.09000000,2.09400000,2.07200000,2.08400000,62095.36000000,1769781599999999,129426.82144000,977,23110.39000000,48157.45947000,0
1769781600000000,2.08500000,2.10400000,2.07500000,2.08200000,63854.46000000,1769785199999999,133479.04999000,1432,31589.81000000,66105.22501000,0
1769785200000000,2.08300000,2.10900000,2.07300000,2.10200000,89237.75000000,1769788799999999,186623.10558000,1726,43056.17000000,90117.86567000,0
1769788800000000,2.10200000,2.11700000,2.08800000,2.10100000,48718.63000000,1769792399999999,102498.52268000,1086,23637.29000000,49761.88388000,0
1769792400000000,2.10200000,2.11700000,2.09100000,2.10500000,34498.19000000,1769795999999999,72610.71370000,809,18250.91000000,38455.13964000,0
1769796000000000,2.10500000,2.13400000,2.06700000,2.12700000,118902.08000000,1769799599999999,249200.48792000,2487,55732.97000000,116997.19822000,0
1769799600000000,2.12800000,2.13500000,2.11600000,2.11900000,48767.95000000,1769803199999999,103805.52592000,1043,17415.49000000,37075.46697000,0
1769803200000000,2.11800000,2.11900000,2.09200000,2.09800000,75838.04000000,1769806799999999,159612.45617000,1724,33463.42000000,70432.08005000,0
1769806800000000,2.09800000,2.11200000,2.09000000,2.10300000,47524.14000000,1769810399999999,99823.75279000,994,26436.40000000,55551.52072000,0
1769810400000000,2.10300000,2.10800000,2.08900000,2.10500000,14562.60000000,1769813999999999,30572.50301000,382,6473.72000000,13589.31739000,0
1769814000000000,2.10600000,2.11200000,2.09100000,2.11200000,13066.08000000,1769817599999999,27416.31998000,422,5368.91000000,11269.26983000,0
1769817600000000,2.11300000,2.11600000,2.09800000,2.10100000,30918.49000000,1769821199999999,65174.40136000,577,16021.93000000,33771.53650000,0
1769821200000000,2.10200000,2.10600000,2.09200000,2.09900000,31793.04000000,1769824799999999,66724.93438000,521,13974.91000000,29328.17396000,0
1769824800000000,2.09900000,2.10000000,2.08800000,2.09500000,21552.77000000,1769828399999999,45112.88008000,436,9333.42000000,19527.49455000,0
1769828400000000,2.09400000,2.09700000,2.08300000,2.08400000,12311.94000000,1769831999999999,25730.30709000,298,3755.28000000,7846.24156000,0
1769832000000000,2.08400000,2.09000000,2.07100000,2.07600000,77821.94000000,1769835599999999,161820.73736000,708,19499.77000000,40607.85365000,0
1769835600000000,2.07500000,2.08100000,2.07200000,2.07600000,24568.10000000,1769839199999999,51007.97520000,381,12820.32000000,26609.30504000,0
1769839200000000,2.07600000,2.07800000,2.05700000,2.06500000,32495.84000000,1769842799999999,67176.40123000,530,11635.96000000,24045.17949000,0
1769842800000000,2.06600000,2.06700000,2.04300000,2.05800000,33422.12000000,1769846399999999,68683.35507000,649,11637.97000000,23916.08576000,0
1769846400000000,2.05900000,2.06400000,2.02000000,2.04000000,107899.46000000,1769849999999999,219740.33992000,2017,46502.59000000,94602.78066000,0
1769850000000000,2.04200000,2.05800000,2.03800000,2.04400000,36303.69000000,1769853599999999,74358.78172000,714,17635.25000000,36140.65893000,0
1769853600000000,2.04300000,2.05800000,2.03700000,2.05000000,23372.07000000,1769857199999999,47837.65678000,457,11607.18000000,23769.95341000,0
1769857200000000,2.05100000,2.05500000,2.04100000,2.04300000,33130.97000000,1769860799999999,67844.19020000,547,11933.77000000,24453.90624000,0
1769860800000000,2.04400000,2.05600000,2.04100000,2.04600000,53367.51000000,1769864399999999,109290.16424000,910,21402.87000000,43823.87846000,0
1769864400000000,2.04700000,2.04700000,2.02100000,2.03400000,39617.78000000,1769867999999999,80610.48225000,706,15395.10000000,31322.62280000,0
1769868000000000,2.03500000,2.04500000,1.95200000,1.97700000,319699.68000000,1769871599999999,637675.50648000,5928,141660.11000000,282479.70343000,0
1769871600000000,1.97700000,2.00500000,1.97700000,1.99300000,100817.96000000,1769875199999999,201013.86791000,2273,54744.34000000,109159.64544000,0
1769875200000000,1.99400000,2.03300000,1.97000000,1.97500000,215374.88000000,1769878799999999,430920.36121000,4500,94068.06000000,188428.08317000,0
1769878800000000,1.97600000,1.98000000,1.89600000,1.92100000,392433.73000000,1769882399999999,757348.75971000,8025,180137.68000000,347269.88776000,0
1769882400000000,1.92100000,1.93500000,1.81000000,1.89600000,410906.31000000,1769885999999999,771302.44945000,8297,181464.13000000,340669.11014000,0
1769886000000000,1.89700000,1.92400000,1.89400000,1.91400000,177260.59000000,1769889599999999,338076.80236000,3138,91871.34000000,175261.74375000,0
1769889600000000,1.91400000,1.92300000,1.89000000,1.92100000,61727.84000000,1769893199999999,117725.33975000,1660,29497.08000000,56255.28050000,0
1769893200000000,1.92000000,1.94700000,1.90600000,1.94000000,75041.04000000,1769896799999999,144575.28719000,1837,38417.50000000,74049.58542000,0
1769896800000000,1.94100000,1.94700000,1.92900000,1.94500000,79954.49000000,1769900399999999,154843.47609000,1813,45892.22000000,88876.35455000,0
1769900400000000,1.94400000,1.97800000,1.93700000,1.97100000,80427.02000000,1769903999999999,157639.09154000,1766,47726.52000000,93550.68170000,0
